2025-10-01 09:39:42,476 - root - INFO - ********** Run 4 starts. **********
2025-10-01 09:39:42,476 - root - INFO - configuration is Namespace(dataset_name='enron', batch_size=200, model_name='TGAT', gpu=0, num_neighbors=20, sample_neighbor_strategy='recent', time_scaling_factor=1e-06, num_walk_heads=8, num_heads=2, num_layers=2, walk_length=1, time_gap=2000, time_feat_dim=128, position_feat_dim=172, time_window_mode='fixed_proportion', time_encoder_type='time2vec', expert_dim=64, num_mixtures=4, patch_size=1, channel_embedding_dim=50, max_input_sequence_length=32, learning_rate=0.0001, dropout=0.2, gamma=0.5, num_epochs=100, optimizer='Adam', weight_decay=0.0, patience=20, val_ratio=0.15, test_ratio=0.15, num_runs=5, test_interval_epochs=1, negative_sample_strategy='random', max_interaction_times=10, load_best_configs=True, device='cuda:0', seed=3, save_model_name='TGAT_seed3')
2025-10-01 09:39:42,477 - root - INFO - time encoder type: time2vec
2025-10-01 09:39:42,526 - root - INFO - model -> Sequential(
  (0): TGAT(
    (time_encoder): TimeEncoderWrapper(
      (encoder): Time2VecEncoder(
        (time2vec_layer): SineActivation()
      )
    )
    (temporal_conv_layers): ModuleList(
      (0-1): 2 x MultiHeadAttention(
        (query_projection): Linear(in_features=300, out_features=300, bias=False)
        (key_projection): Linear(in_features=472, out_features=300, bias=False)
        (value_projection): Linear(in_features=472, out_features=300, bias=False)
        (layer_norm): LayerNorm((300,), eps=1e-05, elementwise_affine=True)
        (residual_fc): Linear(in_features=300, out_features=300, bias=True)
        (dropout): Dropout(p=0.2, inplace=False)
      )
    )
    (merge_layers): ModuleList(
      (0-1): 2 x MergeLayer(
        (fc1): Linear(in_features=472, out_features=172, bias=True)
        (fc2): Linear(in_features=172, out_features=172, bias=True)
        (act): ReLU()
      )
    )
  )
  (1): MergeLayer(
    (fc1): Linear(in_features=344, out_features=172, bias=True)
    (fc2): Linear(in_features=172, out_features=1, bias=True)
    (act): ReLU()
  )
)
2025-10-01 09:39:42,526 - root - INFO - model name: TGAT, #parameters: 4840772 B, 4727.31640625 KB, 4.616519927978516 MB.
2025-10-01 09:40:49,620 - root - INFO - Epoch: 1, learning rate: 0.0001, train loss: 0.5583
2025-10-01 09:40:49,621 - root - INFO - train average_precision, 0.7730
2025-10-01 09:40:49,621 - root - INFO - train roc_auc, 0.7900
2025-10-01 09:40:49,621 - root - INFO - validate loss: 0.5656
2025-10-01 09:40:49,621 - root - INFO - validate average_precision, 0.7676
2025-10-01 09:40:49,621 - root - INFO - validate roc_auc, 0.7891
2025-10-01 09:40:49,621 - root - INFO - new node validate loss: 0.6346
2025-10-01 09:40:49,621 - root - INFO - new node validate average_precision, 0.7207
2025-10-01 09:40:49,621 - root - INFO - new node validate roc_auc, 0.7349
2025-10-01 09:41:02,651 - root - INFO - test loss: 0.5292
2025-10-01 09:41:02,651 - root - INFO - test average_precision, 0.7975
2025-10-01 09:41:02,651 - root - INFO - best test average_precision: 0.7975
2025-10-01 09:41:02,651 - root - INFO - test roc_auc, 0.8208
2025-10-01 09:41:02,652 - root - INFO - new node test loss: 0.6218
2025-10-01 09:41:02,652 - root - INFO - new node test average_precision, 0.7486
2025-10-01 09:41:02,652 - root - INFO - new node test roc_auc, 0.7526
2025-10-01 09:41:02,652 - root - INFO - save model ./saved_models/TGAT/enron/TGAT_seed3/TGAT_seed3.pkl
2025-10-01 09:42:09,803 - root - INFO - Epoch: 2, learning rate: 0.0001, train loss: 0.4690
2025-10-01 09:42:09,803 - root - INFO - train average_precision, 0.8437
2025-10-01 09:42:09,803 - root - INFO - train roc_auc, 0.8582
2025-10-01 09:42:09,804 - root - INFO - validate loss: 0.5419
2025-10-01 09:42:09,804 - root - INFO - validate average_precision, 0.7737
2025-10-01 09:42:09,804 - root - INFO - validate roc_auc, 0.8009
2025-10-01 09:42:09,804 - root - INFO - new node validate loss: 0.6058
2025-10-01 09:42:09,804 - root - INFO - new node validate average_precision, 0.7358
2025-10-01 09:42:09,804 - root - INFO - new node validate roc_auc, 0.7568
2025-10-01 09:42:22,812 - root - INFO - test loss: 0.5084
2025-10-01 09:42:22,812 - root - INFO - test average_precision, 0.7945
2025-10-01 09:42:22,812 - root - INFO - best test average_precision: 0.7975
2025-10-01 09:42:22,812 - root - INFO - test roc_auc, 0.8274
2025-10-01 09:42:22,812 - root - INFO - new node test loss: 0.5963
2025-10-01 09:42:22,812 - root - INFO - new node test average_precision, 0.7442
2025-10-01 09:42:22,812 - root - INFO - new node test roc_auc, 0.7602
2025-10-01 09:42:22,813 - root - INFO - save model ./saved_models/TGAT/enron/TGAT_seed3/TGAT_seed3.pkl
2025-10-01 09:43:30,431 - root - INFO - Epoch: 3, learning rate: 0.0001, train loss: 0.4547
2025-10-01 09:43:30,431 - root - INFO - train average_precision, 0.8499
2025-10-01 09:43:30,431 - root - INFO - train roc_auc, 0.8654
2025-10-01 09:43:30,431 - root - INFO - validate loss: 0.5361
2025-10-01 09:43:30,431 - root - INFO - validate average_precision, 0.7754
2025-10-01 09:43:30,431 - root - INFO - validate roc_auc, 0.8051
2025-10-01 09:43:30,431 - root - INFO - new node validate loss: 0.5983
2025-10-01 09:43:30,431 - root - INFO - new node validate average_precision, 0.7396
2025-10-01 09:43:30,431 - root - INFO - new node validate roc_auc, 0.7633
2025-10-01 09:43:43,442 - root - INFO - test loss: 0.5037
2025-10-01 09:43:43,442 - root - INFO - test average_precision, 0.7978
2025-10-01 09:43:43,443 - root - INFO - best test average_precision: 0.7978
2025-10-01 09:43:43,443 - root - INFO - test roc_auc, 0.8325
2025-10-01 09:43:43,443 - root - INFO - new node test loss: 0.6011
2025-10-01 09:43:43,443 - root - INFO - new node test average_precision, 0.7451
2025-10-01 09:43:43,443 - root - INFO - new node test roc_auc, 0.7626
2025-10-01 09:43:43,443 - root - INFO - save model ./saved_models/TGAT/enron/TGAT_seed3/TGAT_seed3.pkl
2025-10-01 09:44:50,457 - root - INFO - Epoch: 4, learning rate: 0.0001, train loss: 0.4464
2025-10-01 09:44:50,457 - root - INFO - train average_precision, 0.8547
2025-10-01 09:44:50,457 - root - INFO - train roc_auc, 0.8698
2025-10-01 09:44:50,458 - root - INFO - validate loss: 0.5402
2025-10-01 09:44:50,458 - root - INFO - validate average_precision, 0.7774
2025-10-01 09:44:50,458 - root - INFO - validate roc_auc, 0.8061
2025-10-01 09:44:50,458 - root - INFO - new node validate loss: 0.5964
2025-10-01 09:44:50,458 - root - INFO - new node validate average_precision, 0.7400
2025-10-01 09:44:50,458 - root - INFO - new node validate roc_auc, 0.7651
2025-10-01 09:45:03,506 - root - INFO - test loss: 0.5110
2025-10-01 09:45:03,506 - root - INFO - test average_precision, 0.7979
2025-10-01 09:45:03,506 - root - INFO - best test average_precision: 0.7979
2025-10-01 09:45:03,506 - root - INFO - test roc_auc, 0.8313
2025-10-01 09:45:03,506 - root - INFO - new node test loss: 0.6034
2025-10-01 09:45:03,507 - root - INFO - new node test average_precision, 0.7446
2025-10-01 09:45:03,507 - root - INFO - new node test roc_auc, 0.7599
2025-10-01 09:45:03,507 - root - INFO - save model ./saved_models/TGAT/enron/TGAT_seed3/TGAT_seed3.pkl
2025-10-01 09:46:10,552 - root - INFO - Epoch: 5, learning rate: 0.0001, train loss: 0.4469
2025-10-01 09:46:10,553 - root - INFO - train average_precision, 0.8522
2025-10-01 09:46:10,553 - root - INFO - train roc_auc, 0.8687
2025-10-01 09:46:10,553 - root - INFO - validate loss: 0.5378
2025-10-01 09:46:10,553 - root - INFO - validate average_precision, 0.7778
2025-10-01 09:46:10,553 - root - INFO - validate roc_auc, 0.8064
2025-10-01 09:46:10,553 - root - INFO - new node validate loss: 0.5860
2025-10-01 09:46:10,553 - root - INFO - new node validate average_precision, 0.7393
2025-10-01 09:46:10,553 - root - INFO - new node validate roc_auc, 0.7664
2025-10-01 09:46:23,586 - root - INFO - test loss: 0.5086
2025-10-01 09:46:23,586 - root - INFO - test average_precision, 0.7992
2025-10-01 09:46:23,586 - root - INFO - best test average_precision: 0.7992
2025-10-01 09:46:23,586 - root - INFO - test roc_auc, 0.8318
2025-10-01 09:46:23,586 - root - INFO - new node test loss: 0.5920
2025-10-01 09:46:23,586 - root - INFO - new node test average_precision, 0.7477
2025-10-01 09:46:23,586 - root - INFO - new node test roc_auc, 0.7622
2025-10-01 09:46:23,586 - root - INFO - save model ./saved_models/TGAT/enron/TGAT_seed3/TGAT_seed3.pkl
2025-10-01 09:47:30,792 - root - INFO - Epoch: 6, learning rate: 0.0001, train loss: 0.4760
2025-10-01 09:47:30,792 - root - INFO - train average_precision, 0.8388
2025-10-01 09:47:30,792 - root - INFO - train roc_auc, 0.8525
2025-10-01 09:47:30,792 - root - INFO - validate loss: 0.5719
2025-10-01 09:47:30,792 - root - INFO - validate average_precision, 0.7556
2025-10-01 09:47:30,792 - root - INFO - validate roc_auc, 0.7817
2025-10-01 09:47:30,792 - root - INFO - new node validate loss: 0.5978
2025-10-01 09:47:30,792 - root - INFO - new node validate average_precision, 0.7269
2025-10-01 09:47:30,792 - root - INFO - new node validate roc_auc, 0.7497
2025-10-01 09:47:43,784 - root - INFO - test loss: 0.5505
2025-10-01 09:47:43,784 - root - INFO - test average_precision, 0.7786
2025-10-01 09:47:43,784 - root - INFO - best test average_precision: 0.7992
2025-10-01 09:47:43,784 - root - INFO - test roc_auc, 0.8104
2025-10-01 09:47:43,785 - root - INFO - new node test loss: 0.6187
2025-10-01 09:47:43,785 - root - INFO - new node test average_precision, 0.7125
2025-10-01 09:47:43,785 - root - INFO - new node test roc_auc, 0.7149
2025-10-01 09:48:50,727 - root - INFO - Epoch: 7, learning rate: 0.0001, train loss: 0.4730
2025-10-01 09:48:50,727 - root - INFO - train average_precision, 0.8403
2025-10-01 09:48:50,728 - root - INFO - train roc_auc, 0.8545
2025-10-01 09:48:50,728 - root - INFO - validate loss: 0.5822
2025-10-01 09:48:50,728 - root - INFO - validate average_precision, 0.7492
2025-10-01 09:48:50,728 - root - INFO - validate roc_auc, 0.7739
2025-10-01 09:48:50,728 - root - INFO - new node validate loss: 0.6044
2025-10-01 09:48:50,728 - root - INFO - new node validate average_precision, 0.7206
2025-10-01 09:48:50,728 - root - INFO - new node validate roc_auc, 0.7423
2025-10-01 09:49:03,735 - root - INFO - test loss: 0.5650
2025-10-01 09:49:03,735 - root - INFO - test average_precision, 0.7741
2025-10-01 09:49:03,735 - root - INFO - best test average_precision: 0.7992
2025-10-01 09:49:03,735 - root - INFO - test roc_auc, 0.8042
2025-10-01 09:49:03,735 - root - INFO - new node test loss: 0.6163
2025-10-01 09:49:03,735 - root - INFO - new node test average_precision, 0.7094
2025-10-01 09:49:03,735 - root - INFO - new node test roc_auc, 0.7132
2025-10-01 09:50:10,923 - root - INFO - Epoch: 8, learning rate: 0.0001, train loss: 0.4730
2025-10-01 09:50:10,924 - root - INFO - train average_precision, 0.8404
2025-10-01 09:50:10,924 - root - INFO - train roc_auc, 0.8546
2025-10-01 09:50:10,924 - root - INFO - validate loss: 0.5456
2025-10-01 09:50:10,924 - root - INFO - validate average_precision, 0.7631
2025-10-01 09:50:10,924 - root - INFO - validate roc_auc, 0.7995
2025-10-01 09:50:10,924 - root - INFO - new node validate loss: 0.6008
2025-10-01 09:50:10,924 - root - INFO - new node validate average_precision, 0.7312
2025-10-01 09:50:10,924 - root - INFO - new node validate roc_auc, 0.7594
2025-10-01 09:50:23,927 - root - INFO - test loss: 0.5104
2025-10-01 09:50:23,927 - root - INFO - test average_precision, 0.7910
2025-10-01 09:50:23,927 - root - INFO - best test average_precision: 0.7992
2025-10-01 09:50:23,927 - root - INFO - test roc_auc, 0.8309
2025-10-01 09:50:23,927 - root - INFO - new node test loss: 0.6116
2025-10-01 09:50:23,927 - root - INFO - new node test average_precision, 0.7311
2025-10-01 09:50:23,928 - root - INFO - new node test roc_auc, 0.7429
2025-10-01 09:51:30,972 - root - INFO - Epoch: 9, learning rate: 0.0001, train loss: 0.4645
2025-10-01 09:51:30,973 - root - INFO - train average_precision, 0.8448
2025-10-01 09:51:30,973 - root - INFO - train roc_auc, 0.8589
2025-10-01 09:51:30,973 - root - INFO - validate loss: 0.5725
2025-10-01 09:51:30,973 - root - INFO - validate average_precision, 0.7526
2025-10-01 09:51:30,973 - root - INFO - validate roc_auc, 0.7806
2025-10-01 09:51:30,973 - root - INFO - new node validate loss: 0.6019
2025-10-01 09:51:30,973 - root - INFO - new node validate average_precision, 0.7219
2025-10-01 09:51:30,973 - root - INFO - new node validate roc_auc, 0.7469
2025-10-01 09:51:43,999 - root - INFO - test loss: 0.5514
2025-10-01 09:51:43,999 - root - INFO - test average_precision, 0.7769
2025-10-01 09:51:43,999 - root - INFO - best test average_precision: 0.7992
2025-10-01 09:51:43,999 - root - INFO - test roc_auc, 0.8098
2025-10-01 09:51:43,999 - root - INFO - new node test loss: 0.6188
2025-10-01 09:51:43,999 - root - INFO - new node test average_precision, 0.7084
2025-10-01 09:51:43,999 - root - INFO - new node test roc_auc, 0.7127
2025-10-01 09:52:51,524 - root - INFO - Epoch: 10, learning rate: 0.0001, train loss: 0.4741
2025-10-01 09:52:51,524 - root - INFO - train average_precision, 0.8385
2025-10-01 09:52:51,524 - root - INFO - train roc_auc, 0.8536
2025-10-01 09:52:51,524 - root - INFO - validate loss: 0.5727
2025-10-01 09:52:51,525 - root - INFO - validate average_precision, 0.7518
2025-10-01 09:52:51,525 - root - INFO - validate roc_auc, 0.7804
2025-10-01 09:52:51,525 - root - INFO - new node validate loss: 0.6017
2025-10-01 09:52:51,525 - root - INFO - new node validate average_precision, 0.7203
2025-10-01 09:52:51,525 - root - INFO - new node validate roc_auc, 0.7460
2025-10-01 09:53:04,534 - root - INFO - test loss: 0.5503
2025-10-01 09:53:04,534 - root - INFO - test average_precision, 0.7773
2025-10-01 09:53:04,534 - root - INFO - best test average_precision: 0.7992
2025-10-01 09:53:04,534 - root - INFO - test roc_auc, 0.8110
2025-10-01 09:53:04,534 - root - INFO - new node test loss: 0.6184
2025-10-01 09:53:04,534 - root - INFO - new node test average_precision, 0.7073
2025-10-01 09:53:04,534 - root - INFO - new node test roc_auc, 0.7113
2025-10-01 09:54:11,487 - root - INFO - Epoch: 11, learning rate: 0.0001, train loss: 0.4703
2025-10-01 09:54:11,488 - root - INFO - train average_precision, 0.8392
2025-10-01 09:54:11,488 - root - INFO - train roc_auc, 0.8548
2025-10-01 09:54:11,488 - root - INFO - validate loss: 0.5703
2025-10-01 09:54:11,488 - root - INFO - validate average_precision, 0.7554
2025-10-01 09:54:11,488 - root - INFO - validate roc_auc, 0.7828
2025-10-01 09:54:11,488 - root - INFO - new node validate loss: 0.6018
2025-10-01 09:54:11,488 - root - INFO - new node validate average_precision, 0.7243
2025-10-01 09:54:11,488 - root - INFO - new node validate roc_auc, 0.7489
2025-10-01 09:54:24,530 - root - INFO - test loss: 0.5487
2025-10-01 09:54:24,530 - root - INFO - test average_precision, 0.7789
2025-10-01 09:54:24,531 - root - INFO - best test average_precision: 0.7992
2025-10-01 09:54:24,531 - root - INFO - test roc_auc, 0.8125
2025-10-01 09:54:24,531 - root - INFO - new node test loss: 0.6178
2025-10-01 09:54:24,531 - root - INFO - new node test average_precision, 0.7100
2025-10-01 09:54:24,531 - root - INFO - new node test roc_auc, 0.7143
2025-10-01 09:55:31,653 - root - INFO - Epoch: 12, learning rate: 0.0001, train loss: 0.4737
2025-10-01 09:55:31,653 - root - INFO - train average_precision, 0.8401
2025-10-01 09:55:31,653 - root - INFO - train roc_auc, 0.8541
2025-10-01 09:55:31,653 - root - INFO - validate loss: 0.5689
2025-10-01 09:55:31,653 - root - INFO - validate average_precision, 0.7541
2025-10-01 09:55:31,653 - root - INFO - validate roc_auc, 0.7832
2025-10-01 09:55:31,653 - root - INFO - new node validate loss: 0.5996
2025-10-01 09:55:31,653 - root - INFO - new node validate average_precision, 0.7213
2025-10-01 09:55:31,653 - root - INFO - new node validate roc_auc, 0.7475
2025-10-01 09:55:44,645 - root - INFO - test loss: 0.5465
2025-10-01 09:55:44,645 - root - INFO - test average_precision, 0.7782
2025-10-01 09:55:44,645 - root - INFO - best test average_precision: 0.7992
2025-10-01 09:55:44,646 - root - INFO - test roc_auc, 0.8131
2025-10-01 09:55:44,646 - root - INFO - new node test loss: 0.6189
2025-10-01 09:55:44,646 - root - INFO - new node test average_precision, 0.7107
2025-10-01 09:55:44,646 - root - INFO - new node test roc_auc, 0.7154
2025-10-01 09:56:52,632 - root - INFO - Epoch: 13, learning rate: 0.0001, train loss: 0.4693
2025-10-01 09:56:52,632 - root - INFO - train average_precision, 0.8415
2025-10-01 09:56:52,632 - root - INFO - train roc_auc, 0.8560
2025-10-01 09:56:52,632 - root - INFO - validate loss: 0.5702
2025-10-01 09:56:52,632 - root - INFO - validate average_precision, 0.7568
2025-10-01 09:56:52,632 - root - INFO - validate roc_auc, 0.7846
2025-10-01 09:56:52,632 - root - INFO - new node validate loss: 0.6018
2025-10-01 09:56:52,632 - root - INFO - new node validate average_precision, 0.7262
2025-10-01 09:56:52,632 - root - INFO - new node validate roc_auc, 0.7509
2025-10-01 09:57:05,656 - root - INFO - test loss: 0.5487
2025-10-01 09:57:05,656 - root - INFO - test average_precision, 0.7796
2025-10-01 09:57:05,656 - root - INFO - best test average_precision: 0.7992
2025-10-01 09:57:05,656 - root - INFO - test roc_auc, 0.8136
2025-10-01 09:57:05,656 - root - INFO - new node test loss: 0.6158
2025-10-01 09:57:05,656 - root - INFO - new node test average_precision, 0.7108
2025-10-01 09:57:05,656 - root - INFO - new node test roc_auc, 0.7151
2025-10-01 09:58:12,716 - root - INFO - Epoch: 14, learning rate: 0.0001, train loss: 0.4688
2025-10-01 09:58:12,717 - root - INFO - train average_precision, 0.8422
2025-10-01 09:58:12,717 - root - INFO - train roc_auc, 0.8568
2025-10-01 09:58:12,717 - root - INFO - validate loss: 0.5685
2025-10-01 09:58:12,717 - root - INFO - validate average_precision, 0.7547
2025-10-01 09:58:12,717 - root - INFO - validate roc_auc, 0.7838
2025-10-01 09:58:12,717 - root - INFO - new node validate loss: 0.5997
2025-10-01 09:58:12,717 - root - INFO - new node validate average_precision, 0.7249
2025-10-01 09:58:12,717 - root - INFO - new node validate roc_auc, 0.7503
2025-10-01 09:58:25,708 - root - INFO - test loss: 0.5462
2025-10-01 09:58:25,708 - root - INFO - test average_precision, 0.7785
2025-10-01 09:58:25,708 - root - INFO - best test average_precision: 0.7992
2025-10-01 09:58:25,709 - root - INFO - test roc_auc, 0.8132
2025-10-01 09:58:25,709 - root - INFO - new node test loss: 0.6179
2025-10-01 09:58:25,709 - root - INFO - new node test average_precision, 0.7099
2025-10-01 09:58:25,709 - root - INFO - new node test roc_auc, 0.7149
2025-10-01 09:59:33,309 - root - INFO - Epoch: 15, learning rate: 0.0001, train loss: 0.4676
2025-10-01 09:59:33,310 - root - INFO - train average_precision, 0.8420
2025-10-01 09:59:33,310 - root - INFO - train roc_auc, 0.8566
2025-10-01 09:59:33,310 - root - INFO - validate loss: 0.5704
2025-10-01 09:59:33,310 - root - INFO - validate average_precision, 0.7566
2025-10-01 09:59:33,310 - root - INFO - validate roc_auc, 0.7846
2025-10-01 09:59:33,310 - root - INFO - new node validate loss: 0.6027
2025-10-01 09:59:33,310 - root - INFO - new node validate average_precision, 0.7280
2025-10-01 09:59:33,310 - root - INFO - new node validate roc_auc, 0.7516
2025-10-01 09:59:46,341 - root - INFO - test loss: 0.5494
2025-10-01 09:59:46,341 - root - INFO - test average_precision, 0.7792
2025-10-01 09:59:46,341 - root - INFO - best test average_precision: 0.7992
2025-10-01 09:59:46,341 - root - INFO - test roc_auc, 0.8130
2025-10-01 09:59:46,341 - root - INFO - new node test loss: 0.6165
2025-10-01 09:59:46,341 - root - INFO - new node test average_precision, 0.7122
2025-10-01 09:59:46,341 - root - INFO - new node test roc_auc, 0.7151
2025-10-01 10:00:53,623 - root - INFO - Epoch: 16, learning rate: 0.0001, train loss: 0.4615
2025-10-01 10:00:53,624 - root - INFO - train average_precision, 0.8455
2025-10-01 10:00:53,624 - root - INFO - train roc_auc, 0.8613
2025-10-01 10:00:53,624 - root - INFO - validate loss: 0.5293
2025-10-01 10:00:53,624 - root - INFO - validate average_precision, 0.7741
2025-10-01 10:00:53,624 - root - INFO - validate roc_auc, 0.8065
2025-10-01 10:00:53,624 - root - INFO - new node validate loss: 0.5859
2025-10-01 10:00:53,624 - root - INFO - new node validate average_precision, 0.7363
2025-10-01 10:00:53,624 - root - INFO - new node validate roc_auc, 0.7646
2025-10-01 10:01:06,635 - root - INFO - test loss: 0.4964
2025-10-01 10:01:06,635 - root - INFO - test average_precision, 0.7996
2025-10-01 10:01:06,635 - root - INFO - best test average_precision: 0.7996
2025-10-01 10:01:06,635 - root - INFO - test roc_auc, 0.8355
2025-10-01 10:01:06,635 - root - INFO - new node test loss: 0.6013
2025-10-01 10:01:06,635 - root - INFO - new node test average_precision, 0.7273
2025-10-01 10:01:06,635 - root - INFO - new node test roc_auc, 0.7501
2025-10-01 10:02:14,286 - root - INFO - Epoch: 17, learning rate: 0.0001, train loss: 0.4408
2025-10-01 10:02:14,287 - root - INFO - train average_precision, 0.8573
2025-10-01 10:02:14,287 - root - INFO - train roc_auc, 0.8719
2025-10-01 10:02:14,287 - root - INFO - validate loss: 0.5325
2025-10-01 10:02:14,287 - root - INFO - validate average_precision, 0.7784
2025-10-01 10:02:14,287 - root - INFO - validate roc_auc, 0.8087
2025-10-01 10:02:14,287 - root - INFO - new node validate loss: 0.5923
2025-10-01 10:02:14,287 - root - INFO - new node validate average_precision, 0.7400
2025-10-01 10:02:14,287 - root - INFO - new node validate roc_auc, 0.7672
2025-10-01 10:02:27,303 - root - INFO - test loss: 0.5004
2025-10-01 10:02:27,304 - root - INFO - test average_precision, 0.8035
2025-10-01 10:02:27,304 - root - INFO - best test average_precision: 0.8035
2025-10-01 10:02:27,304 - root - INFO - test roc_auc, 0.8362
2025-10-01 10:02:27,304 - root - INFO - new node test loss: 0.6037
2025-10-01 10:02:27,304 - root - INFO - new node test average_precision, 0.7367
2025-10-01 10:02:27,304 - root - INFO - new node test roc_auc, 0.7583
2025-10-01 10:02:27,304 - root - INFO - save model ./saved_models/TGAT/enron/TGAT_seed3/TGAT_seed3.pkl
2025-10-01 10:03:35,020 - root - INFO - Epoch: 18, learning rate: 0.0001, train loss: 0.4487
2025-10-01 10:03:35,021 - root - INFO - train average_precision, 0.8525
2025-10-01 10:03:35,021 - root - INFO - train roc_auc, 0.8673
2025-10-01 10:03:35,021 - root - INFO - validate loss: 0.5800
2025-10-01 10:03:35,021 - root - INFO - validate average_precision, 0.7763
2025-10-01 10:03:35,021 - root - INFO - validate roc_auc, 0.7979
2025-10-01 10:03:35,021 - root - INFO - new node validate loss: 0.6592
2025-10-01 10:03:35,021 - root - INFO - new node validate average_precision, 0.7315
2025-10-01 10:03:35,021 - root - INFO - new node validate roc_auc, 0.7483
2025-10-01 10:03:48,022 - root - INFO - test loss: 0.5441
2025-10-01 10:03:48,022 - root - INFO - test average_precision, 0.7973
2025-10-01 10:03:48,022 - root - INFO - best test average_precision: 0.8035
2025-10-01 10:03:48,022 - root - INFO - test roc_auc, 0.8226
2025-10-01 10:03:48,022 - root - INFO - new node test loss: 0.6598
2025-10-01 10:03:48,022 - root - INFO - new node test average_precision, 0.7493
2025-10-01 10:03:48,022 - root - INFO - new node test roc_auc, 0.7548
2025-10-01 10:04:55,093 - root - INFO - Epoch: 19, learning rate: 0.0001, train loss: 0.4477
2025-10-01 10:04:55,094 - root - INFO - train average_precision, 0.8530
2025-10-01 10:04:55,094 - root - INFO - train roc_auc, 0.8674
2025-10-01 10:04:55,094 - root - INFO - validate loss: 0.5959
2025-10-01 10:04:55,094 - root - INFO - validate average_precision, 0.7781
2025-10-01 10:04:55,094 - root - INFO - validate roc_auc, 0.7983
2025-10-01 10:04:55,094 - root - INFO - new node validate loss: 0.6723
2025-10-01 10:04:55,094 - root - INFO - new node validate average_precision, 0.7343
2025-10-01 10:04:55,094 - root - INFO - new node validate roc_auc, 0.7482
2025-10-01 10:05:08,079 - root - INFO - test loss: 0.5609
2025-10-01 10:05:08,079 - root - INFO - test average_precision, 0.7983
2025-10-01 10:05:08,079 - root - INFO - best test average_precision: 0.8035
2025-10-01 10:05:08,079 - root - INFO - test roc_auc, 0.8210
2025-10-01 10:05:08,079 - root - INFO - new node test loss: 0.6792
2025-10-01 10:05:08,079 - root - INFO - new node test average_precision, 0.7519
2025-10-01 10:05:08,079 - root - INFO - new node test roc_auc, 0.7540
2025-10-01 10:06:16,122 - root - INFO - Epoch: 20, learning rate: 0.0001, train loss: 0.4457
2025-10-01 10:06:16,123 - root - INFO - train average_precision, 0.8545
2025-10-01 10:06:16,123 - root - INFO - train roc_auc, 0.8680
2025-10-01 10:06:16,123 - root - INFO - validate loss: 0.5930
2025-10-01 10:06:16,123 - root - INFO - validate average_precision, 0.7786
2025-10-01 10:06:16,123 - root - INFO - validate roc_auc, 0.7992
2025-10-01 10:06:16,123 - root - INFO - new node validate loss: 0.6779
2025-10-01 10:06:16,123 - root - INFO - new node validate average_precision, 0.7364
2025-10-01 10:06:16,123 - root - INFO - new node validate roc_auc, 0.7502
2025-10-01 10:06:29,126 - root - INFO - test loss: 0.5584
2025-10-01 10:06:29,127 - root - INFO - test average_precision, 0.8002
2025-10-01 10:06:29,127 - root - INFO - best test average_precision: 0.8035
2025-10-01 10:06:29,127 - root - INFO - test roc_auc, 0.8239
2025-10-01 10:06:29,127 - root - INFO - new node test loss: 0.6799
2025-10-01 10:06:29,127 - root - INFO - new node test average_precision, 0.7522
2025-10-01 10:06:29,127 - root - INFO - new node test roc_auc, 0.7554
2025-10-01 10:07:37,138 - root - INFO - Epoch: 21, learning rate: 0.0001, train loss: 0.4429
2025-10-01 10:07:37,138 - root - INFO - train average_precision, 0.8557
2025-10-01 10:07:37,138 - root - INFO - train roc_auc, 0.8698
2025-10-01 10:07:37,138 - root - INFO - validate loss: 0.5861
2025-10-01 10:07:37,138 - root - INFO - validate average_precision, 0.7794
2025-10-01 10:07:37,138 - root - INFO - validate roc_auc, 0.7997
2025-10-01 10:07:37,139 - root - INFO - new node validate loss: 0.6663
2025-10-01 10:07:37,139 - root - INFO - new node validate average_precision, 0.7427
2025-10-01 10:07:37,139 - root - INFO - new node validate roc_auc, 0.7539
2025-10-01 10:07:50,130 - root - INFO - test loss: 0.5496
2025-10-01 10:07:50,130 - root - INFO - test average_precision, 0.8005
2025-10-01 10:07:50,130 - root - INFO - best test average_precision: 0.8035
2025-10-01 10:07:50,130 - root - INFO - test roc_auc, 0.8250
2025-10-01 10:07:50,130 - root - INFO - new node test loss: 0.6698
2025-10-01 10:07:50,130 - root - INFO - new node test average_precision, 0.7499
2025-10-01 10:07:50,130 - root - INFO - new node test roc_auc, 0.7558
2025-10-01 10:08:57,416 - root - INFO - Epoch: 22, learning rate: 0.0001, train loss: 0.4405
2025-10-01 10:08:57,416 - root - INFO - train average_precision, 0.8568
2025-10-01 10:08:57,416 - root - INFO - train roc_auc, 0.8711
2025-10-01 10:08:57,416 - root - INFO - validate loss: 0.5903
2025-10-01 10:08:57,416 - root - INFO - validate average_precision, 0.7794
2025-10-01 10:08:57,416 - root - INFO - validate roc_auc, 0.8014
2025-10-01 10:08:57,416 - root - INFO - new node validate loss: 0.6791
2025-10-01 10:08:57,416 - root - INFO - new node validate average_precision, 0.7426
2025-10-01 10:08:57,417 - root - INFO - new node validate roc_auc, 0.7546
2025-10-01 10:09:10,447 - root - INFO - test loss: 0.5487
2025-10-01 10:09:10,448 - root - INFO - test average_precision, 0.8020
2025-10-01 10:09:10,448 - root - INFO - best test average_precision: 0.8035
2025-10-01 10:09:10,448 - root - INFO - test roc_auc, 0.8286
2025-10-01 10:09:10,448 - root - INFO - new node test loss: 0.6822
2025-10-01 10:09:10,448 - root - INFO - new node test average_precision, 0.7439
2025-10-01 10:09:10,448 - root - INFO - new node test roc_auc, 0.7543
2025-10-01 10:10:17,652 - root - INFO - Epoch: 23, learning rate: 0.0001, train loss: 0.4400
2025-10-01 10:10:17,653 - root - INFO - train average_precision, 0.8581
2025-10-01 10:10:17,653 - root - INFO - train roc_auc, 0.8727
2025-10-01 10:10:17,653 - root - INFO - validate loss: 0.5716
2025-10-01 10:10:17,653 - root - INFO - validate average_precision, 0.7811
2025-10-01 10:10:17,653 - root - INFO - validate roc_auc, 0.8029
2025-10-01 10:10:17,653 - root - INFO - new node validate loss: 0.6421
2025-10-01 10:10:17,653 - root - INFO - new node validate average_precision, 0.7470
2025-10-01 10:10:17,653 - root - INFO - new node validate roc_auc, 0.7571
2025-10-01 10:10:30,639 - root - INFO - test loss: 0.5345
2025-10-01 10:10:30,639 - root - INFO - test average_precision, 0.8012
2025-10-01 10:10:30,639 - root - INFO - best test average_precision: 0.8035
2025-10-01 10:10:30,639 - root - INFO - test roc_auc, 0.8269
2025-10-01 10:10:30,640 - root - INFO - new node test loss: 0.6496
2025-10-01 10:10:30,640 - root - INFO - new node test average_precision, 0.7476
2025-10-01 10:10:30,640 - root - INFO - new node test roc_auc, 0.7570
2025-10-01 10:11:37,970 - root - INFO - Epoch: 24, learning rate: 0.0001, train loss: 0.4392
2025-10-01 10:11:37,970 - root - INFO - train average_precision, 0.8572
2025-10-01 10:11:37,970 - root - INFO - train roc_auc, 0.8717
2025-10-01 10:11:37,970 - root - INFO - validate loss: 0.5414
2025-10-01 10:11:37,970 - root - INFO - validate average_precision, 0.7792
2025-10-01 10:11:37,970 - root - INFO - validate roc_auc, 0.8075
2025-10-01 10:11:37,970 - root - INFO - new node validate loss: 0.6098
2025-10-01 10:11:37,970 - root - INFO - new node validate average_precision, 0.7439
2025-10-01 10:11:37,971 - root - INFO - new node validate roc_auc, 0.7663
2025-10-01 10:11:50,999 - root - INFO - test loss: 0.5107
2025-10-01 10:11:50,999 - root - INFO - test average_precision, 0.8041
2025-10-01 10:11:50,999 - root - INFO - best test average_precision: 0.8041
2025-10-01 10:11:51,000 - root - INFO - test roc_auc, 0.8360
2025-10-01 10:11:51,000 - root - INFO - new node test loss: 0.6251
2025-10-01 10:11:51,000 - root - INFO - new node test average_precision, 0.7338
2025-10-01 10:11:51,000 - root - INFO - new node test roc_auc, 0.7526
2025-10-01 10:12:58,322 - root - INFO - Epoch: 25, learning rate: 0.0001, train loss: 0.4363
2025-10-01 10:12:58,323 - root - INFO - train average_precision, 0.8573
2025-10-01 10:12:58,323 - root - INFO - train roc_auc, 0.8722
2025-10-01 10:12:58,323 - root - INFO - validate loss: 0.5387
2025-10-01 10:12:58,323 - root - INFO - validate average_precision, 0.7837
2025-10-01 10:12:58,323 - root - INFO - validate roc_auc, 0.8117
2025-10-01 10:12:58,323 - root - INFO - new node validate loss: 0.6111
2025-10-01 10:12:58,323 - root - INFO - new node validate average_precision, 0.7478
2025-10-01 10:12:58,323 - root - INFO - new node validate roc_auc, 0.7728
2025-10-01 10:13:11,297 - root - INFO - test loss: 0.5050
2025-10-01 10:13:11,297 - root - INFO - test average_precision, 0.8084
2025-10-01 10:13:11,297 - root - INFO - best test average_precision: 0.8084
2025-10-01 10:13:11,297 - root - INFO - test roc_auc, 0.8385
2025-10-01 10:13:11,297 - root - INFO - new node test loss: 0.6288
2025-10-01 10:13:11,297 - root - INFO - new node test average_precision, 0.7354
2025-10-01 10:13:11,297 - root - INFO - new node test roc_auc, 0.7529
2025-10-01 10:13:11,298 - root - INFO - save model ./saved_models/TGAT/enron/TGAT_seed3/TGAT_seed3.pkl
2025-10-01 10:14:19,536 - root - INFO - Epoch: 26, learning rate: 0.0001, train loss: 0.4305
2025-10-01 10:14:19,537 - root - INFO - train average_precision, 0.8629
2025-10-01 10:14:19,537 - root - INFO - train roc_auc, 0.8767
2025-10-01 10:14:19,537 - root - INFO - validate loss: 0.5384
2025-10-01 10:14:19,537 - root - INFO - validate average_precision, 0.7827
2025-10-01 10:14:19,537 - root - INFO - validate roc_auc, 0.8103
2025-10-01 10:14:19,537 - root - INFO - new node validate loss: 0.6053
2025-10-01 10:14:19,537 - root - INFO - new node validate average_precision, 0.7480
2025-10-01 10:14:19,537 - root - INFO - new node validate roc_auc, 0.7704
2025-10-01 10:14:32,548 - root - INFO - test loss: 0.5083
2025-10-01 10:14:32,548 - root - INFO - test average_precision, 0.8062
2025-10-01 10:14:32,549 - root - INFO - best test average_precision: 0.8084
2025-10-01 10:14:32,549 - root - INFO - test roc_auc, 0.8374
2025-10-01 10:14:32,549 - root - INFO - new node test loss: 0.6264
2025-10-01 10:14:32,549 - root - INFO - new node test average_precision, 0.7362
2025-10-01 10:14:32,549 - root - INFO - new node test roc_auc, 0.7528
2025-10-01 10:15:39,847 - root - INFO - Epoch: 27, learning rate: 0.0001, train loss: 0.4299
2025-10-01 10:15:39,848 - root - INFO - train average_precision, 0.8623
2025-10-01 10:15:39,848 - root - INFO - train roc_auc, 0.8759
2025-10-01 10:15:39,848 - root - INFO - validate loss: 0.5577
2025-10-01 10:15:39,848 - root - INFO - validate average_precision, 0.7833
2025-10-01 10:15:39,848 - root - INFO - validate roc_auc, 0.8101
2025-10-01 10:15:39,848 - root - INFO - new node validate loss: 0.6356
2025-10-01 10:15:39,848 - root - INFO - new node validate average_precision, 0.7516
2025-10-01 10:15:39,848 - root - INFO - new node validate roc_auc, 0.7717
2025-10-01 10:15:52,898 - root - INFO - test loss: 0.5200
2025-10-01 10:15:52,898 - root - INFO - test average_precision, 0.8104
2025-10-01 10:15:52,899 - root - INFO - best test average_precision: 0.8104
2025-10-01 10:15:52,899 - root - INFO - test roc_auc, 0.8394
2025-10-01 10:15:52,899 - root - INFO - new node test loss: 0.6550
2025-10-01 10:15:52,899 - root - INFO - new node test average_precision, 0.7380
2025-10-01 10:15:52,899 - root - INFO - new node test roc_auc, 0.7550
2025-10-01 10:17:00,166 - root - INFO - Epoch: 28, learning rate: 0.0001, train loss: 0.4274
2025-10-01 10:17:00,167 - root - INFO - train average_precision, 0.8652
2025-10-01 10:17:00,167 - root - INFO - train roc_auc, 0.8786
2025-10-01 10:17:00,167 - root - INFO - validate loss: 0.5414
2025-10-01 10:17:00,167 - root - INFO - validate average_precision, 0.7829
2025-10-01 10:17:00,167 - root - INFO - validate roc_auc, 0.8096
2025-10-01 10:17:00,167 - root - INFO - new node validate loss: 0.5957
2025-10-01 10:17:00,167 - root - INFO - new node validate average_precision, 0.7520
2025-10-01 10:17:00,167 - root - INFO - new node validate roc_auc, 0.7724
2025-10-01 10:17:13,161 - root - INFO - test loss: 0.5029
2025-10-01 10:17:13,161 - root - INFO - test average_precision, 0.8077
2025-10-01 10:17:13,161 - root - INFO - best test average_precision: 0.8104
2025-10-01 10:17:13,161 - root - INFO - test roc_auc, 0.8382
2025-10-01 10:17:13,161 - root - INFO - new node test loss: 0.6159
2025-10-01 10:17:13,161 - root - INFO - new node test average_precision, 0.7437
2025-10-01 10:17:13,161 - root - INFO - new node test roc_auc, 0.7574
2025-10-01 10:18:20,375 - root - INFO - Epoch: 29, learning rate: 0.0001, train loss: 0.4291
2025-10-01 10:18:20,376 - root - INFO - train average_precision, 0.8646
2025-10-01 10:18:20,376 - root - INFO - train roc_auc, 0.8777
2025-10-01 10:18:20,376 - root - INFO - validate loss: 0.5515
2025-10-01 10:18:20,376 - root - INFO - validate average_precision, 0.7836
2025-10-01 10:18:20,376 - root - INFO - validate roc_auc, 0.8108
2025-10-01 10:18:20,376 - root - INFO - new node validate loss: 0.6132
2025-10-01 10:18:20,376 - root - INFO - new node validate average_precision, 0.7521
2025-10-01 10:18:20,376 - root - INFO - new node validate roc_auc, 0.7744
2025-10-01 10:18:33,441 - root - INFO - test loss: 0.5201
2025-10-01 10:18:33,441 - root - INFO - test average_precision, 0.8081
2025-10-01 10:18:33,441 - root - INFO - best test average_precision: 0.8104
2025-10-01 10:18:33,441 - root - INFO - test roc_auc, 0.8382
2025-10-01 10:18:33,442 - root - INFO - new node test loss: 0.6406
2025-10-01 10:18:33,442 - root - INFO - new node test average_precision, 0.7433
2025-10-01 10:18:33,442 - root - INFO - new node test roc_auc, 0.7563
2025-10-01 10:19:40,885 - root - INFO - Epoch: 30, learning rate: 0.0001, train loss: 0.4256
2025-10-01 10:19:40,885 - root - INFO - train average_precision, 0.8671
2025-10-01 10:19:40,885 - root - INFO - train roc_auc, 0.8800
2025-10-01 10:19:40,885 - root - INFO - validate loss: 0.5390
2025-10-01 10:19:40,885 - root - INFO - validate average_precision, 0.7868
2025-10-01 10:19:40,885 - root - INFO - validate roc_auc, 0.8132
2025-10-01 10:19:40,885 - root - INFO - new node validate loss: 0.5947
2025-10-01 10:19:40,885 - root - INFO - new node validate average_precision, 0.7555
2025-10-01 10:19:40,885 - root - INFO - new node validate roc_auc, 0.7769
2025-10-01 10:19:53,930 - root - INFO - test loss: 0.5075
2025-10-01 10:19:53,930 - root - INFO - test average_precision, 0.8094
2025-10-01 10:19:53,930 - root - INFO - best test average_precision: 0.8104
2025-10-01 10:19:53,930 - root - INFO - test roc_auc, 0.8387
2025-10-01 10:19:53,930 - root - INFO - new node test loss: 0.6210
2025-10-01 10:19:53,930 - root - INFO - new node test average_precision, 0.7421
2025-10-01 10:19:53,930 - root - INFO - new node test roc_auc, 0.7570
2025-10-01 10:19:53,931 - root - INFO - save model ./saved_models/TGAT/enron/TGAT_seed3/TGAT_seed3.pkl
2025-10-01 10:21:01,194 - root - INFO - Epoch: 31, learning rate: 0.0001, train loss: 0.4343
2025-10-01 10:21:01,194 - root - INFO - train average_precision, 0.8609
2025-10-01 10:21:01,194 - root - INFO - train roc_auc, 0.8741
2025-10-01 10:21:01,194 - root - INFO - validate loss: 0.5657
2025-10-01 10:21:01,194 - root - INFO - validate average_precision, 0.7796
2025-10-01 10:21:01,194 - root - INFO - validate roc_auc, 0.8031
2025-10-01 10:21:01,194 - root - INFO - new node validate loss: 0.6190
2025-10-01 10:21:01,194 - root - INFO - new node validate average_precision, 0.7401
2025-10-01 10:21:01,194 - root - INFO - new node validate roc_auc, 0.7573
2025-10-01 10:21:14,225 - root - INFO - test loss: 0.5185
2025-10-01 10:21:14,225 - root - INFO - test average_precision, 0.8042
2025-10-01 10:21:14,225 - root - INFO - best test average_precision: 0.8104
2025-10-01 10:21:14,225 - root - INFO - test roc_auc, 0.8294
2025-10-01 10:21:14,225 - root - INFO - new node test loss: 0.6322
2025-10-01 10:21:14,225 - root - INFO - new node test average_precision, 0.7364
2025-10-01 10:21:14,225 - root - INFO - new node test roc_auc, 0.7449
2025-10-01 10:22:21,765 - root - INFO - Epoch: 32, learning rate: 0.0001, train loss: 0.4304
2025-10-01 10:22:21,766 - root - INFO - train average_precision, 0.8643
2025-10-01 10:22:21,766 - root - INFO - train roc_auc, 0.8765
2025-10-01 10:22:21,766 - root - INFO - validate loss: 0.5562
2025-10-01 10:22:21,766 - root - INFO - validate average_precision, 0.7964
2025-10-01 10:22:21,766 - root - INFO - validate roc_auc, 0.8195
2025-10-01 10:22:21,766 - root - INFO - new node validate loss: 0.6383
2025-10-01 10:22:21,766 - root - INFO - new node validate average_precision, 0.7670
2025-10-01 10:22:21,766 - root - INFO - new node validate roc_auc, 0.7842
2025-10-01 10:22:34,794 - root - INFO - test loss: 0.5187
2025-10-01 10:22:34,794 - root - INFO - test average_precision, 0.8192
2025-10-01 10:22:34,794 - root - INFO - best test average_precision: 0.8192
2025-10-01 10:22:34,794 - root - INFO - test roc_auc, 0.8470
2025-10-01 10:22:34,794 - root - INFO - new node test loss: 0.6571
2025-10-01 10:22:34,794 - root - INFO - new node test average_precision, 0.7474
2025-10-01 10:22:34,794 - root - INFO - new node test roc_auc, 0.7620
2025-10-01 10:22:34,794 - root - INFO - save model ./saved_models/TGAT/enron/TGAT_seed3/TGAT_seed3.pkl
2025-10-01 10:23:42,929 - root - INFO - Epoch: 33, learning rate: 0.0001, train loss: 0.4226
2025-10-01 10:23:42,929 - root - INFO - train average_precision, 0.8694
2025-10-01 10:23:42,929 - root - INFO - train roc_auc, 0.8802
2025-10-01 10:23:42,929 - root - INFO - validate loss: 0.5613
2025-10-01 10:23:42,929 - root - INFO - validate average_precision, 0.7945
2025-10-01 10:23:42,930 - root - INFO - validate roc_auc, 0.8207
2025-10-01 10:23:42,930 - root - INFO - new node validate loss: 0.6534
2025-10-01 10:23:42,930 - root - INFO - new node validate average_precision, 0.7725
2025-10-01 10:23:42,930 - root - INFO - new node validate roc_auc, 0.7903
2025-10-01 10:23:55,947 - root - INFO - test loss: 0.5400
2025-10-01 10:23:55,947 - root - INFO - test average_precision, 0.8151
2025-10-01 10:23:55,947 - root - INFO - best test average_precision: 0.8192
2025-10-01 10:23:55,947 - root - INFO - test roc_auc, 0.8459
2025-10-01 10:23:55,947 - root - INFO - new node test loss: 0.6873
2025-10-01 10:23:55,947 - root - INFO - new node test average_precision, 0.7408
2025-10-01 10:23:55,947 - root - INFO - new node test roc_auc, 0.7554
2025-10-01 10:25:03,433 - root - INFO - Epoch: 34, learning rate: 0.0001, train loss: 0.4153
2025-10-01 10:25:03,434 - root - INFO - train average_precision, 0.8727
2025-10-01 10:25:03,434 - root - INFO - train roc_auc, 0.8840
2025-10-01 10:25:03,434 - root - INFO - validate loss: 0.5863
2025-10-01 10:25:03,434 - root - INFO - validate average_precision, 0.7989
2025-10-01 10:25:03,434 - root - INFO - validate roc_auc, 0.8255
2025-10-01 10:25:03,434 - root - INFO - new node validate loss: 0.6835
2025-10-01 10:25:03,434 - root - INFO - new node validate average_precision, 0.7748
2025-10-01 10:25:03,434 - root - INFO - new node validate roc_auc, 0.7922
2025-10-01 10:25:16,488 - root - INFO - test loss: 0.5545
2025-10-01 10:25:16,489 - root - INFO - test average_precision, 0.8241
2025-10-01 10:25:16,489 - root - INFO - best test average_precision: 0.8241
2025-10-01 10:25:16,489 - root - INFO - test roc_auc, 0.8527
2025-10-01 10:25:16,489 - root - INFO - new node test loss: 0.7212
2025-10-01 10:25:16,489 - root - INFO - new node test average_precision, 0.7449
2025-10-01 10:25:16,489 - root - INFO - new node test roc_auc, 0.7585
2025-10-01 10:25:16,489 - root - INFO - save model ./saved_models/TGAT/enron/TGAT_seed3/TGAT_seed3.pkl
2025-10-01 10:26:24,496 - root - INFO - Epoch: 35, learning rate: 0.0001, train loss: 0.4368
2025-10-01 10:26:24,497 - root - INFO - train average_precision, 0.8657
2025-10-01 10:26:24,497 - root - INFO - train roc_auc, 0.8778
2025-10-01 10:26:24,497 - root - INFO - validate loss: 0.5279
2025-10-01 10:26:24,497 - root - INFO - validate average_precision, 0.7922
2025-10-01 10:26:24,497 - root - INFO - validate roc_auc, 0.8168
2025-10-01 10:26:24,497 - root - INFO - new node validate loss: 0.5840
2025-10-01 10:26:24,497 - root - INFO - new node validate average_precision, 0.7633
2025-10-01 10:26:24,497 - root - INFO - new node validate roc_auc, 0.7814
2025-10-01 10:26:37,493 - root - INFO - test loss: 0.5079
2025-10-01 10:26:37,493 - root - INFO - test average_precision, 0.8182
2025-10-01 10:26:37,493 - root - INFO - best test average_precision: 0.8241
2025-10-01 10:26:37,493 - root - INFO - test roc_auc, 0.8448
2025-10-01 10:26:37,493 - root - INFO - new node test loss: 0.6158
2025-10-01 10:26:37,493 - root - INFO - new node test average_precision, 0.7455
2025-10-01 10:26:37,493 - root - INFO - new node test roc_auc, 0.7647
2025-10-01 10:27:44,831 - root - INFO - Epoch: 36, learning rate: 0.0001, train loss: 0.4175
2025-10-01 10:27:44,832 - root - INFO - train average_precision, 0.8729
2025-10-01 10:27:44,832 - root - INFO - train roc_auc, 0.8838
2025-10-01 10:27:44,832 - root - INFO - validate loss: 0.5316
2025-10-01 10:27:44,832 - root - INFO - validate average_precision, 0.7990
2025-10-01 10:27:44,832 - root - INFO - validate roc_auc, 0.8228
2025-10-01 10:27:44,832 - root - INFO - new node validate loss: 0.5973
2025-10-01 10:27:44,832 - root - INFO - new node validate average_precision, 0.7696
2025-10-01 10:27:44,832 - root - INFO - new node validate roc_auc, 0.7878
2025-10-01 10:27:57,886 - root - INFO - test loss: 0.5120
2025-10-01 10:27:57,886 - root - INFO - test average_precision, 0.8187
2025-10-01 10:27:57,886 - root - INFO - best test average_precision: 0.8241
2025-10-01 10:27:57,886 - root - INFO - test roc_auc, 0.8474
2025-10-01 10:27:57,886 - root - INFO - new node test loss: 0.6347
2025-10-01 10:27:57,886 - root - INFO - new node test average_precision, 0.7473
2025-10-01 10:27:57,886 - root - INFO - new node test roc_auc, 0.7666
2025-10-01 10:29:05,312 - root - INFO - Epoch: 37, learning rate: 0.0001, train loss: 0.4108
2025-10-01 10:29:05,312 - root - INFO - train average_precision, 0.8767
2025-10-01 10:29:05,312 - root - INFO - train roc_auc, 0.8875
2025-10-01 10:29:05,312 - root - INFO - validate loss: 0.5667
2025-10-01 10:29:05,312 - root - INFO - validate average_precision, 0.7960
2025-10-01 10:29:05,312 - root - INFO - validate roc_auc, 0.8205
2025-10-01 10:29:05,312 - root - INFO - new node validate loss: 0.6603
2025-10-01 10:29:05,313 - root - INFO - new node validate average_precision, 0.7659
2025-10-01 10:29:05,313 - root - INFO - new node validate roc_auc, 0.7823
2025-10-01 10:29:18,352 - root - INFO - test loss: 0.5411
2025-10-01 10:29:18,352 - root - INFO - test average_precision, 0.8182
2025-10-01 10:29:18,352 - root - INFO - best test average_precision: 0.8241
2025-10-01 10:29:18,353 - root - INFO - test roc_auc, 0.8468
2025-10-01 10:29:18,353 - root - INFO - new node test loss: 0.6902
2025-10-01 10:29:18,353 - root - INFO - new node test average_precision, 0.7385
2025-10-01 10:29:18,353 - root - INFO - new node test roc_auc, 0.7574
2025-10-01 10:30:26,291 - root - INFO - Epoch: 38, learning rate: 0.0001, train loss: 0.4073
2025-10-01 10:30:26,291 - root - INFO - train average_precision, 0.8780
2025-10-01 10:30:26,292 - root - INFO - train roc_auc, 0.8892
2025-10-01 10:30:26,292 - root - INFO - validate loss: 0.5714
2025-10-01 10:30:26,292 - root - INFO - validate average_precision, 0.8026
2025-10-01 10:30:26,292 - root - INFO - validate roc_auc, 0.8271
2025-10-01 10:30:26,292 - root - INFO - new node validate loss: 0.6677
2025-10-01 10:30:26,292 - root - INFO - new node validate average_precision, 0.7827
2025-10-01 10:30:26,292 - root - INFO - new node validate roc_auc, 0.7959
2025-10-01 10:30:39,311 - root - INFO - test loss: 0.5420
2025-10-01 10:30:39,311 - root - INFO - test average_precision, 0.8245
2025-10-01 10:30:39,311 - root - INFO - best test average_precision: 0.8245
2025-10-01 10:30:39,311 - root - INFO - test roc_auc, 0.8522
2025-10-01 10:30:39,311 - root - INFO - new node test loss: 0.7021
2025-10-01 10:30:39,311 - root - INFO - new node test average_precision, 0.7504
2025-10-01 10:30:39,311 - root - INFO - new node test roc_auc, 0.7698
2025-10-01 10:30:39,311 - root - INFO - save model ./saved_models/TGAT/enron/TGAT_seed3/TGAT_seed3.pkl
2025-10-01 10:31:46,755 - root - INFO - Epoch: 39, learning rate: 0.0001, train loss: 0.4030
2025-10-01 10:31:46,755 - root - INFO - train average_precision, 0.8814
2025-10-01 10:31:46,755 - root - INFO - train roc_auc, 0.8916
2025-10-01 10:31:46,755 - root - INFO - validate loss: 0.5845
2025-10-01 10:31:46,755 - root - INFO - validate average_precision, 0.8013
2025-10-01 10:31:46,755 - root - INFO - validate roc_auc, 0.8280
2025-10-01 10:31:46,755 - root - INFO - new node validate loss: 0.6900
2025-10-01 10:31:46,756 - root - INFO - new node validate average_precision, 0.7765
2025-10-01 10:31:46,756 - root - INFO - new node validate roc_auc, 0.7944
2025-10-01 10:31:59,782 - root - INFO - test loss: 0.5436
2025-10-01 10:31:59,782 - root - INFO - test average_precision, 0.8239
2025-10-01 10:31:59,782 - root - INFO - best test average_precision: 0.8245
2025-10-01 10:31:59,782 - root - INFO - test roc_auc, 0.8524
2025-10-01 10:31:59,783 - root - INFO - new node test loss: 0.7150
2025-10-01 10:31:59,783 - root - INFO - new node test average_precision, 0.7448
2025-10-01 10:31:59,783 - root - INFO - new node test roc_auc, 0.7621
2025-10-01 10:33:08,212 - root - INFO - Epoch: 40, learning rate: 0.0001, train loss: 0.4029
2025-10-01 10:33:08,213 - root - INFO - train average_precision, 0.8818
2025-10-01 10:33:08,213 - root - INFO - train roc_auc, 0.8918
2025-10-01 10:33:08,213 - root - INFO - validate loss: 0.5849
2025-10-01 10:33:08,213 - root - INFO - validate average_precision, 0.8052
2025-10-01 10:33:08,213 - root - INFO - validate roc_auc, 0.8308
2025-10-01 10:33:08,213 - root - INFO - new node validate loss: 0.6912
2025-10-01 10:33:08,213 - root - INFO - new node validate average_precision, 0.7822
2025-10-01 10:33:08,213 - root - INFO - new node validate roc_auc, 0.7987
2025-10-01 10:33:21,241 - root - INFO - test loss: 0.5491
2025-10-01 10:33:21,241 - root - INFO - test average_precision, 0.8241
2025-10-01 10:33:21,241 - root - INFO - best test average_precision: 0.8245
2025-10-01 10:33:21,241 - root - INFO - test roc_auc, 0.8529
2025-10-01 10:33:21,241 - root - INFO - new node test loss: 0.7201
2025-10-01 10:33:21,241 - root - INFO - new node test average_precision, 0.7504
2025-10-01 10:33:21,241 - root - INFO - new node test roc_auc, 0.7666
2025-10-01 10:33:21,242 - root - INFO - save model ./saved_models/TGAT/enron/TGAT_seed3/TGAT_seed3.pkl
2025-10-01 10:34:28,549 - root - INFO - Epoch: 41, learning rate: 0.0001, train loss: 0.4012
2025-10-01 10:34:28,549 - root - INFO - train average_precision, 0.8822
2025-10-01 10:34:28,549 - root - INFO - train roc_auc, 0.8926
2025-10-01 10:34:28,550 - root - INFO - validate loss: 0.6366
2025-10-01 10:34:28,550 - root - INFO - validate average_precision, 0.8032
2025-10-01 10:34:28,550 - root - INFO - validate roc_auc, 0.8294
2025-10-01 10:34:28,550 - root - INFO - new node validate loss: 0.7745
2025-10-01 10:34:28,550 - root - INFO - new node validate average_precision, 0.7818
2025-10-01 10:34:28,550 - root - INFO - new node validate roc_auc, 0.7969
2025-10-01 10:34:41,593 - root - INFO - test loss: 0.5899
2025-10-01 10:34:41,593 - root - INFO - test average_precision, 0.8215
2025-10-01 10:34:41,593 - root - INFO - best test average_precision: 0.8245
2025-10-01 10:34:41,593 - root - INFO - test roc_auc, 0.8514
2025-10-01 10:34:41,593 - root - INFO - new node test loss: 0.7882
2025-10-01 10:34:41,593 - root - INFO - new node test average_precision, 0.7429
2025-10-01 10:34:41,593 - root - INFO - new node test roc_auc, 0.7621
2025-10-01 10:35:49,045 - root - INFO - Epoch: 42, learning rate: 0.0001, train loss: 0.3997
2025-10-01 10:35:49,045 - root - INFO - train average_precision, 0.8825
2025-10-01 10:35:49,045 - root - INFO - train roc_auc, 0.8933
2025-10-01 10:35:49,045 - root - INFO - validate loss: 0.6983
2025-10-01 10:35:49,045 - root - INFO - validate average_precision, 0.7792
2025-10-01 10:35:49,045 - root - INFO - validate roc_auc, 0.8090
2025-10-01 10:35:49,045 - root - INFO - new node validate loss: 0.8559
2025-10-01 10:35:49,045 - root - INFO - new node validate average_precision, 0.7459
2025-10-01 10:35:49,046 - root - INFO - new node validate roc_auc, 0.7674
2025-10-01 10:36:02,059 - root - INFO - test loss: 0.6235
2025-10-01 10:36:02,059 - root - INFO - test average_precision, 0.8106
2025-10-01 10:36:02,059 - root - INFO - best test average_precision: 0.8245
2025-10-01 10:36:02,059 - root - INFO - test roc_auc, 0.8424
2025-10-01 10:36:02,059 - root - INFO - new node test loss: 0.8443
2025-10-01 10:36:02,060 - root - INFO - new node test average_precision, 0.7409
2025-10-01 10:36:02,060 - root - INFO - new node test roc_auc, 0.7583
2025-10-01 10:37:09,298 - root - INFO - Epoch: 43, learning rate: 0.0001, train loss: 0.4077
2025-10-01 10:37:09,298 - root - INFO - train average_precision, 0.8779
2025-10-01 10:37:09,298 - root - INFO - train roc_auc, 0.8890
2025-10-01 10:37:09,298 - root - INFO - validate loss: 0.6834
2025-10-01 10:37:09,298 - root - INFO - validate average_precision, 0.8043
2025-10-01 10:37:09,298 - root - INFO - validate roc_auc, 0.8292
2025-10-01 10:37:09,298 - root - INFO - new node validate loss: 0.8529
2025-10-01 10:37:09,299 - root - INFO - new node validate average_precision, 0.7773
2025-10-01 10:37:09,299 - root - INFO - new node validate roc_auc, 0.7939
2025-10-01 10:37:22,310 - root - INFO - test loss: 0.6269
2025-10-01 10:37:22,310 - root - INFO - test average_precision, 0.8237
2025-10-01 10:37:22,310 - root - INFO - best test average_precision: 0.8245
2025-10-01 10:37:22,310 - root - INFO - test roc_auc, 0.8529
2025-10-01 10:37:22,310 - root - INFO - new node test loss: 0.8421
2025-10-01 10:37:22,310 - root - INFO - new node test average_precision, 0.7497
2025-10-01 10:37:22,310 - root - INFO - new node test roc_auc, 0.7624
2025-10-01 10:38:29,927 - root - INFO - Epoch: 44, learning rate: 0.0001, train loss: 0.4048
2025-10-01 10:38:29,928 - root - INFO - train average_precision, 0.8792
2025-10-01 10:38:29,928 - root - INFO - train roc_auc, 0.8904
2025-10-01 10:38:29,928 - root - INFO - validate loss: 0.6184
2025-10-01 10:38:29,928 - root - INFO - validate average_precision, 0.7941
2025-10-01 10:38:29,928 - root - INFO - validate roc_auc, 0.8188
2025-10-01 10:38:29,928 - root - INFO - new node validate loss: 0.7310
2025-10-01 10:38:29,928 - root - INFO - new node validate average_precision, 0.7638
2025-10-01 10:38:29,928 - root - INFO - new node validate roc_auc, 0.7787
2025-10-01 10:38:42,929 - root - INFO - test loss: 0.5572
2025-10-01 10:38:42,929 - root - INFO - test average_precision, 0.8157
2025-10-01 10:38:42,929 - root - INFO - best test average_precision: 0.8245
2025-10-01 10:38:42,929 - root - INFO - test roc_auc, 0.8465
2025-10-01 10:38:42,929 - root - INFO - new node test loss: 0.7341
2025-10-01 10:38:42,929 - root - INFO - new node test average_precision, 0.7483
2025-10-01 10:38:42,930 - root - INFO - new node test roc_auc, 0.7686
2025-10-01 10:39:50,562 - root - INFO - Epoch: 45, learning rate: 0.0001, train loss: 0.4016
2025-10-01 10:39:50,562 - root - INFO - train average_precision, 0.8818
2025-10-01 10:39:50,562 - root - INFO - train roc_auc, 0.8923
2025-10-01 10:39:50,562 - root - INFO - validate loss: 0.6347
2025-10-01 10:39:50,562 - root - INFO - validate average_precision, 0.7937
2025-10-01 10:39:50,562 - root - INFO - validate roc_auc, 0.8200
2025-10-01 10:39:50,563 - root - INFO - new node validate loss: 0.7549
2025-10-01 10:39:50,563 - root - INFO - new node validate average_precision, 0.7722
2025-10-01 10:39:50,563 - root - INFO - new node validate roc_auc, 0.7853
2025-10-01 10:40:03,630 - root - INFO - test loss: 0.5726
2025-10-01 10:40:03,630 - root - INFO - test average_precision, 0.8177
2025-10-01 10:40:03,630 - root - INFO - best test average_precision: 0.8245
2025-10-01 10:40:03,630 - root - INFO - test roc_auc, 0.8494
2025-10-01 10:40:03,630 - root - INFO - new node test loss: 0.7620
2025-10-01 10:40:03,630 - root - INFO - new node test average_precision, 0.7496
2025-10-01 10:40:03,630 - root - INFO - new node test roc_auc, 0.7665
2025-10-01 10:41:10,851 - root - INFO - Epoch: 46, learning rate: 0.0001, train loss: 0.4008
2025-10-01 10:41:10,852 - root - INFO - train average_precision, 0.8829
2025-10-01 10:41:10,852 - root - INFO - train roc_auc, 0.8934
2025-10-01 10:41:10,852 - root - INFO - validate loss: 0.6395
2025-10-01 10:41:10,852 - root - INFO - validate average_precision, 0.8040
2025-10-01 10:41:10,852 - root - INFO - validate roc_auc, 0.8294
2025-10-01 10:41:10,852 - root - INFO - new node validate loss: 0.7779
2025-10-01 10:41:10,852 - root - INFO - new node validate average_precision, 0.7852
2025-10-01 10:41:10,852 - root - INFO - new node validate roc_auc, 0.7988
2025-10-01 10:41:23,885 - root - INFO - test loss: 0.5905
2025-10-01 10:41:23,886 - root - INFO - test average_precision, 0.8234
2025-10-01 10:41:23,886 - root - INFO - best test average_precision: 0.8245
2025-10-01 10:41:23,886 - root - INFO - test roc_auc, 0.8528
2025-10-01 10:41:23,886 - root - INFO - new node test loss: 0.7854
2025-10-01 10:41:23,886 - root - INFO - new node test average_precision, 0.7514
2025-10-01 10:41:23,886 - root - INFO - new node test roc_auc, 0.7693
2025-10-01 10:42:31,712 - root - INFO - Epoch: 47, learning rate: 0.0001, train loss: 0.3955
2025-10-01 10:42:31,713 - root - INFO - train average_precision, 0.8840
2025-10-01 10:42:31,713 - root - INFO - train roc_auc, 0.8952
2025-10-01 10:42:31,713 - root - INFO - validate loss: 0.6431
2025-10-01 10:42:31,713 - root - INFO - validate average_precision, 0.8048
2025-10-01 10:42:31,713 - root - INFO - validate roc_auc, 0.8300
2025-10-01 10:42:31,713 - root - INFO - new node validate loss: 0.7808
2025-10-01 10:42:31,713 - root - INFO - new node validate average_precision, 0.7782
2025-10-01 10:42:31,713 - root - INFO - new node validate roc_auc, 0.7956
2025-10-01 10:42:44,720 - root - INFO - test loss: 0.5867
2025-10-01 10:42:44,720 - root - INFO - test average_precision, 0.8258
2025-10-01 10:42:44,720 - root - INFO - best test average_precision: 0.8258
2025-10-01 10:42:44,720 - root - INFO - test roc_auc, 0.8554
2025-10-01 10:42:44,720 - root - INFO - new node test loss: 0.7830
2025-10-01 10:42:44,720 - root - INFO - new node test average_precision, 0.7539
2025-10-01 10:42:44,720 - root - INFO - new node test roc_auc, 0.7676
2025-10-01 10:43:51,925 - root - INFO - Epoch: 48, learning rate: 0.0001, train loss: 0.3960
2025-10-01 10:43:51,925 - root - INFO - train average_precision, 0.8856
2025-10-01 10:43:51,926 - root - INFO - train roc_auc, 0.8961
2025-10-01 10:43:51,926 - root - INFO - validate loss: 0.6979
2025-10-01 10:43:51,926 - root - INFO - validate average_precision, 0.8013
2025-10-01 10:43:51,926 - root - INFO - validate roc_auc, 0.8281
2025-10-01 10:43:51,926 - root - INFO - new node validate loss: 0.8552
2025-10-01 10:43:51,926 - root - INFO - new node validate average_precision, 0.7775
2025-10-01 10:43:51,926 - root - INFO - new node validate roc_auc, 0.7968
2025-10-01 10:44:04,943 - root - INFO - test loss: 0.6339
2025-10-01 10:44:04,943 - root - INFO - test average_precision, 0.8251
2025-10-01 10:44:04,943 - root - INFO - best test average_precision: 0.8258
2025-10-01 10:44:04,943 - root - INFO - test roc_auc, 0.8545
2025-10-01 10:44:04,943 - root - INFO - new node test loss: 0.8519
2025-10-01 10:44:04,943 - root - INFO - new node test average_precision, 0.7433
2025-10-01 10:44:04,943 - root - INFO - new node test roc_auc, 0.7619
2025-10-01 10:45:12,590 - root - INFO - Epoch: 49, learning rate: 0.0001, train loss: 0.3919
2025-10-01 10:45:12,590 - root - INFO - train average_precision, 0.8884
2025-10-01 10:45:12,591 - root - INFO - train roc_auc, 0.8976
2025-10-01 10:45:12,591 - root - INFO - validate loss: 0.6862
2025-10-01 10:45:12,591 - root - INFO - validate average_precision, 0.8038
2025-10-01 10:45:12,591 - root - INFO - validate roc_auc, 0.8300
2025-10-01 10:45:12,591 - root - INFO - new node validate loss: 0.8375
2025-10-01 10:45:12,591 - root - INFO - new node validate average_precision, 0.7768
2025-10-01 10:45:12,591 - root - INFO - new node validate roc_auc, 0.7962
2025-10-01 10:45:25,628 - root - INFO - test loss: 0.6309
2025-10-01 10:45:25,628 - root - INFO - test average_precision, 0.8242
2025-10-01 10:45:25,628 - root - INFO - best test average_precision: 0.8258
2025-10-01 10:45:25,628 - root - INFO - test roc_auc, 0.8544
2025-10-01 10:45:25,629 - root - INFO - new node test loss: 0.8460
2025-10-01 10:45:25,629 - root - INFO - new node test average_precision, 0.7450
2025-10-01 10:45:25,629 - root - INFO - new node test roc_auc, 0.7603
2025-10-01 10:46:33,710 - root - INFO - Epoch: 50, learning rate: 0.0001, train loss: 0.3925
2025-10-01 10:46:33,711 - root - INFO - train average_precision, 0.8883
2025-10-01 10:46:33,711 - root - INFO - train roc_auc, 0.8979
2025-10-01 10:46:33,711 - root - INFO - validate loss: 0.6214
2025-10-01 10:46:33,711 - root - INFO - validate average_precision, 0.8049
2025-10-01 10:46:33,711 - root - INFO - validate roc_auc, 0.8278
2025-10-01 10:46:33,711 - root - INFO - new node validate loss: 0.7399
2025-10-01 10:46:33,711 - root - INFO - new node validate average_precision, 0.7786
2025-10-01 10:46:33,711 - root - INFO - new node validate roc_auc, 0.7938
2025-10-01 10:46:46,696 - root - INFO - test loss: 0.5627
2025-10-01 10:46:46,696 - root - INFO - test average_precision, 0.8280
2025-10-01 10:46:46,696 - root - INFO - best test average_precision: 0.8280
2025-10-01 10:46:46,696 - root - INFO - test roc_auc, 0.8565
2025-10-01 10:46:46,696 - root - INFO - new node test loss: 0.7461
2025-10-01 10:46:46,696 - root - INFO - new node test average_precision, 0.7594
2025-10-01 10:46:46,696 - root - INFO - new node test roc_auc, 0.7802
2025-10-01 10:47:54,646 - root - INFO - Epoch: 51, learning rate: 0.0001, train loss: 0.3919
2025-10-01 10:47:54,647 - root - INFO - train average_precision, 0.8888
2025-10-01 10:47:54,647 - root - INFO - train roc_auc, 0.8984
2025-10-01 10:47:54,647 - root - INFO - validate loss: 0.6929
2025-10-01 10:47:54,647 - root - INFO - validate average_precision, 0.7993
2025-10-01 10:47:54,647 - root - INFO - validate roc_auc, 0.8278
2025-10-01 10:47:54,647 - root - INFO - new node validate loss: 0.8484
2025-10-01 10:47:54,647 - root - INFO - new node validate average_precision, 0.7738
2025-10-01 10:47:54,647 - root - INFO - new node validate roc_auc, 0.7950
2025-10-01 10:48:07,659 - root - INFO - test loss: 0.6315
2025-10-01 10:48:07,659 - root - INFO - test average_precision, 0.8221
2025-10-01 10:48:07,659 - root - INFO - best test average_precision: 0.8280
2025-10-01 10:48:07,659 - root - INFO - test roc_auc, 0.8539
2025-10-01 10:48:07,659 - root - INFO - new node test loss: 0.8487
2025-10-01 10:48:07,659 - root - INFO - new node test average_precision, 0.7438
2025-10-01 10:48:07,660 - root - INFO - new node test roc_auc, 0.7637
2025-10-01 10:49:15,116 - root - INFO - Epoch: 52, learning rate: 0.0001, train loss: 0.3895
2025-10-01 10:49:15,116 - root - INFO - train average_precision, 0.8907
2025-10-01 10:49:15,116 - root - INFO - train roc_auc, 0.8996
2025-10-01 10:49:15,117 - root - INFO - validate loss: 0.6710
2025-10-01 10:49:15,117 - root - INFO - validate average_precision, 0.7994
2025-10-01 10:49:15,117 - root - INFO - validate roc_auc, 0.8241
2025-10-01 10:49:15,117 - root - INFO - new node validate loss: 0.8119
2025-10-01 10:49:15,117 - root - INFO - new node validate average_precision, 0.7654
2025-10-01 10:49:15,117 - root - INFO - new node validate roc_auc, 0.7842
2025-10-01 10:49:28,107 - root - INFO - test loss: 0.6027
2025-10-01 10:49:28,108 - root - INFO - test average_precision, 0.8238
2025-10-01 10:49:28,108 - root - INFO - best test average_precision: 0.8280
2025-10-01 10:49:28,108 - root - INFO - test roc_auc, 0.8535
2025-10-01 10:49:28,108 - root - INFO - new node test loss: 0.8120
2025-10-01 10:49:28,108 - root - INFO - new node test average_precision, 0.7545
2025-10-01 10:49:28,108 - root - INFO - new node test roc_auc, 0.7729
2025-10-01 10:50:35,228 - root - INFO - Epoch: 53, learning rate: 0.0001, train loss: 0.3917
2025-10-01 10:50:35,228 - root - INFO - train average_precision, 0.8891
2025-10-01 10:50:35,229 - root - INFO - train roc_auc, 0.8986
2025-10-01 10:50:35,229 - root - INFO - validate loss: 0.7150
2025-10-01 10:50:35,229 - root - INFO - validate average_precision, 0.8058
2025-10-01 10:50:35,229 - root - INFO - validate roc_auc, 0.8317
2025-10-01 10:50:35,229 - root - INFO - new node validate loss: 0.8821
2025-10-01 10:50:35,229 - root - INFO - new node validate average_precision, 0.7818
2025-10-01 10:50:35,229 - root - INFO - new node validate roc_auc, 0.7980
2025-10-01 10:50:48,241 - root - INFO - test loss: 0.6550
2025-10-01 10:50:48,241 - root - INFO - test average_precision, 0.8244
2025-10-01 10:50:48,241 - root - INFO - best test average_precision: 0.8280
2025-10-01 10:50:48,241 - root - INFO - test roc_auc, 0.8551
2025-10-01 10:50:48,241 - root - INFO - new node test loss: 0.8903
2025-10-01 10:50:48,241 - root - INFO - new node test average_precision, 0.7415
2025-10-01 10:50:48,241 - root - INFO - new node test roc_auc, 0.7608
2025-10-01 10:50:48,242 - root - INFO - save model ./saved_models/TGAT/enron/TGAT_seed3/TGAT_seed3.pkl
2025-10-01 10:51:55,625 - root - INFO - Epoch: 54, learning rate: 0.0001, train loss: 0.3964
2025-10-01 10:51:55,625 - root - INFO - train average_precision, 0.8892
2025-10-01 10:51:55,625 - root - INFO - train roc_auc, 0.8974
2025-10-01 10:51:55,625 - root - INFO - validate loss: 0.6666
2025-10-01 10:51:55,626 - root - INFO - validate average_precision, 0.7956
2025-10-01 10:51:55,626 - root - INFO - validate roc_auc, 0.8185
2025-10-01 10:51:55,626 - root - INFO - new node validate loss: 0.8122
2025-10-01 10:51:55,626 - root - INFO - new node validate average_precision, 0.7561
2025-10-01 10:51:55,626 - root - INFO - new node validate roc_auc, 0.7732
2025-10-01 10:52:08,633 - root - INFO - test loss: 0.5980
2025-10-01 10:52:08,633 - root - INFO - test average_precision, 0.8183
2025-10-01 10:52:08,633 - root - INFO - best test average_precision: 0.8280
2025-10-01 10:52:08,633 - root - INFO - test roc_auc, 0.8475
2025-10-01 10:52:08,633 - root - INFO - new node test loss: 0.7949
2025-10-01 10:52:08,634 - root - INFO - new node test average_precision, 0.7479
2025-10-01 10:52:08,634 - root - INFO - new node test roc_auc, 0.7675
2025-10-01 10:53:15,862 - root - INFO - Epoch: 55, learning rate: 0.0001, train loss: 0.3939
2025-10-01 10:53:15,862 - root - INFO - train average_precision, 0.8886
2025-10-01 10:53:15,862 - root - INFO - train roc_auc, 0.8974
2025-10-01 10:53:15,862 - root - INFO - validate loss: 0.5760
2025-10-01 10:53:15,862 - root - INFO - validate average_precision, 0.8066
2025-10-01 10:53:15,863 - root - INFO - validate roc_auc, 0.8302
2025-10-01 10:53:15,863 - root - INFO - new node validate loss: 0.6852
2025-10-01 10:53:15,863 - root - INFO - new node validate average_precision, 0.7781
2025-10-01 10:53:15,863 - root - INFO - new node validate roc_auc, 0.7951
2025-10-01 10:53:28,855 - root - INFO - test loss: 0.5458
2025-10-01 10:53:28,855 - root - INFO - test average_precision, 0.8245
2025-10-01 10:53:28,855 - root - INFO - best test average_precision: 0.8280
2025-10-01 10:53:28,855 - root - INFO - test roc_auc, 0.8537
2025-10-01 10:53:28,855 - root - INFO - new node test loss: 0.7077
2025-10-01 10:53:28,855 - root - INFO - new node test average_precision, 0.7569
2025-10-01 10:53:28,855 - root - INFO - new node test roc_auc, 0.7730
2025-10-01 10:54:35,954 - root - INFO - Epoch: 56, learning rate: 0.0001, train loss: 0.3946
2025-10-01 10:54:35,954 - root - INFO - train average_precision, 0.8887
2025-10-01 10:54:35,955 - root - INFO - train roc_auc, 0.8976
2025-10-01 10:54:35,955 - root - INFO - validate loss: 0.5415
2025-10-01 10:54:35,955 - root - INFO - validate average_precision, 0.8122
2025-10-01 10:54:35,955 - root - INFO - validate roc_auc, 0.8349
2025-10-01 10:54:35,955 - root - INFO - new node validate loss: 0.6380
2025-10-01 10:54:35,955 - root - INFO - new node validate average_precision, 0.7835
2025-10-01 10:54:35,955 - root - INFO - new node validate roc_auc, 0.8006
2025-10-01 10:54:49,000 - root - INFO - test loss: 0.5192
2025-10-01 10:54:49,000 - root - INFO - test average_precision, 0.8333
2025-10-01 10:54:49,000 - root - INFO - best test average_precision: 0.8333
2025-10-01 10:54:49,000 - root - INFO - test roc_auc, 0.8591
2025-10-01 10:54:49,000 - root - INFO - new node test loss: 0.6673
2025-10-01 10:54:49,000 - root - INFO - new node test average_precision, 0.7559
2025-10-01 10:54:49,000 - root - INFO - new node test roc_auc, 0.7699
2025-10-01 10:54:49,000 - root - INFO - save model ./saved_models/TGAT/enron/TGAT_seed3/TGAT_seed3.pkl
2025-10-01 10:55:56,370 - root - INFO - Epoch: 57, learning rate: 0.0001, train loss: 0.3911
2025-10-01 10:55:56,370 - root - INFO - train average_precision, 0.8903
2025-10-01 10:55:56,370 - root - INFO - train roc_auc, 0.8995
2025-10-01 10:55:56,370 - root - INFO - validate loss: 0.6293
2025-10-01 10:55:56,370 - root - INFO - validate average_precision, 0.8044
2025-10-01 10:55:56,370 - root - INFO - validate roc_auc, 0.8258
2025-10-01 10:55:56,370 - root - INFO - new node validate loss: 0.7673
2025-10-01 10:55:56,370 - root - INFO - new node validate average_precision, 0.7642
2025-10-01 10:55:56,370 - root - INFO - new node validate roc_auc, 0.7828
2025-10-01 10:56:09,384 - root - INFO - test loss: 0.5708
2025-10-01 10:56:09,384 - root - INFO - test average_precision, 0.8290
2025-10-01 10:56:09,385 - root - INFO - best test average_precision: 0.8333
2025-10-01 10:56:09,385 - root - INFO - test roc_auc, 0.8550
2025-10-01 10:56:09,385 - root - INFO - new node test loss: 0.7721
2025-10-01 10:56:09,385 - root - INFO - new node test average_precision, 0.7600
2025-10-01 10:56:09,385 - root - INFO - new node test roc_auc, 0.7733
2025-10-01 10:57:16,722 - root - INFO - Epoch: 58, learning rate: 0.0001, train loss: 0.3892
2025-10-01 10:57:16,723 - root - INFO - train average_precision, 0.8913
2025-10-01 10:57:16,723 - root - INFO - train roc_auc, 0.9002
2025-10-01 10:57:16,723 - root - INFO - validate loss: 0.6103
2025-10-01 10:57:16,723 - root - INFO - validate average_precision, 0.8093
2025-10-01 10:57:16,723 - root - INFO - validate roc_auc, 0.8300
2025-10-01 10:57:16,723 - root - INFO - new node validate loss: 0.7399
2025-10-01 10:57:16,723 - root - INFO - new node validate average_precision, 0.7731
2025-10-01 10:57:16,723 - root - INFO - new node validate roc_auc, 0.7893
2025-10-01 10:57:29,736 - root - INFO - test loss: 0.5581
2025-10-01 10:57:29,737 - root - INFO - test average_precision, 0.8297
2025-10-01 10:57:29,737 - root - INFO - best test average_precision: 0.8333
2025-10-01 10:57:29,737 - root - INFO - test roc_auc, 0.8570
2025-10-01 10:57:29,737 - root - INFO - new node test loss: 0.7475
2025-10-01 10:57:29,737 - root - INFO - new node test average_precision, 0.7615
2025-10-01 10:57:29,737 - root - INFO - new node test roc_auc, 0.7762
2025-10-01 10:58:36,990 - root - INFO - Epoch: 59, learning rate: 0.0001, train loss: 0.3867
2025-10-01 10:58:36,991 - root - INFO - train average_precision, 0.8935
2025-10-01 10:58:36,991 - root - INFO - train roc_auc, 0.9020
2025-10-01 10:58:36,991 - root - INFO - validate loss: 0.6113
2025-10-01 10:58:36,991 - root - INFO - validate average_precision, 0.8145
2025-10-01 10:58:36,991 - root - INFO - validate roc_auc, 0.8368
2025-10-01 10:58:36,991 - root - INFO - new node validate loss: 0.7465
2025-10-01 10:58:36,991 - root - INFO - new node validate average_precision, 0.7813
2025-10-01 10:58:36,991 - root - INFO - new node validate roc_auc, 0.7993
2025-10-01 10:58:50,048 - root - INFO - test loss: 0.5652
2025-10-01 10:58:50,049 - root - INFO - test average_precision, 0.8337
2025-10-01 10:58:50,049 - root - INFO - best test average_precision: 0.8337
2025-10-01 10:58:50,049 - root - INFO - test roc_auc, 0.8608
2025-10-01 10:58:50,049 - root - INFO - new node test loss: 0.7556
2025-10-01 10:58:50,049 - root - INFO - new node test average_precision, 0.7613
2025-10-01 10:58:50,049 - root - INFO - new node test roc_auc, 0.7769
2025-10-01 10:58:50,049 - root - INFO - save model ./saved_models/TGAT/enron/TGAT_seed3/TGAT_seed3.pkl
2025-10-01 10:59:57,620 - root - INFO - Epoch: 60, learning rate: 0.0001, train loss: 0.3866
2025-10-01 10:59:57,620 - root - INFO - train average_precision, 0.8925
2025-10-01 10:59:57,620 - root - INFO - train roc_auc, 0.9015
2025-10-01 10:59:57,620 - root - INFO - validate loss: 0.6170
2025-10-01 10:59:57,621 - root - INFO - validate average_precision, 0.8153
2025-10-01 10:59:57,621 - root - INFO - validate roc_auc, 0.8367
2025-10-01 10:59:57,621 - root - INFO - new node validate loss: 0.7477
2025-10-01 10:59:57,621 - root - INFO - new node validate average_precision, 0.7820
2025-10-01 10:59:57,621 - root - INFO - new node validate roc_auc, 0.8007
2025-10-01 11:00:10,665 - root - INFO - test loss: 0.5653
2025-10-01 11:00:10,665 - root - INFO - test average_precision, 0.8329
2025-10-01 11:00:10,665 - root - INFO - best test average_precision: 0.8337
2025-10-01 11:00:10,665 - root - INFO - test roc_auc, 0.8605
2025-10-01 11:00:10,665 - root - INFO - new node test loss: 0.7589
2025-10-01 11:00:10,665 - root - INFO - new node test average_precision, 0.7619
2025-10-01 11:00:10,665 - root - INFO - new node test roc_auc, 0.7737
2025-10-01 11:01:18,336 - root - INFO - Epoch: 61, learning rate: 0.0001, train loss: 0.3867
2025-10-01 11:01:18,337 - root - INFO - train average_precision, 0.8924
2025-10-01 11:01:18,337 - root - INFO - train roc_auc, 0.9015
2025-10-01 11:01:18,337 - root - INFO - validate loss: 0.5910
2025-10-01 11:01:18,337 - root - INFO - validate average_precision, 0.8158
2025-10-01 11:01:18,337 - root - INFO - validate roc_auc, 0.8381
2025-10-01 11:01:18,337 - root - INFO - new node validate loss: 0.7089
2025-10-01 11:01:18,337 - root - INFO - new node validate average_precision, 0.7849
2025-10-01 11:01:18,337 - root - INFO - new node validate roc_auc, 0.8033
2025-10-01 11:01:31,351 - root - INFO - test loss: 0.5567
2025-10-01 11:01:31,351 - root - INFO - test average_precision, 0.8310
2025-10-01 11:01:31,351 - root - INFO - best test average_precision: 0.8337
2025-10-01 11:01:31,351 - root - INFO - test roc_auc, 0.8582
2025-10-01 11:01:31,351 - root - INFO - new node test loss: 0.7384
2025-10-01 11:01:31,351 - root - INFO - new node test average_precision, 0.7578
2025-10-01 11:01:31,351 - root - INFO - new node test roc_auc, 0.7705
2025-10-01 11:01:31,351 - root - INFO - save model ./saved_models/TGAT/enron/TGAT_seed3/TGAT_seed3.pkl
2025-10-01 11:02:38,669 - root - INFO - Epoch: 62, learning rate: 0.0001, train loss: 0.3856
2025-10-01 11:02:38,669 - root - INFO - train average_precision, 0.8930
2025-10-01 11:02:38,669 - root - INFO - train roc_auc, 0.9020
2025-10-01 11:02:38,669 - root - INFO - validate loss: 0.6291
2025-10-01 11:02:38,669 - root - INFO - validate average_precision, 0.8112
2025-10-01 11:02:38,669 - root - INFO - validate roc_auc, 0.8334
2025-10-01 11:02:38,669 - root - INFO - new node validate loss: 0.7617
2025-10-01 11:02:38,669 - root - INFO - new node validate average_precision, 0.7735
2025-10-01 11:02:38,669 - root - INFO - new node validate roc_auc, 0.7940
2025-10-01 11:02:51,701 - root - INFO - test loss: 0.5677
2025-10-01 11:02:51,701 - root - INFO - test average_precision, 0.8301
2025-10-01 11:02:51,701 - root - INFO - best test average_precision: 0.8337
2025-10-01 11:02:51,701 - root - INFO - test roc_auc, 0.8582
2025-10-01 11:02:51,702 - root - INFO - new node test loss: 0.7639
2025-10-01 11:02:51,702 - root - INFO - new node test average_precision, 0.7622
2025-10-01 11:02:51,702 - root - INFO - new node test roc_auc, 0.7784
2025-10-01 11:03:58,887 - root - INFO - Epoch: 63, learning rate: 0.0001, train loss: 0.3857
2025-10-01 11:03:58,888 - root - INFO - train average_precision, 0.8935
2025-10-01 11:03:58,888 - root - INFO - train roc_auc, 0.9018
2025-10-01 11:03:58,888 - root - INFO - validate loss: 0.6366
2025-10-01 11:03:58,888 - root - INFO - validate average_precision, 0.8139
2025-10-01 11:03:58,888 - root - INFO - validate roc_auc, 0.8381
2025-10-01 11:03:58,888 - root - INFO - new node validate loss: 0.7783
2025-10-01 11:03:58,888 - root - INFO - new node validate average_precision, 0.7847
2025-10-01 11:03:58,888 - root - INFO - new node validate roc_auc, 0.8050
2025-10-01 11:04:11,898 - root - INFO - test loss: 0.5946
2025-10-01 11:04:11,898 - root - INFO - test average_precision, 0.8308
2025-10-01 11:04:11,898 - root - INFO - best test average_precision: 0.8337
2025-10-01 11:04:11,899 - root - INFO - test roc_auc, 0.8590
2025-10-01 11:04:11,899 - root - INFO - new node test loss: 0.7966
2025-10-01 11:04:11,899 - root - INFO - new node test average_precision, 0.7604
2025-10-01 11:04:11,899 - root - INFO - new node test roc_auc, 0.7736
2025-10-01 11:05:20,204 - root - INFO - Epoch: 64, learning rate: 0.0001, train loss: 0.3853
2025-10-01 11:05:20,204 - root - INFO - train average_precision, 0.8931
2025-10-01 11:05:20,204 - root - INFO - train roc_auc, 0.9024
2025-10-01 11:05:20,205 - root - INFO - validate loss: 0.6188
2025-10-01 11:05:20,205 - root - INFO - validate average_precision, 0.8132
2025-10-01 11:05:20,205 - root - INFO - validate roc_auc, 0.8371
2025-10-01 11:05:20,205 - root - INFO - new node validate loss: 0.7558
2025-10-01 11:05:20,205 - root - INFO - new node validate average_precision, 0.7763
2025-10-01 11:05:20,205 - root - INFO - new node validate roc_auc, 0.7993
2025-10-01 11:05:33,232 - root - INFO - test loss: 0.5700
2025-10-01 11:05:33,232 - root - INFO - test average_precision, 0.8326
2025-10-01 11:05:33,232 - root - INFO - best test average_precision: 0.8337
2025-10-01 11:05:33,232 - root - INFO - test roc_auc, 0.8605
2025-10-01 11:05:33,232 - root - INFO - new node test loss: 0.7708
2025-10-01 11:05:33,232 - root - INFO - new node test average_precision, 0.7546
2025-10-01 11:05:33,232 - root - INFO - new node test roc_auc, 0.7676
2025-10-01 11:06:41,522 - root - INFO - Epoch: 65, learning rate: 0.0001, train loss: 0.3849
2025-10-01 11:06:41,522 - root - INFO - train average_precision, 0.8940
2025-10-01 11:06:41,522 - root - INFO - train roc_auc, 0.9025
2025-10-01 11:06:41,522 - root - INFO - validate loss: 0.6296
2025-10-01 11:06:41,523 - root - INFO - validate average_precision, 0.8120
2025-10-01 11:06:41,523 - root - INFO - validate roc_auc, 0.8361
2025-10-01 11:06:41,523 - root - INFO - new node validate loss: 0.7631
2025-10-01 11:06:41,523 - root - INFO - new node validate average_precision, 0.7810
2025-10-01 11:06:41,523 - root - INFO - new node validate roc_auc, 0.7994
2025-10-01 11:06:54,549 - root - INFO - test loss: 0.5808
2025-10-01 11:06:54,549 - root - INFO - test average_precision, 0.8328
2025-10-01 11:06:54,549 - root - INFO - best test average_precision: 0.8337
2025-10-01 11:06:54,550 - root - INFO - test roc_auc, 0.8599
2025-10-01 11:06:54,550 - root - INFO - new node test loss: 0.7847
2025-10-01 11:06:54,550 - root - INFO - new node test average_precision, 0.7535
2025-10-01 11:06:54,550 - root - INFO - new node test roc_auc, 0.7707
2025-10-01 11:08:01,689 - root - INFO - Epoch: 66, learning rate: 0.0001, train loss: 0.3843
2025-10-01 11:08:01,689 - root - INFO - train average_precision, 0.8934
2025-10-01 11:08:01,689 - root - INFO - train roc_auc, 0.9023
2025-10-01 11:08:01,689 - root - INFO - validate loss: 0.6827
2025-10-01 11:08:01,690 - root - INFO - validate average_precision, 0.8118
2025-10-01 11:08:01,690 - root - INFO - validate roc_auc, 0.8362
2025-10-01 11:08:01,690 - root - INFO - new node validate loss: 0.8330
2025-10-01 11:08:01,690 - root - INFO - new node validate average_precision, 0.7813
2025-10-01 11:08:01,690 - root - INFO - new node validate roc_auc, 0.8017
2025-10-01 11:08:14,719 - root - INFO - test loss: 0.6278
2025-10-01 11:08:14,720 - root - INFO - test average_precision, 0.8311
2025-10-01 11:08:14,720 - root - INFO - best test average_precision: 0.8337
2025-10-01 11:08:14,720 - root - INFO - test roc_auc, 0.8598
2025-10-01 11:08:14,720 - root - INFO - new node test loss: 0.8450
2025-10-01 11:08:14,720 - root - INFO - new node test average_precision, 0.7616
2025-10-01 11:08:14,720 - root - INFO - new node test roc_auc, 0.7781
2025-10-01 11:09:22,894 - root - INFO - Epoch: 67, learning rate: 0.0001, train loss: 0.3839
2025-10-01 11:09:22,894 - root - INFO - train average_precision, 0.8949
2025-10-01 11:09:22,894 - root - INFO - train roc_auc, 0.9026
2025-10-01 11:09:22,894 - root - INFO - validate loss: 0.6249
2025-10-01 11:09:22,894 - root - INFO - validate average_precision, 0.8121
2025-10-01 11:09:22,894 - root - INFO - validate roc_auc, 0.8362
2025-10-01 11:09:22,894 - root - INFO - new node validate loss: 0.7724
2025-10-01 11:09:22,894 - root - INFO - new node validate average_precision, 0.7793
2025-10-01 11:09:22,895 - root - INFO - new node validate roc_auc, 0.8000
2025-10-01 11:09:35,912 - root - INFO - test loss: 0.5821
2025-10-01 11:09:35,912 - root - INFO - test average_precision, 0.8309
2025-10-01 11:09:35,912 - root - INFO - best test average_precision: 0.8337
2025-10-01 11:09:35,912 - root - INFO - test roc_auc, 0.8586
2025-10-01 11:09:35,912 - root - INFO - new node test loss: 0.7873
2025-10-01 11:09:35,912 - root - INFO - new node test average_precision, 0.7534
2025-10-01 11:09:35,912 - root - INFO - new node test roc_auc, 0.7700
2025-10-01 11:10:43,341 - root - INFO - Epoch: 68, learning rate: 0.0001, train loss: 0.3853
2025-10-01 11:10:43,342 - root - INFO - train average_precision, 0.8935
2025-10-01 11:10:43,342 - root - INFO - train roc_auc, 0.9020
2025-10-01 11:10:43,342 - root - INFO - validate loss: 0.6504
2025-10-01 11:10:43,342 - root - INFO - validate average_precision, 0.8149
2025-10-01 11:10:43,342 - root - INFO - validate roc_auc, 0.8382
2025-10-01 11:10:43,342 - root - INFO - new node validate loss: 0.7946
2025-10-01 11:10:43,342 - root - INFO - new node validate average_precision, 0.7803
2025-10-01 11:10:43,342 - root - INFO - new node validate roc_auc, 0.8008
2025-10-01 11:10:56,373 - root - INFO - test loss: 0.5991
2025-10-01 11:10:56,373 - root - INFO - test average_precision, 0.8342
2025-10-01 11:10:56,373 - root - INFO - best test average_precision: 0.8342
2025-10-01 11:10:56,374 - root - INFO - test roc_auc, 0.8615
2025-10-01 11:10:56,374 - root - INFO - new node test loss: 0.8125
2025-10-01 11:10:56,374 - root - INFO - new node test average_precision, 0.7598
2025-10-01 11:10:56,374 - root - INFO - new node test roc_auc, 0.7783
2025-10-01 11:12:04,668 - root - INFO - Epoch: 69, learning rate: 0.0001, train loss: 0.3832
2025-10-01 11:12:04,668 - root - INFO - train average_precision, 0.8939
2025-10-01 11:12:04,668 - root - INFO - train roc_auc, 0.9031
2025-10-01 11:12:04,668 - root - INFO - validate loss: 0.6108
2025-10-01 11:12:04,668 - root - INFO - validate average_precision, 0.8131
2025-10-01 11:12:04,668 - root - INFO - validate roc_auc, 0.8361
2025-10-01 11:12:04,669 - root - INFO - new node validate loss: 0.7383
2025-10-01 11:12:04,669 - root - INFO - new node validate average_precision, 0.7780
2025-10-01 11:12:04,669 - root - INFO - new node validate roc_auc, 0.7986
2025-10-01 11:12:17,715 - root - INFO - test loss: 0.5577
2025-10-01 11:12:17,715 - root - INFO - test average_precision, 0.8339
2025-10-01 11:12:17,715 - root - INFO - best test average_precision: 0.8342
2025-10-01 11:12:17,716 - root - INFO - test roc_auc, 0.8615
2025-10-01 11:12:17,716 - root - INFO - new node test loss: 0.7523
2025-10-01 11:12:17,716 - root - INFO - new node test average_precision, 0.7579
2025-10-01 11:12:17,716 - root - INFO - new node test roc_auc, 0.7729
2025-10-01 11:13:26,355 - root - INFO - Epoch: 70, learning rate: 0.0001, train loss: 0.3825
2025-10-01 11:13:26,355 - root - INFO - train average_precision, 0.8952
2025-10-01 11:13:26,355 - root - INFO - train roc_auc, 0.9035
2025-10-01 11:13:26,356 - root - INFO - validate loss: 0.6980
2025-10-01 11:13:26,356 - root - INFO - validate average_precision, 0.8132
2025-10-01 11:13:26,356 - root - INFO - validate roc_auc, 0.8368
2025-10-01 11:13:26,356 - root - INFO - new node validate loss: 0.8639
2025-10-01 11:13:26,356 - root - INFO - new node validate average_precision, 0.7762
2025-10-01 11:13:26,356 - root - INFO - new node validate roc_auc, 0.7968
2025-10-01 11:13:39,361 - root - INFO - test loss: 0.6327
2025-10-01 11:13:39,361 - root - INFO - test average_precision, 0.8356
2025-10-01 11:13:39,362 - root - INFO - best test average_precision: 0.8356
2025-10-01 11:13:39,362 - root - INFO - test roc_auc, 0.8622
2025-10-01 11:13:39,362 - root - INFO - new node test loss: 0.8685
2025-10-01 11:13:39,362 - root - INFO - new node test average_precision, 0.7564
2025-10-01 11:13:39,362 - root - INFO - new node test roc_auc, 0.7693
2025-10-01 11:14:47,496 - root - INFO - Epoch: 71, learning rate: 0.0001, train loss: 0.3842
2025-10-01 11:14:47,497 - root - INFO - train average_precision, 0.8945
2025-10-01 11:14:47,497 - root - INFO - train roc_auc, 0.9025
2025-10-01 11:14:47,497 - root - INFO - validate loss: 0.6207
2025-10-01 11:14:47,497 - root - INFO - validate average_precision, 0.8129
2025-10-01 11:14:47,497 - root - INFO - validate roc_auc, 0.8374
2025-10-01 11:14:47,497 - root - INFO - new node validate loss: 0.7544
2025-10-01 11:14:47,497 - root - INFO - new node validate average_precision, 0.7760
2025-10-01 11:14:47,497 - root - INFO - new node validate roc_auc, 0.7991
2025-10-01 11:15:00,515 - root - INFO - test loss: 0.5773
2025-10-01 11:15:00,515 - root - INFO - test average_precision, 0.8355
2025-10-01 11:15:00,515 - root - INFO - best test average_precision: 0.8356
2025-10-01 11:15:00,515 - root - INFO - test roc_auc, 0.8616
2025-10-01 11:15:00,515 - root - INFO - new node test loss: 0.7759
2025-10-01 11:15:00,515 - root - INFO - new node test average_precision, 0.7553
2025-10-01 11:15:00,515 - root - INFO - new node test roc_auc, 0.7690
2025-10-01 11:16:08,120 - root - INFO - Epoch: 72, learning rate: 0.0001, train loss: 0.3858
2025-10-01 11:16:08,120 - root - INFO - train average_precision, 0.8943
2025-10-01 11:16:08,121 - root - INFO - train roc_auc, 0.9019
2025-10-01 11:16:08,121 - root - INFO - validate loss: 0.6350
2025-10-01 11:16:08,121 - root - INFO - validate average_precision, 0.8016
2025-10-01 11:16:08,121 - root - INFO - validate roc_auc, 0.8229
2025-10-01 11:16:08,121 - root - INFO - new node validate loss: 0.7724
2025-10-01 11:16:08,121 - root - INFO - new node validate average_precision, 0.7602
2025-10-01 11:16:08,121 - root - INFO - new node validate roc_auc, 0.7773
2025-10-01 11:16:21,136 - root - INFO - test loss: 0.5720
2025-10-01 11:16:21,136 - root - INFO - test average_precision, 0.8271
2025-10-01 11:16:21,136 - root - INFO - best test average_precision: 0.8356
2025-10-01 11:16:21,136 - root - INFO - test roc_auc, 0.8539
2025-10-01 11:16:21,136 - root - INFO - new node test loss: 0.7664
2025-10-01 11:16:21,136 - root - INFO - new node test average_precision, 0.7539
2025-10-01 11:16:21,136 - root - INFO - new node test roc_auc, 0.7701
2025-10-01 11:17:29,511 - root - INFO - Epoch: 73, learning rate: 0.0001, train loss: 0.3865
2025-10-01 11:17:29,512 - root - INFO - train average_precision, 0.8941
2025-10-01 11:17:29,512 - root - INFO - train roc_auc, 0.9022
2025-10-01 11:17:29,512 - root - INFO - validate loss: 0.5789
2025-10-01 11:17:29,512 - root - INFO - validate average_precision, 0.8116
2025-10-01 11:17:29,512 - root - INFO - validate roc_auc, 0.8328
2025-10-01 11:17:29,512 - root - INFO - new node validate loss: 0.6946
2025-10-01 11:17:29,512 - root - INFO - new node validate average_precision, 0.7731
2025-10-01 11:17:29,512 - root - INFO - new node validate roc_auc, 0.7940
2025-10-01 11:17:42,538 - root - INFO - test loss: 0.5312
2025-10-01 11:17:42,538 - root - INFO - test average_precision, 0.8348
2025-10-01 11:17:42,538 - root - INFO - best test average_precision: 0.8356
2025-10-01 11:17:42,539 - root - INFO - test roc_auc, 0.8600
2025-10-01 11:17:42,539 - root - INFO - new node test loss: 0.7051
2025-10-01 11:17:42,539 - root - INFO - new node test average_precision, 0.7671
2025-10-01 11:17:42,539 - root - INFO - new node test roc_auc, 0.7751
2025-10-01 11:18:50,985 - root - INFO - Epoch: 74, learning rate: 0.0001, train loss: 0.3813
2025-10-01 11:18:50,985 - root - INFO - train average_precision, 0.8960
2025-10-01 11:18:50,985 - root - INFO - train roc_auc, 0.9043
2025-10-01 11:18:50,986 - root - INFO - validate loss: 0.5437
2025-10-01 11:18:50,986 - root - INFO - validate average_precision, 0.8205
2025-10-01 11:18:50,986 - root - INFO - validate roc_auc, 0.8395
2025-10-01 11:18:50,986 - root - INFO - new node validate loss: 0.6450
2025-10-01 11:18:50,986 - root - INFO - new node validate average_precision, 0.7831
2025-10-01 11:18:50,986 - root - INFO - new node validate roc_auc, 0.8026
2025-10-01 11:19:04,039 - root - INFO - test loss: 0.5152
2025-10-01 11:19:04,039 - root - INFO - test average_precision, 0.8387
2025-10-01 11:19:04,039 - root - INFO - best test average_precision: 0.8387
2025-10-01 11:19:04,040 - root - INFO - test roc_auc, 0.8633
2025-10-01 11:19:04,040 - root - INFO - new node test loss: 0.6788
2025-10-01 11:19:04,040 - root - INFO - new node test average_precision, 0.7662
2025-10-01 11:19:04,040 - root - INFO - new node test roc_auc, 0.7727
2025-10-01 11:19:04,040 - root - INFO - save model ./saved_models/TGAT/enron/TGAT_seed3/TGAT_seed3.pkl
2025-10-01 11:20:11,920 - root - INFO - Epoch: 75, learning rate: 0.0001, train loss: 0.3810
2025-10-01 11:20:11,921 - root - INFO - train average_precision, 0.8971
2025-10-01 11:20:11,921 - root - INFO - train roc_auc, 0.9050
2025-10-01 11:20:11,921 - root - INFO - validate loss: 0.5543
2025-10-01 11:20:11,921 - root - INFO - validate average_precision, 0.8181
2025-10-01 11:20:11,921 - root - INFO - validate roc_auc, 0.8391
2025-10-01 11:20:11,921 - root - INFO - new node validate loss: 0.6631
2025-10-01 11:20:11,921 - root - INFO - new node validate average_precision, 0.7794
2025-10-01 11:20:11,921 - root - INFO - new node validate roc_auc, 0.8021
2025-10-01 11:20:24,959 - root - INFO - test loss: 0.5315
2025-10-01 11:20:24,959 - root - INFO - test average_precision, 0.8377
2025-10-01 11:20:24,959 - root - INFO - best test average_precision: 0.8387
2025-10-01 11:20:24,959 - root - INFO - test roc_auc, 0.8622
2025-10-01 11:20:24,959 - root - INFO - new node test loss: 0.6954
2025-10-01 11:20:24,959 - root - INFO - new node test average_precision, 0.7661
2025-10-01 11:20:24,959 - root - INFO - new node test roc_auc, 0.7727
2025-10-01 11:21:32,235 - root - INFO - Epoch: 76, learning rate: 0.0001, train loss: 0.3834
2025-10-01 11:21:32,236 - root - INFO - train average_precision, 0.8946
2025-10-01 11:21:32,236 - root - INFO - train roc_auc, 0.9033
2025-10-01 11:21:32,236 - root - INFO - validate loss: 0.5426
2025-10-01 11:21:32,236 - root - INFO - validate average_precision, 0.8207
2025-10-01 11:21:32,236 - root - INFO - validate roc_auc, 0.8420
2025-10-01 11:21:32,236 - root - INFO - new node validate loss: 0.6429
2025-10-01 11:21:32,236 - root - INFO - new node validate average_precision, 0.7836
2025-10-01 11:21:32,236 - root - INFO - new node validate roc_auc, 0.8049
2025-10-01 11:21:45,257 - root - INFO - test loss: 0.5241
2025-10-01 11:21:45,257 - root - INFO - test average_precision, 0.8360
2025-10-01 11:21:45,257 - root - INFO - best test average_precision: 0.8387
2025-10-01 11:21:45,257 - root - INFO - test roc_auc, 0.8615
2025-10-01 11:21:45,257 - root - INFO - new node test loss: 0.6859
2025-10-01 11:21:45,258 - root - INFO - new node test average_precision, 0.7628
2025-10-01 11:21:45,258 - root - INFO - new node test roc_auc, 0.7717
2025-10-01 11:21:45,258 - root - INFO - save model ./saved_models/TGAT/enron/TGAT_seed3/TGAT_seed3.pkl
2025-10-01 11:22:52,799 - root - INFO - Epoch: 77, learning rate: 0.0001, train loss: 0.3829
2025-10-01 11:22:52,800 - root - INFO - train average_precision, 0.8958
2025-10-01 11:22:52,800 - root - INFO - train roc_auc, 0.9037
2025-10-01 11:22:52,800 - root - INFO - validate loss: 0.5454
2025-10-01 11:22:52,800 - root - INFO - validate average_precision, 0.8180
2025-10-01 11:22:52,800 - root - INFO - validate roc_auc, 0.8398
2025-10-01 11:22:52,800 - root - INFO - new node validate loss: 0.6491
2025-10-01 11:22:52,800 - root - INFO - new node validate average_precision, 0.7817
2025-10-01 11:22:52,800 - root - INFO - new node validate roc_auc, 0.8026
2025-10-01 11:23:05,810 - root - INFO - test loss: 0.5292
2025-10-01 11:23:05,810 - root - INFO - test average_precision, 0.8365
2025-10-01 11:23:05,810 - root - INFO - best test average_precision: 0.8387
2025-10-01 11:23:05,810 - root - INFO - test roc_auc, 0.8616
2025-10-01 11:23:05,811 - root - INFO - new node test loss: 0.6905
2025-10-01 11:23:05,811 - root - INFO - new node test average_precision, 0.7596
2025-10-01 11:23:05,811 - root - INFO - new node test roc_auc, 0.7681
2025-10-01 11:24:13,013 - root - INFO - Epoch: 78, learning rate: 0.0001, train loss: 0.3836
2025-10-01 11:24:13,014 - root - INFO - train average_precision, 0.8952
2025-10-01 11:24:13,014 - root - INFO - train roc_auc, 0.9037
2025-10-01 11:24:13,014 - root - INFO - validate loss: 0.5450
2025-10-01 11:24:13,014 - root - INFO - validate average_precision, 0.8201
2025-10-01 11:24:13,014 - root - INFO - validate roc_auc, 0.8416
2025-10-01 11:24:13,014 - root - INFO - new node validate loss: 0.6451
2025-10-01 11:24:13,014 - root - INFO - new node validate average_precision, 0.7828
2025-10-01 11:24:13,014 - root - INFO - new node validate roc_auc, 0.8047
2025-10-01 11:24:26,027 - root - INFO - test loss: 0.5169
2025-10-01 11:24:26,027 - root - INFO - test average_precision, 0.8407
2025-10-01 11:24:26,027 - root - INFO - best test average_precision: 0.8407
2025-10-01 11:24:26,027 - root - INFO - test roc_auc, 0.8650
2025-10-01 11:24:26,027 - root - INFO - new node test loss: 0.6839
2025-10-01 11:24:26,027 - root - INFO - new node test average_precision, 0.7647
2025-10-01 11:24:26,027 - root - INFO - new node test roc_auc, 0.7716
2025-10-01 11:25:33,912 - root - INFO - Epoch: 79, learning rate: 0.0001, train loss: 0.3810
2025-10-01 11:25:33,913 - root - INFO - train average_precision, 0.8964
2025-10-01 11:25:33,913 - root - INFO - train roc_auc, 0.9046
2025-10-01 11:25:33,913 - root - INFO - validate loss: 0.5893
2025-10-01 11:25:33,913 - root - INFO - validate average_precision, 0.8182
2025-10-01 11:25:33,913 - root - INFO - validate roc_auc, 0.8381
2025-10-01 11:25:33,913 - root - INFO - new node validate loss: 0.7133
2025-10-01 11:25:33,913 - root - INFO - new node validate average_precision, 0.7784
2025-10-01 11:25:33,913 - root - INFO - new node validate roc_auc, 0.7986
2025-10-01 11:25:46,925 - root - INFO - test loss: 0.5519
2025-10-01 11:25:46,925 - root - INFO - test average_precision, 0.8354
2025-10-01 11:25:46,925 - root - INFO - best test average_precision: 0.8407
2025-10-01 11:25:46,925 - root - INFO - test roc_auc, 0.8619
2025-10-01 11:25:46,925 - root - INFO - new node test loss: 0.7425
2025-10-01 11:25:46,925 - root - INFO - new node test average_precision, 0.7625
2025-10-01 11:25:46,925 - root - INFO - new node test roc_auc, 0.7783
2025-10-01 11:26:54,337 - root - INFO - Epoch: 80, learning rate: 0.0001, train loss: 0.3795
2025-10-01 11:26:54,337 - root - INFO - train average_precision, 0.8966
2025-10-01 11:26:54,338 - root - INFO - train roc_auc, 0.9051
2025-10-01 11:26:54,338 - root - INFO - validate loss: 0.5531
2025-10-01 11:26:54,338 - root - INFO - validate average_precision, 0.8218
2025-10-01 11:26:54,338 - root - INFO - validate roc_auc, 0.8438
2025-10-01 11:26:54,338 - root - INFO - new node validate loss: 0.6669
2025-10-01 11:26:54,338 - root - INFO - new node validate average_precision, 0.7851
2025-10-01 11:26:54,338 - root - INFO - new node validate roc_auc, 0.8076
2025-10-01 11:27:07,378 - root - INFO - test loss: 0.5259
2025-10-01 11:27:07,378 - root - INFO - test average_precision, 0.8416
2025-10-01 11:27:07,378 - root - INFO - best test average_precision: 0.8416
2025-10-01 11:27:07,378 - root - INFO - test roc_auc, 0.8661
2025-10-01 11:27:07,379 - root - INFO - new node test loss: 0.7049
2025-10-01 11:27:07,379 - root - INFO - new node test average_precision, 0.7590
2025-10-01 11:27:07,379 - root - INFO - new node test roc_auc, 0.7685
2025-10-01 11:27:07,379 - root - INFO - save model ./saved_models/TGAT/enron/TGAT_seed3/TGAT_seed3.pkl
2025-10-01 11:28:14,749 - root - INFO - Epoch: 81, learning rate: 0.0001, train loss: 0.3804
2025-10-01 11:28:14,749 - root - INFO - train average_precision, 0.8967
2025-10-01 11:28:14,749 - root - INFO - train roc_auc, 0.9051
2025-10-01 11:28:14,749 - root - INFO - validate loss: 0.5404
2025-10-01 11:28:14,749 - root - INFO - validate average_precision, 0.8229
2025-10-01 11:28:14,749 - root - INFO - validate roc_auc, 0.8437
2025-10-01 11:28:14,749 - root - INFO - new node validate loss: 0.6384
2025-10-01 11:28:14,749 - root - INFO - new node validate average_precision, 0.7842
2025-10-01 11:28:14,749 - root - INFO - new node validate roc_auc, 0.8076
2025-10-01 11:28:27,791 - root - INFO - test loss: 0.5146
2025-10-01 11:28:27,791 - root - INFO - test average_precision, 0.8407
2025-10-01 11:28:27,791 - root - INFO - best test average_precision: 0.8416
2025-10-01 11:28:27,791 - root - INFO - test roc_auc, 0.8657
2025-10-01 11:28:27,791 - root - INFO - new node test loss: 0.6778
2025-10-01 11:28:27,791 - root - INFO - new node test average_precision, 0.7674
2025-10-01 11:28:27,791 - root - INFO - new node test roc_auc, 0.7760
2025-10-01 11:29:35,178 - root - INFO - Epoch: 82, learning rate: 0.0001, train loss: 0.3800
2025-10-01 11:29:35,178 - root - INFO - train average_precision, 0.8968
2025-10-01 11:29:35,178 - root - INFO - train roc_auc, 0.9053
2025-10-01 11:29:35,178 - root - INFO - validate loss: 0.5656
2025-10-01 11:29:35,178 - root - INFO - validate average_precision, 0.8209
2025-10-01 11:29:35,178 - root - INFO - validate roc_auc, 0.8425
2025-10-01 11:29:35,178 - root - INFO - new node validate loss: 0.6775
2025-10-01 11:29:35,178 - root - INFO - new node validate average_precision, 0.7789
2025-10-01 11:29:35,178 - root - INFO - new node validate roc_auc, 0.8014
2025-10-01 11:29:48,221 - root - INFO - test loss: 0.5307
2025-10-01 11:29:48,221 - root - INFO - test average_precision, 0.8393
2025-10-01 11:29:48,221 - root - INFO - best test average_precision: 0.8416
2025-10-01 11:29:48,221 - root - INFO - test roc_auc, 0.8658
2025-10-01 11:29:48,221 - root - INFO - new node test loss: 0.7092
2025-10-01 11:29:48,221 - root - INFO - new node test average_precision, 0.7652
2025-10-01 11:29:48,221 - root - INFO - new node test roc_auc, 0.7736
2025-10-01 11:30:55,521 - root - INFO - Epoch: 83, learning rate: 0.0001, train loss: 0.3799
2025-10-01 11:30:55,521 - root - INFO - train average_precision, 0.8978
2025-10-01 11:30:55,521 - root - INFO - train roc_auc, 0.9050
2025-10-01 11:30:55,521 - root - INFO - validate loss: 0.5575
2025-10-01 11:30:55,521 - root - INFO - validate average_precision, 0.8188
2025-10-01 11:30:55,521 - root - INFO - validate roc_auc, 0.8401
2025-10-01 11:30:55,521 - root - INFO - new node validate loss: 0.6648
2025-10-01 11:30:55,521 - root - INFO - new node validate average_precision, 0.7792
2025-10-01 11:30:55,522 - root - INFO - new node validate roc_auc, 0.8020
2025-10-01 11:31:08,527 - root - INFO - test loss: 0.5340
2025-10-01 11:31:08,528 - root - INFO - test average_precision, 0.8378
2025-10-01 11:31:08,528 - root - INFO - best test average_precision: 0.8416
2025-10-01 11:31:08,528 - root - INFO - test roc_auc, 0.8628
2025-10-01 11:31:08,528 - root - INFO - new node test loss: 0.7043
2025-10-01 11:31:08,528 - root - INFO - new node test average_precision, 0.7577
2025-10-01 11:31:08,528 - root - INFO - new node test roc_auc, 0.7679
2025-10-01 11:32:15,795 - root - INFO - Epoch: 84, learning rate: 0.0001, train loss: 0.3802
2025-10-01 11:32:15,796 - root - INFO - train average_precision, 0.8960
2025-10-01 11:32:15,796 - root - INFO - train roc_auc, 0.9048
2025-10-01 11:32:15,796 - root - INFO - validate loss: 0.5865
2025-10-01 11:32:15,796 - root - INFO - validate average_precision, 0.8184
2025-10-01 11:32:15,796 - root - INFO - validate roc_auc, 0.8376
2025-10-01 11:32:15,796 - root - INFO - new node validate loss: 0.7050
2025-10-01 11:32:15,796 - root - INFO - new node validate average_precision, 0.7789
2025-10-01 11:32:15,796 - root - INFO - new node validate roc_auc, 0.7997
2025-10-01 11:32:28,796 - root - INFO - test loss: 0.5403
2025-10-01 11:32:28,796 - root - INFO - test average_precision, 0.8380
2025-10-01 11:32:28,796 - root - INFO - best test average_precision: 0.8416
2025-10-01 11:32:28,796 - root - INFO - test roc_auc, 0.8628
2025-10-01 11:32:28,796 - root - INFO - new node test loss: 0.7362
2025-10-01 11:32:28,796 - root - INFO - new node test average_precision, 0.7618
2025-10-01 11:32:28,796 - root - INFO - new node test roc_auc, 0.7697
2025-10-01 11:33:36,432 - root - INFO - Epoch: 85, learning rate: 0.0001, train loss: 0.3783
2025-10-01 11:33:36,433 - root - INFO - train average_precision, 0.8973
2025-10-01 11:33:36,433 - root - INFO - train roc_auc, 0.9054
2025-10-01 11:33:36,433 - root - INFO - validate loss: 0.5724
2025-10-01 11:33:36,433 - root - INFO - validate average_precision, 0.8174
2025-10-01 11:33:36,433 - root - INFO - validate roc_auc, 0.8393
2025-10-01 11:33:36,433 - root - INFO - new node validate loss: 0.6866
2025-10-01 11:33:36,433 - root - INFO - new node validate average_precision, 0.7772
2025-10-01 11:33:36,433 - root - INFO - new node validate roc_auc, 0.8000
2025-10-01 11:33:49,465 - root - INFO - test loss: 0.5258
2025-10-01 11:33:49,465 - root - INFO - test average_precision, 0.8378
2025-10-01 11:33:49,465 - root - INFO - best test average_precision: 0.8416
2025-10-01 11:33:49,465 - root - INFO - test roc_auc, 0.8638
2025-10-01 11:33:49,465 - root - INFO - new node test loss: 0.7116
2025-10-01 11:33:49,465 - root - INFO - new node test average_precision, 0.7690
2025-10-01 11:33:49,465 - root - INFO - new node test roc_auc, 0.7746
2025-10-01 11:34:56,887 - root - INFO - Epoch: 86, learning rate: 0.0001, train loss: 0.3780
2025-10-01 11:34:56,887 - root - INFO - train average_precision, 0.8975
2025-10-01 11:34:56,888 - root - INFO - train roc_auc, 0.9057
2025-10-01 11:34:56,888 - root - INFO - validate loss: 0.5605
2025-10-01 11:34:56,888 - root - INFO - validate average_precision, 0.8206
2025-10-01 11:34:56,888 - root - INFO - validate roc_auc, 0.8428
2025-10-01 11:34:56,888 - root - INFO - new node validate loss: 0.6729
2025-10-01 11:34:56,888 - root - INFO - new node validate average_precision, 0.7819
2025-10-01 11:34:56,888 - root - INFO - new node validate roc_auc, 0.8028
2025-10-01 11:35:09,910 - root - INFO - test loss: 0.5305
2025-10-01 11:35:09,910 - root - INFO - test average_precision, 0.8397
2025-10-01 11:35:09,910 - root - INFO - best test average_precision: 0.8416
2025-10-01 11:35:09,910 - root - INFO - test roc_auc, 0.8654
2025-10-01 11:35:09,910 - root - INFO - new node test loss: 0.7148
2025-10-01 11:35:09,910 - root - INFO - new node test average_precision, 0.7667
2025-10-01 11:35:09,910 - root - INFO - new node test roc_auc, 0.7723
2025-10-01 11:36:17,361 - root - INFO - Epoch: 87, learning rate: 0.0001, train loss: 0.3778
2025-10-01 11:36:17,362 - root - INFO - train average_precision, 0.8972
2025-10-01 11:36:17,362 - root - INFO - train roc_auc, 0.9060
2025-10-01 11:36:17,362 - root - INFO - validate loss: 0.5741
2025-10-01 11:36:17,362 - root - INFO - validate average_precision, 0.8192
2025-10-01 11:36:17,362 - root - INFO - validate roc_auc, 0.8385
2025-10-01 11:36:17,362 - root - INFO - new node validate loss: 0.6928
2025-10-01 11:36:17,362 - root - INFO - new node validate average_precision, 0.7776
2025-10-01 11:36:17,362 - root - INFO - new node validate roc_auc, 0.7975
2025-10-01 11:36:30,416 - root - INFO - test loss: 0.5273
2025-10-01 11:36:30,416 - root - INFO - test average_precision, 0.8381
2025-10-01 11:36:30,416 - root - INFO - best test average_precision: 0.8416
2025-10-01 11:36:30,417 - root - INFO - test roc_auc, 0.8640
2025-10-01 11:36:30,417 - root - INFO - new node test loss: 0.7140
2025-10-01 11:36:30,417 - root - INFO - new node test average_precision, 0.7666
2025-10-01 11:36:30,417 - root - INFO - new node test roc_auc, 0.7769
2025-10-01 11:37:37,543 - root - INFO - Epoch: 88, learning rate: 0.0001, train loss: 0.3755
2025-10-01 11:37:37,544 - root - INFO - train average_precision, 0.8995
2025-10-01 11:37:37,544 - root - INFO - train roc_auc, 0.9071
2025-10-01 11:37:37,544 - root - INFO - validate loss: 0.5710
2025-10-01 11:37:37,544 - root - INFO - validate average_precision, 0.8179
2025-10-01 11:37:37,544 - root - INFO - validate roc_auc, 0.8392
2025-10-01 11:37:37,544 - root - INFO - new node validate loss: 0.6867
2025-10-01 11:37:37,544 - root - INFO - new node validate average_precision, 0.7784
2025-10-01 11:37:37,544 - root - INFO - new node validate roc_auc, 0.7991
2025-10-01 11:37:50,565 - root - INFO - test loss: 0.5328
2025-10-01 11:37:50,566 - root - INFO - test average_precision, 0.8369
2025-10-01 11:37:50,566 - root - INFO - best test average_precision: 0.8416
2025-10-01 11:37:50,566 - root - INFO - test roc_auc, 0.8627
2025-10-01 11:37:50,566 - root - INFO - new node test loss: 0.7287
2025-10-01 11:37:50,566 - root - INFO - new node test average_precision, 0.7648
2025-10-01 11:37:50,566 - root - INFO - new node test roc_auc, 0.7737
2025-10-01 11:38:58,646 - root - INFO - Epoch: 89, learning rate: 0.0001, train loss: 0.3767
2025-10-01 11:38:58,646 - root - INFO - train average_precision, 0.8990
2025-10-01 11:38:58,646 - root - INFO - train roc_auc, 0.9065
2025-10-01 11:38:58,646 - root - INFO - validate loss: 0.5326
2025-10-01 11:38:58,646 - root - INFO - validate average_precision, 0.8195
2025-10-01 11:38:58,646 - root - INFO - validate roc_auc, 0.8415
2025-10-01 11:38:58,646 - root - INFO - new node validate loss: 0.6250
2025-10-01 11:38:58,646 - root - INFO - new node validate average_precision, 0.7838
2025-10-01 11:38:58,646 - root - INFO - new node validate roc_auc, 0.8039
2025-10-01 11:39:11,686 - root - INFO - test loss: 0.5196
2025-10-01 11:39:11,686 - root - INFO - test average_precision, 0.8357
2025-10-01 11:39:11,686 - root - INFO - best test average_precision: 0.8416
2025-10-01 11:39:11,687 - root - INFO - test roc_auc, 0.8617
2025-10-01 11:39:11,687 - root - INFO - new node test loss: 0.6827
2025-10-01 11:39:11,687 - root - INFO - new node test average_precision, 0.7652
2025-10-01 11:39:11,687 - root - INFO - new node test roc_auc, 0.7704
2025-10-01 11:40:19,027 - root - INFO - Epoch: 90, learning rate: 0.0001, train loss: 0.3779
2025-10-01 11:40:19,028 - root - INFO - train average_precision, 0.8991
2025-10-01 11:40:19,028 - root - INFO - train roc_auc, 0.9064
2025-10-01 11:40:19,028 - root - INFO - validate loss: 0.5583
2025-10-01 11:40:19,028 - root - INFO - validate average_precision, 0.8216
2025-10-01 11:40:19,028 - root - INFO - validate roc_auc, 0.8427
2025-10-01 11:40:19,028 - root - INFO - new node validate loss: 0.6652
2025-10-01 11:40:19,028 - root - INFO - new node validate average_precision, 0.7822
2025-10-01 11:40:19,028 - root - INFO - new node validate roc_auc, 0.8046
2025-10-01 11:40:32,073 - root - INFO - test loss: 0.5373
2025-10-01 11:40:32,073 - root - INFO - test average_precision, 0.8375
2025-10-01 11:40:32,074 - root - INFO - best test average_precision: 0.8416
2025-10-01 11:40:32,074 - root - INFO - test roc_auc, 0.8632
2025-10-01 11:40:32,074 - root - INFO - new node test loss: 0.7129
2025-10-01 11:40:32,074 - root - INFO - new node test average_precision, 0.7641
2025-10-01 11:40:32,074 - root - INFO - new node test roc_auc, 0.7720
2025-10-01 11:41:39,824 - root - INFO - Epoch: 91, learning rate: 0.0001, train loss: 0.3773
2025-10-01 11:41:39,824 - root - INFO - train average_precision, 0.8976
2025-10-01 11:41:39,824 - root - INFO - train roc_auc, 0.9059
2025-10-01 11:41:39,824 - root - INFO - validate loss: 0.5408
2025-10-01 11:41:39,824 - root - INFO - validate average_precision, 0.8229
2025-10-01 11:41:39,824 - root - INFO - validate roc_auc, 0.8435
2025-10-01 11:41:39,824 - root - INFO - new node validate loss: 0.6430
2025-10-01 11:41:39,825 - root - INFO - new node validate average_precision, 0.7848
2025-10-01 11:41:39,825 - root - INFO - new node validate roc_auc, 0.8065
2025-10-01 11:41:52,861 - root - INFO - test loss: 0.5190
2025-10-01 11:41:52,862 - root - INFO - test average_precision, 0.8394
2025-10-01 11:41:52,862 - root - INFO - best test average_precision: 0.8416
2025-10-01 11:41:52,862 - root - INFO - test roc_auc, 0.8641
2025-10-01 11:41:52,862 - root - INFO - new node test loss: 0.6904
2025-10-01 11:41:52,862 - root - INFO - new node test average_precision, 0.7653
2025-10-01 11:41:52,862 - root - INFO - new node test roc_auc, 0.7716
2025-10-01 11:43:00,471 - root - INFO - Epoch: 92, learning rate: 0.0001, train loss: 0.3781
2025-10-01 11:43:00,471 - root - INFO - train average_precision, 0.8969
2025-10-01 11:43:00,471 - root - INFO - train roc_auc, 0.9058
2025-10-01 11:43:00,471 - root - INFO - validate loss: 0.5219
2025-10-01 11:43:00,471 - root - INFO - validate average_precision, 0.8253
2025-10-01 11:43:00,471 - root - INFO - validate roc_auc, 0.8447
2025-10-01 11:43:00,471 - root - INFO - new node validate loss: 0.6210
2025-10-01 11:43:00,472 - root - INFO - new node validate average_precision, 0.7838
2025-10-01 11:43:00,472 - root - INFO - new node validate roc_auc, 0.8060
2025-10-01 11:43:13,492 - root - INFO - test loss: 0.5026
2025-10-01 11:43:13,493 - root - INFO - test average_precision, 0.8395
2025-10-01 11:43:13,493 - root - INFO - best test average_precision: 0.8416
2025-10-01 11:43:13,493 - root - INFO - test roc_auc, 0.8648
2025-10-01 11:43:13,493 - root - INFO - new node test loss: 0.6654
2025-10-01 11:43:13,493 - root - INFO - new node test average_precision, 0.7671
2025-10-01 11:43:13,493 - root - INFO - new node test roc_auc, 0.7725
2025-10-01 11:43:13,493 - root - INFO - save model ./saved_models/TGAT/enron/TGAT_seed3/TGAT_seed3.pkl
2025-10-01 11:44:21,019 - root - INFO - Epoch: 93, learning rate: 0.0001, train loss: 0.3776
2025-10-01 11:44:21,019 - root - INFO - train average_precision, 0.8991
2025-10-01 11:44:21,019 - root - INFO - train roc_auc, 0.9060
2025-10-01 11:44:21,019 - root - INFO - validate loss: 0.5257
2025-10-01 11:44:21,019 - root - INFO - validate average_precision, 0.8204
2025-10-01 11:44:21,019 - root - INFO - validate roc_auc, 0.8421
2025-10-01 11:44:21,019 - root - INFO - new node validate loss: 0.6198
2025-10-01 11:44:21,019 - root - INFO - new node validate average_precision, 0.7795
2025-10-01 11:44:21,019 - root - INFO - new node validate roc_auc, 0.8025
2025-10-01 11:44:34,054 - root - INFO - test loss: 0.5004
2025-10-01 11:44:34,054 - root - INFO - test average_precision, 0.8409
2025-10-01 11:44:34,054 - root - INFO - best test average_precision: 0.8416
2025-10-01 11:44:34,054 - root - INFO - test roc_auc, 0.8650
2025-10-01 11:44:34,054 - root - INFO - new node test loss: 0.6613
2025-10-01 11:44:34,054 - root - INFO - new node test average_precision, 0.7699
2025-10-01 11:44:34,054 - root - INFO - new node test roc_auc, 0.7729
2025-10-01 11:45:42,228 - root - INFO - Epoch: 94, learning rate: 0.0001, train loss: 0.3769
2025-10-01 11:45:42,228 - root - INFO - train average_precision, 0.8988
2025-10-01 11:45:42,228 - root - INFO - train roc_auc, 0.9060
2025-10-01 11:45:42,229 - root - INFO - validate loss: 0.5268
2025-10-01 11:45:42,229 - root - INFO - validate average_precision, 0.8232
2025-10-01 11:45:42,229 - root - INFO - validate roc_auc, 0.8434
2025-10-01 11:45:42,229 - root - INFO - new node validate loss: 0.6214
2025-10-01 11:45:42,229 - root - INFO - new node validate average_precision, 0.7806
2025-10-01 11:45:42,229 - root - INFO - new node validate roc_auc, 0.8016
2025-10-01 11:45:55,242 - root - INFO - test loss: 0.5050
2025-10-01 11:45:55,242 - root - INFO - test average_precision, 0.8385
2025-10-01 11:45:55,242 - root - INFO - best test average_precision: 0.8416
2025-10-01 11:45:55,242 - root - INFO - test roc_auc, 0.8640
2025-10-01 11:45:55,242 - root - INFO - new node test loss: 0.6652
2025-10-01 11:45:55,242 - root - INFO - new node test average_precision, 0.7696
2025-10-01 11:45:55,242 - root - INFO - new node test roc_auc, 0.7740
2025-10-01 11:47:03,464 - root - INFO - Epoch: 95, learning rate: 0.0001, train loss: 0.3774
2025-10-01 11:47:03,464 - root - INFO - train average_precision, 0.8980
2025-10-01 11:47:03,464 - root - INFO - train roc_auc, 0.9065
2025-10-01 11:47:03,464 - root - INFO - validate loss: 0.5361
2025-10-01 11:47:03,464 - root - INFO - validate average_precision, 0.8212
2025-10-01 11:47:03,464 - root - INFO - validate roc_auc, 0.8416
2025-10-01 11:47:03,464 - root - INFO - new node validate loss: 0.6348
2025-10-01 11:47:03,465 - root - INFO - new node validate average_precision, 0.7819
2025-10-01 11:47:03,465 - root - INFO - new node validate roc_auc, 0.8024
2025-10-01 11:47:16,470 - root - INFO - test loss: 0.5075
2025-10-01 11:47:16,470 - root - INFO - test average_precision, 0.8394
2025-10-01 11:47:16,470 - root - INFO - best test average_precision: 0.8416
2025-10-01 11:47:16,470 - root - INFO - test roc_auc, 0.8639
2025-10-01 11:47:16,470 - root - INFO - new node test loss: 0.6746
2025-10-01 11:47:16,470 - root - INFO - new node test average_precision, 0.7712
2025-10-01 11:47:16,470 - root - INFO - new node test roc_auc, 0.7749
2025-10-01 11:48:24,152 - root - INFO - Epoch: 96, learning rate: 0.0001, train loss: 0.3776
2025-10-01 11:48:24,153 - root - INFO - train average_precision, 0.8986
2025-10-01 11:48:24,153 - root - INFO - train roc_auc, 0.9070
2025-10-01 11:48:24,153 - root - INFO - validate loss: 0.5313
2025-10-01 11:48:24,153 - root - INFO - validate average_precision, 0.8205
2025-10-01 11:48:24,153 - root - INFO - validate roc_auc, 0.8406
2025-10-01 11:48:24,153 - root - INFO - new node validate loss: 0.6195
2025-10-01 11:48:24,153 - root - INFO - new node validate average_precision, 0.7875
2025-10-01 11:48:24,153 - root - INFO - new node validate roc_auc, 0.8055
2025-10-01 11:48:37,221 - root - INFO - test loss: 0.5095
2025-10-01 11:48:37,221 - root - INFO - test average_precision, 0.8389
2025-10-01 11:48:37,221 - root - INFO - best test average_precision: 0.8416
2025-10-01 11:48:37,221 - root - INFO - test roc_auc, 0.8637
2025-10-01 11:48:37,221 - root - INFO - new node test loss: 0.6701
2025-10-01 11:48:37,221 - root - INFO - new node test average_precision, 0.7690
2025-10-01 11:48:37,221 - root - INFO - new node test roc_auc, 0.7736
2025-10-01 11:49:44,783 - root - INFO - Epoch: 97, learning rate: 0.0001, train loss: 0.3764
2025-10-01 11:49:44,783 - root - INFO - train average_precision, 0.8994
2025-10-01 11:49:44,783 - root - INFO - train roc_auc, 0.9073
2025-10-01 11:49:44,783 - root - INFO - validate loss: 0.5405
2025-10-01 11:49:44,783 - root - INFO - validate average_precision, 0.8217
2025-10-01 11:49:44,783 - root - INFO - validate roc_auc, 0.8431
2025-10-01 11:49:44,783 - root - INFO - new node validate loss: 0.6430
2025-10-01 11:49:44,783 - root - INFO - new node validate average_precision, 0.7851
2025-10-01 11:49:44,783 - root - INFO - new node validate roc_auc, 0.8046
2025-10-01 11:49:57,823 - root - INFO - test loss: 0.5119
2025-10-01 11:49:57,823 - root - INFO - test average_precision, 0.8393
2025-10-01 11:49:57,823 - root - INFO - best test average_precision: 0.8416
2025-10-01 11:49:57,823 - root - INFO - test roc_auc, 0.8653
2025-10-01 11:49:57,823 - root - INFO - new node test loss: 0.6860
2025-10-01 11:49:57,823 - root - INFO - new node test average_precision, 0.7673
2025-10-01 11:49:57,823 - root - INFO - new node test roc_auc, 0.7726
2025-10-01 11:51:05,171 - root - INFO - Epoch: 98, learning rate: 0.0001, train loss: 0.3767
2025-10-01 11:51:05,172 - root - INFO - train average_precision, 0.8987
2025-10-01 11:51:05,172 - root - INFO - train roc_auc, 0.9068
2025-10-01 11:51:05,172 - root - INFO - validate loss: 0.5468
2025-10-01 11:51:05,172 - root - INFO - validate average_precision, 0.8227
2025-10-01 11:51:05,172 - root - INFO - validate roc_auc, 0.8423
2025-10-01 11:51:05,172 - root - INFO - new node validate loss: 0.6516
2025-10-01 11:51:05,172 - root - INFO - new node validate average_precision, 0.7834
2025-10-01 11:51:05,172 - root - INFO - new node validate roc_auc, 0.8033
2025-10-01 11:51:18,198 - root - INFO - test loss: 0.5268
2025-10-01 11:51:18,198 - root - INFO - test average_precision, 0.8380
2025-10-01 11:51:18,198 - root - INFO - best test average_precision: 0.8416
2025-10-01 11:51:18,198 - root - INFO - test roc_auc, 0.8630
2025-10-01 11:51:18,198 - root - INFO - new node test loss: 0.6951
2025-10-01 11:51:18,198 - root - INFO - new node test average_precision, 0.7633
2025-10-01 11:51:18,198 - root - INFO - new node test roc_auc, 0.7730
2025-10-01 11:52:26,256 - root - INFO - Epoch: 99, learning rate: 0.0001, train loss: 0.3761
2025-10-01 11:52:26,257 - root - INFO - train average_precision, 0.8992
2025-10-01 11:52:26,257 - root - INFO - train roc_auc, 0.9070
2025-10-01 11:52:26,257 - root - INFO - validate loss: 0.5734
2025-10-01 11:52:26,257 - root - INFO - validate average_precision, 0.8223
2025-10-01 11:52:26,257 - root - INFO - validate roc_auc, 0.8429
2025-10-01 11:52:26,257 - root - INFO - new node validate loss: 0.6910
2025-10-01 11:52:26,257 - root - INFO - new node validate average_precision, 0.7833
2025-10-01 11:52:26,257 - root - INFO - new node validate roc_auc, 0.8037
2025-10-01 11:52:39,305 - root - INFO - test loss: 0.5434
2025-10-01 11:52:39,305 - root - INFO - test average_precision, 0.8402
2025-10-01 11:52:39,306 - root - INFO - best test average_precision: 0.8416
2025-10-01 11:52:39,306 - root - INFO - test roc_auc, 0.8654
2025-10-01 11:52:39,306 - root - INFO - new node test loss: 0.7255
2025-10-01 11:52:39,306 - root - INFO - new node test average_precision, 0.7677
2025-10-01 11:52:39,306 - root - INFO - new node test roc_auc, 0.7779
2025-10-01 11:53:47,245 - root - INFO - Epoch: 100, learning rate: 0.0001, train loss: 0.3748
2025-10-01 11:53:47,245 - root - INFO - train average_precision, 0.8996
2025-10-01 11:53:47,246 - root - INFO - train roc_auc, 0.9069
2025-10-01 11:53:47,246 - root - INFO - validate loss: 0.5289
2025-10-01 11:53:47,246 - root - INFO - validate average_precision, 0.8253
2025-10-01 11:53:47,246 - root - INFO - validate roc_auc, 0.8449
2025-10-01 11:53:47,246 - root - INFO - new node validate loss: 0.6208
2025-10-01 11:53:47,246 - root - INFO - new node validate average_precision, 0.7941
2025-10-01 11:53:47,246 - root - INFO - new node validate roc_auc, 0.8092
2025-10-01 11:54:00,295 - root - INFO - test loss: 0.5108
2025-10-01 11:54:00,296 - root - INFO - test average_precision, 0.8412
2025-10-01 11:54:00,296 - root - INFO - best test average_precision: 0.8416
2025-10-01 11:54:00,296 - root - INFO - test roc_auc, 0.8651
2025-10-01 11:54:00,296 - root - INFO - new node test loss: 0.6742
2025-10-01 11:54:00,296 - root - INFO - new node test average_precision, 0.7681
2025-10-01 11:54:00,296 - root - INFO - new node test roc_auc, 0.7707
2025-10-01 11:54:00,296 - root - INFO - save model ./saved_models/TGAT/enron/TGAT_seed3/TGAT_seed3.pkl
2025-10-01 11:54:00,347 - root - INFO - load model ./saved_models/TGAT/enron/TGAT_seed3/TGAT_seed3.pkl
2025-10-01 11:54:00,365 - root - INFO - get final performance on dataset enron...
2025-10-01 11:54:27,041 - root - INFO - validate loss: 0.5289
2025-10-01 11:54:27,041 - root - INFO - validate average_precision, 0.8253
2025-10-01 11:54:27,041 - root - INFO - validate roc_auc, 0.8449
2025-10-01 11:54:27,041 - root - INFO - new node validate loss: 0.6208
2025-10-01 11:54:27,041 - root - INFO - new node validate average_precision, 0.7941
2025-10-01 11:54:27,041 - root - INFO - new node validate roc_auc, 0.8092
2025-10-01 11:54:27,041 - root - INFO - test loss: 0.5108
2025-10-01 11:54:27,041 - root - INFO - test average_precision, 0.8412
2025-10-01 11:54:27,041 - root - INFO - test roc_auc, 0.8651
2025-10-01 11:54:27,041 - root - INFO - new node test loss: 0.6742
2025-10-01 11:54:27,041 - root - INFO - new node test average_precision, 0.7681
2025-10-01 11:54:27,041 - root - INFO - new node test roc_auc, 0.7707
2025-10-01 11:54:27,041 - root - INFO - Run 4 cost 8084.57 seconds.
