2025-09-30 21:05:05,535 - root - INFO - ********** Run 2 starts. **********
2025-09-30 21:05:05,536 - root - INFO - configuration is Namespace(dataset_name='SocialEvo', batch_size=200, model_name='JODIE', gpu=0, num_neighbors=10, sample_neighbor_strategy='uniform', time_scaling_factor=1e-06, num_walk_heads=8, num_heads=2, num_layers=1, walk_length=1, time_gap=2000, time_feat_dim=128, position_feat_dim=172, time_window_mode='fixed_proportion', time_encoder_type='lete', expert_dim=64, num_mixtures=4, patch_size=1, channel_embedding_dim=50, max_input_sequence_length=32, learning_rate=0.0001, dropout=0.1, gamma=0.5, num_epochs=100, optimizer='Adam', weight_decay=0.0, patience=20, val_ratio=0.15, test_ratio=0.15, num_runs=5, test_interval_epochs=1, negative_sample_strategy='random', max_interaction_times=10, load_best_configs=True, device='cuda:0', seed=1, save_model_name='JODIE_seed1')
2025-09-30 21:05:05,538 - root - INFO - time encoder type: lete
2025-09-30 21:05:07,880 - root - INFO - model -> Sequential(
  (0): MemoryModel(
    (time_encoder): TimeEncoder(
      (w): Linear(in_features=1, out_features=128, bias=True)
    )
    (message_aggregator): MessageAggregator()
    (memory_bank): MemoryBank(num_nodes=75, memory_dim=172)
    (memory_updater): RNNMemoryUpdater(
      (memory_bank): MemoryBank(num_nodes=75, memory_dim=172)
      (memory_updater): RNNCell(644, 172)
    )
    (embedding_module): TimeProjectionEmbedding(
      (dropout): Dropout(p=0.1, inplace=False)
      (linear_layer): Linear(in_features=1, out_features=172, bias=True)
    )
  )
  (1): MergeLayer(
    (fc1): Linear(in_features=344, out_features=172, bias=True)
    (fc2): Linear(in_features=172, out_features=1, bias=True)
    (act): ReLU()
  )
)
2025-09-30 21:05:07,880 - root - INFO - model name: JODIE, #parameters: 803236 B, 784.41015625 KB, 0.7660255432128906 MB.
2025-09-30 21:06:30,756 - root - INFO - Epoch: 1, learning rate: 0.0001, train loss: 0.5219
2025-09-30 21:06:30,758 - root - INFO - train average_precision, 0.7232
2025-09-30 21:06:30,758 - root - INFO - train roc_auc, 0.7892
2025-09-30 21:06:30,759 - root - INFO - validate loss: 0.5258
2025-09-30 21:06:30,759 - root - INFO - validate average_precision, 0.7258
2025-09-30 21:06:30,759 - root - INFO - validate roc_auc, 0.7915
2025-09-30 21:06:30,759 - root - INFO - new node validate loss: 0.4933
2025-09-30 21:06:30,759 - root - INFO - new node validate average_precision, 0.8055
2025-09-30 21:06:30,759 - root - INFO - new node validate roc_auc, 0.8505
2025-09-30 21:06:43,194 - root - INFO - test loss: 0.5062
2025-09-30 21:06:43,194 - root - INFO - test average_precision, 0.7378
2025-09-30 21:06:43,195 - root - INFO - best test average_precision: 0.7378
2025-09-30 21:06:43,195 - root - INFO - test roc_auc, 0.8056
2025-09-30 21:06:43,195 - root - INFO - new node test loss: 0.4945
2025-09-30 21:06:43,195 - root - INFO - new node test average_precision, 0.8237
2025-09-30 21:06:43,195 - root - INFO - new node test roc_auc, 0.8683
2025-09-30 21:06:43,196 - root - INFO - save model ./saved_models/JODIE/SocialEvo/JODIE_seed1/JODIE_seed1.pkl
2025-09-30 21:08:05,437 - root - INFO - Epoch: 2, learning rate: 0.0001, train loss: 0.4898
2025-09-30 21:08:05,438 - root - INFO - train average_precision, 0.7641
2025-09-30 21:08:05,439 - root - INFO - train roc_auc, 0.8204
2025-09-30 21:08:05,439 - root - INFO - validate loss: 0.5495
2025-09-30 21:08:05,439 - root - INFO - validate average_precision, 0.7753
2025-09-30 21:08:05,440 - root - INFO - validate roc_auc, 0.8270
2025-09-30 21:08:05,440 - root - INFO - new node validate loss: 0.4788
2025-09-30 21:08:05,440 - root - INFO - new node validate average_precision, 0.8084
2025-09-30 21:08:05,440 - root - INFO - new node validate roc_auc, 0.8531
2025-09-30 21:08:17,824 - root - INFO - test loss: 0.5232
2025-09-30 21:08:17,824 - root - INFO - test average_precision, 0.7806
2025-09-30 21:08:17,825 - root - INFO - best test average_precision: 0.7806
2025-09-30 21:08:17,825 - root - INFO - test roc_auc, 0.8349
2025-09-30 21:08:17,825 - root - INFO - new node test loss: 0.4796
2025-09-30 21:08:17,825 - root - INFO - new node test average_precision, 0.8268
2025-09-30 21:08:17,825 - root - INFO - new node test roc_auc, 0.8697
2025-09-30 21:08:17,826 - root - INFO - save model ./saved_models/JODIE/SocialEvo/JODIE_seed1/JODIE_seed1.pkl
2025-09-30 21:09:39,990 - root - INFO - Epoch: 3, learning rate: 0.0001, train loss: 0.4776
2025-09-30 21:09:39,991 - root - INFO - train average_precision, 0.7856
2025-09-30 21:09:39,992 - root - INFO - train roc_auc, 0.8360
2025-09-30 21:09:39,992 - root - INFO - validate loss: 0.5082
2025-09-30 21:09:39,992 - root - INFO - validate average_precision, 0.7661
2025-09-30 21:09:39,993 - root - INFO - validate roc_auc, 0.8159
2025-09-30 21:09:39,993 - root - INFO - new node validate loss: 0.4339
2025-09-30 21:09:39,993 - root - INFO - new node validate average_precision, 0.8736
2025-09-30 21:09:39,993 - root - INFO - new node validate roc_auc, 0.8994
2025-09-30 21:09:52,426 - root - INFO - test loss: 0.4793
2025-09-30 21:09:52,427 - root - INFO - test average_precision, 0.7827
2025-09-30 21:09:52,427 - root - INFO - best test average_precision: 0.7827
2025-09-30 21:09:52,427 - root - INFO - test roc_auc, 0.8334
2025-09-30 21:09:52,427 - root - INFO - new node test loss: 0.4321
2025-09-30 21:09:52,427 - root - INFO - new node test average_precision, 0.8923
2025-09-30 21:09:52,427 - root - INFO - new node test roc_auc, 0.9171
2025-09-30 21:11:14,629 - root - INFO - Epoch: 4, learning rate: 0.0001, train loss: 0.4587
2025-09-30 21:11:14,631 - root - INFO - train average_precision, 0.8112
2025-09-30 21:11:14,632 - root - INFO - train roc_auc, 0.8533
2025-09-30 21:11:14,632 - root - INFO - validate loss: 0.4733
2025-09-30 21:11:14,632 - root - INFO - validate average_precision, 0.8251
2025-09-30 21:11:14,633 - root - INFO - validate roc_auc, 0.8609
2025-09-30 21:11:14,633 - root - INFO - new node validate loss: 0.4688
2025-09-30 21:11:14,633 - root - INFO - new node validate average_precision, 0.8262
2025-09-30 21:11:14,633 - root - INFO - new node validate roc_auc, 0.8666
2025-09-30 21:11:27,028 - root - INFO - test loss: 0.4490
2025-09-30 21:11:27,028 - root - INFO - test average_precision, 0.8366
2025-09-30 21:11:27,029 - root - INFO - best test average_precision: 0.8366
2025-09-30 21:11:27,029 - root - INFO - test roc_auc, 0.8730
2025-09-30 21:11:27,029 - root - INFO - new node test loss: 0.4613
2025-09-30 21:11:27,029 - root - INFO - new node test average_precision, 0.8483
2025-09-30 21:11:27,029 - root - INFO - new node test roc_auc, 0.8845
2025-09-30 21:11:27,029 - root - INFO - save model ./saved_models/JODIE/SocialEvo/JODIE_seed1/JODIE_seed1.pkl
2025-09-30 21:12:49,321 - root - INFO - Epoch: 5, learning rate: 0.0001, train loss: 0.4452
2025-09-30 21:12:49,322 - root - INFO - train average_precision, 0.8258
2025-09-30 21:12:49,323 - root - INFO - train roc_auc, 0.8639
2025-09-30 21:12:49,323 - root - INFO - validate loss: 0.6238
2025-09-30 21:12:49,323 - root - INFO - validate average_precision, 0.7388
2025-09-30 21:12:49,324 - root - INFO - validate roc_auc, 0.7985
2025-09-30 21:12:49,324 - root - INFO - new node validate loss: 0.4390
2025-09-30 21:12:49,324 - root - INFO - new node validate average_precision, 0.8611
2025-09-30 21:12:49,324 - root - INFO - new node validate roc_auc, 0.8912
2025-09-30 21:13:01,761 - root - INFO - test loss: 0.6471
2025-09-30 21:13:01,762 - root - INFO - test average_precision, 0.7249
2025-09-30 21:13:01,762 - root - INFO - best test average_precision: 0.8366
2025-09-30 21:13:01,762 - root - INFO - test roc_auc, 0.7911
2025-09-30 21:13:01,762 - root - INFO - new node test loss: 0.4644
2025-09-30 21:13:01,762 - root - INFO - new node test average_precision, 0.8465
2025-09-30 21:13:01,762 - root - INFO - new node test roc_auc, 0.8837
2025-09-30 21:14:24,264 - root - INFO - Epoch: 6, learning rate: 0.0001, train loss: 0.4398
2025-09-30 21:14:24,265 - root - INFO - train average_precision, 0.8304
2025-09-30 21:14:24,266 - root - INFO - train roc_auc, 0.8675
2025-09-30 21:14:24,266 - root - INFO - validate loss: 0.5978
2025-09-30 21:14:24,267 - root - INFO - validate average_precision, 0.7374
2025-09-30 21:14:24,267 - root - INFO - validate roc_auc, 0.7967
2025-09-30 21:14:24,267 - root - INFO - new node validate loss: 0.3992
2025-09-30 21:14:24,267 - root - INFO - new node validate average_precision, 0.8837
2025-09-30 21:14:24,267 - root - INFO - new node validate roc_auc, 0.9095
2025-09-30 21:14:36,721 - root - INFO - test loss: 0.5641
2025-09-30 21:14:36,721 - root - INFO - test average_precision, 0.7544
2025-09-30 21:14:36,721 - root - INFO - best test average_precision: 0.8366
2025-09-30 21:14:36,721 - root - INFO - test roc_auc, 0.8136
2025-09-30 21:14:36,722 - root - INFO - new node test loss: 0.3975
2025-09-30 21:14:36,722 - root - INFO - new node test average_precision, 0.8961
2025-09-30 21:14:36,722 - root - INFO - new node test roc_auc, 0.9198
2025-09-30 21:15:59,116 - root - INFO - Epoch: 7, learning rate: 0.0001, train loss: 0.4344
2025-09-30 21:15:59,118 - root - INFO - train average_precision, 0.8375
2025-09-30 21:15:59,119 - root - INFO - train roc_auc, 0.8722
2025-09-30 21:15:59,119 - root - INFO - validate loss: 0.4423
2025-09-30 21:15:59,119 - root - INFO - validate average_precision, 0.8427
2025-09-30 21:15:59,119 - root - INFO - validate roc_auc, 0.8753
2025-09-30 21:15:59,119 - root - INFO - new node validate loss: 0.3770
2025-09-30 21:15:59,120 - root - INFO - new node validate average_precision, 0.8998
2025-09-30 21:15:59,120 - root - INFO - new node validate roc_auc, 0.9205
2025-09-30 21:16:11,700 - root - INFO - test loss: 0.4182
2025-09-30 21:16:11,701 - root - INFO - test average_precision, 0.8578
2025-09-30 21:16:11,701 - root - INFO - best test average_precision: 0.8578
2025-09-30 21:16:11,701 - root - INFO - test roc_auc, 0.8885
2025-09-30 21:16:11,701 - root - INFO - new node test loss: 0.3719
2025-09-30 21:16:11,701 - root - INFO - new node test average_precision, 0.9046
2025-09-30 21:16:11,702 - root - INFO - new node test roc_auc, 0.9256
2025-09-30 21:16:11,702 - root - INFO - save model ./saved_models/JODIE/SocialEvo/JODIE_seed1/JODIE_seed1.pkl
2025-09-30 21:17:35,390 - root - INFO - Epoch: 8, learning rate: 0.0001, train loss: 0.4252
2025-09-30 21:17:35,392 - root - INFO - train average_precision, 0.8453
2025-09-30 21:17:35,393 - root - INFO - train roc_auc, 0.8781
2025-09-30 21:17:35,393 - root - INFO - validate loss: 0.5408
2025-09-30 21:17:35,393 - root - INFO - validate average_precision, 0.7960
2025-09-30 21:17:35,393 - root - INFO - validate roc_auc, 0.8393
2025-09-30 21:17:35,393 - root - INFO - new node validate loss: 0.3768
2025-09-30 21:17:35,393 - root - INFO - new node validate average_precision, 0.8915
2025-09-30 21:17:35,393 - root - INFO - new node validate roc_auc, 0.9155
2025-09-30 21:17:47,858 - root - INFO - test loss: 0.5038
2025-09-30 21:17:47,858 - root - INFO - test average_precision, 0.8159
2025-09-30 21:17:47,858 - root - INFO - best test average_precision: 0.8578
2025-09-30 21:17:47,858 - root - INFO - test roc_auc, 0.8575
2025-09-30 21:17:47,859 - root - INFO - new node test loss: 0.3685
2025-09-30 21:17:47,859 - root - INFO - new node test average_precision, 0.9015
2025-09-30 21:17:47,859 - root - INFO - new node test roc_auc, 0.9245
2025-09-30 21:19:11,185 - root - INFO - Epoch: 9, learning rate: 0.0001, train loss: 0.4203
2025-09-30 21:19:11,187 - root - INFO - train average_precision, 0.8492
2025-09-30 21:19:11,188 - root - INFO - train roc_auc, 0.8811
2025-09-30 21:19:11,188 - root - INFO - validate loss: 0.4837
2025-09-30 21:19:11,188 - root - INFO - validate average_precision, 0.8400
2025-09-30 21:19:11,188 - root - INFO - validate roc_auc, 0.8725
2025-09-30 21:19:11,189 - root - INFO - new node validate loss: 0.3834
2025-09-30 21:19:11,189 - root - INFO - new node validate average_precision, 0.8956
2025-09-30 21:19:11,189 - root - INFO - new node validate roc_auc, 0.9153
2025-09-30 21:19:23,435 - root - INFO - test loss: 0.4491
2025-09-30 21:19:23,436 - root - INFO - test average_precision, 0.8539
2025-09-30 21:19:23,436 - root - INFO - best test average_precision: 0.8578
2025-09-30 21:19:23,437 - root - INFO - test roc_auc, 0.8843
2025-09-30 21:19:23,437 - root - INFO - new node test loss: 0.3731
2025-09-30 21:19:23,437 - root - INFO - new node test average_precision, 0.8889
2025-09-30 21:19:23,437 - root - INFO - new node test roc_auc, 0.9198
2025-09-30 21:20:45,720 - root - INFO - Epoch: 10, learning rate: 0.0001, train loss: 0.4136
2025-09-30 21:20:45,722 - root - INFO - train average_precision, 0.8554
2025-09-30 21:20:45,722 - root - INFO - train roc_auc, 0.8855
2025-09-30 21:20:45,722 - root - INFO - validate loss: 0.4161
2025-09-30 21:20:45,723 - root - INFO - validate average_precision, 0.8579
2025-09-30 21:20:45,723 - root - INFO - validate roc_auc, 0.8866
2025-09-30 21:20:45,723 - root - INFO - new node validate loss: 0.3722
2025-09-30 21:20:45,723 - root - INFO - new node validate average_precision, 0.9009
2025-09-30 21:20:45,723 - root - INFO - new node validate roc_auc, 0.9184
2025-09-30 21:20:57,943 - root - INFO - test loss: 0.3936
2025-09-30 21:20:57,943 - root - INFO - test average_precision, 0.8706
2025-09-30 21:20:57,944 - root - INFO - best test average_precision: 0.8706
2025-09-30 21:20:57,944 - root - INFO - test roc_auc, 0.8981
2025-09-30 21:20:57,944 - root - INFO - new node test loss: 0.3597
2025-09-30 21:20:57,944 - root - INFO - new node test average_precision, 0.9095
2025-09-30 21:20:57,944 - root - INFO - new node test roc_auc, 0.9288
2025-09-30 21:20:57,945 - root - INFO - save model ./saved_models/JODIE/SocialEvo/JODIE_seed1/JODIE_seed1.pkl
2025-09-30 21:22:20,620 - root - INFO - Epoch: 11, learning rate: 0.0001, train loss: 0.4112
2025-09-30 21:22:20,621 - root - INFO - train average_precision, 0.8570
2025-09-30 21:22:20,622 - root - INFO - train roc_auc, 0.8866
2025-09-30 21:22:20,622 - root - INFO - validate loss: 0.4723
2025-09-30 21:22:20,622 - root - INFO - validate average_precision, 0.8385
2025-09-30 21:22:20,623 - root - INFO - validate roc_auc, 0.8722
2025-09-30 21:22:20,623 - root - INFO - new node validate loss: 0.3691
2025-09-30 21:22:20,623 - root - INFO - new node validate average_precision, 0.8877
2025-09-30 21:22:20,623 - root - INFO - new node validate roc_auc, 0.9155
2025-09-30 21:22:32,801 - root - INFO - test loss: 0.4314
2025-09-30 21:22:32,801 - root - INFO - test average_precision, 0.8595
2025-09-30 21:22:32,801 - root - INFO - best test average_precision: 0.8706
2025-09-30 21:22:32,801 - root - INFO - test roc_auc, 0.8903
2025-09-30 21:22:32,802 - root - INFO - new node test loss: 0.3629
2025-09-30 21:22:32,802 - root - INFO - new node test average_precision, 0.9023
2025-09-30 21:22:32,802 - root - INFO - new node test roc_auc, 0.9270
2025-09-30 21:23:55,132 - root - INFO - Epoch: 12, learning rate: 0.0001, train loss: 0.4065
2025-09-30 21:23:55,134 - root - INFO - train average_precision, 0.8614
2025-09-30 21:23:55,135 - root - INFO - train roc_auc, 0.8896
2025-09-30 21:23:55,135 - root - INFO - validate loss: 0.4141
2025-09-30 21:23:55,135 - root - INFO - validate average_precision, 0.8629
2025-09-30 21:23:55,135 - root - INFO - validate roc_auc, 0.8904
2025-09-30 21:23:55,135 - root - INFO - new node validate loss: 0.4062
2025-09-30 21:23:55,135 - root - INFO - new node validate average_precision, 0.8684
2025-09-30 21:23:55,135 - root - INFO - new node validate roc_auc, 0.8996
2025-09-30 21:24:07,473 - root - INFO - test loss: 0.3849
2025-09-30 21:24:07,474 - root - INFO - test average_precision, 0.8763
2025-09-30 21:24:07,474 - root - INFO - best test average_precision: 0.8763
2025-09-30 21:24:07,474 - root - INFO - test roc_auc, 0.9028
2025-09-30 21:24:07,474 - root - INFO - new node test loss: 0.4079
2025-09-30 21:24:07,475 - root - INFO - new node test average_precision, 0.8825
2025-09-30 21:24:07,475 - root - INFO - new node test roc_auc, 0.9093
2025-09-30 21:24:07,475 - root - INFO - save model ./saved_models/JODIE/SocialEvo/JODIE_seed1/JODIE_seed1.pkl
2025-09-30 21:25:29,407 - root - INFO - Epoch: 13, learning rate: 0.0001, train loss: 0.4028
2025-09-30 21:25:29,408 - root - INFO - train average_precision, 0.8641
2025-09-30 21:25:29,409 - root - INFO - train roc_auc, 0.8917
2025-09-30 21:25:29,409 - root - INFO - validate loss: 0.4292
2025-09-30 21:25:29,410 - root - INFO - validate average_precision, 0.8584
2025-09-30 21:25:29,410 - root - INFO - validate roc_auc, 0.8861
2025-09-30 21:25:29,410 - root - INFO - new node validate loss: 0.3659
2025-09-30 21:25:29,410 - root - INFO - new node validate average_precision, 0.8778
2025-09-30 21:25:29,410 - root - INFO - new node validate roc_auc, 0.9117
2025-09-30 21:25:41,776 - root - INFO - test loss: 0.4093
2025-09-30 21:25:41,776 - root - INFO - test average_precision, 0.8719
2025-09-30 21:25:41,777 - root - INFO - best test average_precision: 0.8763
2025-09-30 21:25:41,777 - root - INFO - test roc_auc, 0.8987
2025-09-30 21:25:41,777 - root - INFO - new node test loss: 0.3611
2025-09-30 21:25:41,777 - root - INFO - new node test average_precision, 0.8921
2025-09-30 21:25:41,777 - root - INFO - new node test roc_auc, 0.9226
2025-09-30 21:27:03,916 - root - INFO - Epoch: 14, learning rate: 0.0001, train loss: 0.4032
2025-09-30 21:27:03,918 - root - INFO - train average_precision, 0.8637
2025-09-30 21:27:03,919 - root - INFO - train roc_auc, 0.8916
2025-09-30 21:27:03,919 - root - INFO - validate loss: 0.4269
2025-09-30 21:27:03,919 - root - INFO - validate average_precision, 0.8579
2025-09-30 21:27:03,919 - root - INFO - validate roc_auc, 0.8853
2025-09-30 21:27:03,919 - root - INFO - new node validate loss: 0.3769
2025-09-30 21:27:03,919 - root - INFO - new node validate average_precision, 0.8891
2025-09-30 21:27:03,920 - root - INFO - new node validate roc_auc, 0.9128
2025-09-30 21:27:16,136 - root - INFO - test loss: 0.3867
2025-09-30 21:27:16,136 - root - INFO - test average_precision, 0.8777
2025-09-30 21:27:16,136 - root - INFO - best test average_precision: 0.8777
2025-09-30 21:27:16,137 - root - INFO - test roc_auc, 0.9033
2025-09-30 21:27:16,137 - root - INFO - new node test loss: 0.3510
2025-09-30 21:27:16,137 - root - INFO - new node test average_precision, 0.9128
2025-09-30 21:27:16,137 - root - INFO - new node test roc_auc, 0.9325
2025-09-30 21:28:38,324 - root - INFO - Epoch: 15, learning rate: 0.0001, train loss: 0.4034
2025-09-30 21:28:38,326 - root - INFO - train average_precision, 0.8645
2025-09-30 21:28:38,327 - root - INFO - train roc_auc, 0.8918
2025-09-30 21:28:38,327 - root - INFO - validate loss: 0.4090
2025-09-30 21:28:38,327 - root - INFO - validate average_precision, 0.8654
2025-09-30 21:28:38,327 - root - INFO - validate roc_auc, 0.8921
2025-09-30 21:28:38,327 - root - INFO - new node validate loss: 0.3755
2025-09-30 21:28:38,327 - root - INFO - new node validate average_precision, 0.9008
2025-09-30 21:28:38,327 - root - INFO - new node validate roc_auc, 0.9176
2025-09-30 21:28:50,648 - root - INFO - test loss: 0.3847
2025-09-30 21:28:50,648 - root - INFO - test average_precision, 0.8798
2025-09-30 21:28:50,649 - root - INFO - best test average_precision: 0.8798
2025-09-30 21:28:50,649 - root - INFO - test roc_auc, 0.9045
2025-09-30 21:28:50,649 - root - INFO - new node test loss: 0.3907
2025-09-30 21:28:50,649 - root - INFO - new node test average_precision, 0.9024
2025-09-30 21:28:50,649 - root - INFO - new node test roc_auc, 0.9204
2025-09-30 21:28:50,650 - root - INFO - save model ./saved_models/JODIE/SocialEvo/JODIE_seed1/JODIE_seed1.pkl
2025-09-30 21:30:12,945 - root - INFO - Epoch: 16, learning rate: 0.0001, train loss: 0.3983
2025-09-30 21:30:12,946 - root - INFO - train average_precision, 0.8678
2025-09-30 21:30:12,947 - root - INFO - train roc_auc, 0.8944
2025-09-30 21:30:12,947 - root - INFO - validate loss: 0.4771
2025-09-30 21:30:12,947 - root - INFO - validate average_precision, 0.8544
2025-09-30 21:30:12,948 - root - INFO - validate roc_auc, 0.8830
2025-09-30 21:30:12,948 - root - INFO - new node validate loss: 0.3911
2025-09-30 21:30:12,948 - root - INFO - new node validate average_precision, 0.8918
2025-09-30 21:30:12,948 - root - INFO - new node validate roc_auc, 0.9140
2025-09-30 21:30:25,265 - root - INFO - test loss: 0.4322
2025-09-30 21:30:25,266 - root - INFO - test average_precision, 0.8709
2025-09-30 21:30:25,266 - root - INFO - best test average_precision: 0.8798
2025-09-30 21:30:25,266 - root - INFO - test roc_auc, 0.8975
2025-09-30 21:30:25,266 - root - INFO - new node test loss: 0.3675
2025-09-30 21:30:25,266 - root - INFO - new node test average_precision, 0.9093
2025-09-30 21:30:25,267 - root - INFO - new node test roc_auc, 0.9297
2025-09-30 21:31:47,674 - root - INFO - Epoch: 17, learning rate: 0.0001, train loss: 0.3996
2025-09-30 21:31:47,675 - root - INFO - train average_precision, 0.8665
2025-09-30 21:31:47,676 - root - INFO - train roc_auc, 0.8935
2025-09-30 21:31:47,676 - root - INFO - validate loss: 0.4326
2025-09-30 21:31:47,676 - root - INFO - validate average_precision, 0.8473
2025-09-30 21:31:47,676 - root - INFO - validate roc_auc, 0.8844
2025-09-30 21:31:47,677 - root - INFO - new node validate loss: 0.3823
2025-09-30 21:31:47,677 - root - INFO - new node validate average_precision, 0.8818
2025-09-30 21:31:47,677 - root - INFO - new node validate roc_auc, 0.9110
2025-09-30 21:31:59,926 - root - INFO - test loss: 0.5117
2025-09-30 21:31:59,926 - root - INFO - test average_precision, 0.8137
2025-09-30 21:31:59,926 - root - INFO - best test average_precision: 0.8798
2025-09-30 21:31:59,927 - root - INFO - test roc_auc, 0.8782
2025-09-30 21:31:59,927 - root - INFO - new node test loss: 0.3660
2025-09-30 21:31:59,927 - root - INFO - new node test average_precision, 0.8901
2025-09-30 21:31:59,927 - root - INFO - new node test roc_auc, 0.9210
2025-09-30 21:33:22,087 - root - INFO - Epoch: 18, learning rate: 0.0001, train loss: 0.3951
2025-09-30 21:33:22,089 - root - INFO - train average_precision, 0.8690
2025-09-30 21:33:22,089 - root - INFO - train roc_auc, 0.8954
2025-09-30 21:33:22,089 - root - INFO - validate loss: 0.4558
2025-09-30 21:33:22,090 - root - INFO - validate average_precision, 0.8466
2025-09-30 21:33:22,090 - root - INFO - validate roc_auc, 0.8767
2025-09-30 21:33:22,090 - root - INFO - new node validate loss: 0.3614
2025-09-30 21:33:22,090 - root - INFO - new node validate average_precision, 0.8990
2025-09-30 21:33:22,090 - root - INFO - new node validate roc_auc, 0.9185
2025-09-30 21:33:34,424 - root - INFO - test loss: 0.4294
2025-09-30 21:33:34,424 - root - INFO - test average_precision, 0.8611
2025-09-30 21:33:34,424 - root - INFO - best test average_precision: 0.8798
2025-09-30 21:33:34,424 - root - INFO - test roc_auc, 0.8891
2025-09-30 21:33:34,425 - root - INFO - new node test loss: 0.3578
2025-09-30 21:33:34,425 - root - INFO - new node test average_precision, 0.9054
2025-09-30 21:33:34,425 - root - INFO - new node test roc_auc, 0.9242
2025-09-30 21:34:56,175 - root - INFO - Epoch: 19, learning rate: 0.0001, train loss: 0.3946
2025-09-30 21:34:56,177 - root - INFO - train average_precision, 0.8706
2025-09-30 21:34:56,177 - root - INFO - train roc_auc, 0.8964
2025-09-30 21:34:56,177 - root - INFO - validate loss: 0.4219
2025-09-30 21:34:56,178 - root - INFO - validate average_precision, 0.8693
2025-09-30 21:34:56,178 - root - INFO - validate roc_auc, 0.8945
2025-09-30 21:34:56,178 - root - INFO - new node validate loss: 0.3879
2025-09-30 21:34:56,178 - root - INFO - new node validate average_precision, 0.8919
2025-09-30 21:34:56,178 - root - INFO - new node validate roc_auc, 0.9117
2025-09-30 21:35:08,365 - root - INFO - test loss: 0.3981
2025-09-30 21:35:08,366 - root - INFO - test average_precision, 0.8832
2025-09-30 21:35:08,366 - root - INFO - best test average_precision: 0.8832
2025-09-30 21:35:08,366 - root - INFO - test roc_auc, 0.9065
2025-09-30 21:35:08,366 - root - INFO - new node test loss: 0.3716
2025-09-30 21:35:08,366 - root - INFO - new node test average_precision, 0.9039
2025-09-30 21:35:08,366 - root - INFO - new node test roc_auc, 0.9250
2025-09-30 21:35:08,367 - root - INFO - save model ./saved_models/JODIE/SocialEvo/JODIE_seed1/JODIE_seed1.pkl
2025-09-30 21:36:30,482 - root - INFO - Epoch: 20, learning rate: 0.0001, train loss: 0.3933
2025-09-30 21:36:30,483 - root - INFO - train average_precision, 0.8709
2025-09-30 21:36:30,484 - root - INFO - train roc_auc, 0.8966
2025-09-30 21:36:30,484 - root - INFO - validate loss: 0.5016
2025-09-30 21:36:30,484 - root - INFO - validate average_precision, 0.8504
2025-09-30 21:36:30,485 - root - INFO - validate roc_auc, 0.8802
2025-09-30 21:36:30,485 - root - INFO - new node validate loss: 0.3750
2025-09-30 21:36:30,485 - root - INFO - new node validate average_precision, 0.9033
2025-09-30 21:36:30,485 - root - INFO - new node validate roc_auc, 0.9203
2025-09-30 21:36:42,816 - root - INFO - test loss: 0.4739
2025-09-30 21:36:42,816 - root - INFO - test average_precision, 0.8574
2025-09-30 21:36:42,817 - root - INFO - best test average_precision: 0.8832
2025-09-30 21:36:42,817 - root - INFO - test roc_auc, 0.8886
2025-09-30 21:36:42,817 - root - INFO - new node test loss: 0.3514
2025-09-30 21:36:42,817 - root - INFO - new node test average_precision, 0.9133
2025-09-30 21:36:42,817 - root - INFO - new node test roc_auc, 0.9325
2025-09-30 21:38:04,965 - root - INFO - Epoch: 21, learning rate: 0.0001, train loss: 0.3950
2025-09-30 21:38:04,967 - root - INFO - train average_precision, 0.8699
2025-09-30 21:38:04,967 - root - INFO - train roc_auc, 0.8958
2025-09-30 21:38:04,967 - root - INFO - validate loss: 0.4081
2025-09-30 21:38:04,968 - root - INFO - validate average_precision, 0.8655
2025-09-30 21:38:04,968 - root - INFO - validate roc_auc, 0.8925
2025-09-30 21:38:04,968 - root - INFO - new node validate loss: 0.3566
2025-09-30 21:38:04,968 - root - INFO - new node validate average_precision, 0.9025
2025-09-30 21:38:04,968 - root - INFO - new node validate roc_auc, 0.9218
2025-09-30 21:38:17,138 - root - INFO - test loss: 0.3823
2025-09-30 21:38:17,139 - root - INFO - test average_precision, 0.8775
2025-09-30 21:38:17,139 - root - INFO - best test average_precision: 0.8832
2025-09-30 21:38:17,139 - root - INFO - test roc_auc, 0.9036
2025-09-30 21:38:17,139 - root - INFO - new node test loss: 0.3363
2025-09-30 21:38:17,139 - root - INFO - new node test average_precision, 0.9129
2025-09-30 21:38:17,139 - root - INFO - new node test roc_auc, 0.9331
2025-09-30 21:39:39,534 - root - INFO - Epoch: 22, learning rate: 0.0001, train loss: 0.3919
2025-09-30 21:39:39,535 - root - INFO - train average_precision, 0.8715
2025-09-30 21:39:39,536 - root - INFO - train roc_auc, 0.8971
2025-09-30 21:39:39,536 - root - INFO - validate loss: 0.3968
2025-09-30 21:39:39,536 - root - INFO - validate average_precision, 0.8731
2025-09-30 21:39:39,536 - root - INFO - validate roc_auc, 0.8984
2025-09-30 21:39:39,536 - root - INFO - new node validate loss: 0.3619
2025-09-30 21:39:39,537 - root - INFO - new node validate average_precision, 0.8926
2025-09-30 21:39:39,537 - root - INFO - new node validate roc_auc, 0.9175
2025-09-30 21:39:51,881 - root - INFO - test loss: 0.3722
2025-09-30 21:39:51,882 - root - INFO - test average_precision, 0.8867
2025-09-30 21:39:51,882 - root - INFO - best test average_precision: 0.8867
2025-09-30 21:39:51,882 - root - INFO - test roc_auc, 0.9095
2025-09-30 21:39:51,882 - root - INFO - new node test loss: 0.3376
2025-09-30 21:39:51,882 - root - INFO - new node test average_precision, 0.9062
2025-09-30 21:39:51,882 - root - INFO - new node test roc_auc, 0.9305
2025-09-30 21:39:51,883 - root - INFO - save model ./saved_models/JODIE/SocialEvo/JODIE_seed1/JODIE_seed1.pkl
2025-09-30 21:41:14,028 - root - INFO - Epoch: 23, learning rate: 0.0001, train loss: 0.3914
2025-09-30 21:41:14,029 - root - INFO - train average_precision, 0.8727
2025-09-30 21:41:14,030 - root - INFO - train roc_auc, 0.8978
2025-09-30 21:41:14,030 - root - INFO - validate loss: 0.3978
2025-09-30 21:41:14,030 - root - INFO - validate average_precision, 0.8736
2025-09-30 21:41:14,031 - root - INFO - validate roc_auc, 0.8995
2025-09-30 21:41:14,031 - root - INFO - new node validate loss: 0.3968
2025-09-30 21:41:14,031 - root - INFO - new node validate average_precision, 0.8873
2025-09-30 21:41:14,031 - root - INFO - new node validate roc_auc, 0.9066
2025-09-30 21:41:26,307 - root - INFO - test loss: 0.3715
2025-09-30 21:41:26,307 - root - INFO - test average_precision, 0.8876
2025-09-30 21:41:26,307 - root - INFO - best test average_precision: 0.8876
2025-09-30 21:41:26,308 - root - INFO - test roc_auc, 0.9113
2025-09-30 21:41:26,308 - root - INFO - new node test loss: 0.3505
2025-09-30 21:41:26,308 - root - INFO - new node test average_precision, 0.9025
2025-09-30 21:41:26,308 - root - INFO - new node test roc_auc, 0.9277
2025-09-30 21:41:26,308 - root - INFO - save model ./saved_models/JODIE/SocialEvo/JODIE_seed1/JODIE_seed1.pkl
2025-09-30 21:42:48,396 - root - INFO - Epoch: 24, learning rate: 0.0001, train loss: 0.3902
2025-09-30 21:42:48,398 - root - INFO - train average_precision, 0.8732
2025-09-30 21:42:48,399 - root - INFO - train roc_auc, 0.8983
2025-09-30 21:42:48,399 - root - INFO - validate loss: 0.3976
2025-09-30 21:42:48,399 - root - INFO - validate average_precision, 0.8732
2025-09-30 21:42:48,399 - root - INFO - validate roc_auc, 0.8975
2025-09-30 21:42:48,399 - root - INFO - new node validate loss: 0.3583
2025-09-30 21:42:48,399 - root - INFO - new node validate average_precision, 0.9057
2025-09-30 21:42:48,400 - root - INFO - new node validate roc_auc, 0.9237
2025-09-30 21:43:00,651 - root - INFO - test loss: 0.3672
2025-09-30 21:43:00,651 - root - INFO - test average_precision, 0.8889
2025-09-30 21:43:00,651 - root - INFO - best test average_precision: 0.8889
2025-09-30 21:43:00,652 - root - INFO - test roc_auc, 0.9114
2025-09-30 21:43:00,652 - root - INFO - new node test loss: 0.3417
2025-09-30 21:43:00,652 - root - INFO - new node test average_precision, 0.9135
2025-09-30 21:43:00,652 - root - INFO - new node test roc_auc, 0.9301
2025-09-30 21:44:22,913 - root - INFO - Epoch: 25, learning rate: 0.0001, train loss: 0.3879
2025-09-30 21:44:22,915 - root - INFO - train average_precision, 0.8742
2025-09-30 21:44:22,915 - root - INFO - train roc_auc, 0.8993
2025-09-30 21:44:22,916 - root - INFO - validate loss: 0.3994
2025-09-30 21:44:22,916 - root - INFO - validate average_precision, 0.8710
2025-09-30 21:44:22,916 - root - INFO - validate roc_auc, 0.8972
2025-09-30 21:44:22,916 - root - INFO - new node validate loss: 0.3609
2025-09-30 21:44:22,916 - root - INFO - new node validate average_precision, 0.8951
2025-09-30 21:44:22,916 - root - INFO - new node validate roc_auc, 0.9189
2025-09-30 21:44:35,221 - root - INFO - test loss: 0.3729
2025-09-30 21:44:35,221 - root - INFO - test average_precision, 0.8848
2025-09-30 21:44:35,222 - root - INFO - best test average_precision: 0.8889
2025-09-30 21:44:35,222 - root - INFO - test roc_auc, 0.9092
2025-09-30 21:44:35,222 - root - INFO - new node test loss: 0.3366
2025-09-30 21:44:35,222 - root - INFO - new node test average_precision, 0.9162
2025-09-30 21:44:35,222 - root - INFO - new node test roc_auc, 0.9322
2025-09-30 21:45:57,569 - root - INFO - Epoch: 26, learning rate: 0.0001, train loss: 0.3874
2025-09-30 21:45:57,571 - root - INFO - train average_precision, 0.8748
2025-09-30 21:45:57,571 - root - INFO - train roc_auc, 0.8997
2025-09-30 21:45:57,572 - root - INFO - validate loss: 0.4101
2025-09-30 21:45:57,572 - root - INFO - validate average_precision, 0.8690
2025-09-30 21:45:57,572 - root - INFO - validate roc_auc, 0.8938
2025-09-30 21:45:57,572 - root - INFO - new node validate loss: 0.3568
2025-09-30 21:45:57,572 - root - INFO - new node validate average_precision, 0.9033
2025-09-30 21:45:57,572 - root - INFO - new node validate roc_auc, 0.9245
2025-09-30 21:46:09,940 - root - INFO - test loss: 0.3800
2025-09-30 21:46:09,941 - root - INFO - test average_precision, 0.8850
2025-09-30 21:46:09,941 - root - INFO - best test average_precision: 0.8889
2025-09-30 21:46:09,941 - root - INFO - test roc_auc, 0.9072
2025-09-30 21:46:09,941 - root - INFO - new node test loss: 0.3647
2025-09-30 21:46:09,941 - root - INFO - new node test average_precision, 0.9067
2025-09-30 21:46:09,941 - root - INFO - new node test roc_auc, 0.9232
2025-09-30 21:47:32,159 - root - INFO - Epoch: 27, learning rate: 0.0001, train loss: 0.3854
2025-09-30 21:47:32,161 - root - INFO - train average_precision, 0.8756
2025-09-30 21:47:32,161 - root - INFO - train roc_auc, 0.9003
2025-09-30 21:47:32,162 - root - INFO - validate loss: 0.4239
2025-09-30 21:47:32,162 - root - INFO - validate average_precision, 0.8657
2025-09-30 21:47:32,162 - root - INFO - validate roc_auc, 0.8921
2025-09-30 21:47:32,162 - root - INFO - new node validate loss: 0.3758
2025-09-30 21:47:32,162 - root - INFO - new node validate average_precision, 0.9039
2025-09-30 21:47:32,162 - root - INFO - new node validate roc_auc, 0.9190
2025-09-30 21:47:44,517 - root - INFO - test loss: 0.3849
2025-09-30 21:47:44,517 - root - INFO - test average_precision, 0.8835
2025-09-30 21:47:44,517 - root - INFO - best test average_precision: 0.8889
2025-09-30 21:47:44,517 - root - INFO - test roc_auc, 0.9075
2025-09-30 21:47:44,518 - root - INFO - new node test loss: 0.3412
2025-09-30 21:47:44,518 - root - INFO - new node test average_precision, 0.9176
2025-09-30 21:47:44,518 - root - INFO - new node test roc_auc, 0.9347
2025-09-30 21:49:06,721 - root - INFO - Epoch: 28, learning rate: 0.0001, train loss: 0.3871
2025-09-30 21:49:06,722 - root - INFO - train average_precision, 0.8751
2025-09-30 21:49:06,723 - root - INFO - train roc_auc, 0.8998
2025-09-30 21:49:06,723 - root - INFO - validate loss: 0.4032
2025-09-30 21:49:06,723 - root - INFO - validate average_precision, 0.8737
2025-09-30 21:49:06,724 - root - INFO - validate roc_auc, 0.8978
2025-09-30 21:49:06,724 - root - INFO - new node validate loss: 0.3699
2025-09-30 21:49:06,724 - root - INFO - new node validate average_precision, 0.9063
2025-09-30 21:49:06,724 - root - INFO - new node validate roc_auc, 0.9219
2025-09-30 21:49:18,983 - root - INFO - test loss: 0.3767
2025-09-30 21:49:18,983 - root - INFO - test average_precision, 0.8863
2025-09-30 21:49:18,983 - root - INFO - best test average_precision: 0.8889
2025-09-30 21:49:18,984 - root - INFO - test roc_auc, 0.9090
2025-09-30 21:49:18,984 - root - INFO - new node test loss: 0.3332
2025-09-30 21:49:18,984 - root - INFO - new node test average_precision, 0.9196
2025-09-30 21:49:18,984 - root - INFO - new node test roc_auc, 0.9358
2025-09-30 21:50:40,240 - root - INFO - Epoch: 29, learning rate: 0.0001, train loss: 0.3835
2025-09-30 21:50:40,242 - root - INFO - train average_precision, 0.8765
2025-09-30 21:50:40,242 - root - INFO - train roc_auc, 0.9012
2025-09-30 21:50:40,242 - root - INFO - validate loss: 0.3892
2025-09-30 21:50:40,243 - root - INFO - validate average_precision, 0.8774
2025-09-30 21:50:40,243 - root - INFO - validate roc_auc, 0.9017
2025-09-30 21:50:40,243 - root - INFO - new node validate loss: 0.3649
2025-09-30 21:50:40,243 - root - INFO - new node validate average_precision, 0.8995
2025-09-30 21:50:40,243 - root - INFO - new node validate roc_auc, 0.9200
2025-09-30 21:50:52,425 - root - INFO - test loss: 0.3672
2025-09-30 21:50:52,425 - root - INFO - test average_precision, 0.8908
2025-09-30 21:50:52,425 - root - INFO - best test average_precision: 0.8908
2025-09-30 21:50:52,425 - root - INFO - test roc_auc, 0.9128
2025-09-30 21:50:52,426 - root - INFO - new node test loss: 0.3388
2025-09-30 21:50:52,426 - root - INFO - new node test average_precision, 0.9137
2025-09-30 21:50:52,426 - root - INFO - new node test roc_auc, 0.9339
2025-09-30 21:50:52,426 - root - INFO - save model ./saved_models/JODIE/SocialEvo/JODIE_seed1/JODIE_seed1.pkl
2025-09-30 21:52:13,890 - root - INFO - Epoch: 30, learning rate: 0.0001, train loss: 0.3848
2025-09-30 21:52:13,892 - root - INFO - train average_precision, 0.8763
2025-09-30 21:52:13,892 - root - INFO - train roc_auc, 0.9007
2025-09-30 21:52:13,893 - root - INFO - validate loss: 0.4115
2025-09-30 21:52:13,893 - root - INFO - validate average_precision, 0.8708
2025-09-30 21:52:13,893 - root - INFO - validate roc_auc, 0.8953
2025-09-30 21:52:13,893 - root - INFO - new node validate loss: 0.3921
2025-09-30 21:52:13,893 - root - INFO - new node validate average_precision, 0.8942
2025-09-30 21:52:13,893 - root - INFO - new node validate roc_auc, 0.9153
2025-09-30 21:52:26,106 - root - INFO - test loss: 0.3793
2025-09-30 21:52:26,106 - root - INFO - test average_precision, 0.8871
2025-09-30 21:52:26,107 - root - INFO - best test average_precision: 0.8908
2025-09-30 21:52:26,107 - root - INFO - test roc_auc, 0.9089
2025-09-30 21:52:26,107 - root - INFO - new node test loss: 0.3536
2025-09-30 21:52:26,107 - root - INFO - new node test average_precision, 0.9114
2025-09-30 21:52:26,107 - root - INFO - new node test roc_auc, 0.9305
2025-09-30 21:53:47,761 - root - INFO - Epoch: 31, learning rate: 0.0001, train loss: 0.3831
2025-09-30 21:53:47,762 - root - INFO - train average_precision, 0.8766
2025-09-30 21:53:47,763 - root - INFO - train roc_auc, 0.9012
2025-09-30 21:53:47,763 - root - INFO - validate loss: 0.3963
2025-09-30 21:53:47,764 - root - INFO - validate average_precision, 0.8748
2025-09-30 21:53:47,764 - root - INFO - validate roc_auc, 0.8992
2025-09-30 21:53:47,764 - root - INFO - new node validate loss: 0.3767
2025-09-30 21:53:47,764 - root - INFO - new node validate average_precision, 0.9013
2025-09-30 21:53:47,764 - root - INFO - new node validate roc_auc, 0.9186
2025-09-30 21:54:00,032 - root - INFO - test loss: 0.3680
2025-09-30 21:54:00,032 - root - INFO - test average_precision, 0.8887
2025-09-30 21:54:00,033 - root - INFO - best test average_precision: 0.8908
2025-09-30 21:54:00,033 - root - INFO - test roc_auc, 0.9116
2025-09-30 21:54:00,033 - root - INFO - new node test loss: 0.3396
2025-09-30 21:54:00,033 - root - INFO - new node test average_precision, 0.9168
2025-09-30 21:54:00,033 - root - INFO - new node test roc_auc, 0.9346
2025-09-30 21:55:21,541 - root - INFO - Epoch: 32, learning rate: 0.0001, train loss: 0.3838
2025-09-30 21:55:21,542 - root - INFO - train average_precision, 0.8773
2025-09-30 21:55:21,543 - root - INFO - train roc_auc, 0.9016
2025-09-30 21:55:21,543 - root - INFO - validate loss: 0.4407
2025-09-30 21:55:21,543 - root - INFO - validate average_precision, 0.8573
2025-09-30 21:55:21,544 - root - INFO - validate roc_auc, 0.8842
2025-09-30 21:55:21,544 - root - INFO - new node validate loss: 0.3478
2025-09-30 21:55:21,544 - root - INFO - new node validate average_precision, 0.9121
2025-09-30 21:55:21,544 - root - INFO - new node validate roc_auc, 0.9272
2025-09-30 21:55:33,805 - root - INFO - test loss: 0.3978
2025-09-30 21:55:33,805 - root - INFO - test average_precision, 0.8774
2025-09-30 21:55:33,805 - root - INFO - best test average_precision: 0.8908
2025-09-30 21:55:33,805 - root - INFO - test roc_auc, 0.9013
2025-09-30 21:55:33,805 - root - INFO - new node test loss: 0.3261
2025-09-30 21:55:33,806 - root - INFO - new node test average_precision, 0.9197
2025-09-30 21:55:33,806 - root - INFO - new node test roc_auc, 0.9366
2025-09-30 21:56:55,337 - root - INFO - Epoch: 33, learning rate: 0.0001, train loss: 0.3820
2025-09-30 21:56:55,338 - root - INFO - train average_precision, 0.8781
2025-09-30 21:56:55,339 - root - INFO - train roc_auc, 0.9021
2025-09-30 21:56:55,339 - root - INFO - validate loss: 0.3862
2025-09-30 21:56:55,339 - root - INFO - validate average_precision, 0.8817
2025-09-30 21:56:55,339 - root - INFO - validate roc_auc, 0.9049
2025-09-30 21:56:55,339 - root - INFO - new node validate loss: 0.3661
2025-09-30 21:56:55,339 - root - INFO - new node validate average_precision, 0.9039
2025-09-30 21:56:55,339 - root - INFO - new node validate roc_auc, 0.9216
2025-09-30 21:57:07,533 - root - INFO - test loss: 0.3619
2025-09-30 21:57:07,534 - root - INFO - test average_precision, 0.8949
2025-09-30 21:57:07,534 - root - INFO - best test average_precision: 0.8949
2025-09-30 21:57:07,534 - root - INFO - test roc_auc, 0.9159
2025-09-30 21:57:07,534 - root - INFO - new node test loss: 0.3519
2025-09-30 21:57:07,534 - root - INFO - new node test average_precision, 0.9051
2025-09-30 21:57:07,534 - root - INFO - new node test roc_auc, 0.9269
2025-09-30 21:57:07,535 - root - INFO - save model ./saved_models/JODIE/SocialEvo/JODIE_seed1/JODIE_seed1.pkl
2025-09-30 21:58:28,788 - root - INFO - Epoch: 34, learning rate: 0.0001, train loss: 0.3797
2025-09-30 21:58:28,790 - root - INFO - train average_precision, 0.8792
2025-09-30 21:58:28,790 - root - INFO - train roc_auc, 0.9033
2025-09-30 21:58:28,791 - root - INFO - validate loss: 0.4940
2025-09-30 21:58:28,791 - root - INFO - validate average_precision, 0.8556
2025-09-30 21:58:28,791 - root - INFO - validate roc_auc, 0.8825
2025-09-30 21:58:28,791 - root - INFO - new node validate loss: 0.3983
2025-09-30 21:58:28,791 - root - INFO - new node validate average_precision, 0.8972
2025-09-30 21:58:28,791 - root - INFO - new node validate roc_auc, 0.9135
2025-09-30 21:58:40,968 - root - INFO - test loss: 0.4864
2025-09-30 21:58:40,969 - root - INFO - test average_precision, 0.8450
2025-09-30 21:58:40,969 - root - INFO - best test average_precision: 0.8949
2025-09-30 21:58:40,969 - root - INFO - test roc_auc, 0.8856
2025-09-30 21:58:40,969 - root - INFO - new node test loss: 0.3918
2025-09-30 21:58:40,969 - root - INFO - new node test average_precision, 0.8870
2025-09-30 21:58:40,969 - root - INFO - new node test roc_auc, 0.9173
2025-09-30 22:00:02,484 - root - INFO - Epoch: 35, learning rate: 0.0001, train loss: 0.3808
2025-09-30 22:00:02,486 - root - INFO - train average_precision, 0.8790
2025-09-30 22:00:02,486 - root - INFO - train roc_auc, 0.9030
2025-09-30 22:00:02,486 - root - INFO - validate loss: 0.3871
2025-09-30 22:00:02,487 - root - INFO - validate average_precision, 0.8794
2025-09-30 22:00:02,487 - root - INFO - validate roc_auc, 0.9031
2025-09-30 22:00:02,487 - root - INFO - new node validate loss: 0.3722
2025-09-30 22:00:02,487 - root - INFO - new node validate average_precision, 0.9082
2025-09-30 22:00:02,487 - root - INFO - new node validate roc_auc, 0.9205
2025-09-30 22:00:14,833 - root - INFO - test loss: 0.3631
2025-09-30 22:00:14,833 - root - INFO - test average_precision, 0.8926
2025-09-30 22:00:14,833 - root - INFO - best test average_precision: 0.8949
2025-09-30 22:00:14,833 - root - INFO - test roc_auc, 0.9146
2025-09-30 22:00:14,833 - root - INFO - new node test loss: 0.3359
2025-09-30 22:00:14,834 - root - INFO - new node test average_precision, 0.9211
2025-09-30 22:00:14,834 - root - INFO - new node test roc_auc, 0.9366
2025-09-30 22:01:36,335 - root - INFO - Epoch: 36, learning rate: 0.0001, train loss: 0.3797
2025-09-30 22:01:36,337 - root - INFO - train average_precision, 0.8796
2025-09-30 22:01:36,337 - root - INFO - train roc_auc, 0.9032
2025-09-30 22:01:36,337 - root - INFO - validate loss: 0.3898
2025-09-30 22:01:36,338 - root - INFO - validate average_precision, 0.8814
2025-09-30 22:01:36,338 - root - INFO - validate roc_auc, 0.9048
2025-09-30 22:01:36,338 - root - INFO - new node validate loss: 0.3846
2025-09-30 22:01:36,338 - root - INFO - new node validate average_precision, 0.9027
2025-09-30 22:01:36,338 - root - INFO - new node validate roc_auc, 0.9192
2025-09-30 22:01:48,667 - root - INFO - test loss: 0.3655
2025-09-30 22:01:48,667 - root - INFO - test average_precision, 0.8927
2025-09-30 22:01:48,668 - root - INFO - best test average_precision: 0.8949
2025-09-30 22:01:48,668 - root - INFO - test roc_auc, 0.9145
2025-09-30 22:01:48,668 - root - INFO - new node test loss: 0.3320
2025-09-30 22:01:48,668 - root - INFO - new node test average_precision, 0.9153
2025-09-30 22:01:48,668 - root - INFO - new node test roc_auc, 0.9349
2025-09-30 22:03:10,250 - root - INFO - Epoch: 37, learning rate: 0.0001, train loss: 0.3805
2025-09-30 22:03:10,252 - root - INFO - train average_precision, 0.8796
2025-09-30 22:03:10,252 - root - INFO - train roc_auc, 0.9032
2025-09-30 22:03:10,252 - root - INFO - validate loss: 0.3845
2025-09-30 22:03:10,253 - root - INFO - validate average_precision, 0.8804
2025-09-30 22:03:10,253 - root - INFO - validate roc_auc, 0.9043
2025-09-30 22:03:10,253 - root - INFO - new node validate loss: 0.3467
2025-09-30 22:03:10,253 - root - INFO - new node validate average_precision, 0.9151
2025-09-30 22:03:10,253 - root - INFO - new node validate roc_auc, 0.9292
2025-09-30 22:03:22,535 - root - INFO - test loss: 0.3577
2025-09-30 22:03:22,536 - root - INFO - test average_precision, 0.8949
2025-09-30 22:03:22,536 - root - INFO - best test average_precision: 0.8949
2025-09-30 22:03:22,536 - root - INFO - test roc_auc, 0.9167
2025-09-30 22:03:22,536 - root - INFO - new node test loss: 0.3275
2025-09-30 22:03:22,536 - root - INFO - new node test average_precision, 0.9214
2025-09-30 22:03:22,536 - root - INFO - new node test roc_auc, 0.9373
2025-09-30 22:04:43,578 - root - INFO - Epoch: 38, learning rate: 0.0001, train loss: 0.3780
2025-09-30 22:04:43,580 - root - INFO - train average_precision, 0.8804
2025-09-30 22:04:43,580 - root - INFO - train roc_auc, 0.9044
2025-09-30 22:04:43,581 - root - INFO - validate loss: 0.3909
2025-09-30 22:04:43,581 - root - INFO - validate average_precision, 0.8808
2025-09-30 22:04:43,581 - root - INFO - validate roc_auc, 0.9040
2025-09-30 22:04:43,581 - root - INFO - new node validate loss: 0.3669
2025-09-30 22:04:43,581 - root - INFO - new node validate average_precision, 0.9106
2025-09-30 22:04:43,581 - root - INFO - new node validate roc_auc, 0.9247
2025-09-30 22:04:55,755 - root - INFO - test loss: 0.3539
2025-09-30 22:04:55,755 - root - INFO - test average_precision, 0.8967
2025-09-30 22:04:55,756 - root - INFO - best test average_precision: 0.8967
2025-09-30 22:04:55,756 - root - INFO - test roc_auc, 0.9179
2025-09-30 22:04:55,756 - root - INFO - new node test loss: 0.3467
2025-09-30 22:04:55,756 - root - INFO - new node test average_precision, 0.9174
2025-09-30 22:04:55,756 - root - INFO - new node test roc_auc, 0.9350
2025-09-30 22:06:17,449 - root - INFO - Epoch: 39, learning rate: 0.0001, train loss: 0.3789
2025-09-30 22:06:17,451 - root - INFO - train average_precision, 0.8801
2025-09-30 22:06:17,452 - root - INFO - train roc_auc, 0.9041
2025-09-30 22:06:17,452 - root - INFO - validate loss: 0.3828
2025-09-30 22:06:17,452 - root - INFO - validate average_precision, 0.8812
2025-09-30 22:06:17,452 - root - INFO - validate roc_auc, 0.9049
2025-09-30 22:06:17,452 - root - INFO - new node validate loss: 0.3698
2025-09-30 22:06:17,452 - root - INFO - new node validate average_precision, 0.9099
2025-09-30 22:06:17,452 - root - INFO - new node validate roc_auc, 0.9231
2025-09-30 22:06:29,812 - root - INFO - test loss: 0.3545
2025-09-30 22:06:29,812 - root - INFO - test average_precision, 0.8953
2025-09-30 22:06:29,813 - root - INFO - best test average_precision: 0.8967
2025-09-30 22:06:29,813 - root - INFO - test roc_auc, 0.9173
2025-09-30 22:06:29,813 - root - INFO - new node test loss: 0.3389
2025-09-30 22:06:29,813 - root - INFO - new node test average_precision, 0.9090
2025-09-30 22:06:29,813 - root - INFO - new node test roc_auc, 0.9314
2025-09-30 22:07:51,264 - root - INFO - Epoch: 40, learning rate: 0.0001, train loss: 0.3791
2025-09-30 22:07:51,265 - root - INFO - train average_precision, 0.8804
2025-09-30 22:07:51,266 - root - INFO - train roc_auc, 0.9040
2025-09-30 22:07:51,266 - root - INFO - validate loss: 0.3904
2025-09-30 22:07:51,266 - root - INFO - validate average_precision, 0.8793
2025-09-30 22:07:51,266 - root - INFO - validate roc_auc, 0.9031
2025-09-30 22:07:51,266 - root - INFO - new node validate loss: 0.3985
2025-09-30 22:07:51,267 - root - INFO - new node validate average_precision, 0.9072
2025-09-30 22:07:51,267 - root - INFO - new node validate roc_auc, 0.9211
2025-09-30 22:08:03,520 - root - INFO - test loss: 0.3620
2025-09-30 22:08:03,521 - root - INFO - test average_precision, 0.8929
2025-09-30 22:08:03,521 - root - INFO - best test average_precision: 0.8967
2025-09-30 22:08:03,521 - root - INFO - test roc_auc, 0.9146
2025-09-30 22:08:03,521 - root - INFO - new node test loss: 0.3611
2025-09-30 22:08:03,521 - root - INFO - new node test average_precision, 0.9085
2025-09-30 22:08:03,521 - root - INFO - new node test roc_auc, 0.9308
2025-09-30 22:09:25,011 - root - INFO - Epoch: 41, learning rate: 0.0001, train loss: 0.3778
2025-09-30 22:09:25,013 - root - INFO - train average_precision, 0.8808
2025-09-30 22:09:25,013 - root - INFO - train roc_auc, 0.9045
2025-09-30 22:09:25,014 - root - INFO - validate loss: 0.3841
2025-09-30 22:09:25,014 - root - INFO - validate average_precision, 0.8804
2025-09-30 22:09:25,014 - root - INFO - validate roc_auc, 0.9044
2025-09-30 22:09:25,014 - root - INFO - new node validate loss: 0.3665
2025-09-30 22:09:25,014 - root - INFO - new node validate average_precision, 0.9080
2025-09-30 22:09:25,014 - root - INFO - new node validate roc_auc, 0.9221
2025-09-30 22:09:37,343 - root - INFO - test loss: 0.3617
2025-09-30 22:09:37,344 - root - INFO - test average_precision, 0.8934
2025-09-30 22:09:37,344 - root - INFO - best test average_precision: 0.8967
2025-09-30 22:09:37,344 - root - INFO - test roc_auc, 0.9148
2025-09-30 22:09:37,344 - root - INFO - new node test loss: 0.3446
2025-09-30 22:09:37,344 - root - INFO - new node test average_precision, 0.9142
2025-09-30 22:09:37,344 - root - INFO - new node test roc_auc, 0.9313
2025-09-30 22:10:59,122 - root - INFO - Epoch: 42, learning rate: 0.0001, train loss: 0.3763
2025-09-30 22:10:59,123 - root - INFO - train average_precision, 0.8809
2025-09-30 22:10:59,124 - root - INFO - train roc_auc, 0.9048
2025-09-30 22:10:59,124 - root - INFO - validate loss: 0.3926
2025-09-30 22:10:59,124 - root - INFO - validate average_precision, 0.8774
2025-09-30 22:10:59,125 - root - INFO - validate roc_auc, 0.9014
2025-09-30 22:10:59,125 - root - INFO - new node validate loss: 0.3921
2025-09-30 22:10:59,125 - root - INFO - new node validate average_precision, 0.8971
2025-09-30 22:10:59,125 - root - INFO - new node validate roc_auc, 0.9068
2025-09-30 22:11:11,418 - root - INFO - test loss: 0.3637
2025-09-30 22:11:11,419 - root - INFO - test average_precision, 0.8920
2025-09-30 22:11:11,419 - root - INFO - best test average_precision: 0.8967
2025-09-30 22:11:11,419 - root - INFO - test roc_auc, 0.9140
2025-09-30 22:11:11,419 - root - INFO - new node test loss: 0.3330
2025-09-30 22:11:11,419 - root - INFO - new node test average_precision, 0.9153
2025-09-30 22:11:11,419 - root - INFO - new node test roc_auc, 0.9316
2025-09-30 22:12:32,755 - root - INFO - Epoch: 43, learning rate: 0.0001, train loss: 0.3768
2025-09-30 22:12:32,756 - root - INFO - train average_precision, 0.8815
2025-09-30 22:12:32,757 - root - INFO - train roc_auc, 0.9048
2025-09-30 22:12:32,757 - root - INFO - validate loss: 0.3850
2025-09-30 22:12:32,757 - root - INFO - validate average_precision, 0.8810
2025-09-30 22:12:32,758 - root - INFO - validate roc_auc, 0.9040
2025-09-30 22:12:32,758 - root - INFO - new node validate loss: 0.3582
2025-09-30 22:12:32,758 - root - INFO - new node validate average_precision, 0.9134
2025-09-30 22:12:32,758 - root - INFO - new node validate roc_auc, 0.9269
2025-09-30 22:12:44,976 - root - INFO - test loss: 0.3566
2025-09-30 22:12:44,976 - root - INFO - test average_precision, 0.8956
2025-09-30 22:12:44,976 - root - INFO - best test average_precision: 0.8967
2025-09-30 22:12:44,976 - root - INFO - test roc_auc, 0.9170
2025-09-30 22:12:44,976 - root - INFO - new node test loss: 0.3298
2025-09-30 22:12:44,977 - root - INFO - new node test average_precision, 0.9201
2025-09-30 22:12:44,977 - root - INFO - new node test roc_auc, 0.9365
2025-09-30 22:14:06,694 - root - INFO - Epoch: 44, learning rate: 0.0001, train loss: 0.3754
2025-09-30 22:14:06,695 - root - INFO - train average_precision, 0.8820
2025-09-30 22:14:06,696 - root - INFO - train roc_auc, 0.9056
2025-09-30 22:14:06,696 - root - INFO - validate loss: 0.3851
2025-09-30 22:14:06,696 - root - INFO - validate average_precision, 0.8813
2025-09-30 22:14:06,697 - root - INFO - validate roc_auc, 0.9048
2025-09-30 22:14:06,697 - root - INFO - new node validate loss: 0.3724
2025-09-30 22:14:06,697 - root - INFO - new node validate average_precision, 0.9082
2025-09-30 22:14:06,697 - root - INFO - new node validate roc_auc, 0.9225
2025-09-30 22:14:19,098 - root - INFO - test loss: 0.3645
2025-09-30 22:14:19,098 - root - INFO - test average_precision, 0.8936
2025-09-30 22:14:19,099 - root - INFO - best test average_precision: 0.8967
2025-09-30 22:14:19,099 - root - INFO - test roc_auc, 0.9149
2025-09-30 22:14:19,099 - root - INFO - new node test loss: 0.3468
2025-09-30 22:14:19,099 - root - INFO - new node test average_precision, 0.9156
2025-09-30 22:14:19,099 - root - INFO - new node test roc_auc, 0.9359
2025-09-30 22:15:40,802 - root - INFO - Epoch: 45, learning rate: 0.0001, train loss: 0.3754
2025-09-30 22:15:40,804 - root - INFO - train average_precision, 0.8816
2025-09-30 22:15:40,805 - root - INFO - train roc_auc, 0.9054
2025-09-30 22:15:40,805 - root - INFO - validate loss: 0.3772
2025-09-30 22:15:40,805 - root - INFO - validate average_precision, 0.8843
2025-09-30 22:15:40,805 - root - INFO - validate roc_auc, 0.9078
2025-09-30 22:15:40,805 - root - INFO - new node validate loss: 0.3435
2025-09-30 22:15:40,805 - root - INFO - new node validate average_precision, 0.9131
2025-09-30 22:15:40,806 - root - INFO - new node validate roc_auc, 0.9275
2025-09-30 22:15:53,137 - root - INFO - test loss: 0.3567
2025-09-30 22:15:53,137 - root - INFO - test average_precision, 0.8957
2025-09-30 22:15:53,137 - root - INFO - best test average_precision: 0.8967
2025-09-30 22:15:53,138 - root - INFO - test roc_auc, 0.9170
2025-09-30 22:15:53,138 - root - INFO - new node test loss: 0.3133
2025-09-30 22:15:53,138 - root - INFO - new node test average_precision, 0.9237
2025-09-30 22:15:53,138 - root - INFO - new node test roc_auc, 0.9409
2025-09-30 22:15:53,138 - root - INFO - save model ./saved_models/JODIE/SocialEvo/JODIE_seed1/JODIE_seed1.pkl
2025-09-30 22:17:14,556 - root - INFO - Epoch: 46, learning rate: 0.0001, train loss: 0.3780
2025-09-30 22:17:14,558 - root - INFO - train average_precision, 0.8809
2025-09-30 22:17:14,559 - root - INFO - train roc_auc, 0.9045
2025-09-30 22:17:14,559 - root - INFO - validate loss: 0.3860
2025-09-30 22:17:14,559 - root - INFO - validate average_precision, 0.8833
2025-09-30 22:17:14,559 - root - INFO - validate roc_auc, 0.9064
2025-09-30 22:17:14,559 - root - INFO - new node validate loss: 0.3506
2025-09-30 22:17:14,559 - root - INFO - new node validate average_precision, 0.9138
2025-09-30 22:17:14,559 - root - INFO - new node validate roc_auc, 0.9278
2025-09-30 22:17:26,887 - root - INFO - test loss: 0.3668
2025-09-30 22:17:26,887 - root - INFO - test average_precision, 0.8951
2025-09-30 22:17:26,887 - root - INFO - best test average_precision: 0.8967
2025-09-30 22:17:26,888 - root - INFO - test roc_auc, 0.9164
2025-09-30 22:17:26,888 - root - INFO - new node test loss: 0.3253
2025-09-30 22:17:26,888 - root - INFO - new node test average_precision, 0.9233
2025-09-30 22:17:26,888 - root - INFO - new node test roc_auc, 0.9399
2025-09-30 22:18:48,561 - root - INFO - Epoch: 47, learning rate: 0.0001, train loss: 0.3746
2025-09-30 22:18:48,562 - root - INFO - train average_precision, 0.8823
2025-09-30 22:18:48,563 - root - INFO - train roc_auc, 0.9059
2025-09-30 22:18:48,563 - root - INFO - validate loss: 0.3953
2025-09-30 22:18:48,563 - root - INFO - validate average_precision, 0.8796
2025-09-30 22:18:48,564 - root - INFO - validate roc_auc, 0.9027
2025-09-30 22:18:48,564 - root - INFO - new node validate loss: 0.3861
2025-09-30 22:18:48,564 - root - INFO - new node validate average_precision, 0.9083
2025-09-30 22:18:48,564 - root - INFO - new node validate roc_auc, 0.9203
2025-09-30 22:19:00,911 - root - INFO - test loss: 0.3571
2025-09-30 22:19:00,911 - root - INFO - test average_precision, 0.8967
2025-09-30 22:19:00,911 - root - INFO - best test average_precision: 0.8967
2025-09-30 22:19:00,912 - root - INFO - test roc_auc, 0.9177
2025-09-30 22:19:00,912 - root - INFO - new node test loss: 0.3199
2025-09-30 22:19:00,912 - root - INFO - new node test average_precision, 0.9253
2025-09-30 22:19:00,912 - root - INFO - new node test roc_auc, 0.9404
2025-09-30 22:20:22,423 - root - INFO - Epoch: 48, learning rate: 0.0001, train loss: 0.3734
2025-09-30 22:20:22,425 - root - INFO - train average_precision, 0.8824
2025-09-30 22:20:22,426 - root - INFO - train roc_auc, 0.9063
2025-09-30 22:20:22,426 - root - INFO - validate loss: 0.3830
2025-09-30 22:20:22,426 - root - INFO - validate average_precision, 0.8834
2025-09-30 22:20:22,426 - root - INFO - validate roc_auc, 0.9063
2025-09-30 22:20:22,426 - root - INFO - new node validate loss: 0.3730
2025-09-30 22:20:22,426 - root - INFO - new node validate average_precision, 0.9031
2025-09-30 22:20:22,427 - root - INFO - new node validate roc_auc, 0.9154
2025-09-30 22:20:34,721 - root - INFO - test loss: 0.3578
2025-09-30 22:20:34,721 - root - INFO - test average_precision, 0.8967
2025-09-30 22:20:34,722 - root - INFO - best test average_precision: 0.8967
2025-09-30 22:20:34,722 - root - INFO - test roc_auc, 0.9179
2025-09-30 22:20:34,722 - root - INFO - new node test loss: 0.3386
2025-09-30 22:20:34,722 - root - INFO - new node test average_precision, 0.9183
2025-09-30 22:20:34,722 - root - INFO - new node test roc_auc, 0.9347
2025-09-30 22:21:56,112 - root - INFO - Epoch: 49, learning rate: 0.0001, train loss: 0.3732
2025-09-30 22:21:56,114 - root - INFO - train average_precision, 0.8828
2025-09-30 22:21:56,115 - root - INFO - train roc_auc, 0.9065
2025-09-30 22:21:56,115 - root - INFO - validate loss: 0.3876
2025-09-30 22:21:56,115 - root - INFO - validate average_precision, 0.8820
2025-09-30 22:21:56,115 - root - INFO - validate roc_auc, 0.9055
2025-09-30 22:21:56,115 - root - INFO - new node validate loss: 0.3531
2025-09-30 22:21:56,115 - root - INFO - new node validate average_precision, 0.9063
2025-09-30 22:21:56,115 - root - INFO - new node validate roc_auc, 0.9236
2025-09-30 22:22:08,327 - root - INFO - test loss: 0.3568
2025-09-30 22:22:08,327 - root - INFO - test average_precision, 0.8964
2025-09-30 22:22:08,327 - root - INFO - best test average_precision: 0.8967
2025-09-30 22:22:08,327 - root - INFO - test roc_auc, 0.9172
2025-09-30 22:22:08,327 - root - INFO - new node test loss: 0.3242
2025-09-30 22:22:08,327 - root - INFO - new node test average_precision, 0.9151
2025-09-30 22:22:08,328 - root - INFO - new node test roc_auc, 0.9361
2025-09-30 22:23:30,036 - root - INFO - Epoch: 50, learning rate: 0.0001, train loss: 0.3739
2025-09-30 22:23:30,037 - root - INFO - train average_precision, 0.8832
2025-09-30 22:23:30,038 - root - INFO - train roc_auc, 0.9065
2025-09-30 22:23:30,038 - root - INFO - validate loss: 0.3832
2025-09-30 22:23:30,038 - root - INFO - validate average_precision, 0.8823
2025-09-30 22:23:30,038 - root - INFO - validate roc_auc, 0.9051
2025-09-30 22:23:30,038 - root - INFO - new node validate loss: 0.3589
2025-09-30 22:23:30,038 - root - INFO - new node validate average_precision, 0.9097
2025-09-30 22:23:30,039 - root - INFO - new node validate roc_auc, 0.9265
2025-09-30 22:23:42,328 - root - INFO - test loss: 0.3697
2025-09-30 22:23:42,328 - root - INFO - test average_precision, 0.8893
2025-09-30 22:23:42,329 - root - INFO - best test average_precision: 0.8967
2025-09-30 22:23:42,329 - root - INFO - test roc_auc, 0.9128
2025-09-30 22:23:42,329 - root - INFO - new node test loss: 0.3358
2025-09-30 22:23:42,329 - root - INFO - new node test average_precision, 0.9175
2025-09-30 22:23:42,329 - root - INFO - new node test roc_auc, 0.9350
2025-09-30 22:25:03,575 - root - INFO - Epoch: 51, learning rate: 0.0001, train loss: 0.3733
2025-09-30 22:25:03,577 - root - INFO - train average_precision, 0.8832
2025-09-30 22:25:03,578 - root - INFO - train roc_auc, 0.9065
2025-09-30 22:25:03,578 - root - INFO - validate loss: 0.3803
2025-09-30 22:25:03,578 - root - INFO - validate average_precision, 0.8849
2025-09-30 22:25:03,578 - root - INFO - validate roc_auc, 0.9075
2025-09-30 22:25:03,578 - root - INFO - new node validate loss: 0.3858
2025-09-30 22:25:03,578 - root - INFO - new node validate average_precision, 0.8968
2025-09-30 22:25:03,578 - root - INFO - new node validate roc_auc, 0.9113
2025-09-30 22:25:15,739 - root - INFO - test loss: 0.3544
2025-09-30 22:25:15,740 - root - INFO - test average_precision, 0.8984
2025-09-30 22:25:15,740 - root - INFO - best test average_precision: 0.8984
2025-09-30 22:25:15,740 - root - INFO - test roc_auc, 0.9194
2025-09-30 22:25:15,740 - root - INFO - new node test loss: 0.3441
2025-09-30 22:25:15,740 - root - INFO - new node test average_precision, 0.9142
2025-09-30 22:25:15,741 - root - INFO - new node test roc_auc, 0.9304
2025-09-30 22:26:36,856 - root - INFO - Epoch: 52, learning rate: 0.0001, train loss: 0.3747
2025-09-30 22:26:36,857 - root - INFO - train average_precision, 0.8828
2025-09-30 22:26:36,858 - root - INFO - train roc_auc, 0.9060
2025-09-30 22:26:36,858 - root - INFO - validate loss: 0.3846
2025-09-30 22:26:36,859 - root - INFO - validate average_precision, 0.8844
2025-09-30 22:26:36,859 - root - INFO - validate roc_auc, 0.9079
2025-09-30 22:26:36,859 - root - INFO - new node validate loss: 0.4064
2025-09-30 22:26:36,859 - root - INFO - new node validate average_precision, 0.8948
2025-09-30 22:26:36,859 - root - INFO - new node validate roc_auc, 0.9077
2025-09-30 22:26:49,044 - root - INFO - test loss: 0.3609
2025-09-30 22:26:49,044 - root - INFO - test average_precision, 0.8957
2025-09-30 22:26:49,044 - root - INFO - best test average_precision: 0.8984
2025-09-30 22:26:49,044 - root - INFO - test roc_auc, 0.9176
2025-09-30 22:26:49,044 - root - INFO - new node test loss: 0.3583
2025-09-30 22:26:49,044 - root - INFO - new node test average_precision, 0.9090
2025-09-30 22:26:49,045 - root - INFO - new node test roc_auc, 0.9275
2025-09-30 22:26:49,045 - root - INFO - save model ./saved_models/JODIE/SocialEvo/JODIE_seed1/JODIE_seed1.pkl
2025-09-30 22:28:10,596 - root - INFO - Epoch: 53, learning rate: 0.0001, train loss: 0.3742
2025-09-30 22:28:10,598 - root - INFO - train average_precision, 0.8829
2025-09-30 22:28:10,598 - root - INFO - train roc_auc, 0.9065
2025-09-30 22:28:10,598 - root - INFO - validate loss: 0.3766
2025-09-30 22:28:10,599 - root - INFO - validate average_precision, 0.8848
2025-09-30 22:28:10,599 - root - INFO - validate roc_auc, 0.9078
2025-09-30 22:28:10,599 - root - INFO - new node validate loss: 0.3570
2025-09-30 22:28:10,599 - root - INFO - new node validate average_precision, 0.9097
2025-09-30 22:28:10,599 - root - INFO - new node validate roc_auc, 0.9238
2025-09-30 22:28:22,843 - root - INFO - test loss: 0.3588
2025-09-30 22:28:22,843 - root - INFO - test average_precision, 0.8897
2025-09-30 22:28:22,844 - root - INFO - best test average_precision: 0.8984
2025-09-30 22:28:22,844 - root - INFO - test roc_auc, 0.9155
2025-09-30 22:28:22,844 - root - INFO - new node test loss: 0.3316
2025-09-30 22:28:22,844 - root - INFO - new node test average_precision, 0.9204
2025-09-30 22:28:22,844 - root - INFO - new node test roc_auc, 0.9353
2025-09-30 22:29:44,300 - root - INFO - Epoch: 54, learning rate: 0.0001, train loss: 0.3733
2025-09-30 22:29:44,302 - root - INFO - train average_precision, 0.8830
2025-09-30 22:29:44,302 - root - INFO - train roc_auc, 0.9065
2025-09-30 22:29:44,303 - root - INFO - validate loss: 0.3902
2025-09-30 22:29:44,303 - root - INFO - validate average_precision, 0.8824
2025-09-30 22:29:44,303 - root - INFO - validate roc_auc, 0.9056
2025-09-30 22:29:44,303 - root - INFO - new node validate loss: 0.3813
2025-09-30 22:29:44,303 - root - INFO - new node validate average_precision, 0.9005
2025-09-30 22:29:44,303 - root - INFO - new node validate roc_auc, 0.9198
2025-09-30 22:29:56,594 - root - INFO - test loss: 0.3661
2025-09-30 22:29:56,595 - root - INFO - test average_precision, 0.8905
2025-09-30 22:29:56,595 - root - INFO - best test average_precision: 0.8984
2025-09-30 22:29:56,595 - root - INFO - test roc_auc, 0.9146
2025-09-30 22:29:56,595 - root - INFO - new node test loss: 0.3439
2025-09-30 22:29:56,595 - root - INFO - new node test average_precision, 0.9139
2025-09-30 22:29:56,596 - root - INFO - new node test roc_auc, 0.9335
2025-09-30 22:31:18,399 - root - INFO - Epoch: 55, learning rate: 0.0001, train loss: 0.3712
2025-09-30 22:31:18,401 - root - INFO - train average_precision, 0.8839
2025-09-30 22:31:18,402 - root - INFO - train roc_auc, 0.9075
2025-09-30 22:31:18,402 - root - INFO - validate loss: 0.3931
2025-09-30 22:31:18,402 - root - INFO - validate average_precision, 0.8781
2025-09-30 22:31:18,402 - root - INFO - validate roc_auc, 0.9020
2025-09-30 22:31:18,402 - root - INFO - new node validate loss: 0.3577
2025-09-30 22:31:18,402 - root - INFO - new node validate average_precision, 0.9022
2025-09-30 22:31:18,403 - root - INFO - new node validate roc_auc, 0.9215
2025-09-30 22:31:30,725 - root - INFO - test loss: 0.3990
2025-09-30 22:31:30,725 - root - INFO - test average_precision, 0.8510
2025-09-30 22:31:30,725 - root - INFO - best test average_precision: 0.8984
2025-09-30 22:31:30,726 - root - INFO - test roc_auc, 0.9010
2025-09-30 22:31:30,726 - root - INFO - new node test loss: 0.3220
2025-09-30 22:31:30,726 - root - INFO - new node test average_precision, 0.9167
2025-09-30 22:31:30,726 - root - INFO - new node test roc_auc, 0.9345
2025-09-30 22:32:52,350 - root - INFO - Epoch: 56, learning rate: 0.0001, train loss: 0.3711
2025-09-30 22:32:52,351 - root - INFO - train average_precision, 0.8841
2025-09-30 22:32:52,352 - root - INFO - train roc_auc, 0.9074
2025-09-30 22:32:52,352 - root - INFO - validate loss: 0.3750
2025-09-30 22:32:52,352 - root - INFO - validate average_precision, 0.8855
2025-09-30 22:32:52,352 - root - INFO - validate roc_auc, 0.9089
2025-09-30 22:32:52,352 - root - INFO - new node validate loss: 0.3778
2025-09-30 22:32:52,352 - root - INFO - new node validate average_precision, 0.9060
2025-09-30 22:32:52,353 - root - INFO - new node validate roc_auc, 0.9191
2025-09-30 22:33:04,644 - root - INFO - test loss: 0.3535
2025-09-30 22:33:04,645 - root - INFO - test average_precision, 0.8980
2025-09-30 22:33:04,645 - root - INFO - best test average_precision: 0.8984
2025-09-30 22:33:04,645 - root - INFO - test roc_auc, 0.9190
2025-09-30 22:33:04,645 - root - INFO - new node test loss: 0.3209
2025-09-30 22:33:04,645 - root - INFO - new node test average_precision, 0.9173
2025-09-30 22:33:04,645 - root - INFO - new node test roc_auc, 0.9357
2025-09-30 22:33:04,646 - root - INFO - save model ./saved_models/JODIE/SocialEvo/JODIE_seed1/JODIE_seed1.pkl
2025-09-30 22:34:26,158 - root - INFO - Epoch: 57, learning rate: 0.0001, train loss: 0.3703
2025-09-30 22:34:26,159 - root - INFO - train average_precision, 0.8843
2025-09-30 22:34:26,160 - root - INFO - train roc_auc, 0.9076
2025-09-30 22:34:26,160 - root - INFO - validate loss: 0.3785
2025-09-30 22:34:26,160 - root - INFO - validate average_precision, 0.8847
2025-09-30 22:34:26,160 - root - INFO - validate roc_auc, 0.9078
2025-09-30 22:34:26,160 - root - INFO - new node validate loss: 0.3555
2025-09-30 22:34:26,161 - root - INFO - new node validate average_precision, 0.9150
2025-09-30 22:34:26,161 - root - INFO - new node validate roc_auc, 0.9300
2025-09-30 22:34:38,424 - root - INFO - test loss: 0.3532
2025-09-30 22:34:38,424 - root - INFO - test average_precision, 0.8980
2025-09-30 22:34:38,424 - root - INFO - best test average_precision: 0.8984
2025-09-30 22:34:38,424 - root - INFO - test roc_auc, 0.9188
2025-09-30 22:34:38,424 - root - INFO - new node test loss: 0.3429
2025-09-30 22:34:38,424 - root - INFO - new node test average_precision, 0.9137
2025-09-30 22:34:38,424 - root - INFO - new node test roc_auc, 0.9333
2025-09-30 22:35:59,666 - root - INFO - Epoch: 58, learning rate: 0.0001, train loss: 0.3715
2025-09-30 22:35:59,668 - root - INFO - train average_precision, 0.8837
2025-09-30 22:35:59,668 - root - INFO - train roc_auc, 0.9072
2025-09-30 22:35:59,669 - root - INFO - validate loss: 0.3824
2025-09-30 22:35:59,669 - root - INFO - validate average_precision, 0.8821
2025-09-30 22:35:59,669 - root - INFO - validate roc_auc, 0.9055
2025-09-30 22:35:59,669 - root - INFO - new node validate loss: 0.3568
2025-09-30 22:35:59,669 - root - INFO - new node validate average_precision, 0.9077
2025-09-30 22:35:59,669 - root - INFO - new node validate roc_auc, 0.9198
2025-09-30 22:36:11,910 - root - INFO - test loss: 0.3528
2025-09-30 22:36:11,911 - root - INFO - test average_precision, 0.8973
2025-09-30 22:36:11,911 - root - INFO - best test average_precision: 0.8984
2025-09-30 22:36:11,911 - root - INFO - test roc_auc, 0.9186
2025-09-30 22:36:11,911 - root - INFO - new node test loss: 0.3168
2025-09-30 22:36:11,911 - root - INFO - new node test average_precision, 0.9232
2025-09-30 22:36:11,911 - root - INFO - new node test roc_auc, 0.9393
2025-09-30 22:37:33,397 - root - INFO - Epoch: 59, learning rate: 0.0001, train loss: 0.3696
2025-09-30 22:37:33,400 - root - INFO - train average_precision, 0.8850
2025-09-30 22:37:33,401 - root - INFO - train roc_auc, 0.9080
2025-09-30 22:37:33,401 - root - INFO - validate loss: 0.3806
2025-09-30 22:37:33,401 - root - INFO - validate average_precision, 0.8837
2025-09-30 22:37:33,402 - root - INFO - validate roc_auc, 0.9073
2025-09-30 22:37:33,402 - root - INFO - new node validate loss: 0.4026
2025-09-30 22:37:33,402 - root - INFO - new node validate average_precision, 0.9017
2025-09-30 22:37:33,402 - root - INFO - new node validate roc_auc, 0.9169
2025-09-30 22:37:45,722 - root - INFO - test loss: 0.3515
2025-09-30 22:37:45,723 - root - INFO - test average_precision, 0.8981
2025-09-30 22:37:45,723 - root - INFO - best test average_precision: 0.8984
2025-09-30 22:37:45,723 - root - INFO - test roc_auc, 0.9192
2025-09-30 22:37:45,723 - root - INFO - new node test loss: 0.3315
2025-09-30 22:37:45,723 - root - INFO - new node test average_precision, 0.9183
2025-09-30 22:37:45,723 - root - INFO - new node test roc_auc, 0.9344
2025-09-30 22:39:07,297 - root - INFO - Epoch: 60, learning rate: 0.0001, train loss: 0.3711
2025-09-30 22:39:07,299 - root - INFO - train average_precision, 0.8844
2025-09-30 22:39:07,300 - root - INFO - train roc_auc, 0.9077
2025-09-30 22:39:07,300 - root - INFO - validate loss: 0.3771
2025-09-30 22:39:07,300 - root - INFO - validate average_precision, 0.8851
2025-09-30 22:39:07,300 - root - INFO - validate roc_auc, 0.9080
2025-09-30 22:39:07,300 - root - INFO - new node validate loss: 0.3595
2025-09-30 22:39:07,300 - root - INFO - new node validate average_precision, 0.9153
2025-09-30 22:39:07,300 - root - INFO - new node validate roc_auc, 0.9291
2025-09-30 22:39:19,645 - root - INFO - test loss: 0.3517
2025-09-30 22:39:19,645 - root - INFO - test average_precision, 0.8977
2025-09-30 22:39:19,645 - root - INFO - best test average_precision: 0.8984
2025-09-30 22:39:19,646 - root - INFO - test roc_auc, 0.9194
2025-09-30 22:39:19,646 - root - INFO - new node test loss: 0.3340
2025-09-30 22:39:19,646 - root - INFO - new node test average_precision, 0.9199
2025-09-30 22:39:19,646 - root - INFO - new node test roc_auc, 0.9362
2025-09-30 22:40:41,163 - root - INFO - Epoch: 61, learning rate: 0.0001, train loss: 0.3709
2025-09-30 22:40:41,165 - root - INFO - train average_precision, 0.8839
2025-09-30 22:40:41,165 - root - INFO - train roc_auc, 0.9075
2025-09-30 22:40:41,165 - root - INFO - validate loss: 0.3752
2025-09-30 22:40:41,166 - root - INFO - validate average_precision, 0.8861
2025-09-30 22:40:41,166 - root - INFO - validate roc_auc, 0.9088
2025-09-30 22:40:41,166 - root - INFO - new node validate loss: 0.3759
2025-09-30 22:40:41,166 - root - INFO - new node validate average_precision, 0.9007
2025-09-30 22:40:41,166 - root - INFO - new node validate roc_auc, 0.9161
2025-09-30 22:40:53,479 - root - INFO - test loss: 0.3494
2025-09-30 22:40:53,480 - root - INFO - test average_precision, 0.8996
2025-09-30 22:40:53,480 - root - INFO - best test average_precision: 0.8996
2025-09-30 22:40:53,480 - root - INFO - test roc_auc, 0.9202
2025-09-30 22:40:53,480 - root - INFO - new node test loss: 0.3248
2025-09-30 22:40:53,480 - root - INFO - new node test average_precision, 0.9209
2025-09-30 22:40:53,480 - root - INFO - new node test roc_auc, 0.9387
2025-09-30 22:42:14,948 - root - INFO - Epoch: 62, learning rate: 0.0001, train loss: 0.3700
2025-09-30 22:42:14,950 - root - INFO - train average_precision, 0.8853
2025-09-30 22:42:14,950 - root - INFO - train roc_auc, 0.9082
2025-09-30 22:42:14,951 - root - INFO - validate loss: 0.3746
2025-09-30 22:42:14,951 - root - INFO - validate average_precision, 0.8864
2025-09-30 22:42:14,951 - root - INFO - validate roc_auc, 0.9092
2025-09-30 22:42:14,951 - root - INFO - new node validate loss: 0.3718
2025-09-30 22:42:14,951 - root - INFO - new node validate average_precision, 0.9043
2025-09-30 22:42:14,951 - root - INFO - new node validate roc_auc, 0.9204
2025-09-30 22:42:27,255 - root - INFO - test loss: 0.3470
2025-09-30 22:42:27,255 - root - INFO - test average_precision, 0.8997
2025-09-30 22:42:27,256 - root - INFO - best test average_precision: 0.8997
2025-09-30 22:42:27,256 - root - INFO - test roc_auc, 0.9212
2025-09-30 22:42:27,256 - root - INFO - new node test loss: 0.3274
2025-09-30 22:42:27,256 - root - INFO - new node test average_precision, 0.9177
2025-09-30 22:42:27,256 - root - INFO - new node test roc_auc, 0.9381
2025-09-30 22:42:27,257 - root - INFO - save model ./saved_models/JODIE/SocialEvo/JODIE_seed1/JODIE_seed1.pkl
2025-09-30 22:43:48,835 - root - INFO - Epoch: 63, learning rate: 0.0001, train loss: 0.3683
2025-09-30 22:43:48,837 - root - INFO - train average_precision, 0.8859
2025-09-30 22:43:48,837 - root - INFO - train roc_auc, 0.9088
2025-09-30 22:43:48,837 - root - INFO - validate loss: 0.3787
2025-09-30 22:43:48,838 - root - INFO - validate average_precision, 0.8836
2025-09-30 22:43:48,838 - root - INFO - validate roc_auc, 0.9071
2025-09-30 22:43:48,838 - root - INFO - new node validate loss: 0.3722
2025-09-30 22:43:48,838 - root - INFO - new node validate average_precision, 0.9055
2025-09-30 22:43:48,838 - root - INFO - new node validate roc_auc, 0.9150
2025-09-30 22:44:01,145 - root - INFO - test loss: 0.3557
2025-09-30 22:44:01,145 - root - INFO - test average_precision, 0.8963
2025-09-30 22:44:01,145 - root - INFO - best test average_precision: 0.8997
2025-09-30 22:44:01,146 - root - INFO - test roc_auc, 0.9176
2025-09-30 22:44:01,146 - root - INFO - new node test loss: 0.3155
2025-09-30 22:44:01,146 - root - INFO - new node test average_precision, 0.9218
2025-09-30 22:44:01,146 - root - INFO - new node test roc_auc, 0.9388
2025-09-30 22:45:22,550 - root - INFO - Epoch: 64, learning rate: 0.0001, train loss: 0.3705
2025-09-30 22:45:22,551 - root - INFO - train average_precision, 0.8851
2025-09-30 22:45:22,552 - root - INFO - train roc_auc, 0.9081
2025-09-30 22:45:22,552 - root - INFO - validate loss: 0.3748
2025-09-30 22:45:22,552 - root - INFO - validate average_precision, 0.8871
2025-09-30 22:45:22,553 - root - INFO - validate roc_auc, 0.9096
2025-09-30 22:45:22,553 - root - INFO - new node validate loss: 0.3404
2025-09-30 22:45:22,553 - root - INFO - new node validate average_precision, 0.9091
2025-09-30 22:45:22,553 - root - INFO - new node validate roc_auc, 0.9268
2025-09-30 22:45:34,791 - root - INFO - test loss: 0.3671
2025-09-30 22:45:34,792 - root - INFO - test average_precision, 0.8841
2025-09-30 22:45:34,792 - root - INFO - best test average_precision: 0.8997
2025-09-30 22:45:34,792 - root - INFO - test roc_auc, 0.9126
2025-09-30 22:45:34,792 - root - INFO - new node test loss: 0.3327
2025-09-30 22:45:34,792 - root - INFO - new node test average_precision, 0.9170
2025-09-30 22:45:34,792 - root - INFO - new node test roc_auc, 0.9352
2025-09-30 22:45:34,793 - root - INFO - save model ./saved_models/JODIE/SocialEvo/JODIE_seed1/JODIE_seed1.pkl
2025-09-30 22:46:56,240 - root - INFO - Epoch: 65, learning rate: 0.0001, train loss: 0.3704
2025-09-30 22:46:56,241 - root - INFO - train average_precision, 0.8847
2025-09-30 22:46:56,242 - root - INFO - train roc_auc, 0.9078
2025-09-30 22:46:56,242 - root - INFO - validate loss: 0.3748
2025-09-30 22:46:56,242 - root - INFO - validate average_precision, 0.8863
2025-09-30 22:46:56,242 - root - INFO - validate roc_auc, 0.9092
2025-09-30 22:46:56,242 - root - INFO - new node validate loss: 0.4258
2025-09-30 22:46:56,242 - root - INFO - new node validate average_precision, 0.8939
2025-09-30 22:46:56,243 - root - INFO - new node validate roc_auc, 0.9106
2025-09-30 22:47:08,477 - root - INFO - test loss: 0.3572
2025-09-30 22:47:08,477 - root - INFO - test average_precision, 0.8966
2025-09-30 22:47:08,477 - root - INFO - best test average_precision: 0.8997
2025-09-30 22:47:08,477 - root - INFO - test roc_auc, 0.9180
2025-09-30 22:47:08,478 - root - INFO - new node test loss: 0.3358
2025-09-30 22:47:08,478 - root - INFO - new node test average_precision, 0.9175
2025-09-30 22:47:08,478 - root - INFO - new node test roc_auc, 0.9359
2025-09-30 22:48:30,078 - root - INFO - Epoch: 66, learning rate: 0.0001, train loss: 0.3683
2025-09-30 22:48:30,080 - root - INFO - train average_precision, 0.8855
2025-09-30 22:48:30,081 - root - INFO - train roc_auc, 0.9088
2025-09-30 22:48:30,081 - root - INFO - validate loss: 0.3773
2025-09-30 22:48:30,081 - root - INFO - validate average_precision, 0.8856
2025-09-30 22:48:30,081 - root - INFO - validate roc_auc, 0.9087
2025-09-30 22:48:30,081 - root - INFO - new node validate loss: 0.3583
2025-09-30 22:48:30,081 - root - INFO - new node validate average_precision, 0.9010
2025-09-30 22:48:30,081 - root - INFO - new node validate roc_auc, 0.9201
2025-09-30 22:48:42,366 - root - INFO - test loss: 0.3467
2025-09-30 22:48:42,366 - root - INFO - test average_precision, 0.8994
2025-09-30 22:48:42,366 - root - INFO - best test average_precision: 0.8997
2025-09-30 22:48:42,366 - root - INFO - test roc_auc, 0.9207
2025-09-30 22:48:42,366 - root - INFO - new node test loss: 0.3509
2025-09-30 22:48:42,366 - root - INFO - new node test average_precision, 0.9058
2025-09-30 22:48:42,367 - root - INFO - new node test roc_auc, 0.9249
2025-09-30 22:50:03,525 - root - INFO - Epoch: 67, learning rate: 0.0001, train loss: 0.3693
2025-09-30 22:50:03,526 - root - INFO - train average_precision, 0.8851
2025-09-30 22:50:03,527 - root - INFO - train roc_auc, 0.9082
2025-09-30 22:50:03,527 - root - INFO - validate loss: 0.3980
2025-09-30 22:50:03,527 - root - INFO - validate average_precision, 0.8647
2025-09-30 22:50:03,528 - root - INFO - validate roc_auc, 0.9019
2025-09-30 22:50:03,528 - root - INFO - new node validate loss: 0.3652
2025-09-30 22:50:03,528 - root - INFO - new node validate average_precision, 0.9062
2025-09-30 22:50:03,528 - root - INFO - new node validate roc_auc, 0.9215
2025-09-30 22:50:15,718 - root - INFO - test loss: 0.6012
2025-09-30 22:50:15,718 - root - INFO - test average_precision, 0.8308
2025-09-30 22:50:15,718 - root - INFO - best test average_precision: 0.8997
2025-09-30 22:50:15,718 - root - INFO - test roc_auc, 0.8970
2025-09-30 22:50:15,718 - root - INFO - new node test loss: 0.3378
2025-09-30 22:50:15,718 - root - INFO - new node test average_precision, 0.9106
2025-09-30 22:50:15,719 - root - INFO - new node test roc_auc, 0.9350
2025-09-30 22:51:36,961 - root - INFO - Epoch: 68, learning rate: 0.0001, train loss: 0.3692
2025-09-30 22:51:36,962 - root - INFO - train average_precision, 0.8857
2025-09-30 22:51:36,963 - root - INFO - train roc_auc, 0.9087
2025-09-30 22:51:36,963 - root - INFO - validate loss: 0.3742
2025-09-30 22:51:36,963 - root - INFO - validate average_precision, 0.8864
2025-09-30 22:51:36,964 - root - INFO - validate roc_auc, 0.9093
2025-09-30 22:51:36,964 - root - INFO - new node validate loss: 0.3710
2025-09-30 22:51:36,964 - root - INFO - new node validate average_precision, 0.9015
2025-09-30 22:51:36,964 - root - INFO - new node validate roc_auc, 0.9149
2025-09-30 22:51:49,238 - root - INFO - test loss: 0.3953
2025-09-30 22:51:49,238 - root - INFO - test average_precision, 0.8600
2025-09-30 22:51:49,238 - root - INFO - best test average_precision: 0.8997
2025-09-30 22:51:49,239 - root - INFO - test roc_auc, 0.9022
2025-09-30 22:51:49,239 - root - INFO - new node test loss: 0.3322
2025-09-30 22:51:49,239 - root - INFO - new node test average_precision, 0.9131
2025-09-30 22:51:49,239 - root - INFO - new node test roc_auc, 0.9349
2025-09-30 22:53:10,831 - root - INFO - Epoch: 69, learning rate: 0.0001, train loss: 0.3689
2025-09-30 22:53:10,833 - root - INFO - train average_precision, 0.8859
2025-09-30 22:53:10,834 - root - INFO - train roc_auc, 0.9087
2025-09-30 22:53:10,834 - root - INFO - validate loss: 0.3786
2025-09-30 22:53:10,834 - root - INFO - validate average_precision, 0.8857
2025-09-30 22:53:10,834 - root - INFO - validate roc_auc, 0.9087
2025-09-30 22:53:10,834 - root - INFO - new node validate loss: 0.3906
2025-09-30 22:53:10,834 - root - INFO - new node validate average_precision, 0.9031
2025-09-30 22:53:10,834 - root - INFO - new node validate roc_auc, 0.9170
2025-09-30 22:53:23,111 - root - INFO - test loss: 0.3588
2025-09-30 22:53:23,112 - root - INFO - test average_precision, 0.8954
2025-09-30 22:53:23,112 - root - INFO - best test average_precision: 0.8997
2025-09-30 22:53:23,112 - root - INFO - test roc_auc, 0.9181
2025-09-30 22:53:23,112 - root - INFO - new node test loss: 0.3477
2025-09-30 22:53:23,112 - root - INFO - new node test average_precision, 0.9108
2025-09-30 22:53:23,112 - root - INFO - new node test roc_auc, 0.9330
2025-09-30 22:54:44,475 - root - INFO - Epoch: 70, learning rate: 0.0001, train loss: 0.3682
2025-09-30 22:54:44,476 - root - INFO - train average_precision, 0.8863
2025-09-30 22:54:44,477 - root - INFO - train roc_auc, 0.9090
2025-09-30 22:54:44,477 - root - INFO - validate loss: 0.3767
2025-09-30 22:54:44,477 - root - INFO - validate average_precision, 0.8863
2025-09-30 22:54:44,478 - root - INFO - validate roc_auc, 0.9096
2025-09-30 22:54:44,478 - root - INFO - new node validate loss: 0.3599
2025-09-30 22:54:44,478 - root - INFO - new node validate average_precision, 0.9092
2025-09-30 22:54:44,478 - root - INFO - new node validate roc_auc, 0.9236
2025-09-30 22:54:56,775 - root - INFO - test loss: 0.3611
2025-09-30 22:54:56,775 - root - INFO - test average_precision, 0.8942
2025-09-30 22:54:56,775 - root - INFO - best test average_precision: 0.8997
2025-09-30 22:54:56,776 - root - INFO - test roc_auc, 0.9176
2025-09-30 22:54:56,776 - root - INFO - new node test loss: 0.3147
2025-09-30 22:54:56,776 - root - INFO - new node test average_precision, 0.9235
2025-09-30 22:54:56,776 - root - INFO - new node test roc_auc, 0.9396
2025-09-30 22:56:18,019 - root - INFO - Epoch: 71, learning rate: 0.0001, train loss: 0.3690
2025-09-30 22:56:18,021 - root - INFO - train average_precision, 0.8853
2025-09-30 22:56:18,021 - root - INFO - train roc_auc, 0.9084
2025-09-30 22:56:18,022 - root - INFO - validate loss: 0.3755
2025-09-30 22:56:18,022 - root - INFO - validate average_precision, 0.8869
2025-09-30 22:56:18,022 - root - INFO - validate roc_auc, 0.9099
2025-09-30 22:56:18,022 - root - INFO - new node validate loss: 0.3577
2025-09-30 22:56:18,022 - root - INFO - new node validate average_precision, 0.9018
2025-09-30 22:56:18,022 - root - INFO - new node validate roc_auc, 0.9190
2025-09-30 22:56:30,331 - root - INFO - test loss: 0.3539
2025-09-30 22:56:30,331 - root - INFO - test average_precision, 0.8980
2025-09-30 22:56:30,331 - root - INFO - best test average_precision: 0.8997
2025-09-30 22:56:30,331 - root - INFO - test roc_auc, 0.9192
2025-09-30 22:56:30,331 - root - INFO - new node test loss: 0.3175
2025-09-30 22:56:30,332 - root - INFO - new node test average_precision, 0.9187
2025-09-30 22:56:30,332 - root - INFO - new node test roc_auc, 0.9377
2025-09-30 22:57:52,254 - root - INFO - Epoch: 72, learning rate: 0.0001, train loss: 0.3669
2025-09-30 22:57:52,255 - root - INFO - train average_precision, 0.8855
2025-09-30 22:57:52,256 - root - INFO - train roc_auc, 0.9090
2025-09-30 22:57:52,256 - root - INFO - validate loss: 0.4055
2025-09-30 22:57:52,257 - root - INFO - validate average_precision, 0.8841
2025-09-30 22:57:52,257 - root - INFO - validate roc_auc, 0.9078
2025-09-30 22:57:52,257 - root - INFO - new node validate loss: 0.3782
2025-09-30 22:57:52,257 - root - INFO - new node validate average_precision, 0.9092
2025-09-30 22:57:52,257 - root - INFO - new node validate roc_auc, 0.9247
2025-09-30 22:58:04,609 - root - INFO - test loss: 0.3779
2025-09-30 22:58:04,610 - root - INFO - test average_precision, 0.8961
2025-09-30 22:58:04,610 - root - INFO - best test average_precision: 0.8997
2025-09-30 22:58:04,610 - root - INFO - test roc_auc, 0.9176
2025-09-30 22:58:04,610 - root - INFO - new node test loss: 0.3359
2025-09-30 22:58:04,610 - root - INFO - new node test average_precision, 0.9218
2025-09-30 22:58:04,610 - root - INFO - new node test roc_auc, 0.9385
2025-09-30 22:59:25,681 - root - INFO - Epoch: 73, learning rate: 0.0001, train loss: 0.3684
2025-09-30 22:59:25,683 - root - INFO - train average_precision, 0.8861
2025-09-30 22:59:25,684 - root - INFO - train roc_auc, 0.9089
2025-09-30 22:59:25,684 - root - INFO - validate loss: 0.3693
2025-09-30 22:59:25,684 - root - INFO - validate average_precision, 0.8882
2025-09-30 22:59:25,684 - root - INFO - validate roc_auc, 0.9112
2025-09-30 22:59:25,684 - root - INFO - new node validate loss: 0.4022
2025-09-30 22:59:25,684 - root - INFO - new node validate average_precision, 0.8909
2025-09-30 22:59:25,684 - root - INFO - new node validate roc_auc, 0.9149
2025-09-30 22:59:38,044 - root - INFO - test loss: 0.3471
2025-09-30 22:59:38,045 - root - INFO - test average_precision, 0.8999
2025-09-30 22:59:38,045 - root - INFO - best test average_precision: 0.8999
2025-09-30 22:59:38,045 - root - INFO - test roc_auc, 0.9207
2025-09-30 22:59:38,045 - root - INFO - new node test loss: 0.3164
2025-09-30 22:59:38,045 - root - INFO - new node test average_precision, 0.9242
2025-09-30 22:59:38,045 - root - INFO - new node test roc_auc, 0.9400
2025-09-30 22:59:38,046 - root - INFO - save model ./saved_models/JODIE/SocialEvo/JODIE_seed1/JODIE_seed1.pkl
2025-09-30 23:00:59,733 - root - INFO - Epoch: 74, learning rate: 0.0001, train loss: 0.3673
2025-09-30 23:00:59,734 - root - INFO - train average_precision, 0.8859
2025-09-30 23:00:59,735 - root - INFO - train roc_auc, 0.9091
2025-09-30 23:00:59,735 - root - INFO - validate loss: 0.3754
2025-09-30 23:00:59,736 - root - INFO - validate average_precision, 0.8863
2025-09-30 23:00:59,736 - root - INFO - validate roc_auc, 0.9091
2025-09-30 23:00:59,736 - root - INFO - new node validate loss: 0.3783
2025-09-30 23:00:59,736 - root - INFO - new node validate average_precision, 0.9102
2025-09-30 23:00:59,736 - root - INFO - new node validate roc_auc, 0.9229
2025-09-30 23:01:11,940 - root - INFO - test loss: 0.3495
2025-09-30 23:01:11,940 - root - INFO - test average_precision, 0.8991
2025-09-30 23:01:11,941 - root - INFO - best test average_precision: 0.8999
2025-09-30 23:01:11,941 - root - INFO - test roc_auc, 0.9200
2025-09-30 23:01:11,941 - root - INFO - new node test loss: 0.3394
2025-09-30 23:01:11,941 - root - INFO - new node test average_precision, 0.9156
2025-09-30 23:01:11,941 - root - INFO - new node test roc_auc, 0.9328
2025-09-30 23:02:33,309 - root - INFO - Epoch: 75, learning rate: 0.0001, train loss: 0.3691
2025-09-30 23:02:33,311 - root - INFO - train average_precision, 0.8852
2025-09-30 23:02:33,311 - root - INFO - train roc_auc, 0.9084
2025-09-30 23:02:33,311 - root - INFO - validate loss: 0.3841
2025-09-30 23:02:33,312 - root - INFO - validate average_precision, 0.8819
2025-09-30 23:02:33,312 - root - INFO - validate roc_auc, 0.9052
2025-09-30 23:02:33,312 - root - INFO - new node validate loss: 0.3716
2025-09-30 23:02:33,312 - root - INFO - new node validate average_precision, 0.9119
2025-09-30 23:02:33,312 - root - INFO - new node validate roc_auc, 0.9242
2025-09-30 23:02:45,556 - root - INFO - test loss: 0.3670
2025-09-30 23:02:45,556 - root - INFO - test average_precision, 0.8892
2025-09-30 23:02:45,556 - root - INFO - best test average_precision: 0.8999
2025-09-30 23:02:45,556 - root - INFO - test roc_auc, 0.9128
2025-09-30 23:02:45,556 - root - INFO - new node test loss: 0.3307
2025-09-30 23:02:45,556 - root - INFO - new node test average_precision, 0.9232
2025-09-30 23:02:45,557 - root - INFO - new node test roc_auc, 0.9377
2025-09-30 23:04:07,168 - root - INFO - Epoch: 76, learning rate: 0.0001, train loss: 0.3683
2025-09-30 23:04:07,170 - root - INFO - train average_precision, 0.8857
2025-09-30 23:04:07,171 - root - INFO - train roc_auc, 0.9086
2025-09-30 23:04:07,171 - root - INFO - validate loss: 0.3904
2025-09-30 23:04:07,171 - root - INFO - validate average_precision, 0.8759
2025-09-30 23:04:07,172 - root - INFO - validate roc_auc, 0.9043
2025-09-30 23:04:07,172 - root - INFO - new node validate loss: 0.3689
2025-09-30 23:04:07,172 - root - INFO - new node validate average_precision, 0.9076
2025-09-30 23:04:07,172 - root - INFO - new node validate roc_auc, 0.9248
2025-09-30 23:04:19,325 - root - INFO - test loss: 0.4194
2025-09-30 23:04:19,326 - root - INFO - test average_precision, 0.8458
2025-09-30 23:04:19,326 - root - INFO - best test average_precision: 0.8999
2025-09-30 23:04:19,326 - root - INFO - test roc_auc, 0.9038
2025-09-30 23:04:19,326 - root - INFO - new node test loss: 0.3559
2025-09-30 23:04:19,326 - root - INFO - new node test average_precision, 0.9152
2025-09-30 23:04:19,326 - root - INFO - new node test roc_auc, 0.9324
2025-09-30 23:05:40,901 - root - INFO - Epoch: 77, learning rate: 0.0001, train loss: 0.3692
2025-09-30 23:05:40,903 - root - INFO - train average_precision, 0.8855
2025-09-30 23:05:40,903 - root - INFO - train roc_auc, 0.9084
2025-09-30 23:05:40,904 - root - INFO - validate loss: 0.3756
2025-09-30 23:05:40,904 - root - INFO - validate average_precision, 0.8868
2025-09-30 23:05:40,904 - root - INFO - validate roc_auc, 0.9089
2025-09-30 23:05:40,904 - root - INFO - new node validate loss: 0.3820
2025-09-30 23:05:40,904 - root - INFO - new node validate average_precision, 0.9068
2025-09-30 23:05:40,904 - root - INFO - new node validate roc_auc, 0.9244
2025-09-30 23:05:53,072 - root - INFO - test loss: 0.3758
2025-09-30 23:05:53,072 - root - INFO - test average_precision, 0.8766
2025-09-30 23:05:53,073 - root - INFO - best test average_precision: 0.8999
2025-09-30 23:05:53,073 - root - INFO - test roc_auc, 0.9102
2025-09-30 23:05:53,073 - root - INFO - new node test loss: 0.3458
2025-09-30 23:05:53,073 - root - INFO - new node test average_precision, 0.9208
2025-09-30 23:05:53,073 - root - INFO - new node test roc_auc, 0.9368
2025-09-30 23:07:14,501 - root - INFO - Epoch: 78, learning rate: 0.0001, train loss: 0.3685
2025-09-30 23:07:14,503 - root - INFO - train average_precision, 0.8852
2025-09-30 23:07:14,503 - root - INFO - train roc_auc, 0.9084
2025-09-30 23:07:14,504 - root - INFO - validate loss: 0.3806
2025-09-30 23:07:14,504 - root - INFO - validate average_precision, 0.8853
2025-09-30 23:07:14,504 - root - INFO - validate roc_auc, 0.9077
2025-09-30 23:07:14,504 - root - INFO - new node validate loss: 0.3592
2025-09-30 23:07:14,504 - root - INFO - new node validate average_precision, 0.9153
2025-09-30 23:07:14,504 - root - INFO - new node validate roc_auc, 0.9271
2025-09-30 23:07:26,675 - root - INFO - test loss: 0.3610
2025-09-30 23:07:26,675 - root - INFO - test average_precision, 0.8941
2025-09-30 23:07:26,675 - root - INFO - best test average_precision: 0.8999
2025-09-30 23:07:26,676 - root - INFO - test roc_auc, 0.9162
2025-09-30 23:07:26,676 - root - INFO - new node test loss: 0.3257
2025-09-30 23:07:26,676 - root - INFO - new node test average_precision, 0.9182
2025-09-30 23:07:26,676 - root - INFO - new node test roc_auc, 0.9367
2025-09-30 23:08:48,124 - root - INFO - Epoch: 79, learning rate: 0.0001, train loss: 0.3687
2025-09-30 23:08:48,126 - root - INFO - train average_precision, 0.8856
2025-09-30 23:08:48,126 - root - INFO - train roc_auc, 0.9086
2025-09-30 23:08:48,126 - root - INFO - validate loss: 0.3757
2025-09-30 23:08:48,127 - root - INFO - validate average_precision, 0.8856
2025-09-30 23:08:48,127 - root - INFO - validate roc_auc, 0.9091
2025-09-30 23:08:48,127 - root - INFO - new node validate loss: 0.3663
2025-09-30 23:08:48,127 - root - INFO - new node validate average_precision, 0.9142
2025-09-30 23:08:48,127 - root - INFO - new node validate roc_auc, 0.9258
2025-09-30 23:09:00,377 - root - INFO - test loss: 0.3557
2025-09-30 23:09:00,378 - root - INFO - test average_precision, 0.8974
2025-09-30 23:09:00,378 - root - INFO - best test average_precision: 0.8999
2025-09-30 23:09:00,378 - root - INFO - test roc_auc, 0.9187
2025-09-30 23:09:00,378 - root - INFO - new node test loss: 0.3435
2025-09-30 23:09:00,378 - root - INFO - new node test average_precision, 0.9121
2025-09-30 23:09:00,378 - root - INFO - new node test roc_auc, 0.9331
2025-09-30 23:10:21,833 - root - INFO - Epoch: 80, learning rate: 0.0001, train loss: 0.3685
2025-09-30 23:10:21,835 - root - INFO - train average_precision, 0.8858
2025-09-30 23:10:21,835 - root - INFO - train roc_auc, 0.9088
2025-09-30 23:10:21,836 - root - INFO - validate loss: 0.3722
2025-09-30 23:10:21,836 - root - INFO - validate average_precision, 0.8865
2025-09-30 23:10:21,836 - root - INFO - validate roc_auc, 0.9098
2025-09-30 23:10:21,836 - root - INFO - new node validate loss: 0.3867
2025-09-30 23:10:21,836 - root - INFO - new node validate average_precision, 0.9040
2025-09-30 23:10:21,836 - root - INFO - new node validate roc_auc, 0.9130
2025-09-30 23:10:34,045 - root - INFO - test loss: 0.3737
2025-09-30 23:10:34,045 - root - INFO - test average_precision, 0.8694
2025-09-30 23:10:34,045 - root - INFO - best test average_precision: 0.8999
2025-09-30 23:10:34,045 - root - INFO - test roc_auc, 0.9102
2025-09-30 23:10:34,046 - root - INFO - new node test loss: 0.3193
2025-09-30 23:10:34,046 - root - INFO - new node test average_precision, 0.9240
2025-09-30 23:10:34,046 - root - INFO - new node test roc_auc, 0.9393
2025-09-30 23:11:55,390 - root - INFO - Epoch: 81, learning rate: 0.0001, train loss: 0.3682
2025-09-30 23:11:55,392 - root - INFO - train average_precision, 0.8860
2025-09-30 23:11:55,393 - root - INFO - train roc_auc, 0.9090
2025-09-30 23:11:55,393 - root - INFO - validate loss: 0.3709
2025-09-30 23:11:55,393 - root - INFO - validate average_precision, 0.8895
2025-09-30 23:11:55,393 - root - INFO - validate roc_auc, 0.9119
2025-09-30 23:11:55,394 - root - INFO - new node validate loss: 0.3405
2025-09-30 23:11:55,394 - root - INFO - new node validate average_precision, 0.9169
2025-09-30 23:11:55,394 - root - INFO - new node validate roc_auc, 0.9292
2025-09-30 23:12:07,695 - root - INFO - test loss: 0.3490
2025-09-30 23:12:07,696 - root - INFO - test average_precision, 0.9013
2025-09-30 23:12:07,696 - root - INFO - best test average_precision: 0.9013
2025-09-30 23:12:07,696 - root - INFO - test roc_auc, 0.9217
2025-09-30 23:12:07,696 - root - INFO - new node test loss: 0.3132
2025-09-30 23:12:07,696 - root - INFO - new node test average_precision, 0.9227
2025-09-30 23:12:07,697 - root - INFO - new node test roc_auc, 0.9395
2025-09-30 23:12:07,697 - root - INFO - save model ./saved_models/JODIE/SocialEvo/JODIE_seed1/JODIE_seed1.pkl
2025-09-30 23:13:29,244 - root - INFO - Epoch: 82, learning rate: 0.0001, train loss: 0.3669
2025-09-30 23:13:29,245 - root - INFO - train average_precision, 0.8863
2025-09-30 23:13:29,246 - root - INFO - train roc_auc, 0.9094
2025-09-30 23:13:29,246 - root - INFO - validate loss: 0.3970
2025-09-30 23:13:29,246 - root - INFO - validate average_precision, 0.8769
2025-09-30 23:13:29,246 - root - INFO - validate roc_auc, 0.9017
2025-09-30 23:13:29,247 - root - INFO - new node validate loss: 0.3590
2025-09-30 23:13:29,247 - root - INFO - new node validate average_precision, 0.9120
2025-09-30 23:13:29,247 - root - INFO - new node validate roc_auc, 0.9261
2025-09-30 23:13:41,454 - root - INFO - test loss: 0.3788
2025-09-30 23:13:41,454 - root - INFO - test average_precision, 0.8700
2025-09-30 23:13:41,454 - root - INFO - best test average_precision: 0.9013
2025-09-30 23:13:41,454 - root - INFO - test roc_auc, 0.9076
2025-09-30 23:13:41,455 - root - INFO - new node test loss: 0.3256
2025-09-30 23:13:41,455 - root - INFO - new node test average_precision, 0.9233
2025-09-30 23:13:41,455 - root - INFO - new node test roc_auc, 0.9384
2025-09-30 23:15:03,006 - root - INFO - Epoch: 83, learning rate: 0.0001, train loss: 0.3668
2025-09-30 23:15:03,008 - root - INFO - train average_precision, 0.8860
2025-09-30 23:15:03,009 - root - INFO - train roc_auc, 0.9092
2025-09-30 23:15:03,009 - root - INFO - validate loss: 0.3681
2025-09-30 23:15:03,009 - root - INFO - validate average_precision, 0.8894
2025-09-30 23:15:03,009 - root - INFO - validate roc_auc, 0.9124
2025-09-30 23:15:03,009 - root - INFO - new node validate loss: 0.3705
2025-09-30 23:15:03,009 - root - INFO - new node validate average_precision, 0.9100
2025-09-30 23:15:03,009 - root - INFO - new node validate roc_auc, 0.9258
2025-09-30 23:15:15,180 - root - INFO - test loss: 0.3651
2025-09-30 23:15:15,181 - root - INFO - test average_precision, 0.8830
2025-09-30 23:15:15,181 - root - INFO - best test average_precision: 0.9013
2025-09-30 23:15:15,181 - root - INFO - test roc_auc, 0.9144
2025-09-30 23:15:15,181 - root - INFO - new node test loss: 0.3615
2025-09-30 23:15:15,181 - root - INFO - new node test average_precision, 0.9131
2025-09-30 23:15:15,181 - root - INFO - new node test roc_auc, 0.9303
2025-09-30 23:16:36,390 - root - INFO - Epoch: 84, learning rate: 0.0001, train loss: 0.3671
2025-09-30 23:16:36,392 - root - INFO - train average_precision, 0.8858
2025-09-30 23:16:36,392 - root - INFO - train roc_auc, 0.9092
2025-09-30 23:16:36,392 - root - INFO - validate loss: 0.3760
2025-09-30 23:16:36,393 - root - INFO - validate average_precision, 0.8870
2025-09-30 23:16:36,393 - root - INFO - validate roc_auc, 0.9096
2025-09-30 23:16:36,393 - root - INFO - new node validate loss: 0.3735
2025-09-30 23:16:36,393 - root - INFO - new node validate average_precision, 0.9031
2025-09-30 23:16:36,393 - root - INFO - new node validate roc_auc, 0.9235
2025-09-30 23:16:48,534 - root - INFO - test loss: 0.3581
2025-09-30 23:16:48,534 - root - INFO - test average_precision, 0.8944
2025-09-30 23:16:48,534 - root - INFO - best test average_precision: 0.9013
2025-09-30 23:16:48,534 - root - INFO - test roc_auc, 0.9177
2025-09-30 23:16:48,534 - root - INFO - new node test loss: 0.3404
2025-09-30 23:16:48,535 - root - INFO - new node test average_precision, 0.9139
2025-09-30 23:16:48,535 - root - INFO - new node test roc_auc, 0.9336
2025-09-30 23:18:09,791 - root - INFO - Epoch: 85, learning rate: 0.0001, train loss: 0.3671
2025-09-30 23:18:09,793 - root - INFO - train average_precision, 0.8864
2025-09-30 23:18:09,793 - root - INFO - train roc_auc, 0.9093
2025-09-30 23:18:09,794 - root - INFO - validate loss: 0.3804
2025-09-30 23:18:09,794 - root - INFO - validate average_precision, 0.8837
2025-09-30 23:18:09,794 - root - INFO - validate roc_auc, 0.9067
2025-09-30 23:18:09,794 - root - INFO - new node validate loss: 0.3641
2025-09-30 23:18:09,794 - root - INFO - new node validate average_precision, 0.9201
2025-09-30 23:18:09,794 - root - INFO - new node validate roc_auc, 0.9297
2025-09-30 23:18:22,088 - root - INFO - test loss: 0.4030
2025-09-30 23:18:22,089 - root - INFO - test average_precision, 0.8491
2025-09-30 23:18:22,089 - root - INFO - best test average_precision: 0.9013
2025-09-30 23:18:22,089 - root - INFO - test roc_auc, 0.9039
2025-09-30 23:18:22,089 - root - INFO - new node test loss: 0.3452
2025-09-30 23:18:22,089 - root - INFO - new node test average_precision, 0.9146
2025-09-30 23:18:22,089 - root - INFO - new node test roc_auc, 0.9319
2025-09-30 23:19:43,285 - root - INFO - Epoch: 86, learning rate: 0.0001, train loss: 0.3667
2025-09-30 23:19:43,287 - root - INFO - train average_precision, 0.8863
2025-09-30 23:19:43,287 - root - INFO - train roc_auc, 0.9093
2025-09-30 23:19:43,288 - root - INFO - validate loss: 0.3849
2025-09-30 23:19:43,288 - root - INFO - validate average_precision, 0.8758
2025-09-30 23:19:43,288 - root - INFO - validate roc_auc, 0.9050
2025-09-30 23:19:43,288 - root - INFO - new node validate loss: 0.3676
2025-09-30 23:19:43,288 - root - INFO - new node validate average_precision, 0.9068
2025-09-30 23:19:43,288 - root - INFO - new node validate roc_auc, 0.9266
2025-09-30 23:19:55,504 - root - INFO - test loss: 0.4204
2025-09-30 23:19:55,505 - root - INFO - test average_precision, 0.8508
2025-09-30 23:19:55,505 - root - INFO - best test average_precision: 0.9013
2025-09-30 23:19:55,505 - root - INFO - test roc_auc, 0.9076
2025-09-30 23:19:55,505 - root - INFO - new node test loss: 0.3258
2025-09-30 23:19:55,505 - root - INFO - new node test average_precision, 0.9186
2025-09-30 23:19:55,505 - root - INFO - new node test roc_auc, 0.9362
2025-09-30 23:21:16,880 - root - INFO - Epoch: 87, learning rate: 0.0001, train loss: 0.3680
2025-09-30 23:21:16,881 - root - INFO - train average_precision, 0.8861
2025-09-30 23:21:16,882 - root - INFO - train roc_auc, 0.9092
2025-09-30 23:21:16,882 - root - INFO - validate loss: 0.3732
2025-09-30 23:21:16,883 - root - INFO - validate average_precision, 0.8882
2025-09-30 23:21:16,883 - root - INFO - validate roc_auc, 0.9107
2025-09-30 23:21:16,883 - root - INFO - new node validate loss: 0.3774
2025-09-30 23:21:16,883 - root - INFO - new node validate average_precision, 0.9019
2025-09-30 23:21:16,883 - root - INFO - new node validate roc_auc, 0.9202
2025-09-30 23:21:29,077 - root - INFO - test loss: 0.3777
2025-09-30 23:21:29,077 - root - INFO - test average_precision, 0.8766
2025-09-30 23:21:29,077 - root - INFO - best test average_precision: 0.9013
2025-09-30 23:21:29,077 - root - INFO - test roc_auc, 0.9097
2025-09-30 23:21:29,078 - root - INFO - new node test loss: 0.3358
2025-09-30 23:21:29,078 - root - INFO - new node test average_precision, 0.9113
2025-09-30 23:21:29,078 - root - INFO - new node test roc_auc, 0.9328
2025-09-30 23:22:50,312 - root - INFO - Epoch: 88, learning rate: 0.0001, train loss: 0.3662
2025-09-30 23:22:50,313 - root - INFO - train average_precision, 0.8870
2025-09-30 23:22:50,314 - root - INFO - train roc_auc, 0.9099
2025-09-30 23:22:50,314 - root - INFO - validate loss: 0.3802
2025-09-30 23:22:50,315 - root - INFO - validate average_precision, 0.8807
2025-09-30 23:22:50,315 - root - INFO - validate roc_auc, 0.9072
2025-09-30 23:22:50,315 - root - INFO - new node validate loss: 0.3862
2025-09-30 23:22:50,315 - root - INFO - new node validate average_precision, 0.9137
2025-09-30 23:22:50,315 - root - INFO - new node validate roc_auc, 0.9274
2025-09-30 23:23:02,798 - root - INFO - test loss: 0.4112
2025-09-30 23:23:02,798 - root - INFO - test average_precision, 0.8508
2025-09-30 23:23:02,798 - root - INFO - best test average_precision: 0.9013
2025-09-30 23:23:02,799 - root - INFO - test roc_auc, 0.9059
2025-09-30 23:23:02,799 - root - INFO - new node test loss: 0.3342
2025-09-30 23:23:02,799 - root - INFO - new node test average_precision, 0.9251
2025-09-30 23:23:02,799 - root - INFO - new node test roc_auc, 0.9394
2025-09-30 23:24:24,148 - root - INFO - Epoch: 89, learning rate: 0.0001, train loss: 0.3675
2025-09-30 23:24:24,150 - root - INFO - train average_precision, 0.8860
2025-09-30 23:24:24,151 - root - INFO - train roc_auc, 0.9091
2025-09-30 23:24:24,151 - root - INFO - validate loss: 0.3751
2025-09-30 23:24:24,151 - root - INFO - validate average_precision, 0.8876
2025-09-30 23:24:24,151 - root - INFO - validate roc_auc, 0.9099
2025-09-30 23:24:24,151 - root - INFO - new node validate loss: 0.3574
2025-09-30 23:24:24,151 - root - INFO - new node validate average_precision, 0.9128
2025-09-30 23:24:24,151 - root - INFO - new node validate roc_auc, 0.9256
2025-09-30 23:24:36,325 - root - INFO - test loss: 0.3583
2025-09-30 23:24:36,325 - root - INFO - test average_precision, 0.8953
2025-09-30 23:24:36,325 - root - INFO - best test average_precision: 0.9013
2025-09-30 23:24:36,326 - root - INFO - test roc_auc, 0.9181
2025-09-30 23:24:36,326 - root - INFO - new node test loss: 0.3371
2025-09-30 23:24:36,326 - root - INFO - new node test average_precision, 0.9205
2025-09-30 23:24:36,326 - root - INFO - new node test roc_auc, 0.9356
2025-09-30 23:25:57,713 - root - INFO - Epoch: 90, learning rate: 0.0001, train loss: 0.3658
2025-09-30 23:25:57,715 - root - INFO - train average_precision, 0.8870
2025-09-30 23:25:57,715 - root - INFO - train roc_auc, 0.9098
2025-09-30 23:25:57,716 - root - INFO - validate loss: 0.4004
2025-09-30 23:25:57,716 - root - INFO - validate average_precision, 0.8627
2025-09-30 23:25:57,716 - root - INFO - validate roc_auc, 0.9012
2025-09-30 23:25:57,716 - root - INFO - new node validate loss: 0.3607
2025-09-30 23:25:57,716 - root - INFO - new node validate average_precision, 0.9122
2025-09-30 23:25:57,716 - root - INFO - new node validate roc_auc, 0.9284
2025-09-30 23:26:09,889 - root - INFO - test loss: 0.5109
2025-09-30 23:26:09,889 - root - INFO - test average_precision, 0.8490
2025-09-30 23:26:09,890 - root - INFO - best test average_precision: 0.9013
2025-09-30 23:26:09,890 - root - INFO - test roc_auc, 0.9057
2025-09-30 23:26:09,890 - root - INFO - new node test loss: 0.3252
2025-09-30 23:26:09,890 - root - INFO - new node test average_precision, 0.9224
2025-09-30 23:26:09,890 - root - INFO - new node test roc_auc, 0.9385
2025-09-30 23:27:31,129 - root - INFO - Epoch: 91, learning rate: 0.0001, train loss: 0.3675
2025-09-30 23:27:31,131 - root - INFO - train average_precision, 0.8856
2025-09-30 23:27:31,131 - root - INFO - train roc_auc, 0.9089
2025-09-30 23:27:31,131 - root - INFO - validate loss: 0.3707
2025-09-30 23:27:31,132 - root - INFO - validate average_precision, 0.8889
2025-09-30 23:27:31,132 - root - INFO - validate roc_auc, 0.9112
2025-09-30 23:27:31,132 - root - INFO - new node validate loss: 0.3917
2025-09-30 23:27:31,132 - root - INFO - new node validate average_precision, 0.8988
2025-09-30 23:27:31,132 - root - INFO - new node validate roc_auc, 0.9148
2025-09-30 23:27:43,310 - root - INFO - test loss: 0.3454
2025-09-30 23:27:43,311 - root - INFO - test average_precision, 0.9013
2025-09-30 23:27:43,311 - root - INFO - best test average_precision: 0.9013
2025-09-30 23:27:43,311 - root - INFO - test roc_auc, 0.9220
2025-09-30 23:27:43,311 - root - INFO - new node test loss: 0.3674
2025-09-30 23:27:43,311 - root - INFO - new node test average_precision, 0.9085
2025-09-30 23:27:43,311 - root - INFO - new node test roc_auc, 0.9261
2025-09-30 23:29:04,682 - root - INFO - Epoch: 92, learning rate: 0.0001, train loss: 0.3667
2025-09-30 23:29:04,683 - root - INFO - train average_precision, 0.8865
2025-09-30 23:29:04,684 - root - INFO - train roc_auc, 0.9094
2025-09-30 23:29:04,684 - root - INFO - validate loss: 0.3761
2025-09-30 23:29:04,684 - root - INFO - validate average_precision, 0.8865
2025-09-30 23:29:04,685 - root - INFO - validate roc_auc, 0.9088
2025-09-30 23:29:04,685 - root - INFO - new node validate loss: 0.3671
2025-09-30 23:29:04,685 - root - INFO - new node validate average_precision, 0.9041
2025-09-30 23:29:04,685 - root - INFO - new node validate roc_auc, 0.9243
2025-09-30 23:29:16,878 - root - INFO - test loss: 0.3551
2025-09-30 23:29:16,878 - root - INFO - test average_precision, 0.8983
2025-09-30 23:29:16,878 - root - INFO - best test average_precision: 0.9013
2025-09-30 23:29:16,878 - root - INFO - test roc_auc, 0.9189
2025-09-30 23:29:16,878 - root - INFO - new node test loss: 0.3324
2025-09-30 23:29:16,878 - root - INFO - new node test average_precision, 0.9177
2025-09-30 23:29:16,879 - root - INFO - new node test roc_auc, 0.9357
2025-09-30 23:30:37,949 - root - INFO - Epoch: 93, learning rate: 0.0001, train loss: 0.3654
2025-09-30 23:30:37,951 - root - INFO - train average_precision, 0.8867
2025-09-30 23:30:37,952 - root - INFO - train roc_auc, 0.9099
2025-09-30 23:30:37,952 - root - INFO - validate loss: 0.3698
2025-09-30 23:30:37,952 - root - INFO - validate average_precision, 0.8885
2025-09-30 23:30:37,952 - root - INFO - validate roc_auc, 0.9113
2025-09-30 23:30:37,952 - root - INFO - new node validate loss: 0.3471
2025-09-30 23:30:37,952 - root - INFO - new node validate average_precision, 0.9095
2025-09-30 23:30:37,952 - root - INFO - new node validate roc_auc, 0.9255
2025-09-30 23:30:50,100 - root - INFO - test loss: 0.3454
2025-09-30 23:30:50,100 - root - INFO - test average_precision, 0.9003
2025-09-30 23:30:50,100 - root - INFO - best test average_precision: 0.9013
2025-09-30 23:30:50,101 - root - INFO - test roc_auc, 0.9217
2025-09-30 23:30:50,101 - root - INFO - new node test loss: 0.3162
2025-09-30 23:30:50,101 - root - INFO - new node test average_precision, 0.9214
2025-09-30 23:30:50,101 - root - INFO - new node test roc_auc, 0.9380
2025-09-30 23:32:11,526 - root - INFO - Epoch: 94, learning rate: 0.0001, train loss: 0.3650
2025-09-30 23:32:11,528 - root - INFO - train average_precision, 0.8874
2025-09-30 23:32:11,528 - root - INFO - train roc_auc, 0.9101
2025-09-30 23:32:11,529 - root - INFO - validate loss: 0.3806
2025-09-30 23:32:11,529 - root - INFO - validate average_precision, 0.8859
2025-09-30 23:32:11,529 - root - INFO - validate roc_auc, 0.9082
2025-09-30 23:32:11,529 - root - INFO - new node validate loss: 0.3720
2025-09-30 23:32:11,529 - root - INFO - new node validate average_precision, 0.9080
2025-09-30 23:32:11,529 - root - INFO - new node validate roc_auc, 0.9256
2025-09-30 23:32:23,698 - root - INFO - test loss: 0.3817
2025-09-30 23:32:23,699 - root - INFO - test average_precision, 0.8676
2025-09-30 23:32:23,699 - root - INFO - best test average_precision: 0.9013
2025-09-30 23:32:23,699 - root - INFO - test roc_auc, 0.9083
2025-09-30 23:32:23,699 - root - INFO - new node test loss: 0.3420
2025-09-30 23:32:23,699 - root - INFO - new node test average_precision, 0.9143
2025-09-30 23:32:23,699 - root - INFO - new node test roc_auc, 0.9346
2025-09-30 23:33:45,077 - root - INFO - Epoch: 95, learning rate: 0.0001, train loss: 0.3660
2025-09-30 23:33:45,079 - root - INFO - train average_precision, 0.8871
2025-09-30 23:33:45,079 - root - INFO - train roc_auc, 0.9098
2025-09-30 23:33:45,079 - root - INFO - validate loss: 0.3743
2025-09-30 23:33:45,080 - root - INFO - validate average_precision, 0.8872
2025-09-30 23:33:45,080 - root - INFO - validate roc_auc, 0.9094
2025-09-30 23:33:45,080 - root - INFO - new node validate loss: 0.3618
2025-09-30 23:33:45,080 - root - INFO - new node validate average_precision, 0.9129
2025-09-30 23:33:45,080 - root - INFO - new node validate roc_auc, 0.9272
2025-09-30 23:33:57,246 - root - INFO - test loss: 0.4059
2025-09-30 23:33:57,246 - root - INFO - test average_precision, 0.8491
2025-09-30 23:33:57,246 - root - INFO - best test average_precision: 0.9013
2025-09-30 23:33:57,246 - root - INFO - test roc_auc, 0.9005
2025-09-30 23:33:57,246 - root - INFO - new node test loss: 0.3358
2025-09-30 23:33:57,247 - root - INFO - new node test average_precision, 0.9094
2025-09-30 23:33:57,247 - root - INFO - new node test roc_auc, 0.9321
2025-09-30 23:35:18,806 - root - INFO - Epoch: 96, learning rate: 0.0001, train loss: 0.3633
2025-09-30 23:35:18,808 - root - INFO - train average_precision, 0.8875
2025-09-30 23:35:18,809 - root - INFO - train roc_auc, 0.9108
2025-09-30 23:35:18,809 - root - INFO - validate loss: 0.3894
2025-09-30 23:35:18,809 - root - INFO - validate average_precision, 0.8794
2025-09-30 23:35:18,809 - root - INFO - validate roc_auc, 0.9051
2025-09-30 23:35:18,810 - root - INFO - new node validate loss: 0.3912
2025-09-30 23:35:18,810 - root - INFO - new node validate average_precision, 0.8955
2025-09-30 23:35:18,810 - root - INFO - new node validate roc_auc, 0.9179
2025-09-30 23:35:31,157 - root - INFO - test loss: 0.4468
2025-09-30 23:35:31,157 - root - INFO - test average_precision, 0.8356
2025-09-30 23:35:31,157 - root - INFO - best test average_precision: 0.9013
2025-09-30 23:35:31,158 - root - INFO - test roc_auc, 0.8964
2025-09-30 23:35:31,158 - root - INFO - new node test loss: 0.3391
2025-09-30 23:35:31,158 - root - INFO - new node test average_precision, 0.9166
2025-09-30 23:35:31,158 - root - INFO - new node test roc_auc, 0.9349
2025-09-30 23:36:52,854 - root - INFO - Epoch: 97, learning rate: 0.0001, train loss: 0.3645
2025-09-30 23:36:52,856 - root - INFO - train average_precision, 0.8869
2025-09-30 23:36:52,857 - root - INFO - train roc_auc, 0.9103
2025-09-30 23:36:52,857 - root - INFO - validate loss: 0.3804
2025-09-30 23:36:52,857 - root - INFO - validate average_precision, 0.8849
2025-09-30 23:36:52,857 - root - INFO - validate roc_auc, 0.9073
2025-09-30 23:36:52,857 - root - INFO - new node validate loss: 0.3604
2025-09-30 23:36:52,857 - root - INFO - new node validate average_precision, 0.9122
2025-09-30 23:36:52,857 - root - INFO - new node validate roc_auc, 0.9262
2025-09-30 23:37:05,086 - root - INFO - test loss: 0.3747
2025-09-30 23:37:05,087 - root - INFO - test average_precision, 0.8720
2025-09-30 23:37:05,087 - root - INFO - best test average_precision: 0.9013
2025-09-30 23:37:05,087 - root - INFO - test roc_auc, 0.9097
2025-09-30 23:37:05,087 - root - INFO - new node test loss: 0.3390
2025-09-30 23:37:05,087 - root - INFO - new node test average_precision, 0.9170
2025-09-30 23:37:05,087 - root - INFO - new node test roc_auc, 0.9359
2025-09-30 23:38:26,503 - root - INFO - Epoch: 98, learning rate: 0.0001, train loss: 0.3670
2025-09-30 23:38:26,505 - root - INFO - train average_precision, 0.8861
2025-09-30 23:38:26,505 - root - INFO - train roc_auc, 0.9093
2025-09-30 23:38:26,506 - root - INFO - validate loss: 0.3762
2025-09-30 23:38:26,506 - root - INFO - validate average_precision, 0.8874
2025-09-30 23:38:26,506 - root - INFO - validate roc_auc, 0.9100
2025-09-30 23:38:26,506 - root - INFO - new node validate loss: 0.3582
2025-09-30 23:38:26,506 - root - INFO - new node validate average_precision, 0.9113
2025-09-30 23:38:26,506 - root - INFO - new node validate roc_auc, 0.9277
2025-09-30 23:38:38,667 - root - INFO - test loss: 0.3755
2025-09-30 23:38:38,667 - root - INFO - test average_precision, 0.8685
2025-09-30 23:38:38,668 - root - INFO - best test average_precision: 0.9013
2025-09-30 23:38:38,668 - root - INFO - test roc_auc, 0.9107
2025-09-30 23:38:38,668 - root - INFO - new node test loss: 0.3180
2025-09-30 23:38:38,668 - root - INFO - new node test average_precision, 0.9221
2025-09-30 23:38:38,668 - root - INFO - new node test roc_auc, 0.9383
2025-09-30 23:39:59,815 - root - INFO - Epoch: 99, learning rate: 0.0001, train loss: 0.3648
2025-09-30 23:39:59,817 - root - INFO - train average_precision, 0.8870
2025-09-30 23:39:59,818 - root - INFO - train roc_auc, 0.9099
2025-09-30 23:39:59,818 - root - INFO - validate loss: 0.3691
2025-09-30 23:39:59,818 - root - INFO - validate average_precision, 0.8889
2025-09-30 23:39:59,818 - root - INFO - validate roc_auc, 0.9116
2025-09-30 23:39:59,818 - root - INFO - new node validate loss: 0.3381
2025-09-30 23:39:59,818 - root - INFO - new node validate average_precision, 0.9152
2025-09-30 23:39:59,818 - root - INFO - new node validate roc_auc, 0.9294
2025-09-30 23:40:12,060 - root - INFO - test loss: 0.3473
2025-09-30 23:40:12,060 - root - INFO - test average_precision, 0.9004
2025-09-30 23:40:12,060 - root - INFO - best test average_precision: 0.9013
2025-09-30 23:40:12,060 - root - INFO - test roc_auc, 0.9218
2025-09-30 23:40:12,060 - root - INFO - new node test loss: 0.3256
2025-09-30 23:40:12,060 - root - INFO - new node test average_precision, 0.9192
2025-09-30 23:40:12,060 - root - INFO - new node test roc_auc, 0.9366
2025-09-30 23:41:33,715 - root - INFO - Epoch: 100, learning rate: 0.0001, train loss: 0.3654
2025-09-30 23:41:33,717 - root - INFO - train average_precision, 0.8870
2025-09-30 23:41:33,717 - root - INFO - train roc_auc, 0.9100
2025-09-30 23:41:33,718 - root - INFO - validate loss: 0.4007
2025-09-30 23:41:33,718 - root - INFO - validate average_precision, 0.8626
2025-09-30 23:41:33,718 - root - INFO - validate roc_auc, 0.9014
2025-09-30 23:41:33,718 - root - INFO - new node validate loss: 0.3701
2025-09-30 23:41:33,718 - root - INFO - new node validate average_precision, 0.9062
2025-09-30 23:41:33,718 - root - INFO - new node validate roc_auc, 0.9210
2025-09-30 23:41:45,938 - root - INFO - test loss: 0.7199
2025-09-30 23:41:45,938 - root - INFO - test average_precision, 0.8452
2025-09-30 23:41:45,939 - root - INFO - best test average_precision: 0.9013
2025-09-30 23:41:45,939 - root - INFO - test roc_auc, 0.9035
2025-09-30 23:41:45,939 - root - INFO - new node test loss: 0.3111
2025-09-30 23:41:45,939 - root - INFO - new node test average_precision, 0.9253
2025-09-30 23:41:45,939 - root - INFO - new node test roc_auc, 0.9408
2025-09-30 23:41:45,940 - root - INFO - load model ./saved_models/JODIE/SocialEvo/JODIE_seed1/JODIE_seed1.pkl
2025-09-30 23:41:45,988 - root - INFO - get final performance on dataset SocialEvo...
2025-09-30 23:41:58,222 - root - INFO - test loss: 0.3490
2025-09-30 23:41:58,223 - root - INFO - test average_precision, 0.9013
2025-09-30 23:41:58,223 - root - INFO - test roc_auc, 0.9217
2025-09-30 23:41:58,223 - root - INFO - new node test loss: 0.3132
2025-09-30 23:41:58,223 - root - INFO - new node test average_precision, 0.9227
2025-09-30 23:41:58,223 - root - INFO - new node test roc_auc, 0.9395
2025-09-30 23:41:58,223 - root - INFO - Run 2 cost 9412.69 seconds.
