2025-10-02 18:47:30,163 - root - INFO - ********** Run 5 starts. **********
2025-10-02 18:47:30,163 - root - INFO - configuration is Namespace(dataset_name='enron', batch_size=200, model_name='JODIE', gpu=0, num_neighbors=10, sample_neighbor_strategy='uniform', time_scaling_factor=1e-06, num_walk_heads=8, num_heads=2, num_layers=1, walk_length=1, time_gap=2000, time_feat_dim=128, position_feat_dim=172, time_window_mode='fixed_proportion', time_encoder_type='mercer', expert_dim=64, num_mixtures=4, patch_size=1, channel_embedding_dim=50, max_input_sequence_length=32, learning_rate=0.0001, dropout=0.1, gamma=0.5, num_epochs=100, optimizer='Adam', weight_decay=0.0, patience=20, val_ratio=0.15, test_ratio=0.15, num_runs=5, test_interval_epochs=1, negative_sample_strategy='random', max_interaction_times=10, load_best_configs=True, device='cuda:0', seed=4, save_model_name='JODIE_mercer_seed4')
2025-10-02 18:47:30,164 - root - INFO - time encoder type: mercer
2025-10-02 18:47:30,270 - root - INFO - model -> Sequential(
  (0): MemoryModel(
    (time_encoder): TimeEncoder(
      (w): Linear(in_features=1, out_features=128, bias=True)
    )
    (message_aggregator): MessageAggregator()
    (memory_bank): MemoryBank(num_nodes=185, memory_dim=172)
    (memory_updater): RNNMemoryUpdater(
      (memory_bank): MemoryBank(num_nodes=185, memory_dim=172)
      (memory_updater): RNNCell(644, 172)
    )
    (embedding_module): TimeProjectionEmbedding(
      (dropout): Dropout(p=0.1, inplace=False)
      (linear_layer): Linear(in_features=1, out_features=172, bias=True)
    )
  )
  (1): MergeLayer(
    (fc1): Linear(in_features=344, out_features=172, bias=True)
    (fc2): Linear(in_features=172, out_features=1, bias=True)
    (act): ReLU()
  )
)
2025-10-02 18:47:30,270 - root - INFO - model name: JODIE, #parameters: 803236 B, 784.41015625 KB, 0.7660255432128906 MB.
2025-10-02 18:47:35,433 - root - INFO - Epoch: 1, learning rate: 0.0001, train loss: 0.5431
2025-10-02 18:47:35,433 - root - INFO - train average_precision, 0.7282
2025-10-02 18:47:35,433 - root - INFO - train roc_auc, 0.7963
2025-10-02 18:47:35,434 - root - INFO - validate loss: 0.5787
2025-10-02 18:47:35,434 - root - INFO - validate average_precision, 0.6898
2025-10-02 18:47:35,434 - root - INFO - validate roc_auc, 0.7566
2025-10-02 18:47:35,434 - root - INFO - new node validate loss: 0.6405
2025-10-02 18:47:35,434 - root - INFO - new node validate average_precision, 0.6930
2025-10-02 18:47:35,434 - root - INFO - new node validate roc_auc, 0.7288
2025-10-02 18:47:36,271 - root - INFO - test loss: 0.5479
2025-10-02 18:47:36,271 - root - INFO - test average_precision, 0.7230
2025-10-02 18:47:36,271 - root - INFO - best test average_precision: 0.7230
2025-10-02 18:47:36,271 - root - INFO - test roc_auc, 0.7889
2025-10-02 18:47:36,271 - root - INFO - new node test loss: 0.6375
2025-10-02 18:47:36,271 - root - INFO - new node test average_precision, 0.7305
2025-10-02 18:47:36,271 - root - INFO - new node test roc_auc, 0.7519
2025-10-02 18:47:36,271 - root - INFO - save model ./saved_models/JODIE/enron/JODIE_mercer_seed4/JODIE_mercer_seed4.pkl
2025-10-02 18:47:41,537 - root - INFO - Epoch: 2, learning rate: 0.0001, train loss: 0.4703
2025-10-02 18:47:41,537 - root - INFO - train average_precision, 0.7962
2025-10-02 18:47:41,537 - root - INFO - train roc_auc, 0.8471
2025-10-02 18:47:41,537 - root - INFO - validate loss: 0.6058
2025-10-02 18:47:41,537 - root - INFO - validate average_precision, 0.7183
2025-10-02 18:47:41,537 - root - INFO - validate roc_auc, 0.7725
2025-10-02 18:47:41,537 - root - INFO - new node validate loss: 0.6619
2025-10-02 18:47:41,537 - root - INFO - new node validate average_precision, 0.7092
2025-10-02 18:47:41,537 - root - INFO - new node validate roc_auc, 0.7327
2025-10-02 18:47:42,468 - root - INFO - test loss: 0.5764
2025-10-02 18:47:42,468 - root - INFO - test average_precision, 0.7467
2025-10-02 18:47:42,468 - root - INFO - best test average_precision: 0.7467
2025-10-02 18:47:42,468 - root - INFO - test roc_auc, 0.8008
2025-10-02 18:47:42,468 - root - INFO - new node test loss: 0.6663
2025-10-02 18:47:42,468 - root - INFO - new node test average_precision, 0.7204
2025-10-02 18:47:42,468 - root - INFO - new node test roc_auc, 0.7456
2025-10-02 18:47:42,468 - root - INFO - save model ./saved_models/JODIE/enron/JODIE_mercer_seed4/JODIE_mercer_seed4.pkl
2025-10-02 18:47:47,798 - root - INFO - Epoch: 3, learning rate: 0.0001, train loss: 0.4182
2025-10-02 18:47:47,799 - root - INFO - train average_precision, 0.8574
2025-10-02 18:47:47,799 - root - INFO - train roc_auc, 0.8870
2025-10-02 18:47:47,799 - root - INFO - validate loss: 0.4886
2025-10-02 18:47:47,799 - root - INFO - validate average_precision, 0.8212
2025-10-02 18:47:47,799 - root - INFO - validate roc_auc, 0.8532
2025-10-02 18:47:47,799 - root - INFO - new node validate loss: 0.6572
2025-10-02 18:47:47,799 - root - INFO - new node validate average_precision, 0.7295
2025-10-02 18:47:47,799 - root - INFO - new node validate roc_auc, 0.7553
2025-10-02 18:47:48,629 - root - INFO - test loss: 0.6775
2025-10-02 18:47:48,629 - root - INFO - test average_precision, 0.7808
2025-10-02 18:47:48,630 - root - INFO - best test average_precision: 0.7808
2025-10-02 18:47:48,630 - root - INFO - test roc_auc, 0.8229
2025-10-02 18:47:48,630 - root - INFO - new node test loss: 0.6040
2025-10-02 18:47:48,630 - root - INFO - new node test average_precision, 0.7903
2025-10-02 18:47:48,630 - root - INFO - new node test roc_auc, 0.8047
2025-10-02 18:47:48,630 - root - INFO - save model ./saved_models/JODIE/enron/JODIE_mercer_seed4/JODIE_mercer_seed4.pkl
2025-10-02 18:47:53,937 - root - INFO - Epoch: 4, learning rate: 0.0001, train loss: 0.4147
2025-10-02 18:47:53,937 - root - INFO - train average_precision, 0.8601
2025-10-02 18:47:53,937 - root - INFO - train roc_auc, 0.8865
2025-10-02 18:47:53,937 - root - INFO - validate loss: 0.7389
2025-10-02 18:47:53,937 - root - INFO - validate average_precision, 0.7041
2025-10-02 18:47:53,938 - root - INFO - validate roc_auc, 0.7628
2025-10-02 18:47:53,938 - root - INFO - new node validate loss: 0.7309
2025-10-02 18:47:53,938 - root - INFO - new node validate average_precision, 0.7338
2025-10-02 18:47:53,938 - root - INFO - new node validate roc_auc, 0.7429
2025-10-02 18:47:54,778 - root - INFO - test loss: 0.7330
2025-10-02 18:47:54,778 - root - INFO - test average_precision, 0.7317
2025-10-02 18:47:54,778 - root - INFO - best test average_precision: 0.7808
2025-10-02 18:47:54,778 - root - INFO - test roc_auc, 0.7942
2025-10-02 18:47:54,778 - root - INFO - new node test loss: 0.8241
2025-10-02 18:47:54,778 - root - INFO - new node test average_precision, 0.7423
2025-10-02 18:47:54,778 - root - INFO - new node test roc_auc, 0.7645
2025-10-02 18:47:59,962 - root - INFO - Epoch: 5, learning rate: 0.0001, train loss: 0.4611
2025-10-02 18:47:59,962 - root - INFO - train average_precision, 0.8210
2025-10-02 18:47:59,962 - root - INFO - train roc_auc, 0.8625
2025-10-02 18:47:59,962 - root - INFO - validate loss: 0.5668
2025-10-02 18:47:59,962 - root - INFO - validate average_precision, 0.7356
2025-10-02 18:47:59,962 - root - INFO - validate roc_auc, 0.7936
2025-10-02 18:47:59,962 - root - INFO - new node validate loss: 0.6650
2025-10-02 18:47:59,962 - root - INFO - new node validate average_precision, 0.7095
2025-10-02 18:47:59,962 - root - INFO - new node validate roc_auc, 0.7472
2025-10-02 18:48:00,798 - root - INFO - test loss: 0.5290
2025-10-02 18:48:00,798 - root - INFO - test average_precision, 0.7554
2025-10-02 18:48:00,798 - root - INFO - best test average_precision: 0.7808
2025-10-02 18:48:00,798 - root - INFO - test roc_auc, 0.8131
2025-10-02 18:48:00,798 - root - INFO - new node test loss: 0.6177
2025-10-02 18:48:00,798 - root - INFO - new node test average_precision, 0.7618
2025-10-02 18:48:00,798 - root - INFO - new node test roc_auc, 0.7853
2025-10-02 18:48:05,998 - root - INFO - Epoch: 6, learning rate: 0.0001, train loss: 0.4113
2025-10-02 18:48:05,998 - root - INFO - train average_precision, 0.8594
2025-10-02 18:48:05,998 - root - INFO - train roc_auc, 0.8881
2025-10-02 18:48:05,998 - root - INFO - validate loss: 0.5794
2025-10-02 18:48:05,999 - root - INFO - validate average_precision, 0.7903
2025-10-02 18:48:05,999 - root - INFO - validate roc_auc, 0.8201
2025-10-02 18:48:05,999 - root - INFO - new node validate loss: 0.6278
2025-10-02 18:48:05,999 - root - INFO - new node validate average_precision, 0.7336
2025-10-02 18:48:05,999 - root - INFO - new node validate roc_auc, 0.7594
2025-10-02 18:48:06,839 - root - INFO - test loss: 0.7193
2025-10-02 18:48:06,839 - root - INFO - test average_precision, 0.7687
2025-10-02 18:48:06,839 - root - INFO - best test average_precision: 0.7808
2025-10-02 18:48:06,839 - root - INFO - test roc_auc, 0.8153
2025-10-02 18:48:06,839 - root - INFO - new node test loss: 0.6448
2025-10-02 18:48:06,839 - root - INFO - new node test average_precision, 0.7715
2025-10-02 18:48:06,839 - root - INFO - new node test roc_auc, 0.7911
2025-10-02 18:48:12,006 - root - INFO - Epoch: 7, learning rate: 0.0001, train loss: 0.4055
2025-10-02 18:48:12,006 - root - INFO - train average_precision, 0.8663
2025-10-02 18:48:12,006 - root - INFO - train roc_auc, 0.8951
2025-10-02 18:48:12,006 - root - INFO - validate loss: 0.5545
2025-10-02 18:48:12,006 - root - INFO - validate average_precision, 0.7712
2025-10-02 18:48:12,006 - root - INFO - validate roc_auc, 0.8178
2025-10-02 18:48:12,006 - root - INFO - new node validate loss: 0.6746
2025-10-02 18:48:12,006 - root - INFO - new node validate average_precision, 0.7351
2025-10-02 18:48:12,006 - root - INFO - new node validate roc_auc, 0.7543
2025-10-02 18:48:12,842 - root - INFO - test loss: 0.5695
2025-10-02 18:48:12,842 - root - INFO - test average_precision, 0.7722
2025-10-02 18:48:12,843 - root - INFO - best test average_precision: 0.7808
2025-10-02 18:48:12,843 - root - INFO - test roc_auc, 0.8107
2025-10-02 18:48:12,843 - root - INFO - new node test loss: 0.7204
2025-10-02 18:48:12,843 - root - INFO - new node test average_precision, 0.7112
2025-10-02 18:48:12,843 - root - INFO - new node test roc_auc, 0.7385
2025-10-02 18:48:17,999 - root - INFO - Epoch: 8, learning rate: 0.0001, train loss: 0.3888
2025-10-02 18:48:17,999 - root - INFO - train average_precision, 0.8833
2025-10-02 18:48:17,999 - root - INFO - train roc_auc, 0.9028
2025-10-02 18:48:17,999 - root - INFO - validate loss: 0.7006
2025-10-02 18:48:17,999 - root - INFO - validate average_precision, 0.7113
2025-10-02 18:48:17,999 - root - INFO - validate roc_auc, 0.7704
2025-10-02 18:48:17,999 - root - INFO - new node validate loss: 0.6956
2025-10-02 18:48:17,999 - root - INFO - new node validate average_precision, 0.7389
2025-10-02 18:48:17,999 - root - INFO - new node validate roc_auc, 0.7524
2025-10-02 18:48:18,966 - root - INFO - test loss: 0.6841
2025-10-02 18:48:18,966 - root - INFO - test average_precision, 0.7490
2025-10-02 18:48:18,966 - root - INFO - best test average_precision: 0.7808
2025-10-02 18:48:18,966 - root - INFO - test roc_auc, 0.8031
2025-10-02 18:48:18,966 - root - INFO - new node test loss: 0.7574
2025-10-02 18:48:18,966 - root - INFO - new node test average_precision, 0.7420
2025-10-02 18:48:18,966 - root - INFO - new node test roc_auc, 0.7653
2025-10-02 18:48:24,222 - root - INFO - Epoch: 9, learning rate: 0.0001, train loss: 0.4454
2025-10-02 18:48:24,222 - root - INFO - train average_precision, 0.8305
2025-10-02 18:48:24,222 - root - INFO - train roc_auc, 0.8690
2025-10-02 18:48:24,222 - root - INFO - validate loss: 0.5390
2025-10-02 18:48:24,222 - root - INFO - validate average_precision, 0.7475
2025-10-02 18:48:24,222 - root - INFO - validate roc_auc, 0.8030
2025-10-02 18:48:24,222 - root - INFO - new node validate loss: 0.6711
2025-10-02 18:48:24,222 - root - INFO - new node validate average_precision, 0.7343
2025-10-02 18:48:24,222 - root - INFO - new node validate roc_auc, 0.7588
2025-10-02 18:48:25,058 - root - INFO - test loss: 0.5583
2025-10-02 18:48:25,058 - root - INFO - test average_precision, 0.7484
2025-10-02 18:48:25,058 - root - INFO - best test average_precision: 0.7808
2025-10-02 18:48:25,058 - root - INFO - test roc_auc, 0.8088
2025-10-02 18:48:25,058 - root - INFO - new node test loss: 0.6397
2025-10-02 18:48:25,058 - root - INFO - new node test average_precision, 0.7530
2025-10-02 18:48:25,058 - root - INFO - new node test roc_auc, 0.7734
2025-10-02 18:48:30,202 - root - INFO - Epoch: 10, learning rate: 0.0001, train loss: 0.4013
2025-10-02 18:48:30,202 - root - INFO - train average_precision, 0.8615
2025-10-02 18:48:30,202 - root - INFO - train roc_auc, 0.8942
2025-10-02 18:48:30,202 - root - INFO - validate loss: 0.6173
2025-10-02 18:48:30,202 - root - INFO - validate average_precision, 0.7161
2025-10-02 18:48:30,203 - root - INFO - validate roc_auc, 0.7769
2025-10-02 18:48:30,203 - root - INFO - new node validate loss: 0.6814
2025-10-02 18:48:30,203 - root - INFO - new node validate average_precision, 0.7145
2025-10-02 18:48:30,203 - root - INFO - new node validate roc_auc, 0.7426
2025-10-02 18:48:31,033 - root - INFO - test loss: 0.6076
2025-10-02 18:48:31,033 - root - INFO - test average_precision, 0.7480
2025-10-02 18:48:31,033 - root - INFO - best test average_precision: 0.7808
2025-10-02 18:48:31,033 - root - INFO - test roc_auc, 0.8045
2025-10-02 18:48:31,033 - root - INFO - new node test loss: 0.7060
2025-10-02 18:48:31,033 - root - INFO - new node test average_precision, 0.7344
2025-10-02 18:48:31,034 - root - INFO - new node test roc_auc, 0.7601
2025-10-02 18:48:36,154 - root - INFO - Epoch: 11, learning rate: 0.0001, train loss: 0.4177
2025-10-02 18:48:36,154 - root - INFO - train average_precision, 0.8559
2025-10-02 18:48:36,154 - root - INFO - train roc_auc, 0.8865
2025-10-02 18:48:36,154 - root - INFO - validate loss: 0.5968
2025-10-02 18:48:36,154 - root - INFO - validate average_precision, 0.7434
2025-10-02 18:48:36,154 - root - INFO - validate roc_auc, 0.7936
2025-10-02 18:48:36,154 - root - INFO - new node validate loss: 0.7090
2025-10-02 18:48:36,154 - root - INFO - new node validate average_precision, 0.6927
2025-10-02 18:48:36,154 - root - INFO - new node validate roc_auc, 0.7267
2025-10-02 18:48:36,986 - root - INFO - test loss: 0.5796
2025-10-02 18:48:36,986 - root - INFO - test average_precision, 0.7530
2025-10-02 18:48:36,986 - root - INFO - best test average_precision: 0.7808
2025-10-02 18:48:36,986 - root - INFO - test roc_auc, 0.8125
2025-10-02 18:48:36,986 - root - INFO - new node test loss: 0.6802
2025-10-02 18:48:36,986 - root - INFO - new node test average_precision, 0.7467
2025-10-02 18:48:36,986 - root - INFO - new node test roc_auc, 0.7698
2025-10-02 18:48:42,190 - root - INFO - Epoch: 12, learning rate: 0.0001, train loss: 0.3830
2025-10-02 18:48:42,190 - root - INFO - train average_precision, 0.8846
2025-10-02 18:48:42,190 - root - INFO - train roc_auc, 0.9058
2025-10-02 18:48:42,190 - root - INFO - validate loss: 0.6370
2025-10-02 18:48:42,190 - root - INFO - validate average_precision, 0.7552
2025-10-02 18:48:42,190 - root - INFO - validate roc_auc, 0.7959
2025-10-02 18:48:42,190 - root - INFO - new node validate loss: 0.7152
2025-10-02 18:48:42,190 - root - INFO - new node validate average_precision, 0.7199
2025-10-02 18:48:42,190 - root - INFO - new node validate roc_auc, 0.7456
2025-10-02 18:48:43,021 - root - INFO - test loss: 0.6430
2025-10-02 18:48:43,021 - root - INFO - test average_precision, 0.7361
2025-10-02 18:48:43,021 - root - INFO - best test average_precision: 0.7808
2025-10-02 18:48:43,022 - root - INFO - test roc_auc, 0.7964
2025-10-02 18:48:43,022 - root - INFO - new node test loss: 0.7490
2025-10-02 18:48:43,022 - root - INFO - new node test average_precision, 0.7195
2025-10-02 18:48:43,022 - root - INFO - new node test roc_auc, 0.7520
2025-10-02 18:48:48,135 - root - INFO - Epoch: 13, learning rate: 0.0001, train loss: 0.3910
2025-10-02 18:48:48,135 - root - INFO - train average_precision, 0.8695
2025-10-02 18:48:48,135 - root - INFO - train roc_auc, 0.8991
2025-10-02 18:48:48,135 - root - INFO - validate loss: 0.5336
2025-10-02 18:48:48,135 - root - INFO - validate average_precision, 0.8059
2025-10-02 18:48:48,135 - root - INFO - validate roc_auc, 0.8351
2025-10-02 18:48:48,135 - root - INFO - new node validate loss: 0.7169
2025-10-02 18:48:48,135 - root - INFO - new node validate average_precision, 0.7089
2025-10-02 18:48:48,135 - root - INFO - new node validate roc_auc, 0.7262
2025-10-02 18:48:48,965 - root - INFO - test loss: 0.4990
2025-10-02 18:48:48,965 - root - INFO - test average_precision, 0.8378
2025-10-02 18:48:48,965 - root - INFO - best test average_precision: 0.8378
2025-10-02 18:48:48,965 - root - INFO - test roc_auc, 0.8659
2025-10-02 18:48:48,965 - root - INFO - new node test loss: 0.5744
2025-10-02 18:48:48,965 - root - INFO - new node test average_precision, 0.7963
2025-10-02 18:48:48,965 - root - INFO - new node test roc_auc, 0.8129
2025-10-02 18:48:54,163 - root - INFO - Epoch: 14, learning rate: 0.0001, train loss: 0.3890
2025-10-02 18:48:54,163 - root - INFO - train average_precision, 0.8786
2025-10-02 18:48:54,163 - root - INFO - train roc_auc, 0.9016
2025-10-02 18:48:54,163 - root - INFO - validate loss: 0.6161
2025-10-02 18:48:54,163 - root - INFO - validate average_precision, 0.7534
2025-10-02 18:48:54,163 - root - INFO - validate roc_auc, 0.7958
2025-10-02 18:48:54,163 - root - INFO - new node validate loss: 0.6812
2025-10-02 18:48:54,163 - root - INFO - new node validate average_precision, 0.7344
2025-10-02 18:48:54,163 - root - INFO - new node validate roc_auc, 0.7366
2025-10-02 18:48:55,003 - root - INFO - test loss: 0.6287
2025-10-02 18:48:55,003 - root - INFO - test average_precision, 0.7603
2025-10-02 18:48:55,003 - root - INFO - best test average_precision: 0.8378
2025-10-02 18:48:55,003 - root - INFO - test roc_auc, 0.8107
2025-10-02 18:48:55,003 - root - INFO - new node test loss: 0.7228
2025-10-02 18:48:55,003 - root - INFO - new node test average_precision, 0.7430
2025-10-02 18:48:55,003 - root - INFO - new node test roc_auc, 0.7626
2025-10-02 18:49:00,359 - root - INFO - Epoch: 15, learning rate: 0.0001, train loss: 0.3845
2025-10-02 18:49:00,359 - root - INFO - train average_precision, 0.8799
2025-10-02 18:49:00,360 - root - INFO - train roc_auc, 0.9041
2025-10-02 18:49:00,360 - root - INFO - validate loss: 0.6053
2025-10-02 18:49:00,360 - root - INFO - validate average_precision, 0.7857
2025-10-02 18:49:00,360 - root - INFO - validate roc_auc, 0.8201
2025-10-02 18:49:00,360 - root - INFO - new node validate loss: 0.7249
2025-10-02 18:49:00,360 - root - INFO - new node validate average_precision, 0.7242
2025-10-02 18:49:00,360 - root - INFO - new node validate roc_auc, 0.7347
2025-10-02 18:49:01,192 - root - INFO - test loss: 0.6733
2025-10-02 18:49:01,192 - root - INFO - test average_precision, 0.7538
2025-10-02 18:49:01,192 - root - INFO - best test average_precision: 0.8378
2025-10-02 18:49:01,192 - root - INFO - test roc_auc, 0.8083
2025-10-02 18:49:01,192 - root - INFO - new node test loss: 0.7270
2025-10-02 18:49:01,192 - root - INFO - new node test average_precision, 0.7504
2025-10-02 18:49:01,192 - root - INFO - new node test roc_auc, 0.7743
2025-10-02 18:49:06,315 - root - INFO - Epoch: 16, learning rate: 0.0001, train loss: 0.3847
2025-10-02 18:49:06,315 - root - INFO - train average_precision, 0.8855
2025-10-02 18:49:06,316 - root - INFO - train roc_auc, 0.9046
2025-10-02 18:49:06,316 - root - INFO - validate loss: 0.5605
2025-10-02 18:49:06,316 - root - INFO - validate average_precision, 0.7018
2025-10-02 18:49:06,316 - root - INFO - validate roc_auc, 0.7652
2025-10-02 18:49:06,316 - root - INFO - new node validate loss: 0.6632
2025-10-02 18:49:06,316 - root - INFO - new node validate average_precision, 0.6811
2025-10-02 18:49:06,316 - root - INFO - new node validate roc_auc, 0.7133
2025-10-02 18:49:07,151 - root - INFO - test loss: 0.5292
2025-10-02 18:49:07,151 - root - INFO - test average_precision, 0.7303
2025-10-02 18:49:07,151 - root - INFO - best test average_precision: 0.8378
2025-10-02 18:49:07,151 - root - INFO - test roc_auc, 0.7956
2025-10-02 18:49:07,151 - root - INFO - new node test loss: 0.6217
2025-10-02 18:49:07,151 - root - INFO - new node test average_precision, 0.7202
2025-10-02 18:49:07,151 - root - INFO - new node test roc_auc, 0.7514
2025-10-02 18:49:12,297 - root - INFO - Epoch: 17, learning rate: 0.0001, train loss: 0.3768
2025-10-02 18:49:12,297 - root - INFO - train average_precision, 0.8859
2025-10-02 18:49:12,297 - root - INFO - train roc_auc, 0.9087
2025-10-02 18:49:12,297 - root - INFO - validate loss: 0.4723
2025-10-02 18:49:12,297 - root - INFO - validate average_precision, 0.8303
2025-10-02 18:49:12,297 - root - INFO - validate roc_auc, 0.8565
2025-10-02 18:49:12,297 - root - INFO - new node validate loss: 0.6862
2025-10-02 18:49:12,297 - root - INFO - new node validate average_precision, 0.7240
2025-10-02 18:49:12,297 - root - INFO - new node validate roc_auc, 0.7481
2025-10-02 18:49:13,136 - root - INFO - test loss: 0.4933
2025-10-02 18:49:13,137 - root - INFO - test average_precision, 0.8215
2025-10-02 18:49:13,137 - root - INFO - best test average_precision: 0.8378
2025-10-02 18:49:13,137 - root - INFO - test roc_auc, 0.8578
2025-10-02 18:49:13,137 - root - INFO - new node test loss: 0.5384
2025-10-02 18:49:13,137 - root - INFO - new node test average_precision, 0.7958
2025-10-02 18:49:13,137 - root - INFO - new node test roc_auc, 0.8197
2025-10-02 18:49:13,137 - root - INFO - save model ./saved_models/JODIE/enron/JODIE_mercer_seed4/JODIE_mercer_seed4.pkl
2025-10-02 18:49:18,422 - root - INFO - Epoch: 18, learning rate: 0.0001, train loss: 0.4014
2025-10-02 18:49:18,422 - root - INFO - train average_precision, 0.8787
2025-10-02 18:49:18,422 - root - INFO - train roc_auc, 0.8973
2025-10-02 18:49:18,422 - root - INFO - validate loss: 0.6532
2025-10-02 18:49:18,422 - root - INFO - validate average_precision, 0.7638
2025-10-02 18:49:18,422 - root - INFO - validate roc_auc, 0.8040
2025-10-02 18:49:18,422 - root - INFO - new node validate loss: 0.6455
2025-10-02 18:49:18,422 - root - INFO - new node validate average_precision, 0.7318
2025-10-02 18:49:18,422 - root - INFO - new node validate roc_auc, 0.7477
2025-10-02 18:49:19,253 - root - INFO - test loss: 0.6779
2025-10-02 18:49:19,253 - root - INFO - test average_precision, 0.7713
2025-10-02 18:49:19,253 - root - INFO - best test average_precision: 0.8378
2025-10-02 18:49:19,253 - root - INFO - test roc_auc, 0.8193
2025-10-02 18:49:19,253 - root - INFO - new node test loss: 0.7278
2025-10-02 18:49:19,254 - root - INFO - new node test average_precision, 0.7469
2025-10-02 18:49:19,254 - root - INFO - new node test roc_auc, 0.7608
2025-10-02 18:49:24,467 - root - INFO - Epoch: 19, learning rate: 0.0001, train loss: 0.3627
2025-10-02 18:49:24,467 - root - INFO - train average_precision, 0.8955
2025-10-02 18:49:24,467 - root - INFO - train roc_auc, 0.9148
2025-10-02 18:49:24,467 - root - INFO - validate loss: 0.6329
2025-10-02 18:49:24,467 - root - INFO - validate average_precision, 0.7030
2025-10-02 18:49:24,467 - root - INFO - validate roc_auc, 0.7533
2025-10-02 18:49:24,467 - root - INFO - new node validate loss: 0.7637
2025-10-02 18:49:24,467 - root - INFO - new node validate average_precision, 0.7230
2025-10-02 18:49:24,467 - root - INFO - new node validate roc_auc, 0.7350
2025-10-02 18:49:25,300 - root - INFO - test loss: 0.6029
2025-10-02 18:49:25,300 - root - INFO - test average_precision, 0.7232
2025-10-02 18:49:25,300 - root - INFO - best test average_precision: 0.8378
2025-10-02 18:49:25,300 - root - INFO - test roc_auc, 0.7823
2025-10-02 18:49:25,300 - root - INFO - new node test loss: 0.6910
2025-10-02 18:49:25,300 - root - INFO - new node test average_precision, 0.7509
2025-10-02 18:49:25,300 - root - INFO - new node test roc_auc, 0.7700
2025-10-02 18:49:30,539 - root - INFO - Epoch: 20, learning rate: 0.0001, train loss: 0.4023
2025-10-02 18:49:30,539 - root - INFO - train average_precision, 0.8723
2025-10-02 18:49:30,539 - root - INFO - train roc_auc, 0.8951
2025-10-02 18:49:30,539 - root - INFO - validate loss: 0.7538
2025-10-02 18:49:30,539 - root - INFO - validate average_precision, 0.7408
2025-10-02 18:49:30,539 - root - INFO - validate roc_auc, 0.7847
2025-10-02 18:49:30,539 - root - INFO - new node validate loss: 0.6954
2025-10-02 18:49:30,539 - root - INFO - new node validate average_precision, 0.7601
2025-10-02 18:49:30,539 - root - INFO - new node validate roc_auc, 0.7654
2025-10-02 18:49:31,373 - root - INFO - test loss: 0.7417
2025-10-02 18:49:31,373 - root - INFO - test average_precision, 0.7622
2025-10-02 18:49:31,373 - root - INFO - best test average_precision: 0.8378
2025-10-02 18:49:31,373 - root - INFO - test roc_auc, 0.8131
2025-10-02 18:49:31,373 - root - INFO - new node test loss: 0.7911
2025-10-02 18:49:31,373 - root - INFO - new node test average_precision, 0.7533
2025-10-02 18:49:31,374 - root - INFO - new node test roc_auc, 0.7690
2025-10-02 18:49:36,466 - root - INFO - Epoch: 21, learning rate: 0.0001, train loss: 0.3695
2025-10-02 18:49:36,466 - root - INFO - train average_precision, 0.8932
2025-10-02 18:49:36,466 - root - INFO - train roc_auc, 0.9121
2025-10-02 18:49:36,466 - root - INFO - validate loss: 0.7601
2025-10-02 18:49:36,466 - root - INFO - validate average_precision, 0.6797
2025-10-02 18:49:36,467 - root - INFO - validate roc_auc, 0.7405
2025-10-02 18:49:36,467 - root - INFO - new node validate loss: 0.8600
2025-10-02 18:49:36,467 - root - INFO - new node validate average_precision, 0.6791
2025-10-02 18:49:36,467 - root - INFO - new node validate roc_auc, 0.7183
2025-10-02 18:49:37,299 - root - INFO - test loss: 0.7176
2025-10-02 18:49:37,299 - root - INFO - test average_precision, 0.6986
2025-10-02 18:49:37,299 - root - INFO - best test average_precision: 0.8378
2025-10-02 18:49:37,299 - root - INFO - test roc_auc, 0.7657
2025-10-02 18:49:37,299 - root - INFO - new node test loss: 0.8191
2025-10-02 18:49:37,299 - root - INFO - new node test average_precision, 0.7162
2025-10-02 18:49:37,299 - root - INFO - new node test roc_auc, 0.7502
2025-10-02 18:49:42,414 - root - INFO - Epoch: 22, learning rate: 0.0001, train loss: 0.3817
2025-10-02 18:49:42,414 - root - INFO - train average_precision, 0.8866
2025-10-02 18:49:42,414 - root - INFO - train roc_auc, 0.9054
2025-10-02 18:49:42,414 - root - INFO - validate loss: 0.6356
2025-10-02 18:49:42,414 - root - INFO - validate average_precision, 0.8061
2025-10-02 18:49:42,414 - root - INFO - validate roc_auc, 0.8293
2025-10-02 18:49:42,414 - root - INFO - new node validate loss: 0.6700
2025-10-02 18:49:42,415 - root - INFO - new node validate average_precision, 0.7749
2025-10-02 18:49:42,415 - root - INFO - new node validate roc_auc, 0.7807
2025-10-02 18:49:43,245 - root - INFO - test loss: 0.6357
2025-10-02 18:49:43,245 - root - INFO - test average_precision, 0.8165
2025-10-02 18:49:43,246 - root - INFO - best test average_precision: 0.8378
2025-10-02 18:49:43,246 - root - INFO - test roc_auc, 0.8522
2025-10-02 18:49:43,246 - root - INFO - new node test loss: 0.7076
2025-10-02 18:49:43,246 - root - INFO - new node test average_precision, 0.7995
2025-10-02 18:49:43,246 - root - INFO - new node test roc_auc, 0.8138
2025-10-02 18:49:48,377 - root - INFO - Epoch: 23, learning rate: 0.0001, train loss: 0.3481
2025-10-02 18:49:48,378 - root - INFO - train average_precision, 0.9064
2025-10-02 18:49:48,378 - root - INFO - train roc_auc, 0.9214
2025-10-02 18:49:48,378 - root - INFO - validate loss: 0.5223
2025-10-02 18:49:48,378 - root - INFO - validate average_precision, 0.8250
2025-10-02 18:49:48,378 - root - INFO - validate roc_auc, 0.8528
2025-10-02 18:49:48,378 - root - INFO - new node validate loss: 0.7680
2025-10-02 18:49:48,378 - root - INFO - new node validate average_precision, 0.7262
2025-10-02 18:49:48,378 - root - INFO - new node validate roc_auc, 0.7454
2025-10-02 18:49:49,209 - root - INFO - test loss: 0.6745
2025-10-02 18:49:49,209 - root - INFO - test average_precision, 0.7978
2025-10-02 18:49:49,209 - root - INFO - best test average_precision: 0.8378
2025-10-02 18:49:49,210 - root - INFO - test roc_auc, 0.8349
2025-10-02 18:49:49,210 - root - INFO - new node test loss: 0.6076
2025-10-02 18:49:49,210 - root - INFO - new node test average_precision, 0.8056
2025-10-02 18:49:49,210 - root - INFO - new node test roc_auc, 0.8168
2025-10-02 18:49:54,442 - root - INFO - Epoch: 24, learning rate: 0.0001, train loss: 0.3924
2025-10-02 18:49:54,443 - root - INFO - train average_precision, 0.8784
2025-10-02 18:49:54,443 - root - INFO - train roc_auc, 0.8999
2025-10-02 18:49:54,443 - root - INFO - validate loss: 0.7194
2025-10-02 18:49:54,443 - root - INFO - validate average_precision, 0.7627
2025-10-02 18:49:54,443 - root - INFO - validate roc_auc, 0.8000
2025-10-02 18:49:54,443 - root - INFO - new node validate loss: 0.7581
2025-10-02 18:49:54,443 - root - INFO - new node validate average_precision, 0.7438
2025-10-02 18:49:54,443 - root - INFO - new node validate roc_auc, 0.7527
2025-10-02 18:49:55,274 - root - INFO - test loss: 0.7570
2025-10-02 18:49:55,274 - root - INFO - test average_precision, 0.7500
2025-10-02 18:49:55,274 - root - INFO - best test average_precision: 0.8378
2025-10-02 18:49:55,274 - root - INFO - test roc_auc, 0.8047
2025-10-02 18:49:55,274 - root - INFO - new node test loss: 0.8386
2025-10-02 18:49:55,274 - root - INFO - new node test average_precision, 0.7538
2025-10-02 18:49:55,274 - root - INFO - new node test roc_auc, 0.7744
2025-10-02 18:50:00,402 - root - INFO - Epoch: 25, learning rate: 0.0001, train loss: 0.3944
2025-10-02 18:50:00,402 - root - INFO - train average_precision, 0.8759
2025-10-02 18:50:00,402 - root - INFO - train roc_auc, 0.8993
2025-10-02 18:50:00,402 - root - INFO - validate loss: 0.6088
2025-10-02 18:50:00,402 - root - INFO - validate average_precision, 0.7998
2025-10-02 18:50:00,402 - root - INFO - validate roc_auc, 0.8341
2025-10-02 18:50:00,402 - root - INFO - new node validate loss: 0.7290
2025-10-02 18:50:00,402 - root - INFO - new node validate average_precision, 0.7041
2025-10-02 18:50:00,402 - root - INFO - new node validate roc_auc, 0.7240
2025-10-02 18:50:01,232 - root - INFO - test loss: 0.7064
2025-10-02 18:50:01,232 - root - INFO - test average_precision, 0.7839
2025-10-02 18:50:01,232 - root - INFO - best test average_precision: 0.8378
2025-10-02 18:50:01,232 - root - INFO - test roc_auc, 0.8260
2025-10-02 18:50:01,232 - root - INFO - new node test loss: 0.7800
2025-10-02 18:50:01,232 - root - INFO - new node test average_precision, 0.7626
2025-10-02 18:50:01,233 - root - INFO - new node test roc_auc, 0.7819
2025-10-02 18:50:06,460 - root - INFO - Epoch: 26, learning rate: 0.0001, train loss: 0.3575
2025-10-02 18:50:06,460 - root - INFO - train average_precision, 0.8992
2025-10-02 18:50:06,460 - root - INFO - train roc_auc, 0.9177
2025-10-02 18:50:06,460 - root - INFO - validate loss: 0.6732
2025-10-02 18:50:06,460 - root - INFO - validate average_precision, 0.7529
2025-10-02 18:50:06,460 - root - INFO - validate roc_auc, 0.7994
2025-10-02 18:50:06,460 - root - INFO - new node validate loss: 0.7343
2025-10-02 18:50:06,460 - root - INFO - new node validate average_precision, 0.7513
2025-10-02 18:50:06,460 - root - INFO - new node validate roc_auc, 0.7655
2025-10-02 18:50:07,293 - root - INFO - test loss: 0.6843
2025-10-02 18:50:07,293 - root - INFO - test average_precision, 0.7471
2025-10-02 18:50:07,293 - root - INFO - best test average_precision: 0.8378
2025-10-02 18:50:07,293 - root - INFO - test roc_auc, 0.8035
2025-10-02 18:50:07,293 - root - INFO - new node test loss: 0.7880
2025-10-02 18:50:07,293 - root - INFO - new node test average_precision, 0.7437
2025-10-02 18:50:07,293 - root - INFO - new node test roc_auc, 0.7684
2025-10-02 18:50:12,470 - root - INFO - Epoch: 27, learning rate: 0.0001, train loss: 0.3785
2025-10-02 18:50:12,470 - root - INFO - train average_precision, 0.8927
2025-10-02 18:50:12,470 - root - INFO - train roc_auc, 0.9090
2025-10-02 18:50:12,470 - root - INFO - validate loss: 0.5869
2025-10-02 18:50:12,470 - root - INFO - validate average_precision, 0.6982
2025-10-02 18:50:12,470 - root - INFO - validate roc_auc, 0.7599
2025-10-02 18:50:12,470 - root - INFO - new node validate loss: 0.6976
2025-10-02 18:50:12,470 - root - INFO - new node validate average_precision, 0.6890
2025-10-02 18:50:12,470 - root - INFO - new node validate roc_auc, 0.7091
2025-10-02 18:50:13,308 - root - INFO - test loss: 0.5569
2025-10-02 18:50:13,308 - root - INFO - test average_precision, 0.7343
2025-10-02 18:50:13,308 - root - INFO - best test average_precision: 0.8378
2025-10-02 18:50:13,308 - root - INFO - test roc_auc, 0.7951
2025-10-02 18:50:13,309 - root - INFO - new node test loss: 0.6403
2025-10-02 18:50:13,309 - root - INFO - new node test average_precision, 0.7229
2025-10-02 18:50:13,309 - root - INFO - new node test roc_auc, 0.7540
2025-10-02 18:50:18,464 - root - INFO - Epoch: 28, learning rate: 0.0001, train loss: 0.3675
2025-10-02 18:50:18,464 - root - INFO - train average_precision, 0.8929
2025-10-02 18:50:18,464 - root - INFO - train roc_auc, 0.9130
2025-10-02 18:50:18,464 - root - INFO - validate loss: 0.6033
2025-10-02 18:50:18,464 - root - INFO - validate average_precision, 0.8066
2025-10-02 18:50:18,464 - root - INFO - validate roc_auc, 0.8452
2025-10-02 18:50:18,464 - root - INFO - new node validate loss: 0.6095
2025-10-02 18:50:18,464 - root - INFO - new node validate average_precision, 0.7802
2025-10-02 18:50:18,465 - root - INFO - new node validate roc_auc, 0.7893
2025-10-02 18:50:19,294 - root - INFO - test loss: 0.7529
2025-10-02 18:50:19,294 - root - INFO - test average_precision, 0.7812
2025-10-02 18:50:19,294 - root - INFO - best test average_precision: 0.8378
2025-10-02 18:50:19,294 - root - INFO - test roc_auc, 0.8257
2025-10-02 18:50:19,294 - root - INFO - new node test loss: 0.8237
2025-10-02 18:50:19,294 - root - INFO - new node test average_precision, 0.7544
2025-10-02 18:50:19,294 - root - INFO - new node test roc_auc, 0.7760
2025-10-02 18:50:24,459 - root - INFO - Epoch: 29, learning rate: 0.0001, train loss: 0.3473
2025-10-02 18:50:24,460 - root - INFO - train average_precision, 0.9100
2025-10-02 18:50:24,460 - root - INFO - train roc_auc, 0.9226
2025-10-02 18:50:24,460 - root - INFO - validate loss: 0.7014
2025-10-02 18:50:24,460 - root - INFO - validate average_precision, 0.7339
2025-10-02 18:50:24,460 - root - INFO - validate roc_auc, 0.7840
2025-10-02 18:50:24,460 - root - INFO - new node validate loss: 0.7596
2025-10-02 18:50:24,460 - root - INFO - new node validate average_precision, 0.7189
2025-10-02 18:50:24,460 - root - INFO - new node validate roc_auc, 0.7304
2025-10-02 18:50:25,292 - root - INFO - test loss: 0.7053
2025-10-02 18:50:25,292 - root - INFO - test average_precision, 0.7456
2025-10-02 18:50:25,293 - root - INFO - best test average_precision: 0.8378
2025-10-02 18:50:25,293 - root - INFO - test roc_auc, 0.8035
2025-10-02 18:50:25,293 - root - INFO - new node test loss: 0.8027
2025-10-02 18:50:25,293 - root - INFO - new node test average_precision, 0.7382
2025-10-02 18:50:25,293 - root - INFO - new node test roc_auc, 0.7680
2025-10-02 18:50:30,458 - root - INFO - Epoch: 30, learning rate: 0.0001, train loss: 0.3648
2025-10-02 18:50:30,458 - root - INFO - train average_precision, 0.9010
2025-10-02 18:50:30,458 - root - INFO - train roc_auc, 0.9155
2025-10-02 18:50:30,458 - root - INFO - validate loss: 0.7044
2025-10-02 18:50:30,458 - root - INFO - validate average_precision, 0.7391
2025-10-02 18:50:30,458 - root - INFO - validate roc_auc, 0.7873
2025-10-02 18:50:30,458 - root - INFO - new node validate loss: 0.6966
2025-10-02 18:50:30,458 - root - INFO - new node validate average_precision, 0.7323
2025-10-02 18:50:30,458 - root - INFO - new node validate roc_auc, 0.7459
2025-10-02 18:50:31,289 - root - INFO - test loss: 0.7104
2025-10-02 18:50:31,289 - root - INFO - test average_precision, 0.7540
2025-10-02 18:50:31,289 - root - INFO - best test average_precision: 0.8378
2025-10-02 18:50:31,289 - root - INFO - test roc_auc, 0.8092
2025-10-02 18:50:31,289 - root - INFO - new node test loss: 0.8111
2025-10-02 18:50:31,289 - root - INFO - new node test average_precision, 0.7358
2025-10-02 18:50:31,289 - root - INFO - new node test roc_auc, 0.7527
2025-10-02 18:50:36,494 - root - INFO - Epoch: 31, learning rate: 0.0001, train loss: 0.3544
2025-10-02 18:50:36,494 - root - INFO - train average_precision, 0.9045
2025-10-02 18:50:36,494 - root - INFO - train roc_auc, 0.9202
2025-10-02 18:50:36,494 - root - INFO - validate loss: 0.5244
2025-10-02 18:50:36,494 - root - INFO - validate average_precision, 0.8114
2025-10-02 18:50:36,494 - root - INFO - validate roc_auc, 0.8390
2025-10-02 18:50:36,494 - root - INFO - new node validate loss: 0.6738
2025-10-02 18:50:36,494 - root - INFO - new node validate average_precision, 0.7164
2025-10-02 18:50:36,494 - root - INFO - new node validate roc_auc, 0.7295
2025-10-02 18:50:37,329 - root - INFO - test loss: 0.6477
2025-10-02 18:50:37,329 - root - INFO - test average_precision, 0.7871
2025-10-02 18:50:37,329 - root - INFO - best test average_precision: 0.8378
2025-10-02 18:50:37,329 - root - INFO - test roc_auc, 0.8290
2025-10-02 18:50:37,329 - root - INFO - new node test loss: 0.6227
2025-10-02 18:50:37,330 - root - INFO - new node test average_precision, 0.7778
2025-10-02 18:50:37,330 - root - INFO - new node test roc_auc, 0.8026
2025-10-02 18:50:42,462 - root - INFO - Epoch: 32, learning rate: 0.0001, train loss: 0.3708
2025-10-02 18:50:42,463 - root - INFO - train average_precision, 0.8938
2025-10-02 18:50:42,463 - root - INFO - train roc_auc, 0.9124
2025-10-02 18:50:42,463 - root - INFO - validate loss: 0.4941
2025-10-02 18:50:42,463 - root - INFO - validate average_precision, 0.8370
2025-10-02 18:50:42,463 - root - INFO - validate roc_auc, 0.8595
2025-10-02 18:50:42,463 - root - INFO - new node validate loss: 0.6782
2025-10-02 18:50:42,463 - root - INFO - new node validate average_precision, 0.7417
2025-10-02 18:50:42,463 - root - INFO - new node validate roc_auc, 0.7551
2025-10-02 18:50:43,432 - root - INFO - test loss: 0.5917
2025-10-02 18:50:43,432 - root - INFO - test average_precision, 0.8090
2025-10-02 18:50:43,432 - root - INFO - best test average_precision: 0.8378
2025-10-02 18:50:43,432 - root - INFO - test roc_auc, 0.8452
2025-10-02 18:50:43,432 - root - INFO - new node test loss: 0.5737
2025-10-02 18:50:43,432 - root - INFO - new node test average_precision, 0.8013
2025-10-02 18:50:43,432 - root - INFO - new node test roc_auc, 0.8204
2025-10-02 18:50:43,432 - root - INFO - save model ./saved_models/JODIE/enron/JODIE_mercer_seed4/JODIE_mercer_seed4.pkl
2025-10-02 18:50:48,698 - root - INFO - Epoch: 33, learning rate: 0.0001, train loss: 0.3401
2025-10-02 18:50:48,699 - root - INFO - train average_precision, 0.9113
2025-10-02 18:50:48,699 - root - INFO - train roc_auc, 0.9249
2025-10-02 18:50:48,699 - root - INFO - validate loss: 0.7668
2025-10-02 18:50:48,699 - root - INFO - validate average_precision, 0.7568
2025-10-02 18:50:48,699 - root - INFO - validate roc_auc, 0.7948
2025-10-02 18:50:48,699 - root - INFO - new node validate loss: 0.7115
2025-10-02 18:50:48,699 - root - INFO - new node validate average_precision, 0.7634
2025-10-02 18:50:48,699 - root - INFO - new node validate roc_auc, 0.7681
2025-10-02 18:50:49,529 - root - INFO - test loss: 0.8623
2025-10-02 18:50:49,530 - root - INFO - test average_precision, 0.7492
2025-10-02 18:50:49,530 - root - INFO - best test average_precision: 0.8378
2025-10-02 18:50:49,530 - root - INFO - test roc_auc, 0.8004
2025-10-02 18:50:49,530 - root - INFO - new node test loss: 0.9717
2025-10-02 18:50:49,530 - root - INFO - new node test average_precision, 0.7439
2025-10-02 18:50:49,530 - root - INFO - new node test roc_auc, 0.7699
2025-10-02 18:50:54,677 - root - INFO - Epoch: 34, learning rate: 0.0001, train loss: 0.3441
2025-10-02 18:50:54,677 - root - INFO - train average_precision, 0.9062
2025-10-02 18:50:54,677 - root - INFO - train roc_auc, 0.9229
2025-10-02 18:50:54,677 - root - INFO - validate loss: 0.4907
2025-10-02 18:50:54,677 - root - INFO - validate average_precision, 0.8281
2025-10-02 18:50:54,677 - root - INFO - validate roc_auc, 0.8526
2025-10-02 18:50:54,677 - root - INFO - new node validate loss: 0.6784
2025-10-02 18:50:54,677 - root - INFO - new node validate average_precision, 0.7260
2025-10-02 18:50:54,677 - root - INFO - new node validate roc_auc, 0.7367
2025-10-02 18:50:55,507 - root - INFO - test loss: 0.5252
2025-10-02 18:50:55,507 - root - INFO - test average_precision, 0.8043
2025-10-02 18:50:55,507 - root - INFO - best test average_precision: 0.8378
2025-10-02 18:50:55,507 - root - INFO - test roc_auc, 0.8372
2025-10-02 18:50:55,508 - root - INFO - new node test loss: 0.6283
2025-10-02 18:50:55,508 - root - INFO - new node test average_precision, 0.7624
2025-10-02 18:50:55,508 - root - INFO - new node test roc_auc, 0.7892
2025-10-02 18:51:00,652 - root - INFO - Epoch: 35, learning rate: 0.0001, train loss: 0.3599
2025-10-02 18:51:00,652 - root - INFO - train average_precision, 0.8990
2025-10-02 18:51:00,653 - root - INFO - train roc_auc, 0.9164
2025-10-02 18:51:00,653 - root - INFO - validate loss: 0.4777
2025-10-02 18:51:00,653 - root - INFO - validate average_precision, 0.8426
2025-10-02 18:51:00,653 - root - INFO - validate roc_auc, 0.8595
2025-10-02 18:51:00,653 - root - INFO - new node validate loss: 0.6786
2025-10-02 18:51:00,653 - root - INFO - new node validate average_precision, 0.7329
2025-10-02 18:51:00,653 - root - INFO - new node validate roc_auc, 0.7420
2025-10-02 18:51:01,487 - root - INFO - test loss: 0.4540
2025-10-02 18:51:01,487 - root - INFO - test average_precision, 0.8433
2025-10-02 18:51:01,487 - root - INFO - best test average_precision: 0.8433
2025-10-02 18:51:01,488 - root - INFO - test roc_auc, 0.8691
2025-10-02 18:51:01,488 - root - INFO - new node test loss: 0.5740
2025-10-02 18:51:01,488 - root - INFO - new node test average_precision, 0.7799
2025-10-02 18:51:01,488 - root - INFO - new node test roc_auc, 0.7941
2025-10-02 18:51:06,665 - root - INFO - Epoch: 36, learning rate: 0.0001, train loss: 0.3664
2025-10-02 18:51:06,665 - root - INFO - train average_precision, 0.8938
2025-10-02 18:51:06,665 - root - INFO - train roc_auc, 0.9125
2025-10-02 18:51:06,665 - root - INFO - validate loss: 0.5086
2025-10-02 18:51:06,665 - root - INFO - validate average_precision, 0.8069
2025-10-02 18:51:06,665 - root - INFO - validate roc_auc, 0.8348
2025-10-02 18:51:06,665 - root - INFO - new node validate loss: 0.6679
2025-10-02 18:51:06,665 - root - INFO - new node validate average_precision, 0.7296
2025-10-02 18:51:06,665 - root - INFO - new node validate roc_auc, 0.7332
2025-10-02 18:51:07,498 - root - INFO - test loss: 0.5876
2025-10-02 18:51:07,498 - root - INFO - test average_precision, 0.7883
2025-10-02 18:51:07,499 - root - INFO - best test average_precision: 0.8433
2025-10-02 18:51:07,499 - root - INFO - test roc_auc, 0.8265
2025-10-02 18:51:07,499 - root - INFO - new node test loss: 0.5950
2025-10-02 18:51:07,499 - root - INFO - new node test average_precision, 0.7728
2025-10-02 18:51:07,499 - root - INFO - new node test roc_auc, 0.7975
2025-10-02 18:51:12,626 - root - INFO - Epoch: 37, learning rate: 0.0001, train loss: 0.3378
2025-10-02 18:51:12,627 - root - INFO - train average_precision, 0.9116
2025-10-02 18:51:12,627 - root - INFO - train roc_auc, 0.9263
2025-10-02 18:51:12,627 - root - INFO - validate loss: 0.4961
2025-10-02 18:51:12,627 - root - INFO - validate average_precision, 0.8370
2025-10-02 18:51:12,627 - root - INFO - validate roc_auc, 0.8597
2025-10-02 18:51:12,627 - root - INFO - new node validate loss: 0.6478
2025-10-02 18:51:12,627 - root - INFO - new node validate average_precision, 0.7635
2025-10-02 18:51:12,628 - root - INFO - new node validate roc_auc, 0.7726
2025-10-02 18:51:13,463 - root - INFO - test loss: 0.6002
2025-10-02 18:51:13,463 - root - INFO - test average_precision, 0.7683
2025-10-02 18:51:13,463 - root - INFO - best test average_precision: 0.8433
2025-10-02 18:51:13,463 - root - INFO - test roc_auc, 0.8110
2025-10-02 18:51:13,463 - root - INFO - new node test loss: 0.7037
2025-10-02 18:51:13,463 - root - INFO - new node test average_precision, 0.6901
2025-10-02 18:51:13,463 - root - INFO - new node test roc_auc, 0.6931
2025-10-02 18:51:13,463 - root - INFO - save model ./saved_models/JODIE/enron/JODIE_mercer_seed4/JODIE_mercer_seed4.pkl
2025-10-02 18:51:18,686 - root - INFO - Epoch: 38, learning rate: 0.0001, train loss: 0.3624
2025-10-02 18:51:18,686 - root - INFO - train average_precision, 0.8960
2025-10-02 18:51:18,686 - root - INFO - train roc_auc, 0.9126
2025-10-02 18:51:18,686 - root - INFO - validate loss: 0.5556
2025-10-02 18:51:18,686 - root - INFO - validate average_precision, 0.7568
2025-10-02 18:51:18,686 - root - INFO - validate roc_auc, 0.7947
2025-10-02 18:51:18,686 - root - INFO - new node validate loss: 0.6890
2025-10-02 18:51:18,686 - root - INFO - new node validate average_precision, 0.7107
2025-10-02 18:51:18,686 - root - INFO - new node validate roc_auc, 0.7183
2025-10-02 18:51:19,656 - root - INFO - test loss: 0.5429
2025-10-02 18:51:19,656 - root - INFO - test average_precision, 0.7614
2025-10-02 18:51:19,656 - root - INFO - best test average_precision: 0.8433
2025-10-02 18:51:19,656 - root - INFO - test roc_auc, 0.8115
2025-10-02 18:51:19,656 - root - INFO - new node test loss: 0.6347
2025-10-02 18:51:19,656 - root - INFO - new node test average_precision, 0.7311
2025-10-02 18:51:19,656 - root - INFO - new node test roc_auc, 0.7552
2025-10-02 18:51:24,810 - root - INFO - Epoch: 39, learning rate: 0.0001, train loss: 0.3528
2025-10-02 18:51:24,810 - root - INFO - train average_precision, 0.9000
2025-10-02 18:51:24,810 - root - INFO - train roc_auc, 0.9184
2025-10-02 18:51:24,810 - root - INFO - validate loss: 0.6594
2025-10-02 18:51:24,810 - root - INFO - validate average_precision, 0.7559
2025-10-02 18:51:24,810 - root - INFO - validate roc_auc, 0.7952
2025-10-02 18:51:24,810 - root - INFO - new node validate loss: 0.7036
2025-10-02 18:51:24,811 - root - INFO - new node validate average_precision, 0.7170
2025-10-02 18:51:24,811 - root - INFO - new node validate roc_auc, 0.7161
2025-10-02 18:51:25,639 - root - INFO - test loss: 0.6778
2025-10-02 18:51:25,639 - root - INFO - test average_precision, 0.7524
2025-10-02 18:51:25,639 - root - INFO - best test average_precision: 0.8433
2025-10-02 18:51:25,639 - root - INFO - test roc_auc, 0.8017
2025-10-02 18:51:25,639 - root - INFO - new node test loss: 0.7581
2025-10-02 18:51:25,639 - root - INFO - new node test average_precision, 0.7207
2025-10-02 18:51:25,639 - root - INFO - new node test roc_auc, 0.7462
2025-10-02 18:51:30,809 - root - INFO - Epoch: 40, learning rate: 0.0001, train loss: 0.3676
2025-10-02 18:51:30,809 - root - INFO - train average_precision, 0.8962
2025-10-02 18:51:30,809 - root - INFO - train roc_auc, 0.9127
2025-10-02 18:51:30,809 - root - INFO - validate loss: 0.6335
2025-10-02 18:51:30,809 - root - INFO - validate average_precision, 0.7734
2025-10-02 18:51:30,809 - root - INFO - validate roc_auc, 0.8081
2025-10-02 18:51:30,809 - root - INFO - new node validate loss: 0.7081
2025-10-02 18:51:30,809 - root - INFO - new node validate average_precision, 0.7295
2025-10-02 18:51:30,809 - root - INFO - new node validate roc_auc, 0.7377
2025-10-02 18:51:31,640 - root - INFO - test loss: 0.6831
2025-10-02 18:51:31,640 - root - INFO - test average_precision, 0.7740
2025-10-02 18:51:31,640 - root - INFO - best test average_precision: 0.8433
2025-10-02 18:51:31,640 - root - INFO - test roc_auc, 0.8208
2025-10-02 18:51:31,640 - root - INFO - new node test loss: 0.7602
2025-10-02 18:51:31,640 - root - INFO - new node test average_precision, 0.7368
2025-10-02 18:51:31,640 - root - INFO - new node test roc_auc, 0.7623
2025-10-02 18:51:36,796 - root - INFO - Epoch: 41, learning rate: 0.0001, train loss: 0.3610
2025-10-02 18:51:36,796 - root - INFO - train average_precision, 0.8977
2025-10-02 18:51:36,796 - root - INFO - train roc_auc, 0.9151
2025-10-02 18:51:36,796 - root - INFO - validate loss: 0.5445
2025-10-02 18:51:36,796 - root - INFO - validate average_precision, 0.8015
2025-10-02 18:51:36,796 - root - INFO - validate roc_auc, 0.8318
2025-10-02 18:51:36,796 - root - INFO - new node validate loss: 0.6809
2025-10-02 18:51:36,796 - root - INFO - new node validate average_precision, 0.7302
2025-10-02 18:51:36,796 - root - INFO - new node validate roc_auc, 0.7370
2025-10-02 18:51:37,626 - root - INFO - test loss: 0.5695
2025-10-02 18:51:37,626 - root - INFO - test average_precision, 0.7792
2025-10-02 18:51:37,626 - root - INFO - best test average_precision: 0.8433
2025-10-02 18:51:37,626 - root - INFO - test roc_auc, 0.8192
2025-10-02 18:51:37,626 - root - INFO - new node test loss: 0.6639
2025-10-02 18:51:37,626 - root - INFO - new node test average_precision, 0.7340
2025-10-02 18:51:37,626 - root - INFO - new node test roc_auc, 0.7593
2025-10-02 18:51:42,749 - root - INFO - Epoch: 42, learning rate: 0.0001, train loss: 0.3532
2025-10-02 18:51:42,749 - root - INFO - train average_precision, 0.8999
2025-10-02 18:51:42,749 - root - INFO - train roc_auc, 0.9177
2025-10-02 18:51:42,749 - root - INFO - validate loss: 0.6800
2025-10-02 18:51:42,749 - root - INFO - validate average_precision, 0.7806
2025-10-02 18:51:42,749 - root - INFO - validate roc_auc, 0.8145
2025-10-02 18:51:42,749 - root - INFO - new node validate loss: 0.8167
2025-10-02 18:51:42,749 - root - INFO - new node validate average_precision, 0.7426
2025-10-02 18:51:42,749 - root - INFO - new node validate roc_auc, 0.7536
2025-10-02 18:51:43,577 - root - INFO - test loss: 0.5281
2025-10-02 18:51:43,577 - root - INFO - test average_precision, 0.8319
2025-10-02 18:51:43,577 - root - INFO - best test average_precision: 0.8433
2025-10-02 18:51:43,577 - root - INFO - test roc_auc, 0.8582
2025-10-02 18:51:43,577 - root - INFO - new node test loss: 0.7121
2025-10-02 18:51:43,577 - root - INFO - new node test average_precision, 0.7785
2025-10-02 18:51:43,578 - root - INFO - new node test roc_auc, 0.7941
2025-10-02 18:51:48,699 - root - INFO - Epoch: 43, learning rate: 0.0001, train loss: 0.3311
2025-10-02 18:51:48,700 - root - INFO - train average_precision, 0.9149
2025-10-02 18:51:48,700 - root - INFO - train roc_auc, 0.9287
2025-10-02 18:51:48,700 - root - INFO - validate loss: 0.7025
2025-10-02 18:51:48,700 - root - INFO - validate average_precision, 0.7922
2025-10-02 18:51:48,700 - root - INFO - validate roc_auc, 0.8270
2025-10-02 18:51:48,700 - root - INFO - new node validate loss: 0.8056
2025-10-02 18:51:48,700 - root - INFO - new node validate average_precision, 0.7402
2025-10-02 18:51:48,700 - root - INFO - new node validate roc_auc, 0.7616
2025-10-02 18:51:49,534 - root - INFO - test loss: 0.7954
2025-10-02 18:51:49,534 - root - INFO - test average_precision, 0.7811
2025-10-02 18:51:49,534 - root - INFO - best test average_precision: 0.8433
2025-10-02 18:51:49,534 - root - INFO - test roc_auc, 0.8223
2025-10-02 18:51:49,534 - root - INFO - new node test loss: 0.8923
2025-10-02 18:51:49,534 - root - INFO - new node test average_precision, 0.7559
2025-10-02 18:51:49,534 - root - INFO - new node test roc_auc, 0.7820
2025-10-02 18:51:54,663 - root - INFO - Epoch: 44, learning rate: 0.0001, train loss: 0.3386
2025-10-02 18:51:54,663 - root - INFO - train average_precision, 0.9112
2025-10-02 18:51:54,663 - root - INFO - train roc_auc, 0.9254
2025-10-02 18:51:54,663 - root - INFO - validate loss: 0.6681
2025-10-02 18:51:54,663 - root - INFO - validate average_precision, 0.7942
2025-10-02 18:51:54,663 - root - INFO - validate roc_auc, 0.8271
2025-10-02 18:51:54,663 - root - INFO - new node validate loss: 0.7168
2025-10-02 18:51:54,663 - root - INFO - new node validate average_precision, 0.7643
2025-10-02 18:51:54,663 - root - INFO - new node validate roc_auc, 0.7742
2025-10-02 18:51:55,489 - root - INFO - test loss: 0.7553
2025-10-02 18:51:55,489 - root - INFO - test average_precision, 0.7714
2025-10-02 18:51:55,489 - root - INFO - best test average_precision: 0.8433
2025-10-02 18:51:55,489 - root - INFO - test roc_auc, 0.8185
2025-10-02 18:51:55,489 - root - INFO - new node test loss: 0.8848
2025-10-02 18:51:55,489 - root - INFO - new node test average_precision, 0.7478
2025-10-02 18:51:55,489 - root - INFO - new node test roc_auc, 0.7751
2025-10-02 18:52:00,721 - root - INFO - Epoch: 45, learning rate: 0.0001, train loss: 0.3565
2025-10-02 18:52:00,721 - root - INFO - train average_precision, 0.8986
2025-10-02 18:52:00,721 - root - INFO - train roc_auc, 0.9174
2025-10-02 18:52:00,721 - root - INFO - validate loss: 0.6797
2025-10-02 18:52:00,721 - root - INFO - validate average_precision, 0.7922
2025-10-02 18:52:00,722 - root - INFO - validate roc_auc, 0.8286
2025-10-02 18:52:00,722 - root - INFO - new node validate loss: 0.6789
2025-10-02 18:52:00,722 - root - INFO - new node validate average_precision, 0.7792
2025-10-02 18:52:00,722 - root - INFO - new node validate roc_auc, 0.7840
2025-10-02 18:52:01,553 - root - INFO - test loss: 0.8027
2025-10-02 18:52:01,553 - root - INFO - test average_precision, 0.7554
2025-10-02 18:52:01,553 - root - INFO - best test average_precision: 0.8433
2025-10-02 18:52:01,553 - root - INFO - test roc_auc, 0.8064
2025-10-02 18:52:01,553 - root - INFO - new node test loss: 0.8828
2025-10-02 18:52:01,553 - root - INFO - new node test average_precision, 0.7343
2025-10-02 18:52:01,553 - root - INFO - new node test roc_auc, 0.7596
2025-10-02 18:52:06,721 - root - INFO - Epoch: 46, learning rate: 0.0001, train loss: 0.3336
2025-10-02 18:52:06,721 - root - INFO - train average_precision, 0.9140
2025-10-02 18:52:06,721 - root - INFO - train roc_auc, 0.9278
2025-10-02 18:52:06,722 - root - INFO - validate loss: 0.7055
2025-10-02 18:52:06,722 - root - INFO - validate average_precision, 0.8087
2025-10-02 18:52:06,722 - root - INFO - validate roc_auc, 0.8386
2025-10-02 18:52:06,722 - root - INFO - new node validate loss: 0.7085
2025-10-02 18:52:06,722 - root - INFO - new node validate average_precision, 0.7660
2025-10-02 18:52:06,722 - root - INFO - new node validate roc_auc, 0.7842
2025-10-02 18:52:07,554 - root - INFO - test loss: 0.8667
2025-10-02 18:52:07,554 - root - INFO - test average_precision, 0.7782
2025-10-02 18:52:07,554 - root - INFO - best test average_precision: 0.8433
2025-10-02 18:52:07,554 - root - INFO - test roc_auc, 0.8233
2025-10-02 18:52:07,554 - root - INFO - new node test loss: 0.9443
2025-10-02 18:52:07,554 - root - INFO - new node test average_precision, 0.7551
2025-10-02 18:52:07,554 - root - INFO - new node test roc_auc, 0.7829
2025-10-02 18:52:12,719 - root - INFO - Epoch: 47, learning rate: 0.0001, train loss: 0.3461
2025-10-02 18:52:12,719 - root - INFO - train average_precision, 0.9067
2025-10-02 18:52:12,719 - root - INFO - train roc_auc, 0.9217
2025-10-02 18:52:12,719 - root - INFO - validate loss: 0.6473
2025-10-02 18:52:12,719 - root - INFO - validate average_precision, 0.8113
2025-10-02 18:52:12,719 - root - INFO - validate roc_auc, 0.8333
2025-10-02 18:52:12,719 - root - INFO - new node validate loss: 0.6721
2025-10-02 18:52:12,719 - root - INFO - new node validate average_precision, 0.7418
2025-10-02 18:52:12,719 - root - INFO - new node validate roc_auc, 0.7527
2025-10-02 18:52:13,555 - root - INFO - test loss: 0.6439
2025-10-02 18:52:13,555 - root - INFO - test average_precision, 0.8148
2025-10-02 18:52:13,555 - root - INFO - best test average_precision: 0.8433
2025-10-02 18:52:13,555 - root - INFO - test roc_auc, 0.8484
2025-10-02 18:52:13,555 - root - INFO - new node test loss: 0.7132
2025-10-02 18:52:13,555 - root - INFO - new node test average_precision, 0.7720
2025-10-02 18:52:13,555 - root - INFO - new node test roc_auc, 0.8028
2025-10-02 18:52:18,727 - root - INFO - Epoch: 48, learning rate: 0.0001, train loss: 0.3408
2025-10-02 18:52:18,727 - root - INFO - train average_precision, 0.9103
2025-10-02 18:52:18,727 - root - INFO - train roc_auc, 0.9246
2025-10-02 18:52:18,727 - root - INFO - validate loss: 0.6290
2025-10-02 18:52:18,728 - root - INFO - validate average_precision, 0.8270
2025-10-02 18:52:18,728 - root - INFO - validate roc_auc, 0.8456
2025-10-02 18:52:18,728 - root - INFO - new node validate loss: 0.6920
2025-10-02 18:52:18,728 - root - INFO - new node validate average_precision, 0.7526
2025-10-02 18:52:18,728 - root - INFO - new node validate roc_auc, 0.7552
2025-10-02 18:52:19,555 - root - INFO - test loss: 0.6763
2025-10-02 18:52:19,555 - root - INFO - test average_precision, 0.7965
2025-10-02 18:52:19,555 - root - INFO - best test average_precision: 0.8433
2025-10-02 18:52:19,555 - root - INFO - test roc_auc, 0.8330
2025-10-02 18:52:19,555 - root - INFO - new node test loss: 0.7151
2025-10-02 18:52:19,555 - root - INFO - new node test average_precision, 0.7862
2025-10-02 18:52:19,555 - root - INFO - new node test roc_auc, 0.8058
2025-10-02 18:52:24,705 - root - INFO - Epoch: 49, learning rate: 0.0001, train loss: 0.3493
2025-10-02 18:52:24,705 - root - INFO - train average_precision, 0.9064
2025-10-02 18:52:24,705 - root - INFO - train roc_auc, 0.9209
2025-10-02 18:52:24,705 - root - INFO - validate loss: 0.6998
2025-10-02 18:52:24,705 - root - INFO - validate average_precision, 0.7868
2025-10-02 18:52:24,705 - root - INFO - validate roc_auc, 0.8207
2025-10-02 18:52:24,705 - root - INFO - new node validate loss: 0.7204
2025-10-02 18:52:24,705 - root - INFO - new node validate average_precision, 0.7675
2025-10-02 18:52:24,705 - root - INFO - new node validate roc_auc, 0.7801
2025-10-02 18:52:25,539 - root - INFO - test loss: 0.5158
2025-10-02 18:52:25,539 - root - INFO - test average_precision, 0.8358
2025-10-02 18:52:25,539 - root - INFO - best test average_precision: 0.8433
2025-10-02 18:52:25,539 - root - INFO - test roc_auc, 0.8607
2025-10-02 18:52:25,540 - root - INFO - new node test loss: 0.6916
2025-10-02 18:52:25,540 - root - INFO - new node test average_precision, 0.7968
2025-10-02 18:52:25,540 - root - INFO - new node test roc_auc, 0.8128
2025-10-02 18:52:30,774 - root - INFO - Epoch: 50, learning rate: 0.0001, train loss: 0.3290
2025-10-02 18:52:30,775 - root - INFO - train average_precision, 0.9188
2025-10-02 18:52:30,775 - root - INFO - train roc_auc, 0.9292
2025-10-02 18:52:30,775 - root - INFO - validate loss: 0.5115
2025-10-02 18:52:30,775 - root - INFO - validate average_precision, 0.8423
2025-10-02 18:52:30,775 - root - INFO - validate roc_auc, 0.8633
2025-10-02 18:52:30,775 - root - INFO - new node validate loss: 0.8346
2025-10-02 18:52:30,775 - root - INFO - new node validate average_precision, 0.7312
2025-10-02 18:52:30,775 - root - INFO - new node validate roc_auc, 0.7385
2025-10-02 18:52:31,613 - root - INFO - test loss: 0.5419
2025-10-02 18:52:31,613 - root - INFO - test average_precision, 0.8352
2025-10-02 18:52:31,613 - root - INFO - best test average_precision: 0.8433
2025-10-02 18:52:31,613 - root - INFO - test roc_auc, 0.8575
2025-10-02 18:52:31,614 - root - INFO - new node test loss: 0.6580
2025-10-02 18:52:31,614 - root - INFO - new node test average_precision, 0.7790
2025-10-02 18:52:31,614 - root - INFO - new node test roc_auc, 0.7939
2025-10-02 18:52:31,614 - root - INFO - save model ./saved_models/JODIE/enron/JODIE_mercer_seed4/JODIE_mercer_seed4.pkl
2025-10-02 18:52:36,849 - root - INFO - Epoch: 51, learning rate: 0.0001, train loss: 0.3363
2025-10-02 18:52:36,849 - root - INFO - train average_precision, 0.9099
2025-10-02 18:52:36,849 - root - INFO - train roc_auc, 0.9262
2025-10-02 18:52:36,849 - root - INFO - validate loss: 0.7380
2025-10-02 18:52:36,849 - root - INFO - validate average_precision, 0.7993
2025-10-02 18:52:36,850 - root - INFO - validate roc_auc, 0.8313
2025-10-02 18:52:36,850 - root - INFO - new node validate loss: 0.7174
2025-10-02 18:52:36,850 - root - INFO - new node validate average_precision, 0.7924
2025-10-02 18:52:36,850 - root - INFO - new node validate roc_auc, 0.7898
2025-10-02 18:52:37,683 - root - INFO - test loss: 0.8550
2025-10-02 18:52:37,683 - root - INFO - test average_precision, 0.7669
2025-10-02 18:52:37,683 - root - INFO - best test average_precision: 0.8433
2025-10-02 18:52:37,683 - root - INFO - test roc_auc, 0.8150
2025-10-02 18:52:37,683 - root - INFO - new node test loss: 0.9666
2025-10-02 18:52:37,683 - root - INFO - new node test average_precision, 0.7344
2025-10-02 18:52:37,683 - root - INFO - new node test roc_auc, 0.7650
2025-10-02 18:52:42,902 - root - INFO - Epoch: 52, learning rate: 0.0001, train loss: 0.3247
2025-10-02 18:52:42,902 - root - INFO - train average_precision, 0.9181
2025-10-02 18:52:42,903 - root - INFO - train roc_auc, 0.9316
2025-10-02 18:52:42,903 - root - INFO - validate loss: 0.8168
2025-10-02 18:52:42,903 - root - INFO - validate average_precision, 0.8040
2025-10-02 18:52:42,903 - root - INFO - validate roc_auc, 0.8284
2025-10-02 18:52:42,903 - root - INFO - new node validate loss: 0.7573
2025-10-02 18:52:42,903 - root - INFO - new node validate average_precision, 0.7582
2025-10-02 18:52:42,903 - root - INFO - new node validate roc_auc, 0.7671
2025-10-02 18:52:43,735 - root - INFO - test loss: 0.8958
2025-10-02 18:52:43,735 - root - INFO - test average_precision, 0.7856
2025-10-02 18:52:43,735 - root - INFO - best test average_precision: 0.8433
2025-10-02 18:52:43,735 - root - INFO - test roc_auc, 0.8277
2025-10-02 18:52:43,735 - root - INFO - new node test loss: 1.0168
2025-10-02 18:52:43,735 - root - INFO - new node test average_precision, 0.7411
2025-10-02 18:52:43,735 - root - INFO - new node test roc_auc, 0.7623
2025-10-02 18:52:48,929 - root - INFO - Epoch: 53, learning rate: 0.0001, train loss: 0.3087
2025-10-02 18:52:48,929 - root - INFO - train average_precision, 0.9264
2025-10-02 18:52:48,929 - root - INFO - train roc_auc, 0.9375
2025-10-02 18:52:48,929 - root - INFO - validate loss: 0.7242
2025-10-02 18:52:48,930 - root - INFO - validate average_precision, 0.8043
2025-10-02 18:52:48,930 - root - INFO - validate roc_auc, 0.8380
2025-10-02 18:52:48,930 - root - INFO - new node validate loss: 0.6857
2025-10-02 18:52:48,930 - root - INFO - new node validate average_precision, 0.7884
2025-10-02 18:52:48,930 - root - INFO - new node validate roc_auc, 0.7961
2025-10-02 18:52:49,764 - root - INFO - test loss: 0.8463
2025-10-02 18:52:49,764 - root - INFO - test average_precision, 0.7924
2025-10-02 18:52:49,764 - root - INFO - best test average_precision: 0.8433
2025-10-02 18:52:49,765 - root - INFO - test roc_auc, 0.8343
2025-10-02 18:52:49,765 - root - INFO - new node test loss: 0.9943
2025-10-02 18:52:49,765 - root - INFO - new node test average_precision, 0.7712
2025-10-02 18:52:49,765 - root - INFO - new node test roc_auc, 0.7769
2025-10-02 18:52:54,939 - root - INFO - Epoch: 54, learning rate: 0.0001, train loss: 0.3166
2025-10-02 18:52:54,939 - root - INFO - train average_precision, 0.9215
2025-10-02 18:52:54,939 - root - INFO - train roc_auc, 0.9343
2025-10-02 18:52:54,939 - root - INFO - validate loss: 0.7408
2025-10-02 18:52:54,939 - root - INFO - validate average_precision, 0.7780
2025-10-02 18:52:54,939 - root - INFO - validate roc_auc, 0.8103
2025-10-02 18:52:54,939 - root - INFO - new node validate loss: 0.8066
2025-10-02 18:52:54,939 - root - INFO - new node validate average_precision, 0.7252
2025-10-02 18:52:54,939 - root - INFO - new node validate roc_auc, 0.7359
2025-10-02 18:52:55,775 - root - INFO - test loss: 0.7946
2025-10-02 18:52:55,775 - root - INFO - test average_precision, 0.7690
2025-10-02 18:52:55,775 - root - INFO - best test average_precision: 0.8433
2025-10-02 18:52:55,775 - root - INFO - test roc_auc, 0.8148
2025-10-02 18:52:55,775 - root - INFO - new node test loss: 0.8781
2025-10-02 18:52:55,775 - root - INFO - new node test average_precision, 0.7428
2025-10-02 18:52:55,775 - root - INFO - new node test roc_auc, 0.7587
2025-10-02 18:53:00,942 - root - INFO - Epoch: 55, learning rate: 0.0001, train loss: 0.3208
2025-10-02 18:53:00,943 - root - INFO - train average_precision, 0.9194
2025-10-02 18:53:00,943 - root - INFO - train roc_auc, 0.9330
2025-10-02 18:53:00,943 - root - INFO - validate loss: 0.6702
2025-10-02 18:53:00,943 - root - INFO - validate average_precision, 0.8250
2025-10-02 18:53:00,943 - root - INFO - validate roc_auc, 0.8482
2025-10-02 18:53:00,943 - root - INFO - new node validate loss: 0.7711
2025-10-02 18:53:00,943 - root - INFO - new node validate average_precision, 0.7513
2025-10-02 18:53:00,943 - root - INFO - new node validate roc_auc, 0.7644
2025-10-02 18:53:01,774 - root - INFO - test loss: 0.7953
2025-10-02 18:53:01,774 - root - INFO - test average_precision, 0.7933
2025-10-02 18:53:01,774 - root - INFO - best test average_precision: 0.8433
2025-10-02 18:53:01,774 - root - INFO - test roc_auc, 0.8312
2025-10-02 18:53:01,774 - root - INFO - new node test loss: 0.8557
2025-10-02 18:53:01,774 - root - INFO - new node test average_precision, 0.7800
2025-10-02 18:53:01,774 - root - INFO - new node test roc_auc, 0.7974
2025-10-02 18:53:06,997 - root - INFO - Epoch: 56, learning rate: 0.0001, train loss: 0.3499
2025-10-02 18:53:06,997 - root - INFO - train average_precision, 0.9076
2025-10-02 18:53:06,997 - root - INFO - train roc_auc, 0.9208
2025-10-02 18:53:06,997 - root - INFO - validate loss: 0.6734
2025-10-02 18:53:06,997 - root - INFO - validate average_precision, 0.7650
2025-10-02 18:53:06,997 - root - INFO - validate roc_auc, 0.8008
2025-10-02 18:53:06,997 - root - INFO - new node validate loss: 0.6670
2025-10-02 18:53:06,997 - root - INFO - new node validate average_precision, 0.7596
2025-10-02 18:53:06,997 - root - INFO - new node validate roc_auc, 0.7628
2025-10-02 18:53:07,836 - root - INFO - test loss: 0.7105
2025-10-02 18:53:07,836 - root - INFO - test average_precision, 0.7514
2025-10-02 18:53:07,836 - root - INFO - best test average_precision: 0.8433
2025-10-02 18:53:07,836 - root - INFO - test roc_auc, 0.8034
2025-10-02 18:53:07,836 - root - INFO - new node test loss: 0.7906
2025-10-02 18:53:07,836 - root - INFO - new node test average_precision, 0.7352
2025-10-02 18:53:07,836 - root - INFO - new node test roc_auc, 0.7663
2025-10-02 18:53:13,042 - root - INFO - Epoch: 57, learning rate: 0.0001, train loss: 0.3245
2025-10-02 18:53:13,043 - root - INFO - train average_precision, 0.9184
2025-10-02 18:53:13,043 - root - INFO - train roc_auc, 0.9311
2025-10-02 18:53:13,043 - root - INFO - validate loss: 0.5865
2025-10-02 18:53:13,043 - root - INFO - validate average_precision, 0.8234
2025-10-02 18:53:13,043 - root - INFO - validate roc_auc, 0.8535
2025-10-02 18:53:13,043 - root - INFO - new node validate loss: 0.7103
2025-10-02 18:53:13,043 - root - INFO - new node validate average_precision, 0.7767
2025-10-02 18:53:13,043 - root - INFO - new node validate roc_auc, 0.7879
2025-10-02 18:53:13,872 - root - INFO - test loss: 0.6973
2025-10-02 18:53:13,872 - root - INFO - test average_precision, 0.7885
2025-10-02 18:53:13,872 - root - INFO - best test average_precision: 0.8433
2025-10-02 18:53:13,872 - root - INFO - test roc_auc, 0.8324
2025-10-02 18:53:13,872 - root - INFO - new node test loss: 0.7590
2025-10-02 18:53:13,872 - root - INFO - new node test average_precision, 0.7784
2025-10-02 18:53:13,872 - root - INFO - new node test roc_auc, 0.8018
2025-10-02 18:53:19,085 - root - INFO - Epoch: 58, learning rate: 0.0001, train loss: 0.3232
2025-10-02 18:53:19,085 - root - INFO - train average_precision, 0.9188
2025-10-02 18:53:19,086 - root - INFO - train roc_auc, 0.9320
2025-10-02 18:53:19,086 - root - INFO - validate loss: 0.5910
2025-10-02 18:53:19,086 - root - INFO - validate average_precision, 0.7827
2025-10-02 18:53:19,086 - root - INFO - validate roc_auc, 0.8141
2025-10-02 18:53:19,086 - root - INFO - new node validate loss: 0.7457
2025-10-02 18:53:19,086 - root - INFO - new node validate average_precision, 0.7031
2025-10-02 18:53:19,086 - root - INFO - new node validate roc_auc, 0.7163
2025-10-02 18:53:19,924 - root - INFO - test loss: 0.5320
2025-10-02 18:53:19,924 - root - INFO - test average_precision, 0.8258
2025-10-02 18:53:19,924 - root - INFO - best test average_precision: 0.8433
2025-10-02 18:53:19,924 - root - INFO - test roc_auc, 0.8510
2025-10-02 18:53:19,924 - root - INFO - new node test loss: 0.7009
2025-10-02 18:53:19,924 - root - INFO - new node test average_precision, 0.7492
2025-10-02 18:53:19,924 - root - INFO - new node test roc_auc, 0.7536
2025-10-02 18:53:25,074 - root - INFO - Epoch: 59, learning rate: 0.0001, train loss: 0.3385
2025-10-02 18:53:25,074 - root - INFO - train average_precision, 0.9107
2025-10-02 18:53:25,074 - root - INFO - train roc_auc, 0.9244
2025-10-02 18:53:25,074 - root - INFO - validate loss: 0.7039
2025-10-02 18:53:25,074 - root - INFO - validate average_precision, 0.8230
2025-10-02 18:53:25,074 - root - INFO - validate roc_auc, 0.8570
2025-10-02 18:53:25,074 - root - INFO - new node validate loss: 0.7621
2025-10-02 18:53:25,074 - root - INFO - new node validate average_precision, 0.7863
2025-10-02 18:53:25,074 - root - INFO - new node validate roc_auc, 0.7913
2025-10-02 18:53:25,904 - root - INFO - test loss: 0.8867
2025-10-02 18:53:25,904 - root - INFO - test average_precision, 0.7800
2025-10-02 18:53:25,905 - root - INFO - best test average_precision: 0.8433
2025-10-02 18:53:25,905 - root - INFO - test roc_auc, 0.8293
2025-10-02 18:53:25,905 - root - INFO - new node test loss: 0.9783
2025-10-02 18:53:25,905 - root - INFO - new node test average_precision, 0.7706
2025-10-02 18:53:25,905 - root - INFO - new node test roc_auc, 0.7975
2025-10-02 18:53:31,093 - root - INFO - Epoch: 60, learning rate: 0.0001, train loss: 0.3181
2025-10-02 18:53:31,094 - root - INFO - train average_precision, 0.9177
2025-10-02 18:53:31,094 - root - INFO - train roc_auc, 0.9329
2025-10-02 18:53:31,094 - root - INFO - validate loss: 0.6301
2025-10-02 18:53:31,094 - root - INFO - validate average_precision, 0.8389
2025-10-02 18:53:31,094 - root - INFO - validate roc_auc, 0.8616
2025-10-02 18:53:31,094 - root - INFO - new node validate loss: 0.7515
2025-10-02 18:53:31,094 - root - INFO - new node validate average_precision, 0.7662
2025-10-02 18:53:31,094 - root - INFO - new node validate roc_auc, 0.7659
2025-10-02 18:53:31,930 - root - INFO - test loss: 0.6192
2025-10-02 18:53:31,930 - root - INFO - test average_precision, 0.8265
2025-10-02 18:53:31,930 - root - INFO - best test average_precision: 0.8433
2025-10-02 18:53:31,930 - root - INFO - test roc_auc, 0.8572
2025-10-02 18:53:31,930 - root - INFO - new node test loss: 0.7252
2025-10-02 18:53:31,930 - root - INFO - new node test average_precision, 0.7921
2025-10-02 18:53:31,930 - root - INFO - new node test roc_auc, 0.8097
2025-10-02 18:53:37,095 - root - INFO - Epoch: 61, learning rate: 0.0001, train loss: 0.3282
2025-10-02 18:53:37,095 - root - INFO - train average_precision, 0.9164
2025-10-02 18:53:37,095 - root - INFO - train roc_auc, 0.9295
2025-10-02 18:53:37,095 - root - INFO - validate loss: 0.5898
2025-10-02 18:53:37,095 - root - INFO - validate average_precision, 0.8096
2025-10-02 18:53:37,096 - root - INFO - validate roc_auc, 0.8389
2025-10-02 18:53:37,096 - root - INFO - new node validate loss: 0.7311
2025-10-02 18:53:37,096 - root - INFO - new node validate average_precision, 0.7445
2025-10-02 18:53:37,096 - root - INFO - new node validate roc_auc, 0.7568
2025-10-02 18:53:37,932 - root - INFO - test loss: 0.6299
2025-10-02 18:53:37,932 - root - INFO - test average_precision, 0.7889
2025-10-02 18:53:37,932 - root - INFO - best test average_precision: 0.8433
2025-10-02 18:53:37,932 - root - INFO - test roc_auc, 0.8289
2025-10-02 18:53:37,932 - root - INFO - new node test loss: 0.7008
2025-10-02 18:53:37,932 - root - INFO - new node test average_precision, 0.7709
2025-10-02 18:53:37,932 - root - INFO - new node test roc_auc, 0.7850
2025-10-02 18:53:43,213 - root - INFO - Epoch: 62, learning rate: 0.0001, train loss: 0.3242
2025-10-02 18:53:43,213 - root - INFO - train average_precision, 0.9180
2025-10-02 18:53:43,214 - root - INFO - train roc_auc, 0.9308
2025-10-02 18:53:43,214 - root - INFO - validate loss: 0.5404
2025-10-02 18:53:43,214 - root - INFO - validate average_precision, 0.8277
2025-10-02 18:53:43,214 - root - INFO - validate roc_auc, 0.8437
2025-10-02 18:53:43,214 - root - INFO - new node validate loss: 0.7647
2025-10-02 18:53:43,214 - root - INFO - new node validate average_precision, 0.7406
2025-10-02 18:53:43,214 - root - INFO - new node validate roc_auc, 0.7491
2025-10-02 18:53:44,043 - root - INFO - test loss: 0.5715
2025-10-02 18:53:44,043 - root - INFO - test average_precision, 0.8231
2025-10-02 18:53:44,043 - root - INFO - best test average_precision: 0.8433
2025-10-02 18:53:44,043 - root - INFO - test roc_auc, 0.8486
2025-10-02 18:53:44,043 - root - INFO - new node test loss: 0.6319
2025-10-02 18:53:44,043 - root - INFO - new node test average_precision, 0.7927
2025-10-02 18:53:44,043 - root - INFO - new node test roc_auc, 0.7987
2025-10-02 18:53:49,250 - root - INFO - Epoch: 63, learning rate: 0.0001, train loss: 0.3132
2025-10-02 18:53:49,251 - root - INFO - train average_precision, 0.9250
2025-10-02 18:53:49,251 - root - INFO - train roc_auc, 0.9351
2025-10-02 18:53:49,251 - root - INFO - validate loss: 0.6510
2025-10-02 18:53:49,251 - root - INFO - validate average_precision, 0.8179
2025-10-02 18:53:49,251 - root - INFO - validate roc_auc, 0.8453
2025-10-02 18:53:49,251 - root - INFO - new node validate loss: 0.7961
2025-10-02 18:53:49,251 - root - INFO - new node validate average_precision, 0.7397
2025-10-02 18:53:49,251 - root - INFO - new node validate roc_auc, 0.7491
2025-10-02 18:53:50,090 - root - INFO - test loss: 0.6804
2025-10-02 18:53:50,090 - root - INFO - test average_precision, 0.8069
2025-10-02 18:53:50,090 - root - INFO - best test average_precision: 0.8433
2025-10-02 18:53:50,090 - root - INFO - test roc_auc, 0.8539
2025-10-02 18:53:50,090 - root - INFO - new node test loss: 0.8266
2025-10-02 18:53:50,090 - root - INFO - new node test average_precision, 0.7681
2025-10-02 18:53:50,091 - root - INFO - new node test roc_auc, 0.7921
2025-10-02 18:53:55,252 - root - INFO - Epoch: 64, learning rate: 0.0001, train loss: 0.3151
2025-10-02 18:53:55,252 - root - INFO - train average_precision, 0.9210
2025-10-02 18:53:55,252 - root - INFO - train roc_auc, 0.9343
2025-10-02 18:53:55,252 - root - INFO - validate loss: 0.5572
2025-10-02 18:53:55,252 - root - INFO - validate average_precision, 0.8393
2025-10-02 18:53:55,253 - root - INFO - validate roc_auc, 0.8615
2025-10-02 18:53:55,253 - root - INFO - new node validate loss: 0.7828
2025-10-02 18:53:55,253 - root - INFO - new node validate average_precision, 0.7653
2025-10-02 18:53:55,253 - root - INFO - new node validate roc_auc, 0.7652
2025-10-02 18:53:56,081 - root - INFO - test loss: 0.6887
2025-10-02 18:53:56,081 - root - INFO - test average_precision, 0.8081
2025-10-02 18:53:56,081 - root - INFO - best test average_precision: 0.8433
2025-10-02 18:53:56,081 - root - INFO - test roc_auc, 0.8411
2025-10-02 18:53:56,081 - root - INFO - new node test loss: 0.7564
2025-10-02 18:53:56,081 - root - INFO - new node test average_precision, 0.7892
2025-10-02 18:53:56,081 - root - INFO - new node test roc_auc, 0.8014
2025-10-02 18:54:01,279 - root - INFO - Epoch: 65, learning rate: 0.0001, train loss: 0.3221
2025-10-02 18:54:01,279 - root - INFO - train average_precision, 0.9157
2025-10-02 18:54:01,279 - root - INFO - train roc_auc, 0.9305
2025-10-02 18:54:01,279 - root - INFO - validate loss: 0.5530
2025-10-02 18:54:01,279 - root - INFO - validate average_precision, 0.8453
2025-10-02 18:54:01,279 - root - INFO - validate roc_auc, 0.8729
2025-10-02 18:54:01,280 - root - INFO - new node validate loss: 0.7375
2025-10-02 18:54:01,280 - root - INFO - new node validate average_precision, 0.7884
2025-10-02 18:54:01,280 - root - INFO - new node validate roc_auc, 0.7883
2025-10-02 18:54:02,113 - root - INFO - test loss: 0.5550
2025-10-02 18:54:02,113 - root - INFO - test average_precision, 0.8350
2025-10-02 18:54:02,113 - root - INFO - best test average_precision: 0.8433
2025-10-02 18:54:02,113 - root - INFO - test roc_auc, 0.8675
2025-10-02 18:54:02,113 - root - INFO - new node test loss: 0.8419
2025-10-02 18:54:02,113 - root - INFO - new node test average_precision, 0.7638
2025-10-02 18:54:02,113 - root - INFO - new node test roc_auc, 0.7937
2025-10-02 18:54:02,113 - root - INFO - save model ./saved_models/JODIE/enron/JODIE_mercer_seed4/JODIE_mercer_seed4.pkl
2025-10-02 18:54:07,346 - root - INFO - Epoch: 66, learning rate: 0.0001, train loss: 0.3176
2025-10-02 18:54:07,347 - root - INFO - train average_precision, 0.9188
2025-10-02 18:54:07,347 - root - INFO - train roc_auc, 0.9331
2025-10-02 18:54:07,347 - root - INFO - validate loss: 0.6334
2025-10-02 18:54:07,347 - root - INFO - validate average_precision, 0.8174
2025-10-02 18:54:07,347 - root - INFO - validate roc_auc, 0.8391
2025-10-02 18:54:07,347 - root - INFO - new node validate loss: 0.6895
2025-10-02 18:54:07,347 - root - INFO - new node validate average_precision, 0.7638
2025-10-02 18:54:07,347 - root - INFO - new node validate roc_auc, 0.7603
2025-10-02 18:54:08,177 - root - INFO - test loss: 0.6734
2025-10-02 18:54:08,177 - root - INFO - test average_precision, 0.7965
2025-10-02 18:54:08,177 - root - INFO - best test average_precision: 0.8433
2025-10-02 18:54:08,177 - root - INFO - test roc_auc, 0.8361
2025-10-02 18:54:08,177 - root - INFO - new node test loss: 0.6731
2025-10-02 18:54:08,177 - root - INFO - new node test average_precision, 0.7926
2025-10-02 18:54:08,177 - root - INFO - new node test roc_auc, 0.8109
2025-10-02 18:54:13,463 - root - INFO - Epoch: 67, learning rate: 0.0001, train loss: 0.3177
2025-10-02 18:54:13,464 - root - INFO - train average_precision, 0.9177
2025-10-02 18:54:13,464 - root - INFO - train roc_auc, 0.9333
2025-10-02 18:54:13,464 - root - INFO - validate loss: 0.7220
2025-10-02 18:54:13,464 - root - INFO - validate average_precision, 0.8118
2025-10-02 18:54:13,464 - root - INFO - validate roc_auc, 0.8358
2025-10-02 18:54:13,464 - root - INFO - new node validate loss: 0.7637
2025-10-02 18:54:13,464 - root - INFO - new node validate average_precision, 0.7739
2025-10-02 18:54:13,464 - root - INFO - new node validate roc_auc, 0.7690
2025-10-02 18:54:14,302 - root - INFO - test loss: 0.6942
2025-10-02 18:54:14,302 - root - INFO - test average_precision, 0.8138
2025-10-02 18:54:14,302 - root - INFO - best test average_precision: 0.8433
2025-10-02 18:54:14,302 - root - INFO - test roc_auc, 0.8490
2025-10-02 18:54:14,302 - root - INFO - new node test loss: 0.7988
2025-10-02 18:54:14,302 - root - INFO - new node test average_precision, 0.7886
2025-10-02 18:54:14,303 - root - INFO - new node test roc_auc, 0.8044
2025-10-02 18:54:19,462 - root - INFO - Epoch: 68, learning rate: 0.0001, train loss: 0.3115
2025-10-02 18:54:19,463 - root - INFO - train average_precision, 0.9218
2025-10-02 18:54:19,463 - root - INFO - train roc_auc, 0.9355
2025-10-02 18:54:19,463 - root - INFO - validate loss: 0.8898
2025-10-02 18:54:19,463 - root - INFO - validate average_precision, 0.7731
2025-10-02 18:54:19,463 - root - INFO - validate roc_auc, 0.8057
2025-10-02 18:54:19,463 - root - INFO - new node validate loss: 0.9022
2025-10-02 18:54:19,463 - root - INFO - new node validate average_precision, 0.7471
2025-10-02 18:54:19,463 - root - INFO - new node validate roc_auc, 0.7467
2025-10-02 18:54:20,298 - root - INFO - test loss: 0.9650
2025-10-02 18:54:20,298 - root - INFO - test average_precision, 0.7525
2025-10-02 18:54:20,298 - root - INFO - best test average_precision: 0.8433
2025-10-02 18:54:20,299 - root - INFO - test roc_auc, 0.8038
2025-10-02 18:54:20,299 - root - INFO - new node test loss: 1.0258
2025-10-02 18:54:20,299 - root - INFO - new node test average_precision, 0.7628
2025-10-02 18:54:20,299 - root - INFO - new node test roc_auc, 0.7828
2025-10-02 18:54:25,519 - root - INFO - Epoch: 69, learning rate: 0.0001, train loss: 0.3051
2025-10-02 18:54:25,519 - root - INFO - train average_precision, 0.9255
2025-10-02 18:54:25,519 - root - INFO - train roc_auc, 0.9390
2025-10-02 18:54:25,519 - root - INFO - validate loss: 0.6880
2025-10-02 18:54:25,519 - root - INFO - validate average_precision, 0.8174
2025-10-02 18:54:25,519 - root - INFO - validate roc_auc, 0.8447
2025-10-02 18:54:25,519 - root - INFO - new node validate loss: 0.7457
2025-10-02 18:54:25,519 - root - INFO - new node validate average_precision, 0.7870
2025-10-02 18:54:25,519 - root - INFO - new node validate roc_auc, 0.7879
2025-10-02 18:54:26,355 - root - INFO - test loss: 0.9467
2025-10-02 18:54:26,355 - root - INFO - test average_precision, 0.7659
2025-10-02 18:54:26,355 - root - INFO - best test average_precision: 0.8433
2025-10-02 18:54:26,355 - root - INFO - test roc_auc, 0.8100
2025-10-02 18:54:26,355 - root - INFO - new node test loss: 1.0051
2025-10-02 18:54:26,355 - root - INFO - new node test average_precision, 0.7580
2025-10-02 18:54:26,355 - root - INFO - new node test roc_auc, 0.7721
2025-10-02 18:54:31,463 - root - INFO - Epoch: 70, learning rate: 0.0001, train loss: 0.3008
2025-10-02 18:54:31,463 - root - INFO - train average_precision, 0.9258
2025-10-02 18:54:31,463 - root - INFO - train roc_auc, 0.9392
2025-10-02 18:54:31,463 - root - INFO - validate loss: 0.4859
2025-10-02 18:54:31,463 - root - INFO - validate average_precision, 0.8526
2025-10-02 18:54:31,464 - root - INFO - validate roc_auc, 0.8756
2025-10-02 18:54:31,464 - root - INFO - new node validate loss: 0.7285
2025-10-02 18:54:31,464 - root - INFO - new node validate average_precision, 0.7803
2025-10-02 18:54:31,464 - root - INFO - new node validate roc_auc, 0.7739
2025-10-02 18:54:32,294 - root - INFO - test loss: 0.6180
2025-10-02 18:54:32,294 - root - INFO - test average_precision, 0.8131
2025-10-02 18:54:32,295 - root - INFO - best test average_precision: 0.8433
2025-10-02 18:54:32,295 - root - INFO - test roc_auc, 0.8515
2025-10-02 18:54:32,295 - root - INFO - new node test loss: 0.7512
2025-10-02 18:54:32,295 - root - INFO - new node test average_precision, 0.7820
2025-10-02 18:54:32,295 - root - INFO - new node test roc_auc, 0.7948
2025-10-02 18:54:32,295 - root - INFO - save model ./saved_models/JODIE/enron/JODIE_mercer_seed4/JODIE_mercer_seed4.pkl
2025-10-02 18:54:37,514 - root - INFO - Epoch: 71, learning rate: 0.0001, train loss: 0.3060
2025-10-02 18:54:37,514 - root - INFO - train average_precision, 0.9244
2025-10-02 18:54:37,514 - root - INFO - train roc_auc, 0.9374
2025-10-02 18:54:37,514 - root - INFO - validate loss: 0.9085
2025-10-02 18:54:37,514 - root - INFO - validate average_precision, 0.7849
2025-10-02 18:54:37,515 - root - INFO - validate roc_auc, 0.8171
2025-10-02 18:54:37,515 - root - INFO - new node validate loss: 0.7684
2025-10-02 18:54:37,515 - root - INFO - new node validate average_precision, 0.7464
2025-10-02 18:54:37,515 - root - INFO - new node validate roc_auc, 0.7486
2025-10-02 18:54:38,346 - root - INFO - test loss: 1.0308
2025-10-02 18:54:38,346 - root - INFO - test average_precision, 0.7695
2025-10-02 18:54:38,346 - root - INFO - best test average_precision: 0.8433
2025-10-02 18:54:38,346 - root - INFO - test roc_auc, 0.8180
2025-10-02 18:54:38,346 - root - INFO - new node test loss: 1.0588
2025-10-02 18:54:38,346 - root - INFO - new node test average_precision, 0.7639
2025-10-02 18:54:38,346 - root - INFO - new node test roc_auc, 0.7883
2025-10-02 18:54:43,552 - root - INFO - Epoch: 72, learning rate: 0.0001, train loss: 0.3090
2025-10-02 18:54:43,552 - root - INFO - train average_precision, 0.9238
2025-10-02 18:54:43,552 - root - INFO - train roc_auc, 0.9370
2025-10-02 18:54:43,552 - root - INFO - validate loss: 0.6688
2025-10-02 18:54:43,552 - root - INFO - validate average_precision, 0.7916
2025-10-02 18:54:43,553 - root - INFO - validate roc_auc, 0.8204
2025-10-02 18:54:43,553 - root - INFO - new node validate loss: 0.7368
2025-10-02 18:54:43,553 - root - INFO - new node validate average_precision, 0.7788
2025-10-02 18:54:43,553 - root - INFO - new node validate roc_auc, 0.7826
2025-10-02 18:54:44,390 - root - INFO - test loss: 0.7793
2025-10-02 18:54:44,390 - root - INFO - test average_precision, 0.7595
2025-10-02 18:54:44,390 - root - INFO - best test average_precision: 0.8433
2025-10-02 18:54:44,390 - root - INFO - test roc_auc, 0.8070
2025-10-02 18:54:44,390 - root - INFO - new node test loss: 0.8557
2025-10-02 18:54:44,390 - root - INFO - new node test average_precision, 0.7603
2025-10-02 18:54:44,391 - root - INFO - new node test roc_auc, 0.7787
2025-10-02 18:54:49,607 - root - INFO - Epoch: 73, learning rate: 0.0001, train loss: 0.3149
2025-10-02 18:54:49,607 - root - INFO - train average_precision, 0.9207
2025-10-02 18:54:49,608 - root - INFO - train roc_auc, 0.9348
2025-10-02 18:54:49,608 - root - INFO - validate loss: 0.5562
2025-10-02 18:54:49,608 - root - INFO - validate average_precision, 0.8255
2025-10-02 18:54:49,608 - root - INFO - validate roc_auc, 0.8482
2025-10-02 18:54:49,608 - root - INFO - new node validate loss: 0.7162
2025-10-02 18:54:49,608 - root - INFO - new node validate average_precision, 0.7408
2025-10-02 18:54:49,608 - root - INFO - new node validate roc_auc, 0.7423
2025-10-02 18:54:50,557 - root - INFO - test loss: 0.6354
2025-10-02 18:54:50,557 - root - INFO - test average_precision, 0.7837
2025-10-02 18:54:50,557 - root - INFO - best test average_precision: 0.8433
2025-10-02 18:54:50,557 - root - INFO - test roc_auc, 0.8235
2025-10-02 18:54:50,557 - root - INFO - new node test loss: 0.7269
2025-10-02 18:54:50,557 - root - INFO - new node test average_precision, 0.7477
2025-10-02 18:54:50,558 - root - INFO - new node test roc_auc, 0.7660
2025-10-02 18:54:55,756 - root - INFO - Epoch: 74, learning rate: 0.0001, train loss: 0.3078
2025-10-02 18:54:55,756 - root - INFO - train average_precision, 0.9230
2025-10-02 18:54:55,756 - root - INFO - train roc_auc, 0.9370
2025-10-02 18:54:55,756 - root - INFO - validate loss: 0.6344
2025-10-02 18:54:55,756 - root - INFO - validate average_precision, 0.8306
2025-10-02 18:54:55,757 - root - INFO - validate roc_auc, 0.8466
2025-10-02 18:54:55,757 - root - INFO - new node validate loss: 0.7918
2025-10-02 18:54:55,757 - root - INFO - new node validate average_precision, 0.7706
2025-10-02 18:54:55,757 - root - INFO - new node validate roc_auc, 0.7723
2025-10-02 18:54:56,591 - root - INFO - test loss: 0.7927
2025-10-02 18:54:56,591 - root - INFO - test average_precision, 0.8034
2025-10-02 18:54:56,591 - root - INFO - best test average_precision: 0.8433
2025-10-02 18:54:56,591 - root - INFO - test roc_auc, 0.8407
2025-10-02 18:54:56,591 - root - INFO - new node test loss: 0.7924
2025-10-02 18:54:56,591 - root - INFO - new node test average_precision, 0.7970
2025-10-02 18:54:56,591 - root - INFO - new node test roc_auc, 0.8039
2025-10-02 18:55:01,701 - root - INFO - Epoch: 75, learning rate: 0.0001, train loss: 0.3195
2025-10-02 18:55:01,702 - root - INFO - train average_precision, 0.9181
2025-10-02 18:55:01,702 - root - INFO - train roc_auc, 0.9325
2025-10-02 18:55:01,702 - root - INFO - validate loss: 0.5237
2025-10-02 18:55:01,702 - root - INFO - validate average_precision, 0.8177
2025-10-02 18:55:01,702 - root - INFO - validate roc_auc, 0.8456
2025-10-02 18:55:01,702 - root - INFO - new node validate loss: 0.7628
2025-10-02 18:55:01,702 - root - INFO - new node validate average_precision, 0.7457
2025-10-02 18:55:01,702 - root - INFO - new node validate roc_auc, 0.7495
2025-10-02 18:55:02,537 - root - INFO - test loss: 0.5925
2025-10-02 18:55:02,537 - root - INFO - test average_precision, 0.7878
2025-10-02 18:55:02,537 - root - INFO - best test average_precision: 0.8433
2025-10-02 18:55:02,537 - root - INFO - test roc_auc, 0.8358
2025-10-02 18:55:02,537 - root - INFO - new node test loss: 0.8379
2025-10-02 18:55:02,537 - root - INFO - new node test average_precision, 0.7464
2025-10-02 18:55:02,537 - root - INFO - new node test roc_auc, 0.7629
2025-10-02 18:55:07,750 - root - INFO - Epoch: 76, learning rate: 0.0001, train loss: 0.3184
2025-10-02 18:55:07,750 - root - INFO - train average_precision, 0.9200
2025-10-02 18:55:07,750 - root - INFO - train roc_auc, 0.9334
2025-10-02 18:55:07,750 - root - INFO - validate loss: 0.5074
2025-10-02 18:55:07,750 - root - INFO - validate average_precision, 0.8382
2025-10-02 18:55:07,750 - root - INFO - validate roc_auc, 0.8547
2025-10-02 18:55:07,750 - root - INFO - new node validate loss: 0.7990
2025-10-02 18:55:07,750 - root - INFO - new node validate average_precision, 0.7449
2025-10-02 18:55:07,750 - root - INFO - new node validate roc_auc, 0.7454
2025-10-02 18:55:08,586 - root - INFO - test loss: 0.5729
2025-10-02 18:55:08,586 - root - INFO - test average_precision, 0.8162
2025-10-02 18:55:08,586 - root - INFO - best test average_precision: 0.8433
2025-10-02 18:55:08,586 - root - INFO - test roc_auc, 0.8492
2025-10-02 18:55:08,586 - root - INFO - new node test loss: 0.6059
2025-10-02 18:55:08,586 - root - INFO - new node test average_precision, 0.7988
2025-10-02 18:55:08,586 - root - INFO - new node test roc_auc, 0.8161
2025-10-02 18:55:13,726 - root - INFO - Epoch: 77, learning rate: 0.0001, train loss: 0.2956
2025-10-02 18:55:13,727 - root - INFO - train average_precision, 0.9310
2025-10-02 18:55:13,727 - root - INFO - train roc_auc, 0.9418
2025-10-02 18:55:13,727 - root - INFO - validate loss: 0.7303
2025-10-02 18:55:13,727 - root - INFO - validate average_precision, 0.8235
2025-10-02 18:55:13,727 - root - INFO - validate roc_auc, 0.8453
2025-10-02 18:55:13,727 - root - INFO - new node validate loss: 0.8172
2025-10-02 18:55:13,727 - root - INFO - new node validate average_precision, 0.7710
2025-10-02 18:55:13,727 - root - INFO - new node validate roc_auc, 0.7711
2025-10-02 18:55:14,566 - root - INFO - test loss: 0.9266
2025-10-02 18:55:14,566 - root - INFO - test average_precision, 0.7973
2025-10-02 18:55:14,566 - root - INFO - best test average_precision: 0.8433
2025-10-02 18:55:14,566 - root - INFO - test roc_auc, 0.8385
2025-10-02 18:55:14,566 - root - INFO - new node test loss: 1.0621
2025-10-02 18:55:14,566 - root - INFO - new node test average_precision, 0.7490
2025-10-02 18:55:14,566 - root - INFO - new node test roc_auc, 0.7711
2025-10-02 18:55:19,730 - root - INFO - Epoch: 78, learning rate: 0.0001, train loss: 0.2900
2025-10-02 18:55:19,731 - root - INFO - train average_precision, 0.9300
2025-10-02 18:55:19,731 - root - INFO - train roc_auc, 0.9432
2025-10-02 18:55:19,731 - root - INFO - validate loss: 0.5655
2025-10-02 18:55:19,731 - root - INFO - validate average_precision, 0.8351
2025-10-02 18:55:19,731 - root - INFO - validate roc_auc, 0.8594
2025-10-02 18:55:19,731 - root - INFO - new node validate loss: 0.6883
2025-10-02 18:55:19,731 - root - INFO - new node validate average_precision, 0.7817
2025-10-02 18:55:19,731 - root - INFO - new node validate roc_auc, 0.7907
2025-10-02 18:55:20,560 - root - INFO - test loss: 0.9141
2025-10-02 18:55:20,560 - root - INFO - test average_precision, 0.7651
2025-10-02 18:55:20,560 - root - INFO - best test average_precision: 0.8433
2025-10-02 18:55:20,560 - root - INFO - test roc_auc, 0.8109
2025-10-02 18:55:20,560 - root - INFO - new node test loss: 1.0968
2025-10-02 18:55:20,560 - root - INFO - new node test average_precision, 0.7380
2025-10-02 18:55:20,560 - root - INFO - new node test roc_auc, 0.7526
2025-10-02 18:55:25,856 - root - INFO - Epoch: 79, learning rate: 0.0001, train loss: 0.2974
2025-10-02 18:55:25,856 - root - INFO - train average_precision, 0.9259
2025-10-02 18:55:25,857 - root - INFO - train roc_auc, 0.9407
2025-10-02 18:55:25,857 - root - INFO - validate loss: 0.7594
2025-10-02 18:55:25,857 - root - INFO - validate average_precision, 0.7955
2025-10-02 18:55:25,857 - root - INFO - validate roc_auc, 0.8262
2025-10-02 18:55:25,857 - root - INFO - new node validate loss: 0.7717
2025-10-02 18:55:25,857 - root - INFO - new node validate average_precision, 0.7481
2025-10-02 18:55:25,857 - root - INFO - new node validate roc_auc, 0.7439
2025-10-02 18:55:26,691 - root - INFO - test loss: 0.8758
2025-10-02 18:55:26,691 - root - INFO - test average_precision, 0.7635
2025-10-02 18:55:26,691 - root - INFO - best test average_precision: 0.8433
2025-10-02 18:55:26,691 - root - INFO - test roc_auc, 0.8134
2025-10-02 18:55:26,691 - root - INFO - new node test loss: 0.9156
2025-10-02 18:55:26,691 - root - INFO - new node test average_precision, 0.7447
2025-10-02 18:55:26,691 - root - INFO - new node test roc_auc, 0.7679
2025-10-02 18:55:31,974 - root - INFO - Epoch: 80, learning rate: 0.0001, train loss: 0.3170
2025-10-02 18:55:31,974 - root - INFO - train average_precision, 0.9195
2025-10-02 18:55:31,974 - root - INFO - train roc_auc, 0.9331
2025-10-02 18:55:31,974 - root - INFO - validate loss: 0.9751
2025-10-02 18:55:31,974 - root - INFO - validate average_precision, 0.7776
2025-10-02 18:55:31,974 - root - INFO - validate roc_auc, 0.8050
2025-10-02 18:55:31,974 - root - INFO - new node validate loss: 0.8121
2025-10-02 18:55:31,974 - root - INFO - new node validate average_precision, 0.7758
2025-10-02 18:55:31,974 - root - INFO - new node validate roc_auc, 0.7686
2025-10-02 18:55:32,805 - root - INFO - test loss: 1.1892
2025-10-02 18:55:32,805 - root - INFO - test average_precision, 0.7421
2025-10-02 18:55:32,805 - root - INFO - best test average_precision: 0.8433
2025-10-02 18:55:32,805 - root - INFO - test roc_auc, 0.7922
2025-10-02 18:55:32,805 - root - INFO - new node test loss: 1.2634
2025-10-02 18:55:32,805 - root - INFO - new node test average_precision, 0.7374
2025-10-02 18:55:32,805 - root - INFO - new node test roc_auc, 0.7590
2025-10-02 18:55:37,947 - root - INFO - Epoch: 81, learning rate: 0.0001, train loss: 0.3388
2025-10-02 18:55:37,947 - root - INFO - train average_precision, 0.9110
2025-10-02 18:55:37,947 - root - INFO - train roc_auc, 0.9264
2025-10-02 18:55:37,947 - root - INFO - validate loss: 0.7617
2025-10-02 18:55:37,947 - root - INFO - validate average_precision, 0.7962
2025-10-02 18:55:37,947 - root - INFO - validate roc_auc, 0.8251
2025-10-02 18:55:37,947 - root - INFO - new node validate loss: 0.7576
2025-10-02 18:55:37,947 - root - INFO - new node validate average_precision, 0.7756
2025-10-02 18:55:37,947 - root - INFO - new node validate roc_auc, 0.7757
2025-10-02 18:55:38,781 - root - INFO - test loss: 0.8403
2025-10-02 18:55:38,782 - root - INFO - test average_precision, 0.7646
2025-10-02 18:55:38,782 - root - INFO - best test average_precision: 0.8433
2025-10-02 18:55:38,782 - root - INFO - test roc_auc, 0.8146
2025-10-02 18:55:38,782 - root - INFO - new node test loss: 0.8805
2025-10-02 18:55:38,782 - root - INFO - new node test average_precision, 0.7462
2025-10-02 18:55:38,782 - root - INFO - new node test roc_auc, 0.7688
2025-10-02 18:55:44,036 - root - INFO - Epoch: 82, learning rate: 0.0001, train loss: 0.3144
2025-10-02 18:55:44,036 - root - INFO - train average_precision, 0.9198
2025-10-02 18:55:44,037 - root - INFO - train roc_auc, 0.9336
2025-10-02 18:55:44,037 - root - INFO - validate loss: 0.6901
2025-10-02 18:55:44,037 - root - INFO - validate average_precision, 0.8274
2025-10-02 18:55:44,037 - root - INFO - validate roc_auc, 0.8482
2025-10-02 18:55:44,037 - root - INFO - new node validate loss: 0.7643
2025-10-02 18:55:44,037 - root - INFO - new node validate average_precision, 0.7863
2025-10-02 18:55:44,037 - root - INFO - new node validate roc_auc, 0.7824
2025-10-02 18:55:44,865 - root - INFO - test loss: 0.7749
2025-10-02 18:55:44,865 - root - INFO - test average_precision, 0.8191
2025-10-02 18:55:44,865 - root - INFO - best test average_precision: 0.8433
2025-10-02 18:55:44,865 - root - INFO - test roc_auc, 0.8506
2025-10-02 18:55:44,865 - root - INFO - new node test loss: 0.8406
2025-10-02 18:55:44,865 - root - INFO - new node test average_precision, 0.7984
2025-10-02 18:55:44,865 - root - INFO - new node test roc_auc, 0.8114
2025-10-02 18:55:49,947 - root - INFO - Epoch: 83, learning rate: 0.0001, train loss: 0.3001
2025-10-02 18:55:49,947 - root - INFO - train average_precision, 0.9253
2025-10-02 18:55:49,948 - root - INFO - train roc_auc, 0.9390
2025-10-02 18:55:49,948 - root - INFO - validate loss: 0.6765
2025-10-02 18:55:49,948 - root - INFO - validate average_precision, 0.8154
2025-10-02 18:55:49,948 - root - INFO - validate roc_auc, 0.8390
2025-10-02 18:55:49,948 - root - INFO - new node validate loss: 0.8191
2025-10-02 18:55:49,948 - root - INFO - new node validate average_precision, 0.7799
2025-10-02 18:55:49,948 - root - INFO - new node validate roc_auc, 0.7818
2025-10-02 18:55:50,778 - root - INFO - test loss: 0.7935
2025-10-02 18:55:50,778 - root - INFO - test average_precision, 0.7820
2025-10-02 18:55:50,778 - root - INFO - best test average_precision: 0.8433
2025-10-02 18:55:50,779 - root - INFO - test roc_auc, 0.8203
2025-10-02 18:55:50,779 - root - INFO - new node test loss: 0.9348
2025-10-02 18:55:50,779 - root - INFO - new node test average_precision, 0.7700
2025-10-02 18:55:50,779 - root - INFO - new node test roc_auc, 0.7849
2025-10-02 18:55:55,956 - root - INFO - Epoch: 84, learning rate: 0.0001, train loss: 0.3012
2025-10-02 18:55:55,956 - root - INFO - train average_precision, 0.9276
2025-10-02 18:55:55,956 - root - INFO - train roc_auc, 0.9398
2025-10-02 18:55:55,956 - root - INFO - validate loss: 0.4980
2025-10-02 18:55:55,956 - root - INFO - validate average_precision, 0.8326
2025-10-02 18:55:55,956 - root - INFO - validate roc_auc, 0.8570
2025-10-02 18:55:55,956 - root - INFO - new node validate loss: 0.7186
2025-10-02 18:55:55,956 - root - INFO - new node validate average_precision, 0.7830
2025-10-02 18:55:55,956 - root - INFO - new node validate roc_auc, 0.7870
2025-10-02 18:55:56,785 - root - INFO - test loss: 0.5660
2025-10-02 18:55:56,785 - root - INFO - test average_precision, 0.7846
2025-10-02 18:55:56,785 - root - INFO - best test average_precision: 0.8433
2025-10-02 18:55:56,785 - root - INFO - test roc_auc, 0.8203
2025-10-02 18:55:56,785 - root - INFO - new node test loss: 0.6263
2025-10-02 18:55:56,785 - root - INFO - new node test average_precision, 0.7804
2025-10-02 18:55:56,785 - root - INFO - new node test roc_auc, 0.7919
2025-10-02 18:56:02,036 - root - INFO - Epoch: 85, learning rate: 0.0001, train loss: 0.3185
2025-10-02 18:56:02,036 - root - INFO - train average_precision, 0.9175
2025-10-02 18:56:02,036 - root - INFO - train roc_auc, 0.9329
2025-10-02 18:56:02,036 - root - INFO - validate loss: 0.6762
2025-10-02 18:56:02,036 - root - INFO - validate average_precision, 0.8254
2025-10-02 18:56:02,037 - root - INFO - validate roc_auc, 0.8490
2025-10-02 18:56:02,037 - root - INFO - new node validate loss: 0.7855
2025-10-02 18:56:02,037 - root - INFO - new node validate average_precision, 0.7744
2025-10-02 18:56:02,037 - root - INFO - new node validate roc_auc, 0.7830
2025-10-02 18:56:02,870 - root - INFO - test loss: 0.7557
2025-10-02 18:56:02,871 - root - INFO - test average_precision, 0.8130
2025-10-02 18:56:02,871 - root - INFO - best test average_precision: 0.8433
2025-10-02 18:56:02,871 - root - INFO - test roc_auc, 0.8532
2025-10-02 18:56:02,871 - root - INFO - new node test loss: 1.0399
2025-10-02 18:56:02,871 - root - INFO - new node test average_precision, 0.7269
2025-10-02 18:56:02,871 - root - INFO - new node test roc_auc, 0.7529
2025-10-02 18:56:07,962 - root - INFO - Epoch: 86, learning rate: 0.0001, train loss: 0.2989
2025-10-02 18:56:07,962 - root - INFO - train average_precision, 0.9252
2025-10-02 18:56:07,962 - root - INFO - train roc_auc, 0.9401
2025-10-02 18:56:07,962 - root - INFO - validate loss: 0.5124
2025-10-02 18:56:07,962 - root - INFO - validate average_precision, 0.8452
2025-10-02 18:56:07,962 - root - INFO - validate roc_auc, 0.8621
2025-10-02 18:56:07,962 - root - INFO - new node validate loss: 0.6982
2025-10-02 18:56:07,962 - root - INFO - new node validate average_precision, 0.7782
2025-10-02 18:56:07,962 - root - INFO - new node validate roc_auc, 0.7828
2025-10-02 18:56:08,796 - root - INFO - test loss: 0.6209
2025-10-02 18:56:08,796 - root - INFO - test average_precision, 0.7965
2025-10-02 18:56:08,797 - root - INFO - best test average_precision: 0.8433
2025-10-02 18:56:08,797 - root - INFO - test roc_auc, 0.8367
2025-10-02 18:56:08,797 - root - INFO - new node test loss: 0.6104
2025-10-02 18:56:08,797 - root - INFO - new node test average_precision, 0.7829
2025-10-02 18:56:08,797 - root - INFO - new node test roc_auc, 0.8065
2025-10-02 18:56:14,048 - root - INFO - Epoch: 87, learning rate: 0.0001, train loss: 0.2817
2025-10-02 18:56:14,048 - root - INFO - train average_precision, 0.9336
2025-10-02 18:56:14,048 - root - INFO - train roc_auc, 0.9461
2025-10-02 18:56:14,048 - root - INFO - validate loss: 0.6350
2025-10-02 18:56:14,048 - root - INFO - validate average_precision, 0.8258
2025-10-02 18:56:14,048 - root - INFO - validate roc_auc, 0.8520
2025-10-02 18:56:14,048 - root - INFO - new node validate loss: 0.8262
2025-10-02 18:56:14,048 - root - INFO - new node validate average_precision, 0.7481
2025-10-02 18:56:14,048 - root - INFO - new node validate roc_auc, 0.7598
2025-10-02 18:56:14,886 - root - INFO - test loss: 0.7480
2025-10-02 18:56:14,887 - root - INFO - test average_precision, 0.7914
2025-10-02 18:56:14,887 - root - INFO - best test average_precision: 0.8433
2025-10-02 18:56:14,887 - root - INFO - test roc_auc, 0.8362
2025-10-02 18:56:14,887 - root - INFO - new node test loss: 0.8277
2025-10-02 18:56:14,887 - root - INFO - new node test average_precision, 0.7866
2025-10-02 18:56:14,887 - root - INFO - new node test roc_auc, 0.8066
2025-10-02 18:56:20,003 - root - INFO - Epoch: 88, learning rate: 0.0001, train loss: 0.2880
2025-10-02 18:56:20,003 - root - INFO - train average_precision, 0.9309
2025-10-02 18:56:20,003 - root - INFO - train roc_auc, 0.9443
2025-10-02 18:56:20,003 - root - INFO - validate loss: 0.5780
2025-10-02 18:56:20,004 - root - INFO - validate average_precision, 0.8281
2025-10-02 18:56:20,004 - root - INFO - validate roc_auc, 0.8484
2025-10-02 18:56:20,004 - root - INFO - new node validate loss: 0.7527
2025-10-02 18:56:20,004 - root - INFO - new node validate average_precision, 0.7606
2025-10-02 18:56:20,004 - root - INFO - new node validate roc_auc, 0.7623
2025-10-02 18:56:20,832 - root - INFO - test loss: 0.7852
2025-10-02 18:56:20,832 - root - INFO - test average_precision, 0.7788
2025-10-02 18:56:20,832 - root - INFO - best test average_precision: 0.8433
2025-10-02 18:56:20,832 - root - INFO - test roc_auc, 0.8224
2025-10-02 18:56:20,832 - root - INFO - new node test loss: 0.7433
2025-10-02 18:56:20,832 - root - INFO - new node test average_precision, 0.7786
2025-10-02 18:56:20,832 - root - INFO - new node test roc_auc, 0.7967
2025-10-02 18:56:26,032 - root - INFO - Epoch: 89, learning rate: 0.0001, train loss: 0.2857
2025-10-02 18:56:26,033 - root - INFO - train average_precision, 0.9332
2025-10-02 18:56:26,033 - root - INFO - train roc_auc, 0.9447
2025-10-02 18:56:26,033 - root - INFO - validate loss: 0.9470
2025-10-02 18:56:26,033 - root - INFO - validate average_precision, 0.7836
2025-10-02 18:56:26,033 - root - INFO - validate roc_auc, 0.8120
2025-10-02 18:56:26,033 - root - INFO - new node validate loss: 0.9383
2025-10-02 18:56:26,033 - root - INFO - new node validate average_precision, 0.7412
2025-10-02 18:56:26,033 - root - INFO - new node validate roc_auc, 0.7481
2025-10-02 18:56:26,869 - root - INFO - test loss: 1.0154
2025-10-02 18:56:26,869 - root - INFO - test average_precision, 0.7632
2025-10-02 18:56:26,869 - root - INFO - best test average_precision: 0.8433
2025-10-02 18:56:26,869 - root - INFO - test roc_auc, 0.8126
2025-10-02 18:56:26,869 - root - INFO - new node test loss: 1.0923
2025-10-02 18:56:26,869 - root - INFO - new node test average_precision, 0.7567
2025-10-02 18:56:26,869 - root - INFO - new node test roc_auc, 0.7728
2025-10-02 18:56:32,063 - root - INFO - Epoch: 90, learning rate: 0.0001, train loss: 0.2953
2025-10-02 18:56:32,063 - root - INFO - train average_precision, 0.9287
2025-10-02 18:56:32,064 - root - INFO - train roc_auc, 0.9411
2025-10-02 18:56:32,064 - root - INFO - validate loss: 0.9455
2025-10-02 18:56:32,064 - root - INFO - validate average_precision, 0.7757
2025-10-02 18:56:32,064 - root - INFO - validate roc_auc, 0.8079
2025-10-02 18:56:32,064 - root - INFO - new node validate loss: 0.8676
2025-10-02 18:56:32,064 - root - INFO - new node validate average_precision, 0.7784
2025-10-02 18:56:32,064 - root - INFO - new node validate roc_auc, 0.7833
2025-10-02 18:56:32,894 - root - INFO - test loss: 1.0816
2025-10-02 18:56:32,894 - root - INFO - test average_precision, 0.7476
2025-10-02 18:56:32,894 - root - INFO - best test average_precision: 0.8433
2025-10-02 18:56:32,894 - root - INFO - test roc_auc, 0.8016
2025-10-02 18:56:32,894 - root - INFO - new node test loss: 1.1790
2025-10-02 18:56:32,894 - root - INFO - new node test average_precision, 0.7485
2025-10-02 18:56:32,895 - root - INFO - new node test roc_auc, 0.7704
2025-10-02 18:56:32,895 - root - INFO - load model ./saved_models/JODIE/enron/JODIE_mercer_seed4/JODIE_mercer_seed4.pkl
2025-10-02 18:56:33,009 - root - INFO - get final performance on dataset enron...
2025-10-02 18:56:33,844 - root - INFO - test loss: 0.6180
2025-10-02 18:56:33,844 - root - INFO - test average_precision, 0.8131
2025-10-02 18:56:33,845 - root - INFO - test roc_auc, 0.8515
2025-10-02 18:56:33,845 - root - INFO - new node test loss: 0.7512
2025-10-02 18:56:33,845 - root - INFO - new node test average_precision, 0.7820
2025-10-02 18:56:33,845 - root - INFO - new node test roc_auc, 0.7948
2025-10-02 18:56:33,845 - root - INFO - Run 5 cost 543.68 seconds.
2025-10-02 18:56:33,849 - root - INFO - metrics over 5 runs:
2025-10-02 18:56:33,849 - root - INFO - test average_precision, [np.float64(0.8245104978347376), np.float64(0.8311925063545174), np.float64(0.8482749980315976), np.float64(0.8446196049581575), np.float64(0.813137060646636)]
2025-10-02 18:56:33,849 - root - INFO - average test average_precision, 0.8323 ± 0.0145
2025-10-02 18:56:33,849 - root - INFO - test roc_auc, [np.float64(0.8487632569782264), np.float64(0.8628427341552302), np.float64(0.8726954267558242), np.float64(0.8703033528316988), np.float64(0.8515254883009806)]
2025-10-02 18:56:33,849 - root - INFO - average test roc_auc, 0.8612 ± 0.0108
2025-10-02 18:56:33,849 - root - INFO - new node test average_precision, [np.float64(0.7952773105081032), np.float64(0.7856495146368985), np.float64(0.7927658326704264), np.float64(0.7774258689425445), np.float64(0.7820168947461744)]
2025-10-02 18:56:33,849 - root - INFO - average new node test average_precision, 0.7866 ± 0.0074
2025-10-02 18:56:33,849 - root - INFO - new node test roc_auc, [np.float64(0.807560164141414), np.float64(0.8092282196969696), np.float64(0.7962063762626261), np.float64(0.7845938762626262), np.float64(0.7948004419191919)]
2025-10-02 18:56:33,849 - root - INFO - average new node test roc_auc, 0.7985 ± 0.0101
