2025-09-30 06:35:28,884 - root - INFO - ********** Run 1 starts. **********
2025-09-30 06:35:28,884 - root - INFO - configuration is Namespace(dataset_name='mooc', batch_size=200, model_name='TGAT', gpu=0, num_neighbors=20, sample_neighbor_strategy='recent', time_scaling_factor=1e-06, num_walk_heads=8, num_heads=2, num_layers=2, walk_length=1, time_gap=2000, time_feat_dim=128, position_feat_dim=172, time_window_mode='fixed_proportion', time_encoder_type='bochner', expert_dim=64, num_mixtures=4, patch_size=1, channel_embedding_dim=50, max_input_sequence_length=32, learning_rate=0.0001, dropout=0.1, gamma=0.5, num_epochs=100, optimizer='Adam', weight_decay=0.0, patience=20, val_ratio=0.15, test_ratio=0.15, num_runs=5, test_interval_epochs=1, negative_sample_strategy='random', max_interaction_times=10, load_best_configs=True, device='cuda:0', seed=0, save_model_name='TGAT_seed0')
2025-09-30 06:35:28,884 - root - INFO - time encoder type: bochner
2025-09-30 06:35:29,171 - root - INFO - model -> Sequential(
  (0): TGAT(
    (time_encoder): TimeEncoderWrapper(
      (encoder): BochnerTimeEncoder()
    )
    (temporal_conv_layers): ModuleList(
      (0-1): 2 x MultiHeadAttention(
        (query_projection): Linear(in_features=300, out_features=300, bias=False)
        (key_projection): Linear(in_features=472, out_features=300, bias=False)
        (value_projection): Linear(in_features=472, out_features=300, bias=False)
        (layer_norm): LayerNorm((300,), eps=1e-05, elementwise_affine=True)
        (residual_fc): Linear(in_features=300, out_features=300, bias=True)
        (dropout): Dropout(p=0.1, inplace=False)
      )
    )
    (merge_layers): ModuleList(
      (0-1): 2 x MergeLayer(
        (fc1): Linear(in_features=472, out_features=172, bias=True)
        (fc2): Linear(in_features=172, out_features=172, bias=True)
        (act): ReLU()
      )
    )
  )
  (1): MergeLayer(
    (fc1): Linear(in_features=344, out_features=172, bias=True)
    (fc2): Linear(in_features=172, out_features=1, bias=True)
    (act): ReLU()
  )
)
2025-09-30 06:35:29,172 - root - INFO - model name: TGAT, #parameters: 4839752 B, 4726.3203125 KB, 4.615547180175781 MB.
2025-09-30 06:39:10,303 - root - INFO - Epoch: 1, learning rate: 0.0001, train loss: 0.4417
2025-09-30 06:39:10,304 - root - INFO - train average_precision, 0.7743
2025-09-30 06:39:10,304 - root - INFO - train roc_auc, 0.8287
2025-09-30 06:39:10,304 - root - INFO - validate loss: 0.5398
2025-09-30 06:39:10,304 - root - INFO - validate average_precision, 0.7520
2025-09-30 06:39:10,304 - root - INFO - validate roc_auc, 0.7909
2025-09-30 06:39:10,304 - root - INFO - new node validate loss: 0.5833
2025-09-30 06:39:10,304 - root - INFO - new node validate average_precision, 0.7168
2025-09-30 06:39:10,304 - root - INFO - new node validate roc_auc, 0.7516
2025-09-30 06:40:01,693 - root - INFO - test loss: 0.5652
2025-09-30 06:40:01,693 - root - INFO - test average_precision, 0.7370
2025-09-30 06:40:01,694 - root - INFO - best test average_precision: 0.7370
2025-09-30 06:40:01,694 - root - INFO - test roc_auc, 0.7703
2025-09-30 06:40:01,694 - root - INFO - new node test loss: 0.5766
2025-09-30 06:40:01,694 - root - INFO - new node test average_precision, 0.7224
2025-09-30 06:40:01,694 - root - INFO - new node test roc_auc, 0.7585
2025-09-30 06:40:01,694 - root - INFO - save model ./saved_models/TGAT/mooc/TGAT_seed0/TGAT_seed0.pkl
2025-09-30 06:43:40,994 - root - INFO - Epoch: 2, learning rate: 0.0001, train loss: 0.3884
2025-09-30 06:43:40,994 - root - INFO - train average_precision, 0.8441
2025-09-30 06:43:40,994 - root - INFO - train roc_auc, 0.8777
2025-09-30 06:43:40,994 - root - INFO - validate loss: 0.5117
2025-09-30 06:43:40,995 - root - INFO - validate average_precision, 0.7874
2025-09-30 06:43:40,995 - root - INFO - validate roc_auc, 0.8172
2025-09-30 06:43:40,995 - root - INFO - new node validate loss: 0.5469
2025-09-30 06:43:40,995 - root - INFO - new node validate average_precision, 0.7637
2025-09-30 06:43:40,995 - root - INFO - new node validate roc_auc, 0.7875
2025-09-30 06:44:32,481 - root - INFO - test loss: 0.5349
2025-09-30 06:44:32,481 - root - INFO - test average_precision, 0.7756
2025-09-30 06:44:32,481 - root - INFO - best test average_precision: 0.7756
2025-09-30 06:44:32,481 - root - INFO - test roc_auc, 0.8009
2025-09-30 06:44:32,482 - root - INFO - new node test loss: 0.5408
2025-09-30 06:44:32,482 - root - INFO - new node test average_precision, 0.7675
2025-09-30 06:44:32,482 - root - INFO - new node test roc_auc, 0.7945
2025-09-30 06:44:32,482 - root - INFO - save model ./saved_models/TGAT/mooc/TGAT_seed0/TGAT_seed0.pkl
2025-09-30 06:48:11,042 - root - INFO - Epoch: 3, learning rate: 0.0001, train loss: 0.3767
2025-09-30 06:48:11,043 - root - INFO - train average_precision, 0.8561
2025-09-30 06:48:11,043 - root - INFO - train roc_auc, 0.8854
2025-09-30 06:48:11,043 - root - INFO - validate loss: 0.5028
2025-09-30 06:48:11,043 - root - INFO - validate average_precision, 0.7972
2025-09-30 06:48:11,043 - root - INFO - validate roc_auc, 0.8238
2025-09-30 06:48:11,043 - root - INFO - new node validate loss: 0.5353
2025-09-30 06:48:11,043 - root - INFO - new node validate average_precision, 0.7769
2025-09-30 06:48:11,043 - root - INFO - new node validate roc_auc, 0.7972
2025-09-30 06:49:02,493 - root - INFO - test loss: 0.5265
2025-09-30 06:49:02,494 - root - INFO - test average_precision, 0.7859
2025-09-30 06:49:02,494 - root - INFO - best test average_precision: 0.7859
2025-09-30 06:49:02,494 - root - INFO - test roc_auc, 0.8077
2025-09-30 06:49:02,494 - root - INFO - new node test loss: 0.5334
2025-09-30 06:49:02,494 - root - INFO - new node test average_precision, 0.7791
2025-09-30 06:49:02,494 - root - INFO - new node test roc_auc, 0.8018
2025-09-30 06:49:02,494 - root - INFO - save model ./saved_models/TGAT/mooc/TGAT_seed0/TGAT_seed0.pkl
2025-09-30 06:52:41,970 - root - INFO - Epoch: 4, learning rate: 0.0001, train loss: 0.3729
2025-09-30 06:52:41,970 - root - INFO - train average_precision, 0.8609
2025-09-30 06:52:41,971 - root - INFO - train roc_auc, 0.8887
2025-09-30 06:52:41,971 - root - INFO - validate loss: 0.4959
2025-09-30 06:52:41,971 - root - INFO - validate average_precision, 0.8049
2025-09-30 06:52:41,971 - root - INFO - validate roc_auc, 0.8299
2025-09-30 06:52:41,971 - root - INFO - new node validate loss: 0.5228
2025-09-30 06:52:41,971 - root - INFO - new node validate average_precision, 0.7890
2025-09-30 06:52:41,971 - root - INFO - new node validate roc_auc, 0.8084
2025-09-30 06:53:33,561 - root - INFO - test loss: 0.5187
2025-09-30 06:53:33,562 - root - INFO - test average_precision, 0.7942
2025-09-30 06:53:33,562 - root - INFO - best test average_precision: 0.7942
2025-09-30 06:53:33,562 - root - INFO - test roc_auc, 0.8145
2025-09-30 06:53:33,562 - root - INFO - new node test loss: 0.5213
2025-09-30 06:53:33,562 - root - INFO - new node test average_precision, 0.7891
2025-09-30 06:53:33,562 - root - INFO - new node test roc_auc, 0.8113
2025-09-30 06:53:33,562 - root - INFO - save model ./saved_models/TGAT/mooc/TGAT_seed0/TGAT_seed0.pkl
2025-09-30 06:57:12,686 - root - INFO - Epoch: 5, learning rate: 0.0001, train loss: 0.3689
2025-09-30 06:57:12,687 - root - INFO - train average_precision, 0.8650
2025-09-30 06:57:12,687 - root - INFO - train roc_auc, 0.8913
2025-09-30 06:57:12,687 - root - INFO - validate loss: 0.4959
2025-09-30 06:57:12,687 - root - INFO - validate average_precision, 0.8091
2025-09-30 06:57:12,687 - root - INFO - validate roc_auc, 0.8306
2025-09-30 06:57:12,687 - root - INFO - new node validate loss: 0.5246
2025-09-30 06:57:12,687 - root - INFO - new node validate average_precision, 0.7918
2025-09-30 06:57:12,687 - root - INFO - new node validate roc_auc, 0.8079
2025-09-30 06:58:04,232 - root - INFO - test loss: 0.5163
2025-09-30 06:58:04,232 - root - INFO - test average_precision, 0.7994
2025-09-30 06:58:04,232 - root - INFO - best test average_precision: 0.7994
2025-09-30 06:58:04,232 - root - INFO - test roc_auc, 0.8167
2025-09-30 06:58:04,232 - root - INFO - new node test loss: 0.5201
2025-09-30 06:58:04,232 - root - INFO - new node test average_precision, 0.7939
2025-09-30 06:58:04,232 - root - INFO - new node test roc_auc, 0.8122
2025-09-30 06:58:04,232 - root - INFO - save model ./saved_models/TGAT/mooc/TGAT_seed0/TGAT_seed0.pkl
2025-09-30 07:01:44,093 - root - INFO - Epoch: 6, learning rate: 0.0001, train loss: 0.3639
2025-09-30 07:01:44,094 - root - INFO - train average_precision, 0.8698
2025-09-30 07:01:44,094 - root - INFO - train roc_auc, 0.8947
2025-09-30 07:01:44,094 - root - INFO - validate loss: 0.4902
2025-09-30 07:01:44,095 - root - INFO - validate average_precision, 0.8134
2025-09-30 07:01:44,095 - root - INFO - validate roc_auc, 0.8345
2025-09-30 07:01:44,095 - root - INFO - new node validate loss: 0.5180
2025-09-30 07:01:44,095 - root - INFO - new node validate average_precision, 0.7972
2025-09-30 07:01:44,095 - root - INFO - new node validate roc_auc, 0.8127
2025-09-30 07:02:35,479 - root - INFO - test loss: 0.5122
2025-09-30 07:02:35,479 - root - INFO - test average_precision, 0.8025
2025-09-30 07:02:35,479 - root - INFO - best test average_precision: 0.8025
2025-09-30 07:02:35,479 - root - INFO - test roc_auc, 0.8192
2025-09-30 07:02:35,479 - root - INFO - new node test loss: 0.5166
2025-09-30 07:02:35,479 - root - INFO - new node test average_precision, 0.7968
2025-09-30 07:02:35,479 - root - INFO - new node test roc_auc, 0.8145
2025-09-30 07:02:35,480 - root - INFO - save model ./saved_models/TGAT/mooc/TGAT_seed0/TGAT_seed0.pkl
2025-09-30 07:06:15,160 - root - INFO - Epoch: 7, learning rate: 0.0001, train loss: 0.3625
2025-09-30 07:06:15,160 - root - INFO - train average_precision, 0.8714
2025-09-30 07:06:15,161 - root - INFO - train roc_auc, 0.8957
2025-09-30 07:06:15,161 - root - INFO - validate loss: 0.4786
2025-09-30 07:06:15,161 - root - INFO - validate average_precision, 0.8219
2025-09-30 07:06:15,161 - root - INFO - validate roc_auc, 0.8425
2025-09-30 07:06:15,161 - root - INFO - new node validate loss: 0.5053
2025-09-30 07:06:15,161 - root - INFO - new node validate average_precision, 0.8068
2025-09-30 07:06:15,161 - root - INFO - new node validate roc_auc, 0.8232
2025-09-30 07:07:06,604 - root - INFO - test loss: 0.5021
2025-09-30 07:07:06,604 - root - INFO - test average_precision, 0.8105
2025-09-30 07:07:06,604 - root - INFO - best test average_precision: 0.8105
2025-09-30 07:07:06,604 - root - INFO - test roc_auc, 0.8264
2025-09-30 07:07:06,604 - root - INFO - new node test loss: 0.5067
2025-09-30 07:07:06,604 - root - INFO - new node test average_precision, 0.8061
2025-09-30 07:07:06,604 - root - INFO - new node test roc_auc, 0.8230
2025-09-30 07:07:06,605 - root - INFO - save model ./saved_models/TGAT/mooc/TGAT_seed0/TGAT_seed0.pkl
2025-09-30 07:10:46,298 - root - INFO - Epoch: 8, learning rate: 0.0001, train loss: 0.3596
2025-09-30 07:10:46,299 - root - INFO - train average_precision, 0.8741
2025-09-30 07:10:46,299 - root - INFO - train roc_auc, 0.8977
2025-09-30 07:10:46,299 - root - INFO - validate loss: 0.4810
2025-09-30 07:10:46,299 - root - INFO - validate average_precision, 0.8198
2025-09-30 07:10:46,299 - root - INFO - validate roc_auc, 0.8399
2025-09-30 07:10:46,299 - root - INFO - new node validate loss: 0.5102
2025-09-30 07:10:46,300 - root - INFO - new node validate average_precision, 0.8032
2025-09-30 07:10:46,300 - root - INFO - new node validate roc_auc, 0.8194
2025-09-30 07:11:37,765 - root - INFO - test loss: 0.5041
2025-09-30 07:11:37,765 - root - INFO - test average_precision, 0.8098
2025-09-30 07:11:37,765 - root - INFO - best test average_precision: 0.8105
2025-09-30 07:11:37,765 - root - INFO - test roc_auc, 0.8255
2025-09-30 07:11:37,765 - root - INFO - new node test loss: 0.5087
2025-09-30 07:11:37,765 - root - INFO - new node test average_precision, 0.8047
2025-09-30 07:11:37,765 - root - INFO - new node test roc_auc, 0.8213
2025-09-30 07:15:16,550 - root - INFO - Epoch: 9, learning rate: 0.0001, train loss: 0.3580
2025-09-30 07:15:16,551 - root - INFO - train average_precision, 0.8757
2025-09-30 07:15:16,551 - root - INFO - train roc_auc, 0.8986
2025-09-30 07:15:16,551 - root - INFO - validate loss: 0.4741
2025-09-30 07:15:16,551 - root - INFO - validate average_precision, 0.8261
2025-09-30 07:15:16,551 - root - INFO - validate roc_auc, 0.8456
2025-09-30 07:15:16,551 - root - INFO - new node validate loss: 0.5024
2025-09-30 07:15:16,552 - root - INFO - new node validate average_precision, 0.8094
2025-09-30 07:15:16,552 - root - INFO - new node validate roc_auc, 0.8255
2025-09-30 07:16:08,069 - root - INFO - test loss: 0.4958
2025-09-30 07:16:08,069 - root - INFO - test average_precision, 0.8167
2025-09-30 07:16:08,069 - root - INFO - best test average_precision: 0.8167
2025-09-30 07:16:08,069 - root - INFO - test roc_auc, 0.8320
2025-09-30 07:16:08,069 - root - INFO - new node test loss: 0.5017
2025-09-30 07:16:08,069 - root - INFO - new node test average_precision, 0.8102
2025-09-30 07:16:08,069 - root - INFO - new node test roc_auc, 0.8266
2025-09-30 07:16:08,069 - root - INFO - save model ./saved_models/TGAT/mooc/TGAT_seed0/TGAT_seed0.pkl
2025-09-30 07:19:47,014 - root - INFO - Epoch: 10, learning rate: 0.0001, train loss: 0.3564
2025-09-30 07:19:47,015 - root - INFO - train average_precision, 0.8772
2025-09-30 07:19:47,015 - root - INFO - train roc_auc, 0.9000
2025-09-30 07:19:47,015 - root - INFO - validate loss: 0.4692
2025-09-30 07:19:47,015 - root - INFO - validate average_precision, 0.8309
2025-09-30 07:19:47,015 - root - INFO - validate roc_auc, 0.8499
2025-09-30 07:19:47,015 - root - INFO - new node validate loss: 0.4955
2025-09-30 07:19:47,015 - root - INFO - new node validate average_precision, 0.8167
2025-09-30 07:19:47,015 - root - INFO - new node validate roc_auc, 0.8321
2025-09-30 07:20:38,609 - root - INFO - test loss: 0.4906
2025-09-30 07:20:38,609 - root - INFO - test average_precision, 0.8208
2025-09-30 07:20:38,610 - root - INFO - best test average_precision: 0.8208
2025-09-30 07:20:38,610 - root - INFO - test roc_auc, 0.8360
2025-09-30 07:20:38,610 - root - INFO - new node test loss: 0.4948
2025-09-30 07:20:38,610 - root - INFO - new node test average_precision, 0.8164
2025-09-30 07:20:38,610 - root - INFO - new node test roc_auc, 0.8323
2025-09-30 07:20:38,610 - root - INFO - save model ./saved_models/TGAT/mooc/TGAT_seed0/TGAT_seed0.pkl
2025-09-30 07:24:17,748 - root - INFO - Epoch: 11, learning rate: 0.0001, train loss: 0.3538
2025-09-30 07:24:17,748 - root - INFO - train average_precision, 0.8794
2025-09-30 07:24:17,748 - root - INFO - train roc_auc, 0.9016
2025-09-30 07:24:17,748 - root - INFO - validate loss: 0.4702
2025-09-30 07:24:17,749 - root - INFO - validate average_precision, 0.8298
2025-09-30 07:24:17,749 - root - INFO - validate roc_auc, 0.8490
2025-09-30 07:24:17,749 - root - INFO - new node validate loss: 0.4978
2025-09-30 07:24:17,749 - root - INFO - new node validate average_precision, 0.8138
2025-09-30 07:24:17,749 - root - INFO - new node validate roc_auc, 0.8301
2025-09-30 07:25:09,183 - root - INFO - test loss: 0.4920
2025-09-30 07:25:09,184 - root - INFO - test average_precision, 0.8202
2025-09-30 07:25:09,184 - root - INFO - best test average_precision: 0.8208
2025-09-30 07:25:09,184 - root - INFO - test roc_auc, 0.8356
2025-09-30 07:25:09,184 - root - INFO - new node test loss: 0.4968
2025-09-30 07:25:09,184 - root - INFO - new node test average_precision, 0.8141
2025-09-30 07:25:09,184 - root - INFO - new node test roc_auc, 0.8310
2025-09-30 07:28:48,436 - root - INFO - Epoch: 12, learning rate: 0.0001, train loss: 0.3529
2025-09-30 07:28:48,437 - root - INFO - train average_precision, 0.8801
2025-09-30 07:28:48,437 - root - INFO - train roc_auc, 0.9022
2025-09-30 07:28:48,438 - root - INFO - validate loss: 0.4687
2025-09-30 07:28:48,438 - root - INFO - validate average_precision, 0.8312
2025-09-30 07:28:48,438 - root - INFO - validate roc_auc, 0.8508
2025-09-30 07:28:48,438 - root - INFO - new node validate loss: 0.4933
2025-09-30 07:28:48,438 - root - INFO - new node validate average_precision, 0.8178
2025-09-30 07:28:48,438 - root - INFO - new node validate roc_auc, 0.8338
2025-09-30 07:29:39,868 - root - INFO - test loss: 0.4900
2025-09-30 07:29:39,868 - root - INFO - test average_precision, 0.8217
2025-09-30 07:29:39,868 - root - INFO - best test average_precision: 0.8217
2025-09-30 07:29:39,869 - root - INFO - test roc_auc, 0.8368
2025-09-30 07:29:39,869 - root - INFO - new node test loss: 0.4943
2025-09-30 07:29:39,869 - root - INFO - new node test average_precision, 0.8169
2025-09-30 07:29:39,869 - root - INFO - new node test roc_auc, 0.8335
2025-09-30 07:29:39,869 - root - INFO - save model ./saved_models/TGAT/mooc/TGAT_seed0/TGAT_seed0.pkl
2025-09-30 07:33:18,773 - root - INFO - Epoch: 13, learning rate: 0.0001, train loss: 0.3515
2025-09-30 07:33:18,773 - root - INFO - train average_precision, 0.8812
2025-09-30 07:33:18,773 - root - INFO - train roc_auc, 0.9032
2025-09-30 07:33:18,773 - root - INFO - validate loss: 0.4729
2025-09-30 07:33:18,774 - root - INFO - validate average_precision, 0.8277
2025-09-30 07:33:18,774 - root - INFO - validate roc_auc, 0.8470
2025-09-30 07:33:18,774 - root - INFO - new node validate loss: 0.4991
2025-09-30 07:33:18,774 - root - INFO - new node validate average_precision, 0.8142
2025-09-30 07:33:18,774 - root - INFO - new node validate roc_auc, 0.8299
2025-09-30 07:34:10,227 - root - INFO - test loss: 0.4927
2025-09-30 07:34:10,227 - root - INFO - test average_precision, 0.8196
2025-09-30 07:34:10,227 - root - INFO - best test average_precision: 0.8217
2025-09-30 07:34:10,227 - root - INFO - test roc_auc, 0.8349
2025-09-30 07:34:10,227 - root - INFO - new node test loss: 0.4960
2025-09-30 07:34:10,227 - root - INFO - new node test average_precision, 0.8157
2025-09-30 07:34:10,228 - root - INFO - new node test roc_auc, 0.8318
2025-09-30 07:37:50,270 - root - INFO - Epoch: 14, learning rate: 0.0001, train loss: 0.3491
2025-09-30 07:37:50,271 - root - INFO - train average_precision, 0.8833
2025-09-30 07:37:50,271 - root - INFO - train roc_auc, 0.9047
2025-09-30 07:37:50,271 - root - INFO - validate loss: 0.4665
2025-09-30 07:37:50,271 - root - INFO - validate average_precision, 0.8339
2025-09-30 07:37:50,271 - root - INFO - validate roc_auc, 0.8533
2025-09-30 07:37:50,271 - root - INFO - new node validate loss: 0.4916
2025-09-30 07:37:50,272 - root - INFO - new node validate average_precision, 0.8200
2025-09-30 07:37:50,272 - root - INFO - new node validate roc_auc, 0.8359
2025-09-30 07:38:41,628 - root - INFO - test loss: 0.4870
2025-09-30 07:38:41,629 - root - INFO - test average_precision, 0.8248
2025-09-30 07:38:41,629 - root - INFO - best test average_precision: 0.8248
2025-09-30 07:38:41,629 - root - INFO - test roc_auc, 0.8401
2025-09-30 07:38:41,629 - root - INFO - new node test loss: 0.4904
2025-09-30 07:38:41,629 - root - INFO - new node test average_precision, 0.8198
2025-09-30 07:38:41,629 - root - INFO - new node test roc_auc, 0.8366
2025-09-30 07:38:41,629 - root - INFO - save model ./saved_models/TGAT/mooc/TGAT_seed0/TGAT_seed0.pkl
2025-09-30 07:42:22,252 - root - INFO - Epoch: 15, learning rate: 0.0001, train loss: 0.3482
2025-09-30 07:42:22,253 - root - INFO - train average_precision, 0.8831
2025-09-30 07:42:22,253 - root - INFO - train roc_auc, 0.9049
2025-09-30 07:42:22,253 - root - INFO - validate loss: 0.4715
2025-09-30 07:42:22,253 - root - INFO - validate average_precision, 0.8331
2025-09-30 07:42:22,253 - root - INFO - validate roc_auc, 0.8511
2025-09-30 07:42:22,253 - root - INFO - new node validate loss: 0.4950
2025-09-30 07:42:22,253 - root - INFO - new node validate average_precision, 0.8207
2025-09-30 07:42:22,253 - root - INFO - new node validate roc_auc, 0.8336
2025-09-30 07:43:13,748 - root - INFO - test loss: 0.4901
2025-09-30 07:43:13,748 - root - INFO - test average_precision, 0.8251
2025-09-30 07:43:13,749 - root - INFO - best test average_precision: 0.8251
2025-09-30 07:43:13,749 - root - INFO - test roc_auc, 0.8383
2025-09-30 07:43:13,749 - root - INFO - new node test loss: 0.4948
2025-09-30 07:43:13,749 - root - INFO - new node test average_precision, 0.8204
2025-09-30 07:43:13,749 - root - INFO - new node test roc_auc, 0.8341
2025-09-30 07:46:53,917 - root - INFO - Epoch: 16, learning rate: 0.0001, train loss: 0.3461
2025-09-30 07:46:53,918 - root - INFO - train average_precision, 0.8851
2025-09-30 07:46:53,918 - root - INFO - train roc_auc, 0.9066
2025-09-30 07:46:53,918 - root - INFO - validate loss: 0.4598
2025-09-30 07:46:53,919 - root - INFO - validate average_precision, 0.8380
2025-09-30 07:46:53,919 - root - INFO - validate roc_auc, 0.8567
2025-09-30 07:46:53,919 - root - INFO - new node validate loss: 0.4831
2025-09-30 07:46:53,919 - root - INFO - new node validate average_precision, 0.8270
2025-09-30 07:46:53,919 - root - INFO - new node validate roc_auc, 0.8422
2025-09-30 07:47:45,382 - root - INFO - test loss: 0.4808
2025-09-30 07:47:45,382 - root - INFO - test average_precision, 0.8295
2025-09-30 07:47:45,382 - root - INFO - best test average_precision: 0.8295
2025-09-30 07:47:45,382 - root - INFO - test roc_auc, 0.8438
2025-09-30 07:47:45,382 - root - INFO - new node test loss: 0.4829
2025-09-30 07:47:45,382 - root - INFO - new node test average_precision, 0.8266
2025-09-30 07:47:45,382 - root - INFO - new node test roc_auc, 0.8419
2025-09-30 07:47:45,382 - root - INFO - save model ./saved_models/TGAT/mooc/TGAT_seed0/TGAT_seed0.pkl
2025-09-30 07:51:24,834 - root - INFO - Epoch: 17, learning rate: 0.0001, train loss: 0.3451
2025-09-30 07:51:24,835 - root - INFO - train average_precision, 0.8858
2025-09-30 07:51:24,835 - root - INFO - train roc_auc, 0.9070
2025-09-30 07:51:24,835 - root - INFO - validate loss: 0.4595
2025-09-30 07:51:24,835 - root - INFO - validate average_precision, 0.8386
2025-09-30 07:51:24,836 - root - INFO - validate roc_auc, 0.8576
2025-09-30 07:51:24,836 - root - INFO - new node validate loss: 0.4834
2025-09-30 07:51:24,836 - root - INFO - new node validate average_precision, 0.8266
2025-09-30 07:51:24,836 - root - INFO - new node validate roc_auc, 0.8419
2025-09-30 07:52:16,290 - root - INFO - test loss: 0.4787
2025-09-30 07:52:16,291 - root - INFO - test average_precision, 0.8315
2025-09-30 07:52:16,291 - root - INFO - best test average_precision: 0.8315
2025-09-30 07:52:16,291 - root - INFO - test roc_auc, 0.8459
2025-09-30 07:52:16,291 - root - INFO - new node test loss: 0.4821
2025-09-30 07:52:16,291 - root - INFO - new node test average_precision, 0.8276
2025-09-30 07:52:16,291 - root - INFO - new node test roc_auc, 0.8431
2025-09-30 07:52:16,291 - root - INFO - save model ./saved_models/TGAT/mooc/TGAT_seed0/TGAT_seed0.pkl
2025-09-30 07:55:56,449 - root - INFO - Epoch: 18, learning rate: 0.0001, train loss: 0.3431
2025-09-30 07:55:56,450 - root - INFO - train average_precision, 0.8876
2025-09-30 07:55:56,451 - root - INFO - train roc_auc, 0.9084
2025-09-30 07:55:56,451 - root - INFO - validate loss: 0.4721
2025-09-30 07:55:56,451 - root - INFO - validate average_precision, 0.8319
2025-09-30 07:55:56,451 - root - INFO - validate roc_auc, 0.8499
2025-09-30 07:55:56,451 - root - INFO - new node validate loss: 0.4963
2025-09-30 07:55:56,451 - root - INFO - new node validate average_precision, 0.8178
2025-09-30 07:55:56,451 - root - INFO - new node validate roc_auc, 0.8320
2025-09-30 07:56:47,953 - root - INFO - test loss: 0.4908
2025-09-30 07:56:47,953 - root - INFO - test average_precision, 0.8238
2025-09-30 07:56:47,954 - root - INFO - best test average_precision: 0.8315
2025-09-30 07:56:47,954 - root - INFO - test roc_auc, 0.8372
2025-09-30 07:56:47,954 - root - INFO - new node test loss: 0.4963
2025-09-30 07:56:47,954 - root - INFO - new node test average_precision, 0.8182
2025-09-30 07:56:47,954 - root - INFO - new node test roc_auc, 0.8330
2025-09-30 08:00:27,294 - root - INFO - Epoch: 19, learning rate: 0.0001, train loss: 0.3414
2025-09-30 08:00:27,294 - root - INFO - train average_precision, 0.8897
2025-09-30 08:00:27,294 - root - INFO - train roc_auc, 0.9095
2025-09-30 08:00:27,294 - root - INFO - validate loss: 0.4642
2025-09-30 08:00:27,295 - root - INFO - validate average_precision, 0.8373
2025-09-30 08:00:27,295 - root - INFO - validate roc_auc, 0.8553
2025-09-30 08:00:27,295 - root - INFO - new node validate loss: 0.4857
2025-09-30 08:00:27,295 - root - INFO - new node validate average_precision, 0.8270
2025-09-30 08:00:27,295 - root - INFO - new node validate roc_auc, 0.8405
2025-09-30 08:01:18,758 - root - INFO - test loss: 0.4848
2025-09-30 08:01:18,758 - root - INFO - test average_precision, 0.8286
2025-09-30 08:01:18,758 - root - INFO - best test average_precision: 0.8315
2025-09-30 08:01:18,759 - root - INFO - test roc_auc, 0.8418
2025-09-30 08:01:18,759 - root - INFO - new node test loss: 0.4900
2025-09-30 08:01:18,759 - root - INFO - new node test average_precision, 0.8247
2025-09-30 08:01:18,759 - root - INFO - new node test roc_auc, 0.8383
2025-09-30 08:04:58,056 - root - INFO - Epoch: 20, learning rate: 0.0001, train loss: 0.3407
2025-09-30 08:04:58,057 - root - INFO - train average_precision, 0.8894
2025-09-30 08:04:58,057 - root - INFO - train roc_auc, 0.9100
2025-09-30 08:04:58,057 - root - INFO - validate loss: 0.4596
2025-09-30 08:04:58,057 - root - INFO - validate average_precision, 0.8395
2025-09-30 08:04:58,057 - root - INFO - validate roc_auc, 0.8574
2025-09-30 08:04:58,058 - root - INFO - new node validate loss: 0.4856
2025-09-30 08:04:58,058 - root - INFO - new node validate average_precision, 0.8252
2025-09-30 08:04:58,058 - root - INFO - new node validate roc_auc, 0.8402
2025-09-30 08:05:49,662 - root - INFO - test loss: 0.4783
2025-09-30 08:05:49,662 - root - INFO - test average_precision, 0.8323
2025-09-30 08:05:49,662 - root - INFO - best test average_precision: 0.8323
2025-09-30 08:05:49,662 - root - INFO - test roc_auc, 0.8460
2025-09-30 08:05:49,662 - root - INFO - new node test loss: 0.4846
2025-09-30 08:05:49,663 - root - INFO - new node test average_precision, 0.8264
2025-09-30 08:05:49,663 - root - INFO - new node test roc_auc, 0.8418
2025-09-30 08:09:29,437 - root - INFO - Epoch: 21, learning rate: 0.0001, train loss: 0.3390
2025-09-30 08:09:29,438 - root - INFO - train average_precision, 0.8903
2025-09-30 08:09:29,438 - root - INFO - train roc_auc, 0.9108
2025-09-30 08:09:29,438 - root - INFO - validate loss: 0.4517
2025-09-30 08:09:29,439 - root - INFO - validate average_precision, 0.8451
2025-09-30 08:09:29,439 - root - INFO - validate roc_auc, 0.8629
2025-09-30 08:09:29,439 - root - INFO - new node validate loss: 0.4731
2025-09-30 08:09:29,439 - root - INFO - new node validate average_precision, 0.8359
2025-09-30 08:09:29,439 - root - INFO - new node validate roc_auc, 0.8503
2025-09-30 08:10:20,796 - root - INFO - test loss: 0.4713
2025-09-30 08:10:20,796 - root - INFO - test average_precision, 0.8372
2025-09-30 08:10:20,796 - root - INFO - best test average_precision: 0.8372
2025-09-30 08:10:20,796 - root - INFO - test roc_auc, 0.8510
2025-09-30 08:10:20,796 - root - INFO - new node test loss: 0.4734
2025-09-30 08:10:20,796 - root - INFO - new node test average_precision, 0.8340
2025-09-30 08:10:20,796 - root - INFO - new node test roc_auc, 0.8491
2025-09-30 08:10:20,796 - root - INFO - save model ./saved_models/TGAT/mooc/TGAT_seed0/TGAT_seed0.pkl
2025-09-30 08:14:01,517 - root - INFO - Epoch: 22, learning rate: 0.0001, train loss: 0.3379
2025-09-30 08:14:01,518 - root - INFO - train average_precision, 0.8913
2025-09-30 08:14:01,518 - root - INFO - train roc_auc, 0.9114
2025-09-30 08:14:01,518 - root - INFO - validate loss: 0.4511
2025-09-30 08:14:01,518 - root - INFO - validate average_precision, 0.8465
2025-09-30 08:14:01,518 - root - INFO - validate roc_auc, 0.8639
2025-09-30 08:14:01,518 - root - INFO - new node validate loss: 0.4758
2025-09-30 08:14:01,519 - root - INFO - new node validate average_precision, 0.8332
2025-09-30 08:14:01,519 - root - INFO - new node validate roc_auc, 0.8475
2025-09-30 08:14:52,992 - root - INFO - test loss: 0.4676
2025-09-30 08:14:52,992 - root - INFO - test average_precision, 0.8396
2025-09-30 08:14:52,992 - root - INFO - best test average_precision: 0.8396
2025-09-30 08:14:52,992 - root - INFO - test roc_auc, 0.8536
2025-09-30 08:14:52,992 - root - INFO - new node test loss: 0.4728
2025-09-30 08:14:52,992 - root - INFO - new node test average_precision, 0.8346
2025-09-30 08:14:52,992 - root - INFO - new node test roc_auc, 0.8494
2025-09-30 08:14:52,993 - root - INFO - save model ./saved_models/TGAT/mooc/TGAT_seed0/TGAT_seed0.pkl
2025-09-30 08:18:33,113 - root - INFO - Epoch: 23, learning rate: 0.0001, train loss: 0.3366
2025-09-30 08:18:33,114 - root - INFO - train average_precision, 0.8920
2025-09-30 08:18:33,114 - root - INFO - train roc_auc, 0.9121
2025-09-30 08:18:33,114 - root - INFO - validate loss: 0.4500
2025-09-30 08:18:33,114 - root - INFO - validate average_precision, 0.8468
2025-09-30 08:18:33,114 - root - INFO - validate roc_auc, 0.8645
2025-09-30 08:18:33,114 - root - INFO - new node validate loss: 0.4717
2025-09-30 08:18:33,114 - root - INFO - new node validate average_precision, 0.8355
2025-09-30 08:18:33,114 - root - INFO - new node validate roc_auc, 0.8505
2025-09-30 08:19:24,612 - root - INFO - test loss: 0.4704
2025-09-30 08:19:24,612 - root - INFO - test average_precision, 0.8390
2025-09-30 08:19:24,612 - root - INFO - best test average_precision: 0.8396
2025-09-30 08:19:24,612 - root - INFO - test roc_auc, 0.8519
2025-09-30 08:19:24,612 - root - INFO - new node test loss: 0.4736
2025-09-30 08:19:24,612 - root - INFO - new node test average_precision, 0.8353
2025-09-30 08:19:24,612 - root - INFO - new node test roc_auc, 0.8495
2025-09-30 08:19:24,612 - root - INFO - save model ./saved_models/TGAT/mooc/TGAT_seed0/TGAT_seed0.pkl
2025-09-30 08:23:04,044 - root - INFO - Epoch: 24, learning rate: 0.0001, train loss: 0.3360
2025-09-30 08:23:04,045 - root - INFO - train average_precision, 0.8924
2025-09-30 08:23:04,045 - root - INFO - train roc_auc, 0.9127
2025-09-30 08:23:04,045 - root - INFO - validate loss: 0.4586
2025-09-30 08:23:04,045 - root - INFO - validate average_precision, 0.8412
2025-09-30 08:23:04,046 - root - INFO - validate roc_auc, 0.8587
2025-09-30 08:23:04,046 - root - INFO - new node validate loss: 0.4843
2025-09-30 08:23:04,046 - root - INFO - new node validate average_precision, 0.8272
2025-09-30 08:23:04,046 - root - INFO - new node validate roc_auc, 0.8411
2025-09-30 08:23:55,512 - root - INFO - test loss: 0.4777
2025-09-30 08:23:55,513 - root - INFO - test average_precision, 0.8333
2025-09-30 08:23:55,513 - root - INFO - best test average_precision: 0.8396
2025-09-30 08:23:55,513 - root - INFO - test roc_auc, 0.8464
2025-09-30 08:23:55,513 - root - INFO - new node test loss: 0.4836
2025-09-30 08:23:55,513 - root - INFO - new node test average_precision, 0.8281
2025-09-30 08:23:55,513 - root - INFO - new node test roc_auc, 0.8424
2025-09-30 08:27:34,345 - root - INFO - Epoch: 25, learning rate: 0.0001, train loss: 0.3345
2025-09-30 08:27:34,346 - root - INFO - train average_precision, 0.8937
2025-09-30 08:27:34,346 - root - INFO - train roc_auc, 0.9136
2025-09-30 08:27:34,346 - root - INFO - validate loss: 0.4514
2025-09-30 08:27:34,346 - root - INFO - validate average_precision, 0.8466
2025-09-30 08:27:34,346 - root - INFO - validate roc_auc, 0.8640
2025-09-30 08:27:34,346 - root - INFO - new node validate loss: 0.4701
2025-09-30 08:27:34,346 - root - INFO - new node validate average_precision, 0.8385
2025-09-30 08:27:34,346 - root - INFO - new node validate roc_auc, 0.8524
2025-09-30 08:28:25,721 - root - INFO - test loss: 0.4685
2025-09-30 08:28:25,721 - root - INFO - test average_precision, 0.8398
2025-09-30 08:28:25,721 - root - INFO - best test average_precision: 0.8398
2025-09-30 08:28:25,721 - root - INFO - test roc_auc, 0.8532
2025-09-30 08:28:25,721 - root - INFO - new node test loss: 0.4701
2025-09-30 08:28:25,721 - root - INFO - new node test average_precision, 0.8378
2025-09-30 08:28:25,721 - root - INFO - new node test roc_auc, 0.8518
2025-09-30 08:32:05,423 - root - INFO - Epoch: 26, learning rate: 0.0001, train loss: 0.3334
2025-09-30 08:32:05,424 - root - INFO - train average_precision, 0.8947
2025-09-30 08:32:05,424 - root - INFO - train roc_auc, 0.9143
2025-09-30 08:32:05,424 - root - INFO - validate loss: 0.4531
2025-09-30 08:32:05,424 - root - INFO - validate average_precision, 0.8454
2025-09-30 08:32:05,424 - root - INFO - validate roc_auc, 0.8623
2025-09-30 08:32:05,424 - root - INFO - new node validate loss: 0.4774
2025-09-30 08:32:05,424 - root - INFO - new node validate average_precision, 0.8333
2025-09-30 08:32:05,424 - root - INFO - new node validate roc_auc, 0.8468
2025-09-30 08:32:56,948 - root - INFO - test loss: 0.4727
2025-09-30 08:32:56,949 - root - INFO - test average_precision, 0.8376
2025-09-30 08:32:56,949 - root - INFO - best test average_precision: 0.8398
2025-09-30 08:32:56,949 - root - INFO - test roc_auc, 0.8503
2025-09-30 08:32:56,949 - root - INFO - new node test loss: 0.4775
2025-09-30 08:32:56,949 - root - INFO - new node test average_precision, 0.8333
2025-09-30 08:32:56,949 - root - INFO - new node test roc_auc, 0.8468
2025-09-30 08:36:35,432 - root - INFO - Epoch: 27, learning rate: 0.0001, train loss: 0.3323
2025-09-30 08:36:35,432 - root - INFO - train average_precision, 0.8947
2025-09-30 08:36:35,433 - root - INFO - train roc_auc, 0.9144
2025-09-30 08:36:35,433 - root - INFO - validate loss: 0.4467
2025-09-30 08:36:35,433 - root - INFO - validate average_precision, 0.8491
2025-09-30 08:36:35,433 - root - INFO - validate roc_auc, 0.8669
2025-09-30 08:36:35,433 - root - INFO - new node validate loss: 0.4695
2025-09-30 08:36:35,433 - root - INFO - new node validate average_precision, 0.8378
2025-09-30 08:36:35,433 - root - INFO - new node validate roc_auc, 0.8520
2025-09-30 08:37:26,921 - root - INFO - test loss: 0.4666
2025-09-30 08:37:26,922 - root - INFO - test average_precision, 0.8410
2025-09-30 08:37:26,922 - root - INFO - best test average_precision: 0.8410
2025-09-30 08:37:26,922 - root - INFO - test roc_auc, 0.8546
2025-09-30 08:37:26,922 - root - INFO - new node test loss: 0.4704
2025-09-30 08:37:26,922 - root - INFO - new node test average_precision, 0.8377
2025-09-30 08:37:26,922 - root - INFO - new node test roc_auc, 0.8521
2025-09-30 08:37:26,922 - root - INFO - save model ./saved_models/TGAT/mooc/TGAT_seed0/TGAT_seed0.pkl
2025-09-30 08:41:05,770 - root - INFO - Epoch: 28, learning rate: 0.0001, train loss: 0.3314
2025-09-30 08:41:05,771 - root - INFO - train average_precision, 0.8952
2025-09-30 08:41:05,771 - root - INFO - train roc_auc, 0.9151
2025-09-30 08:41:05,771 - root - INFO - validate loss: 0.4490
2025-09-30 08:41:05,771 - root - INFO - validate average_precision, 0.8490
2025-09-30 08:41:05,771 - root - INFO - validate roc_auc, 0.8661
2025-09-30 08:41:05,771 - root - INFO - new node validate loss: 0.4686
2025-09-30 08:41:05,771 - root - INFO - new node validate average_precision, 0.8391
2025-09-30 08:41:05,771 - root - INFO - new node validate roc_auc, 0.8529
2025-09-30 08:41:57,149 - root - INFO - test loss: 0.4660
2025-09-30 08:41:57,149 - root - INFO - test average_precision, 0.8424
2025-09-30 08:41:57,149 - root - INFO - best test average_precision: 0.8424
2025-09-30 08:41:57,149 - root - INFO - test roc_auc, 0.8555
2025-09-30 08:41:57,149 - root - INFO - new node test loss: 0.4686
2025-09-30 08:41:57,149 - root - INFO - new node test average_precision, 0.8401
2025-09-30 08:41:57,149 - root - INFO - new node test roc_auc, 0.8534
2025-09-30 08:45:36,382 - root - INFO - Epoch: 29, learning rate: 0.0001, train loss: 0.3306
2025-09-30 08:45:36,383 - root - INFO - train average_precision, 0.8960
2025-09-30 08:45:36,383 - root - INFO - train roc_auc, 0.9156
2025-09-30 08:45:36,383 - root - INFO - validate loss: 0.4430
2025-09-30 08:45:36,383 - root - INFO - validate average_precision, 0.8509
2025-09-30 08:45:36,383 - root - INFO - validate roc_auc, 0.8684
2025-09-30 08:45:36,384 - root - INFO - new node validate loss: 0.4677
2025-09-30 08:45:36,384 - root - INFO - new node validate average_precision, 0.8372
2025-09-30 08:45:36,384 - root - INFO - new node validate roc_auc, 0.8524
2025-09-30 08:46:27,841 - root - INFO - test loss: 0.4623
2025-09-30 08:46:27,842 - root - INFO - test average_precision, 0.8433
2025-09-30 08:46:27,842 - root - INFO - best test average_precision: 0.8433
2025-09-30 08:46:27,842 - root - INFO - test roc_auc, 0.8571
2025-09-30 08:46:27,842 - root - INFO - new node test loss: 0.4665
2025-09-30 08:46:27,842 - root - INFO - new node test average_precision, 0.8388
2025-09-30 08:46:27,842 - root - INFO - new node test roc_auc, 0.8537
2025-09-30 08:46:27,842 - root - INFO - save model ./saved_models/TGAT/mooc/TGAT_seed0/TGAT_seed0.pkl
2025-09-30 08:50:07,815 - root - INFO - Epoch: 30, learning rate: 0.0001, train loss: 0.3305
2025-09-30 08:50:07,816 - root - INFO - train average_precision, 0.8968
2025-09-30 08:50:07,816 - root - INFO - train roc_auc, 0.9160
2025-09-30 08:50:07,816 - root - INFO - validate loss: 0.4508
2025-09-30 08:50:07,816 - root - INFO - validate average_precision, 0.8480
2025-09-30 08:50:07,816 - root - INFO - validate roc_auc, 0.8650
2025-09-30 08:50:07,816 - root - INFO - new node validate loss: 0.4733
2025-09-30 08:50:07,816 - root - INFO - new node validate average_precision, 0.8369
2025-09-30 08:50:07,816 - root - INFO - new node validate roc_auc, 0.8503
2025-09-30 08:50:59,255 - root - INFO - test loss: 0.4749
2025-09-30 08:50:59,256 - root - INFO - test average_precision, 0.8377
2025-09-30 08:50:59,256 - root - INFO - best test average_precision: 0.8433
2025-09-30 08:50:59,256 - root - INFO - test roc_auc, 0.8502
2025-09-30 08:50:59,256 - root - INFO - new node test loss: 0.4804
2025-09-30 08:50:59,256 - root - INFO - new node test average_precision, 0.8339
2025-09-30 08:50:59,256 - root - INFO - new node test roc_auc, 0.8473
2025-09-30 08:54:38,511 - root - INFO - Epoch: 31, learning rate: 0.0001, train loss: 0.3303
2025-09-30 08:54:38,512 - root - INFO - train average_precision, 0.8960
2025-09-30 08:54:38,512 - root - INFO - train roc_auc, 0.9159
2025-09-30 08:54:38,512 - root - INFO - validate loss: 0.4477
2025-09-30 08:54:38,512 - root - INFO - validate average_precision, 0.8479
2025-09-30 08:54:38,512 - root - INFO - validate roc_auc, 0.8656
2025-09-30 08:54:38,512 - root - INFO - new node validate loss: 0.4720
2025-09-30 08:54:38,512 - root - INFO - new node validate average_precision, 0.8358
2025-09-30 08:54:38,512 - root - INFO - new node validate roc_auc, 0.8500
2025-09-30 08:55:29,970 - root - INFO - test loss: 0.4690
2025-09-30 08:55:29,970 - root - INFO - test average_precision, 0.8392
2025-09-30 08:55:29,970 - root - INFO - best test average_precision: 0.8433
2025-09-30 08:55:29,970 - root - INFO - test roc_auc, 0.8528
2025-09-30 08:55:29,970 - root - INFO - new node test loss: 0.4742
2025-09-30 08:55:29,970 - root - INFO - new node test average_precision, 0.8351
2025-09-30 08:55:29,970 - root - INFO - new node test roc_auc, 0.8498
2025-09-30 08:59:08,818 - root - INFO - Epoch: 32, learning rate: 0.0001, train loss: 0.3283
2025-09-30 08:59:08,819 - root - INFO - train average_precision, 0.8977
2025-09-30 08:59:08,819 - root - INFO - train roc_auc, 0.9170
2025-09-30 08:59:08,819 - root - INFO - validate loss: 0.4514
2025-09-30 08:59:08,819 - root - INFO - validate average_precision, 0.8478
2025-09-30 08:59:08,819 - root - INFO - validate roc_auc, 0.8645
2025-09-30 08:59:08,819 - root - INFO - new node validate loss: 0.4704
2025-09-30 08:59:08,819 - root - INFO - new node validate average_precision, 0.8402
2025-09-30 08:59:08,819 - root - INFO - new node validate roc_auc, 0.8525
2025-09-30 09:00:00,230 - root - INFO - test loss: 0.4741
2025-09-30 09:00:00,230 - root - INFO - test average_precision, 0.8386
2025-09-30 09:00:00,230 - root - INFO - best test average_precision: 0.8433
2025-09-30 09:00:00,230 - root - INFO - test roc_auc, 0.8505
2025-09-30 09:00:00,230 - root - INFO - new node test loss: 0.4772
2025-09-30 09:00:00,230 - root - INFO - new node test average_precision, 0.8369
2025-09-30 09:00:00,231 - root - INFO - new node test roc_auc, 0.8494
2025-09-30 09:03:39,184 - root - INFO - Epoch: 33, learning rate: 0.0001, train loss: 0.3279
2025-09-30 09:03:39,185 - root - INFO - train average_precision, 0.8981
2025-09-30 09:03:39,185 - root - INFO - train roc_auc, 0.9172
2025-09-30 09:03:39,185 - root - INFO - validate loss: 0.4491
2025-09-30 09:03:39,185 - root - INFO - validate average_precision, 0.8491
2025-09-30 09:03:39,185 - root - INFO - validate roc_auc, 0.8659
2025-09-30 09:03:39,185 - root - INFO - new node validate loss: 0.4703
2025-09-30 09:03:39,185 - root - INFO - new node validate average_precision, 0.8379
2025-09-30 09:03:39,185 - root - INFO - new node validate roc_auc, 0.8519
2025-09-30 09:04:30,584 - root - INFO - test loss: 0.4699
2025-09-30 09:04:30,584 - root - INFO - test average_precision, 0.8408
2025-09-30 09:04:30,584 - root - INFO - best test average_precision: 0.8433
2025-09-30 09:04:30,584 - root - INFO - test roc_auc, 0.8531
2025-09-30 09:04:30,584 - root - INFO - new node test loss: 0.4743
2025-09-30 09:04:30,584 - root - INFO - new node test average_precision, 0.8370
2025-09-30 09:04:30,584 - root - INFO - new node test roc_auc, 0.8503
2025-09-30 09:08:09,870 - root - INFO - Epoch: 34, learning rate: 0.0001, train loss: 0.3274
2025-09-30 09:08:09,870 - root - INFO - train average_precision, 0.8986
2025-09-30 09:08:09,871 - root - INFO - train roc_auc, 0.9176
2025-09-30 09:08:09,871 - root - INFO - validate loss: 0.4426
2025-09-30 09:08:09,871 - root - INFO - validate average_precision, 0.8529
2025-09-30 09:08:09,871 - root - INFO - validate roc_auc, 0.8697
2025-09-30 09:08:09,871 - root - INFO - new node validate loss: 0.4643
2025-09-30 09:08:09,871 - root - INFO - new node validate average_precision, 0.8418
2025-09-30 09:08:09,871 - root - INFO - new node validate roc_auc, 0.8554
2025-09-30 09:09:01,354 - root - INFO - test loss: 0.4638
2025-09-30 09:09:01,354 - root - INFO - test average_precision, 0.8443
2025-09-30 09:09:01,354 - root - INFO - best test average_precision: 0.8443
2025-09-30 09:09:01,354 - root - INFO - test roc_auc, 0.8569
2025-09-30 09:09:01,354 - root - INFO - new node test loss: 0.4688
2025-09-30 09:09:01,354 - root - INFO - new node test average_precision, 0.8411
2025-09-30 09:09:01,355 - root - INFO - new node test roc_auc, 0.8540
2025-09-30 09:09:01,355 - root - INFO - save model ./saved_models/TGAT/mooc/TGAT_seed0/TGAT_seed0.pkl
2025-09-30 09:12:40,610 - root - INFO - Epoch: 35, learning rate: 0.0001, train loss: 0.3269
2025-09-30 09:12:40,610 - root - INFO - train average_precision, 0.8989
2025-09-30 09:12:40,610 - root - INFO - train roc_auc, 0.9181
2025-09-30 09:12:40,610 - root - INFO - validate loss: 0.4449
2025-09-30 09:12:40,611 - root - INFO - validate average_precision, 0.8523
2025-09-30 09:12:40,611 - root - INFO - validate roc_auc, 0.8692
2025-09-30 09:12:40,611 - root - INFO - new node validate loss: 0.4719
2025-09-30 09:12:40,611 - root - INFO - new node validate average_precision, 0.8380
2025-09-30 09:12:40,611 - root - INFO - new node validate roc_auc, 0.8511
2025-09-30 09:13:32,030 - root - INFO - test loss: 0.4644
2025-09-30 09:13:32,030 - root - INFO - test average_precision, 0.8440
2025-09-30 09:13:32,030 - root - INFO - best test average_precision: 0.8443
2025-09-30 09:13:32,030 - root - INFO - test roc_auc, 0.8571
2025-09-30 09:13:32,030 - root - INFO - new node test loss: 0.4718
2025-09-30 09:13:32,031 - root - INFO - new node test average_precision, 0.8398
2025-09-30 09:13:32,031 - root - INFO - new node test roc_auc, 0.8530
2025-09-30 09:17:11,183 - root - INFO - Epoch: 36, learning rate: 0.0001, train loss: 0.3260
2025-09-30 09:17:11,184 - root - INFO - train average_precision, 0.8988
2025-09-30 09:17:11,184 - root - INFO - train roc_auc, 0.9180
2025-09-30 09:17:11,184 - root - INFO - validate loss: 0.4400
2025-09-30 09:17:11,184 - root - INFO - validate average_precision, 0.8543
2025-09-30 09:17:11,184 - root - INFO - validate roc_auc, 0.8712
2025-09-30 09:17:11,184 - root - INFO - new node validate loss: 0.4603
2025-09-30 09:17:11,184 - root - INFO - new node validate average_precision, 0.8450
2025-09-30 09:17:11,184 - root - INFO - new node validate roc_auc, 0.8586
2025-09-30 09:18:02,578 - root - INFO - test loss: 0.4603
2025-09-30 09:18:02,579 - root - INFO - test average_precision, 0.8464
2025-09-30 09:18:02,579 - root - INFO - best test average_precision: 0.8464
2025-09-30 09:18:02,579 - root - INFO - test roc_auc, 0.8592
2025-09-30 09:18:02,579 - root - INFO - new node test loss: 0.4636
2025-09-30 09:18:02,579 - root - INFO - new node test average_precision, 0.8439
2025-09-30 09:18:02,579 - root - INFO - new node test roc_auc, 0.8571
2025-09-30 09:18:02,579 - root - INFO - save model ./saved_models/TGAT/mooc/TGAT_seed0/TGAT_seed0.pkl
2025-09-30 09:21:41,474 - root - INFO - Epoch: 37, learning rate: 0.0001, train loss: 0.3262
2025-09-30 09:21:41,475 - root - INFO - train average_precision, 0.8984
2025-09-30 09:21:41,475 - root - INFO - train roc_auc, 0.9180
2025-09-30 09:21:41,475 - root - INFO - validate loss: 0.4467
2025-09-30 09:21:41,475 - root - INFO - validate average_precision, 0.8513
2025-09-30 09:21:41,475 - root - INFO - validate roc_auc, 0.8684
2025-09-30 09:21:41,475 - root - INFO - new node validate loss: 0.4659
2025-09-30 09:21:41,475 - root - INFO - new node validate average_precision, 0.8427
2025-09-30 09:21:41,475 - root - INFO - new node validate roc_auc, 0.8557
2025-09-30 09:22:32,976 - root - INFO - test loss: 0.4688
2025-09-30 09:22:32,976 - root - INFO - test average_precision, 0.8426
2025-09-30 09:22:32,976 - root - INFO - best test average_precision: 0.8464
2025-09-30 09:22:32,976 - root - INFO - test roc_auc, 0.8554
2025-09-30 09:22:32,977 - root - INFO - new node test loss: 0.4747
2025-09-30 09:22:32,977 - root - INFO - new node test average_precision, 0.8395
2025-09-30 09:22:32,977 - root - INFO - new node test roc_auc, 0.8526
2025-09-30 09:26:12,373 - root - INFO - Epoch: 38, learning rate: 0.0001, train loss: 0.3249
2025-09-30 09:26:12,374 - root - INFO - train average_precision, 0.8999
2025-09-30 09:26:12,374 - root - INFO - train roc_auc, 0.9188
2025-09-30 09:26:12,374 - root - INFO - validate loss: 0.4403
2025-09-30 09:26:12,374 - root - INFO - validate average_precision, 0.8545
2025-09-30 09:26:12,374 - root - INFO - validate roc_auc, 0.8720
2025-09-30 09:26:12,374 - root - INFO - new node validate loss: 0.4604
2025-09-30 09:26:12,374 - root - INFO - new node validate average_precision, 0.8449
2025-09-30 09:26:12,374 - root - INFO - new node validate roc_auc, 0.8587
2025-09-30 09:27:03,783 - root - INFO - test loss: 0.4637
2025-09-30 09:27:03,784 - root - INFO - test average_precision, 0.8449
2025-09-30 09:27:03,784 - root - INFO - best test average_precision: 0.8464
2025-09-30 09:27:03,784 - root - INFO - test roc_auc, 0.8580
2025-09-30 09:27:03,784 - root - INFO - new node test loss: 0.4684
2025-09-30 09:27:03,784 - root - INFO - new node test average_precision, 0.8423
2025-09-30 09:27:03,784 - root - INFO - new node test roc_auc, 0.8563
2025-09-30 09:27:03,784 - root - INFO - save model ./saved_models/TGAT/mooc/TGAT_seed0/TGAT_seed0.pkl
2025-09-30 09:30:43,409 - root - INFO - Epoch: 39, learning rate: 0.0001, train loss: 0.3246
2025-09-30 09:30:43,410 - root - INFO - train average_precision, 0.8997
2025-09-30 09:30:43,410 - root - INFO - train roc_auc, 0.9188
2025-09-30 09:30:43,410 - root - INFO - validate loss: 0.4457
2025-09-30 09:30:43,410 - root - INFO - validate average_precision, 0.8542
2025-09-30 09:30:43,410 - root - INFO - validate roc_auc, 0.8713
2025-09-30 09:30:43,410 - root - INFO - new node validate loss: 0.4585
2025-09-30 09:30:43,410 - root - INFO - new node validate average_precision, 0.8501
2025-09-30 09:30:43,410 - root - INFO - new node validate roc_auc, 0.8623
2025-09-30 09:31:34,970 - root - INFO - test loss: 0.4669
2025-09-30 09:31:34,971 - root - INFO - test average_precision, 0.8447
2025-09-30 09:31:34,971 - root - INFO - best test average_precision: 0.8464
2025-09-30 09:31:34,971 - root - INFO - test roc_auc, 0.8579
2025-09-30 09:31:34,971 - root - INFO - new node test loss: 0.4677
2025-09-30 09:31:34,971 - root - INFO - new node test average_precision, 0.8446
2025-09-30 09:31:34,971 - root - INFO - new node test roc_auc, 0.8579
2025-09-30 09:35:15,524 - root - INFO - Epoch: 40, learning rate: 0.0001, train loss: 0.3242
2025-09-30 09:35:15,525 - root - INFO - train average_precision, 0.8993
2025-09-30 09:35:15,525 - root - INFO - train roc_auc, 0.9191
2025-09-30 09:35:15,525 - root - INFO - validate loss: 0.4391
2025-09-30 09:35:15,525 - root - INFO - validate average_precision, 0.8540
2025-09-30 09:35:15,525 - root - INFO - validate roc_auc, 0.8719
2025-09-30 09:35:15,525 - root - INFO - new node validate loss: 0.4560
2025-09-30 09:35:15,525 - root - INFO - new node validate average_precision, 0.8481
2025-09-30 09:35:15,525 - root - INFO - new node validate roc_auc, 0.8618
2025-09-30 09:36:07,018 - root - INFO - test loss: 0.4617
2025-09-30 09:36:07,018 - root - INFO - test average_precision, 0.8453
2025-09-30 09:36:07,019 - root - INFO - best test average_precision: 0.8464
2025-09-30 09:36:07,019 - root - INFO - test roc_auc, 0.8587
2025-09-30 09:36:07,019 - root - INFO - new node test loss: 0.4635
2025-09-30 09:36:07,019 - root - INFO - new node test average_precision, 0.8443
2025-09-30 09:36:07,019 - root - INFO - new node test roc_auc, 0.8585
2025-09-30 09:39:47,033 - root - INFO - Epoch: 41, learning rate: 0.0001, train loss: 0.3234
2025-09-30 09:39:47,034 - root - INFO - train average_precision, 0.9015
2025-09-30 09:39:47,034 - root - INFO - train roc_auc, 0.9199
2025-09-30 09:39:47,034 - root - INFO - validate loss: 0.4388
2025-09-30 09:39:47,034 - root - INFO - validate average_precision, 0.8551
2025-09-30 09:39:47,035 - root - INFO - validate roc_auc, 0.8729
2025-09-30 09:39:47,035 - root - INFO - new node validate loss: 0.4576
2025-09-30 09:39:47,035 - root - INFO - new node validate average_precision, 0.8462
2025-09-30 09:39:47,035 - root - INFO - new node validate roc_auc, 0.8606
2025-09-30 09:40:38,410 - root - INFO - test loss: 0.4594
2025-09-30 09:40:38,410 - root - INFO - test average_precision, 0.8465
2025-09-30 09:40:38,411 - root - INFO - best test average_precision: 0.8465
2025-09-30 09:40:38,411 - root - INFO - test roc_auc, 0.8604
2025-09-30 09:40:38,411 - root - INFO - new node test loss: 0.4622
2025-09-30 09:40:38,411 - root - INFO - new node test average_precision, 0.8441
2025-09-30 09:40:38,411 - root - INFO - new node test roc_auc, 0.8590
2025-09-30 09:40:38,411 - root - INFO - save model ./saved_models/TGAT/mooc/TGAT_seed0/TGAT_seed0.pkl
2025-09-30 09:44:18,417 - root - INFO - Epoch: 42, learning rate: 0.0001, train loss: 0.3232
2025-09-30 09:44:18,417 - root - INFO - train average_precision, 0.9011
2025-09-30 09:44:18,417 - root - INFO - train roc_auc, 0.9199
2025-09-30 09:44:18,417 - root - INFO - validate loss: 0.4461
2025-09-30 09:44:18,418 - root - INFO - validate average_precision, 0.8530
2025-09-30 09:44:18,418 - root - INFO - validate roc_auc, 0.8705
2025-09-30 09:44:18,418 - root - INFO - new node validate loss: 0.4674
2025-09-30 09:44:18,418 - root - INFO - new node validate average_precision, 0.8426
2025-09-30 09:44:18,418 - root - INFO - new node validate roc_auc, 0.8556
2025-09-30 09:45:09,810 - root - INFO - test loss: 0.4678
2025-09-30 09:45:09,811 - root - INFO - test average_precision, 0.8437
2025-09-30 09:45:09,811 - root - INFO - best test average_precision: 0.8465
2025-09-30 09:45:09,811 - root - INFO - test roc_auc, 0.8570
2025-09-30 09:45:09,811 - root - INFO - new node test loss: 0.4744
2025-09-30 09:45:09,811 - root - INFO - new node test average_precision, 0.8400
2025-09-30 09:45:09,811 - root - INFO - new node test roc_auc, 0.8538
2025-09-30 09:48:49,737 - root - INFO - Epoch: 43, learning rate: 0.0001, train loss: 0.3220
2025-09-30 09:48:49,737 - root - INFO - train average_precision, 0.9012
2025-09-30 09:48:49,738 - root - INFO - train roc_auc, 0.9203
2025-09-30 09:48:49,738 - root - INFO - validate loss: 0.4400
2025-09-30 09:48:49,738 - root - INFO - validate average_precision, 0.8529
2025-09-30 09:48:49,738 - root - INFO - validate roc_auc, 0.8707
2025-09-30 09:48:49,738 - root - INFO - new node validate loss: 0.4589
2025-09-30 09:48:49,738 - root - INFO - new node validate average_precision, 0.8456
2025-09-30 09:48:49,738 - root - INFO - new node validate roc_auc, 0.8591
2025-09-30 09:49:41,186 - root - INFO - test loss: 0.4642
2025-09-30 09:49:41,186 - root - INFO - test average_precision, 0.8434
2025-09-30 09:49:41,186 - root - INFO - best test average_precision: 0.8465
2025-09-30 09:49:41,186 - root - INFO - test roc_auc, 0.8565
2025-09-30 09:49:41,186 - root - INFO - new node test loss: 0.4671
2025-09-30 09:49:41,187 - root - INFO - new node test average_precision, 0.8414
2025-09-30 09:49:41,187 - root - INFO - new node test roc_auc, 0.8555
2025-09-30 09:53:20,972 - root - INFO - Epoch: 44, learning rate: 0.0001, train loss: 0.3222
2025-09-30 09:53:20,973 - root - INFO - train average_precision, 0.9007
2025-09-30 09:53:20,973 - root - INFO - train roc_auc, 0.9200
2025-09-30 09:53:20,973 - root - INFO - validate loss: 0.4371
2025-09-30 09:53:20,973 - root - INFO - validate average_precision, 0.8569
2025-09-30 09:53:20,973 - root - INFO - validate roc_auc, 0.8740
2025-09-30 09:53:20,973 - root - INFO - new node validate loss: 0.4585
2025-09-30 09:53:20,973 - root - INFO - new node validate average_precision, 0.8460
2025-09-30 09:53:20,973 - root - INFO - new node validate roc_auc, 0.8600
2025-09-30 09:54:12,351 - root - INFO - test loss: 0.4551
2025-09-30 09:54:12,351 - root - INFO - test average_precision, 0.8494
2025-09-30 09:54:12,351 - root - INFO - best test average_precision: 0.8494
2025-09-30 09:54:12,351 - root - INFO - test roc_auc, 0.8632
2025-09-30 09:54:12,351 - root - INFO - new node test loss: 0.4590
2025-09-30 09:54:12,352 - root - INFO - new node test average_precision, 0.8463
2025-09-30 09:54:12,352 - root - INFO - new node test roc_auc, 0.8611
2025-09-30 09:54:12,352 - root - INFO - save model ./saved_models/TGAT/mooc/TGAT_seed0/TGAT_seed0.pkl
2025-09-30 09:57:51,228 - root - INFO - Epoch: 45, learning rate: 0.0001, train loss: 0.3198
2025-09-30 09:57:51,228 - root - INFO - train average_precision, 0.9024
2025-09-30 09:57:51,229 - root - INFO - train roc_auc, 0.9214
2025-09-30 09:57:51,229 - root - INFO - validate loss: 0.4439
2025-09-30 09:57:51,229 - root - INFO - validate average_precision, 0.8537
2025-09-30 09:57:51,229 - root - INFO - validate roc_auc, 0.8710
2025-09-30 09:57:51,229 - root - INFO - new node validate loss: 0.4606
2025-09-30 09:57:51,229 - root - INFO - new node validate average_precision, 0.8463
2025-09-30 09:57:51,229 - root - INFO - new node validate roc_auc, 0.8600
2025-09-30 09:58:42,643 - root - INFO - test loss: 0.4643
2025-09-30 09:58:42,643 - root - INFO - test average_precision, 0.8456
2025-09-30 09:58:42,643 - root - INFO - best test average_precision: 0.8494
2025-09-30 09:58:42,643 - root - INFO - test roc_auc, 0.8586
2025-09-30 09:58:42,643 - root - INFO - new node test loss: 0.4662
2025-09-30 09:58:42,643 - root - INFO - new node test average_precision, 0.8447
2025-09-30 09:58:42,644 - root - INFO - new node test roc_auc, 0.8580
2025-09-30 10:02:21,669 - root - INFO - Epoch: 46, learning rate: 0.0001, train loss: 0.3206
2025-09-30 10:02:21,669 - root - INFO - train average_precision, 0.9023
2025-09-30 10:02:21,669 - root - INFO - train roc_auc, 0.9210
2025-09-30 10:02:21,669 - root - INFO - validate loss: 0.4378
2025-09-30 10:02:21,670 - root - INFO - validate average_precision, 0.8568
2025-09-30 10:02:21,670 - root - INFO - validate roc_auc, 0.8739
2025-09-30 10:02:21,670 - root - INFO - new node validate loss: 0.4561
2025-09-30 10:02:21,670 - root - INFO - new node validate average_precision, 0.8481
2025-09-30 10:02:21,670 - root - INFO - new node validate roc_auc, 0.8621
2025-09-30 10:03:13,106 - root - INFO - test loss: 0.4579
2025-09-30 10:03:13,106 - root - INFO - test average_precision, 0.8493
2025-09-30 10:03:13,106 - root - INFO - best test average_precision: 0.8494
2025-09-30 10:03:13,106 - root - INFO - test roc_auc, 0.8620
2025-09-30 10:03:13,106 - root - INFO - new node test loss: 0.4611
2025-09-30 10:03:13,106 - root - INFO - new node test average_precision, 0.8467
2025-09-30 10:03:13,106 - root - INFO - new node test roc_auc, 0.8607
2025-09-30 10:06:51,866 - root - INFO - Epoch: 47, learning rate: 0.0001, train loss: 0.3188
2025-09-30 10:06:51,866 - root - INFO - train average_precision, 0.9029
2025-09-30 10:06:51,867 - root - INFO - train roc_auc, 0.9219
2025-09-30 10:06:51,867 - root - INFO - validate loss: 0.4450
2025-09-30 10:06:51,867 - root - INFO - validate average_precision, 0.8535
2025-09-30 10:06:51,867 - root - INFO - validate roc_auc, 0.8702
2025-09-30 10:06:51,867 - root - INFO - new node validate loss: 0.4627
2025-09-30 10:06:51,867 - root - INFO - new node validate average_precision, 0.8445
2025-09-30 10:06:51,867 - root - INFO - new node validate roc_auc, 0.8583
2025-09-30 10:07:43,272 - root - INFO - test loss: 0.4668
2025-09-30 10:07:43,273 - root - INFO - test average_precision, 0.8447
2025-09-30 10:07:43,273 - root - INFO - best test average_precision: 0.8494
2025-09-30 10:07:43,273 - root - INFO - test roc_auc, 0.8567
2025-09-30 10:07:43,273 - root - INFO - new node test loss: 0.4710
2025-09-30 10:07:43,273 - root - INFO - new node test average_precision, 0.8417
2025-09-30 10:07:43,273 - root - INFO - new node test roc_auc, 0.8548
2025-09-30 10:11:22,168 - root - INFO - Epoch: 48, learning rate: 0.0001, train loss: 0.3199
2025-09-30 10:11:22,169 - root - INFO - train average_precision, 0.9026
2025-09-30 10:11:22,169 - root - INFO - train roc_auc, 0.9215
2025-09-30 10:11:22,169 - root - INFO - validate loss: 0.4415
2025-09-30 10:11:22,169 - root - INFO - validate average_precision, 0.8549
2025-09-30 10:11:22,169 - root - INFO - validate roc_auc, 0.8725
2025-09-30 10:11:22,169 - root - INFO - new node validate loss: 0.4604
2025-09-30 10:11:22,169 - root - INFO - new node validate average_precision, 0.8464
2025-09-30 10:11:22,169 - root - INFO - new node validate roc_auc, 0.8601
2025-09-30 10:12:13,564 - root - INFO - test loss: 0.4641
2025-09-30 10:12:13,564 - root - INFO - test average_precision, 0.8460
2025-09-30 10:12:13,564 - root - INFO - best test average_precision: 0.8494
2025-09-30 10:12:13,564 - root - INFO - test roc_auc, 0.8589
2025-09-30 10:12:13,564 - root - INFO - new node test loss: 0.4703
2025-09-30 10:12:13,564 - root - INFO - new node test average_precision, 0.8428
2025-09-30 10:12:13,564 - root - INFO - new node test roc_auc, 0.8566
2025-09-30 10:15:52,090 - root - INFO - Epoch: 49, learning rate: 0.0001, train loss: 0.3192
2025-09-30 10:15:52,091 - root - INFO - train average_precision, 0.9035
2025-09-30 10:15:52,091 - root - INFO - train roc_auc, 0.9220
2025-09-30 10:15:52,091 - root - INFO - validate loss: 0.4446
2025-09-30 10:15:52,091 - root - INFO - validate average_precision, 0.8543
2025-09-30 10:15:52,091 - root - INFO - validate roc_auc, 0.8717
2025-09-30 10:15:52,091 - root - INFO - new node validate loss: 0.4590
2025-09-30 10:15:52,092 - root - INFO - new node validate average_precision, 0.8488
2025-09-30 10:15:52,092 - root - INFO - new node validate roc_auc, 0.8617
2025-09-30 10:16:43,431 - root - INFO - test loss: 0.4684
2025-09-30 10:16:43,432 - root - INFO - test average_precision, 0.8446
2025-09-30 10:16:43,432 - root - INFO - best test average_precision: 0.8494
2025-09-30 10:16:43,432 - root - INFO - test roc_auc, 0.8576
2025-09-30 10:16:43,432 - root - INFO - new node test loss: 0.4716
2025-09-30 10:16:43,432 - root - INFO - new node test average_precision, 0.8428
2025-09-30 10:16:43,432 - root - INFO - new node test roc_auc, 0.8566
2025-09-30 10:20:22,159 - root - INFO - Epoch: 50, learning rate: 0.0001, train loss: 0.3188
2025-09-30 10:20:22,160 - root - INFO - train average_precision, 0.9030
2025-09-30 10:20:22,160 - root - INFO - train roc_auc, 0.9219
2025-09-30 10:20:22,160 - root - INFO - validate loss: 0.4450
2025-09-30 10:20:22,161 - root - INFO - validate average_precision, 0.8542
2025-09-30 10:20:22,161 - root - INFO - validate roc_auc, 0.8714
2025-09-30 10:20:22,161 - root - INFO - new node validate loss: 0.4645
2025-09-30 10:20:22,161 - root - INFO - new node validate average_precision, 0.8457
2025-09-30 10:20:22,161 - root - INFO - new node validate roc_auc, 0.8582
2025-09-30 10:21:13,739 - root - INFO - test loss: 0.4669
2025-09-30 10:21:13,739 - root - INFO - test average_precision, 0.8454
2025-09-30 10:21:13,740 - root - INFO - best test average_precision: 0.8494
2025-09-30 10:21:13,740 - root - INFO - test roc_auc, 0.8584
2025-09-30 10:21:13,740 - root - INFO - new node test loss: 0.4740
2025-09-30 10:21:13,740 - root - INFO - new node test average_precision, 0.8426
2025-09-30 10:21:13,740 - root - INFO - new node test roc_auc, 0.8555
2025-09-30 10:24:52,039 - root - INFO - Epoch: 51, learning rate: 0.0001, train loss: 0.3171
2025-09-30 10:24:52,040 - root - INFO - train average_precision, 0.9039
2025-09-30 10:24:52,040 - root - INFO - train roc_auc, 0.9226
2025-09-30 10:24:52,040 - root - INFO - validate loss: 0.4357
2025-09-30 10:24:52,040 - root - INFO - validate average_precision, 0.8574
2025-09-30 10:24:52,040 - root - INFO - validate roc_auc, 0.8750
2025-09-30 10:24:52,040 - root - INFO - new node validate loss: 0.4537
2025-09-30 10:24:52,040 - root - INFO - new node validate average_precision, 0.8500
2025-09-30 10:24:52,040 - root - INFO - new node validate roc_auc, 0.8637
2025-09-30 10:25:43,470 - root - INFO - test loss: 0.4560
2025-09-30 10:25:43,470 - root - INFO - test average_precision, 0.8496
2025-09-30 10:25:43,470 - root - INFO - best test average_precision: 0.8496
2025-09-30 10:25:43,470 - root - INFO - test roc_auc, 0.8631
2025-09-30 10:25:43,471 - root - INFO - new node test loss: 0.4596
2025-09-30 10:25:43,471 - root - INFO - new node test average_precision, 0.8473
2025-09-30 10:25:43,471 - root - INFO - new node test roc_auc, 0.8615
2025-09-30 10:25:43,471 - root - INFO - save model ./saved_models/TGAT/mooc/TGAT_seed0/TGAT_seed0.pkl
2025-09-30 10:29:23,231 - root - INFO - Epoch: 52, learning rate: 0.0001, train loss: 0.3181
2025-09-30 10:29:23,232 - root - INFO - train average_precision, 0.9037
2025-09-30 10:29:23,232 - root - INFO - train roc_auc, 0.9225
2025-09-30 10:29:23,232 - root - INFO - validate loss: 0.4379
2025-09-30 10:29:23,232 - root - INFO - validate average_precision, 0.8589
2025-09-30 10:29:23,233 - root - INFO - validate roc_auc, 0.8761
2025-09-30 10:29:23,233 - root - INFO - new node validate loss: 0.4568
2025-09-30 10:29:23,233 - root - INFO - new node validate average_precision, 0.8489
2025-09-30 10:29:23,233 - root - INFO - new node validate roc_auc, 0.8633
2025-09-30 10:30:14,709 - root - INFO - test loss: 0.4591
2025-09-30 10:30:14,710 - root - INFO - test average_precision, 0.8501
2025-09-30 10:30:14,710 - root - INFO - best test average_precision: 0.8501
2025-09-30 10:30:14,710 - root - INFO - test roc_auc, 0.8638
2025-09-30 10:30:14,710 - root - INFO - new node test loss: 0.4645
2025-09-30 10:30:14,710 - root - INFO - new node test average_precision, 0.8470
2025-09-30 10:30:14,710 - root - INFO - new node test roc_auc, 0.8616
2025-09-30 10:30:14,710 - root - INFO - save model ./saved_models/TGAT/mooc/TGAT_seed0/TGAT_seed0.pkl
2025-09-30 10:33:53,666 - root - INFO - Epoch: 53, learning rate: 0.0001, train loss: 0.3178
2025-09-30 10:33:53,667 - root - INFO - train average_precision, 0.9041
2025-09-30 10:33:53,667 - root - INFO - train roc_auc, 0.9226
2025-09-30 10:33:53,667 - root - INFO - validate loss: 0.4417
2025-09-30 10:33:53,667 - root - INFO - validate average_precision, 0.8554
2025-09-30 10:33:53,667 - root - INFO - validate roc_auc, 0.8728
2025-09-30 10:33:53,667 - root - INFO - new node validate loss: 0.4608
2025-09-30 10:33:53,668 - root - INFO - new node validate average_precision, 0.8465
2025-09-30 10:33:53,668 - root - INFO - new node validate roc_auc, 0.8599
2025-09-30 10:34:45,306 - root - INFO - test loss: 0.4627
2025-09-30 10:34:45,306 - root - INFO - test average_precision, 0.8473
2025-09-30 10:34:45,306 - root - INFO - best test average_precision: 0.8501
2025-09-30 10:34:45,306 - root - INFO - test roc_auc, 0.8606
2025-09-30 10:34:45,306 - root - INFO - new node test loss: 0.4681
2025-09-30 10:34:45,306 - root - INFO - new node test average_precision, 0.8442
2025-09-30 10:34:45,306 - root - INFO - new node test roc_auc, 0.8585
2025-09-30 10:38:24,120 - root - INFO - Epoch: 54, learning rate: 0.0001, train loss: 0.3169
2025-09-30 10:38:24,121 - root - INFO - train average_precision, 0.9041
2025-09-30 10:38:24,121 - root - INFO - train roc_auc, 0.9230
2025-09-30 10:38:24,121 - root - INFO - validate loss: 0.4457
2025-09-30 10:38:24,121 - root - INFO - validate average_precision, 0.8537
2025-09-30 10:38:24,121 - root - INFO - validate roc_auc, 0.8710
2025-09-30 10:38:24,121 - root - INFO - new node validate loss: 0.4610
2025-09-30 10:38:24,121 - root - INFO - new node validate average_precision, 0.8471
2025-09-30 10:38:24,121 - root - INFO - new node validate roc_auc, 0.8604
2025-09-30 10:39:15,528 - root - INFO - test loss: 0.4694
2025-09-30 10:39:15,528 - root - INFO - test average_precision, 0.8441
2025-09-30 10:39:15,528 - root - INFO - best test average_precision: 0.8501
2025-09-30 10:39:15,528 - root - INFO - test roc_auc, 0.8569
2025-09-30 10:39:15,528 - root - INFO - new node test loss: 0.4719
2025-09-30 10:39:15,528 - root - INFO - new node test average_precision, 0.8434
2025-09-30 10:39:15,528 - root - INFO - new node test roc_auc, 0.8570
2025-09-30 10:42:54,019 - root - INFO - Epoch: 55, learning rate: 0.0001, train loss: 0.3155
2025-09-30 10:42:54,020 - root - INFO - train average_precision, 0.9048
2025-09-30 10:42:54,020 - root - INFO - train roc_auc, 0.9235
2025-09-30 10:42:54,020 - root - INFO - validate loss: 0.4323
2025-09-30 10:42:54,020 - root - INFO - validate average_precision, 0.8578
2025-09-30 10:42:54,020 - root - INFO - validate roc_auc, 0.8753
2025-09-30 10:42:54,020 - root - INFO - new node validate loss: 0.4568
2025-09-30 10:42:54,020 - root - INFO - new node validate average_precision, 0.8457
2025-09-30 10:42:54,020 - root - INFO - new node validate roc_auc, 0.8603
2025-09-30 10:43:45,468 - root - INFO - test loss: 0.4562
2025-09-30 10:43:45,468 - root - INFO - test average_precision, 0.8488
2025-09-30 10:43:45,469 - root - INFO - best test average_precision: 0.8501
2025-09-30 10:43:45,469 - root - INFO - test roc_auc, 0.8621
2025-09-30 10:43:45,469 - root - INFO - new node test loss: 0.4620
2025-09-30 10:43:45,469 - root - INFO - new node test average_precision, 0.8442
2025-09-30 10:43:45,469 - root - INFO - new node test roc_auc, 0.8591
2025-09-30 10:47:24,748 - root - INFO - Epoch: 56, learning rate: 0.0001, train loss: 0.3164
2025-09-30 10:47:24,749 - root - INFO - train average_precision, 0.9039
2025-09-30 10:47:24,749 - root - INFO - train roc_auc, 0.9229
2025-09-30 10:47:24,749 - root - INFO - validate loss: 0.4393
2025-09-30 10:47:24,749 - root - INFO - validate average_precision, 0.8576
2025-09-30 10:47:24,749 - root - INFO - validate roc_auc, 0.8747
2025-09-30 10:47:24,749 - root - INFO - new node validate loss: 0.4570
2025-09-30 10:47:24,750 - root - INFO - new node validate average_precision, 0.8488
2025-09-30 10:47:24,750 - root - INFO - new node validate roc_auc, 0.8630
2025-09-30 10:48:16,273 - root - INFO - test loss: 0.4605
2025-09-30 10:48:16,273 - root - INFO - test average_precision, 0.8492
2025-09-30 10:48:16,273 - root - INFO - best test average_precision: 0.8501
2025-09-30 10:48:16,274 - root - INFO - test roc_auc, 0.8624
2025-09-30 10:48:16,274 - root - INFO - new node test loss: 0.4645
2025-09-30 10:48:16,274 - root - INFO - new node test average_precision, 0.8466
2025-09-30 10:48:16,274 - root - INFO - new node test roc_auc, 0.8609
2025-09-30 10:51:54,973 - root - INFO - Epoch: 57, learning rate: 0.0001, train loss: 0.3167
2025-09-30 10:51:54,973 - root - INFO - train average_precision, 0.9043
2025-09-30 10:51:54,973 - root - INFO - train roc_auc, 0.9231
2025-09-30 10:51:54,974 - root - INFO - validate loss: 0.4439
2025-09-30 10:51:54,974 - root - INFO - validate average_precision, 0.8568
2025-09-30 10:51:54,974 - root - INFO - validate roc_auc, 0.8734
2025-09-30 10:51:54,974 - root - INFO - new node validate loss: 0.4617
2025-09-30 10:51:54,974 - root - INFO - new node validate average_precision, 0.8480
2025-09-30 10:51:54,974 - root - INFO - new node validate roc_auc, 0.8611
2025-09-30 10:52:46,458 - root - INFO - test loss: 0.4663
2025-09-30 10:52:46,459 - root - INFO - test average_precision, 0.8482
2025-09-30 10:52:46,459 - root - INFO - best test average_precision: 0.8501
2025-09-30 10:52:46,459 - root - INFO - test roc_auc, 0.8605
2025-09-30 10:52:46,459 - root - INFO - new node test loss: 0.4737
2025-09-30 10:52:46,459 - root - INFO - new node test average_precision, 0.8445
2025-09-30 10:52:46,459 - root - INFO - new node test roc_auc, 0.8577
2025-09-30 10:56:25,340 - root - INFO - Epoch: 58, learning rate: 0.0001, train loss: 0.3156
2025-09-30 10:56:25,341 - root - INFO - train average_precision, 0.9046
2025-09-30 10:56:25,341 - root - INFO - train roc_auc, 0.9235
2025-09-30 10:56:25,341 - root - INFO - validate loss: 0.4397
2025-09-30 10:56:25,341 - root - INFO - validate average_precision, 0.8580
2025-09-30 10:56:25,341 - root - INFO - validate roc_auc, 0.8748
2025-09-30 10:56:25,341 - root - INFO - new node validate loss: 0.4573
2025-09-30 10:56:25,341 - root - INFO - new node validate average_precision, 0.8518
2025-09-30 10:56:25,341 - root - INFO - new node validate roc_auc, 0.8635
2025-09-30 10:57:16,774 - root - INFO - test loss: 0.4647
2025-09-30 10:57:16,774 - root - INFO - test average_precision, 0.8477
2025-09-30 10:57:16,774 - root - INFO - best test average_precision: 0.8501
2025-09-30 10:57:16,774 - root - INFO - test roc_auc, 0.8601
2025-09-30 10:57:16,774 - root - INFO - new node test loss: 0.4701
2025-09-30 10:57:16,775 - root - INFO - new node test average_precision, 0.8458
2025-09-30 10:57:16,775 - root - INFO - new node test roc_auc, 0.8584
2025-09-30 11:00:55,830 - root - INFO - Epoch: 59, learning rate: 0.0001, train loss: 0.3168
2025-09-30 11:00:55,831 - root - INFO - train average_precision, 0.9040
2025-09-30 11:00:55,831 - root - INFO - train roc_auc, 0.9230
2025-09-30 11:00:55,831 - root - INFO - validate loss: 0.4360
2025-09-30 11:00:55,832 - root - INFO - validate average_precision, 0.8580
2025-09-30 11:00:55,832 - root - INFO - validate roc_auc, 0.8751
2025-09-30 11:00:55,832 - root - INFO - new node validate loss: 0.4555
2025-09-30 11:00:55,832 - root - INFO - new node validate average_precision, 0.8493
2025-09-30 11:00:55,832 - root - INFO - new node validate roc_auc, 0.8631
2025-09-30 11:01:47,308 - root - INFO - test loss: 0.4575
2025-09-30 11:01:47,308 - root - INFO - test average_precision, 0.8501
2025-09-30 11:01:47,308 - root - INFO - best test average_precision: 0.8501
2025-09-30 11:01:47,308 - root - INFO - test roc_auc, 0.8630
2025-09-30 11:01:47,308 - root - INFO - new node test loss: 0.4635
2025-09-30 11:01:47,308 - root - INFO - new node test average_precision, 0.8462
2025-09-30 11:01:47,308 - root - INFO - new node test roc_auc, 0.8606
2025-09-30 11:05:26,458 - root - INFO - Epoch: 60, learning rate: 0.0001, train loss: 0.3148
2025-09-30 11:05:26,459 - root - INFO - train average_precision, 0.9050
2025-09-30 11:05:26,460 - root - INFO - train roc_auc, 0.9241
2025-09-30 11:05:26,460 - root - INFO - validate loss: 0.4454
2025-09-30 11:05:26,460 - root - INFO - validate average_precision, 0.8554
2025-09-30 11:05:26,460 - root - INFO - validate roc_auc, 0.8721
2025-09-30 11:05:26,460 - root - INFO - new node validate loss: 0.4609
2025-09-30 11:05:26,460 - root - INFO - new node validate average_precision, 0.8497
2025-09-30 11:05:26,460 - root - INFO - new node validate roc_auc, 0.8620
2025-09-30 11:06:17,849 - root - INFO - test loss: 0.4699
2025-09-30 11:06:17,849 - root - INFO - test average_precision, 0.8464
2025-09-30 11:06:17,849 - root - INFO - best test average_precision: 0.8501
2025-09-30 11:06:17,849 - root - INFO - test roc_auc, 0.8584
2025-09-30 11:06:17,849 - root - INFO - new node test loss: 0.4756
2025-09-30 11:06:17,849 - root - INFO - new node test average_precision, 0.8438
2025-09-30 11:06:17,849 - root - INFO - new node test roc_auc, 0.8568
2025-09-30 11:09:57,100 - root - INFO - Epoch: 61, learning rate: 0.0001, train loss: 0.3141
2025-09-30 11:09:57,101 - root - INFO - train average_precision, 0.9052
2025-09-30 11:09:57,101 - root - INFO - train roc_auc, 0.9243
2025-09-30 11:09:57,101 - root - INFO - validate loss: 0.4356
2025-09-30 11:09:57,101 - root - INFO - validate average_precision, 0.8600
2025-09-30 11:09:57,101 - root - INFO - validate roc_auc, 0.8775
2025-09-30 11:09:57,101 - root - INFO - new node validate loss: 0.4526
2025-09-30 11:09:57,101 - root - INFO - new node validate average_precision, 0.8527
2025-09-30 11:09:57,101 - root - INFO - new node validate roc_auc, 0.8661
2025-09-30 11:10:48,494 - root - INFO - test loss: 0.4586
2025-09-30 11:10:48,495 - root - INFO - test average_precision, 0.8509
2025-09-30 11:10:48,495 - root - INFO - best test average_precision: 0.8509
2025-09-30 11:10:48,495 - root - INFO - test roc_auc, 0.8641
2025-09-30 11:10:48,495 - root - INFO - new node test loss: 0.4638
2025-09-30 11:10:48,495 - root - INFO - new node test average_precision, 0.8480
2025-09-30 11:10:48,495 - root - INFO - new node test roc_auc, 0.8620
2025-09-30 11:10:48,495 - root - INFO - save model ./saved_models/TGAT/mooc/TGAT_seed0/TGAT_seed0.pkl
2025-09-30 11:14:27,105 - root - INFO - Epoch: 62, learning rate: 0.0001, train loss: 0.3130
2025-09-30 11:14:27,106 - root - INFO - train average_precision, 0.9064
2025-09-30 11:14:27,106 - root - INFO - train roc_auc, 0.9249
2025-09-30 11:14:27,106 - root - INFO - validate loss: 0.4436
2025-09-30 11:14:27,106 - root - INFO - validate average_precision, 0.8564
2025-09-30 11:14:27,106 - root - INFO - validate roc_auc, 0.8732
2025-09-30 11:14:27,106 - root - INFO - new node validate loss: 0.4596
2025-09-30 11:14:27,106 - root - INFO - new node validate average_precision, 0.8502
2025-09-30 11:14:27,106 - root - INFO - new node validate roc_auc, 0.8622
2025-09-30 11:15:18,529 - root - INFO - test loss: 0.4658
2025-09-30 11:15:18,530 - root - INFO - test average_precision, 0.8473
2025-09-30 11:15:18,530 - root - INFO - best test average_precision: 0.8509
2025-09-30 11:15:18,530 - root - INFO - test roc_auc, 0.8603
2025-09-30 11:15:18,530 - root - INFO - new node test loss: 0.4717
2025-09-30 11:15:18,530 - root - INFO - new node test average_precision, 0.8449
2025-09-30 11:15:18,530 - root - INFO - new node test roc_auc, 0.8582
2025-09-30 11:18:57,689 - root - INFO - Epoch: 63, learning rate: 0.0001, train loss: 0.3140
2025-09-30 11:18:57,690 - root - INFO - train average_precision, 0.9060
2025-09-30 11:18:57,690 - root - INFO - train roc_auc, 0.9244
2025-09-30 11:18:57,690 - root - INFO - validate loss: 0.4417
2025-09-30 11:18:57,690 - root - INFO - validate average_precision, 0.8556
2025-09-30 11:18:57,691 - root - INFO - validate roc_auc, 0.8727
2025-09-30 11:18:57,691 - root - INFO - new node validate loss: 0.4606
2025-09-30 11:18:57,691 - root - INFO - new node validate average_precision, 0.8480
2025-09-30 11:18:57,691 - root - INFO - new node validate roc_auc, 0.8604
2025-09-30 11:19:49,286 - root - INFO - test loss: 0.4639
2025-09-30 11:19:49,287 - root - INFO - test average_precision, 0.8468
2025-09-30 11:19:49,287 - root - INFO - best test average_precision: 0.8509
2025-09-30 11:19:49,287 - root - INFO - test roc_auc, 0.8599
2025-09-30 11:19:49,287 - root - INFO - new node test loss: 0.4700
2025-09-30 11:19:49,287 - root - INFO - new node test average_precision, 0.8446
2025-09-30 11:19:49,287 - root - INFO - new node test roc_auc, 0.8574
2025-09-30 11:23:28,692 - root - INFO - Epoch: 64, learning rate: 0.0001, train loss: 0.3124
2025-09-30 11:23:28,693 - root - INFO - train average_precision, 0.9067
2025-09-30 11:23:28,693 - root - INFO - train roc_auc, 0.9251
2025-09-30 11:23:28,693 - root - INFO - validate loss: 0.4380
2025-09-30 11:23:28,694 - root - INFO - validate average_precision, 0.8584
2025-09-30 11:23:28,694 - root - INFO - validate roc_auc, 0.8755
2025-09-30 11:23:28,694 - root - INFO - new node validate loss: 0.4520
2025-09-30 11:23:28,694 - root - INFO - new node validate average_precision, 0.8529
2025-09-30 11:23:28,694 - root - INFO - new node validate roc_auc, 0.8664
2025-09-30 11:24:20,232 - root - INFO - test loss: 0.4602
2025-09-30 11:24:20,232 - root - INFO - test average_precision, 0.8503
2025-09-30 11:24:20,232 - root - INFO - best test average_precision: 0.8509
2025-09-30 11:24:20,233 - root - INFO - test roc_auc, 0.8632
2025-09-30 11:24:20,233 - root - INFO - new node test loss: 0.4627
2025-09-30 11:24:20,233 - root - INFO - new node test average_precision, 0.8492
2025-09-30 11:24:20,233 - root - INFO - new node test roc_auc, 0.8630
2025-09-30 11:27:59,310 - root - INFO - Epoch: 65, learning rate: 0.0001, train loss: 0.3136
2025-09-30 11:27:59,311 - root - INFO - train average_precision, 0.9055
2025-09-30 11:27:59,311 - root - INFO - train roc_auc, 0.9245
2025-09-30 11:27:59,311 - root - INFO - validate loss: 0.4409
2025-09-30 11:27:59,311 - root - INFO - validate average_precision, 0.8581
2025-09-30 11:27:59,311 - root - INFO - validate roc_auc, 0.8749
2025-09-30 11:27:59,311 - root - INFO - new node validate loss: 0.4586
2025-09-30 11:27:59,311 - root - INFO - new node validate average_precision, 0.8505
2025-09-30 11:27:59,311 - root - INFO - new node validate roc_auc, 0.8632
2025-09-30 11:28:50,746 - root - INFO - test loss: 0.4642
2025-09-30 11:28:50,746 - root - INFO - test average_precision, 0.8488
2025-09-30 11:28:50,746 - root - INFO - best test average_precision: 0.8509
2025-09-30 11:28:50,746 - root - INFO - test roc_auc, 0.8614
2025-09-30 11:28:50,746 - root - INFO - new node test loss: 0.4698
2025-09-30 11:28:50,746 - root - INFO - new node test average_precision, 0.8468
2025-09-30 11:28:50,746 - root - INFO - new node test roc_auc, 0.8597
2025-09-30 11:32:30,536 - root - INFO - Epoch: 66, learning rate: 0.0001, train loss: 0.3117
2025-09-30 11:32:30,536 - root - INFO - train average_precision, 0.9069
2025-09-30 11:32:30,537 - root - INFO - train roc_auc, 0.9255
2025-09-30 11:32:30,537 - root - INFO - validate loss: 0.4361
2025-09-30 11:32:30,537 - root - INFO - validate average_precision, 0.8602
2025-09-30 11:32:30,537 - root - INFO - validate roc_auc, 0.8779
2025-09-30 11:32:30,537 - root - INFO - new node validate loss: 0.4534
2025-09-30 11:32:30,537 - root - INFO - new node validate average_precision, 0.8525
2025-09-30 11:32:30,537 - root - INFO - new node validate roc_auc, 0.8664
2025-09-30 11:33:22,159 - root - INFO - test loss: 0.4601
2025-09-30 11:33:22,159 - root - INFO - test average_precision, 0.8507
2025-09-30 11:33:22,159 - root - INFO - best test average_precision: 0.8509
2025-09-30 11:33:22,159 - root - INFO - test roc_auc, 0.8645
2025-09-30 11:33:22,160 - root - INFO - new node test loss: 0.4646
2025-09-30 11:33:22,160 - root - INFO - new node test average_precision, 0.8488
2025-09-30 11:33:22,160 - root - INFO - new node test roc_auc, 0.8634
2025-09-30 11:33:22,160 - root - INFO - save model ./saved_models/TGAT/mooc/TGAT_seed0/TGAT_seed0.pkl
2025-09-30 11:37:02,352 - root - INFO - Epoch: 67, learning rate: 0.0001, train loss: 0.3101
2025-09-30 11:37:02,353 - root - INFO - train average_precision, 0.9073
2025-09-30 11:37:02,353 - root - INFO - train roc_auc, 0.9261
2025-09-30 11:37:02,353 - root - INFO - validate loss: 0.4473
2025-09-30 11:37:02,353 - root - INFO - validate average_precision, 0.8547
2025-09-30 11:37:02,353 - root - INFO - validate roc_auc, 0.8716
2025-09-30 11:37:02,353 - root - INFO - new node validate loss: 0.4637
2025-09-30 11:37:02,354 - root - INFO - new node validate average_precision, 0.8471
2025-09-30 11:37:02,354 - root - INFO - new node validate roc_auc, 0.8605
2025-09-30 11:37:53,782 - root - INFO - test loss: 0.4707
2025-09-30 11:37:53,782 - root - INFO - test average_precision, 0.8452
2025-09-30 11:37:53,783 - root - INFO - best test average_precision: 0.8509
2025-09-30 11:37:53,783 - root - INFO - test roc_auc, 0.8583
2025-09-30 11:37:53,783 - root - INFO - new node test loss: 0.4768
2025-09-30 11:37:53,783 - root - INFO - new node test average_precision, 0.8422
2025-09-30 11:37:53,783 - root - INFO - new node test roc_auc, 0.8565
2025-09-30 11:41:33,723 - root - INFO - Epoch: 68, learning rate: 0.0001, train loss: 0.3119
2025-09-30 11:41:33,723 - root - INFO - train average_precision, 0.9064
2025-09-30 11:41:33,723 - root - INFO - train roc_auc, 0.9251
2025-09-30 11:41:33,724 - root - INFO - validate loss: 0.4420
2025-09-30 11:41:33,724 - root - INFO - validate average_precision, 0.8569
2025-09-30 11:41:33,724 - root - INFO - validate roc_auc, 0.8737
2025-09-30 11:41:33,724 - root - INFO - new node validate loss: 0.4591
2025-09-30 11:41:33,724 - root - INFO - new node validate average_precision, 0.8494
2025-09-30 11:41:33,724 - root - INFO - new node validate roc_auc, 0.8627
2025-09-30 11:42:25,202 - root - INFO - test loss: 0.4664
2025-09-30 11:42:25,203 - root - INFO - test average_precision, 0.8472
2025-09-30 11:42:25,203 - root - INFO - best test average_precision: 0.8509
2025-09-30 11:42:25,203 - root - INFO - test roc_auc, 0.8601
2025-09-30 11:42:25,203 - root - INFO - new node test loss: 0.4730
2025-09-30 11:42:25,203 - root - INFO - new node test average_precision, 0.8445
2025-09-30 11:42:25,203 - root - INFO - new node test roc_auc, 0.8580
2025-09-30 11:46:05,080 - root - INFO - Epoch: 69, learning rate: 0.0001, train loss: 0.3112
2025-09-30 11:46:05,080 - root - INFO - train average_precision, 0.9069
2025-09-30 11:46:05,081 - root - INFO - train roc_auc, 0.9257
2025-09-30 11:46:05,081 - root - INFO - validate loss: 0.4403
2025-09-30 11:46:05,081 - root - INFO - validate average_precision, 0.8577
2025-09-30 11:46:05,081 - root - INFO - validate roc_auc, 0.8743
2025-09-30 11:46:05,081 - root - INFO - new node validate loss: 0.4586
2025-09-30 11:46:05,081 - root - INFO - new node validate average_precision, 0.8510
2025-09-30 11:46:05,081 - root - INFO - new node validate roc_auc, 0.8627
2025-09-30 11:46:56,831 - root - INFO - test loss: 0.4657
2025-09-30 11:46:56,832 - root - INFO - test average_precision, 0.8477
2025-09-30 11:46:56,832 - root - INFO - best test average_precision: 0.8509
2025-09-30 11:46:56,832 - root - INFO - test roc_auc, 0.8602
2025-09-30 11:46:56,832 - root - INFO - new node test loss: 0.4720
2025-09-30 11:46:56,832 - root - INFO - new node test average_precision, 0.8462
2025-09-30 11:46:56,832 - root - INFO - new node test roc_auc, 0.8584
2025-09-30 11:50:37,513 - root - INFO - Epoch: 70, learning rate: 0.0001, train loss: 0.3107
2025-09-30 11:50:37,515 - root - INFO - train average_precision, 0.9072
2025-09-30 11:50:37,515 - root - INFO - train roc_auc, 0.9259
2025-09-30 11:50:37,515 - root - INFO - validate loss: 0.4376
2025-09-30 11:50:37,515 - root - INFO - validate average_precision, 0.8597
2025-09-30 11:50:37,515 - root - INFO - validate roc_auc, 0.8766
2025-09-30 11:50:37,515 - root - INFO - new node validate loss: 0.4520
2025-09-30 11:50:37,515 - root - INFO - new node validate average_precision, 0.8546
2025-09-30 11:50:37,515 - root - INFO - new node validate roc_auc, 0.8669
2025-09-30 11:51:29,145 - root - INFO - test loss: 0.4602
2025-09-30 11:51:29,145 - root - INFO - test average_precision, 0.8502
2025-09-30 11:51:29,145 - root - INFO - best test average_precision: 0.8509
2025-09-30 11:51:29,145 - root - INFO - test roc_auc, 0.8638
2025-09-30 11:51:29,145 - root - INFO - new node test loss: 0.4640
2025-09-30 11:51:29,145 - root - INFO - new node test average_precision, 0.8491
2025-09-30 11:51:29,145 - root - INFO - new node test roc_auc, 0.8628
2025-09-30 11:55:08,538 - root - INFO - Epoch: 71, learning rate: 0.0001, train loss: 0.3100
2025-09-30 11:55:08,539 - root - INFO - train average_precision, 0.9077
2025-09-30 11:55:08,539 - root - INFO - train roc_auc, 0.9262
2025-09-30 11:55:08,539 - root - INFO - validate loss: 0.4351
2025-09-30 11:55:08,539 - root - INFO - validate average_precision, 0.8599
2025-09-30 11:55:08,539 - root - INFO - validate roc_auc, 0.8769
2025-09-30 11:55:08,539 - root - INFO - new node validate loss: 0.4527
2025-09-30 11:55:08,539 - root - INFO - new node validate average_precision, 0.8525
2025-09-30 11:55:08,539 - root - INFO - new node validate roc_auc, 0.8657
2025-09-30 11:56:00,011 - root - INFO - test loss: 0.4587
2025-09-30 11:56:00,011 - root - INFO - test average_precision, 0.8509
2025-09-30 11:56:00,012 - root - INFO - best test average_precision: 0.8509
2025-09-30 11:56:00,012 - root - INFO - test roc_auc, 0.8640
2025-09-30 11:56:00,012 - root - INFO - new node test loss: 0.4636
2025-09-30 11:56:00,012 - root - INFO - new node test average_precision, 0.8489
2025-09-30 11:56:00,012 - root - INFO - new node test roc_auc, 0.8626
2025-09-30 11:59:40,260 - root - INFO - Epoch: 72, learning rate: 0.0001, train loss: 0.3095
2025-09-30 11:59:40,261 - root - INFO - train average_precision, 0.9078
2025-09-30 11:59:40,261 - root - INFO - train roc_auc, 0.9264
2025-09-30 11:59:40,261 - root - INFO - validate loss: 0.4396
2025-09-30 11:59:40,262 - root - INFO - validate average_precision, 0.8602
2025-09-30 11:59:40,262 - root - INFO - validate roc_auc, 0.8770
2025-09-30 11:59:40,262 - root - INFO - new node validate loss: 0.4548
2025-09-30 11:59:40,262 - root - INFO - new node validate average_precision, 0.8541
2025-09-30 11:59:40,262 - root - INFO - new node validate roc_auc, 0.8664
2025-09-30 12:00:31,660 - root - INFO - test loss: 0.4624
2025-09-30 12:00:31,660 - root - INFO - test average_precision, 0.8506
2025-09-30 12:00:31,660 - root - INFO - best test average_precision: 0.8509
2025-09-30 12:00:31,660 - root - INFO - test roc_auc, 0.8638
2025-09-30 12:00:31,660 - root - INFO - new node test loss: 0.4671
2025-09-30 12:00:31,660 - root - INFO - new node test average_precision, 0.8482
2025-09-30 12:00:31,660 - root - INFO - new node test roc_auc, 0.8623
2025-09-30 12:04:12,033 - root - INFO - Epoch: 73, learning rate: 0.0001, train loss: 0.3098
2025-09-30 12:04:12,033 - root - INFO - train average_precision, 0.9075
2025-09-30 12:04:12,033 - root - INFO - train roc_auc, 0.9264
2025-09-30 12:04:12,033 - root - INFO - validate loss: 0.4427
2025-09-30 12:04:12,034 - root - INFO - validate average_precision, 0.8575
2025-09-30 12:04:12,034 - root - INFO - validate roc_auc, 0.8746
2025-09-30 12:04:12,034 - root - INFO - new node validate loss: 0.4619
2025-09-30 12:04:12,034 - root - INFO - new node validate average_precision, 0.8501
2025-09-30 12:04:12,034 - root - INFO - new node validate roc_auc, 0.8625
2025-09-30 12:05:03,480 - root - INFO - test loss: 0.4691
2025-09-30 12:05:03,480 - root - INFO - test average_precision, 0.8475
2025-09-30 12:05:03,480 - root - INFO - best test average_precision: 0.8509
2025-09-30 12:05:03,480 - root - INFO - test roc_auc, 0.8602
2025-09-30 12:05:03,480 - root - INFO - new node test loss: 0.4777
2025-09-30 12:05:03,480 - root - INFO - new node test average_precision, 0.8438
2025-09-30 12:05:03,481 - root - INFO - new node test roc_auc, 0.8571
2025-09-30 12:08:43,316 - root - INFO - Epoch: 74, learning rate: 0.0001, train loss: 0.3085
2025-09-30 12:08:43,316 - root - INFO - train average_precision, 0.9080
2025-09-30 12:08:43,316 - root - INFO - train roc_auc, 0.9268
2025-09-30 12:08:43,317 - root - INFO - validate loss: 0.4397
2025-09-30 12:08:43,317 - root - INFO - validate average_precision, 0.8582
2025-09-30 12:08:43,317 - root - INFO - validate roc_auc, 0.8755
2025-09-30 12:08:43,317 - root - INFO - new node validate loss: 0.4593
2025-09-30 12:08:43,317 - root - INFO - new node validate average_precision, 0.8503
2025-09-30 12:08:43,317 - root - INFO - new node validate roc_auc, 0.8632
2025-09-30 12:09:34,744 - root - INFO - test loss: 0.4658
2025-09-30 12:09:34,744 - root - INFO - test average_precision, 0.8483
2025-09-30 12:09:34,744 - root - INFO - best test average_precision: 0.8509
2025-09-30 12:09:34,744 - root - INFO - test roc_auc, 0.8615
2025-09-30 12:09:34,744 - root - INFO - new node test loss: 0.4731
2025-09-30 12:09:34,744 - root - INFO - new node test average_precision, 0.8450
2025-09-30 12:09:34,744 - root - INFO - new node test roc_auc, 0.8590
2025-09-30 12:13:14,181 - root - INFO - Epoch: 75, learning rate: 0.0001, train loss: 0.3088
2025-09-30 12:13:14,181 - root - INFO - train average_precision, 0.9076
2025-09-30 12:13:14,182 - root - INFO - train roc_auc, 0.9266
2025-09-30 12:13:14,182 - root - INFO - validate loss: 0.4491
2025-09-30 12:13:14,182 - root - INFO - validate average_precision, 0.8562
2025-09-30 12:13:14,182 - root - INFO - validate roc_auc, 0.8732
2025-09-30 12:13:14,182 - root - INFO - new node validate loss: 0.4690
2025-09-30 12:13:14,182 - root - INFO - new node validate average_precision, 0.8467
2025-09-30 12:13:14,182 - root - INFO - new node validate roc_auc, 0.8597
2025-09-30 12:14:05,673 - root - INFO - test loss: 0.4754
2025-09-30 12:14:05,673 - root - INFO - test average_precision, 0.8463
2025-09-30 12:14:05,674 - root - INFO - best test average_precision: 0.8509
2025-09-30 12:14:05,674 - root - INFO - test roc_auc, 0.8591
2025-09-30 12:14:05,674 - root - INFO - new node test loss: 0.4876
2025-09-30 12:14:05,674 - root - INFO - new node test average_precision, 0.8409
2025-09-30 12:14:05,674 - root - INFO - new node test roc_auc, 0.8548
2025-09-30 12:17:45,155 - root - INFO - Epoch: 76, learning rate: 0.0001, train loss: 0.3075
2025-09-30 12:17:45,156 - root - INFO - train average_precision, 0.9092
2025-09-30 12:17:45,156 - root - INFO - train roc_auc, 0.9275
2025-09-30 12:17:45,156 - root - INFO - validate loss: 0.4402
2025-09-30 12:17:45,156 - root - INFO - validate average_precision, 0.8596
2025-09-30 12:17:45,157 - root - INFO - validate roc_auc, 0.8770
2025-09-30 12:17:45,157 - root - INFO - new node validate loss: 0.4579
2025-09-30 12:17:45,157 - root - INFO - new node validate average_precision, 0.8519
2025-09-30 12:17:45,157 - root - INFO - new node validate roc_auc, 0.8653
2025-09-30 12:18:36,683 - root - INFO - test loss: 0.4645
2025-09-30 12:18:36,684 - root - INFO - test average_precision, 0.8504
2025-09-30 12:18:36,684 - root - INFO - best test average_precision: 0.8509
2025-09-30 12:18:36,684 - root - INFO - test roc_auc, 0.8639
2025-09-30 12:18:36,684 - root - INFO - new node test loss: 0.4727
2025-09-30 12:18:36,684 - root - INFO - new node test average_precision, 0.8466
2025-09-30 12:18:36,684 - root - INFO - new node test roc_auc, 0.8612
2025-09-30 12:22:16,492 - root - INFO - Epoch: 77, learning rate: 0.0001, train loss: 0.3083
2025-09-30 12:22:16,493 - root - INFO - train average_precision, 0.9084
2025-09-30 12:22:16,493 - root - INFO - train roc_auc, 0.9268
2025-09-30 12:22:16,493 - root - INFO - validate loss: 0.4460
2025-09-30 12:22:16,493 - root - INFO - validate average_precision, 0.8553
2025-09-30 12:22:16,493 - root - INFO - validate roc_auc, 0.8731
2025-09-30 12:22:16,493 - root - INFO - new node validate loss: 0.4627
2025-09-30 12:22:16,493 - root - INFO - new node validate average_precision, 0.8491
2025-09-30 12:22:16,493 - root - INFO - new node validate roc_auc, 0.8617
2025-09-30 12:23:08,039 - root - INFO - test loss: 0.4683
2025-09-30 12:23:08,039 - root - INFO - test average_precision, 0.8471
2025-09-30 12:23:08,039 - root - INFO - best test average_precision: 0.8509
2025-09-30 12:23:08,039 - root - INFO - test roc_auc, 0.8611
2025-09-30 12:23:08,039 - root - INFO - new node test loss: 0.4751
2025-09-30 12:23:08,039 - root - INFO - new node test average_precision, 0.8445
2025-09-30 12:23:08,039 - root - INFO - new node test roc_auc, 0.8590
2025-09-30 12:26:47,566 - root - INFO - Epoch: 78, learning rate: 0.0001, train loss: 0.3088
2025-09-30 12:26:47,567 - root - INFO - train average_precision, 0.9075
2025-09-30 12:26:47,567 - root - INFO - train roc_auc, 0.9265
2025-09-30 12:26:47,567 - root - INFO - validate loss: 0.4435
2025-09-30 12:26:47,567 - root - INFO - validate average_precision, 0.8568
2025-09-30 12:26:47,567 - root - INFO - validate roc_auc, 0.8738
2025-09-30 12:26:47,567 - root - INFO - new node validate loss: 0.4574
2025-09-30 12:26:47,567 - root - INFO - new node validate average_precision, 0.8528
2025-09-30 12:26:47,567 - root - INFO - new node validate roc_auc, 0.8642
2025-09-30 12:27:38,953 - root - INFO - test loss: 0.4671
2025-09-30 12:27:38,953 - root - INFO - test average_precision, 0.8479
2025-09-30 12:27:38,953 - root - INFO - best test average_precision: 0.8509
2025-09-30 12:27:38,953 - root - INFO - test roc_auc, 0.8606
2025-09-30 12:27:38,953 - root - INFO - new node test loss: 0.4712
2025-09-30 12:27:38,953 - root - INFO - new node test average_precision, 0.8468
2025-09-30 12:27:38,953 - root - INFO - new node test roc_auc, 0.8599
2025-09-30 12:31:18,237 - root - INFO - Epoch: 79, learning rate: 0.0001, train loss: 0.3088
2025-09-30 12:31:18,237 - root - INFO - train average_precision, 0.9080
2025-09-30 12:31:18,237 - root - INFO - train roc_auc, 0.9268
2025-09-30 12:31:18,237 - root - INFO - validate loss: 0.4440
2025-09-30 12:31:18,238 - root - INFO - validate average_precision, 0.8556
2025-09-30 12:31:18,238 - root - INFO - validate roc_auc, 0.8731
2025-09-30 12:31:18,238 - root - INFO - new node validate loss: 0.4618
2025-09-30 12:31:18,238 - root - INFO - new node validate average_precision, 0.8485
2025-09-30 12:31:18,238 - root - INFO - new node validate roc_auc, 0.8614
2025-09-30 12:32:09,712 - root - INFO - test loss: 0.4688
2025-09-30 12:32:09,713 - root - INFO - test average_precision, 0.8456
2025-09-30 12:32:09,713 - root - INFO - best test average_precision: 0.8509
2025-09-30 12:32:09,713 - root - INFO - test roc_auc, 0.8595
2025-09-30 12:32:09,713 - root - INFO - new node test loss: 0.4765
2025-09-30 12:32:09,713 - root - INFO - new node test average_precision, 0.8432
2025-09-30 12:32:09,713 - root - INFO - new node test roc_auc, 0.8568
2025-09-30 12:35:49,235 - root - INFO - Epoch: 80, learning rate: 0.0001, train loss: 0.3082
2025-09-30 12:35:49,235 - root - INFO - train average_precision, 0.9076
2025-09-30 12:35:49,235 - root - INFO - train roc_auc, 0.9270
2025-09-30 12:35:49,236 - root - INFO - validate loss: 0.4416
2025-09-30 12:35:49,236 - root - INFO - validate average_precision, 0.8587
2025-09-30 12:35:49,236 - root - INFO - validate roc_auc, 0.8756
2025-09-30 12:35:49,236 - root - INFO - new node validate loss: 0.4601
2025-09-30 12:35:49,236 - root - INFO - new node validate average_precision, 0.8505
2025-09-30 12:35:49,236 - root - INFO - new node validate roc_auc, 0.8633
2025-09-30 12:36:40,705 - root - INFO - test loss: 0.4656
2025-09-30 12:36:40,705 - root - INFO - test average_precision, 0.8496
2025-09-30 12:36:40,705 - root - INFO - best test average_precision: 0.8509
2025-09-30 12:36:40,705 - root - INFO - test roc_auc, 0.8625
2025-09-30 12:36:40,705 - root - INFO - new node test loss: 0.4752
2025-09-30 12:36:40,705 - root - INFO - new node test average_precision, 0.8450
2025-09-30 12:36:40,705 - root - INFO - new node test roc_auc, 0.8589
2025-09-30 12:40:20,428 - root - INFO - Epoch: 81, learning rate: 0.0001, train loss: 0.3073
2025-09-30 12:40:20,429 - root - INFO - train average_precision, 0.9087
2025-09-30 12:40:20,429 - root - INFO - train roc_auc, 0.9274
2025-09-30 12:40:20,429 - root - INFO - validate loss: 0.4467
2025-09-30 12:40:20,429 - root - INFO - validate average_precision, 0.8560
2025-09-30 12:40:20,429 - root - INFO - validate roc_auc, 0.8735
2025-09-30 12:40:20,429 - root - INFO - new node validate loss: 0.4614
2025-09-30 12:40:20,429 - root - INFO - new node validate average_precision, 0.8502
2025-09-30 12:40:20,429 - root - INFO - new node validate roc_auc, 0.8629
2025-09-30 12:41:11,871 - root - INFO - test loss: 0.4701
2025-09-30 12:41:11,871 - root - INFO - test average_precision, 0.8472
2025-09-30 12:41:11,871 - root - INFO - best test average_precision: 0.8509
2025-09-30 12:41:11,871 - root - INFO - test roc_auc, 0.8606
2025-09-30 12:41:11,871 - root - INFO - new node test loss: 0.4759
2025-09-30 12:41:11,871 - root - INFO - new node test average_precision, 0.8451
2025-09-30 12:41:11,871 - root - INFO - new node test roc_auc, 0.8589
2025-09-30 12:44:51,362 - root - INFO - Epoch: 82, learning rate: 0.0001, train loss: 0.3066
2025-09-30 12:44:51,363 - root - INFO - train average_precision, 0.9084
2025-09-30 12:44:51,363 - root - INFO - train roc_auc, 0.9277
2025-09-30 12:44:51,363 - root - INFO - validate loss: 0.4500
2025-09-30 12:44:51,363 - root - INFO - validate average_precision, 0.8550
2025-09-30 12:44:51,363 - root - INFO - validate roc_auc, 0.8729
2025-09-30 12:44:51,363 - root - INFO - new node validate loss: 0.4701
2025-09-30 12:44:51,363 - root - INFO - new node validate average_precision, 0.8468
2025-09-30 12:44:51,363 - root - INFO - new node validate roc_auc, 0.8595
2025-09-30 12:45:42,975 - root - INFO - test loss: 0.4750
2025-09-30 12:45:42,976 - root - INFO - test average_precision, 0.8456
2025-09-30 12:45:42,976 - root - INFO - best test average_precision: 0.8509
2025-09-30 12:45:42,976 - root - INFO - test roc_auc, 0.8594
2025-09-30 12:45:42,976 - root - INFO - new node test loss: 0.4842
2025-09-30 12:45:42,976 - root - INFO - new node test average_precision, 0.8428
2025-09-30 12:45:42,976 - root - INFO - new node test roc_auc, 0.8568
2025-09-30 12:49:22,673 - root - INFO - Epoch: 83, learning rate: 0.0001, train loss: 0.3058
2025-09-30 12:49:22,674 - root - INFO - train average_precision, 0.9093
2025-09-30 12:49:22,674 - root - INFO - train roc_auc, 0.9281
2025-09-30 12:49:22,674 - root - INFO - validate loss: 0.4398
2025-09-30 12:49:22,674 - root - INFO - validate average_precision, 0.8597
2025-09-30 12:49:22,674 - root - INFO - validate roc_auc, 0.8771
2025-09-30 12:49:22,674 - root - INFO - new node validate loss: 0.4570
2025-09-30 12:49:22,674 - root - INFO - new node validate average_precision, 0.8532
2025-09-30 12:49:22,674 - root - INFO - new node validate roc_auc, 0.8655
2025-09-30 12:50:14,152 - root - INFO - test loss: 0.4662
2025-09-30 12:50:14,152 - root - INFO - test average_precision, 0.8488
2025-09-30 12:50:14,152 - root - INFO - best test average_precision: 0.8509
2025-09-30 12:50:14,152 - root - INFO - test roc_auc, 0.8627
2025-09-30 12:50:14,152 - root - INFO - new node test loss: 0.4724
2025-09-30 12:50:14,152 - root - INFO - new node test average_precision, 0.8469
2025-09-30 12:50:14,152 - root - INFO - new node test roc_auc, 0.8609
2025-09-30 12:53:53,181 - root - INFO - Epoch: 84, learning rate: 0.0001, train loss: 0.3063
2025-09-30 12:53:53,182 - root - INFO - train average_precision, 0.9082
2025-09-30 12:53:53,182 - root - INFO - train roc_auc, 0.9275
2025-09-30 12:53:53,182 - root - INFO - validate loss: 0.4485
2025-09-30 12:53:53,182 - root - INFO - validate average_precision, 0.8577
2025-09-30 12:53:53,182 - root - INFO - validate roc_auc, 0.8748
2025-09-30 12:53:53,183 - root - INFO - new node validate loss: 0.4707
2025-09-30 12:53:53,183 - root - INFO - new node validate average_precision, 0.8484
2025-09-30 12:53:53,183 - root - INFO - new node validate roc_auc, 0.8600
2025-09-30 12:54:44,789 - root - INFO - test loss: 0.4751
2025-09-30 12:54:44,790 - root - INFO - test average_precision, 0.8467
2025-09-30 12:54:44,790 - root - INFO - best test average_precision: 0.8509
2025-09-30 12:54:44,790 - root - INFO - test roc_auc, 0.8602
2025-09-30 12:54:44,790 - root - INFO - new node test loss: 0.4855
2025-09-30 12:54:44,790 - root - INFO - new node test average_precision, 0.8437
2025-09-30 12:54:44,790 - root - INFO - new node test roc_auc, 0.8569
2025-09-30 12:58:25,811 - root - INFO - Epoch: 85, learning rate: 0.0001, train loss: 0.3057
2025-09-30 12:58:25,812 - root - INFO - train average_precision, 0.9096
2025-09-30 12:58:25,812 - root - INFO - train roc_auc, 0.9281
2025-09-30 12:58:25,812 - root - INFO - validate loss: 0.4494
2025-09-30 12:58:25,812 - root - INFO - validate average_precision, 0.8558
2025-09-30 12:58:25,812 - root - INFO - validate roc_auc, 0.8731
2025-09-30 12:58:25,812 - root - INFO - new node validate loss: 0.4645
2025-09-30 12:58:25,812 - root - INFO - new node validate average_precision, 0.8507
2025-09-30 12:58:25,812 - root - INFO - new node validate roc_auc, 0.8626
2025-09-30 12:59:17,373 - root - INFO - test loss: 0.4749
2025-09-30 12:59:17,373 - root - INFO - test average_precision, 0.8464
2025-09-30 12:59:17,373 - root - INFO - best test average_precision: 0.8509
2025-09-30 12:59:17,373 - root - INFO - test roc_auc, 0.8594
2025-09-30 12:59:17,373 - root - INFO - new node test loss: 0.4818
2025-09-30 12:59:17,373 - root - INFO - new node test average_precision, 0.8444
2025-09-30 12:59:17,373 - root - INFO - new node test roc_auc, 0.8575
2025-09-30 13:02:57,067 - root - INFO - Epoch: 86, learning rate: 0.0001, train loss: 0.3047
2025-09-30 13:02:57,068 - root - INFO - train average_precision, 0.9094
2025-09-30 13:02:57,068 - root - INFO - train roc_auc, 0.9282
2025-09-30 13:02:57,068 - root - INFO - validate loss: 0.4396
2025-09-30 13:02:57,068 - root - INFO - validate average_precision, 0.8597
2025-09-30 13:02:57,068 - root - INFO - validate roc_auc, 0.8767
2025-09-30 13:02:57,068 - root - INFO - new node validate loss: 0.4574
2025-09-30 13:02:57,068 - root - INFO - new node validate average_precision, 0.8529
2025-09-30 13:02:57,068 - root - INFO - new node validate roc_auc, 0.8649
2025-09-30 13:03:48,520 - root - INFO - test loss: 0.4664
2025-09-30 13:03:48,520 - root - INFO - test average_precision, 0.8496
2025-09-30 13:03:48,520 - root - INFO - best test average_precision: 0.8509
2025-09-30 13:03:48,520 - root - INFO - test roc_auc, 0.8625
2025-09-30 13:03:48,520 - root - INFO - new node test loss: 0.4736
2025-09-30 13:03:48,520 - root - INFO - new node test average_precision, 0.8464
2025-09-30 13:03:48,520 - root - INFO - new node test roc_auc, 0.8601
2025-09-30 13:03:48,521 - root - INFO - load model ./saved_models/TGAT/mooc/TGAT_seed0/TGAT_seed0.pkl
