2025-09-30 07:00:31,090 - root - INFO - ********** Run 1 starts. **********
2025-09-30 07:00:31,090 - root - INFO - configuration is Namespace(dataset_name='mooc', batch_size=200, model_name='TGAT', gpu=0, num_neighbors=20, sample_neighbor_strategy='recent', time_scaling_factor=1e-06, num_walk_heads=8, num_heads=2, num_layers=2, walk_length=1, time_gap=2000, time_feat_dim=128, position_feat_dim=172, time_window_mode='fixed_proportion', time_encoder_type='original', expert_dim=64, num_mixtures=4, patch_size=1, channel_embedding_dim=50, max_input_sequence_length=32, learning_rate=0.0001, dropout=0.1, gamma=0.5, num_epochs=100, optimizer='Adam', weight_decay=0.0, patience=20, val_ratio=0.15, test_ratio=0.15, num_runs=5, test_interval_epochs=1, negative_sample_strategy='random', max_interaction_times=10, load_best_configs=True, device='cuda:0', seed=0, save_model_name='TGAT_seed0')
2025-09-30 07:00:31,091 - root - INFO - time encoder type: original
2025-09-30 07:00:31,381 - root - INFO - model -> Sequential(
  (0): TGAT(
    (time_encoder): TimeEncoderWrapper(
      (encoder): TimeEncoder(
        (w): Linear(in_features=1, out_features=128, bias=True)
      )
    )
    (temporal_conv_layers): ModuleList(
      (0-1): 2 x MultiHeadAttention(
        (query_projection): Linear(in_features=300, out_features=300, bias=False)
        (key_projection): Linear(in_features=472, out_features=300, bias=False)
        (value_projection): Linear(in_features=472, out_features=300, bias=False)
        (layer_norm): LayerNorm((300,), eps=1e-05, elementwise_affine=True)
        (residual_fc): Linear(in_features=300, out_features=300, bias=True)
        (dropout): Dropout(p=0.1, inplace=False)
      )
    )
    (merge_layers): ModuleList(
      (0-1): 2 x MergeLayer(
        (fc1): Linear(in_features=472, out_features=172, bias=True)
        (fc2): Linear(in_features=172, out_features=172, bias=True)
        (act): ReLU()
      )
    )
  )
  (1): MergeLayer(
    (fc1): Linear(in_features=344, out_features=172, bias=True)
    (fc2): Linear(in_features=172, out_features=1, bias=True)
    (act): ReLU()
  )
)
2025-09-30 07:00:31,381 - root - INFO - model name: TGAT, #parameters: 4840772 B, 4727.31640625 KB, 4.616519927978516 MB.
2025-09-30 07:04:10,891 - root - INFO - Epoch: 1, learning rate: 0.0001, train loss: 0.4823
2025-09-30 07:04:10,891 - root - INFO - train average_precision, 0.7086
2025-09-30 07:04:10,891 - root - INFO - train roc_auc, 0.7725
2025-09-30 07:04:10,892 - root - INFO - validate loss: 0.6391
2025-09-30 07:04:10,892 - root - INFO - validate average_precision, 0.6459
2025-09-30 07:04:10,892 - root - INFO - validate roc_auc, 0.6800
2025-09-30 07:04:10,892 - root - INFO - new node validate loss: 0.6583
2025-09-30 07:04:10,892 - root - INFO - new node validate average_precision, 0.6040
2025-09-30 07:04:10,892 - root - INFO - new node validate roc_auc, 0.6278
2025-09-30 07:05:01,481 - root - INFO - test loss: 0.6442
2025-09-30 07:05:01,481 - root - INFO - test average_precision, 0.6334
2025-09-30 07:05:01,481 - root - INFO - best test average_precision: 0.6334
2025-09-30 07:05:01,481 - root - INFO - test roc_auc, 0.6630
2025-09-30 07:05:01,482 - root - INFO - new node test loss: 0.6541
2025-09-30 07:05:01,482 - root - INFO - new node test average_precision, 0.6108
2025-09-30 07:05:01,482 - root - INFO - new node test roc_auc, 0.6420
2025-09-30 07:05:01,482 - root - INFO - save model ./saved_models/TGAT/mooc/TGAT_seed0/TGAT_seed0.pkl
2025-09-30 07:08:39,292 - root - INFO - Epoch: 2, learning rate: 0.0001, train loss: 0.4520
2025-09-30 07:08:39,293 - root - INFO - train average_precision, 0.7545
2025-09-30 07:08:39,293 - root - INFO - train roc_auc, 0.8032
2025-09-30 07:08:39,293 - root - INFO - validate loss: 0.5971
2025-09-30 07:08:39,293 - root - INFO - validate average_precision, 0.6712
2025-09-30 07:08:39,293 - root - INFO - validate roc_auc, 0.7149
2025-09-30 07:08:39,293 - root - INFO - new node validate loss: 0.6415
2025-09-30 07:08:39,293 - root - INFO - new node validate average_precision, 0.6266
2025-09-30 07:08:39,294 - root - INFO - new node validate roc_auc, 0.6546
2025-09-30 07:09:29,874 - root - INFO - test loss: 0.6183
2025-09-30 07:09:29,875 - root - INFO - test average_precision, 0.6472
2025-09-30 07:09:29,875 - root - INFO - best test average_precision: 0.6472
2025-09-30 07:09:29,875 - root - INFO - test roc_auc, 0.6855
2025-09-30 07:09:29,875 - root - INFO - new node test loss: 0.6319
2025-09-30 07:09:29,875 - root - INFO - new node test average_precision, 0.6292
2025-09-30 07:09:29,875 - root - INFO - new node test roc_auc, 0.6657
2025-09-30 07:09:29,875 - root - INFO - save model ./saved_models/TGAT/mooc/TGAT_seed0/TGAT_seed0.pkl
2025-09-30 07:13:07,913 - root - INFO - Epoch: 3, learning rate: 0.0001, train loss: 0.4441
2025-09-30 07:13:07,914 - root - INFO - train average_precision, 0.7645
2025-09-30 07:13:07,914 - root - INFO - train roc_auc, 0.8122
2025-09-30 07:13:07,914 - root - INFO - validate loss: 0.5907
2025-09-30 07:13:07,915 - root - INFO - validate average_precision, 0.6823
2025-09-30 07:13:07,915 - root - INFO - validate roc_auc, 0.7225
2025-09-30 07:13:07,915 - root - INFO - new node validate loss: 0.6371
2025-09-30 07:13:07,915 - root - INFO - new node validate average_precision, 0.6340
2025-09-30 07:13:07,915 - root - INFO - new node validate roc_auc, 0.6629
2025-09-30 07:13:58,341 - root - INFO - test loss: 0.6147
2025-09-30 07:13:58,341 - root - INFO - test average_precision, 0.6577
2025-09-30 07:13:58,341 - root - INFO - best test average_precision: 0.6577
2025-09-30 07:13:58,341 - root - INFO - test roc_auc, 0.6902
2025-09-30 07:13:58,341 - root - INFO - new node test loss: 0.6280
2025-09-30 07:13:58,341 - root - INFO - new node test average_precision, 0.6360
2025-09-30 07:13:58,341 - root - INFO - new node test roc_auc, 0.6701
2025-09-30 07:13:58,342 - root - INFO - save model ./saved_models/TGAT/mooc/TGAT_seed0/TGAT_seed0.pkl
2025-09-30 07:17:36,121 - root - INFO - Epoch: 4, learning rate: 0.0001, train loss: 0.4399
2025-09-30 07:17:36,122 - root - INFO - train average_precision, 0.7735
2025-09-30 07:17:36,122 - root - INFO - train roc_auc, 0.8199
2025-09-30 07:17:36,122 - root - INFO - validate loss: 0.5766
2025-09-30 07:17:36,122 - root - INFO - validate average_precision, 0.6961
2025-09-30 07:17:36,122 - root - INFO - validate roc_auc, 0.7377
2025-09-30 07:17:36,122 - root - INFO - new node validate loss: 0.6228
2025-09-30 07:17:36,122 - root - INFO - new node validate average_precision, 0.6454
2025-09-30 07:17:36,122 - root - INFO - new node validate roc_auc, 0.6788
2025-09-30 07:18:26,655 - root - INFO - test loss: 0.6021
2025-09-30 07:18:26,656 - root - INFO - test average_precision, 0.6714
2025-09-30 07:18:26,656 - root - INFO - best test average_precision: 0.6714
2025-09-30 07:18:26,656 - root - INFO - test roc_auc, 0.7072
2025-09-30 07:18:26,656 - root - INFO - new node test loss: 0.6163
2025-09-30 07:18:26,656 - root - INFO - new node test average_precision, 0.6477
2025-09-30 07:18:26,656 - root - INFO - new node test roc_auc, 0.6859
2025-09-30 07:18:26,656 - root - INFO - save model ./saved_models/TGAT/mooc/TGAT_seed0/TGAT_seed0.pkl
2025-09-30 07:22:03,501 - root - INFO - Epoch: 5, learning rate: 0.0001, train loss: 0.4326
2025-09-30 07:22:03,502 - root - INFO - train average_precision, 0.7875
2025-09-30 07:22:03,502 - root - INFO - train roc_auc, 0.8320
2025-09-30 07:22:03,502 - root - INFO - validate loss: 0.5709
2025-09-30 07:22:03,502 - root - INFO - validate average_precision, 0.7100
2025-09-30 07:22:03,502 - root - INFO - validate roc_auc, 0.7532
2025-09-30 07:22:03,502 - root - INFO - new node validate loss: 0.6090
2025-09-30 07:22:03,502 - root - INFO - new node validate average_precision, 0.6759
2025-09-30 07:22:03,502 - root - INFO - new node validate roc_auc, 0.7081
2025-09-30 07:22:54,031 - root - INFO - test loss: 0.5967
2025-09-30 07:22:54,031 - root - INFO - test average_precision, 0.6825
2025-09-30 07:22:54,031 - root - INFO - best test average_precision: 0.6825
2025-09-30 07:22:54,031 - root - INFO - test roc_auc, 0.7204
2025-09-30 07:22:54,031 - root - INFO - new node test loss: 0.6048
2025-09-30 07:22:54,032 - root - INFO - new node test average_precision, 0.6736
2025-09-30 07:22:54,032 - root - INFO - new node test roc_auc, 0.7101
2025-09-30 07:22:54,032 - root - INFO - save model ./saved_models/TGAT/mooc/TGAT_seed0/TGAT_seed0.pkl
2025-09-30 07:26:32,558 - root - INFO - Epoch: 6, learning rate: 0.0001, train loss: 0.4175
2025-09-30 07:26:32,558 - root - INFO - train average_precision, 0.8072
2025-09-30 07:26:32,559 - root - INFO - train roc_auc, 0.8477
2025-09-30 07:26:32,559 - root - INFO - validate loss: 0.5622
2025-09-30 07:26:32,559 - root - INFO - validate average_precision, 0.7157
2025-09-30 07:26:32,559 - root - INFO - validate roc_auc, 0.7589
2025-09-30 07:26:32,559 - root - INFO - new node validate loss: 0.5986
2025-09-30 07:26:32,559 - root - INFO - new node validate average_precision, 0.6833
2025-09-30 07:26:32,559 - root - INFO - new node validate roc_auc, 0.7178
2025-09-30 07:27:23,281 - root - INFO - test loss: 0.5886
2025-09-30 07:27:23,282 - root - INFO - test average_precision, 0.6902
2025-09-30 07:27:23,282 - root - INFO - best test average_precision: 0.6902
2025-09-30 07:27:23,282 - root - INFO - test roc_auc, 0.7286
2025-09-30 07:27:23,282 - root - INFO - new node test loss: 0.5958
2025-09-30 07:27:23,282 - root - INFO - new node test average_precision, 0.6810
2025-09-30 07:27:23,282 - root - INFO - new node test roc_auc, 0.7197
2025-09-30 07:27:23,282 - root - INFO - save model ./saved_models/TGAT/mooc/TGAT_seed0/TGAT_seed0.pkl
2025-09-30 07:31:01,575 - root - INFO - Epoch: 7, learning rate: 0.0001, train loss: 0.4163
2025-09-30 07:31:01,576 - root - INFO - train average_precision, 0.8107
2025-09-30 07:31:01,576 - root - INFO - train roc_auc, 0.8498
2025-09-30 07:31:01,576 - root - INFO - validate loss: 0.5613
2025-09-30 07:31:01,576 - root - INFO - validate average_precision, 0.7145
2025-09-30 07:31:01,577 - root - INFO - validate roc_auc, 0.7581
2025-09-30 07:31:01,577 - root - INFO - new node validate loss: 0.5994
2025-09-30 07:31:01,577 - root - INFO - new node validate average_precision, 0.6832
2025-09-30 07:31:01,577 - root - INFO - new node validate roc_auc, 0.7176
2025-09-30 07:31:52,147 - root - INFO - test loss: 0.5894
2025-09-30 07:31:52,147 - root - INFO - test average_precision, 0.6874
2025-09-30 07:31:52,147 - root - INFO - best test average_precision: 0.6902
2025-09-30 07:31:52,148 - root - INFO - test roc_auc, 0.7267
2025-09-30 07:31:52,148 - root - INFO - new node test loss: 0.5976
2025-09-30 07:31:52,148 - root - INFO - new node test average_precision, 0.6793
2025-09-30 07:31:52,148 - root - INFO - new node test roc_auc, 0.7184
2025-09-30 07:35:29,721 - root - INFO - Epoch: 8, learning rate: 0.0001, train loss: 0.4130
2025-09-30 07:35:29,722 - root - INFO - train average_precision, 0.8137
2025-09-30 07:35:29,722 - root - INFO - train roc_auc, 0.8524
2025-09-30 07:35:29,722 - root - INFO - validate loss: 0.5582
2025-09-30 07:35:29,722 - root - INFO - validate average_precision, 0.7163
2025-09-30 07:35:29,722 - root - INFO - validate roc_auc, 0.7608
2025-09-30 07:35:29,722 - root - INFO - new node validate loss: 0.5951
2025-09-30 07:35:29,722 - root - INFO - new node validate average_precision, 0.6866
2025-09-30 07:35:29,723 - root - INFO - new node validate roc_auc, 0.7226
2025-09-30 07:36:20,209 - root - INFO - test loss: 0.5859
2025-09-30 07:36:20,209 - root - INFO - test average_precision, 0.6900
2025-09-30 07:36:20,209 - root - INFO - best test average_precision: 0.6902
2025-09-30 07:36:20,209 - root - INFO - test roc_auc, 0.7302
2025-09-30 07:36:20,210 - root - INFO - new node test loss: 0.5935
2025-09-30 07:36:20,210 - root - INFO - new node test average_precision, 0.6824
2025-09-30 07:36:20,210 - root - INFO - new node test roc_auc, 0.7225
2025-09-30 07:36:20,210 - root - INFO - save model ./saved_models/TGAT/mooc/TGAT_seed0/TGAT_seed0.pkl
2025-09-30 07:39:57,978 - root - INFO - Epoch: 9, learning rate: 0.0001, train loss: 0.4115
2025-09-30 07:39:57,978 - root - INFO - train average_precision, 0.8161
2025-09-30 07:39:57,978 - root - INFO - train roc_auc, 0.8541
2025-09-30 07:39:57,978 - root - INFO - validate loss: 0.5592
2025-09-30 07:39:57,979 - root - INFO - validate average_precision, 0.7170
2025-09-30 07:39:57,979 - root - INFO - validate roc_auc, 0.7596
2025-09-30 07:39:57,979 - root - INFO - new node validate loss: 0.5952
2025-09-30 07:39:57,979 - root - INFO - new node validate average_precision, 0.6878
2025-09-30 07:39:57,979 - root - INFO - new node validate roc_auc, 0.7218
2025-09-30 07:40:48,579 - root - INFO - test loss: 0.5864
2025-09-30 07:40:48,579 - root - INFO - test average_precision, 0.6907
2025-09-30 07:40:48,579 - root - INFO - best test average_precision: 0.6907
2025-09-30 07:40:48,579 - root - INFO - test roc_auc, 0.7304
2025-09-30 07:40:48,579 - root - INFO - new node test loss: 0.5932
2025-09-30 07:40:48,579 - root - INFO - new node test average_precision, 0.6847
2025-09-30 07:40:48,579 - root - INFO - new node test roc_auc, 0.7239
2025-09-30 07:44:27,711 - root - INFO - Epoch: 10, learning rate: 0.0001, train loss: 0.4108
2025-09-30 07:44:27,712 - root - INFO - train average_precision, 0.8168
2025-09-30 07:44:27,712 - root - INFO - train roc_auc, 0.8553
2025-09-30 07:44:27,712 - root - INFO - validate loss: 0.5565
2025-09-30 07:44:27,712 - root - INFO - validate average_precision, 0.7174
2025-09-30 07:44:27,712 - root - INFO - validate roc_auc, 0.7618
2025-09-30 07:44:27,712 - root - INFO - new node validate loss: 0.5924
2025-09-30 07:44:27,712 - root - INFO - new node validate average_precision, 0.6886
2025-09-30 07:44:27,712 - root - INFO - new node validate roc_auc, 0.7256
2025-09-30 07:45:18,318 - root - INFO - test loss: 0.5842
2025-09-30 07:45:18,318 - root - INFO - test average_precision, 0.6927
2025-09-30 07:45:18,318 - root - INFO - best test average_precision: 0.6927
2025-09-30 07:45:18,318 - root - INFO - test roc_auc, 0.7321
2025-09-30 07:45:18,318 - root - INFO - new node test loss: 0.5915
2025-09-30 07:45:18,318 - root - INFO - new node test average_precision, 0.6849
2025-09-30 07:45:18,318 - root - INFO - new node test roc_auc, 0.7249
2025-09-30 07:45:18,319 - root - INFO - save model ./saved_models/TGAT/mooc/TGAT_seed0/TGAT_seed0.pkl
2025-09-30 07:48:57,783 - root - INFO - Epoch: 11, learning rate: 0.0001, train loss: 0.4081
2025-09-30 07:48:57,784 - root - INFO - train average_precision, 0.8196
2025-09-30 07:48:57,784 - root - INFO - train roc_auc, 0.8571
2025-09-30 07:48:57,784 - root - INFO - validate loss: 0.5560
2025-09-30 07:48:57,784 - root - INFO - validate average_precision, 0.7211
2025-09-30 07:48:57,784 - root - INFO - validate roc_auc, 0.7636
2025-09-30 07:48:57,784 - root - INFO - new node validate loss: 0.5918
2025-09-30 07:48:57,784 - root - INFO - new node validate average_precision, 0.6920
2025-09-30 07:48:57,784 - root - INFO - new node validate roc_auc, 0.7254
2025-09-30 07:49:48,342 - root - INFO - test loss: 0.5839
2025-09-30 07:49:48,342 - root - INFO - test average_precision, 0.6947
2025-09-30 07:49:48,342 - root - INFO - best test average_precision: 0.6947
2025-09-30 07:49:48,342 - root - INFO - test roc_auc, 0.7344
2025-09-30 07:49:48,342 - root - INFO - new node test loss: 0.5920
2025-09-30 07:49:48,342 - root - INFO - new node test average_precision, 0.6849
2025-09-30 07:49:48,342 - root - INFO - new node test roc_auc, 0.7248
2025-09-30 07:49:48,343 - root - INFO - save model ./saved_models/TGAT/mooc/TGAT_seed0/TGAT_seed0.pkl
2025-09-30 07:53:25,608 - root - INFO - Epoch: 12, learning rate: 0.0001, train loss: 0.4085
2025-09-30 07:53:25,609 - root - INFO - train average_precision, 0.8199
2025-09-30 07:53:25,609 - root - INFO - train roc_auc, 0.8571
2025-09-30 07:53:25,609 - root - INFO - validate loss: 0.5553
2025-09-30 07:53:25,609 - root - INFO - validate average_precision, 0.7225
2025-09-30 07:53:25,609 - root - INFO - validate roc_auc, 0.7650
2025-09-30 07:53:25,610 - root - INFO - new node validate loss: 0.5891
2025-09-30 07:53:25,610 - root - INFO - new node validate average_precision, 0.6954
2025-09-30 07:53:25,610 - root - INFO - new node validate roc_auc, 0.7295
2025-09-30 07:54:16,301 - root - INFO - test loss: 0.5825
2025-09-30 07:54:16,301 - root - INFO - test average_precision, 0.6984
2025-09-30 07:54:16,302 - root - INFO - best test average_precision: 0.6984
2025-09-30 07:54:16,302 - root - INFO - test roc_auc, 0.7365
2025-09-30 07:54:16,302 - root - INFO - new node test loss: 0.5888
2025-09-30 07:54:16,302 - root - INFO - new node test average_precision, 0.6914
2025-09-30 07:54:16,302 - root - INFO - new node test roc_auc, 0.7302
2025-09-30 07:54:16,302 - root - INFO - save model ./saved_models/TGAT/mooc/TGAT_seed0/TGAT_seed0.pkl
2025-09-30 07:57:53,729 - root - INFO - Epoch: 13, learning rate: 0.0001, train loss: 0.4079
2025-09-30 07:57:53,730 - root - INFO - train average_precision, 0.8210
2025-09-30 07:57:53,730 - root - INFO - train roc_auc, 0.8577
2025-09-30 07:57:53,730 - root - INFO - validate loss: 0.5550
2025-09-30 07:57:53,730 - root - INFO - validate average_precision, 0.7218
2025-09-30 07:57:53,730 - root - INFO - validate roc_auc, 0.7647
2025-09-30 07:57:53,730 - root - INFO - new node validate loss: 0.5889
2025-09-30 07:57:53,730 - root - INFO - new node validate average_precision, 0.6975
2025-09-30 07:57:53,730 - root - INFO - new node validate roc_auc, 0.7297
2025-09-30 07:58:44,231 - root - INFO - test loss: 0.5816
2025-09-30 07:58:44,231 - root - INFO - test average_precision, 0.6987
2025-09-30 07:58:44,231 - root - INFO - best test average_precision: 0.6987
2025-09-30 07:58:44,231 - root - INFO - test roc_auc, 0.7368
2025-09-30 07:58:44,231 - root - INFO - new node test loss: 0.5877
2025-09-30 07:58:44,231 - root - INFO - new node test average_precision, 0.6933
2025-09-30 07:58:44,232 - root - INFO - new node test roc_auc, 0.7301
2025-09-30 08:02:22,574 - root - INFO - Epoch: 14, learning rate: 0.0001, train loss: 0.4052
2025-09-30 08:02:22,575 - root - INFO - train average_precision, 0.8242
2025-09-30 08:02:22,576 - root - INFO - train roc_auc, 0.8601
2025-09-30 08:02:22,576 - root - INFO - validate loss: 0.5536
2025-09-30 08:02:22,576 - root - INFO - validate average_precision, 0.7257
2025-09-30 08:02:22,576 - root - INFO - validate roc_auc, 0.7669
2025-09-30 08:02:22,576 - root - INFO - new node validate loss: 0.5861
2025-09-30 08:02:22,576 - root - INFO - new node validate average_precision, 0.7007
2025-09-30 08:02:22,576 - root - INFO - new node validate roc_auc, 0.7333
2025-09-30 08:03:13,276 - root - INFO - test loss: 0.5818
2025-09-30 08:03:13,276 - root - INFO - test average_precision, 0.7017
2025-09-30 08:03:13,276 - root - INFO - best test average_precision: 0.7017
2025-09-30 08:03:13,276 - root - INFO - test roc_auc, 0.7383
2025-09-30 08:03:13,276 - root - INFO - new node test loss: 0.5860
2025-09-30 08:03:13,276 - root - INFO - new node test average_precision, 0.6991
2025-09-30 08:03:13,276 - root - INFO - new node test roc_auc, 0.7342
2025-09-30 08:03:13,277 - root - INFO - save model ./saved_models/TGAT/mooc/TGAT_seed0/TGAT_seed0.pkl
2025-09-30 08:06:52,128 - root - INFO - Epoch: 15, learning rate: 0.0001, train loss: 0.4041
2025-09-30 08:06:52,129 - root - INFO - train average_precision, 0.8263
2025-09-30 08:06:52,129 - root - INFO - train roc_auc, 0.8610
2025-09-30 08:06:52,129 - root - INFO - validate loss: 0.5509
2025-09-30 08:06:52,129 - root - INFO - validate average_precision, 0.7302
2025-09-30 08:06:52,129 - root - INFO - validate roc_auc, 0.7703
2025-09-30 08:06:52,129 - root - INFO - new node validate loss: 0.5870
2025-09-30 08:06:52,129 - root - INFO - new node validate average_precision, 0.7031
2025-09-30 08:06:52,129 - root - INFO - new node validate roc_auc, 0.7336
2025-09-30 08:07:42,689 - root - INFO - test loss: 0.5804
2025-09-30 08:07:42,689 - root - INFO - test average_precision, 0.7024
2025-09-30 08:07:42,689 - root - INFO - best test average_precision: 0.7024
2025-09-30 08:07:42,689 - root - INFO - test roc_auc, 0.7395
2025-09-30 08:07:42,690 - root - INFO - new node test loss: 0.5865
2025-09-30 08:07:42,690 - root - INFO - new node test average_precision, 0.6987
2025-09-30 08:07:42,690 - root - INFO - new node test roc_auc, 0.7334
2025-09-30 08:07:42,690 - root - INFO - save model ./saved_models/TGAT/mooc/TGAT_seed0/TGAT_seed0.pkl
2025-09-30 08:11:20,517 - root - INFO - Epoch: 16, learning rate: 0.0001, train loss: 0.4028
2025-09-30 08:11:20,517 - root - INFO - train average_precision, 0.8293
2025-09-30 08:11:20,517 - root - INFO - train roc_auc, 0.8628
2025-09-30 08:11:20,517 - root - INFO - validate loss: 0.5498
2025-09-30 08:11:20,518 - root - INFO - validate average_precision, 0.7311
2025-09-30 08:11:20,518 - root - INFO - validate roc_auc, 0.7703
2025-09-30 08:11:20,518 - root - INFO - new node validate loss: 0.5836
2025-09-30 08:11:20,518 - root - INFO - new node validate average_precision, 0.7082
2025-09-30 08:11:20,518 - root - INFO - new node validate roc_auc, 0.7377
2025-09-30 08:12:11,070 - root - INFO - test loss: 0.5787
2025-09-30 08:12:11,070 - root - INFO - test average_precision, 0.7064
2025-09-30 08:12:11,070 - root - INFO - best test average_precision: 0.7064
2025-09-30 08:12:11,070 - root - INFO - test roc_auc, 0.7417
2025-09-30 08:12:11,070 - root - INFO - new node test loss: 0.5832
2025-09-30 08:12:11,071 - root - INFO - new node test average_precision, 0.7059
2025-09-30 08:12:11,071 - root - INFO - new node test roc_auc, 0.7379
2025-09-30 08:12:11,071 - root - INFO - save model ./saved_models/TGAT/mooc/TGAT_seed0/TGAT_seed0.pkl
2025-09-30 08:15:49,254 - root - INFO - Epoch: 17, learning rate: 0.0001, train loss: 0.4010
2025-09-30 08:15:49,255 - root - INFO - train average_precision, 0.8315
2025-09-30 08:15:49,255 - root - INFO - train roc_auc, 0.8640
2025-09-30 08:15:49,255 - root - INFO - validate loss: 0.5456
2025-09-30 08:15:49,256 - root - INFO - validate average_precision, 0.7377
2025-09-30 08:15:49,256 - root - INFO - validate roc_auc, 0.7756
2025-09-30 08:15:49,256 - root - INFO - new node validate loss: 0.5824
2025-09-30 08:15:49,256 - root - INFO - new node validate average_precision, 0.7113
2025-09-30 08:15:49,256 - root - INFO - new node validate roc_auc, 0.7385
2025-09-30 08:16:39,948 - root - INFO - test loss: 0.5739
2025-09-30 08:16:39,949 - root - INFO - test average_precision, 0.7145
2025-09-30 08:16:39,949 - root - INFO - best test average_precision: 0.7145
2025-09-30 08:16:39,949 - root - INFO - test roc_auc, 0.7476
2025-09-30 08:16:39,949 - root - INFO - new node test loss: 0.5799
2025-09-30 08:16:39,949 - root - INFO - new node test average_precision, 0.7120
2025-09-30 08:16:39,949 - root - INFO - new node test roc_auc, 0.7419
2025-09-30 08:16:39,949 - root - INFO - save model ./saved_models/TGAT/mooc/TGAT_seed0/TGAT_seed0.pkl
2025-09-30 08:20:18,297 - root - INFO - Epoch: 18, learning rate: 0.0001, train loss: 0.3984
2025-09-30 08:20:18,297 - root - INFO - train average_precision, 0.8350
2025-09-30 08:20:18,298 - root - INFO - train roc_auc, 0.8666
2025-09-30 08:20:18,298 - root - INFO - validate loss: 0.5486
2025-09-30 08:20:18,298 - root - INFO - validate average_precision, 0.7377
2025-09-30 08:20:18,298 - root - INFO - validate roc_auc, 0.7750
2025-09-30 08:20:18,298 - root - INFO - new node validate loss: 0.5822
2025-09-30 08:20:18,298 - root - INFO - new node validate average_precision, 0.7167
2025-09-30 08:20:18,298 - root - INFO - new node validate roc_auc, 0.7422
2025-09-30 08:21:08,887 - root - INFO - test loss: 0.5772
2025-09-30 08:21:08,887 - root - INFO - test average_precision, 0.7140
2025-09-30 08:21:08,887 - root - INFO - best test average_precision: 0.7145
2025-09-30 08:21:08,887 - root - INFO - test roc_auc, 0.7466
2025-09-30 08:21:08,887 - root - INFO - new node test loss: 0.5803
2025-09-30 08:21:08,887 - root - INFO - new node test average_precision, 0.7150
2025-09-30 08:21:08,887 - root - INFO - new node test roc_auc, 0.7442
2025-09-30 08:24:46,533 - root - INFO - Epoch: 19, learning rate: 0.0001, train loss: 0.3983
2025-09-30 08:24:46,534 - root - INFO - train average_precision, 0.8345
2025-09-30 08:24:46,534 - root - INFO - train roc_auc, 0.8664
2025-09-30 08:24:46,534 - root - INFO - validate loss: 0.5517
2025-09-30 08:24:46,534 - root - INFO - validate average_precision, 0.7355
2025-09-30 08:24:46,535 - root - INFO - validate roc_auc, 0.7730
2025-09-30 08:24:46,535 - root - INFO - new node validate loss: 0.5859
2025-09-30 08:24:46,535 - root - INFO - new node validate average_precision, 0.7140
2025-09-30 08:24:46,535 - root - INFO - new node validate roc_auc, 0.7404
2025-09-30 08:25:37,089 - root - INFO - test loss: 0.5806
2025-09-30 08:25:37,089 - root - INFO - test average_precision, 0.7094
2025-09-30 08:25:37,089 - root - INFO - best test average_precision: 0.7145
2025-09-30 08:25:37,089 - root - INFO - test roc_auc, 0.7430
2025-09-30 08:25:37,089 - root - INFO - new node test loss: 0.5834
2025-09-30 08:25:37,089 - root - INFO - new node test average_precision, 0.7126
2025-09-30 08:25:37,089 - root - INFO - new node test roc_auc, 0.7415
2025-09-30 08:29:15,761 - root - INFO - Epoch: 20, learning rate: 0.0001, train loss: 0.3968
2025-09-30 08:29:15,761 - root - INFO - train average_precision, 0.8365
2025-09-30 08:29:15,761 - root - INFO - train roc_auc, 0.8681
2025-09-30 08:29:15,762 - root - INFO - validate loss: 0.5461
2025-09-30 08:29:15,762 - root - INFO - validate average_precision, 0.7403
2025-09-30 08:29:15,762 - root - INFO - validate roc_auc, 0.7774
2025-09-30 08:29:15,762 - root - INFO - new node validate loss: 0.5800
2025-09-30 08:29:15,762 - root - INFO - new node validate average_precision, 0.7204
2025-09-30 08:29:15,762 - root - INFO - new node validate roc_auc, 0.7451
2025-09-30 08:30:06,365 - root - INFO - test loss: 0.5752
2025-09-30 08:30:06,365 - root - INFO - test average_precision, 0.7156
2025-09-30 08:30:06,365 - root - INFO - best test average_precision: 0.7156
2025-09-30 08:30:06,365 - root - INFO - test roc_auc, 0.7481
2025-09-30 08:30:06,365 - root - INFO - new node test loss: 0.5788
2025-09-30 08:30:06,365 - root - INFO - new node test average_precision, 0.7165
2025-09-30 08:30:06,365 - root - INFO - new node test roc_auc, 0.7458
2025-09-30 08:30:06,365 - root - INFO - save model ./saved_models/TGAT/mooc/TGAT_seed0/TGAT_seed0.pkl
2025-09-30 08:33:45,477 - root - INFO - Epoch: 21, learning rate: 0.0001, train loss: 0.3960
2025-09-30 08:33:45,478 - root - INFO - train average_precision, 0.8380
2025-09-30 08:33:45,478 - root - INFO - train roc_auc, 0.8686
2025-09-30 08:33:45,478 - root - INFO - validate loss: 0.5459
2025-09-30 08:33:45,478 - root - INFO - validate average_precision, 0.7419
2025-09-30 08:33:45,478 - root - INFO - validate roc_auc, 0.7776
2025-09-30 08:33:45,478 - root - INFO - new node validate loss: 0.5802
2025-09-30 08:33:45,478 - root - INFO - new node validate average_precision, 0.7219
2025-09-30 08:33:45,478 - root - INFO - new node validate roc_auc, 0.7458
2025-09-30 08:34:36,075 - root - INFO - test loss: 0.5751
2025-09-30 08:34:36,075 - root - INFO - test average_precision, 0.7186
2025-09-30 08:34:36,076 - root - INFO - best test average_precision: 0.7186
2025-09-30 08:34:36,076 - root - INFO - test roc_auc, 0.7490
2025-09-30 08:34:36,076 - root - INFO - new node test loss: 0.5786
2025-09-30 08:34:36,076 - root - INFO - new node test average_precision, 0.7194
2025-09-30 08:34:36,076 - root - INFO - new node test roc_auc, 0.7467
2025-09-30 08:34:36,076 - root - INFO - save model ./saved_models/TGAT/mooc/TGAT_seed0/TGAT_seed0.pkl
2025-09-30 08:38:13,965 - root - INFO - Epoch: 22, learning rate: 0.0001, train loss: 0.3944
2025-09-30 08:38:13,966 - root - INFO - train average_precision, 0.8394
2025-09-30 08:38:13,966 - root - INFO - train roc_auc, 0.8695
2025-09-30 08:38:13,966 - root - INFO - validate loss: 0.5449
2025-09-30 08:38:13,966 - root - INFO - validate average_precision, 0.7479
2025-09-30 08:38:13,966 - root - INFO - validate roc_auc, 0.7812
2025-09-30 08:38:13,967 - root - INFO - new node validate loss: 0.5799
2025-09-30 08:38:13,967 - root - INFO - new node validate average_precision, 0.7262
2025-09-30 08:38:13,967 - root - INFO - new node validate roc_auc, 0.7485
2025-09-30 08:39:04,595 - root - INFO - test loss: 0.5720
2025-09-30 08:39:04,595 - root - INFO - test average_precision, 0.7250
2025-09-30 08:39:04,595 - root - INFO - best test average_precision: 0.7250
2025-09-30 08:39:04,595 - root - INFO - test roc_auc, 0.7537
2025-09-30 08:39:04,595 - root - INFO - new node test loss: 0.5766
2025-09-30 08:39:04,595 - root - INFO - new node test average_precision, 0.7255
2025-09-30 08:39:04,595 - root - INFO - new node test roc_auc, 0.7503
2025-09-30 08:39:04,596 - root - INFO - save model ./saved_models/TGAT/mooc/TGAT_seed0/TGAT_seed0.pkl
2025-09-30 08:42:43,240 - root - INFO - Epoch: 23, learning rate: 0.0001, train loss: 0.3943
2025-09-30 08:42:43,241 - root - INFO - train average_precision, 0.8392
2025-09-30 08:42:43,241 - root - INFO - train roc_auc, 0.8700
2025-09-30 08:42:43,241 - root - INFO - validate loss: 0.5391
2025-09-30 08:42:43,241 - root - INFO - validate average_precision, 0.7502
2025-09-30 08:42:43,241 - root - INFO - validate roc_auc, 0.7842
2025-09-30 08:42:43,241 - root - INFO - new node validate loss: 0.5719
2025-09-30 08:42:43,241 - root - INFO - new node validate average_precision, 0.7316
2025-09-30 08:42:43,241 - root - INFO - new node validate roc_auc, 0.7543
2025-09-30 08:43:33,916 - root - INFO - test loss: 0.5679
2025-09-30 08:43:33,916 - root - INFO - test average_precision, 0.7271
2025-09-30 08:43:33,916 - root - INFO - best test average_precision: 0.7271
2025-09-30 08:43:33,917 - root - INFO - test roc_auc, 0.7562
2025-09-30 08:43:33,917 - root - INFO - new node test loss: 0.5712
2025-09-30 08:43:33,917 - root - INFO - new node test average_precision, 0.7276
2025-09-30 08:43:33,917 - root - INFO - new node test roc_auc, 0.7541
2025-09-30 08:43:33,917 - root - INFO - save model ./saved_models/TGAT/mooc/TGAT_seed0/TGAT_seed0.pkl
2025-09-30 08:47:11,854 - root - INFO - Epoch: 24, learning rate: 0.0001, train loss: 0.3942
2025-09-30 08:47:11,855 - root - INFO - train average_precision, 0.8395
2025-09-30 08:47:11,855 - root - INFO - train roc_auc, 0.8701
2025-09-30 08:47:11,855 - root - INFO - validate loss: 0.5379
2025-09-30 08:47:11,856 - root - INFO - validate average_precision, 0.7536
2025-09-30 08:47:11,856 - root - INFO - validate roc_auc, 0.7875
2025-09-30 08:47:11,856 - root - INFO - new node validate loss: 0.5726
2025-09-30 08:47:11,856 - root - INFO - new node validate average_precision, 0.7317
2025-09-30 08:47:11,856 - root - INFO - new node validate roc_auc, 0.7545
2025-09-30 08:48:02,458 - root - INFO - test loss: 0.5662
2025-09-30 08:48:02,458 - root - INFO - test average_precision, 0.7297
2025-09-30 08:48:02,458 - root - INFO - best test average_precision: 0.7297
2025-09-30 08:48:02,458 - root - INFO - test roc_auc, 0.7595
2025-09-30 08:48:02,458 - root - INFO - new node test loss: 0.5714
2025-09-30 08:48:02,458 - root - INFO - new node test average_precision, 0.7301
2025-09-30 08:48:02,458 - root - INFO - new node test roc_auc, 0.7557
2025-09-30 08:48:02,458 - root - INFO - save model ./saved_models/TGAT/mooc/TGAT_seed0/TGAT_seed0.pkl
2025-09-30 08:51:40,593 - root - INFO - Epoch: 25, learning rate: 0.0001, train loss: 0.3931
2025-09-30 08:51:40,594 - root - INFO - train average_precision, 0.8414
2025-09-30 08:51:40,594 - root - INFO - train roc_auc, 0.8714
2025-09-30 08:51:40,594 - root - INFO - validate loss: 0.5406
2025-09-30 08:51:40,594 - root - INFO - validate average_precision, 0.7517
2025-09-30 08:51:40,594 - root - INFO - validate roc_auc, 0.7855
2025-09-30 08:51:40,594 - root - INFO - new node validate loss: 0.5737
2025-09-30 08:51:40,594 - root - INFO - new node validate average_precision, 0.7323
2025-09-30 08:51:40,594 - root - INFO - new node validate roc_auc, 0.7550
2025-09-30 08:52:31,141 - root - INFO - test loss: 0.5681
2025-09-30 08:52:31,141 - root - INFO - test average_precision, 0.7300
2025-09-30 08:52:31,141 - root - INFO - best test average_precision: 0.7300
2025-09-30 08:52:31,142 - root - INFO - test roc_auc, 0.7580
2025-09-30 08:52:31,142 - root - INFO - new node test loss: 0.5715
2025-09-30 08:52:31,142 - root - INFO - new node test average_precision, 0.7313
2025-09-30 08:52:31,142 - root - INFO - new node test roc_auc, 0.7562
2025-09-30 08:56:09,460 - root - INFO - Epoch: 26, learning rate: 0.0001, train loss: 0.3915
2025-09-30 08:56:09,460 - root - INFO - train average_precision, 0.8431
2025-09-30 08:56:09,461 - root - INFO - train roc_auc, 0.8726
2025-09-30 08:56:09,461 - root - INFO - validate loss: 0.5378
2025-09-30 08:56:09,461 - root - INFO - validate average_precision, 0.7536
2025-09-30 08:56:09,461 - root - INFO - validate roc_auc, 0.7871
2025-09-30 08:56:09,461 - root - INFO - new node validate loss: 0.5720
2025-09-30 08:56:09,461 - root - INFO - new node validate average_precision, 0.7332
2025-09-30 08:56:09,461 - root - INFO - new node validate roc_auc, 0.7565
2025-09-30 08:56:59,948 - root - INFO - test loss: 0.5673
2025-09-30 08:56:59,948 - root - INFO - test average_precision, 0.7295
2025-09-30 08:56:59,948 - root - INFO - best test average_precision: 0.7300
2025-09-30 08:56:59,948 - root - INFO - test roc_auc, 0.7583
2025-09-30 08:56:59,948 - root - INFO - new node test loss: 0.5713
2025-09-30 08:56:59,948 - root - INFO - new node test average_precision, 0.7308
2025-09-30 08:56:59,948 - root - INFO - new node test roc_auc, 0.7560
2025-09-30 09:00:38,114 - root - INFO - Epoch: 27, learning rate: 0.0001, train loss: 0.3905
2025-09-30 09:00:38,115 - root - INFO - train average_precision, 0.8436
2025-09-30 09:00:38,115 - root - INFO - train roc_auc, 0.8730
2025-09-30 09:00:38,115 - root - INFO - validate loss: 0.5413
2025-09-30 09:00:38,115 - root - INFO - validate average_precision, 0.7554
2025-09-30 09:00:38,115 - root - INFO - validate roc_auc, 0.7873
2025-09-30 09:00:38,115 - root - INFO - new node validate loss: 0.5764
2025-09-30 09:00:38,116 - root - INFO - new node validate average_precision, 0.7322
2025-09-30 09:00:38,116 - root - INFO - new node validate roc_auc, 0.7530
2025-09-30 09:01:28,703 - root - INFO - test loss: 0.5669
2025-09-30 09:01:28,703 - root - INFO - test average_precision, 0.7359
2025-09-30 09:01:28,703 - root - INFO - best test average_precision: 0.7359
2025-09-30 09:01:28,704 - root - INFO - test roc_auc, 0.7617
2025-09-30 09:01:28,704 - root - INFO - new node test loss: 0.5715
2025-09-30 09:01:28,704 - root - INFO - new node test average_precision, 0.7347
2025-09-30 09:01:28,704 - root - INFO - new node test roc_auc, 0.7573
2025-09-30 09:05:06,536 - root - INFO - Epoch: 28, learning rate: 0.0001, train loss: 0.3906
2025-09-30 09:05:06,537 - root - INFO - train average_precision, 0.8428
2025-09-30 09:05:06,537 - root - INFO - train roc_auc, 0.8729
2025-09-30 09:05:06,538 - root - INFO - validate loss: 0.5406
2025-09-30 09:05:06,538 - root - INFO - validate average_precision, 0.7548
2025-09-30 09:05:06,538 - root - INFO - validate roc_auc, 0.7869
2025-09-30 09:05:06,538 - root - INFO - new node validate loss: 0.5745
2025-09-30 09:05:06,538 - root - INFO - new node validate average_precision, 0.7368
2025-09-30 09:05:06,538 - root - INFO - new node validate roc_auc, 0.7567
2025-09-30 09:05:57,251 - root - INFO - test loss: 0.5684
2025-09-30 09:05:57,251 - root - INFO - test average_precision, 0.7337
2025-09-30 09:05:57,251 - root - INFO - best test average_precision: 0.7359
2025-09-30 09:05:57,251 - root - INFO - test roc_auc, 0.7597
2025-09-30 09:05:57,251 - root - INFO - new node test loss: 0.5719
2025-09-30 09:05:57,251 - root - INFO - new node test average_precision, 0.7357
2025-09-30 09:05:57,251 - root - INFO - new node test roc_auc, 0.7581
2025-09-30 09:09:34,270 - root - INFO - Epoch: 29, learning rate: 0.0001, train loss: 0.3899
2025-09-30 09:09:34,271 - root - INFO - train average_precision, 0.8442
2025-09-30 09:09:34,272 - root - INFO - train roc_auc, 0.8734
2025-09-30 09:09:34,272 - root - INFO - validate loss: 0.5372
2025-09-30 09:09:34,272 - root - INFO - validate average_precision, 0.7590
2025-09-30 09:09:34,272 - root - INFO - validate roc_auc, 0.7907
2025-09-30 09:09:34,272 - root - INFO - new node validate loss: 0.5718
2025-09-30 09:09:34,272 - root - INFO - new node validate average_precision, 0.7371
2025-09-30 09:09:34,272 - root - INFO - new node validate roc_auc, 0.7581
2025-09-30 09:10:25,028 - root - INFO - test loss: 0.5642
2025-09-30 09:10:25,029 - root - INFO - test average_precision, 0.7394
2025-09-30 09:10:25,029 - root - INFO - best test average_precision: 0.7394
2025-09-30 09:10:25,029 - root - INFO - test roc_auc, 0.7644
2025-09-30 09:10:25,029 - root - INFO - new node test loss: 0.5701
2025-09-30 09:10:25,029 - root - INFO - new node test average_precision, 0.7384
2025-09-30 09:10:25,029 - root - INFO - new node test roc_auc, 0.7600
2025-09-30 09:10:25,029 - root - INFO - save model ./saved_models/TGAT/mooc/TGAT_seed0/TGAT_seed0.pkl
2025-09-30 09:14:02,480 - root - INFO - Epoch: 30, learning rate: 0.0001, train loss: 0.3898
2025-09-30 09:14:02,481 - root - INFO - train average_precision, 0.8453
2025-09-30 09:14:02,481 - root - INFO - train roc_auc, 0.8742
2025-09-30 09:14:02,481 - root - INFO - validate loss: 0.5441
2025-09-30 09:14:02,481 - root - INFO - validate average_precision, 0.7547
2025-09-30 09:14:02,481 - root - INFO - validate roc_auc, 0.7861
2025-09-30 09:14:02,481 - root - INFO - new node validate loss: 0.5820
2025-09-30 09:14:02,481 - root - INFO - new node validate average_precision, 0.7290
2025-09-30 09:14:02,481 - root - INFO - new node validate roc_auc, 0.7506
2025-09-30 09:14:53,263 - root - INFO - test loss: 0.5714
2025-09-30 09:14:53,263 - root - INFO - test average_precision, 0.7332
2025-09-30 09:14:53,263 - root - INFO - best test average_precision: 0.7394
2025-09-30 09:14:53,263 - root - INFO - test roc_auc, 0.7591
2025-09-30 09:14:53,263 - root - INFO - new node test loss: 0.5797
2025-09-30 09:14:53,263 - root - INFO - new node test average_precision, 0.7296
2025-09-30 09:14:53,263 - root - INFO - new node test roc_auc, 0.7532
2025-09-30 09:18:31,887 - root - INFO - Epoch: 31, learning rate: 0.0001, train loss: 0.3904
2025-09-30 09:18:31,888 - root - INFO - train average_precision, 0.8437
2025-09-30 09:18:31,888 - root - INFO - train roc_auc, 0.8735
2025-09-30 09:18:31,888 - root - INFO - validate loss: 0.5354
2025-09-30 09:18:31,888 - root - INFO - validate average_precision, 0.7600
2025-09-30 09:18:31,888 - root - INFO - validate roc_auc, 0.7915
2025-09-30 09:18:31,888 - root - INFO - new node validate loss: 0.5675
2025-09-30 09:18:31,889 - root - INFO - new node validate average_precision, 0.7434
2025-09-30 09:18:31,889 - root - INFO - new node validate roc_auc, 0.7622
2025-09-30 09:19:22,388 - root - INFO - test loss: 0.5634
2025-09-30 09:19:22,388 - root - INFO - test average_precision, 0.7392
2025-09-30 09:19:22,388 - root - INFO - best test average_precision: 0.7394
2025-09-30 09:19:22,388 - root - INFO - test roc_auc, 0.7644
2025-09-30 09:19:22,389 - root - INFO - new node test loss: 0.5679
2025-09-30 09:19:22,389 - root - INFO - new node test average_precision, 0.7390
2025-09-30 09:19:22,389 - root - INFO - new node test roc_auc, 0.7613
2025-09-30 09:19:22,389 - root - INFO - save model ./saved_models/TGAT/mooc/TGAT_seed0/TGAT_seed0.pkl
2025-09-30 09:22:59,751 - root - INFO - Epoch: 32, learning rate: 0.0001, train loss: 0.3885
2025-09-30 09:22:59,752 - root - INFO - train average_precision, 0.8461
2025-09-30 09:22:59,752 - root - INFO - train roc_auc, 0.8751
2025-09-30 09:22:59,752 - root - INFO - validate loss: 0.5330
2025-09-30 09:22:59,753 - root - INFO - validate average_precision, 0.7642
2025-09-30 09:22:59,753 - root - INFO - validate roc_auc, 0.7946
2025-09-30 09:22:59,753 - root - INFO - new node validate loss: 0.5696
2025-09-30 09:22:59,753 - root - INFO - new node validate average_precision, 0.7400
2025-09-30 09:22:59,753 - root - INFO - new node validate roc_auc, 0.7611
2025-09-30 09:23:50,375 - root - INFO - test loss: 0.5607
2025-09-30 09:23:50,375 - root - INFO - test average_precision, 0.7439
2025-09-30 09:23:50,376 - root - INFO - best test average_precision: 0.7439
2025-09-30 09:23:50,376 - root - INFO - test roc_auc, 0.7684
2025-09-30 09:23:50,376 - root - INFO - new node test loss: 0.5672
2025-09-30 09:23:50,376 - root - INFO - new node test average_precision, 0.7413
2025-09-30 09:23:50,376 - root - INFO - new node test roc_auc, 0.7639
2025-09-30 09:23:50,376 - root - INFO - save model ./saved_models/TGAT/mooc/TGAT_seed0/TGAT_seed0.pkl
2025-09-30 09:27:28,990 - root - INFO - Epoch: 33, learning rate: 0.0001, train loss: 0.3878
2025-09-30 09:27:28,991 - root - INFO - train average_precision, 0.8469
2025-09-30 09:27:28,991 - root - INFO - train roc_auc, 0.8754
2025-09-30 09:27:28,991 - root - INFO - validate loss: 0.5354
2025-09-30 09:27:28,991 - root - INFO - validate average_precision, 0.7626
2025-09-30 09:27:28,991 - root - INFO - validate roc_auc, 0.7935
2025-09-30 09:27:28,991 - root - INFO - new node validate loss: 0.5720
2025-09-30 09:27:28,992 - root - INFO - new node validate average_precision, 0.7399
2025-09-30 09:27:28,992 - root - INFO - new node validate roc_auc, 0.7597
2025-09-30 09:28:19,694 - root - INFO - test loss: 0.5630
2025-09-30 09:28:19,695 - root - INFO - test average_precision, 0.7420
2025-09-30 09:28:19,695 - root - INFO - best test average_precision: 0.7439
2025-09-30 09:28:19,695 - root - INFO - test roc_auc, 0.7663
2025-09-30 09:28:19,695 - root - INFO - new node test loss: 0.5689
2025-09-30 09:28:19,695 - root - INFO - new node test average_precision, 0.7394
2025-09-30 09:28:19,695 - root - INFO - new node test roc_auc, 0.7628
2025-09-30 09:31:58,086 - root - INFO - Epoch: 34, learning rate: 0.0001, train loss: 0.3883
2025-09-30 09:31:58,087 - root - INFO - train average_precision, 0.8468
2025-09-30 09:31:58,087 - root - INFO - train roc_auc, 0.8755
2025-09-30 09:31:58,087 - root - INFO - validate loss: 0.5347
2025-09-30 09:31:58,087 - root - INFO - validate average_precision, 0.7642
2025-09-30 09:31:58,087 - root - INFO - validate roc_auc, 0.7944
2025-09-30 09:31:58,087 - root - INFO - new node validate loss: 0.5713
2025-09-30 09:31:58,087 - root - INFO - new node validate average_precision, 0.7405
2025-09-30 09:31:58,087 - root - INFO - new node validate roc_auc, 0.7606
2025-09-30 09:32:48,702 - root - INFO - test loss: 0.5596
2025-09-30 09:32:48,702 - root - INFO - test average_precision, 0.7470
2025-09-30 09:32:48,703 - root - INFO - best test average_precision: 0.7470
2025-09-30 09:32:48,703 - root - INFO - test roc_auc, 0.7711
2025-09-30 09:32:48,703 - root - INFO - new node test loss: 0.5659
2025-09-30 09:32:48,703 - root - INFO - new node test average_precision, 0.7441
2025-09-30 09:32:48,703 - root - INFO - new node test roc_auc, 0.7664
2025-09-30 09:36:26,762 - root - INFO - Epoch: 35, learning rate: 0.0001, train loss: 0.3878
2025-09-30 09:36:26,763 - root - INFO - train average_precision, 0.8474
2025-09-30 09:36:26,763 - root - INFO - train roc_auc, 0.8762
2025-09-30 09:36:26,763 - root - INFO - validate loss: 0.5330
2025-09-30 09:36:26,763 - root - INFO - validate average_precision, 0.7649
2025-09-30 09:36:26,763 - root - INFO - validate roc_auc, 0.7955
2025-09-30 09:36:26,763 - root - INFO - new node validate loss: 0.5681
2025-09-30 09:36:26,763 - root - INFO - new node validate average_precision, 0.7450
2025-09-30 09:36:26,763 - root - INFO - new node validate roc_auc, 0.7633
2025-09-30 09:37:17,339 - root - INFO - test loss: 0.5611
2025-09-30 09:37:17,339 - root - INFO - test average_precision, 0.7456
2025-09-30 09:37:17,339 - root - INFO - best test average_precision: 0.7470
2025-09-30 09:37:17,339 - root - INFO - test roc_auc, 0.7690
2025-09-30 09:37:17,339 - root - INFO - new node test loss: 0.5677
2025-09-30 09:37:17,339 - root - INFO - new node test average_precision, 0.7435
2025-09-30 09:37:17,339 - root - INFO - new node test roc_auc, 0.7646
2025-09-30 09:37:17,339 - root - INFO - save model ./saved_models/TGAT/mooc/TGAT_seed0/TGAT_seed0.pkl
2025-09-30 09:40:54,749 - root - INFO - Epoch: 36, learning rate: 0.0001, train loss: 0.3861
2025-09-30 09:40:54,750 - root - INFO - train average_precision, 0.8493
2025-09-30 09:40:54,750 - root - INFO - train roc_auc, 0.8771
2025-09-30 09:40:54,750 - root - INFO - validate loss: 0.5334
2025-09-30 09:40:54,750 - root - INFO - validate average_precision, 0.7677
2025-09-30 09:40:54,750 - root - INFO - validate roc_auc, 0.7959
2025-09-30 09:40:54,750 - root - INFO - new node validate loss: 0.5668
2025-09-30 09:40:54,750 - root - INFO - new node validate average_precision, 0.7483
2025-09-30 09:40:54,750 - root - INFO - new node validate roc_auc, 0.7649
2025-09-30 09:41:45,539 - root - INFO - test loss: 0.5586
2025-09-30 09:41:45,540 - root - INFO - test average_precision, 0.7492
2025-09-30 09:41:45,540 - root - INFO - best test average_precision: 0.7492
2025-09-30 09:41:45,540 - root - INFO - test roc_auc, 0.7721
2025-09-30 09:41:45,540 - root - INFO - new node test loss: 0.5632
2025-09-30 09:41:45,540 - root - INFO - new node test average_precision, 0.7495
2025-09-30 09:41:45,540 - root - INFO - new node test roc_auc, 0.7689
2025-09-30 09:41:45,540 - root - INFO - save model ./saved_models/TGAT/mooc/TGAT_seed0/TGAT_seed0.pkl
2025-09-30 09:45:23,801 - root - INFO - Epoch: 37, learning rate: 0.0001, train loss: 0.3855
2025-09-30 09:45:23,802 - root - INFO - train average_precision, 0.8493
2025-09-30 09:45:23,802 - root - INFO - train roc_auc, 0.8777
2025-09-30 09:45:23,802 - root - INFO - validate loss: 0.5330
2025-09-30 09:45:23,802 - root - INFO - validate average_precision, 0.7695
2025-09-30 09:45:23,802 - root - INFO - validate roc_auc, 0.7978
2025-09-30 09:45:23,802 - root - INFO - new node validate loss: 0.5688
2025-09-30 09:45:23,802 - root - INFO - new node validate average_precision, 0.7486
2025-09-30 09:45:23,802 - root - INFO - new node validate roc_auc, 0.7654
2025-09-30 09:46:14,327 - root - INFO - test loss: 0.5590
2025-09-30 09:46:14,328 - root - INFO - test average_precision, 0.7495
2025-09-30 09:46:14,328 - root - INFO - best test average_precision: 0.7495
2025-09-30 09:46:14,328 - root - INFO - test roc_auc, 0.7729
2025-09-30 09:46:14,328 - root - INFO - new node test loss: 0.5656
2025-09-30 09:46:14,328 - root - INFO - new node test average_precision, 0.7481
2025-09-30 09:46:14,328 - root - INFO - new node test roc_auc, 0.7679
2025-09-30 09:46:14,328 - root - INFO - save model ./saved_models/TGAT/mooc/TGAT_seed0/TGAT_seed0.pkl
2025-09-30 09:49:51,354 - root - INFO - Epoch: 38, learning rate: 0.0001, train loss: 0.3856
2025-09-30 09:49:51,355 - root - INFO - train average_precision, 0.8499
2025-09-30 09:49:51,355 - root - INFO - train roc_auc, 0.8777
2025-09-30 09:49:51,355 - root - INFO - validate loss: 0.5258
2025-09-30 09:49:51,355 - root - INFO - validate average_precision, 0.7719
2025-09-30 09:49:51,355 - root - INFO - validate roc_auc, 0.8001
2025-09-30 09:49:51,356 - root - INFO - new node validate loss: 0.5607
2025-09-30 09:49:51,356 - root - INFO - new node validate average_precision, 0.7510
2025-09-30 09:49:51,356 - root - INFO - new node validate roc_auc, 0.7690
2025-09-30 09:50:41,903 - root - INFO - test loss: 0.5540
2025-09-30 09:50:41,904 - root - INFO - test average_precision, 0.7524
2025-09-30 09:50:41,904 - root - INFO - best test average_precision: 0.7524
2025-09-30 09:50:41,904 - root - INFO - test roc_auc, 0.7747
2025-09-30 09:50:41,904 - root - INFO - new node test loss: 0.5599
2025-09-30 09:50:41,904 - root - INFO - new node test average_precision, 0.7492
2025-09-30 09:50:41,904 - root - INFO - new node test roc_auc, 0.7698
2025-09-30 09:50:41,904 - root - INFO - save model ./saved_models/TGAT/mooc/TGAT_seed0/TGAT_seed0.pkl
2025-09-30 09:54:20,171 - root - INFO - Epoch: 39, learning rate: 0.0001, train loss: 0.3853
2025-09-30 09:54:20,172 - root - INFO - train average_precision, 0.8495
2025-09-30 09:54:20,172 - root - INFO - train roc_auc, 0.8779
2025-09-30 09:54:20,172 - root - INFO - validate loss: 0.5333
2025-09-30 09:54:20,172 - root - INFO - validate average_precision, 0.7703
2025-09-30 09:54:20,172 - root - INFO - validate roc_auc, 0.7983
2025-09-30 09:54:20,172 - root - INFO - new node validate loss: 0.5662
2025-09-30 09:54:20,172 - root - INFO - new node validate average_precision, 0.7513
2025-09-30 09:54:20,173 - root - INFO - new node validate roc_auc, 0.7678
2025-09-30 09:55:10,746 - root - INFO - test loss: 0.5592
2025-09-30 09:55:10,747 - root - INFO - test average_precision, 0.7507
2025-09-30 09:55:10,747 - root - INFO - best test average_precision: 0.7524
2025-09-30 09:55:10,747 - root - INFO - test roc_auc, 0.7731
2025-09-30 09:55:10,747 - root - INFO - new node test loss: 0.5648
2025-09-30 09:55:10,747 - root - INFO - new node test average_precision, 0.7503
2025-09-30 09:55:10,747 - root - INFO - new node test roc_auc, 0.7696
2025-09-30 09:58:47,585 - root - INFO - Epoch: 40, learning rate: 0.0001, train loss: 0.3843
2025-09-30 09:58:47,585 - root - INFO - train average_precision, 0.8501
2025-09-30 09:58:47,586 - root - INFO - train roc_auc, 0.8786
2025-09-30 09:58:47,586 - root - INFO - validate loss: 0.5278
2025-09-30 09:58:47,586 - root - INFO - validate average_precision, 0.7735
2025-09-30 09:58:47,586 - root - INFO - validate roc_auc, 0.8010
2025-09-30 09:58:47,586 - root - INFO - new node validate loss: 0.5644
2025-09-30 09:58:47,586 - root - INFO - new node validate average_precision, 0.7514
2025-09-30 09:58:47,586 - root - INFO - new node validate roc_auc, 0.7684
2025-09-30 09:59:38,106 - root - INFO - test loss: 0.5529
2025-09-30 09:59:38,106 - root - INFO - test average_precision, 0.7558
2025-09-30 09:59:38,106 - root - INFO - best test average_precision: 0.7558
2025-09-30 09:59:38,106 - root - INFO - test roc_auc, 0.7780
2025-09-30 09:59:38,106 - root - INFO - new node test loss: 0.5595
2025-09-30 09:59:38,106 - root - INFO - new node test average_precision, 0.7543
2025-09-30 09:59:38,106 - root - INFO - new node test roc_auc, 0.7735
2025-09-30 09:59:38,106 - root - INFO - save model ./saved_models/TGAT/mooc/TGAT_seed0/TGAT_seed0.pkl
2025-09-30 10:03:15,574 - root - INFO - Epoch: 41, learning rate: 0.0001, train loss: 0.3852
2025-09-30 10:03:15,575 - root - INFO - train average_precision, 0.8505
2025-09-30 10:03:15,575 - root - INFO - train roc_auc, 0.8781
2025-09-30 10:03:15,575 - root - INFO - validate loss: 0.5295
2025-09-30 10:03:15,575 - root - INFO - validate average_precision, 0.7689
2025-09-30 10:03:15,576 - root - INFO - validate roc_auc, 0.7983
2025-09-30 10:03:15,576 - root - INFO - new node validate loss: 0.5636
2025-09-30 10:03:15,576 - root - INFO - new node validate average_precision, 0.7511
2025-09-30 10:03:15,576 - root - INFO - new node validate roc_auc, 0.7680
2025-09-30 10:04:06,201 - root - INFO - test loss: 0.5548
2025-09-30 10:04:06,202 - root - INFO - test average_precision, 0.7522
2025-09-30 10:04:06,202 - root - INFO - best test average_precision: 0.7558
2025-09-30 10:04:06,202 - root - INFO - test roc_auc, 0.7751
2025-09-30 10:04:06,202 - root - INFO - new node test loss: 0.5600
2025-09-30 10:04:06,202 - root - INFO - new node test average_precision, 0.7508
2025-09-30 10:04:06,202 - root - INFO - new node test roc_auc, 0.7714
2025-09-30 10:07:44,689 - root - INFO - Epoch: 42, learning rate: 0.0001, train loss: 0.3834
2025-09-30 10:07:44,689 - root - INFO - train average_precision, 0.8523
2025-09-30 10:07:44,690 - root - INFO - train roc_auc, 0.8799
2025-09-30 10:07:44,690 - root - INFO - validate loss: 0.5257
2025-09-30 10:07:44,690 - root - INFO - validate average_precision, 0.7744
2025-09-30 10:07:44,690 - root - INFO - validate roc_auc, 0.8024
2025-09-30 10:07:44,690 - root - INFO - new node validate loss: 0.5598
2025-09-30 10:07:44,690 - root - INFO - new node validate average_precision, 0.7544
2025-09-30 10:07:44,690 - root - INFO - new node validate roc_auc, 0.7720
2025-09-30 10:08:35,261 - root - INFO - test loss: 0.5521
2025-09-30 10:08:35,261 - root - INFO - test average_precision, 0.7573
2025-09-30 10:08:35,262 - root - INFO - best test average_precision: 0.7573
2025-09-30 10:08:35,262 - root - INFO - test roc_auc, 0.7785
2025-09-30 10:08:35,262 - root - INFO - new node test loss: 0.5570
2025-09-30 10:08:35,262 - root - INFO - new node test average_precision, 0.7567
2025-09-30 10:08:35,262 - root - INFO - new node test roc_auc, 0.7754
2025-09-30 10:08:35,262 - root - INFO - save model ./saved_models/TGAT/mooc/TGAT_seed0/TGAT_seed0.pkl
2025-09-30 10:12:12,504 - root - INFO - Epoch: 43, learning rate: 0.0001, train loss: 0.3817
2025-09-30 10:12:12,505 - root - INFO - train average_precision, 0.8530
2025-09-30 10:12:12,505 - root - INFO - train roc_auc, 0.8810
2025-09-30 10:12:12,505 - root - INFO - validate loss: 0.5246
2025-09-30 10:12:12,505 - root - INFO - validate average_precision, 0.7746
2025-09-30 10:12:12,506 - root - INFO - validate roc_auc, 0.8022
2025-09-30 10:12:12,506 - root - INFO - new node validate loss: 0.5577
2025-09-30 10:12:12,506 - root - INFO - new node validate average_precision, 0.7590
2025-09-30 10:12:12,506 - root - INFO - new node validate roc_auc, 0.7740
2025-09-30 10:13:03,225 - root - INFO - test loss: 0.5526
2025-09-30 10:13:03,225 - root - INFO - test average_precision, 0.7553
2025-09-30 10:13:03,225 - root - INFO - best test average_precision: 0.7573
2025-09-30 10:13:03,226 - root - INFO - test roc_auc, 0.7768
2025-09-30 10:13:03,226 - root - INFO - new node test loss: 0.5564
2025-09-30 10:13:03,226 - root - INFO - new node test average_precision, 0.7563
2025-09-30 10:13:03,226 - root - INFO - new node test roc_auc, 0.7747
2025-09-30 10:16:40,332 - root - INFO - Epoch: 44, learning rate: 0.0001, train loss: 0.3811
2025-09-30 10:16:40,333 - root - INFO - train average_precision, 0.8544
2025-09-30 10:16:40,333 - root - INFO - train roc_auc, 0.8817
2025-09-30 10:16:40,333 - root - INFO - validate loss: 0.5245
2025-09-30 10:16:40,333 - root - INFO - validate average_precision, 0.7770
2025-09-30 10:16:40,333 - root - INFO - validate roc_auc, 0.8035
2025-09-30 10:16:40,334 - root - INFO - new node validate loss: 0.5609
2025-09-30 10:16:40,334 - root - INFO - new node validate average_precision, 0.7565
2025-09-30 10:16:40,334 - root - INFO - new node validate roc_auc, 0.7719
2025-09-30 10:17:31,146 - root - INFO - test loss: 0.5505
2025-09-30 10:17:31,146 - root - INFO - test average_precision, 0.7596
2025-09-30 10:17:31,146 - root - INFO - best test average_precision: 0.7596
2025-09-30 10:17:31,146 - root - INFO - test roc_auc, 0.7802
2025-09-30 10:17:31,146 - root - INFO - new node test loss: 0.5572
2025-09-30 10:17:31,146 - root - INFO - new node test average_precision, 0.7572
2025-09-30 10:17:31,147 - root - INFO - new node test roc_auc, 0.7753
2025-09-30 10:17:31,147 - root - INFO - save model ./saved_models/TGAT/mooc/TGAT_seed0/TGAT_seed0.pkl
2025-09-30 10:21:09,026 - root - INFO - Epoch: 45, learning rate: 0.0001, train loss: 0.3804
2025-09-30 10:21:09,027 - root - INFO - train average_precision, 0.8547
2025-09-30 10:21:09,027 - root - INFO - train roc_auc, 0.8821
2025-09-30 10:21:09,027 - root - INFO - validate loss: 0.5281
2025-09-30 10:21:09,027 - root - INFO - validate average_precision, 0.7752
2025-09-30 10:21:09,027 - root - INFO - validate roc_auc, 0.8017
2025-09-30 10:21:09,027 - root - INFO - new node validate loss: 0.5599
2025-09-30 10:21:09,027 - root - INFO - new node validate average_precision, 0.7585
2025-09-30 10:21:09,027 - root - INFO - new node validate roc_auc, 0.7741
2025-09-30 10:21:59,641 - root - INFO - test loss: 0.5528
2025-09-30 10:21:59,641 - root - INFO - test average_precision, 0.7587
2025-09-30 10:21:59,641 - root - INFO - best test average_precision: 0.7596
2025-09-30 10:21:59,641 - root - INFO - test roc_auc, 0.7786
2025-09-30 10:21:59,642 - root - INFO - new node test loss: 0.5573
2025-09-30 10:21:59,642 - root - INFO - new node test average_precision, 0.7582
2025-09-30 10:21:59,642 - root - INFO - new node test roc_auc, 0.7761
2025-09-30 10:25:37,203 - root - INFO - Epoch: 46, learning rate: 0.0001, train loss: 0.3810
2025-09-30 10:25:37,204 - root - INFO - train average_precision, 0.8547
2025-09-30 10:25:37,204 - root - INFO - train roc_auc, 0.8819
2025-09-30 10:25:37,204 - root - INFO - validate loss: 0.5249
2025-09-30 10:25:37,204 - root - INFO - validate average_precision, 0.7769
2025-09-30 10:25:37,204 - root - INFO - validate roc_auc, 0.8046
2025-09-30 10:25:37,204 - root - INFO - new node validate loss: 0.5584
2025-09-30 10:25:37,205 - root - INFO - new node validate average_precision, 0.7574
2025-09-30 10:25:37,205 - root - INFO - new node validate roc_auc, 0.7754
2025-09-30 10:26:27,810 - root - INFO - test loss: 0.5521
2025-09-30 10:26:27,811 - root - INFO - test average_precision, 0.7573
2025-09-30 10:26:27,811 - root - INFO - best test average_precision: 0.7596
2025-09-30 10:26:27,811 - root - INFO - test roc_auc, 0.7797
2025-09-30 10:26:27,811 - root - INFO - new node test loss: 0.5579
2025-09-30 10:26:27,811 - root - INFO - new node test average_precision, 0.7562
2025-09-30 10:26:27,811 - root - INFO - new node test roc_auc, 0.7758
2025-09-30 10:30:05,016 - root - INFO - Epoch: 47, learning rate: 0.0001, train loss: 0.3791
2025-09-30 10:30:05,017 - root - INFO - train average_precision, 0.8559
2025-09-30 10:30:05,017 - root - INFO - train roc_auc, 0.8831
2025-09-30 10:30:05,017 - root - INFO - validate loss: 0.5228
2025-09-30 10:30:05,017 - root - INFO - validate average_precision, 0.7770
2025-09-30 10:30:05,017 - root - INFO - validate roc_auc, 0.8042
2025-09-30 10:30:05,017 - root - INFO - new node validate loss: 0.5574
2025-09-30 10:30:05,017 - root - INFO - new node validate average_precision, 0.7576
2025-09-30 10:30:05,017 - root - INFO - new node validate roc_auc, 0.7749
2025-09-30 10:30:55,673 - root - INFO - test loss: 0.5490
2025-09-30 10:30:55,674 - root - INFO - test average_precision, 0.7596
2025-09-30 10:30:55,674 - root - INFO - best test average_precision: 0.7596
2025-09-30 10:30:55,674 - root - INFO - test roc_auc, 0.7811
2025-09-30 10:30:55,674 - root - INFO - new node test loss: 0.5563
2025-09-30 10:30:55,674 - root - INFO - new node test average_precision, 0.7564
2025-09-30 10:30:55,674 - root - INFO - new node test roc_auc, 0.7762
2025-09-30 10:34:33,830 - root - INFO - Epoch: 48, learning rate: 0.0001, train loss: 0.3796
2025-09-30 10:34:33,831 - root - INFO - train average_precision, 0.8560
2025-09-30 10:34:33,831 - root - INFO - train roc_auc, 0.8831
2025-09-30 10:34:33,831 - root - INFO - validate loss: 0.5201
2025-09-30 10:34:33,831 - root - INFO - validate average_precision, 0.7791
2025-09-30 10:34:33,831 - root - INFO - validate roc_auc, 0.8059
2025-09-30 10:34:33,831 - root - INFO - new node validate loss: 0.5561
2025-09-30 10:34:33,831 - root - INFO - new node validate average_precision, 0.7590
2025-09-30 10:34:33,831 - root - INFO - new node validate roc_auc, 0.7760
2025-09-30 10:35:24,349 - root - INFO - test loss: 0.5460
2025-09-30 10:35:24,349 - root - INFO - test average_precision, 0.7635
2025-09-30 10:35:24,349 - root - INFO - best test average_precision: 0.7635
2025-09-30 10:35:24,349 - root - INFO - test roc_auc, 0.7836
2025-09-30 10:35:24,349 - root - INFO - new node test loss: 0.5520
2025-09-30 10:35:24,349 - root - INFO - new node test average_precision, 0.7621
2025-09-30 10:35:24,349 - root - INFO - new node test roc_auc, 0.7797
2025-09-30 10:35:24,349 - root - INFO - save model ./saved_models/TGAT/mooc/TGAT_seed0/TGAT_seed0.pkl
2025-09-30 10:39:01,448 - root - INFO - Epoch: 49, learning rate: 0.0001, train loss: 0.3783
2025-09-30 10:39:01,448 - root - INFO - train average_precision, 0.8572
2025-09-30 10:39:01,449 - root - INFO - train roc_auc, 0.8837
2025-09-30 10:39:01,449 - root - INFO - validate loss: 0.5236
2025-09-30 10:39:01,449 - root - INFO - validate average_precision, 0.7804
2025-09-30 10:39:01,449 - root - INFO - validate roc_auc, 0.8060
2025-09-30 10:39:01,449 - root - INFO - new node validate loss: 0.5572
2025-09-30 10:39:01,449 - root - INFO - new node validate average_precision, 0.7629
2025-09-30 10:39:01,449 - root - INFO - new node validate roc_auc, 0.7776
2025-09-30 10:39:51,981 - root - INFO - test loss: 0.5484
2025-09-30 10:39:51,981 - root - INFO - test average_precision, 0.7640
2025-09-30 10:39:51,982 - root - INFO - best test average_precision: 0.7640
2025-09-30 10:39:51,982 - root - INFO - test roc_auc, 0.7838
2025-09-30 10:39:51,982 - root - INFO - new node test loss: 0.5533
2025-09-30 10:39:51,982 - root - INFO - new node test average_precision, 0.7646
2025-09-30 10:39:51,982 - root - INFO - new node test roc_auc, 0.7809
2025-09-30 10:39:51,982 - root - INFO - save model ./saved_models/TGAT/mooc/TGAT_seed0/TGAT_seed0.pkl
2025-09-30 10:43:28,841 - root - INFO - Epoch: 50, learning rate: 0.0001, train loss: 0.3784
2025-09-30 10:43:28,842 - root - INFO - train average_precision, 0.8569
2025-09-30 10:43:28,843 - root - INFO - train roc_auc, 0.8837
2025-09-30 10:43:28,843 - root - INFO - validate loss: 0.5199
2025-09-30 10:43:28,843 - root - INFO - validate average_precision, 0.7815
2025-09-30 10:43:28,843 - root - INFO - validate roc_auc, 0.8079
2025-09-30 10:43:28,843 - root - INFO - new node validate loss: 0.5531
2025-09-30 10:43:28,843 - root - INFO - new node validate average_precision, 0.7639
2025-09-30 10:43:28,843 - root - INFO - new node validate roc_auc, 0.7788
2025-09-30 10:44:19,393 - root - INFO - test loss: 0.5454
2025-09-30 10:44:19,393 - root - INFO - test average_precision, 0.7651
2025-09-30 10:44:19,394 - root - INFO - best test average_precision: 0.7651
2025-09-30 10:44:19,394 - root - INFO - test roc_auc, 0.7855
2025-09-30 10:44:19,394 - root - INFO - new node test loss: 0.5501
2025-09-30 10:44:19,394 - root - INFO - new node test average_precision, 0.7645
2025-09-30 10:44:19,394 - root - INFO - new node test roc_auc, 0.7825
2025-09-30 10:44:19,394 - root - INFO - save model ./saved_models/TGAT/mooc/TGAT_seed0/TGAT_seed0.pkl
2025-09-30 10:47:56,104 - root - INFO - Epoch: 51, learning rate: 0.0001, train loss: 0.3766
2025-09-30 10:47:56,105 - root - INFO - train average_precision, 0.8585
2025-09-30 10:47:56,105 - root - INFO - train roc_auc, 0.8850
2025-09-30 10:47:56,105 - root - INFO - validate loss: 0.5178
2025-09-30 10:47:56,105 - root - INFO - validate average_precision, 0.7825
2025-09-30 10:47:56,105 - root - INFO - validate roc_auc, 0.8085
2025-09-30 10:47:56,105 - root - INFO - new node validate loss: 0.5530
2025-09-30 10:47:56,105 - root - INFO - new node validate average_precision, 0.7627
2025-09-30 10:47:56,105 - root - INFO - new node validate roc_auc, 0.7792
2025-09-30 10:48:46,792 - root - INFO - test loss: 0.5447
2025-09-30 10:48:46,793 - root - INFO - test average_precision, 0.7653
2025-09-30 10:48:46,793 - root - INFO - best test average_precision: 0.7653
2025-09-30 10:48:46,793 - root - INFO - test roc_auc, 0.7850
2025-09-30 10:48:46,793 - root - INFO - new node test loss: 0.5522
2025-09-30 10:48:46,793 - root - INFO - new node test average_precision, 0.7614
2025-09-30 10:48:46,793 - root - INFO - new node test roc_auc, 0.7798
2025-09-30 10:48:46,793 - root - INFO - save model ./saved_models/TGAT/mooc/TGAT_seed0/TGAT_seed0.pkl
2025-09-30 10:52:25,302 - root - INFO - Epoch: 52, learning rate: 0.0001, train loss: 0.3765
2025-09-30 10:52:25,303 - root - INFO - train average_precision, 0.8591
2025-09-30 10:52:25,303 - root - INFO - train roc_auc, 0.8854
2025-09-30 10:52:25,303 - root - INFO - validate loss: 0.5217
2025-09-30 10:52:25,304 - root - INFO - validate average_precision, 0.7825
2025-09-30 10:52:25,304 - root - INFO - validate roc_auc, 0.8069
2025-09-30 10:52:25,304 - root - INFO - new node validate loss: 0.5555
2025-09-30 10:52:25,304 - root - INFO - new node validate average_precision, 0.7643
2025-09-30 10:52:25,304 - root - INFO - new node validate roc_auc, 0.7783
2025-09-30 10:53:15,794 - root - INFO - test loss: 0.5472
2025-09-30 10:53:15,794 - root - INFO - test average_precision, 0.7651
2025-09-30 10:53:15,794 - root - INFO - best test average_precision: 0.7653
2025-09-30 10:53:15,794 - root - INFO - test roc_auc, 0.7844
2025-09-30 10:53:15,794 - root - INFO - new node test loss: 0.5522
2025-09-30 10:53:15,794 - root - INFO - new node test average_precision, 0.7647
2025-09-30 10:53:15,795 - root - INFO - new node test roc_auc, 0.7816
2025-09-30 10:56:52,886 - root - INFO - Epoch: 53, learning rate: 0.0001, train loss: 0.3766
2025-09-30 10:56:52,887 - root - INFO - train average_precision, 0.8587
2025-09-30 10:56:52,887 - root - INFO - train roc_auc, 0.8852
2025-09-30 10:56:52,887 - root - INFO - validate loss: 0.5195
2025-09-30 10:56:52,887 - root - INFO - validate average_precision, 0.7853
2025-09-30 10:56:52,887 - root - INFO - validate roc_auc, 0.8099
2025-09-30 10:56:52,887 - root - INFO - new node validate loss: 0.5593
2025-09-30 10:56:52,888 - root - INFO - new node validate average_precision, 0.7605
2025-09-30 10:56:52,888 - root - INFO - new node validate roc_auc, 0.7768
2025-09-30 10:57:43,493 - root - INFO - test loss: 0.5453
2025-09-30 10:57:43,494 - root - INFO - test average_precision, 0.7677
2025-09-30 10:57:43,494 - root - INFO - best test average_precision: 0.7677
2025-09-30 10:57:43,494 - root - INFO - test roc_auc, 0.7871
2025-09-30 10:57:43,494 - root - INFO - new node test loss: 0.5541
2025-09-30 10:57:43,494 - root - INFO - new node test average_precision, 0.7625
2025-09-30 10:57:43,494 - root - INFO - new node test roc_auc, 0.7812
2025-09-30 10:57:43,494 - root - INFO - save model ./saved_models/TGAT/mooc/TGAT_seed0/TGAT_seed0.pkl
2025-09-30 11:01:22,149 - root - INFO - Epoch: 54, learning rate: 0.0001, train loss: 0.3763
2025-09-30 11:01:22,150 - root - INFO - train average_precision, 0.8599
2025-09-30 11:01:22,150 - root - INFO - train roc_auc, 0.8858
2025-09-30 11:01:22,150 - root - INFO - validate loss: 0.5165
2025-09-30 11:01:22,150 - root - INFO - validate average_precision, 0.7859
2025-09-30 11:01:22,150 - root - INFO - validate roc_auc, 0.8109
2025-09-30 11:01:22,150 - root - INFO - new node validate loss: 0.5486
2025-09-30 11:01:22,150 - root - INFO - new node validate average_precision, 0.7689
2025-09-30 11:01:22,150 - root - INFO - new node validate roc_auc, 0.7843
2025-09-30 11:02:12,800 - root - INFO - test loss: 0.5428
2025-09-30 11:02:12,800 - root - INFO - test average_precision, 0.7689
2025-09-30 11:02:12,800 - root - INFO - best test average_precision: 0.7689
2025-09-30 11:02:12,800 - root - INFO - test roc_auc, 0.7882
2025-09-30 11:02:12,800 - root - INFO - new node test loss: 0.5481
2025-09-30 11:02:12,801 - root - INFO - new node test average_precision, 0.7670
2025-09-30 11:02:12,801 - root - INFO - new node test roc_auc, 0.7846
2025-09-30 11:02:12,801 - root - INFO - save model ./saved_models/TGAT/mooc/TGAT_seed0/TGAT_seed0.pkl
2025-09-30 11:05:50,376 - root - INFO - Epoch: 55, learning rate: 0.0001, train loss: 0.3734
2025-09-30 11:05:50,376 - root - INFO - train average_precision, 0.8617
2025-09-30 11:05:50,377 - root - INFO - train roc_auc, 0.8876
2025-09-30 11:05:50,377 - root - INFO - validate loss: 0.5215
2025-09-30 11:05:50,377 - root - INFO - validate average_precision, 0.7859
2025-09-30 11:05:50,377 - root - INFO - validate roc_auc, 0.8087
2025-09-30 11:05:50,377 - root - INFO - new node validate loss: 0.5581
2025-09-30 11:05:50,377 - root - INFO - new node validate average_precision, 0.7650
2025-09-30 11:05:50,377 - root - INFO - new node validate roc_auc, 0.7770
2025-09-30 11:06:40,943 - root - INFO - test loss: 0.5448
2025-09-30 11:06:40,943 - root - INFO - test average_precision, 0.7709
2025-09-30 11:06:40,943 - root - INFO - best test average_precision: 0.7709
2025-09-30 11:06:40,943 - root - INFO - test roc_auc, 0.7879
2025-09-30 11:06:40,943 - root - INFO - new node test loss: 0.5525
2025-09-30 11:06:40,943 - root - INFO - new node test average_precision, 0.7659
2025-09-30 11:06:40,943 - root - INFO - new node test roc_auc, 0.7821
2025-09-30 11:10:18,727 - root - INFO - Epoch: 56, learning rate: 0.0001, train loss: 0.3745
2025-09-30 11:10:18,727 - root - INFO - train average_precision, 0.8609
2025-09-30 11:10:18,728 - root - INFO - train roc_auc, 0.8869
2025-09-30 11:10:18,728 - root - INFO - validate loss: 0.5170
2025-09-30 11:10:18,728 - root - INFO - validate average_precision, 0.7881
2025-09-30 11:10:18,728 - root - INFO - validate roc_auc, 0.8123
2025-09-30 11:10:18,728 - root - INFO - new node validate loss: 0.5498
2025-09-30 11:10:18,728 - root - INFO - new node validate average_precision, 0.7700
2025-09-30 11:10:18,728 - root - INFO - new node validate roc_auc, 0.7847
2025-09-30 11:11:09,545 - root - INFO - test loss: 0.5415
2025-09-30 11:11:09,545 - root - INFO - test average_precision, 0.7726
2025-09-30 11:11:09,546 - root - INFO - best test average_precision: 0.7726
2025-09-30 11:11:09,546 - root - INFO - test roc_auc, 0.7907
2025-09-30 11:11:09,546 - root - INFO - new node test loss: 0.5467
2025-09-30 11:11:09,546 - root - INFO - new node test average_precision, 0.7706
2025-09-30 11:11:09,546 - root - INFO - new node test roc_auc, 0.7870
2025-09-30 11:11:09,546 - root - INFO - save model ./saved_models/TGAT/mooc/TGAT_seed0/TGAT_seed0.pkl
2025-09-30 11:14:47,223 - root - INFO - Epoch: 57, learning rate: 0.0001, train loss: 0.3742
2025-09-30 11:14:47,224 - root - INFO - train average_precision, 0.8619
2025-09-30 11:14:47,224 - root - INFO - train roc_auc, 0.8875
2025-09-30 11:14:47,224 - root - INFO - validate loss: 0.5120
2025-09-30 11:14:47,224 - root - INFO - validate average_precision, 0.7922
2025-09-30 11:14:47,224 - root - INFO - validate roc_auc, 0.8168
2025-09-30 11:14:47,224 - root - INFO - new node validate loss: 0.5460
2025-09-30 11:14:47,224 - root - INFO - new node validate average_precision, 0.7734
2025-09-30 11:14:47,224 - root - INFO - new node validate roc_auc, 0.7884
2025-09-30 11:15:37,647 - root - INFO - test loss: 0.5395
2025-09-30 11:15:37,648 - root - INFO - test average_precision, 0.7754
2025-09-30 11:15:37,648 - root - INFO - best test average_precision: 0.7754
2025-09-30 11:15:37,648 - root - INFO - test roc_auc, 0.7937
2025-09-30 11:15:37,648 - root - INFO - new node test loss: 0.5463
2025-09-30 11:15:37,648 - root - INFO - new node test average_precision, 0.7730
2025-09-30 11:15:37,648 - root - INFO - new node test roc_auc, 0.7899
2025-09-30 11:15:37,648 - root - INFO - save model ./saved_models/TGAT/mooc/TGAT_seed0/TGAT_seed0.pkl
2025-09-30 11:19:15,983 - root - INFO - Epoch: 58, learning rate: 0.0001, train loss: 0.3740
2025-09-30 11:19:15,983 - root - INFO - train average_precision, 0.8615
2025-09-30 11:19:15,984 - root - INFO - train roc_auc, 0.8874
2025-09-30 11:19:15,984 - root - INFO - validate loss: 0.5110
2025-09-30 11:19:15,984 - root - INFO - validate average_precision, 0.7903
2025-09-30 11:19:15,984 - root - INFO - validate roc_auc, 0.8146
2025-09-30 11:19:15,984 - root - INFO - new node validate loss: 0.5427
2025-09-30 11:19:15,984 - root - INFO - new node validate average_precision, 0.7737
2025-09-30 11:19:15,984 - root - INFO - new node validate roc_auc, 0.7888
2025-09-30 11:20:06,679 - root - INFO - test loss: 0.5382
2025-09-30 11:20:06,679 - root - INFO - test average_precision, 0.7742
2025-09-30 11:20:06,679 - root - INFO - best test average_precision: 0.7754
2025-09-30 11:20:06,679 - root - INFO - test roc_auc, 0.7921
2025-09-30 11:20:06,679 - root - INFO - new node test loss: 0.5421
2025-09-30 11:20:06,680 - root - INFO - new node test average_precision, 0.7733
2025-09-30 11:20:06,680 - root - INFO - new node test roc_auc, 0.7909
2025-09-30 11:23:43,787 - root - INFO - Epoch: 59, learning rate: 0.0001, train loss: 0.3736
2025-09-30 11:23:43,788 - root - INFO - train average_precision, 0.8621
2025-09-30 11:23:43,788 - root - INFO - train roc_auc, 0.8878
2025-09-30 11:23:43,788 - root - INFO - validate loss: 0.5084
2025-09-30 11:23:43,788 - root - INFO - validate average_precision, 0.7926
2025-09-30 11:23:43,788 - root - INFO - validate roc_auc, 0.8161
2025-09-30 11:23:43,788 - root - INFO - new node validate loss: 0.5429
2025-09-30 11:23:43,788 - root - INFO - new node validate average_precision, 0.7744
2025-09-30 11:23:43,788 - root - INFO - new node validate roc_auc, 0.7882
2025-09-30 11:24:34,386 - root - INFO - test loss: 0.5349
2025-09-30 11:24:34,387 - root - INFO - test average_precision, 0.7771
2025-09-30 11:24:34,387 - root - INFO - best test average_precision: 0.7771
2025-09-30 11:24:34,387 - root - INFO - test roc_auc, 0.7947
2025-09-30 11:24:34,387 - root - INFO - new node test loss: 0.5391
2025-09-30 11:24:34,387 - root - INFO - new node test average_precision, 0.7758
2025-09-30 11:24:34,387 - root - INFO - new node test roc_auc, 0.7925
2025-09-30 11:28:12,621 - root - INFO - Epoch: 60, learning rate: 0.0001, train loss: 0.3724
2025-09-30 11:28:12,621 - root - INFO - train average_precision, 0.8633
2025-09-30 11:28:12,622 - root - INFO - train roc_auc, 0.8887
2025-09-30 11:28:12,622 - root - INFO - validate loss: 0.5178
2025-09-30 11:28:12,622 - root - INFO - validate average_precision, 0.7891
2025-09-30 11:28:12,622 - root - INFO - validate roc_auc, 0.8118
2025-09-30 11:28:12,622 - root - INFO - new node validate loss: 0.5525
2025-09-30 11:28:12,622 - root - INFO - new node validate average_precision, 0.7704
2025-09-30 11:28:12,622 - root - INFO - new node validate roc_auc, 0.7825
2025-09-30 11:29:03,209 - root - INFO - test loss: 0.5421
2025-09-30 11:29:03,210 - root - INFO - test average_precision, 0.7743
2025-09-30 11:29:03,210 - root - INFO - best test average_precision: 0.7771
2025-09-30 11:29:03,210 - root - INFO - test roc_auc, 0.7910
2025-09-30 11:29:03,210 - root - INFO - new node test loss: 0.5491
2025-09-30 11:29:03,210 - root - INFO - new node test average_precision, 0.7706
2025-09-30 11:29:03,210 - root - INFO - new node test roc_auc, 0.7862
2025-09-30 11:32:42,634 - root - INFO - Epoch: 61, learning rate: 0.0001, train loss: 0.3713
2025-09-30 11:32:42,634 - root - INFO - train average_precision, 0.8636
2025-09-30 11:32:42,635 - root - INFO - train roc_auc, 0.8894
2025-09-30 11:32:42,635 - root - INFO - validate loss: 0.5084
2025-09-30 11:32:42,635 - root - INFO - validate average_precision, 0.7943
2025-09-30 11:32:42,635 - root - INFO - validate roc_auc, 0.8173
2025-09-30 11:32:42,635 - root - INFO - new node validate loss: 0.5427
2025-09-30 11:32:42,635 - root - INFO - new node validate average_precision, 0.7737
2025-09-30 11:32:42,635 - root - INFO - new node validate roc_auc, 0.7885
2025-09-30 11:33:33,090 - root - INFO - test loss: 0.5361
2025-09-30 11:33:33,090 - root - INFO - test average_precision, 0.7767
2025-09-30 11:33:33,090 - root - INFO - best test average_precision: 0.7771
2025-09-30 11:33:33,090 - root - INFO - test roc_auc, 0.7943
2025-09-30 11:33:33,090 - root - INFO - new node test loss: 0.5427
2025-09-30 11:33:33,091 - root - INFO - new node test average_precision, 0.7726
2025-09-30 11:33:33,091 - root - INFO - new node test roc_auc, 0.7896
2025-09-30 11:33:33,091 - root - INFO - save model ./saved_models/TGAT/mooc/TGAT_seed0/TGAT_seed0.pkl
2025-09-30 11:37:10,439 - root - INFO - Epoch: 62, learning rate: 0.0001, train loss: 0.3706
2025-09-30 11:37:10,440 - root - INFO - train average_precision, 0.8646
2025-09-30 11:37:10,440 - root - INFO - train roc_auc, 0.8898
2025-09-30 11:37:10,440 - root - INFO - validate loss: 0.5134
2025-09-30 11:37:10,440 - root - INFO - validate average_precision, 0.7926
2025-09-30 11:37:10,440 - root - INFO - validate roc_auc, 0.8155
2025-09-30 11:37:10,440 - root - INFO - new node validate loss: 0.5446
2025-09-30 11:37:10,441 - root - INFO - new node validate average_precision, 0.7755
2025-09-30 11:37:10,441 - root - INFO - new node validate roc_auc, 0.7892
2025-09-30 11:38:00,990 - root - INFO - test loss: 0.5368
2025-09-30 11:38:00,990 - root - INFO - test average_precision, 0.7791
2025-09-30 11:38:00,990 - root - INFO - best test average_precision: 0.7791
2025-09-30 11:38:00,990 - root - INFO - test roc_auc, 0.7957
2025-09-30 11:38:00,990 - root - INFO - new node test loss: 0.5418
2025-09-30 11:38:00,990 - root - INFO - new node test average_precision, 0.7765
2025-09-30 11:38:00,990 - root - INFO - new node test roc_auc, 0.7922
2025-09-30 11:41:38,480 - root - INFO - Epoch: 63, learning rate: 0.0001, train loss: 0.3712
2025-09-30 11:41:38,481 - root - INFO - train average_precision, 0.8648
2025-09-30 11:41:38,481 - root - INFO - train roc_auc, 0.8898
2025-09-30 11:41:38,481 - root - INFO - validate loss: 0.5103
2025-09-30 11:41:38,481 - root - INFO - validate average_precision, 0.7945
2025-09-30 11:41:38,482 - root - INFO - validate roc_auc, 0.8172
2025-09-30 11:41:38,482 - root - INFO - new node validate loss: 0.5435
2025-09-30 11:41:38,482 - root - INFO - new node validate average_precision, 0.7754
2025-09-30 11:41:38,482 - root - INFO - new node validate roc_auc, 0.7900
2025-09-30 11:42:29,136 - root - INFO - test loss: 0.5365
2025-09-30 11:42:29,136 - root - INFO - test average_precision, 0.7785
2025-09-30 11:42:29,136 - root - INFO - best test average_precision: 0.7791
2025-09-30 11:42:29,136 - root - INFO - test roc_auc, 0.7951
2025-09-30 11:42:29,136 - root - INFO - new node test loss: 0.5428
2025-09-30 11:42:29,136 - root - INFO - new node test average_precision, 0.7739
2025-09-30 11:42:29,136 - root - INFO - new node test roc_auc, 0.7907
2025-09-30 11:46:06,252 - root - INFO - Epoch: 64, learning rate: 0.0001, train loss: 0.3706
2025-09-30 11:46:06,253 - root - INFO - train average_precision, 0.8645
2025-09-30 11:46:06,253 - root - INFO - train roc_auc, 0.8899
2025-09-30 11:46:06,253 - root - INFO - validate loss: 0.5081
2025-09-30 11:46:06,253 - root - INFO - validate average_precision, 0.7952
2025-09-30 11:46:06,254 - root - INFO - validate roc_auc, 0.8188
2025-09-30 11:46:06,254 - root - INFO - new node validate loss: 0.5395
2025-09-30 11:46:06,254 - root - INFO - new node validate average_precision, 0.7783
2025-09-30 11:46:06,254 - root - INFO - new node validate roc_auc, 0.7937
2025-09-30 11:46:56,801 - root - INFO - test loss: 0.5354
2025-09-30 11:46:56,801 - root - INFO - test average_precision, 0.7787
2025-09-30 11:46:56,801 - root - INFO - best test average_precision: 0.7791
2025-09-30 11:46:56,801 - root - INFO - test roc_auc, 0.7961
2025-09-30 11:46:56,801 - root - INFO - new node test loss: 0.5410
2025-09-30 11:46:56,801 - root - INFO - new node test average_precision, 0.7749
2025-09-30 11:46:56,801 - root - INFO - new node test roc_auc, 0.7933
2025-09-30 11:46:56,802 - root - INFO - save model ./saved_models/TGAT/mooc/TGAT_seed0/TGAT_seed0.pkl
2025-09-30 11:50:34,577 - root - INFO - Epoch: 65, learning rate: 0.0001, train loss: 0.3697
2025-09-30 11:50:34,578 - root - INFO - train average_precision, 0.8660
2025-09-30 11:50:34,578 - root - INFO - train roc_auc, 0.8907
2025-09-30 11:50:34,578 - root - INFO - validate loss: 0.5029
2025-09-30 11:50:34,578 - root - INFO - validate average_precision, 0.8002
2025-09-30 11:50:34,578 - root - INFO - validate roc_auc, 0.8233
2025-09-30 11:50:34,578 - root - INFO - new node validate loss: 0.5350
2025-09-30 11:50:34,578 - root - INFO - new node validate average_precision, 0.7817
2025-09-30 11:50:34,578 - root - INFO - new node validate roc_auc, 0.7964
2025-09-30 11:51:25,200 - root - INFO - test loss: 0.5308
2025-09-30 11:51:25,200 - root - INFO - test average_precision, 0.7841
2025-09-30 11:51:25,200 - root - INFO - best test average_precision: 0.7841
2025-09-30 11:51:25,200 - root - INFO - test roc_auc, 0.8008
2025-09-30 11:51:25,200 - root - INFO - new node test loss: 0.5369
2025-09-30 11:51:25,200 - root - INFO - new node test average_precision, 0.7805
2025-09-30 11:51:25,200 - root - INFO - new node test roc_auc, 0.7971
2025-09-30 11:51:25,200 - root - INFO - save model ./saved_models/TGAT/mooc/TGAT_seed0/TGAT_seed0.pkl
2025-09-30 11:55:03,259 - root - INFO - Epoch: 66, learning rate: 0.0001, train loss: 0.3685
2025-09-30 11:55:03,260 - root - INFO - train average_precision, 0.8669
2025-09-30 11:55:03,260 - root - INFO - train roc_auc, 0.8918
2025-09-30 11:55:03,260 - root - INFO - validate loss: 0.5095
2025-09-30 11:55:03,260 - root - INFO - validate average_precision, 0.7980
2025-09-30 11:55:03,260 - root - INFO - validate roc_auc, 0.8200
2025-09-30 11:55:03,260 - root - INFO - new node validate loss: 0.5476
2025-09-30 11:55:03,260 - root - INFO - new node validate average_precision, 0.7728
2025-09-30 11:55:03,261 - root - INFO - new node validate roc_auc, 0.7878
2025-09-30 11:55:53,839 - root - INFO - test loss: 0.5350
2025-09-30 11:55:53,839 - root - INFO - test average_precision, 0.7831
2025-09-30 11:55:53,839 - root - INFO - best test average_precision: 0.7841
2025-09-30 11:55:53,839 - root - INFO - test roc_auc, 0.7990
2025-09-30 11:55:53,839 - root - INFO - new node test loss: 0.5448
2025-09-30 11:55:53,839 - root - INFO - new node test average_precision, 0.7754
2025-09-30 11:55:53,840 - root - INFO - new node test roc_auc, 0.7919
2025-09-30 11:59:32,510 - root - INFO - Epoch: 67, learning rate: 0.0001, train loss: 0.3669
2025-09-30 11:59:32,511 - root - INFO - train average_precision, 0.8675
2025-09-30 11:59:32,511 - root - INFO - train roc_auc, 0.8923
2025-09-30 11:59:32,511 - root - INFO - validate loss: 0.5049
2025-09-30 11:59:32,511 - root - INFO - validate average_precision, 0.7992
2025-09-30 11:59:32,511 - root - INFO - validate roc_auc, 0.8217
2025-09-30 11:59:32,512 - root - INFO - new node validate loss: 0.5375
2025-09-30 11:59:32,512 - root - INFO - new node validate average_precision, 0.7800
2025-09-30 11:59:32,512 - root - INFO - new node validate roc_auc, 0.7950
2025-09-30 12:00:23,101 - root - INFO - test loss: 0.5321
2025-09-30 12:00:23,102 - root - INFO - test average_precision, 0.7827
2025-09-30 12:00:23,102 - root - INFO - best test average_precision: 0.7841
2025-09-30 12:00:23,102 - root - INFO - test roc_auc, 0.7995
2025-09-30 12:00:23,102 - root - INFO - new node test loss: 0.5372
2025-09-30 12:00:23,102 - root - INFO - new node test average_precision, 0.7794
2025-09-30 12:00:23,102 - root - INFO - new node test roc_auc, 0.7960
2025-09-30 12:04:01,027 - root - INFO - Epoch: 68, learning rate: 0.0001, train loss: 0.3671
2025-09-30 12:04:01,028 - root - INFO - train average_precision, 0.8676
2025-09-30 12:04:01,028 - root - INFO - train roc_auc, 0.8924
2025-09-30 12:04:01,028 - root - INFO - validate loss: 0.5097
2025-09-30 12:04:01,028 - root - INFO - validate average_precision, 0.7928
2025-09-30 12:04:01,028 - root - INFO - validate roc_auc, 0.8162
2025-09-30 12:04:01,028 - root - INFO - new node validate loss: 0.5465
2025-09-30 12:04:01,028 - root - INFO - new node validate average_precision, 0.7697
2025-09-30 12:04:01,028 - root - INFO - new node validate roc_auc, 0.7861
2025-09-30 12:04:51,756 - root - INFO - test loss: 0.5340
2025-09-30 12:04:51,756 - root - INFO - test average_precision, 0.7789
2025-09-30 12:04:51,756 - root - INFO - best test average_precision: 0.7841
2025-09-30 12:04:51,757 - root - INFO - test roc_auc, 0.7967
2025-09-30 12:04:51,757 - root - INFO - new node test loss: 0.5411
2025-09-30 12:04:51,757 - root - INFO - new node test average_precision, 0.7736
2025-09-30 12:04:51,757 - root - INFO - new node test roc_auc, 0.7921
2025-09-30 12:08:30,278 - root - INFO - Epoch: 69, learning rate: 0.0001, train loss: 0.3675
2025-09-30 12:08:30,280 - root - INFO - train average_precision, 0.8675
2025-09-30 12:08:30,280 - root - INFO - train roc_auc, 0.8923
2025-09-30 12:08:30,280 - root - INFO - validate loss: 0.5029
2025-09-30 12:08:30,280 - root - INFO - validate average_precision, 0.7988
2025-09-30 12:08:30,280 - root - INFO - validate roc_auc, 0.8213
2025-09-30 12:08:30,280 - root - INFO - new node validate loss: 0.5371
2025-09-30 12:08:30,280 - root - INFO - new node validate average_precision, 0.7789
2025-09-30 12:08:30,280 - root - INFO - new node validate roc_auc, 0.7942
2025-09-30 12:09:20,942 - root - INFO - test loss: 0.5283
2025-09-30 12:09:20,942 - root - INFO - test average_precision, 0.7853
2025-09-30 12:09:20,942 - root - INFO - best test average_precision: 0.7853
2025-09-30 12:09:20,942 - root - INFO - test roc_auc, 0.8015
2025-09-30 12:09:20,942 - root - INFO - new node test loss: 0.5351
2025-09-30 12:09:20,942 - root - INFO - new node test average_precision, 0.7806
2025-09-30 12:09:20,942 - root - INFO - new node test roc_auc, 0.7969
2025-09-30 12:12:58,688 - root - INFO - Epoch: 70, learning rate: 0.0001, train loss: 0.3662
2025-09-30 12:12:58,689 - root - INFO - train average_precision, 0.8685
2025-09-30 12:12:58,689 - root - INFO - train roc_auc, 0.8931
2025-09-30 12:12:58,689 - root - INFO - validate loss: 0.5048
2025-09-30 12:12:58,690 - root - INFO - validate average_precision, 0.7998
2025-09-30 12:12:58,690 - root - INFO - validate roc_auc, 0.8217
2025-09-30 12:12:58,690 - root - INFO - new node validate loss: 0.5347
2025-09-30 12:12:58,690 - root - INFO - new node validate average_precision, 0.7849
2025-09-30 12:12:58,690 - root - INFO - new node validate roc_auc, 0.7979
2025-09-30 12:13:49,282 - root - INFO - test loss: 0.5282
2025-09-30 12:13:49,283 - root - INFO - test average_precision, 0.7864
2025-09-30 12:13:49,283 - root - INFO - best test average_precision: 0.7864
2025-09-30 12:13:49,283 - root - INFO - test roc_auc, 0.8028
2025-09-30 12:13:49,283 - root - INFO - new node test loss: 0.5337
2025-09-30 12:13:49,283 - root - INFO - new node test average_precision, 0.7838
2025-09-30 12:13:49,283 - root - INFO - new node test roc_auc, 0.7986
2025-09-30 12:17:27,388 - root - INFO - Epoch: 71, learning rate: 0.0001, train loss: 0.3663
2025-09-30 12:17:27,388 - root - INFO - train average_precision, 0.8689
2025-09-30 12:17:27,388 - root - INFO - train roc_auc, 0.8932
2025-09-30 12:17:27,389 - root - INFO - validate loss: 0.5004
2025-09-30 12:17:27,389 - root - INFO - validate average_precision, 0.8017
2025-09-30 12:17:27,389 - root - INFO - validate roc_auc, 0.8239
2025-09-30 12:17:27,389 - root - INFO - new node validate loss: 0.5333
2025-09-30 12:17:27,389 - root - INFO - new node validate average_precision, 0.7825
2025-09-30 12:17:27,389 - root - INFO - new node validate roc_auc, 0.7978
2025-09-30 12:18:18,156 - root - INFO - test loss: 0.5277
2025-09-30 12:18:18,156 - root - INFO - test average_precision, 0.7868
2025-09-30 12:18:18,156 - root - INFO - best test average_precision: 0.7868
2025-09-30 12:18:18,157 - root - INFO - test roc_auc, 0.8032
2025-09-30 12:18:18,157 - root - INFO - new node test loss: 0.5343
2025-09-30 12:18:18,157 - root - INFO - new node test average_precision, 0.7836
2025-09-30 12:18:18,157 - root - INFO - new node test roc_auc, 0.7997
2025-09-30 12:18:18,157 - root - INFO - save model ./saved_models/TGAT/mooc/TGAT_seed0/TGAT_seed0.pkl
2025-09-30 12:21:55,908 - root - INFO - Epoch: 72, learning rate: 0.0001, train loss: 0.3647
2025-09-30 12:21:55,908 - root - INFO - train average_precision, 0.8702
2025-09-30 12:21:55,909 - root - INFO - train roc_auc, 0.8942
2025-09-30 12:21:55,909 - root - INFO - validate loss: 0.4986
2025-09-30 12:21:55,909 - root - INFO - validate average_precision, 0.8039
2025-09-30 12:21:55,909 - root - INFO - validate roc_auc, 0.8256
2025-09-30 12:21:55,909 - root - INFO - new node validate loss: 0.5303
2025-09-30 12:21:55,909 - root - INFO - new node validate average_precision, 0.7847
2025-09-30 12:21:55,909 - root - INFO - new node validate roc_auc, 0.7993
2025-09-30 12:22:46,630 - root - INFO - test loss: 0.5255
2025-09-30 12:22:46,630 - root - INFO - test average_precision, 0.7885
2025-09-30 12:22:46,630 - root - INFO - best test average_precision: 0.7885
2025-09-30 12:22:46,630 - root - INFO - test roc_auc, 0.8049
2025-09-30 12:22:46,630 - root - INFO - new node test loss: 0.5322
2025-09-30 12:22:46,630 - root - INFO - new node test average_precision, 0.7849
2025-09-30 12:22:46,630 - root - INFO - new node test roc_auc, 0.8000
2025-09-30 12:22:46,630 - root - INFO - save model ./saved_models/TGAT/mooc/TGAT_seed0/TGAT_seed0.pkl
2025-09-30 12:26:24,729 - root - INFO - Epoch: 73, learning rate: 0.0001, train loss: 0.3658
2025-09-30 12:26:24,730 - root - INFO - train average_precision, 0.8694
2025-09-30 12:26:24,730 - root - INFO - train roc_auc, 0.8936
2025-09-30 12:26:24,730 - root - INFO - validate loss: 0.5007
2025-09-30 12:26:24,730 - root - INFO - validate average_precision, 0.8015
2025-09-30 12:26:24,730 - root - INFO - validate roc_auc, 0.8247
2025-09-30 12:26:24,730 - root - INFO - new node validate loss: 0.5358
2025-09-30 12:26:24,730 - root - INFO - new node validate average_precision, 0.7811
2025-09-30 12:26:24,730 - root - INFO - new node validate roc_auc, 0.7971
2025-09-30 12:27:15,435 - root - INFO - test loss: 0.5283
2025-09-30 12:27:15,435 - root - INFO - test average_precision, 0.7870
2025-09-30 12:27:15,435 - root - INFO - best test average_precision: 0.7885
2025-09-30 12:27:15,435 - root - INFO - test roc_auc, 0.8036
2025-09-30 12:27:15,435 - root - INFO - new node test loss: 0.5377
2025-09-30 12:27:15,435 - root - INFO - new node test average_precision, 0.7799
2025-09-30 12:27:15,435 - root - INFO - new node test roc_auc, 0.7971
2025-09-30 12:30:54,254 - root - INFO - Epoch: 74, learning rate: 0.0001, train loss: 0.3645
2025-09-30 12:30:54,255 - root - INFO - train average_precision, 0.8702
2025-09-30 12:30:54,255 - root - INFO - train roc_auc, 0.8942
2025-09-30 12:30:54,255 - root - INFO - validate loss: 0.5059
2025-09-30 12:30:54,255 - root - INFO - validate average_precision, 0.8026
2025-09-30 12:30:54,255 - root - INFO - validate roc_auc, 0.8234
2025-09-30 12:30:54,255 - root - INFO - new node validate loss: 0.5385
2025-09-30 12:30:54,255 - root - INFO - new node validate average_precision, 0.7824
2025-09-30 12:30:54,255 - root - INFO - new node validate roc_auc, 0.7962
2025-09-30 12:31:44,950 - root - INFO - test loss: 0.5309
2025-09-30 12:31:44,950 - root - INFO - test average_precision, 0.7876
2025-09-30 12:31:44,950 - root - INFO - best test average_precision: 0.7885
2025-09-30 12:31:44,951 - root - INFO - test roc_auc, 0.8030
2025-09-30 12:31:44,951 - root - INFO - new node test loss: 0.5376
2025-09-30 12:31:44,951 - root - INFO - new node test average_precision, 0.7835
2025-09-30 12:31:44,951 - root - INFO - new node test roc_auc, 0.7989
2025-09-30 12:35:22,368 - root - INFO - Epoch: 75, learning rate: 0.0001, train loss: 0.3635
2025-09-30 12:35:22,369 - root - INFO - train average_precision, 0.8715
2025-09-30 12:35:22,369 - root - INFO - train roc_auc, 0.8950
2025-09-30 12:35:22,369 - root - INFO - validate loss: 0.5024
2025-09-30 12:35:22,369 - root - INFO - validate average_precision, 0.8031
2025-09-30 12:35:22,369 - root - INFO - validate roc_auc, 0.8239
2025-09-30 12:35:22,369 - root - INFO - new node validate loss: 0.5351
2025-09-30 12:35:22,369 - root - INFO - new node validate average_precision, 0.7848
2025-09-30 12:35:22,369 - root - INFO - new node validate roc_auc, 0.7980
2025-09-30 12:36:12,982 - root - INFO - test loss: 0.5285
2025-09-30 12:36:12,982 - root - INFO - test average_precision, 0.7884
2025-09-30 12:36:12,982 - root - INFO - best test average_precision: 0.7885
2025-09-30 12:36:12,982 - root - INFO - test roc_auc, 0.8034
2025-09-30 12:36:12,982 - root - INFO - new node test loss: 0.5366
2025-09-30 12:36:12,983 - root - INFO - new node test average_precision, 0.7834
2025-09-30 12:36:12,983 - root - INFO - new node test roc_auc, 0.7979
2025-09-30 12:39:51,014 - root - INFO - Epoch: 76, learning rate: 0.0001, train loss: 0.3634
2025-09-30 12:39:51,015 - root - INFO - train average_precision, 0.8716
2025-09-30 12:39:51,016 - root - INFO - train roc_auc, 0.8953
2025-09-30 12:39:51,016 - root - INFO - validate loss: 0.4989
2025-09-30 12:39:51,016 - root - INFO - validate average_precision, 0.8050
2025-09-30 12:39:51,016 - root - INFO - validate roc_auc, 0.8264
2025-09-30 12:39:51,016 - root - INFO - new node validate loss: 0.5340
2025-09-30 12:39:51,016 - root - INFO - new node validate average_precision, 0.7839
2025-09-30 12:39:51,016 - root - INFO - new node validate roc_auc, 0.7987
2025-09-30 12:40:41,598 - root - INFO - test loss: 0.5237
2025-09-30 12:40:41,598 - root - INFO - test average_precision, 0.7917
2025-09-30 12:40:41,598 - root - INFO - best test average_precision: 0.7917
2025-09-30 12:40:41,598 - root - INFO - test roc_auc, 0.8074
2025-09-30 12:40:41,598 - root - INFO - new node test loss: 0.5336
2025-09-30 12:40:41,598 - root - INFO - new node test average_precision, 0.7834
2025-09-30 12:40:41,598 - root - INFO - new node test roc_auc, 0.8000
2025-09-30 12:40:41,598 - root - INFO - save model ./saved_models/TGAT/mooc/TGAT_seed0/TGAT_seed0.pkl
2025-09-30 12:44:18,949 - root - INFO - Epoch: 77, learning rate: 0.0001, train loss: 0.3637
2025-09-30 12:44:18,950 - root - INFO - train average_precision, 0.8712
2025-09-30 12:44:18,951 - root - INFO - train roc_auc, 0.8950
2025-09-30 12:44:18,951 - root - INFO - validate loss: 0.4985
2025-09-30 12:44:18,951 - root - INFO - validate average_precision, 0.8047
2025-09-30 12:44:18,951 - root - INFO - validate roc_auc, 0.8262
2025-09-30 12:44:18,951 - root - INFO - new node validate loss: 0.5328
2025-09-30 12:44:18,951 - root - INFO - new node validate average_precision, 0.7842
2025-09-30 12:44:18,951 - root - INFO - new node validate roc_auc, 0.7998
2025-09-30 12:45:09,616 - root - INFO - test loss: 0.5222
2025-09-30 12:45:09,616 - root - INFO - test average_precision, 0.7925
2025-09-30 12:45:09,616 - root - INFO - best test average_precision: 0.7925
2025-09-30 12:45:09,616 - root - INFO - test roc_auc, 0.8080
2025-09-30 12:45:09,616 - root - INFO - new node test loss: 0.5308
2025-09-30 12:45:09,616 - root - INFO - new node test average_precision, 0.7868
2025-09-30 12:45:09,616 - root - INFO - new node test roc_auc, 0.8021
2025-09-30 12:48:46,481 - root - INFO - Epoch: 78, learning rate: 0.0001, train loss: 0.3646
2025-09-30 12:48:46,482 - root - INFO - train average_precision, 0.8704
2025-09-30 12:48:46,482 - root - INFO - train roc_auc, 0.8942
2025-09-30 12:48:46,482 - root - INFO - validate loss: 0.4961
2025-09-30 12:48:46,483 - root - INFO - validate average_precision, 0.8061
2025-09-30 12:48:46,483 - root - INFO - validate roc_auc, 0.8276
2025-09-30 12:48:46,483 - root - INFO - new node validate loss: 0.5274
2025-09-30 12:48:46,483 - root - INFO - new node validate average_precision, 0.7874
2025-09-30 12:48:46,483 - root - INFO - new node validate roc_auc, 0.8024
2025-09-30 12:49:37,024 - root - INFO - test loss: 0.5224
2025-09-30 12:49:37,024 - root - INFO - test average_precision, 0.7925
2025-09-30 12:49:37,025 - root - INFO - best test average_precision: 0.7925
2025-09-30 12:49:37,025 - root - INFO - test roc_auc, 0.8072
2025-09-30 12:49:37,025 - root - INFO - new node test loss: 0.5299
2025-09-30 12:49:37,025 - root - INFO - new node test average_precision, 0.7876
2025-09-30 12:49:37,025 - root - INFO - new node test roc_auc, 0.8021
2025-09-30 12:49:37,025 - root - INFO - save model ./saved_models/TGAT/mooc/TGAT_seed0/TGAT_seed0.pkl
2025-09-30 12:53:14,049 - root - INFO - Epoch: 79, learning rate: 0.0001, train loss: 0.3635
2025-09-30 12:53:14,051 - root - INFO - train average_precision, 0.8711
2025-09-30 12:53:14,051 - root - INFO - train roc_auc, 0.8952
2025-09-30 12:53:14,051 - root - INFO - validate loss: 0.4912
2025-09-30 12:53:14,051 - root - INFO - validate average_precision, 0.8095
2025-09-30 12:53:14,051 - root - INFO - validate roc_auc, 0.8320
2025-09-30 12:53:14,051 - root - INFO - new node validate loss: 0.5235
2025-09-30 12:53:14,051 - root - INFO - new node validate average_precision, 0.7904
2025-09-30 12:53:14,051 - root - INFO - new node validate roc_auc, 0.8065
2025-09-30 12:54:04,594 - root - INFO - test loss: 0.5160
2025-09-30 12:54:04,594 - root - INFO - test average_precision, 0.7970
2025-09-30 12:54:04,594 - root - INFO - best test average_precision: 0.7970
2025-09-30 12:54:04,595 - root - INFO - test roc_auc, 0.8141
2025-09-30 12:54:04,595 - root - INFO - new node test loss: 0.5253
2025-09-30 12:54:04,595 - root - INFO - new node test average_precision, 0.7898
2025-09-30 12:54:04,595 - root - INFO - new node test roc_auc, 0.8065
2025-09-30 12:54:04,595 - root - INFO - save model ./saved_models/TGAT/mooc/TGAT_seed0/TGAT_seed0.pkl
2025-09-30 12:57:41,511 - root - INFO - Epoch: 80, learning rate: 0.0001, train loss: 0.3628
2025-09-30 12:57:41,511 - root - INFO - train average_precision, 0.8721
2025-09-30 12:57:41,511 - root - INFO - train roc_auc, 0.8959
2025-09-30 12:57:41,511 - root - INFO - validate loss: 0.4960
2025-09-30 12:57:41,512 - root - INFO - validate average_precision, 0.8083
2025-09-30 12:57:41,512 - root - INFO - validate roc_auc, 0.8287
2025-09-30 12:57:41,512 - root - INFO - new node validate loss: 0.5294
2025-09-30 12:57:41,512 - root - INFO - new node validate average_precision, 0.7879
2025-09-30 12:57:41,512 - root - INFO - new node validate roc_auc, 0.8021
2025-09-30 12:58:32,084 - root - INFO - test loss: 0.5197
2025-09-30 12:58:32,084 - root - INFO - test average_precision, 0.7955
2025-09-30 12:58:32,084 - root - INFO - best test average_precision: 0.7970
2025-09-30 12:58:32,084 - root - INFO - test roc_auc, 0.8106
2025-09-30 12:58:32,084 - root - INFO - new node test loss: 0.5279
2025-09-30 12:58:32,084 - root - INFO - new node test average_precision, 0.7887
2025-09-30 12:58:32,084 - root - INFO - new node test roc_auc, 0.8043
2025-09-30 13:02:09,266 - root - INFO - Epoch: 81, learning rate: 0.0001, train loss: 0.3627
2025-09-30 13:02:09,267 - root - INFO - train average_precision, 0.8723
2025-09-30 13:02:09,267 - root - INFO - train roc_auc, 0.8957
2025-09-30 13:02:09,267 - root - INFO - validate loss: 0.4999
2025-09-30 13:02:09,267 - root - INFO - validate average_precision, 0.8062
2025-09-30 13:02:09,267 - root - INFO - validate roc_auc, 0.8278
2025-09-30 13:02:09,267 - root - INFO - new node validate loss: 0.5295
2025-09-30 13:02:09,267 - root - INFO - new node validate average_precision, 0.7889
2025-09-30 13:02:09,267 - root - INFO - new node validate roc_auc, 0.8036
2025-09-30 13:02:59,763 - root - INFO - test loss: 0.5258
2025-09-30 13:02:59,763 - root - INFO - test average_precision, 0.7917
2025-09-30 13:02:59,763 - root - INFO - best test average_precision: 0.7970
2025-09-30 13:02:59,763 - root - INFO - test roc_auc, 0.8071
2025-09-30 13:02:59,763 - root - INFO - new node test loss: 0.5333
2025-09-30 13:02:59,763 - root - INFO - new node test average_precision, 0.7859
2025-09-30 13:02:59,763 - root - INFO - new node test roc_auc, 0.8018
2025-09-30 13:06:38,105 - root - INFO - Epoch: 82, learning rate: 0.0001, train loss: 0.3613
2025-09-30 13:06:38,106 - root - INFO - train average_precision, 0.8730
2025-09-30 13:06:38,106 - root - INFO - train roc_auc, 0.8968
2025-09-30 13:06:38,106 - root - INFO - validate loss: 0.4940
2025-09-30 13:06:38,106 - root - INFO - validate average_precision, 0.8087
2025-09-30 13:06:38,107 - root - INFO - validate roc_auc, 0.8303
2025-09-30 13:06:38,107 - root - INFO - new node validate loss: 0.5236
2025-09-30 13:06:38,107 - root - INFO - new node validate average_precision, 0.7924
2025-09-30 13:06:38,107 - root - INFO - new node validate roc_auc, 0.8072
2025-09-30 13:07:28,761 - root - INFO - test loss: 0.5174
2025-09-30 13:07:28,761 - root - INFO - test average_precision, 0.7976
2025-09-30 13:07:28,761 - root - INFO - best test average_precision: 0.7976
2025-09-30 13:07:28,761 - root - INFO - test roc_auc, 0.8127
2025-09-30 13:07:28,761 - root - INFO - new node test loss: 0.5231
2025-09-30 13:07:28,761 - root - INFO - new node test average_precision, 0.7937
2025-09-30 13:07:28,761 - root - INFO - new node test roc_auc, 0.8090
2025-09-30 13:11:08,345 - root - INFO - Epoch: 83, learning rate: 0.0001, train loss: 0.3606
2025-09-30 13:11:08,345 - root - INFO - train average_precision, 0.8742
2025-09-30 13:11:08,346 - root - INFO - train roc_auc, 0.8974
2025-09-30 13:11:08,346 - root - INFO - validate loss: 0.4990
2025-09-30 13:11:08,346 - root - INFO - validate average_precision, 0.8062
2025-09-30 13:11:08,346 - root - INFO - validate roc_auc, 0.8277
2025-09-30 13:11:08,346 - root - INFO - new node validate loss: 0.5286
2025-09-30 13:11:08,346 - root - INFO - new node validate average_precision, 0.7894
2025-09-30 13:11:08,346 - root - INFO - new node validate roc_auc, 0.8043
2025-09-30 13:11:58,958 - root - INFO - test loss: 0.5224
2025-09-30 13:11:58,959 - root - INFO - test average_precision, 0.7941
2025-09-30 13:11:58,959 - root - INFO - best test average_precision: 0.7976
2025-09-30 13:11:58,959 - root - INFO - test roc_auc, 0.8092
2025-09-30 13:11:58,959 - root - INFO - new node test loss: 0.5274
2025-09-30 13:11:58,959 - root - INFO - new node test average_precision, 0.7901
2025-09-30 13:11:58,959 - root - INFO - new node test roc_auc, 0.8055
2025-09-30 13:15:36,050 - root - INFO - Epoch: 84, learning rate: 0.0001, train loss: 0.3609
2025-09-30 13:15:36,051 - root - INFO - train average_precision, 0.8731
2025-09-30 13:15:36,051 - root - INFO - train roc_auc, 0.8968
2025-09-30 13:15:36,051 - root - INFO - validate loss: 0.4939
2025-09-30 13:15:36,051 - root - INFO - validate average_precision, 0.8097
2025-09-30 13:15:36,051 - root - INFO - validate roc_auc, 0.8306
2025-09-30 13:15:36,051 - root - INFO - new node validate loss: 0.5312
2025-09-30 13:15:36,051 - root - INFO - new node validate average_precision, 0.7869
2025-09-30 13:15:36,051 - root - INFO - new node validate roc_auc, 0.8011
2025-09-30 13:16:26,686 - root - INFO - test loss: 0.5178
2025-09-30 13:16:26,687 - root - INFO - test average_precision, 0.7977
2025-09-30 13:16:26,687 - root - INFO - best test average_precision: 0.7977
2025-09-30 13:16:26,687 - root - INFO - test roc_auc, 0.8128
2025-09-30 13:16:26,687 - root - INFO - new node test loss: 0.5273
2025-09-30 13:16:26,687 - root - INFO - new node test average_precision, 0.7911
2025-09-30 13:16:26,687 - root - INFO - new node test roc_auc, 0.8062
2025-09-30 13:20:03,517 - root - INFO - Epoch: 85, learning rate: 0.0001, train loss: 0.3603
2025-09-30 13:20:03,517 - root - INFO - train average_precision, 0.8744
2025-09-30 13:20:03,517 - root - INFO - train roc_auc, 0.8976
2025-09-30 13:20:03,518 - root - INFO - validate loss: 0.4944
2025-09-30 13:20:03,518 - root - INFO - validate average_precision, 0.8093
2025-09-30 13:20:03,518 - root - INFO - validate roc_auc, 0.8302
2025-09-30 13:20:03,518 - root - INFO - new node validate loss: 0.5289
2025-09-30 13:20:03,518 - root - INFO - new node validate average_precision, 0.7880
2025-09-30 13:20:03,518 - root - INFO - new node validate roc_auc, 0.8033
2025-09-30 13:20:54,069 - root - INFO - test loss: 0.5171
2025-09-30 13:20:54,069 - root - INFO - test average_precision, 0.7976
2025-09-30 13:20:54,070 - root - INFO - best test average_precision: 0.7977
2025-09-30 13:20:54,070 - root - INFO - test roc_auc, 0.8131
2025-09-30 13:20:54,070 - root - INFO - new node test loss: 0.5249
2025-09-30 13:20:54,070 - root - INFO - new node test average_precision, 0.7919
2025-09-30 13:20:54,070 - root - INFO - new node test roc_auc, 0.8079
2025-09-30 13:24:32,906 - root - INFO - Epoch: 86, learning rate: 0.0001, train loss: 0.3589
2025-09-30 13:24:32,907 - root - INFO - train average_precision, 0.8750
2025-09-30 13:24:32,907 - root - INFO - train roc_auc, 0.8982
2025-09-30 13:24:32,907 - root - INFO - validate loss: 0.4921
2025-09-30 13:24:32,907 - root - INFO - validate average_precision, 0.8096
2025-09-30 13:24:32,907 - root - INFO - validate roc_auc, 0.8309
2025-09-30 13:24:32,907 - root - INFO - new node validate loss: 0.5214
2025-09-30 13:24:32,907 - root - INFO - new node validate average_precision, 0.7927
2025-09-30 13:24:32,907 - root - INFO - new node validate roc_auc, 0.8077
2025-09-30 13:25:23,428 - root - INFO - test loss: 0.5164
2025-09-30 13:25:23,428 - root - INFO - test average_precision, 0.7972
2025-09-30 13:25:23,428 - root - INFO - best test average_precision: 0.7977
2025-09-30 13:25:23,428 - root - INFO - test roc_auc, 0.8124
2025-09-30 13:25:23,428 - root - INFO - new node test loss: 0.5217
2025-09-30 13:25:23,428 - root - INFO - new node test average_precision, 0.7933
2025-09-30 13:25:23,428 - root - INFO - new node test roc_auc, 0.8088
2025-09-30 13:29:01,283 - root - INFO - Epoch: 87, learning rate: 0.0001, train loss: 0.3609
2025-09-30 13:29:01,284 - root - INFO - train average_precision, 0.8738
2025-09-30 13:29:01,284 - root - INFO - train roc_auc, 0.8970
2025-09-30 13:29:01,284 - root - INFO - validate loss: 0.4919
2025-09-30 13:29:01,284 - root - INFO - validate average_precision, 0.8111
2025-09-30 13:29:01,284 - root - INFO - validate roc_auc, 0.8316
2025-09-30 13:29:01,284 - root - INFO - new node validate loss: 0.5222
2025-09-30 13:29:01,284 - root - INFO - new node validate average_precision, 0.7935
2025-09-30 13:29:01,284 - root - INFO - new node validate roc_auc, 0.8079
2025-09-30 13:29:51,899 - root - INFO - test loss: 0.5173
2025-09-30 13:29:51,899 - root - INFO - test average_precision, 0.7970
2025-09-30 13:29:51,899 - root - INFO - best test average_precision: 0.7977
2025-09-30 13:29:51,899 - root - INFO - test roc_auc, 0.8120
2025-09-30 13:29:51,899 - root - INFO - new node test loss: 0.5217
2025-09-30 13:29:51,899 - root - INFO - new node test average_precision, 0.7944
2025-09-30 13:29:51,899 - root - INFO - new node test roc_auc, 0.8089
2025-09-30 13:33:29,554 - root - INFO - Epoch: 88, learning rate: 0.0001, train loss: 0.3593
2025-09-30 13:33:29,554 - root - INFO - train average_precision, 0.8748
2025-09-30 13:33:29,555 - root - INFO - train roc_auc, 0.8981
2025-09-30 13:33:29,555 - root - INFO - validate loss: 0.4933
2025-09-30 13:33:29,555 - root - INFO - validate average_precision, 0.8110
2025-09-30 13:33:29,555 - root - INFO - validate roc_auc, 0.8315
2025-09-30 13:33:29,555 - root - INFO - new node validate loss: 0.5266
2025-09-30 13:33:29,555 - root - INFO - new node validate average_precision, 0.7918
2025-09-30 13:33:29,555 - root - INFO - new node validate roc_auc, 0.8057
2025-09-30 13:34:20,028 - root - INFO - test loss: 0.5176
2025-09-30 13:34:20,028 - root - INFO - test average_precision, 0.7977
2025-09-30 13:34:20,028 - root - INFO - best test average_precision: 0.7977
2025-09-30 13:34:20,028 - root - INFO - test roc_auc, 0.8126
2025-09-30 13:34:20,028 - root - INFO - new node test loss: 0.5234
2025-09-30 13:34:20,028 - root - INFO - new node test average_precision, 0.7940
2025-09-30 13:34:20,029 - root - INFO - new node test roc_auc, 0.8089
2025-09-30 13:37:58,238 - root - INFO - Epoch: 89, learning rate: 0.0001, train loss: 0.3583
2025-09-30 13:37:58,238 - root - INFO - train average_precision, 0.8751
2025-09-30 13:37:58,239 - root - INFO - train roc_auc, 0.8986
2025-09-30 13:37:58,239 - root - INFO - validate loss: 0.4885
2025-09-30 13:37:58,239 - root - INFO - validate average_precision, 0.8130
2025-09-30 13:37:58,239 - root - INFO - validate roc_auc, 0.8342
2025-09-30 13:37:58,239 - root - INFO - new node validate loss: 0.5217
2025-09-30 13:37:58,239 - root - INFO - new node validate average_precision, 0.7919
2025-09-30 13:37:58,239 - root - INFO - new node validate roc_auc, 0.8084
2025-09-30 13:38:48,806 - root - INFO - test loss: 0.5141
2025-09-30 13:38:48,806 - root - INFO - test average_precision, 0.8001
2025-09-30 13:38:48,807 - root - INFO - best test average_precision: 0.8001
2025-09-30 13:38:48,807 - root - INFO - test roc_auc, 0.8160
2025-09-30 13:38:48,807 - root - INFO - new node test loss: 0.5228
2025-09-30 13:38:48,807 - root - INFO - new node test average_precision, 0.7933
2025-09-30 13:38:48,807 - root - INFO - new node test roc_auc, 0.8100
2025-09-30 13:38:48,807 - root - INFO - save model ./saved_models/TGAT/mooc/TGAT_seed0/TGAT_seed0.pkl
2025-09-30 13:42:26,305 - root - INFO - Epoch: 90, learning rate: 0.0001, train loss: 0.3591
2025-09-30 13:42:26,306 - root - INFO - train average_precision, 0.8754
2025-09-30 13:42:26,306 - root - INFO - train roc_auc, 0.8983
2025-09-30 13:42:26,306 - root - INFO - validate loss: 0.4932
2025-09-30 13:42:26,306 - root - INFO - validate average_precision, 0.8124
2025-09-30 13:42:26,306 - root - INFO - validate roc_auc, 0.8323
2025-09-30 13:42:26,307 - root - INFO - new node validate loss: 0.5239
2025-09-30 13:42:26,307 - root - INFO - new node validate average_precision, 0.7948
2025-09-30 13:42:26,307 - root - INFO - new node validate roc_auc, 0.8088
2025-09-30 13:43:17,073 - root - INFO - test loss: 0.5178
2025-09-30 13:43:17,074 - root - INFO - test average_precision, 0.7991
2025-09-30 13:43:17,074 - root - INFO - best test average_precision: 0.8001
2025-09-30 13:43:17,074 - root - INFO - test roc_auc, 0.8135
2025-09-30 13:43:17,074 - root - INFO - new node test loss: 0.5249
2025-09-30 13:43:17,074 - root - INFO - new node test average_precision, 0.7940
2025-09-30 13:43:17,074 - root - INFO - new node test roc_auc, 0.8091
2025-09-30 13:46:55,694 - root - INFO - Epoch: 91, learning rate: 0.0001, train loss: 0.3561
2025-09-30 13:46:55,694 - root - INFO - train average_precision, 0.8774
2025-09-30 13:46:55,695 - root - INFO - train roc_auc, 0.9001
2025-09-30 13:46:55,695 - root - INFO - validate loss: 0.4875
2025-09-30 13:46:55,695 - root - INFO - validate average_precision, 0.8155
2025-09-30 13:46:55,695 - root - INFO - validate roc_auc, 0.8364
2025-09-30 13:46:55,695 - root - INFO - new node validate loss: 0.5179
2025-09-30 13:46:55,695 - root - INFO - new node validate average_precision, 0.7976
2025-09-30 13:46:55,695 - root - INFO - new node validate roc_auc, 0.8128
2025-09-30 13:47:46,244 - root - INFO - test loss: 0.5114
2025-09-30 13:47:46,245 - root - INFO - test average_precision, 0.8035
2025-09-30 13:47:46,245 - root - INFO - best test average_precision: 0.8035
2025-09-30 13:47:46,245 - root - INFO - test roc_auc, 0.8180
2025-09-30 13:47:46,245 - root - INFO - new node test loss: 0.5162
2025-09-30 13:47:46,245 - root - INFO - new node test average_precision, 0.8006
2025-09-30 13:47:46,245 - root - INFO - new node test roc_auc, 0.8154
2025-09-30 13:47:46,245 - root - INFO - save model ./saved_models/TGAT/mooc/TGAT_seed0/TGAT_seed0.pkl
2025-09-30 13:51:24,553 - root - INFO - Epoch: 92, learning rate: 0.0001, train loss: 0.3573
2025-09-30 13:51:24,554 - root - INFO - train average_precision, 0.8762
2025-09-30 13:51:24,554 - root - INFO - train roc_auc, 0.8992
2025-09-30 13:51:24,554 - root - INFO - validate loss: 0.4867
2025-09-30 13:51:24,554 - root - INFO - validate average_precision, 0.8148
2025-09-30 13:51:24,554 - root - INFO - validate roc_auc, 0.8360
2025-09-30 13:51:24,554 - root - INFO - new node validate loss: 0.5164
2025-09-30 13:51:24,554 - root - INFO - new node validate average_precision, 0.7985
2025-09-30 13:51:24,555 - root - INFO - new node validate roc_auc, 0.8128
2025-09-30 13:52:15,053 - root - INFO - test loss: 0.5115
2025-09-30 13:52:15,053 - root - INFO - test average_precision, 0.8033
2025-09-30 13:52:15,053 - root - INFO - best test average_precision: 0.8035
2025-09-30 13:52:15,053 - root - INFO - test roc_auc, 0.8181
2025-09-30 13:52:15,054 - root - INFO - new node test loss: 0.5180
2025-09-30 13:52:15,054 - root - INFO - new node test average_precision, 0.7986
2025-09-30 13:52:15,054 - root - INFO - new node test roc_auc, 0.8137
2025-09-30 13:55:52,636 - root - INFO - Epoch: 93, learning rate: 0.0001, train loss: 0.3568
2025-09-30 13:55:52,637 - root - INFO - train average_precision, 0.8774
2025-09-30 13:55:52,637 - root - INFO - train roc_auc, 0.8999
2025-09-30 13:55:52,637 - root - INFO - validate loss: 0.4926
2025-09-30 13:55:52,638 - root - INFO - validate average_precision, 0.8122
2025-09-30 13:55:52,638 - root - INFO - validate roc_auc, 0.8321
2025-09-30 13:55:52,638 - root - INFO - new node validate loss: 0.5251
2025-09-30 13:55:52,638 - root - INFO - new node validate average_precision, 0.7923
2025-09-30 13:55:52,638 - root - INFO - new node validate roc_auc, 0.8062
2025-09-30 13:56:43,173 - root - INFO - test loss: 0.5153
2025-09-30 13:56:43,173 - root - INFO - test average_precision, 0.8011
2025-09-30 13:56:43,173 - root - INFO - best test average_precision: 0.8035
2025-09-30 13:56:43,173 - root - INFO - test roc_auc, 0.8149
2025-09-30 13:56:43,173 - root - INFO - new node test loss: 0.5218
2025-09-30 13:56:43,173 - root - INFO - new node test average_precision, 0.7957
2025-09-30 13:56:43,173 - root - INFO - new node test roc_auc, 0.8103
2025-09-30 14:00:20,244 - root - INFO - Epoch: 94, learning rate: 0.0001, train loss: 0.3565
2025-09-30 14:00:20,245 - root - INFO - train average_precision, 0.8771
2025-09-30 14:00:20,245 - root - INFO - train roc_auc, 0.8999
2025-09-30 14:00:20,245 - root - INFO - validate loss: 0.4901
2025-09-30 14:00:20,245 - root - INFO - validate average_precision, 0.8138
2025-09-30 14:00:20,245 - root - INFO - validate roc_auc, 0.8339
2025-09-30 14:00:20,245 - root - INFO - new node validate loss: 0.5183
2025-09-30 14:00:20,245 - root - INFO - new node validate average_precision, 0.7974
2025-09-30 14:00:20,246 - root - INFO - new node validate roc_auc, 0.8113
2025-09-30 14:01:10,857 - root - INFO - test loss: 0.5131
2025-09-30 14:01:10,857 - root - INFO - test average_precision, 0.8024
2025-09-30 14:01:10,857 - root - INFO - best test average_precision: 0.8035
2025-09-30 14:01:10,858 - root - INFO - test roc_auc, 0.8171
2025-09-30 14:01:10,858 - root - INFO - new node test loss: 0.5182
2025-09-30 14:01:10,858 - root - INFO - new node test average_precision, 0.7993
2025-09-30 14:01:10,858 - root - INFO - new node test roc_auc, 0.8131
2025-09-30 14:04:48,334 - root - INFO - Epoch: 95, learning rate: 0.0001, train loss: 0.3569
2025-09-30 14:04:48,335 - root - INFO - train average_precision, 0.8775
2025-09-30 14:04:48,335 - root - INFO - train roc_auc, 0.8999
2025-09-30 14:04:48,335 - root - INFO - validate loss: 0.4865
2025-09-30 14:04:48,335 - root - INFO - validate average_precision, 0.8157
2025-09-30 14:04:48,335 - root - INFO - validate roc_auc, 0.8358
2025-09-30 14:04:48,335 - root - INFO - new node validate loss: 0.5197
2025-09-30 14:04:48,335 - root - INFO - new node validate average_precision, 0.7967
2025-09-30 14:04:48,335 - root - INFO - new node validate roc_auc, 0.8103
2025-09-30 14:05:38,993 - root - INFO - test loss: 0.5075
2025-09-30 14:05:38,993 - root - INFO - test average_precision, 0.8067
2025-09-30 14:05:38,994 - root - INFO - best test average_precision: 0.8067
2025-09-30 14:05:38,994 - root - INFO - test roc_auc, 0.8212
2025-09-30 14:05:38,994 - root - INFO - new node test loss: 0.5151
2025-09-30 14:05:38,994 - root - INFO - new node test average_precision, 0.7996
2025-09-30 14:05:38,994 - root - INFO - new node test roc_auc, 0.8154
2025-09-30 14:09:17,071 - root - INFO - Epoch: 96, learning rate: 0.0001, train loss: 0.3568
2025-09-30 14:09:17,072 - root - INFO - train average_precision, 0.8774
2025-09-30 14:09:17,072 - root - INFO - train roc_auc, 0.8999
2025-09-30 14:09:17,072 - root - INFO - validate loss: 0.4860
2025-09-30 14:09:17,072 - root - INFO - validate average_precision, 0.8159
2025-09-30 14:09:17,072 - root - INFO - validate roc_auc, 0.8367
2025-09-30 14:09:17,072 - root - INFO - new node validate loss: 0.5165
2025-09-30 14:09:17,072 - root - INFO - new node validate average_precision, 0.7975
2025-09-30 14:09:17,072 - root - INFO - new node validate roc_auc, 0.8130
2025-09-30 14:10:07,577 - root - INFO - test loss: 0.5076
2025-09-30 14:10:07,578 - root - INFO - test average_precision, 0.8063
2025-09-30 14:10:07,578 - root - INFO - best test average_precision: 0.8067
2025-09-30 14:10:07,578 - root - INFO - test roc_auc, 0.8210
2025-09-30 14:10:07,578 - root - INFO - new node test loss: 0.5133
2025-09-30 14:10:07,578 - root - INFO - new node test average_precision, 0.8011
2025-09-30 14:10:07,578 - root - INFO - new node test roc_auc, 0.8165
2025-09-30 14:10:07,578 - root - INFO - save model ./saved_models/TGAT/mooc/TGAT_seed0/TGAT_seed0.pkl
2025-09-30 14:13:45,229 - root - INFO - Epoch: 97, learning rate: 0.0001, train loss: 0.3560
2025-09-30 14:13:45,230 - root - INFO - train average_precision, 0.8777
2025-09-30 14:13:45,230 - root - INFO - train roc_auc, 0.9003
2025-09-30 14:13:45,230 - root - INFO - validate loss: 0.4883
2025-09-30 14:13:45,230 - root - INFO - validate average_precision, 0.8179
2025-09-30 14:13:45,230 - root - INFO - validate roc_auc, 0.8377
2025-09-30 14:13:45,230 - root - INFO - new node validate loss: 0.5192
2025-09-30 14:13:45,230 - root - INFO - new node validate average_precision, 0.7997
2025-09-30 14:13:45,230 - root - INFO - new node validate roc_auc, 0.8133
2025-09-30 14:14:35,697 - root - INFO - test loss: 0.5118
2025-09-30 14:14:35,697 - root - INFO - test average_precision, 0.8051
2025-09-30 14:14:35,697 - root - INFO - best test average_precision: 0.8067
2025-09-30 14:14:35,697 - root - INFO - test roc_auc, 0.8199
2025-09-30 14:14:35,697 - root - INFO - new node test loss: 0.5206
2025-09-30 14:14:35,697 - root - INFO - new node test average_precision, 0.7987
2025-09-30 14:14:35,698 - root - INFO - new node test roc_auc, 0.8137
2025-09-30 14:14:35,698 - root - INFO - save model ./saved_models/TGAT/mooc/TGAT_seed0/TGAT_seed0.pkl
2025-09-30 14:18:12,973 - root - INFO - Epoch: 98, learning rate: 0.0001, train loss: 0.3557
2025-09-30 14:18:12,974 - root - INFO - train average_precision, 0.8785
2025-09-30 14:18:12,974 - root - INFO - train roc_auc, 0.9007
2025-09-30 14:18:12,975 - root - INFO - validate loss: 0.4851
2025-09-30 14:18:12,975 - root - INFO - validate average_precision, 0.8170
2025-09-30 14:18:12,975 - root - INFO - validate roc_auc, 0.8366
2025-09-30 14:18:12,975 - root - INFO - new node validate loss: 0.5196
2025-09-30 14:18:12,975 - root - INFO - new node validate average_precision, 0.7969
2025-09-30 14:18:12,975 - root - INFO - new node validate roc_auc, 0.8108
2025-09-30 14:19:03,539 - root - INFO - test loss: 0.5093
2025-09-30 14:19:03,539 - root - INFO - test average_precision, 0.8053
2025-09-30 14:19:03,539 - root - INFO - best test average_precision: 0.8067
2025-09-30 14:19:03,539 - root - INFO - test roc_auc, 0.8190
2025-09-30 14:19:03,539 - root - INFO - new node test loss: 0.5178
2025-09-30 14:19:03,540 - root - INFO - new node test average_precision, 0.8002
2025-09-30 14:19:03,540 - root - INFO - new node test roc_auc, 0.8142
2025-09-30 14:22:40,713 - root - INFO - Epoch: 99, learning rate: 0.0001, train loss: 0.3561
2025-09-30 14:22:40,714 - root - INFO - train average_precision, 0.8782
2025-09-30 14:22:40,714 - root - INFO - train roc_auc, 0.9004
2025-09-30 14:22:40,714 - root - INFO - validate loss: 0.4863
2025-09-30 14:22:40,714 - root - INFO - validate average_precision, 0.8158
2025-09-30 14:22:40,714 - root - INFO - validate roc_auc, 0.8365
2025-09-30 14:22:40,714 - root - INFO - new node validate loss: 0.5190
2025-09-30 14:22:40,715 - root - INFO - new node validate average_precision, 0.7961
2025-09-30 14:22:40,715 - root - INFO - new node validate roc_auc, 0.8110
2025-09-30 14:23:31,247 - root - INFO - test loss: 0.5083
2025-09-30 14:23:31,248 - root - INFO - test average_precision, 0.8056
2025-09-30 14:23:31,248 - root - INFO - best test average_precision: 0.8067
2025-09-30 14:23:31,248 - root - INFO - test roc_auc, 0.8208
2025-09-30 14:23:31,248 - root - INFO - new node test loss: 0.5167
2025-09-30 14:23:31,248 - root - INFO - new node test average_precision, 0.7994
2025-09-30 14:23:31,248 - root - INFO - new node test roc_auc, 0.8144
2025-09-30 14:27:09,012 - root - INFO - Epoch: 100, learning rate: 0.0001, train loss: 0.3541
2025-09-30 14:27:09,012 - root - INFO - train average_precision, 0.8789
2025-09-30 14:27:09,013 - root - INFO - train roc_auc, 0.9015
2025-09-30 14:27:09,013 - root - INFO - validate loss: 0.4938
2025-09-30 14:27:09,013 - root - INFO - validate average_precision, 0.8127
2025-09-30 14:27:09,013 - root - INFO - validate roc_auc, 0.8319
2025-09-30 14:27:09,013 - root - INFO - new node validate loss: 0.5259
2025-09-30 14:27:09,013 - root - INFO - new node validate average_precision, 0.7939
2025-09-30 14:27:09,013 - root - INFO - new node validate roc_auc, 0.8065
2025-09-30 14:27:59,584 - root - INFO - test loss: 0.5181
2025-09-30 14:27:59,584 - root - INFO - test average_precision, 0.7993
2025-09-30 14:27:59,584 - root - INFO - best test average_precision: 0.8067
2025-09-30 14:27:59,584 - root - INFO - test roc_auc, 0.8135
2025-09-30 14:27:59,584 - root - INFO - new node test loss: 0.5245
2025-09-30 14:27:59,584 - root - INFO - new node test average_precision, 0.7951
2025-09-30 14:27:59,584 - root - INFO - new node test roc_auc, 0.8093
2025-09-30 14:27:59,584 - root - INFO - load model ./saved_models/TGAT/mooc/TGAT_seed0/TGAT_seed0.pkl
