2025-10-01 22:17:25,604 - root - INFO - ********** Run 2 starts. **********
2025-10-01 22:17:25,604 - root - INFO - configuration is Namespace(dataset_name='uci', batch_size=200, model_name='TGAT', gpu=0, num_neighbors=20, sample_neighbor_strategy='recent', time_scaling_factor=1e-06, num_walk_heads=8, num_heads=2, num_layers=2, walk_length=1, time_gap=2000, time_feat_dim=128, position_feat_dim=172, time_window_mode='fixed_proportion', time_encoder_type='original', expert_dim=64, num_mixtures=4, patch_size=1, channel_embedding_dim=50, max_input_sequence_length=32, learning_rate=0.0001, dropout=0.1, gamma=0.5, num_epochs=100, optimizer='Adam', weight_decay=0.0, patience=20, val_ratio=0.15, test_ratio=0.15, num_runs=5, test_interval_epochs=1, negative_sample_strategy='random', max_interaction_times=10, load_best_configs=True, device='cuda:0', seed=1, save_model_name='TGAT_original_seed1')
2025-10-01 22:17:25,605 - root - INFO - time encoder type: original
2025-10-01 22:17:25,636 - root - INFO - model -> Sequential(
  (0): TGAT(
    (time_encoder): TimeEncoderWrapper(
      (encoder): TimeEncoder(
        (w): Linear(in_features=1, out_features=128, bias=True)
      )
    )
    (temporal_conv_layers): ModuleList(
      (0-1): 2 x MultiHeadAttention(
        (query_projection): Linear(in_features=300, out_features=300, bias=False)
        (key_projection): Linear(in_features=472, out_features=300, bias=False)
        (value_projection): Linear(in_features=472, out_features=300, bias=False)
        (layer_norm): LayerNorm((300,), eps=1e-05, elementwise_affine=True)
        (residual_fc): Linear(in_features=300, out_features=300, bias=True)
        (dropout): Dropout(p=0.1, inplace=False)
      )
    )
    (merge_layers): ModuleList(
      (0-1): 2 x MergeLayer(
        (fc1): Linear(in_features=472, out_features=172, bias=True)
        (fc2): Linear(in_features=172, out_features=172, bias=True)
        (act): ReLU()
      )
    )
  )
  (1): MergeLayer(
    (fc1): Linear(in_features=344, out_features=172, bias=True)
    (fc2): Linear(in_features=172, out_features=1, bias=True)
    (act): ReLU()
  )
)
2025-10-01 22:17:25,637 - root - INFO - model name: TGAT, #parameters: 4840772 B, 4727.31640625 KB, 4.616519927978516 MB.
2025-10-01 22:17:58,240 - root - INFO - Epoch: 1, learning rate: 0.0001, train loss: 0.6176
2025-10-01 22:17:58,240 - root - INFO - train average_precision, 0.6088
2025-10-01 22:17:58,241 - root - INFO - train roc_auc, 0.6678
2025-10-01 22:17:58,241 - root - INFO - validate loss: 0.6533
2025-10-01 22:17:58,241 - root - INFO - validate average_precision, 0.5616
2025-10-01 22:17:58,241 - root - INFO - validate roc_auc, 0.6025
2025-10-01 22:17:58,241 - root - INFO - new node validate loss: 0.6845
2025-10-01 22:17:58,241 - root - INFO - new node validate average_precision, 0.5339
2025-10-01 22:17:58,241 - root - INFO - new node validate roc_auc, 0.5364
2025-10-01 22:18:06,300 - root - INFO - test loss: 0.6775
2025-10-01 22:18:06,300 - root - INFO - test average_precision, 0.5270
2025-10-01 22:18:06,300 - root - INFO - best test average_precision: 0.5270
2025-10-01 22:18:06,300 - root - INFO - test roc_auc, 0.5506
2025-10-01 22:18:06,300 - root - INFO - new node test loss: 0.6677
2025-10-01 22:18:06,300 - root - INFO - new node test average_precision, 0.5396
2025-10-01 22:18:06,300 - root - INFO - new node test roc_auc, 0.5650
2025-10-01 22:18:06,301 - root - INFO - save model ./saved_models/TGAT/uci/TGAT_original_seed1/TGAT_original_seed1.pkl
2025-10-01 22:18:38,974 - root - INFO - Epoch: 2, learning rate: 0.0001, train loss: 0.5854
2025-10-01 22:18:38,974 - root - INFO - train average_precision, 0.6336
2025-10-01 22:18:38,974 - root - INFO - train roc_auc, 0.6898
2025-10-01 22:18:38,974 - root - INFO - validate loss: 0.6470
2025-10-01 22:18:38,974 - root - INFO - validate average_precision, 0.5824
2025-10-01 22:18:38,974 - root - INFO - validate roc_auc, 0.6233
2025-10-01 22:18:38,974 - root - INFO - new node validate loss: 0.6835
2025-10-01 22:18:38,974 - root - INFO - new node validate average_precision, 0.5694
2025-10-01 22:18:38,974 - root - INFO - new node validate roc_auc, 0.5813
2025-10-01 22:18:47,016 - root - INFO - test loss: 0.6690
2025-10-01 22:18:47,016 - root - INFO - test average_precision, 0.5679
2025-10-01 22:18:47,016 - root - INFO - best test average_precision: 0.5679
2025-10-01 22:18:47,016 - root - INFO - test roc_auc, 0.5894
2025-10-01 22:18:47,016 - root - INFO - new node test loss: 0.6621
2025-10-01 22:18:47,016 - root - INFO - new node test average_precision, 0.5654
2025-10-01 22:18:47,017 - root - INFO - new node test roc_auc, 0.5895
2025-10-01 22:18:47,017 - root - INFO - save model ./saved_models/TGAT/uci/TGAT_original_seed1/TGAT_original_seed1.pkl
2025-10-01 22:19:19,869 - root - INFO - Epoch: 3, learning rate: 0.0001, train loss: 0.5791
2025-10-01 22:19:19,869 - root - INFO - train average_precision, 0.6636
2025-10-01 22:19:19,869 - root - INFO - train roc_auc, 0.7174
2025-10-01 22:19:19,869 - root - INFO - validate loss: 0.6414
2025-10-01 22:19:19,870 - root - INFO - validate average_precision, 0.6123
2025-10-01 22:19:19,870 - root - INFO - validate roc_auc, 0.6590
2025-10-01 22:19:19,870 - root - INFO - new node validate loss: 0.6863
2025-10-01 22:19:19,870 - root - INFO - new node validate average_precision, 0.5588
2025-10-01 22:19:19,870 - root - INFO - new node validate roc_auc, 0.5725
2025-10-01 22:19:27,928 - root - INFO - test loss: 0.6592
2025-10-01 22:19:27,928 - root - INFO - test average_precision, 0.6004
2025-10-01 22:19:27,928 - root - INFO - best test average_precision: 0.6004
2025-10-01 22:19:27,928 - root - INFO - test roc_auc, 0.6371
2025-10-01 22:19:27,928 - root - INFO - new node test loss: 0.6598
2025-10-01 22:19:27,928 - root - INFO - new node test average_precision, 0.5745
2025-10-01 22:19:27,928 - root - INFO - new node test roc_auc, 0.6134
2025-10-01 22:19:27,928 - root - INFO - save model ./saved_models/TGAT/uci/TGAT_original_seed1/TGAT_original_seed1.pkl
2025-10-01 22:20:00,647 - root - INFO - Epoch: 4, learning rate: 0.0001, train loss: 0.5680
2025-10-01 22:20:00,648 - root - INFO - train average_precision, 0.6864
2025-10-01 22:20:00,648 - root - INFO - train roc_auc, 0.7387
2025-10-01 22:20:00,648 - root - INFO - validate loss: 0.6352
2025-10-01 22:20:00,648 - root - INFO - validate average_precision, 0.6111
2025-10-01 22:20:00,648 - root - INFO - validate roc_auc, 0.6589
2025-10-01 22:20:00,648 - root - INFO - new node validate loss: 0.6865
2025-10-01 22:20:00,648 - root - INFO - new node validate average_precision, 0.5592
2025-10-01 22:20:00,648 - root - INFO - new node validate roc_auc, 0.5660
2025-10-01 22:20:08,679 - root - INFO - test loss: 0.6510
2025-10-01 22:20:08,679 - root - INFO - test average_precision, 0.6169
2025-10-01 22:20:08,679 - root - INFO - best test average_precision: 0.6169
2025-10-01 22:20:08,679 - root - INFO - test roc_auc, 0.6513
2025-10-01 22:20:08,679 - root - INFO - new node test loss: 0.6576
2025-10-01 22:20:08,679 - root - INFO - new node test average_precision, 0.5951
2025-10-01 22:20:08,679 - root - INFO - new node test roc_auc, 0.6263
2025-10-01 22:20:41,356 - root - INFO - Epoch: 5, learning rate: 0.0001, train loss: 0.5594
2025-10-01 22:20:41,356 - root - INFO - train average_precision, 0.6970
2025-10-01 22:20:41,356 - root - INFO - train roc_auc, 0.7499
2025-10-01 22:20:41,356 - root - INFO - validate loss: 0.6248
2025-10-01 22:20:41,356 - root - INFO - validate average_precision, 0.6324
2025-10-01 22:20:41,356 - root - INFO - validate roc_auc, 0.6805
2025-10-01 22:20:41,357 - root - INFO - new node validate loss: 0.6839
2025-10-01 22:20:41,357 - root - INFO - new node validate average_precision, 0.5705
2025-10-01 22:20:41,357 - root - INFO - new node validate roc_auc, 0.5832
2025-10-01 22:20:49,393 - root - INFO - test loss: 0.6421
2025-10-01 22:20:49,393 - root - INFO - test average_precision, 0.6203
2025-10-01 22:20:49,393 - root - INFO - best test average_precision: 0.6203
2025-10-01 22:20:49,393 - root - INFO - test roc_auc, 0.6578
2025-10-01 22:20:49,393 - root - INFO - new node test loss: 0.6559
2025-10-01 22:20:49,393 - root - INFO - new node test average_precision, 0.5909
2025-10-01 22:20:49,393 - root - INFO - new node test roc_auc, 0.6233
2025-10-01 22:20:49,393 - root - INFO - save model ./saved_models/TGAT/uci/TGAT_original_seed1/TGAT_original_seed1.pkl
2025-10-01 22:21:22,139 - root - INFO - Epoch: 6, learning rate: 0.0001, train loss: 0.5527
2025-10-01 22:21:22,139 - root - INFO - train average_precision, 0.7060
2025-10-01 22:21:22,139 - root - INFO - train roc_auc, 0.7586
2025-10-01 22:21:22,139 - root - INFO - validate loss: 0.6281
2025-10-01 22:21:22,139 - root - INFO - validate average_precision, 0.6285
2025-10-01 22:21:22,139 - root - INFO - validate roc_auc, 0.6761
2025-10-01 22:21:22,139 - root - INFO - new node validate loss: 0.6933
2025-10-01 22:21:22,140 - root - INFO - new node validate average_precision, 0.5759
2025-10-01 22:21:22,140 - root - INFO - new node validate roc_auc, 0.5986
2025-10-01 22:21:30,179 - root - INFO - test loss: 0.6341
2025-10-01 22:21:30,179 - root - INFO - test average_precision, 0.6319
2025-10-01 22:21:30,180 - root - INFO - best test average_precision: 0.6319
2025-10-01 22:21:30,180 - root - INFO - test roc_auc, 0.6743
2025-10-01 22:21:30,180 - root - INFO - new node test loss: 0.6570
2025-10-01 22:21:30,180 - root - INFO - new node test average_precision, 0.5955
2025-10-01 22:21:30,180 - root - INFO - new node test roc_auc, 0.6333
2025-10-01 22:22:02,864 - root - INFO - Epoch: 7, learning rate: 0.0001, train loss: 0.5462
2025-10-01 22:22:02,864 - root - INFO - train average_precision, 0.7126
2025-10-01 22:22:02,864 - root - INFO - train roc_auc, 0.7660
2025-10-01 22:22:02,865 - root - INFO - validate loss: 0.6171
2025-10-01 22:22:02,865 - root - INFO - validate average_precision, 0.6442
2025-10-01 22:22:02,865 - root - INFO - validate roc_auc, 0.6932
2025-10-01 22:22:02,865 - root - INFO - new node validate loss: 0.6875
2025-10-01 22:22:02,865 - root - INFO - new node validate average_precision, 0.5788
2025-10-01 22:22:02,865 - root - INFO - new node validate roc_auc, 0.6030
2025-10-01 22:22:10,905 - root - INFO - test loss: 0.6269
2025-10-01 22:22:10,905 - root - INFO - test average_precision, 0.6379
2025-10-01 22:22:10,905 - root - INFO - best test average_precision: 0.6379
2025-10-01 22:22:10,905 - root - INFO - test roc_auc, 0.6846
2025-10-01 22:22:10,905 - root - INFO - new node test loss: 0.6556
2025-10-01 22:22:10,905 - root - INFO - new node test average_precision, 0.6004
2025-10-01 22:22:10,905 - root - INFO - new node test roc_auc, 0.6309
2025-10-01 22:22:10,905 - root - INFO - save model ./saved_models/TGAT/uci/TGAT_original_seed1/TGAT_original_seed1.pkl
2025-10-01 22:22:43,556 - root - INFO - Epoch: 8, learning rate: 0.0001, train loss: 0.5447
2025-10-01 22:22:43,556 - root - INFO - train average_precision, 0.7177
2025-10-01 22:22:43,556 - root - INFO - train roc_auc, 0.7706
2025-10-01 22:22:43,556 - root - INFO - validate loss: 0.6151
2025-10-01 22:22:43,556 - root - INFO - validate average_precision, 0.6419
2025-10-01 22:22:43,556 - root - INFO - validate roc_auc, 0.6919
2025-10-01 22:22:43,556 - root - INFO - new node validate loss: 0.6957
2025-10-01 22:22:43,556 - root - INFO - new node validate average_precision, 0.5618
2025-10-01 22:22:43,556 - root - INFO - new node validate roc_auc, 0.5686
2025-10-01 22:22:51,604 - root - INFO - test loss: 0.6368
2025-10-01 22:22:51,605 - root - INFO - test average_precision, 0.6236
2025-10-01 22:22:51,605 - root - INFO - best test average_precision: 0.6379
2025-10-01 22:22:51,605 - root - INFO - test roc_auc, 0.6661
2025-10-01 22:22:51,605 - root - INFO - new node test loss: 0.6618
2025-10-01 22:22:51,605 - root - INFO - new node test average_precision, 0.5897
2025-10-01 22:22:51,605 - root - INFO - new node test roc_auc, 0.6213
2025-10-01 22:23:24,308 - root - INFO - Epoch: 9, learning rate: 0.0001, train loss: 0.5424
2025-10-01 22:23:24,308 - root - INFO - train average_precision, 0.7224
2025-10-01 22:23:24,308 - root - INFO - train roc_auc, 0.7746
2025-10-01 22:23:24,308 - root - INFO - validate loss: 0.6130
2025-10-01 22:23:24,308 - root - INFO - validate average_precision, 0.6487
2025-10-01 22:23:24,308 - root - INFO - validate roc_auc, 0.6975
2025-10-01 22:23:24,308 - root - INFO - new node validate loss: 0.6816
2025-10-01 22:23:24,308 - root - INFO - new node validate average_precision, 0.5920
2025-10-01 22:23:24,308 - root - INFO - new node validate roc_auc, 0.6146
2025-10-01 22:23:32,378 - root - INFO - test loss: 0.6258
2025-10-01 22:23:32,378 - root - INFO - test average_precision, 0.6349
2025-10-01 22:23:32,378 - root - INFO - best test average_precision: 0.6379
2025-10-01 22:23:32,378 - root - INFO - test roc_auc, 0.6818
2025-10-01 22:23:32,378 - root - INFO - new node test loss: 0.6587
2025-10-01 22:23:32,378 - root - INFO - new node test average_precision, 0.5865
2025-10-01 22:23:32,378 - root - INFO - new node test roc_auc, 0.6250
2025-10-01 22:23:32,378 - root - INFO - save model ./saved_models/TGAT/uci/TGAT_original_seed1/TGAT_original_seed1.pkl
2025-10-01 22:24:05,262 - root - INFO - Epoch: 10, learning rate: 0.0001, train loss: 0.5414
2025-10-01 22:24:05,262 - root - INFO - train average_precision, 0.7271
2025-10-01 22:24:05,262 - root - INFO - train roc_auc, 0.7774
2025-10-01 22:24:05,262 - root - INFO - validate loss: 0.6099
2025-10-01 22:24:05,262 - root - INFO - validate average_precision, 0.6429
2025-10-01 22:24:05,262 - root - INFO - validate roc_auc, 0.6996
2025-10-01 22:24:05,262 - root - INFO - new node validate loss: 0.6855
2025-10-01 22:24:05,262 - root - INFO - new node validate average_precision, 0.5850
2025-10-01 22:24:05,262 - root - INFO - new node validate roc_auc, 0.6097
2025-10-01 22:24:13,319 - root - INFO - test loss: 0.6202
2025-10-01 22:24:13,320 - root - INFO - test average_precision, 0.6492
2025-10-01 22:24:13,320 - root - INFO - best test average_precision: 0.6492
2025-10-01 22:24:13,320 - root - INFO - test roc_auc, 0.6932
2025-10-01 22:24:13,320 - root - INFO - new node test loss: 0.6491
2025-10-01 22:24:13,320 - root - INFO - new node test average_precision, 0.6175
2025-10-01 22:24:13,320 - root - INFO - new node test roc_auc, 0.6515
2025-10-01 22:24:46,010 - root - INFO - Epoch: 11, learning rate: 0.0001, train loss: 0.5406
2025-10-01 22:24:46,010 - root - INFO - train average_precision, 0.7315
2025-10-01 22:24:46,010 - root - INFO - train roc_auc, 0.7800
2025-10-01 22:24:46,010 - root - INFO - validate loss: 0.6095
2025-10-01 22:24:46,010 - root - INFO - validate average_precision, 0.6529
2025-10-01 22:24:46,010 - root - INFO - validate roc_auc, 0.7053
2025-10-01 22:24:46,010 - root - INFO - new node validate loss: 0.6928
2025-10-01 22:24:46,011 - root - INFO - new node validate average_precision, 0.5772
2025-10-01 22:24:46,011 - root - INFO - new node validate roc_auc, 0.5909
2025-10-01 22:24:54,059 - root - INFO - test loss: 0.6200
2025-10-01 22:24:54,059 - root - INFO - test average_precision, 0.6560
2025-10-01 22:24:54,060 - root - INFO - best test average_precision: 0.6560
2025-10-01 22:24:54,060 - root - INFO - test roc_auc, 0.6971
2025-10-01 22:24:54,060 - root - INFO - new node test loss: 0.6549
2025-10-01 22:24:54,060 - root - INFO - new node test average_precision, 0.6083
2025-10-01 22:24:54,060 - root - INFO - new node test roc_auc, 0.6408
2025-10-01 22:24:54,060 - root - INFO - save model ./saved_models/TGAT/uci/TGAT_original_seed1/TGAT_original_seed1.pkl
2025-10-01 22:25:27,001 - root - INFO - Epoch: 12, learning rate: 0.0001, train loss: 0.5343
2025-10-01 22:25:27,001 - root - INFO - train average_precision, 0.7388
2025-10-01 22:25:27,001 - root - INFO - train roc_auc, 0.7867
2025-10-01 22:25:27,001 - root - INFO - validate loss: 0.6004
2025-10-01 22:25:27,001 - root - INFO - validate average_precision, 0.6613
2025-10-01 22:25:27,001 - root - INFO - validate roc_auc, 0.7165
2025-10-01 22:25:27,001 - root - INFO - new node validate loss: 0.6874
2025-10-01 22:25:27,001 - root - INFO - new node validate average_precision, 0.5957
2025-10-01 22:25:27,001 - root - INFO - new node validate roc_auc, 0.6074
2025-10-01 22:25:35,063 - root - INFO - test loss: 0.6138
2025-10-01 22:25:35,063 - root - INFO - test average_precision, 0.6568
2025-10-01 22:25:35,063 - root - INFO - best test average_precision: 0.6568
2025-10-01 22:25:35,063 - root - INFO - test roc_auc, 0.7031
2025-10-01 22:25:35,063 - root - INFO - new node test loss: 0.6539
2025-10-01 22:25:35,063 - root - INFO - new node test average_precision, 0.5982
2025-10-01 22:25:35,063 - root - INFO - new node test roc_auc, 0.6417
2025-10-01 22:25:35,063 - root - INFO - save model ./saved_models/TGAT/uci/TGAT_original_seed1/TGAT_original_seed1.pkl
2025-10-01 22:26:08,166 - root - INFO - Epoch: 13, learning rate: 0.0001, train loss: 0.5256
2025-10-01 22:26:08,166 - root - INFO - train average_precision, 0.7528
2025-10-01 22:26:08,166 - root - INFO - train roc_auc, 0.7961
2025-10-01 22:26:08,166 - root - INFO - validate loss: 0.5930
2025-10-01 22:26:08,166 - root - INFO - validate average_precision, 0.6855
2025-10-01 22:26:08,166 - root - INFO - validate roc_auc, 0.7300
2025-10-01 22:26:08,166 - root - INFO - new node validate loss: 0.6874
2025-10-01 22:26:08,166 - root - INFO - new node validate average_precision, 0.6016
2025-10-01 22:26:08,166 - root - INFO - new node validate roc_auc, 0.6160
2025-10-01 22:26:16,207 - root - INFO - test loss: 0.6000
2025-10-01 22:26:16,207 - root - INFO - test average_precision, 0.6826
2025-10-01 22:26:16,207 - root - INFO - best test average_precision: 0.6826
2025-10-01 22:26:16,207 - root - INFO - test roc_auc, 0.7246
2025-10-01 22:26:16,207 - root - INFO - new node test loss: 0.6413
2025-10-01 22:26:16,207 - root - INFO - new node test average_precision, 0.6354
2025-10-01 22:26:16,207 - root - INFO - new node test roc_auc, 0.6691
2025-10-01 22:26:16,207 - root - INFO - save model ./saved_models/TGAT/uci/TGAT_original_seed1/TGAT_original_seed1.pkl
2025-10-01 22:26:48,910 - root - INFO - Epoch: 14, learning rate: 0.0001, train loss: 0.5202
2025-10-01 22:26:48,910 - root - INFO - train average_precision, 0.7590
2025-10-01 22:26:48,910 - root - INFO - train roc_auc, 0.8018
2025-10-01 22:26:48,910 - root - INFO - validate loss: 0.5939
2025-10-01 22:26:48,910 - root - INFO - validate average_precision, 0.6805
2025-10-01 22:26:48,910 - root - INFO - validate roc_auc, 0.7259
2025-10-01 22:26:48,910 - root - INFO - new node validate loss: 0.6792
2025-10-01 22:26:48,910 - root - INFO - new node validate average_precision, 0.6237
2025-10-01 22:26:48,910 - root - INFO - new node validate roc_auc, 0.6430
2025-10-01 22:26:56,980 - root - INFO - test loss: 0.5970
2025-10-01 22:26:56,980 - root - INFO - test average_precision, 0.6899
2025-10-01 22:26:56,980 - root - INFO - best test average_precision: 0.6899
2025-10-01 22:26:56,980 - root - INFO - test roc_auc, 0.7269
2025-10-01 22:26:56,980 - root - INFO - new node test loss: 0.6454
2025-10-01 22:26:56,980 - root - INFO - new node test average_precision, 0.6317
2025-10-01 22:26:56,980 - root - INFO - new node test roc_auc, 0.6608
2025-10-01 22:27:29,606 - root - INFO - Epoch: 15, learning rate: 0.0001, train loss: 0.5174
2025-10-01 22:27:29,606 - root - INFO - train average_precision, 0.7615
2025-10-01 22:27:29,606 - root - INFO - train roc_auc, 0.8034
2025-10-01 22:27:29,606 - root - INFO - validate loss: 0.5927
2025-10-01 22:27:29,606 - root - INFO - validate average_precision, 0.6784
2025-10-01 22:27:29,606 - root - INFO - validate roc_auc, 0.7264
2025-10-01 22:27:29,606 - root - INFO - new node validate loss: 0.6912
2025-10-01 22:27:29,606 - root - INFO - new node validate average_precision, 0.6067
2025-10-01 22:27:29,606 - root - INFO - new node validate roc_auc, 0.6168
2025-10-01 22:27:37,654 - root - INFO - test loss: 0.5963
2025-10-01 22:27:37,654 - root - INFO - test average_precision, 0.6752
2025-10-01 22:27:37,654 - root - INFO - best test average_precision: 0.6899
2025-10-01 22:27:37,654 - root - INFO - test roc_auc, 0.7226
2025-10-01 22:27:37,654 - root - INFO - new node test loss: 0.6424
2025-10-01 22:27:37,654 - root - INFO - new node test average_precision, 0.6333
2025-10-01 22:27:37,654 - root - INFO - new node test roc_auc, 0.6673
2025-10-01 22:28:10,498 - root - INFO - Epoch: 16, learning rate: 0.0001, train loss: 0.5173
2025-10-01 22:28:10,498 - root - INFO - train average_precision, 0.7568
2025-10-01 22:28:10,498 - root - INFO - train roc_auc, 0.8018
2025-10-01 22:28:10,498 - root - INFO - validate loss: 0.5900
2025-10-01 22:28:10,498 - root - INFO - validate average_precision, 0.6856
2025-10-01 22:28:10,498 - root - INFO - validate roc_auc, 0.7288
2025-10-01 22:28:10,498 - root - INFO - new node validate loss: 0.6913
2025-10-01 22:28:10,498 - root - INFO - new node validate average_precision, 0.5964
2025-10-01 22:28:10,498 - root - INFO - new node validate roc_auc, 0.6085
2025-10-01 22:28:18,566 - root - INFO - test loss: 0.5925
2025-10-01 22:28:18,566 - root - INFO - test average_precision, 0.6904
2025-10-01 22:28:18,566 - root - INFO - best test average_precision: 0.6904
2025-10-01 22:28:18,566 - root - INFO - test roc_auc, 0.7286
2025-10-01 22:28:18,566 - root - INFO - new node test loss: 0.6427
2025-10-01 22:28:18,566 - root - INFO - new node test average_precision, 0.6529
2025-10-01 22:28:18,566 - root - INFO - new node test roc_auc, 0.6748
2025-10-01 22:28:51,429 - root - INFO - Epoch: 17, learning rate: 0.0001, train loss: 0.5135
2025-10-01 22:28:51,430 - root - INFO - train average_precision, 0.7608
2025-10-01 22:28:51,430 - root - INFO - train roc_auc, 0.8069
2025-10-01 22:28:51,430 - root - INFO - validate loss: 0.5911
2025-10-01 22:28:51,430 - root - INFO - validate average_precision, 0.6870
2025-10-01 22:28:51,430 - root - INFO - validate roc_auc, 0.7331
2025-10-01 22:28:51,430 - root - INFO - new node validate loss: 0.6978
2025-10-01 22:28:51,430 - root - INFO - new node validate average_precision, 0.6091
2025-10-01 22:28:51,430 - root - INFO - new node validate roc_auc, 0.6189
2025-10-01 22:28:59,448 - root - INFO - test loss: 0.5945
2025-10-01 22:28:59,448 - root - INFO - test average_precision, 0.6900
2025-10-01 22:28:59,448 - root - INFO - best test average_precision: 0.6904
2025-10-01 22:28:59,448 - root - INFO - test roc_auc, 0.7297
2025-10-01 22:28:59,448 - root - INFO - new node test loss: 0.6412
2025-10-01 22:28:59,448 - root - INFO - new node test average_precision, 0.6526
2025-10-01 22:28:59,448 - root - INFO - new node test roc_auc, 0.6771
2025-10-01 22:28:59,449 - root - INFO - save model ./saved_models/TGAT/uci/TGAT_original_seed1/TGAT_original_seed1.pkl
2025-10-01 22:29:32,293 - root - INFO - Epoch: 18, learning rate: 0.0001, train loss: 0.5143
2025-10-01 22:29:32,293 - root - INFO - train average_precision, 0.7644
2025-10-01 22:29:32,293 - root - INFO - train roc_auc, 0.8068
2025-10-01 22:29:32,293 - root - INFO - validate loss: 0.5911
2025-10-01 22:29:32,293 - root - INFO - validate average_precision, 0.6908
2025-10-01 22:29:32,293 - root - INFO - validate roc_auc, 0.7338
2025-10-01 22:29:32,293 - root - INFO - new node validate loss: 0.6856
2025-10-01 22:29:32,293 - root - INFO - new node validate average_precision, 0.6183
2025-10-01 22:29:32,294 - root - INFO - new node validate roc_auc, 0.6326
2025-10-01 22:29:40,340 - root - INFO - test loss: 0.5942
2025-10-01 22:29:40,340 - root - INFO - test average_precision, 0.6814
2025-10-01 22:29:40,340 - root - INFO - best test average_precision: 0.6904
2025-10-01 22:29:40,340 - root - INFO - test roc_auc, 0.7235
2025-10-01 22:29:40,340 - root - INFO - new node test loss: 0.6412
2025-10-01 22:29:40,340 - root - INFO - new node test average_precision, 0.6465
2025-10-01 22:29:40,340 - root - INFO - new node test roc_auc, 0.6761
2025-10-01 22:29:40,340 - root - INFO - save model ./saved_models/TGAT/uci/TGAT_original_seed1/TGAT_original_seed1.pkl
2025-10-01 22:30:12,995 - root - INFO - Epoch: 19, learning rate: 0.0001, train loss: 0.5118
2025-10-01 22:30:12,995 - root - INFO - train average_precision, 0.7719
2025-10-01 22:30:12,995 - root - INFO - train roc_auc, 0.8107
2025-10-01 22:30:12,995 - root - INFO - validate loss: 0.5841
2025-10-01 22:30:12,995 - root - INFO - validate average_precision, 0.6984
2025-10-01 22:30:12,995 - root - INFO - validate roc_auc, 0.7394
2025-10-01 22:30:12,995 - root - INFO - new node validate loss: 0.6891
2025-10-01 22:30:12,995 - root - INFO - new node validate average_precision, 0.6324
2025-10-01 22:30:12,995 - root - INFO - new node validate roc_auc, 0.6339
2025-10-01 22:30:21,056 - root - INFO - test loss: 0.5811
2025-10-01 22:30:21,057 - root - INFO - test average_precision, 0.7098
2025-10-01 22:30:21,057 - root - INFO - best test average_precision: 0.7098
2025-10-01 22:30:21,057 - root - INFO - test roc_auc, 0.7465
2025-10-01 22:30:21,057 - root - INFO - new node test loss: 0.6344
2025-10-01 22:30:21,057 - root - INFO - new node test average_precision, 0.6688
2025-10-01 22:30:21,057 - root - INFO - new node test roc_auc, 0.6927
2025-10-01 22:30:21,057 - root - INFO - save model ./saved_models/TGAT/uci/TGAT_original_seed1/TGAT_original_seed1.pkl
2025-10-01 22:30:53,907 - root - INFO - Epoch: 20, learning rate: 0.0001, train loss: 0.5134
2025-10-01 22:30:53,907 - root - INFO - train average_precision, 0.7667
2025-10-01 22:30:53,907 - root - INFO - train roc_auc, 0.8095
2025-10-01 22:30:53,907 - root - INFO - validate loss: 0.5804
2025-10-01 22:30:53,907 - root - INFO - validate average_precision, 0.7028
2025-10-01 22:30:53,907 - root - INFO - validate roc_auc, 0.7437
2025-10-01 22:30:53,908 - root - INFO - new node validate loss: 0.6824
2025-10-01 22:30:53,908 - root - INFO - new node validate average_precision, 0.6303
2025-10-01 22:30:53,908 - root - INFO - new node validate roc_auc, 0.6468
2025-10-01 22:31:01,935 - root - INFO - test loss: 0.5826
2025-10-01 22:31:01,935 - root - INFO - test average_precision, 0.7109
2025-10-01 22:31:01,935 - root - INFO - best test average_precision: 0.7109
2025-10-01 22:31:01,935 - root - INFO - test roc_auc, 0.7443
2025-10-01 22:31:01,935 - root - INFO - new node test loss: 0.6385
2025-10-01 22:31:01,935 - root - INFO - new node test average_precision, 0.6563
2025-10-01 22:31:01,935 - root - INFO - new node test roc_auc, 0.6796
2025-10-01 22:31:01,935 - root - INFO - save model ./saved_models/TGAT/uci/TGAT_original_seed1/TGAT_original_seed1.pkl
2025-10-01 22:31:34,649 - root - INFO - Epoch: 21, learning rate: 0.0001, train loss: 0.5113
2025-10-01 22:31:34,649 - root - INFO - train average_precision, 0.7701
2025-10-01 22:31:34,649 - root - INFO - train roc_auc, 0.8098
2025-10-01 22:31:34,649 - root - INFO - validate loss: 0.5829
2025-10-01 22:31:34,649 - root - INFO - validate average_precision, 0.7017
2025-10-01 22:31:34,649 - root - INFO - validate roc_auc, 0.7426
2025-10-01 22:31:34,649 - root - INFO - new node validate loss: 0.6938
2025-10-01 22:31:34,649 - root - INFO - new node validate average_precision, 0.6278
2025-10-01 22:31:34,649 - root - INFO - new node validate roc_auc, 0.6377
2025-10-01 22:31:42,705 - root - INFO - test loss: 0.5815
2025-10-01 22:31:42,705 - root - INFO - test average_precision, 0.7008
2025-10-01 22:31:42,705 - root - INFO - best test average_precision: 0.7109
2025-10-01 22:31:42,706 - root - INFO - test roc_auc, 0.7437
2025-10-01 22:31:42,706 - root - INFO - new node test loss: 0.6418
2025-10-01 22:31:42,706 - root - INFO - new node test average_precision, 0.6486
2025-10-01 22:31:42,706 - root - INFO - new node test roc_auc, 0.6811
2025-10-01 22:32:15,666 - root - INFO - Epoch: 22, learning rate: 0.0001, train loss: 0.5117
2025-10-01 22:32:15,666 - root - INFO - train average_precision, 0.7693
2025-10-01 22:32:15,667 - root - INFO - train roc_auc, 0.8105
2025-10-01 22:32:15,667 - root - INFO - validate loss: 0.5797
2025-10-01 22:32:15,667 - root - INFO - validate average_precision, 0.7104
2025-10-01 22:32:15,667 - root - INFO - validate roc_auc, 0.7486
2025-10-01 22:32:15,667 - root - INFO - new node validate loss: 0.6845
2025-10-01 22:32:15,667 - root - INFO - new node validate average_precision, 0.6234
2025-10-01 22:32:15,667 - root - INFO - new node validate roc_auc, 0.6318
2025-10-01 22:32:23,730 - root - INFO - test loss: 0.5810
2025-10-01 22:32:23,730 - root - INFO - test average_precision, 0.7071
2025-10-01 22:32:23,730 - root - INFO - best test average_precision: 0.7109
2025-10-01 22:32:23,730 - root - INFO - test roc_auc, 0.7448
2025-10-01 22:32:23,730 - root - INFO - new node test loss: 0.6380
2025-10-01 22:32:23,730 - root - INFO - new node test average_precision, 0.6536
2025-10-01 22:32:23,730 - root - INFO - new node test roc_auc, 0.6797
2025-10-01 22:32:23,730 - root - INFO - save model ./saved_models/TGAT/uci/TGAT_original_seed1/TGAT_original_seed1.pkl
2025-10-01 22:32:56,857 - root - INFO - Epoch: 23, learning rate: 0.0001, train loss: 0.5089
2025-10-01 22:32:56,857 - root - INFO - train average_precision, 0.7752
2025-10-01 22:32:56,858 - root - INFO - train roc_auc, 0.8141
2025-10-01 22:32:56,858 - root - INFO - validate loss: 0.5844
2025-10-01 22:32:56,858 - root - INFO - validate average_precision, 0.6859
2025-10-01 22:32:56,858 - root - INFO - validate roc_auc, 0.7347
2025-10-01 22:32:56,858 - root - INFO - new node validate loss: 0.6819
2025-10-01 22:32:56,858 - root - INFO - new node validate average_precision, 0.6224
2025-10-01 22:32:56,858 - root - INFO - new node validate roc_auc, 0.6445
2025-10-01 22:33:04,923 - root - INFO - test loss: 0.5860
2025-10-01 22:33:04,923 - root - INFO - test average_precision, 0.7016
2025-10-01 22:33:04,923 - root - INFO - best test average_precision: 0.7109
2025-10-01 22:33:04,923 - root - INFO - test roc_auc, 0.7367
2025-10-01 22:33:04,923 - root - INFO - new node test loss: 0.6353
2025-10-01 22:33:04,923 - root - INFO - new node test average_precision, 0.6644
2025-10-01 22:33:04,923 - root - INFO - new node test roc_auc, 0.6864
2025-10-01 22:33:37,618 - root - INFO - Epoch: 24, learning rate: 0.0001, train loss: 0.5092
2025-10-01 22:33:37,618 - root - INFO - train average_precision, 0.7742
2025-10-01 22:33:37,618 - root - INFO - train roc_auc, 0.8143
2025-10-01 22:33:37,618 - root - INFO - validate loss: 0.5777
2025-10-01 22:33:37,618 - root - INFO - validate average_precision, 0.7060
2025-10-01 22:33:37,618 - root - INFO - validate roc_auc, 0.7487
2025-10-01 22:33:37,618 - root - INFO - new node validate loss: 0.6806
2025-10-01 22:33:37,618 - root - INFO - new node validate average_precision, 0.6397
2025-10-01 22:33:37,618 - root - INFO - new node validate roc_auc, 0.6580
2025-10-01 22:33:45,683 - root - INFO - test loss: 0.5779
2025-10-01 22:33:45,684 - root - INFO - test average_precision, 0.7057
2025-10-01 22:33:45,684 - root - INFO - best test average_precision: 0.7109
2025-10-01 22:33:45,684 - root - INFO - test roc_auc, 0.7478
2025-10-01 22:33:45,684 - root - INFO - new node test loss: 0.6341
2025-10-01 22:33:45,684 - root - INFO - new node test average_precision, 0.6657
2025-10-01 22:33:45,684 - root - INFO - new node test roc_auc, 0.6917
2025-10-01 22:34:18,402 - root - INFO - Epoch: 25, learning rate: 0.0001, train loss: 0.5081
2025-10-01 22:34:18,402 - root - INFO - train average_precision, 0.7747
2025-10-01 22:34:18,402 - root - INFO - train roc_auc, 0.8142
2025-10-01 22:34:18,402 - root - INFO - validate loss: 0.5772
2025-10-01 22:34:18,402 - root - INFO - validate average_precision, 0.7085
2025-10-01 22:34:18,402 - root - INFO - validate roc_auc, 0.7490
2025-10-01 22:34:18,402 - root - INFO - new node validate loss: 0.6803
2025-10-01 22:34:18,402 - root - INFO - new node validate average_precision, 0.6334
2025-10-01 22:34:18,402 - root - INFO - new node validate roc_auc, 0.6464
2025-10-01 22:34:26,444 - root - INFO - test loss: 0.5793
2025-10-01 22:34:26,444 - root - INFO - test average_precision, 0.7140
2025-10-01 22:34:26,445 - root - INFO - best test average_precision: 0.7140
2025-10-01 22:34:26,445 - root - INFO - test roc_auc, 0.7504
2025-10-01 22:34:26,445 - root - INFO - new node test loss: 0.6370
2025-10-01 22:34:26,445 - root - INFO - new node test average_precision, 0.6702
2025-10-01 22:34:26,445 - root - INFO - new node test roc_auc, 0.6904
2025-10-01 22:34:59,188 - root - INFO - Epoch: 26, learning rate: 0.0001, train loss: 0.5090
2025-10-01 22:34:59,188 - root - INFO - train average_precision, 0.7757
2025-10-01 22:34:59,188 - root - INFO - train roc_auc, 0.8137
2025-10-01 22:34:59,188 - root - INFO - validate loss: 0.5818
2025-10-01 22:34:59,188 - root - INFO - validate average_precision, 0.7027
2025-10-01 22:34:59,189 - root - INFO - validate roc_auc, 0.7409
2025-10-01 22:34:59,189 - root - INFO - new node validate loss: 0.6735
2025-10-01 22:34:59,189 - root - INFO - new node validate average_precision, 0.6408
2025-10-01 22:34:59,189 - root - INFO - new node validate roc_auc, 0.6572
2025-10-01 22:35:07,204 - root - INFO - test loss: 0.5785
2025-10-01 22:35:07,204 - root - INFO - test average_precision, 0.7102
2025-10-01 22:35:07,204 - root - INFO - best test average_precision: 0.7140
2025-10-01 22:35:07,204 - root - INFO - test roc_auc, 0.7470
2025-10-01 22:35:07,204 - root - INFO - new node test loss: 0.6326
2025-10-01 22:35:07,204 - root - INFO - new node test average_precision, 0.6762
2025-10-01 22:35:07,204 - root - INFO - new node test roc_auc, 0.6961
2025-10-01 22:35:39,990 - root - INFO - Epoch: 27, learning rate: 0.0001, train loss: 0.5080
2025-10-01 22:35:39,990 - root - INFO - train average_precision, 0.7787
2025-10-01 22:35:39,990 - root - INFO - train roc_auc, 0.8155
2025-10-01 22:35:39,990 - root - INFO - validate loss: 0.5839
2025-10-01 22:35:39,990 - root - INFO - validate average_precision, 0.6938
2025-10-01 22:35:39,990 - root - INFO - validate roc_auc, 0.7391
2025-10-01 22:35:39,990 - root - INFO - new node validate loss: 0.6847
2025-10-01 22:35:39,990 - root - INFO - new node validate average_precision, 0.6143
2025-10-01 22:35:39,990 - root - INFO - new node validate roc_auc, 0.6307
2025-10-01 22:35:48,038 - root - INFO - test loss: 0.5799
2025-10-01 22:35:48,038 - root - INFO - test average_precision, 0.7088
2025-10-01 22:35:48,038 - root - INFO - best test average_precision: 0.7140
2025-10-01 22:35:48,038 - root - INFO - test roc_auc, 0.7448
2025-10-01 22:35:48,038 - root - INFO - new node test loss: 0.6386
2025-10-01 22:35:48,038 - root - INFO - new node test average_precision, 0.6591
2025-10-01 22:35:48,038 - root - INFO - new node test roc_auc, 0.6785
2025-10-01 22:36:21,186 - root - INFO - Epoch: 28, learning rate: 0.0001, train loss: 0.5066
2025-10-01 22:36:21,186 - root - INFO - train average_precision, 0.7771
2025-10-01 22:36:21,187 - root - INFO - train roc_auc, 0.8157
2025-10-01 22:36:21,187 - root - INFO - validate loss: 0.5826
2025-10-01 22:36:21,187 - root - INFO - validate average_precision, 0.6979
2025-10-01 22:36:21,187 - root - INFO - validate roc_auc, 0.7404
2025-10-01 22:36:21,187 - root - INFO - new node validate loss: 0.6869
2025-10-01 22:36:21,187 - root - INFO - new node validate average_precision, 0.6232
2025-10-01 22:36:21,187 - root - INFO - new node validate roc_auc, 0.6357
2025-10-01 22:36:29,258 - root - INFO - test loss: 0.5811
2025-10-01 22:36:29,258 - root - INFO - test average_precision, 0.7124
2025-10-01 22:36:29,259 - root - INFO - best test average_precision: 0.7140
2025-10-01 22:36:29,259 - root - INFO - test roc_auc, 0.7476
2025-10-01 22:36:29,259 - root - INFO - new node test loss: 0.6395
2025-10-01 22:36:29,259 - root - INFO - new node test average_precision, 0.6708
2025-10-01 22:36:29,259 - root - INFO - new node test roc_auc, 0.6893
2025-10-01 22:37:02,466 - root - INFO - Epoch: 29, learning rate: 0.0001, train loss: 0.5041
2025-10-01 22:37:02,467 - root - INFO - train average_precision, 0.7806
2025-10-01 22:37:02,467 - root - INFO - train roc_auc, 0.8186
2025-10-01 22:37:02,467 - root - INFO - validate loss: 0.5782
2025-10-01 22:37:02,467 - root - INFO - validate average_precision, 0.7032
2025-10-01 22:37:02,467 - root - INFO - validate roc_auc, 0.7492
2025-10-01 22:37:02,467 - root - INFO - new node validate loss: 0.6836
2025-10-01 22:37:02,467 - root - INFO - new node validate average_precision, 0.6446
2025-10-01 22:37:02,467 - root - INFO - new node validate roc_auc, 0.6577
2025-10-01 22:37:10,538 - root - INFO - test loss: 0.5812
2025-10-01 22:37:10,538 - root - INFO - test average_precision, 0.7099
2025-10-01 22:37:10,538 - root - INFO - best test average_precision: 0.7140
2025-10-01 22:37:10,538 - root - INFO - test roc_auc, 0.7473
2025-10-01 22:37:10,538 - root - INFO - new node test loss: 0.6359
2025-10-01 22:37:10,538 - root - INFO - new node test average_precision, 0.6737
2025-10-01 22:37:10,538 - root - INFO - new node test roc_auc, 0.6987
2025-10-01 22:37:43,318 - root - INFO - Epoch: 30, learning rate: 0.0001, train loss: 0.5095
2025-10-01 22:37:43,318 - root - INFO - train average_precision, 0.7746
2025-10-01 22:37:43,318 - root - INFO - train roc_auc, 0.8137
2025-10-01 22:37:43,318 - root - INFO - validate loss: 0.5801
2025-10-01 22:37:43,318 - root - INFO - validate average_precision, 0.7004
2025-10-01 22:37:43,318 - root - INFO - validate roc_auc, 0.7450
2025-10-01 22:37:43,318 - root - INFO - new node validate loss: 0.6832
2025-10-01 22:37:43,318 - root - INFO - new node validate average_precision, 0.6235
2025-10-01 22:37:43,318 - root - INFO - new node validate roc_auc, 0.6391
2025-10-01 22:37:51,377 - root - INFO - test loss: 0.5773
2025-10-01 22:37:51,377 - root - INFO - test average_precision, 0.7117
2025-10-01 22:37:51,377 - root - INFO - best test average_precision: 0.7140
2025-10-01 22:37:51,377 - root - INFO - test roc_auc, 0.7493
2025-10-01 22:37:51,377 - root - INFO - new node test loss: 0.6423
2025-10-01 22:37:51,377 - root - INFO - new node test average_precision, 0.6555
2025-10-01 22:37:51,377 - root - INFO - new node test roc_auc, 0.6816
2025-10-01 22:38:24,053 - root - INFO - Epoch: 31, learning rate: 0.0001, train loss: 0.5077
2025-10-01 22:38:24,053 - root - INFO - train average_precision, 0.7747
2025-10-01 22:38:24,053 - root - INFO - train roc_auc, 0.8147
2025-10-01 22:38:24,053 - root - INFO - validate loss: 0.5770
2025-10-01 22:38:24,053 - root - INFO - validate average_precision, 0.7041
2025-10-01 22:38:24,053 - root - INFO - validate roc_auc, 0.7472
2025-10-01 22:38:24,053 - root - INFO - new node validate loss: 0.6826
2025-10-01 22:38:24,053 - root - INFO - new node validate average_precision, 0.6312
2025-10-01 22:38:24,053 - root - INFO - new node validate roc_auc, 0.6412
2025-10-01 22:38:32,077 - root - INFO - test loss: 0.5783
2025-10-01 22:38:32,077 - root - INFO - test average_precision, 0.7135
2025-10-01 22:38:32,077 - root - INFO - best test average_precision: 0.7140
2025-10-01 22:38:32,077 - root - INFO - test roc_auc, 0.7509
2025-10-01 22:38:32,077 - root - INFO - new node test loss: 0.6394
2025-10-01 22:38:32,077 - root - INFO - new node test average_precision, 0.6588
2025-10-01 22:38:32,077 - root - INFO - new node test roc_auc, 0.6855
2025-10-01 22:39:04,655 - root - INFO - Epoch: 32, learning rate: 0.0001, train loss: 0.5049
2025-10-01 22:39:04,656 - root - INFO - train average_precision, 0.7787
2025-10-01 22:39:04,656 - root - INFO - train roc_auc, 0.8177
2025-10-01 22:39:04,656 - root - INFO - validate loss: 0.5756
2025-10-01 22:39:04,656 - root - INFO - validate average_precision, 0.7086
2025-10-01 22:39:04,656 - root - INFO - validate roc_auc, 0.7506
2025-10-01 22:39:04,656 - root - INFO - new node validate loss: 0.6819
2025-10-01 22:39:04,656 - root - INFO - new node validate average_precision, 0.6388
2025-10-01 22:39:04,656 - root - INFO - new node validate roc_auc, 0.6477
2025-10-01 22:39:12,697 - root - INFO - test loss: 0.5785
2025-10-01 22:39:12,697 - root - INFO - test average_precision, 0.7087
2025-10-01 22:39:12,697 - root - INFO - best test average_precision: 0.7140
2025-10-01 22:39:12,697 - root - INFO - test roc_auc, 0.7462
2025-10-01 22:39:12,697 - root - INFO - new node test loss: 0.6392
2025-10-01 22:39:12,697 - root - INFO - new node test average_precision, 0.6564
2025-10-01 22:39:12,697 - root - INFO - new node test roc_auc, 0.6826
2025-10-01 22:39:45,395 - root - INFO - Epoch: 33, learning rate: 0.0001, train loss: 0.5046
2025-10-01 22:39:45,395 - root - INFO - train average_precision, 0.7782
2025-10-01 22:39:45,395 - root - INFO - train roc_auc, 0.8165
2025-10-01 22:39:45,395 - root - INFO - validate loss: 0.5765
2025-10-01 22:39:45,395 - root - INFO - validate average_precision, 0.7093
2025-10-01 22:39:45,395 - root - INFO - validate roc_auc, 0.7506
2025-10-01 22:39:45,395 - root - INFO - new node validate loss: 0.6863
2025-10-01 22:39:45,395 - root - INFO - new node validate average_precision, 0.6308
2025-10-01 22:39:45,395 - root - INFO - new node validate roc_auc, 0.6410
2025-10-01 22:39:53,440 - root - INFO - test loss: 0.5816
2025-10-01 22:39:53,440 - root - INFO - test average_precision, 0.7052
2025-10-01 22:39:53,440 - root - INFO - best test average_precision: 0.7140
2025-10-01 22:39:53,440 - root - INFO - test roc_auc, 0.7445
2025-10-01 22:39:53,440 - root - INFO - new node test loss: 0.6372
2025-10-01 22:39:53,440 - root - INFO - new node test average_precision, 0.6620
2025-10-01 22:39:53,440 - root - INFO - new node test roc_auc, 0.6903
2025-10-01 22:40:26,615 - root - INFO - Epoch: 34, learning rate: 0.0001, train loss: 0.5033
2025-10-01 22:40:26,616 - root - INFO - train average_precision, 0.7793
2025-10-01 22:40:26,616 - root - INFO - train roc_auc, 0.8177
2025-10-01 22:40:26,616 - root - INFO - validate loss: 0.5722
2025-10-01 22:40:26,616 - root - INFO - validate average_precision, 0.7095
2025-10-01 22:40:26,616 - root - INFO - validate roc_auc, 0.7546
2025-10-01 22:40:26,616 - root - INFO - new node validate loss: 0.6826
2025-10-01 22:40:26,616 - root - INFO - new node validate average_precision, 0.6368
2025-10-01 22:40:26,616 - root - INFO - new node validate roc_auc, 0.6565
2025-10-01 22:40:34,684 - root - INFO - test loss: 0.5854
2025-10-01 22:40:34,684 - root - INFO - test average_precision, 0.7019
2025-10-01 22:40:34,685 - root - INFO - best test average_precision: 0.7140
2025-10-01 22:40:34,685 - root - INFO - test roc_auc, 0.7390
2025-10-01 22:40:34,685 - root - INFO - new node test loss: 0.6481
2025-10-01 22:40:34,685 - root - INFO - new node test average_precision, 0.6483
2025-10-01 22:40:34,685 - root - INFO - new node test roc_auc, 0.6756
2025-10-01 22:41:07,698 - root - INFO - Epoch: 35, learning rate: 0.0001, train loss: 0.5035
2025-10-01 22:41:07,699 - root - INFO - train average_precision, 0.7826
2025-10-01 22:41:07,699 - root - INFO - train roc_auc, 0.8190
2025-10-01 22:41:07,699 - root - INFO - validate loss: 0.5781
2025-10-01 22:41:07,699 - root - INFO - validate average_precision, 0.7060
2025-10-01 22:41:07,699 - root - INFO - validate roc_auc, 0.7488
2025-10-01 22:41:07,699 - root - INFO - new node validate loss: 0.6795
2025-10-01 22:41:07,699 - root - INFO - new node validate average_precision, 0.6437
2025-10-01 22:41:07,699 - root - INFO - new node validate roc_auc, 0.6610
2025-10-01 22:41:15,758 - root - INFO - test loss: 0.5781
2025-10-01 22:41:15,759 - root - INFO - test average_precision, 0.7087
2025-10-01 22:41:15,759 - root - INFO - best test average_precision: 0.7140
2025-10-01 22:41:15,759 - root - INFO - test roc_auc, 0.7476
2025-10-01 22:41:15,759 - root - INFO - new node test loss: 0.6433
2025-10-01 22:41:15,759 - root - INFO - new node test average_precision, 0.6531
2025-10-01 22:41:15,759 - root - INFO - new node test roc_auc, 0.6804
2025-10-01 22:41:48,523 - root - INFO - Epoch: 36, learning rate: 0.0001, train loss: 0.5028
2025-10-01 22:41:48,523 - root - INFO - train average_precision, 0.7811
2025-10-01 22:41:48,523 - root - INFO - train roc_auc, 0.8193
2025-10-01 22:41:48,523 - root - INFO - validate loss: 0.5825
2025-10-01 22:41:48,523 - root - INFO - validate average_precision, 0.6965
2025-10-01 22:41:48,523 - root - INFO - validate roc_auc, 0.7422
2025-10-01 22:41:48,523 - root - INFO - new node validate loss: 0.6865
2025-10-01 22:41:48,523 - root - INFO - new node validate average_precision, 0.6253
2025-10-01 22:41:48,523 - root - INFO - new node validate roc_auc, 0.6466
2025-10-01 22:41:56,566 - root - INFO - test loss: 0.5797
2025-10-01 22:41:56,566 - root - INFO - test average_precision, 0.7039
2025-10-01 22:41:56,566 - root - INFO - best test average_precision: 0.7140
2025-10-01 22:41:56,567 - root - INFO - test roc_auc, 0.7426
2025-10-01 22:41:56,567 - root - INFO - new node test loss: 0.6405
2025-10-01 22:41:56,567 - root - INFO - new node test average_precision, 0.6587
2025-10-01 22:41:56,567 - root - INFO - new node test roc_auc, 0.6804
2025-10-01 22:42:29,358 - root - INFO - Epoch: 37, learning rate: 0.0001, train loss: 0.5072
2025-10-01 22:42:29,358 - root - INFO - train average_precision, 0.7759
2025-10-01 22:42:29,358 - root - INFO - train roc_auc, 0.8150
2025-10-01 22:42:29,358 - root - INFO - validate loss: 0.5773
2025-10-01 22:42:29,358 - root - INFO - validate average_precision, 0.7027
2025-10-01 22:42:29,358 - root - INFO - validate roc_auc, 0.7478
2025-10-01 22:42:29,358 - root - INFO - new node validate loss: 0.6744
2025-10-01 22:42:29,358 - root - INFO - new node validate average_precision, 0.6310
2025-10-01 22:42:29,358 - root - INFO - new node validate roc_auc, 0.6482
2025-10-01 22:42:37,400 - root - INFO - test loss: 0.5818
2025-10-01 22:42:37,400 - root - INFO - test average_precision, 0.7074
2025-10-01 22:42:37,400 - root - INFO - best test average_precision: 0.7140
2025-10-01 22:42:37,400 - root - INFO - test roc_auc, 0.7433
2025-10-01 22:42:37,401 - root - INFO - new node test loss: 0.6402
2025-10-01 22:42:37,401 - root - INFO - new node test average_precision, 0.6558
2025-10-01 22:42:37,401 - root - INFO - new node test roc_auc, 0.6809
2025-10-01 22:43:10,084 - root - INFO - Epoch: 38, learning rate: 0.0001, train loss: 0.5053
2025-10-01 22:43:10,084 - root - INFO - train average_precision, 0.7793
2025-10-01 22:43:10,084 - root - INFO - train roc_auc, 0.8178
2025-10-01 22:43:10,084 - root - INFO - validate loss: 0.5830
2025-10-01 22:43:10,084 - root - INFO - validate average_precision, 0.6977
2025-10-01 22:43:10,084 - root - INFO - validate roc_auc, 0.7412
2025-10-01 22:43:10,084 - root - INFO - new node validate loss: 0.6833
2025-10-01 22:43:10,084 - root - INFO - new node validate average_precision, 0.6325
2025-10-01 22:43:10,084 - root - INFO - new node validate roc_auc, 0.6454
2025-10-01 22:43:18,146 - root - INFO - test loss: 0.5781
2025-10-01 22:43:18,146 - root - INFO - test average_precision, 0.7185
2025-10-01 22:43:18,146 - root - INFO - best test average_precision: 0.7185
2025-10-01 22:43:18,146 - root - INFO - test roc_auc, 0.7501
2025-10-01 22:43:18,147 - root - INFO - new node test loss: 0.6438
2025-10-01 22:43:18,147 - root - INFO - new node test average_precision, 0.6583
2025-10-01 22:43:18,147 - root - INFO - new node test roc_auc, 0.6838
2025-10-01 22:43:50,817 - root - INFO - Epoch: 39, learning rate: 0.0001, train loss: 0.5049
2025-10-01 22:43:50,818 - root - INFO - train average_precision, 0.7762
2025-10-01 22:43:50,818 - root - INFO - train roc_auc, 0.8163
2025-10-01 22:43:50,818 - root - INFO - validate loss: 0.5763
2025-10-01 22:43:50,818 - root - INFO - validate average_precision, 0.7127
2025-10-01 22:43:50,818 - root - INFO - validate roc_auc, 0.7512
2025-10-01 22:43:50,818 - root - INFO - new node validate loss: 0.6851
2025-10-01 22:43:50,818 - root - INFO - new node validate average_precision, 0.6426
2025-10-01 22:43:50,818 - root - INFO - new node validate roc_auc, 0.6568
2025-10-01 22:43:58,879 - root - INFO - test loss: 0.5762
2025-10-01 22:43:58,879 - root - INFO - test average_precision, 0.7093
2025-10-01 22:43:58,879 - root - INFO - best test average_precision: 0.7185
2025-10-01 22:43:58,879 - root - INFO - test roc_auc, 0.7500
2025-10-01 22:43:58,879 - root - INFO - new node test loss: 0.6362
2025-10-01 22:43:58,879 - root - INFO - new node test average_precision, 0.6676
2025-10-01 22:43:58,879 - root - INFO - new node test roc_auc, 0.6894
2025-10-01 22:43:58,879 - root - INFO - save model ./saved_models/TGAT/uci/TGAT_original_seed1/TGAT_original_seed1.pkl
2025-10-01 22:44:31,625 - root - INFO - Epoch: 40, learning rate: 0.0001, train loss: 0.5066
2025-10-01 22:44:31,626 - root - INFO - train average_precision, 0.7760
2025-10-01 22:44:31,626 - root - INFO - train roc_auc, 0.8156
2025-10-01 22:44:31,626 - root - INFO - validate loss: 0.5850
2025-10-01 22:44:31,626 - root - INFO - validate average_precision, 0.6928
2025-10-01 22:44:31,626 - root - INFO - validate roc_auc, 0.7372
2025-10-01 22:44:31,626 - root - INFO - new node validate loss: 0.6805
2025-10-01 22:44:31,626 - root - INFO - new node validate average_precision, 0.6351
2025-10-01 22:44:31,626 - root - INFO - new node validate roc_auc, 0.6503
2025-10-01 22:44:39,680 - root - INFO - test loss: 0.5851
2025-10-01 22:44:39,680 - root - INFO - test average_precision, 0.6978
2025-10-01 22:44:39,680 - root - INFO - best test average_precision: 0.7185
2025-10-01 22:44:39,680 - root - INFO - test roc_auc, 0.7384
2025-10-01 22:44:39,680 - root - INFO - new node test loss: 0.6365
2025-10-01 22:44:39,680 - root - INFO - new node test average_precision, 0.6528
2025-10-01 22:44:39,680 - root - INFO - new node test roc_auc, 0.6840
2025-10-01 22:45:12,330 - root - INFO - Epoch: 41, learning rate: 0.0001, train loss: 0.5026
2025-10-01 22:45:12,330 - root - INFO - train average_precision, 0.7791
2025-10-01 22:45:12,330 - root - INFO - train roc_auc, 0.8176
2025-10-01 22:45:12,330 - root - INFO - validate loss: 0.5801
2025-10-01 22:45:12,330 - root - INFO - validate average_precision, 0.7053
2025-10-01 22:45:12,330 - root - INFO - validate roc_auc, 0.7450
2025-10-01 22:45:12,330 - root - INFO - new node validate loss: 0.6894
2025-10-01 22:45:12,330 - root - INFO - new node validate average_precision, 0.6267
2025-10-01 22:45:12,330 - root - INFO - new node validate roc_auc, 0.6287
2025-10-01 22:45:20,381 - root - INFO - test loss: 0.5840
2025-10-01 22:45:20,381 - root - INFO - test average_precision, 0.7048
2025-10-01 22:45:20,381 - root - INFO - best test average_precision: 0.7185
2025-10-01 22:45:20,381 - root - INFO - test roc_auc, 0.7364
2025-10-01 22:45:20,381 - root - INFO - new node test loss: 0.6448
2025-10-01 22:45:20,381 - root - INFO - new node test average_precision, 0.6531
2025-10-01 22:45:20,381 - root - INFO - new node test roc_auc, 0.6752
2025-10-01 22:45:52,996 - root - INFO - Epoch: 42, learning rate: 0.0001, train loss: 0.5040
2025-10-01 22:45:52,996 - root - INFO - train average_precision, 0.7816
2025-10-01 22:45:52,996 - root - INFO - train roc_auc, 0.8187
2025-10-01 22:45:52,996 - root - INFO - validate loss: 0.5779
2025-10-01 22:45:52,996 - root - INFO - validate average_precision, 0.7074
2025-10-01 22:45:52,997 - root - INFO - validate roc_auc, 0.7472
2025-10-01 22:45:52,997 - root - INFO - new node validate loss: 0.6846
2025-10-01 22:45:52,997 - root - INFO - new node validate average_precision, 0.6307
2025-10-01 22:45:52,997 - root - INFO - new node validate roc_auc, 0.6437
2025-10-01 22:46:01,072 - root - INFO - test loss: 0.5815
2025-10-01 22:46:01,072 - root - INFO - test average_precision, 0.7162
2025-10-01 22:46:01,072 - root - INFO - best test average_precision: 0.7185
2025-10-01 22:46:01,072 - root - INFO - test roc_auc, 0.7480
2025-10-01 22:46:01,073 - root - INFO - new node test loss: 0.6423
2025-10-01 22:46:01,073 - root - INFO - new node test average_precision, 0.6624
2025-10-01 22:46:01,073 - root - INFO - new node test roc_auc, 0.6855
2025-10-01 22:46:33,838 - root - INFO - Epoch: 43, learning rate: 0.0001, train loss: 0.5022
2025-10-01 22:46:33,838 - root - INFO - train average_precision, 0.7821
2025-10-01 22:46:33,838 - root - INFO - train roc_auc, 0.8200
2025-10-01 22:46:33,839 - root - INFO - validate loss: 0.5790
2025-10-01 22:46:33,839 - root - INFO - validate average_precision, 0.7024
2025-10-01 22:46:33,839 - root - INFO - validate roc_auc, 0.7457
2025-10-01 22:46:33,839 - root - INFO - new node validate loss: 0.6892
2025-10-01 22:46:33,839 - root - INFO - new node validate average_precision, 0.6212
2025-10-01 22:46:33,839 - root - INFO - new node validate roc_auc, 0.6402
2025-10-01 22:46:41,875 - root - INFO - test loss: 0.5766
2025-10-01 22:46:41,875 - root - INFO - test average_precision, 0.7181
2025-10-01 22:46:41,875 - root - INFO - best test average_precision: 0.7185
2025-10-01 22:46:41,875 - root - INFO - test roc_auc, 0.7517
2025-10-01 22:46:41,875 - root - INFO - new node test loss: 0.6395
2025-10-01 22:46:41,875 - root - INFO - new node test average_precision, 0.6685
2025-10-01 22:46:41,875 - root - INFO - new node test roc_auc, 0.6889
2025-10-01 22:47:14,662 - root - INFO - Epoch: 44, learning rate: 0.0001, train loss: 0.5043
2025-10-01 22:47:14,662 - root - INFO - train average_precision, 0.7794
2025-10-01 22:47:14,662 - root - INFO - train roc_auc, 0.8173
2025-10-01 22:47:14,662 - root - INFO - validate loss: 0.5759
2025-10-01 22:47:14,662 - root - INFO - validate average_precision, 0.7168
2025-10-01 22:47:14,662 - root - INFO - validate roc_auc, 0.7526
2025-10-01 22:47:14,662 - root - INFO - new node validate loss: 0.6790
2025-10-01 22:47:14,662 - root - INFO - new node validate average_precision, 0.6275
2025-10-01 22:47:14,662 - root - INFO - new node validate roc_auc, 0.6366
2025-10-01 22:47:22,706 - root - INFO - test loss: 0.5719
2025-10-01 22:47:22,706 - root - INFO - test average_precision, 0.7287
2025-10-01 22:47:22,706 - root - INFO - best test average_precision: 0.7287
2025-10-01 22:47:22,706 - root - INFO - test roc_auc, 0.7598
2025-10-01 22:47:22,706 - root - INFO - new node test loss: 0.6325
2025-10-01 22:47:22,706 - root - INFO - new node test average_precision, 0.6715
2025-10-01 22:47:22,706 - root - INFO - new node test roc_auc, 0.6956
2025-10-01 22:47:22,706 - root - INFO - save model ./saved_models/TGAT/uci/TGAT_original_seed1/TGAT_original_seed1.pkl
2025-10-01 22:47:55,482 - root - INFO - Epoch: 45, learning rate: 0.0001, train loss: 0.5051
2025-10-01 22:47:55,482 - root - INFO - train average_precision, 0.7771
2025-10-01 22:47:55,482 - root - INFO - train roc_auc, 0.8166
2025-10-01 22:47:55,482 - root - INFO - validate loss: 0.5761
2025-10-01 22:47:55,482 - root - INFO - validate average_precision, 0.7124
2025-10-01 22:47:55,482 - root - INFO - validate roc_auc, 0.7509
2025-10-01 22:47:55,482 - root - INFO - new node validate loss: 0.6895
2025-10-01 22:47:55,482 - root - INFO - new node validate average_precision, 0.6237
2025-10-01 22:47:55,482 - root - INFO - new node validate roc_auc, 0.6428
2025-10-01 22:48:03,571 - root - INFO - test loss: 0.5859
2025-10-01 22:48:03,571 - root - INFO - test average_precision, 0.7150
2025-10-01 22:48:03,571 - root - INFO - best test average_precision: 0.7287
2025-10-01 22:48:03,571 - root - INFO - test roc_auc, 0.7435
2025-10-01 22:48:03,571 - root - INFO - new node test loss: 0.6421
2025-10-01 22:48:03,571 - root - INFO - new node test average_precision, 0.6738
2025-10-01 22:48:03,571 - root - INFO - new node test roc_auc, 0.6906
2025-10-01 22:48:36,930 - root - INFO - Epoch: 46, learning rate: 0.0001, train loss: 0.5047
2025-10-01 22:48:36,930 - root - INFO - train average_precision, 0.7817
2025-10-01 22:48:36,930 - root - INFO - train roc_auc, 0.8173
2025-10-01 22:48:36,930 - root - INFO - validate loss: 0.5759
2025-10-01 22:48:36,930 - root - INFO - validate average_precision, 0.7036
2025-10-01 22:48:36,930 - root - INFO - validate roc_auc, 0.7476
2025-10-01 22:48:36,930 - root - INFO - new node validate loss: 0.6764
2025-10-01 22:48:36,930 - root - INFO - new node validate average_precision, 0.6348
2025-10-01 22:48:36,930 - root - INFO - new node validate roc_auc, 0.6529
2025-10-01 22:48:45,010 - root - INFO - test loss: 0.5722
2025-10-01 22:48:45,010 - root - INFO - test average_precision, 0.7226
2025-10-01 22:48:45,010 - root - INFO - best test average_precision: 0.7287
2025-10-01 22:48:45,010 - root - INFO - test roc_auc, 0.7557
2025-10-01 22:48:45,011 - root - INFO - new node test loss: 0.6270
2025-10-01 22:48:45,011 - root - INFO - new node test average_precision, 0.6833
2025-10-01 22:48:45,011 - root - INFO - new node test roc_auc, 0.7029
2025-10-01 22:49:18,127 - root - INFO - Epoch: 47, learning rate: 0.0001, train loss: 0.5023
2025-10-01 22:49:18,127 - root - INFO - train average_precision, 0.7849
2025-10-01 22:49:18,127 - root - INFO - train roc_auc, 0.8205
2025-10-01 22:49:18,127 - root - INFO - validate loss: 0.5773
2025-10-01 22:49:18,127 - root - INFO - validate average_precision, 0.7104
2025-10-01 22:49:18,128 - root - INFO - validate roc_auc, 0.7507
2025-10-01 22:49:18,128 - root - INFO - new node validate loss: 0.6774
2025-10-01 22:49:18,128 - root - INFO - new node validate average_precision, 0.6472
2025-10-01 22:49:18,128 - root - INFO - new node validate roc_auc, 0.6621
2025-10-01 22:49:26,148 - root - INFO - test loss: 0.5791
2025-10-01 22:49:26,148 - root - INFO - test average_precision, 0.7117
2025-10-01 22:49:26,148 - root - INFO - best test average_precision: 0.7287
2025-10-01 22:49:26,149 - root - INFO - test roc_auc, 0.7475
2025-10-01 22:49:26,149 - root - INFO - new node test loss: 0.6439
2025-10-01 22:49:26,149 - root - INFO - new node test average_precision, 0.6548
2025-10-01 22:49:26,149 - root - INFO - new node test roc_auc, 0.6787
2025-10-01 22:49:58,791 - root - INFO - Epoch: 48, learning rate: 0.0001, train loss: 0.5023
2025-10-01 22:49:58,791 - root - INFO - train average_precision, 0.7791
2025-10-01 22:49:58,791 - root - INFO - train roc_auc, 0.8177
2025-10-01 22:49:58,791 - root - INFO - validate loss: 0.5806
2025-10-01 22:49:58,791 - root - INFO - validate average_precision, 0.7034
2025-10-01 22:49:58,791 - root - INFO - validate roc_auc, 0.7435
2025-10-01 22:49:58,791 - root - INFO - new node validate loss: 0.6816
2025-10-01 22:49:58,791 - root - INFO - new node validate average_precision, 0.6414
2025-10-01 22:49:58,791 - root - INFO - new node validate roc_auc, 0.6532
2025-10-01 22:50:06,895 - root - INFO - test loss: 0.5742
2025-10-01 22:50:06,895 - root - INFO - test average_precision, 0.7252
2025-10-01 22:50:06,895 - root - INFO - best test average_precision: 0.7287
2025-10-01 22:50:06,895 - root - INFO - test roc_auc, 0.7553
2025-10-01 22:50:06,895 - root - INFO - new node test loss: 0.6391
2025-10-01 22:50:06,895 - root - INFO - new node test average_precision, 0.6713
2025-10-01 22:50:06,895 - root - INFO - new node test roc_auc, 0.6905
2025-10-01 22:50:39,532 - root - INFO - Epoch: 49, learning rate: 0.0001, train loss: 0.5027
2025-10-01 22:50:39,532 - root - INFO - train average_precision, 0.7859
2025-10-01 22:50:39,532 - root - INFO - train roc_auc, 0.8203
2025-10-01 22:50:39,532 - root - INFO - validate loss: 0.5749
2025-10-01 22:50:39,532 - root - INFO - validate average_precision, 0.7119
2025-10-01 22:50:39,532 - root - INFO - validate roc_auc, 0.7521
2025-10-01 22:50:39,532 - root - INFO - new node validate loss: 0.6837
2025-10-01 22:50:39,532 - root - INFO - new node validate average_precision, 0.6318
2025-10-01 22:50:39,532 - root - INFO - new node validate roc_auc, 0.6473
2025-10-01 22:50:47,573 - root - INFO - test loss: 0.5758
2025-10-01 22:50:47,573 - root - INFO - test average_precision, 0.7238
2025-10-01 22:50:47,574 - root - INFO - best test average_precision: 0.7287
2025-10-01 22:50:47,574 - root - INFO - test roc_auc, 0.7547
2025-10-01 22:50:47,574 - root - INFO - new node test loss: 0.6347
2025-10-01 22:50:47,574 - root - INFO - new node test average_precision, 0.6714
2025-10-01 22:50:47,574 - root - INFO - new node test roc_auc, 0.6961
2025-10-01 22:51:20,321 - root - INFO - Epoch: 50, learning rate: 0.0001, train loss: 0.5040
2025-10-01 22:51:20,321 - root - INFO - train average_precision, 0.7810
2025-10-01 22:51:20,321 - root - INFO - train roc_auc, 0.8185
2025-10-01 22:51:20,321 - root - INFO - validate loss: 0.5817
2025-10-01 22:51:20,321 - root - INFO - validate average_precision, 0.7014
2025-10-01 22:51:20,321 - root - INFO - validate roc_auc, 0.7443
2025-10-01 22:51:20,321 - root - INFO - new node validate loss: 0.6834
2025-10-01 22:51:20,321 - root - INFO - new node validate average_precision, 0.6259
2025-10-01 22:51:20,321 - root - INFO - new node validate roc_auc, 0.6358
2025-10-01 22:51:28,369 - root - INFO - test loss: 0.5732
2025-10-01 22:51:28,369 - root - INFO - test average_precision, 0.7224
2025-10-01 22:51:28,370 - root - INFO - best test average_precision: 0.7287
2025-10-01 22:51:28,370 - root - INFO - test roc_auc, 0.7557
2025-10-01 22:51:28,370 - root - INFO - new node test loss: 0.6324
2025-10-01 22:51:28,370 - root - INFO - new node test average_precision, 0.6738
2025-10-01 22:51:28,370 - root - INFO - new node test roc_auc, 0.6954
2025-10-01 22:52:01,135 - root - INFO - Epoch: 51, learning rate: 0.0001, train loss: 0.5053
2025-10-01 22:52:01,135 - root - INFO - train average_precision, 0.7774
2025-10-01 22:52:01,135 - root - INFO - train roc_auc, 0.8162
2025-10-01 22:52:01,135 - root - INFO - validate loss: 0.5788
2025-10-01 22:52:01,135 - root - INFO - validate average_precision, 0.7038
2025-10-01 22:52:01,135 - root - INFO - validate roc_auc, 0.7460
2025-10-01 22:52:01,135 - root - INFO - new node validate loss: 0.6912
2025-10-01 22:52:01,135 - root - INFO - new node validate average_precision, 0.6113
2025-10-01 22:52:01,136 - root - INFO - new node validate roc_auc, 0.6130
2025-10-01 22:52:09,192 - root - INFO - test loss: 0.5849
2025-10-01 22:52:09,193 - root - INFO - test average_precision, 0.7087
2025-10-01 22:52:09,193 - root - INFO - best test average_precision: 0.7287
2025-10-01 22:52:09,193 - root - INFO - test roc_auc, 0.7431
2025-10-01 22:52:09,193 - root - INFO - new node test loss: 0.6384
2025-10-01 22:52:09,193 - root - INFO - new node test average_precision, 0.6749
2025-10-01 22:52:09,193 - root - INFO - new node test roc_auc, 0.6917
2025-10-01 22:52:42,247 - root - INFO - Epoch: 52, learning rate: 0.0001, train loss: 0.5017
2025-10-01 22:52:42,248 - root - INFO - train average_precision, 0.7846
2025-10-01 22:52:42,248 - root - INFO - train roc_auc, 0.8206
2025-10-01 22:52:42,248 - root - INFO - validate loss: 0.5745
2025-10-01 22:52:42,248 - root - INFO - validate average_precision, 0.7162
2025-10-01 22:52:42,248 - root - INFO - validate roc_auc, 0.7536
2025-10-01 22:52:42,248 - root - INFO - new node validate loss: 0.6758
2025-10-01 22:52:42,248 - root - INFO - new node validate average_precision, 0.6443
2025-10-01 22:52:42,248 - root - INFO - new node validate roc_auc, 0.6619
2025-10-01 22:52:50,313 - root - INFO - test loss: 0.5769
2025-10-01 22:52:50,314 - root - INFO - test average_precision, 0.7211
2025-10-01 22:52:50,314 - root - INFO - best test average_precision: 0.7287
2025-10-01 22:52:50,314 - root - INFO - test roc_auc, 0.7516
2025-10-01 22:52:50,314 - root - INFO - new node test loss: 0.6297
2025-10-01 22:52:50,314 - root - INFO - new node test average_precision, 0.6740
2025-10-01 22:52:50,314 - root - INFO - new node test roc_auc, 0.6971
2025-10-01 22:53:23,096 - root - INFO - Epoch: 53, learning rate: 0.0001, train loss: 0.4974
2025-10-01 22:53:23,096 - root - INFO - train average_precision, 0.7867
2025-10-01 22:53:23,096 - root - INFO - train roc_auc, 0.8235
2025-10-01 22:53:23,096 - root - INFO - validate loss: 0.5714
2025-10-01 22:53:23,096 - root - INFO - validate average_precision, 0.7153
2025-10-01 22:53:23,096 - root - INFO - validate roc_auc, 0.7549
2025-10-01 22:53:23,096 - root - INFO - new node validate loss: 0.6764
2025-10-01 22:53:23,096 - root - INFO - new node validate average_precision, 0.6327
2025-10-01 22:53:23,096 - root - INFO - new node validate roc_auc, 0.6490
2025-10-01 22:53:31,137 - root - INFO - test loss: 0.5783
2025-10-01 22:53:31,137 - root - INFO - test average_precision, 0.7087
2025-10-01 22:53:31,137 - root - INFO - best test average_precision: 0.7287
2025-10-01 22:53:31,137 - root - INFO - test roc_auc, 0.7460
2025-10-01 22:53:31,137 - root - INFO - new node test loss: 0.6345
2025-10-01 22:53:31,137 - root - INFO - new node test average_precision, 0.6771
2025-10-01 22:53:31,137 - root - INFO - new node test roc_auc, 0.6957
2025-10-01 22:54:03,760 - root - INFO - Epoch: 54, learning rate: 0.0001, train loss: 0.5048
2025-10-01 22:54:03,760 - root - INFO - train average_precision, 0.7813
2025-10-01 22:54:03,760 - root - INFO - train roc_auc, 0.8180
2025-10-01 22:54:03,761 - root - INFO - validate loss: 0.5711
2025-10-01 22:54:03,761 - root - INFO - validate average_precision, 0.7161
2025-10-01 22:54:03,761 - root - INFO - validate roc_auc, 0.7544
2025-10-01 22:54:03,761 - root - INFO - new node validate loss: 0.6814
2025-10-01 22:54:03,761 - root - INFO - new node validate average_precision, 0.6366
2025-10-01 22:54:03,761 - root - INFO - new node validate roc_auc, 0.6468
2025-10-01 22:54:11,800 - root - INFO - test loss: 0.5759
2025-10-01 22:54:11,800 - root - INFO - test average_precision, 0.7159
2025-10-01 22:54:11,800 - root - INFO - best test average_precision: 0.7287
2025-10-01 22:54:11,800 - root - INFO - test roc_auc, 0.7506
2025-10-01 22:54:11,800 - root - INFO - new node test loss: 0.6331
2025-10-01 22:54:11,801 - root - INFO - new node test average_precision, 0.6700
2025-10-01 22:54:11,801 - root - INFO - new node test roc_auc, 0.6926
2025-10-01 22:54:44,572 - root - INFO - Epoch: 55, learning rate: 0.0001, train loss: 0.5024
2025-10-01 22:54:44,572 - root - INFO - train average_precision, 0.7832
2025-10-01 22:54:44,572 - root - INFO - train roc_auc, 0.8196
2025-10-01 22:54:44,572 - root - INFO - validate loss: 0.5707
2025-10-01 22:54:44,572 - root - INFO - validate average_precision, 0.7226
2025-10-01 22:54:44,572 - root - INFO - validate roc_auc, 0.7576
2025-10-01 22:54:44,572 - root - INFO - new node validate loss: 0.6789
2025-10-01 22:54:44,572 - root - INFO - new node validate average_precision, 0.6401
2025-10-01 22:54:44,572 - root - INFO - new node validate roc_auc, 0.6505
2025-10-01 22:54:52,659 - root - INFO - test loss: 0.5726
2025-10-01 22:54:52,659 - root - INFO - test average_precision, 0.7211
2025-10-01 22:54:52,659 - root - INFO - best test average_precision: 0.7287
2025-10-01 22:54:52,659 - root - INFO - test roc_auc, 0.7557
2025-10-01 22:54:52,659 - root - INFO - new node test loss: 0.6375
2025-10-01 22:54:52,659 - root - INFO - new node test average_precision, 0.6748
2025-10-01 22:54:52,659 - root - INFO - new node test roc_auc, 0.6942
2025-10-01 22:54:52,659 - root - INFO - save model ./saved_models/TGAT/uci/TGAT_original_seed1/TGAT_original_seed1.pkl
2025-10-01 22:55:25,484 - root - INFO - Epoch: 56, learning rate: 0.0001, train loss: 0.4987
2025-10-01 22:55:25,484 - root - INFO - train average_precision, 0.7869
2025-10-01 22:55:25,484 - root - INFO - train roc_auc, 0.8235
2025-10-01 22:55:25,484 - root - INFO - validate loss: 0.5801
2025-10-01 22:55:25,484 - root - INFO - validate average_precision, 0.7065
2025-10-01 22:55:25,484 - root - INFO - validate roc_auc, 0.7440
2025-10-01 22:55:25,484 - root - INFO - new node validate loss: 0.6844
2025-10-01 22:55:25,484 - root - INFO - new node validate average_precision, 0.6396
2025-10-01 22:55:25,484 - root - INFO - new node validate roc_auc, 0.6504
2025-10-01 22:55:33,545 - root - INFO - test loss: 0.5751
2025-10-01 22:55:33,545 - root - INFO - test average_precision, 0.7216
2025-10-01 22:55:33,545 - root - INFO - best test average_precision: 0.7287
2025-10-01 22:55:33,545 - root - INFO - test roc_auc, 0.7510
2025-10-01 22:55:33,545 - root - INFO - new node test loss: 0.6366
2025-10-01 22:55:33,545 - root - INFO - new node test average_precision, 0.6832
2025-10-01 22:55:33,545 - root - INFO - new node test roc_auc, 0.6952
2025-10-01 22:56:06,598 - root - INFO - Epoch: 57, learning rate: 0.0001, train loss: 0.5025
2025-10-01 22:56:06,599 - root - INFO - train average_precision, 0.7824
2025-10-01 22:56:06,599 - root - INFO - train roc_auc, 0.8189
2025-10-01 22:56:06,599 - root - INFO - validate loss: 0.5763
2025-10-01 22:56:06,599 - root - INFO - validate average_precision, 0.7082
2025-10-01 22:56:06,599 - root - INFO - validate roc_auc, 0.7494
2025-10-01 22:56:06,599 - root - INFO - new node validate loss: 0.6860
2025-10-01 22:56:06,599 - root - INFO - new node validate average_precision, 0.6246
2025-10-01 22:56:06,599 - root - INFO - new node validate roc_auc, 0.6290
2025-10-01 22:56:14,663 - root - INFO - test loss: 0.5731
2025-10-01 22:56:14,663 - root - INFO - test average_precision, 0.7205
2025-10-01 22:56:14,663 - root - INFO - best test average_precision: 0.7287
2025-10-01 22:56:14,663 - root - INFO - test roc_auc, 0.7508
2025-10-01 22:56:14,663 - root - INFO - new node test loss: 0.6352
2025-10-01 22:56:14,663 - root - INFO - new node test average_precision, 0.6745
2025-10-01 22:56:14,663 - root - INFO - new node test roc_auc, 0.6882
2025-10-01 22:56:47,649 - root - INFO - Epoch: 58, learning rate: 0.0001, train loss: 0.5010
2025-10-01 22:56:47,650 - root - INFO - train average_precision, 0.7851
2025-10-01 22:56:47,650 - root - INFO - train roc_auc, 0.8212
2025-10-01 22:56:47,650 - root - INFO - validate loss: 0.5731
2025-10-01 22:56:47,650 - root - INFO - validate average_precision, 0.7102
2025-10-01 22:56:47,650 - root - INFO - validate roc_auc, 0.7520
2025-10-01 22:56:47,650 - root - INFO - new node validate loss: 0.6882
2025-10-01 22:56:47,650 - root - INFO - new node validate average_precision, 0.6370
2025-10-01 22:56:47,650 - root - INFO - new node validate roc_auc, 0.6490
2025-10-01 22:56:55,698 - root - INFO - test loss: 0.5771
2025-10-01 22:56:55,698 - root - INFO - test average_precision, 0.7202
2025-10-01 22:56:55,698 - root - INFO - best test average_precision: 0.7287
2025-10-01 22:56:55,698 - root - INFO - test roc_auc, 0.7513
2025-10-01 22:56:55,698 - root - INFO - new node test loss: 0.6408
2025-10-01 22:56:55,698 - root - INFO - new node test average_precision, 0.6775
2025-10-01 22:56:55,698 - root - INFO - new node test roc_auc, 0.6940
2025-10-01 22:57:28,315 - root - INFO - Epoch: 59, learning rate: 0.0001, train loss: 0.5002
2025-10-01 22:57:28,315 - root - INFO - train average_precision, 0.7870
2025-10-01 22:57:28,315 - root - INFO - train roc_auc, 0.8222
2025-10-01 22:57:28,315 - root - INFO - validate loss: 0.5824
2025-10-01 22:57:28,315 - root - INFO - validate average_precision, 0.7036
2025-10-01 22:57:28,315 - root - INFO - validate roc_auc, 0.7444
2025-10-01 22:57:28,315 - root - INFO - new node validate loss: 0.6844
2025-10-01 22:57:28,315 - root - INFO - new node validate average_precision, 0.6348
2025-10-01 22:57:28,315 - root - INFO - new node validate roc_auc, 0.6388
2025-10-01 22:57:36,369 - root - INFO - test loss: 0.5787
2025-10-01 22:57:36,369 - root - INFO - test average_precision, 0.7168
2025-10-01 22:57:36,369 - root - INFO - best test average_precision: 0.7287
2025-10-01 22:57:36,369 - root - INFO - test roc_auc, 0.7478
2025-10-01 22:57:36,369 - root - INFO - new node test loss: 0.6322
2025-10-01 22:57:36,369 - root - INFO - new node test average_precision, 0.6866
2025-10-01 22:57:36,369 - root - INFO - new node test roc_auc, 0.6976
2025-10-01 22:58:09,047 - root - INFO - Epoch: 60, learning rate: 0.0001, train loss: 0.4989
2025-10-01 22:58:09,048 - root - INFO - train average_precision, 0.7883
2025-10-01 22:58:09,048 - root - INFO - train roc_auc, 0.8232
2025-10-01 22:58:09,048 - root - INFO - validate loss: 0.5723
2025-10-01 22:58:09,048 - root - INFO - validate average_precision, 0.7179
2025-10-01 22:58:09,048 - root - INFO - validate roc_auc, 0.7542
2025-10-01 22:58:09,048 - root - INFO - new node validate loss: 0.6856
2025-10-01 22:58:09,048 - root - INFO - new node validate average_precision, 0.6559
2025-10-01 22:58:09,048 - root - INFO - new node validate roc_auc, 0.6599
2025-10-01 22:58:17,074 - root - INFO - test loss: 0.5731
2025-10-01 22:58:17,074 - root - INFO - test average_precision, 0.7213
2025-10-01 22:58:17,074 - root - INFO - best test average_precision: 0.7287
2025-10-01 22:58:17,074 - root - INFO - test roc_auc, 0.7560
2025-10-01 22:58:17,074 - root - INFO - new node test loss: 0.6371
2025-10-01 22:58:17,074 - root - INFO - new node test average_precision, 0.6811
2025-10-01 22:58:17,074 - root - INFO - new node test roc_auc, 0.6976
2025-10-01 22:58:49,899 - root - INFO - Epoch: 61, learning rate: 0.0001, train loss: 0.5029
2025-10-01 22:58:49,899 - root - INFO - train average_precision, 0.7876
2025-10-01 22:58:49,899 - root - INFO - train roc_auc, 0.8204
2025-10-01 22:58:49,899 - root - INFO - validate loss: 0.5723
2025-10-01 22:58:49,899 - root - INFO - validate average_precision, 0.7177
2025-10-01 22:58:49,899 - root - INFO - validate roc_auc, 0.7548
2025-10-01 22:58:49,899 - root - INFO - new node validate loss: 0.6825
2025-10-01 22:58:49,899 - root - INFO - new node validate average_precision, 0.6426
2025-10-01 22:58:49,899 - root - INFO - new node validate roc_auc, 0.6448
2025-10-01 22:58:57,967 - root - INFO - test loss: 0.5720
2025-10-01 22:58:57,967 - root - INFO - test average_precision, 0.7238
2025-10-01 22:58:57,968 - root - INFO - best test average_precision: 0.7287
2025-10-01 22:58:57,968 - root - INFO - test roc_auc, 0.7554
2025-10-01 22:58:57,968 - root - INFO - new node test loss: 0.6335
2025-10-01 22:58:57,968 - root - INFO - new node test average_precision, 0.6748
2025-10-01 22:58:57,968 - root - INFO - new node test roc_auc, 0.6941
2025-10-01 22:59:31,029 - root - INFO - Epoch: 62, learning rate: 0.0001, train loss: 0.4975
2025-10-01 22:59:31,030 - root - INFO - train average_precision, 0.7882
2025-10-01 22:59:31,030 - root - INFO - train roc_auc, 0.8230
2025-10-01 22:59:31,030 - root - INFO - validate loss: 0.5750
2025-10-01 22:59:31,030 - root - INFO - validate average_precision, 0.7141
2025-10-01 22:59:31,030 - root - INFO - validate roc_auc, 0.7510
2025-10-01 22:59:31,030 - root - INFO - new node validate loss: 0.6824
2025-10-01 22:59:31,030 - root - INFO - new node validate average_precision, 0.6547
2025-10-01 22:59:31,030 - root - INFO - new node validate roc_auc, 0.6590
2025-10-01 22:59:39,105 - root - INFO - test loss: 0.5787
2025-10-01 22:59:39,105 - root - INFO - test average_precision, 0.7131
2025-10-01 22:59:39,105 - root - INFO - best test average_precision: 0.7287
2025-10-01 22:59:39,105 - root - INFO - test roc_auc, 0.7473
2025-10-01 22:59:39,105 - root - INFO - new node test loss: 0.6343
2025-10-01 22:59:39,105 - root - INFO - new node test average_precision, 0.6772
2025-10-01 22:59:39,105 - root - INFO - new node test roc_auc, 0.6971
2025-10-01 23:00:12,001 - root - INFO - Epoch: 63, learning rate: 0.0001, train loss: 0.5004
2025-10-01 23:00:12,001 - root - INFO - train average_precision, 0.7858
2025-10-01 23:00:12,001 - root - INFO - train roc_auc, 0.8208
2025-10-01 23:00:12,001 - root - INFO - validate loss: 0.5732
2025-10-01 23:00:12,001 - root - INFO - validate average_precision, 0.7225
2025-10-01 23:00:12,001 - root - INFO - validate roc_auc, 0.7555
2025-10-01 23:00:12,001 - root - INFO - new node validate loss: 0.6896
2025-10-01 23:00:12,001 - root - INFO - new node validate average_precision, 0.6438
2025-10-01 23:00:12,001 - root - INFO - new node validate roc_auc, 0.6451
2025-10-01 23:00:20,055 - root - INFO - test loss: 0.5709
2025-10-01 23:00:20,056 - root - INFO - test average_precision, 0.7314
2025-10-01 23:00:20,056 - root - INFO - best test average_precision: 0.7314
2025-10-01 23:00:20,056 - root - INFO - test roc_auc, 0.7592
2025-10-01 23:00:20,056 - root - INFO - new node test loss: 0.6372
2025-10-01 23:00:20,056 - root - INFO - new node test average_precision, 0.6819
2025-10-01 23:00:20,056 - root - INFO - new node test roc_auc, 0.6966
2025-10-01 23:00:52,906 - root - INFO - Epoch: 64, learning rate: 0.0001, train loss: 0.4980
2025-10-01 23:00:52,906 - root - INFO - train average_precision, 0.7909
2025-10-01 23:00:52,906 - root - INFO - train roc_auc, 0.8248
2025-10-01 23:00:52,906 - root - INFO - validate loss: 0.5758
2025-10-01 23:00:52,906 - root - INFO - validate average_precision, 0.7119
2025-10-01 23:00:52,906 - root - INFO - validate roc_auc, 0.7516
2025-10-01 23:00:52,906 - root - INFO - new node validate loss: 0.6864
2025-10-01 23:00:52,906 - root - INFO - new node validate average_precision, 0.6264
2025-10-01 23:00:52,906 - root - INFO - new node validate roc_auc, 0.6387
2025-10-01 23:01:00,985 - root - INFO - test loss: 0.5697
2025-10-01 23:01:00,985 - root - INFO - test average_precision, 0.7218
2025-10-01 23:01:00,985 - root - INFO - best test average_precision: 0.7314
2025-10-01 23:01:00,985 - root - INFO - test roc_auc, 0.7572
2025-10-01 23:01:00,985 - root - INFO - new node test loss: 0.6338
2025-10-01 23:01:00,985 - root - INFO - new node test average_precision, 0.6678
2025-10-01 23:01:00,985 - root - INFO - new node test roc_auc, 0.6907
2025-10-01 23:01:33,650 - root - INFO - Epoch: 65, learning rate: 0.0001, train loss: 0.4983
2025-10-01 23:01:33,650 - root - INFO - train average_precision, 0.7880
2025-10-01 23:01:33,650 - root - INFO - train roc_auc, 0.8230
2025-10-01 23:01:33,650 - root - INFO - validate loss: 0.5718
2025-10-01 23:01:33,651 - root - INFO - validate average_precision, 0.7232
2025-10-01 23:01:33,651 - root - INFO - validate roc_auc, 0.7559
2025-10-01 23:01:33,651 - root - INFO - new node validate loss: 0.6824
2025-10-01 23:01:33,651 - root - INFO - new node validate average_precision, 0.6417
2025-10-01 23:01:33,651 - root - INFO - new node validate roc_auc, 0.6414
2025-10-01 23:01:41,691 - root - INFO - test loss: 0.5690
2025-10-01 23:01:41,691 - root - INFO - test average_precision, 0.7360
2025-10-01 23:01:41,691 - root - INFO - best test average_precision: 0.7360
2025-10-01 23:01:41,691 - root - INFO - test roc_auc, 0.7617
2025-10-01 23:01:41,692 - root - INFO - new node test loss: 0.6287
2025-10-01 23:01:41,692 - root - INFO - new node test average_precision, 0.6926
2025-10-01 23:01:41,692 - root - INFO - new node test roc_auc, 0.7057
2025-10-01 23:02:14,344 - root - INFO - Epoch: 66, learning rate: 0.0001, train loss: 0.5004
2025-10-01 23:02:14,344 - root - INFO - train average_precision, 0.7892
2025-10-01 23:02:14,345 - root - INFO - train roc_auc, 0.8231
2025-10-01 23:02:14,345 - root - INFO - validate loss: 0.5792
2025-10-01 23:02:14,345 - root - INFO - validate average_precision, 0.7144
2025-10-01 23:02:14,345 - root - INFO - validate roc_auc, 0.7511
2025-10-01 23:02:14,345 - root - INFO - new node validate loss: 0.6846
2025-10-01 23:02:14,345 - root - INFO - new node validate average_precision, 0.6563
2025-10-01 23:02:14,345 - root - INFO - new node validate roc_auc, 0.6636
2025-10-01 23:02:22,377 - root - INFO - test loss: 0.5749
2025-10-01 23:02:22,378 - root - INFO - test average_precision, 0.7225
2025-10-01 23:02:22,378 - root - INFO - best test average_precision: 0.7360
2025-10-01 23:02:22,378 - root - INFO - test roc_auc, 0.7527
2025-10-01 23:02:22,378 - root - INFO - new node test loss: 0.6306
2025-10-01 23:02:22,378 - root - INFO - new node test average_precision, 0.6837
2025-10-01 23:02:22,378 - root - INFO - new node test roc_auc, 0.7043
2025-10-01 23:02:54,996 - root - INFO - Epoch: 67, learning rate: 0.0001, train loss: 0.5005
2025-10-01 23:02:54,996 - root - INFO - train average_precision, 0.7846
2025-10-01 23:02:54,996 - root - INFO - train roc_auc, 0.8205
2025-10-01 23:02:54,996 - root - INFO - validate loss: 0.5671
2025-10-01 23:02:54,996 - root - INFO - validate average_precision, 0.7281
2025-10-01 23:02:54,996 - root - INFO - validate roc_auc, 0.7610
2025-10-01 23:02:54,996 - root - INFO - new node validate loss: 0.6731
2025-10-01 23:02:54,996 - root - INFO - new node validate average_precision, 0.6559
2025-10-01 23:02:54,996 - root - INFO - new node validate roc_auc, 0.6698
2025-10-01 23:03:03,034 - root - INFO - test loss: 0.5722
2025-10-01 23:03:03,034 - root - INFO - test average_precision, 0.7269
2025-10-01 23:03:03,034 - root - INFO - best test average_precision: 0.7360
2025-10-01 23:03:03,034 - root - INFO - test roc_auc, 0.7572
2025-10-01 23:03:03,034 - root - INFO - new node test loss: 0.6276
2025-10-01 23:03:03,034 - root - INFO - new node test average_precision, 0.6874
2025-10-01 23:03:03,034 - root - INFO - new node test roc_auc, 0.7013
2025-10-01 23:03:03,034 - root - INFO - save model ./saved_models/TGAT/uci/TGAT_original_seed1/TGAT_original_seed1.pkl
2025-10-01 23:03:35,902 - root - INFO - Epoch: 68, learning rate: 0.0001, train loss: 0.4991
2025-10-01 23:03:35,903 - root - INFO - train average_precision, 0.7904
2025-10-01 23:03:35,903 - root - INFO - train roc_auc, 0.8242
2025-10-01 23:03:35,903 - root - INFO - validate loss: 0.5734
2025-10-01 23:03:35,903 - root - INFO - validate average_precision, 0.7233
2025-10-01 23:03:35,903 - root - INFO - validate roc_auc, 0.7567
2025-10-01 23:03:35,903 - root - INFO - new node validate loss: 0.6906
2025-10-01 23:03:35,903 - root - INFO - new node validate average_precision, 0.6429
2025-10-01 23:03:35,903 - root - INFO - new node validate roc_auc, 0.6549
2025-10-01 23:03:43,947 - root - INFO - test loss: 0.5688
2025-10-01 23:03:43,948 - root - INFO - test average_precision, 0.7322
2025-10-01 23:03:43,948 - root - INFO - best test average_precision: 0.7360
2025-10-01 23:03:43,948 - root - INFO - test roc_auc, 0.7607
2025-10-01 23:03:43,948 - root - INFO - new node test loss: 0.6250
2025-10-01 23:03:43,948 - root - INFO - new node test average_precision, 0.7005
2025-10-01 23:03:43,948 - root - INFO - new node test roc_auc, 0.7130
2025-10-01 23:04:16,655 - root - INFO - Epoch: 69, learning rate: 0.0001, train loss: 0.5021
2025-10-01 23:04:16,655 - root - INFO - train average_precision, 0.7833
2025-10-01 23:04:16,656 - root - INFO - train roc_auc, 0.8192
2025-10-01 23:04:16,656 - root - INFO - validate loss: 0.5674
2025-10-01 23:04:16,656 - root - INFO - validate average_precision, 0.7235
2025-10-01 23:04:16,656 - root - INFO - validate roc_auc, 0.7593
2025-10-01 23:04:16,656 - root - INFO - new node validate loss: 0.6788
2025-10-01 23:04:16,656 - root - INFO - new node validate average_precision, 0.6525
2025-10-01 23:04:16,656 - root - INFO - new node validate roc_auc, 0.6521
2025-10-01 23:04:24,718 - root - INFO - test loss: 0.5670
2025-10-01 23:04:24,718 - root - INFO - test average_precision, 0.7387
2025-10-01 23:04:24,718 - root - INFO - best test average_precision: 0.7387
2025-10-01 23:04:24,718 - root - INFO - test roc_auc, 0.7650
2025-10-01 23:04:24,718 - root - INFO - new node test loss: 0.6306
2025-10-01 23:04:24,719 - root - INFO - new node test average_precision, 0.6893
2025-10-01 23:04:24,719 - root - INFO - new node test roc_auc, 0.7029
2025-10-01 23:04:57,777 - root - INFO - Epoch: 70, learning rate: 0.0001, train loss: 0.4988
2025-10-01 23:04:57,777 - root - INFO - train average_precision, 0.7899
2025-10-01 23:04:57,777 - root - INFO - train roc_auc, 0.8239
2025-10-01 23:04:57,777 - root - INFO - validate loss: 0.5763
2025-10-01 23:04:57,777 - root - INFO - validate average_precision, 0.7105
2025-10-01 23:04:57,777 - root - INFO - validate roc_auc, 0.7512
2025-10-01 23:04:57,777 - root - INFO - new node validate loss: 0.6852
2025-10-01 23:04:57,777 - root - INFO - new node validate average_precision, 0.6444
2025-10-01 23:04:57,777 - root - INFO - new node validate roc_auc, 0.6457
2025-10-01 23:05:05,814 - root - INFO - test loss: 0.5670
2025-10-01 23:05:05,814 - root - INFO - test average_precision, 0.7276
2025-10-01 23:05:05,814 - root - INFO - best test average_precision: 0.7387
2025-10-01 23:05:05,814 - root - INFO - test roc_auc, 0.7626
2025-10-01 23:05:05,814 - root - INFO - new node test loss: 0.6261
2025-10-01 23:05:05,814 - root - INFO - new node test average_precision, 0.6923
2025-10-01 23:05:05,814 - root - INFO - new node test roc_auc, 0.7082
2025-10-01 23:05:38,877 - root - INFO - Epoch: 71, learning rate: 0.0001, train loss: 0.4987
2025-10-01 23:05:38,877 - root - INFO - train average_precision, 0.7893
2025-10-01 23:05:38,877 - root - INFO - train roc_auc, 0.8228
2025-10-01 23:05:38,878 - root - INFO - validate loss: 0.5745
2025-10-01 23:05:38,878 - root - INFO - validate average_precision, 0.7145
2025-10-01 23:05:38,878 - root - INFO - validate roc_auc, 0.7538
2025-10-01 23:05:38,878 - root - INFO - new node validate loss: 0.6826
2025-10-01 23:05:38,878 - root - INFO - new node validate average_precision, 0.6479
2025-10-01 23:05:38,878 - root - INFO - new node validate roc_auc, 0.6508
2025-10-01 23:05:46,900 - root - INFO - test loss: 0.5667
2025-10-01 23:05:46,900 - root - INFO - test average_precision, 0.7259
2025-10-01 23:05:46,900 - root - INFO - best test average_precision: 0.7387
2025-10-01 23:05:46,900 - root - INFO - test roc_auc, 0.7602
2025-10-01 23:05:46,900 - root - INFO - new node test loss: 0.6314
2025-10-01 23:05:46,900 - root - INFO - new node test average_precision, 0.6819
2025-10-01 23:05:46,900 - root - INFO - new node test roc_auc, 0.6995
2025-10-01 23:06:19,601 - root - INFO - Epoch: 72, learning rate: 0.0001, train loss: 0.4973
2025-10-01 23:06:19,601 - root - INFO - train average_precision, 0.7934
2025-10-01 23:06:19,601 - root - INFO - train roc_auc, 0.8248
2025-10-01 23:06:19,601 - root - INFO - validate loss: 0.5710
2025-10-01 23:06:19,601 - root - INFO - validate average_precision, 0.7215
2025-10-01 23:06:19,601 - root - INFO - validate roc_auc, 0.7575
2025-10-01 23:06:19,601 - root - INFO - new node validate loss: 0.6679
2025-10-01 23:06:19,601 - root - INFO - new node validate average_precision, 0.6608
2025-10-01 23:06:19,601 - root - INFO - new node validate roc_auc, 0.6590
2025-10-01 23:06:27,648 - root - INFO - test loss: 0.5697
2025-10-01 23:06:27,648 - root - INFO - test average_precision, 0.7357
2025-10-01 23:06:27,648 - root - INFO - best test average_precision: 0.7387
2025-10-01 23:06:27,648 - root - INFO - test roc_auc, 0.7623
2025-10-01 23:06:27,648 - root - INFO - new node test loss: 0.6307
2025-10-01 23:06:27,648 - root - INFO - new node test average_precision, 0.6871
2025-10-01 23:06:27,648 - root - INFO - new node test roc_auc, 0.7010
2025-10-01 23:07:00,397 - root - INFO - Epoch: 73, learning rate: 0.0001, train loss: 0.4954
2025-10-01 23:07:00,397 - root - INFO - train average_precision, 0.7928
2025-10-01 23:07:00,397 - root - INFO - train roc_auc, 0.8260
2025-10-01 23:07:00,397 - root - INFO - validate loss: 0.5728
2025-10-01 23:07:00,397 - root - INFO - validate average_precision, 0.7222
2025-10-01 23:07:00,397 - root - INFO - validate roc_auc, 0.7554
2025-10-01 23:07:00,397 - root - INFO - new node validate loss: 0.6744
2025-10-01 23:07:00,397 - root - INFO - new node validate average_precision, 0.6638
2025-10-01 23:07:00,397 - root - INFO - new node validate roc_auc, 0.6664
2025-10-01 23:07:08,440 - root - INFO - test loss: 0.5690
2025-10-01 23:07:08,440 - root - INFO - test average_precision, 0.7251
2025-10-01 23:07:08,440 - root - INFO - best test average_precision: 0.7387
2025-10-01 23:07:08,441 - root - INFO - test roc_auc, 0.7581
2025-10-01 23:07:08,441 - root - INFO - new node test loss: 0.6294
2025-10-01 23:07:08,441 - root - INFO - new node test average_precision, 0.6836
2025-10-01 23:07:08,441 - root - INFO - new node test roc_auc, 0.7020
2025-10-01 23:07:41,199 - root - INFO - Epoch: 74, learning rate: 0.0001, train loss: 0.4973
2025-10-01 23:07:41,199 - root - INFO - train average_precision, 0.7914
2025-10-01 23:07:41,199 - root - INFO - train roc_auc, 0.8256
2025-10-01 23:07:41,199 - root - INFO - validate loss: 0.5716
2025-10-01 23:07:41,199 - root - INFO - validate average_precision, 0.7263
2025-10-01 23:07:41,199 - root - INFO - validate roc_auc, 0.7592
2025-10-01 23:07:41,199 - root - INFO - new node validate loss: 0.6776
2025-10-01 23:07:41,199 - root - INFO - new node validate average_precision, 0.6506
2025-10-01 23:07:41,199 - root - INFO - new node validate roc_auc, 0.6521
2025-10-01 23:07:49,245 - root - INFO - test loss: 0.5633
2025-10-01 23:07:49,245 - root - INFO - test average_precision, 0.7413
2025-10-01 23:07:49,246 - root - INFO - best test average_precision: 0.7413
2025-10-01 23:07:49,246 - root - INFO - test roc_auc, 0.7679
2025-10-01 23:07:49,246 - root - INFO - new node test loss: 0.6308
2025-10-01 23:07:49,246 - root - INFO - new node test average_precision, 0.6945
2025-10-01 23:07:49,246 - root - INFO - new node test roc_auc, 0.7075
2025-10-01 23:08:21,899 - root - INFO - Epoch: 75, learning rate: 0.0001, train loss: 0.4962
2025-10-01 23:08:21,899 - root - INFO - train average_precision, 0.7938
2025-10-01 23:08:21,899 - root - INFO - train roc_auc, 0.8258
2025-10-01 23:08:21,899 - root - INFO - validate loss: 0.5654
2025-10-01 23:08:21,899 - root - INFO - validate average_precision, 0.7233
2025-10-01 23:08:21,900 - root - INFO - validate roc_auc, 0.7622
2025-10-01 23:08:21,900 - root - INFO - new node validate loss: 0.6758
2025-10-01 23:08:21,900 - root - INFO - new node validate average_precision, 0.6499
2025-10-01 23:08:21,900 - root - INFO - new node validate roc_auc, 0.6531
2025-10-01 23:08:29,986 - root - INFO - test loss: 0.5658
2025-10-01 23:08:29,986 - root - INFO - test average_precision, 0.7418
2025-10-01 23:08:29,986 - root - INFO - best test average_precision: 0.7418
2025-10-01 23:08:29,986 - root - INFO - test roc_auc, 0.7654
2025-10-01 23:08:29,986 - root - INFO - new node test loss: 0.6248
2025-10-01 23:08:29,986 - root - INFO - new node test average_precision, 0.6974
2025-10-01 23:08:29,987 - root - INFO - new node test roc_auc, 0.7093
2025-10-01 23:09:02,697 - root - INFO - Epoch: 76, learning rate: 0.0001, train loss: 0.4946
2025-10-01 23:09:02,698 - root - INFO - train average_precision, 0.7908
2025-10-01 23:09:02,698 - root - INFO - train roc_auc, 0.8255
2025-10-01 23:09:02,698 - root - INFO - validate loss: 0.5632
2025-10-01 23:09:02,698 - root - INFO - validate average_precision, 0.7374
2025-10-01 23:09:02,698 - root - INFO - validate roc_auc, 0.7687
2025-10-01 23:09:02,698 - root - INFO - new node validate loss: 0.6724
2025-10-01 23:09:02,698 - root - INFO - new node validate average_precision, 0.6661
2025-10-01 23:09:02,698 - root - INFO - new node validate roc_auc, 0.6765
2025-10-01 23:09:10,774 - root - INFO - test loss: 0.5661
2025-10-01 23:09:10,774 - root - INFO - test average_precision, 0.7356
2025-10-01 23:09:10,774 - root - INFO - best test average_precision: 0.7418
2025-10-01 23:09:10,774 - root - INFO - test roc_auc, 0.7647
2025-10-01 23:09:10,774 - root - INFO - new node test loss: 0.6353
2025-10-01 23:09:10,774 - root - INFO - new node test average_precision, 0.6862
2025-10-01 23:09:10,774 - root - INFO - new node test roc_auc, 0.7011
2025-10-01 23:09:10,775 - root - INFO - save model ./saved_models/TGAT/uci/TGAT_original_seed1/TGAT_original_seed1.pkl
2025-10-01 23:09:43,451 - root - INFO - Epoch: 77, learning rate: 0.0001, train loss: 0.4934
2025-10-01 23:09:43,451 - root - INFO - train average_precision, 0.7928
2025-10-01 23:09:43,451 - root - INFO - train roc_auc, 0.8281
2025-10-01 23:09:43,451 - root - INFO - validate loss: 0.5677
2025-10-01 23:09:43,451 - root - INFO - validate average_precision, 0.7279
2025-10-01 23:09:43,451 - root - INFO - validate roc_auc, 0.7610
2025-10-01 23:09:43,451 - root - INFO - new node validate loss: 0.6810
2025-10-01 23:09:43,451 - root - INFO - new node validate average_precision, 0.6352
2025-10-01 23:09:43,452 - root - INFO - new node validate roc_auc, 0.6469
2025-10-01 23:09:51,481 - root - INFO - test loss: 0.5638
2025-10-01 23:09:51,481 - root - INFO - test average_precision, 0.7407
2025-10-01 23:09:51,482 - root - INFO - best test average_precision: 0.7418
2025-10-01 23:09:51,482 - root - INFO - test roc_auc, 0.7684
2025-10-01 23:09:51,482 - root - INFO - new node test loss: 0.6259
2025-10-01 23:09:51,482 - root - INFO - new node test average_precision, 0.6984
2025-10-01 23:09:51,482 - root - INFO - new node test roc_auc, 0.7108
2025-10-01 23:10:24,218 - root - INFO - Epoch: 78, learning rate: 0.0001, train loss: 0.4961
2025-10-01 23:10:24,218 - root - INFO - train average_precision, 0.7941
2025-10-01 23:10:24,218 - root - INFO - train roc_auc, 0.8259
2025-10-01 23:10:24,218 - root - INFO - validate loss: 0.5680
2025-10-01 23:10:24,218 - root - INFO - validate average_precision, 0.7277
2025-10-01 23:10:24,219 - root - INFO - validate roc_auc, 0.7604
2025-10-01 23:10:24,219 - root - INFO - new node validate loss: 0.6741
2025-10-01 23:10:24,219 - root - INFO - new node validate average_precision, 0.6554
2025-10-01 23:10:24,219 - root - INFO - new node validate roc_auc, 0.6541
2025-10-01 23:10:32,304 - root - INFO - test loss: 0.5608
2025-10-01 23:10:32,304 - root - INFO - test average_precision, 0.7438
2025-10-01 23:10:32,304 - root - INFO - best test average_precision: 0.7438
2025-10-01 23:10:32,304 - root - INFO - test roc_auc, 0.7704
2025-10-01 23:10:32,304 - root - INFO - new node test loss: 0.6280
2025-10-01 23:10:32,304 - root - INFO - new node test average_precision, 0.7022
2025-10-01 23:10:32,304 - root - INFO - new node test roc_auc, 0.7083
2025-10-01 23:11:05,258 - root - INFO - Epoch: 79, learning rate: 0.0001, train loss: 0.4946
2025-10-01 23:11:05,258 - root - INFO - train average_precision, 0.7953
2025-10-01 23:11:05,258 - root - INFO - train roc_auc, 0.8283
2025-10-01 23:11:05,258 - root - INFO - validate loss: 0.5669
2025-10-01 23:11:05,258 - root - INFO - validate average_precision, 0.7355
2025-10-01 23:11:05,259 - root - INFO - validate roc_auc, 0.7654
2025-10-01 23:11:05,259 - root - INFO - new node validate loss: 0.6744
2025-10-01 23:11:05,259 - root - INFO - new node validate average_precision, 0.6572
2025-10-01 23:11:05,259 - root - INFO - new node validate roc_auc, 0.6682
2025-10-01 23:11:13,309 - root - INFO - test loss: 0.5665
2025-10-01 23:11:13,309 - root - INFO - test average_precision, 0.7391
2025-10-01 23:11:13,309 - root - INFO - best test average_precision: 0.7438
2025-10-01 23:11:13,310 - root - INFO - test roc_auc, 0.7665
2025-10-01 23:11:13,310 - root - INFO - new node test loss: 0.6285
2025-10-01 23:11:13,310 - root - INFO - new node test average_precision, 0.6988
2025-10-01 23:11:13,310 - root - INFO - new node test roc_auc, 0.7104
2025-10-01 23:11:46,096 - root - INFO - Epoch: 80, learning rate: 0.0001, train loss: 0.4973
2025-10-01 23:11:46,096 - root - INFO - train average_precision, 0.7933
2025-10-01 23:11:46,096 - root - INFO - train roc_auc, 0.8261
2025-10-01 23:11:46,096 - root - INFO - validate loss: 0.5662
2025-10-01 23:11:46,096 - root - INFO - validate average_precision, 0.7368
2025-10-01 23:11:46,097 - root - INFO - validate roc_auc, 0.7671
2025-10-01 23:11:46,097 - root - INFO - new node validate loss: 0.6798
2025-10-01 23:11:46,097 - root - INFO - new node validate average_precision, 0.6525
2025-10-01 23:11:46,097 - root - INFO - new node validate roc_auc, 0.6523
2025-10-01 23:11:54,160 - root - INFO - test loss: 0.5649
2025-10-01 23:11:54,161 - root - INFO - test average_precision, 0.7400
2025-10-01 23:11:54,161 - root - INFO - best test average_precision: 0.7438
2025-10-01 23:11:54,161 - root - INFO - test roc_auc, 0.7669
2025-10-01 23:11:54,161 - root - INFO - new node test loss: 0.6210
2025-10-01 23:11:54,161 - root - INFO - new node test average_precision, 0.7018
2025-10-01 23:11:54,161 - root - INFO - new node test roc_auc, 0.7174
2025-10-01 23:12:26,900 - root - INFO - Epoch: 81, learning rate: 0.0001, train loss: 0.4994
2025-10-01 23:12:26,900 - root - INFO - train average_precision, 0.7879
2025-10-01 23:12:26,900 - root - INFO - train roc_auc, 0.8233
2025-10-01 23:12:26,900 - root - INFO - validate loss: 0.5663
2025-10-01 23:12:26,900 - root - INFO - validate average_precision, 0.7308
2025-10-01 23:12:26,900 - root - INFO - validate roc_auc, 0.7633
2025-10-01 23:12:26,900 - root - INFO - new node validate loss: 0.6882
2025-10-01 23:12:26,901 - root - INFO - new node validate average_precision, 0.6424
2025-10-01 23:12:26,901 - root - INFO - new node validate roc_auc, 0.6389
2025-10-01 23:12:34,923 - root - INFO - test loss: 0.5662
2025-10-01 23:12:34,923 - root - INFO - test average_precision, 0.7396
2025-10-01 23:12:34,923 - root - INFO - best test average_precision: 0.7438
2025-10-01 23:12:34,923 - root - INFO - test roc_auc, 0.7667
2025-10-01 23:12:34,923 - root - INFO - new node test loss: 0.6292
2025-10-01 23:12:34,923 - root - INFO - new node test average_precision, 0.6922
2025-10-01 23:12:34,923 - root - INFO - new node test roc_auc, 0.7076
2025-10-01 23:13:07,631 - root - INFO - Epoch: 82, learning rate: 0.0001, train loss: 0.4934
2025-10-01 23:13:07,632 - root - INFO - train average_precision, 0.7977
2025-10-01 23:13:07,632 - root - INFO - train roc_auc, 0.8287
2025-10-01 23:13:07,632 - root - INFO - validate loss: 0.5711
2025-10-01 23:13:07,632 - root - INFO - validate average_precision, 0.7222
2025-10-01 23:13:07,632 - root - INFO - validate roc_auc, 0.7590
2025-10-01 23:13:07,632 - root - INFO - new node validate loss: 0.6767
2025-10-01 23:13:07,632 - root - INFO - new node validate average_precision, 0.6561
2025-10-01 23:13:07,632 - root - INFO - new node validate roc_auc, 0.6717
2025-10-01 23:13:15,683 - root - INFO - test loss: 0.5641
2025-10-01 23:13:15,683 - root - INFO - test average_precision, 0.7441
2025-10-01 23:13:15,683 - root - INFO - best test average_precision: 0.7441
2025-10-01 23:13:15,683 - root - INFO - test roc_auc, 0.7700
2025-10-01 23:13:15,683 - root - INFO - new node test loss: 0.6319
2025-10-01 23:13:15,683 - root - INFO - new node test average_precision, 0.6957
2025-10-01 23:13:15,683 - root - INFO - new node test roc_auc, 0.7095
2025-10-01 23:13:48,535 - root - INFO - Epoch: 83, learning rate: 0.0001, train loss: 0.4949
2025-10-01 23:13:48,535 - root - INFO - train average_precision, 0.7989
2025-10-01 23:13:48,535 - root - INFO - train roc_auc, 0.8289
2025-10-01 23:13:48,535 - root - INFO - validate loss: 0.5659
2025-10-01 23:13:48,535 - root - INFO - validate average_precision, 0.7316
2025-10-01 23:13:48,535 - root - INFO - validate roc_auc, 0.7639
2025-10-01 23:13:48,535 - root - INFO - new node validate loss: 0.6723
2025-10-01 23:13:48,535 - root - INFO - new node validate average_precision, 0.6621
2025-10-01 23:13:48,535 - root - INFO - new node validate roc_auc, 0.6677
2025-10-01 23:13:56,617 - root - INFO - test loss: 0.5669
2025-10-01 23:13:56,617 - root - INFO - test average_precision, 0.7389
2025-10-01 23:13:56,617 - root - INFO - best test average_precision: 0.7441
2025-10-01 23:13:56,617 - root - INFO - test roc_auc, 0.7647
2025-10-01 23:13:56,618 - root - INFO - new node test loss: 0.6217
2025-10-01 23:13:56,618 - root - INFO - new node test average_precision, 0.7049
2025-10-01 23:13:56,618 - root - INFO - new node test roc_auc, 0.7160
2025-10-01 23:14:29,275 - root - INFO - Epoch: 84, learning rate: 0.0001, train loss: 0.4936
2025-10-01 23:14:29,275 - root - INFO - train average_precision, 0.8001
2025-10-01 23:14:29,275 - root - INFO - train roc_auc, 0.8298
2025-10-01 23:14:29,275 - root - INFO - validate loss: 0.5614
2025-10-01 23:14:29,275 - root - INFO - validate average_precision, 0.7452
2025-10-01 23:14:29,275 - root - INFO - validate roc_auc, 0.7719
2025-10-01 23:14:29,275 - root - INFO - new node validate loss: 0.6751
2025-10-01 23:14:29,275 - root - INFO - new node validate average_precision, 0.6598
2025-10-01 23:14:29,275 - root - INFO - new node validate roc_auc, 0.6683
2025-10-01 23:14:37,311 - root - INFO - test loss: 0.5661
2025-10-01 23:14:37,311 - root - INFO - test average_precision, 0.7389
2025-10-01 23:14:37,311 - root - INFO - best test average_precision: 0.7441
2025-10-01 23:14:37,311 - root - INFO - test roc_auc, 0.7656
2025-10-01 23:14:37,311 - root - INFO - new node test loss: 0.6285
2025-10-01 23:14:37,311 - root - INFO - new node test average_precision, 0.6990
2025-10-01 23:14:37,311 - root - INFO - new node test roc_auc, 0.7123
2025-10-01 23:14:37,311 - root - INFO - save model ./saved_models/TGAT/uci/TGAT_original_seed1/TGAT_original_seed1.pkl
2025-10-01 23:15:10,031 - root - INFO - Epoch: 85, learning rate: 0.0001, train loss: 0.4956
2025-10-01 23:15:10,031 - root - INFO - train average_precision, 0.7980
2025-10-01 23:15:10,031 - root - INFO - train roc_auc, 0.8272
2025-10-01 23:15:10,031 - root - INFO - validate loss: 0.5673
2025-10-01 23:15:10,031 - root - INFO - validate average_precision, 0.7361
2025-10-01 23:15:10,031 - root - INFO - validate roc_auc, 0.7636
2025-10-01 23:15:10,031 - root - INFO - new node validate loss: 0.6767
2025-10-01 23:15:10,031 - root - INFO - new node validate average_precision, 0.6594
2025-10-01 23:15:10,031 - root - INFO - new node validate roc_auc, 0.6637
2025-10-01 23:15:18,085 - root - INFO - test loss: 0.5688
2025-10-01 23:15:18,085 - root - INFO - test average_precision, 0.7313
2025-10-01 23:15:18,085 - root - INFO - best test average_precision: 0.7441
2025-10-01 23:15:18,085 - root - INFO - test roc_auc, 0.7584
2025-10-01 23:15:18,085 - root - INFO - new node test loss: 0.6273
2025-10-01 23:15:18,085 - root - INFO - new node test average_precision, 0.7003
2025-10-01 23:15:18,085 - root - INFO - new node test roc_auc, 0.7100
2025-10-01 23:15:50,786 - root - INFO - Epoch: 86, learning rate: 0.0001, train loss: 0.4936
2025-10-01 23:15:50,786 - root - INFO - train average_precision, 0.8005
2025-10-01 23:15:50,786 - root - INFO - train roc_auc, 0.8298
2025-10-01 23:15:50,786 - root - INFO - validate loss: 0.5669
2025-10-01 23:15:50,786 - root - INFO - validate average_precision, 0.7333
2025-10-01 23:15:50,787 - root - INFO - validate roc_auc, 0.7644
2025-10-01 23:15:50,787 - root - INFO - new node validate loss: 0.6786
2025-10-01 23:15:50,787 - root - INFO - new node validate average_precision, 0.6631
2025-10-01 23:15:50,787 - root - INFO - new node validate roc_auc, 0.6675
2025-10-01 23:15:58,824 - root - INFO - test loss: 0.5628
2025-10-01 23:15:58,825 - root - INFO - test average_precision, 0.7441
2025-10-01 23:15:58,825 - root - INFO - best test average_precision: 0.7441
2025-10-01 23:15:58,825 - root - INFO - test roc_auc, 0.7693
2025-10-01 23:15:58,825 - root - INFO - new node test loss: 0.6207
2025-10-01 23:15:58,825 - root - INFO - new node test average_precision, 0.7052
2025-10-01 23:15:58,825 - root - INFO - new node test roc_auc, 0.7195
2025-10-01 23:16:31,580 - root - INFO - Epoch: 87, learning rate: 0.0001, train loss: 0.4950
2025-10-01 23:16:31,580 - root - INFO - train average_precision, 0.7967
2025-10-01 23:16:31,580 - root - INFO - train roc_auc, 0.8274
2025-10-01 23:16:31,580 - root - INFO - validate loss: 0.5614
2025-10-01 23:16:31,580 - root - INFO - validate average_precision, 0.7366
2025-10-01 23:16:31,580 - root - INFO - validate roc_auc, 0.7680
2025-10-01 23:16:31,581 - root - INFO - new node validate loss: 0.6802
2025-10-01 23:16:31,581 - root - INFO - new node validate average_precision, 0.6584
2025-10-01 23:16:31,581 - root - INFO - new node validate roc_auc, 0.6608
2025-10-01 23:16:39,626 - root - INFO - test loss: 0.5642
2025-10-01 23:16:39,626 - root - INFO - test average_precision, 0.7415
2025-10-01 23:16:39,626 - root - INFO - best test average_precision: 0.7441
2025-10-01 23:16:39,626 - root - INFO - test roc_auc, 0.7671
2025-10-01 23:16:39,626 - root - INFO - new node test loss: 0.6320
2025-10-01 23:16:39,626 - root - INFO - new node test average_precision, 0.6893
2025-10-01 23:16:39,626 - root - INFO - new node test roc_auc, 0.7045
2025-10-01 23:17:12,737 - root - INFO - Epoch: 88, learning rate: 0.0001, train loss: 0.4894
2025-10-01 23:17:12,738 - root - INFO - train average_precision, 0.8040
2025-10-01 23:17:12,738 - root - INFO - train roc_auc, 0.8324
2025-10-01 23:17:12,738 - root - INFO - validate loss: 0.5607
2025-10-01 23:17:12,738 - root - INFO - validate average_precision, 0.7440
2025-10-01 23:17:12,738 - root - INFO - validate roc_auc, 0.7717
2025-10-01 23:17:12,738 - root - INFO - new node validate loss: 0.6749
2025-10-01 23:17:12,738 - root - INFO - new node validate average_precision, 0.6743
2025-10-01 23:17:12,738 - root - INFO - new node validate roc_auc, 0.6682
2025-10-01 23:17:20,815 - root - INFO - test loss: 0.5650
2025-10-01 23:17:20,815 - root - INFO - test average_precision, 0.7438
2025-10-01 23:17:20,815 - root - INFO - best test average_precision: 0.7441
2025-10-01 23:17:20,815 - root - INFO - test roc_auc, 0.7672
2025-10-01 23:17:20,815 - root - INFO - new node test loss: 0.6204
2025-10-01 23:17:20,815 - root - INFO - new node test average_precision, 0.7142
2025-10-01 23:17:20,815 - root - INFO - new node test roc_auc, 0.7244
2025-10-01 23:17:53,805 - root - INFO - Epoch: 89, learning rate: 0.0001, train loss: 0.4935
2025-10-01 23:17:53,805 - root - INFO - train average_precision, 0.7984
2025-10-01 23:17:53,805 - root - INFO - train roc_auc, 0.8279
2025-10-01 23:17:53,805 - root - INFO - validate loss: 0.5690
2025-10-01 23:17:53,805 - root - INFO - validate average_precision, 0.7264
2025-10-01 23:17:53,805 - root - INFO - validate roc_auc, 0.7606
2025-10-01 23:17:53,805 - root - INFO - new node validate loss: 0.6719
2025-10-01 23:17:53,805 - root - INFO - new node validate average_precision, 0.6650
2025-10-01 23:17:53,805 - root - INFO - new node validate roc_auc, 0.6739
2025-10-01 23:18:01,848 - root - INFO - test loss: 0.5577
2025-10-01 23:18:01,848 - root - INFO - test average_precision, 0.7492
2025-10-01 23:18:01,848 - root - INFO - best test average_precision: 0.7492
2025-10-01 23:18:01,848 - root - INFO - test roc_auc, 0.7754
2025-10-01 23:18:01,848 - root - INFO - new node test loss: 0.6271
2025-10-01 23:18:01,848 - root - INFO - new node test average_precision, 0.6983
2025-10-01 23:18:01,848 - root - INFO - new node test roc_auc, 0.7115
2025-10-01 23:18:34,632 - root - INFO - Epoch: 90, learning rate: 0.0001, train loss: 0.4895
2025-10-01 23:18:34,632 - root - INFO - train average_precision, 0.8037
2025-10-01 23:18:34,633 - root - INFO - train roc_auc, 0.8330
2025-10-01 23:18:34,633 - root - INFO - validate loss: 0.5631
2025-10-01 23:18:34,633 - root - INFO - validate average_precision, 0.7419
2025-10-01 23:18:34,633 - root - INFO - validate roc_auc, 0.7703
2025-10-01 23:18:34,633 - root - INFO - new node validate loss: 0.6707
2025-10-01 23:18:34,633 - root - INFO - new node validate average_precision, 0.6782
2025-10-01 23:18:34,633 - root - INFO - new node validate roc_auc, 0.6815
2025-10-01 23:18:42,678 - root - INFO - test loss: 0.5583
2025-10-01 23:18:42,678 - root - INFO - test average_precision, 0.7496
2025-10-01 23:18:42,678 - root - INFO - best test average_precision: 0.7496
2025-10-01 23:18:42,678 - root - INFO - test roc_auc, 0.7743
2025-10-01 23:18:42,678 - root - INFO - new node test loss: 0.6225
2025-10-01 23:18:42,678 - root - INFO - new node test average_precision, 0.7017
2025-10-01 23:18:42,678 - root - INFO - new node test roc_auc, 0.7190
2025-10-01 23:19:15,402 - root - INFO - Epoch: 91, learning rate: 0.0001, train loss: 0.4902
2025-10-01 23:19:15,402 - root - INFO - train average_precision, 0.8004
2025-10-01 23:19:15,402 - root - INFO - train roc_auc, 0.8308
2025-10-01 23:19:15,402 - root - INFO - validate loss: 0.5639
2025-10-01 23:19:15,402 - root - INFO - validate average_precision, 0.7416
2025-10-01 23:19:15,402 - root - INFO - validate roc_auc, 0.7696
2025-10-01 23:19:15,402 - root - INFO - new node validate loss: 0.6768
2025-10-01 23:19:15,402 - root - INFO - new node validate average_precision, 0.6624
2025-10-01 23:19:15,403 - root - INFO - new node validate roc_auc, 0.6637
2025-10-01 23:19:23,448 - root - INFO - test loss: 0.5636
2025-10-01 23:19:23,448 - root - INFO - test average_precision, 0.7483
2025-10-01 23:19:23,448 - root - INFO - best test average_precision: 0.7496
2025-10-01 23:19:23,448 - root - INFO - test roc_auc, 0.7698
2025-10-01 23:19:23,448 - root - INFO - new node test loss: 0.6262
2025-10-01 23:19:23,448 - root - INFO - new node test average_precision, 0.7031
2025-10-01 23:19:23,448 - root - INFO - new node test roc_auc, 0.7161
2025-10-01 23:19:56,240 - root - INFO - Epoch: 92, learning rate: 0.0001, train loss: 0.4907
2025-10-01 23:19:56,240 - root - INFO - train average_precision, 0.8025
2025-10-01 23:19:56,240 - root - INFO - train roc_auc, 0.8315
2025-10-01 23:19:56,240 - root - INFO - validate loss: 0.5663
2025-10-01 23:19:56,241 - root - INFO - validate average_precision, 0.7341
2025-10-01 23:19:56,241 - root - INFO - validate roc_auc, 0.7665
2025-10-01 23:19:56,241 - root - INFO - new node validate loss: 0.6725
2025-10-01 23:19:56,241 - root - INFO - new node validate average_precision, 0.6544
2025-10-01 23:19:56,241 - root - INFO - new node validate roc_auc, 0.6603
2025-10-01 23:20:04,284 - root - INFO - test loss: 0.5659
2025-10-01 23:20:04,284 - root - INFO - test average_precision, 0.7357
2025-10-01 23:20:04,284 - root - INFO - best test average_precision: 0.7496
2025-10-01 23:20:04,284 - root - INFO - test roc_auc, 0.7619
2025-10-01 23:20:04,285 - root - INFO - new node test loss: 0.6283
2025-10-01 23:20:04,285 - root - INFO - new node test average_precision, 0.6968
2025-10-01 23:20:04,285 - root - INFO - new node test roc_auc, 0.7084
2025-10-01 23:20:37,012 - root - INFO - Epoch: 93, learning rate: 0.0001, train loss: 0.4869
2025-10-01 23:20:37,012 - root - INFO - train average_precision, 0.8059
2025-10-01 23:20:37,013 - root - INFO - train roc_auc, 0.8350
2025-10-01 23:20:37,013 - root - INFO - validate loss: 0.5639
2025-10-01 23:20:37,013 - root - INFO - validate average_precision, 0.7371
2025-10-01 23:20:37,013 - root - INFO - validate roc_auc, 0.7694
2025-10-01 23:20:37,013 - root - INFO - new node validate loss: 0.6839
2025-10-01 23:20:37,013 - root - INFO - new node validate average_precision, 0.6519
2025-10-01 23:20:37,013 - root - INFO - new node validate roc_auc, 0.6614
2025-10-01 23:20:45,073 - root - INFO - test loss: 0.5626
2025-10-01 23:20:45,073 - root - INFO - test average_precision, 0.7456
2025-10-01 23:20:45,073 - root - INFO - best test average_precision: 0.7496
2025-10-01 23:20:45,073 - root - INFO - test roc_auc, 0.7699
2025-10-01 23:20:45,074 - root - INFO - new node test loss: 0.6300
2025-10-01 23:20:45,074 - root - INFO - new node test average_precision, 0.6931
2025-10-01 23:20:45,074 - root - INFO - new node test roc_auc, 0.7115
2025-10-01 23:21:18,293 - root - INFO - Epoch: 94, learning rate: 0.0001, train loss: 0.4905
2025-10-01 23:21:18,293 - root - INFO - train average_precision, 0.8017
2025-10-01 23:21:18,293 - root - INFO - train roc_auc, 0.8310
2025-10-01 23:21:18,293 - root - INFO - validate loss: 0.5633
2025-10-01 23:21:18,294 - root - INFO - validate average_precision, 0.7347
2025-10-01 23:21:18,294 - root - INFO - validate roc_auc, 0.7677
2025-10-01 23:21:18,294 - root - INFO - new node validate loss: 0.6642
2025-10-01 23:21:18,294 - root - INFO - new node validate average_precision, 0.6731
2025-10-01 23:21:18,294 - root - INFO - new node validate roc_auc, 0.6797
2025-10-01 23:21:26,313 - root - INFO - test loss: 0.5573
2025-10-01 23:21:26,314 - root - INFO - test average_precision, 0.7524
2025-10-01 23:21:26,314 - root - INFO - best test average_precision: 0.7524
2025-10-01 23:21:26,314 - root - INFO - test roc_auc, 0.7767
2025-10-01 23:21:26,314 - root - INFO - new node test loss: 0.6176
2025-10-01 23:21:26,314 - root - INFO - new node test average_precision, 0.7173
2025-10-01 23:21:26,314 - root - INFO - new node test roc_auc, 0.7258
2025-10-01 23:21:59,461 - root - INFO - Epoch: 95, learning rate: 0.0001, train loss: 0.4893
2025-10-01 23:21:59,462 - root - INFO - train average_precision, 0.8030
2025-10-01 23:21:59,462 - root - INFO - train roc_auc, 0.8321
2025-10-01 23:21:59,462 - root - INFO - validate loss: 0.5645
2025-10-01 23:21:59,462 - root - INFO - validate average_precision, 0.7418
2025-10-01 23:21:59,462 - root - INFO - validate roc_auc, 0.7705
2025-10-01 23:21:59,462 - root - INFO - new node validate loss: 0.6739
2025-10-01 23:21:59,462 - root - INFO - new node validate average_precision, 0.6706
2025-10-01 23:21:59,462 - root - INFO - new node validate roc_auc, 0.6707
2025-10-01 23:22:07,535 - root - INFO - test loss: 0.5621
2025-10-01 23:22:07,535 - root - INFO - test average_precision, 0.7425
2025-10-01 23:22:07,535 - root - INFO - best test average_precision: 0.7524
2025-10-01 23:22:07,535 - root - INFO - test roc_auc, 0.7697
2025-10-01 23:22:07,535 - root - INFO - new node test loss: 0.6238
2025-10-01 23:22:07,535 - root - INFO - new node test average_precision, 0.7043
2025-10-01 23:22:07,535 - root - INFO - new node test roc_auc, 0.7170
2025-10-01 23:22:40,737 - root - INFO - Epoch: 96, learning rate: 0.0001, train loss: 0.4903
2025-10-01 23:22:40,737 - root - INFO - train average_precision, 0.8045
2025-10-01 23:22:40,737 - root - INFO - train roc_auc, 0.8322
2025-10-01 23:22:40,737 - root - INFO - validate loss: 0.5601
2025-10-01 23:22:40,737 - root - INFO - validate average_precision, 0.7437
2025-10-01 23:22:40,737 - root - INFO - validate roc_auc, 0.7741
2025-10-01 23:22:40,737 - root - INFO - new node validate loss: 0.6772
2025-10-01 23:22:40,737 - root - INFO - new node validate average_precision, 0.6621
2025-10-01 23:22:40,737 - root - INFO - new node validate roc_auc, 0.6709
2025-10-01 23:22:48,796 - root - INFO - test loss: 0.5568
2025-10-01 23:22:48,796 - root - INFO - test average_precision, 0.7502
2025-10-01 23:22:48,796 - root - INFO - best test average_precision: 0.7524
2025-10-01 23:22:48,796 - root - INFO - test roc_auc, 0.7766
2025-10-01 23:22:48,796 - root - INFO - new node test loss: 0.6232
2025-10-01 23:22:48,796 - root - INFO - new node test average_precision, 0.6997
2025-10-01 23:22:48,796 - root - INFO - new node test roc_auc, 0.7157
2025-10-01 23:23:21,979 - root - INFO - Epoch: 97, learning rate: 0.0001, train loss: 0.4881
2025-10-01 23:23:21,979 - root - INFO - train average_precision, 0.8047
2025-10-01 23:23:21,979 - root - INFO - train roc_auc, 0.8335
2025-10-01 23:23:21,979 - root - INFO - validate loss: 0.5576
2025-10-01 23:23:21,979 - root - INFO - validate average_precision, 0.7470
2025-10-01 23:23:21,979 - root - INFO - validate roc_auc, 0.7751
2025-10-01 23:23:21,979 - root - INFO - new node validate loss: 0.6643
2025-10-01 23:23:21,979 - root - INFO - new node validate average_precision, 0.6734
2025-10-01 23:23:21,979 - root - INFO - new node validate roc_auc, 0.6746
2025-10-01 23:23:30,017 - root - INFO - test loss: 0.5546
2025-10-01 23:23:30,017 - root - INFO - test average_precision, 0.7615
2025-10-01 23:23:30,017 - root - INFO - best test average_precision: 0.7615
2025-10-01 23:23:30,017 - root - INFO - test roc_auc, 0.7821
2025-10-01 23:23:30,017 - root - INFO - new node test loss: 0.6192
2025-10-01 23:23:30,017 - root - INFO - new node test average_precision, 0.7203
2025-10-01 23:23:30,017 - root - INFO - new node test roc_auc, 0.7273
2025-10-01 23:23:30,017 - root - INFO - save model ./saved_models/TGAT/uci/TGAT_original_seed1/TGAT_original_seed1.pkl
2025-10-01 23:24:02,741 - root - INFO - Epoch: 98, learning rate: 0.0001, train loss: 0.4873
2025-10-01 23:24:02,741 - root - INFO - train average_precision, 0.8084
2025-10-01 23:24:02,741 - root - INFO - train roc_auc, 0.8356
2025-10-01 23:24:02,741 - root - INFO - validate loss: 0.5629
2025-10-01 23:24:02,742 - root - INFO - validate average_precision, 0.7429
2025-10-01 23:24:02,742 - root - INFO - validate roc_auc, 0.7687
2025-10-01 23:24:02,742 - root - INFO - new node validate loss: 0.6694
2025-10-01 23:24:02,742 - root - INFO - new node validate average_precision, 0.6688
2025-10-01 23:24:02,742 - root - INFO - new node validate roc_auc, 0.6738
2025-10-01 23:24:10,795 - root - INFO - test loss: 0.5572
2025-10-01 23:24:10,796 - root - INFO - test average_precision, 0.7509
2025-10-01 23:24:10,796 - root - INFO - best test average_precision: 0.7615
2025-10-01 23:24:10,796 - root - INFO - test roc_auc, 0.7758
2025-10-01 23:24:10,796 - root - INFO - new node test loss: 0.6168
2025-10-01 23:24:10,796 - root - INFO - new node test average_precision, 0.7135
2025-10-01 23:24:10,796 - root - INFO - new node test roc_auc, 0.7278
2025-10-01 23:24:43,374 - root - INFO - Epoch: 99, learning rate: 0.0001, train loss: 0.4877
2025-10-01 23:24:43,374 - root - INFO - train average_precision, 0.8074
2025-10-01 23:24:43,374 - root - INFO - train roc_auc, 0.8345
2025-10-01 23:24:43,374 - root - INFO - validate loss: 0.5673
2025-10-01 23:24:43,374 - root - INFO - validate average_precision, 0.7384
2025-10-01 23:24:43,374 - root - INFO - validate roc_auc, 0.7680
2025-10-01 23:24:43,374 - root - INFO - new node validate loss: 0.6783
2025-10-01 23:24:43,374 - root - INFO - new node validate average_precision, 0.6717
2025-10-01 23:24:43,374 - root - INFO - new node validate roc_auc, 0.6716
2025-10-01 23:24:51,415 - root - INFO - test loss: 0.5582
2025-10-01 23:24:51,416 - root - INFO - test average_precision, 0.7516
2025-10-01 23:24:51,416 - root - INFO - best test average_precision: 0.7615
2025-10-01 23:24:51,416 - root - INFO - test roc_auc, 0.7749
2025-10-01 23:24:51,416 - root - INFO - new node test loss: 0.6252
2025-10-01 23:24:51,416 - root - INFO - new node test average_precision, 0.7072
2025-10-01 23:24:51,416 - root - INFO - new node test roc_auc, 0.7161
2025-10-01 23:25:24,095 - root - INFO - Epoch: 100, learning rate: 0.0001, train loss: 0.4902
2025-10-01 23:25:24,095 - root - INFO - train average_precision, 0.8041
2025-10-01 23:25:24,096 - root - INFO - train roc_auc, 0.8326
2025-10-01 23:25:24,096 - root - INFO - validate loss: 0.5554
2025-10-01 23:25:24,096 - root - INFO - validate average_precision, 0.7513
2025-10-01 23:25:24,096 - root - INFO - validate roc_auc, 0.7775
2025-10-01 23:25:24,096 - root - INFO - new node validate loss: 0.6620
2025-10-01 23:25:24,096 - root - INFO - new node validate average_precision, 0.6837
2025-10-01 23:25:24,096 - root - INFO - new node validate roc_auc, 0.6874
2025-10-01 23:25:32,140 - root - INFO - test loss: 0.5545
2025-10-01 23:25:32,140 - root - INFO - test average_precision, 0.7578
2025-10-01 23:25:32,140 - root - INFO - best test average_precision: 0.7615
2025-10-01 23:25:32,140 - root - INFO - test roc_auc, 0.7774
2025-10-01 23:25:32,140 - root - INFO - new node test loss: 0.6173
2025-10-01 23:25:32,140 - root - INFO - new node test average_precision, 0.7114
2025-10-01 23:25:32,140 - root - INFO - new node test roc_auc, 0.7227
2025-10-01 23:25:32,140 - root - INFO - save model ./saved_models/TGAT/uci/TGAT_original_seed1/TGAT_original_seed1.pkl
2025-10-01 23:25:32,189 - root - INFO - load model ./saved_models/TGAT/uci/TGAT_original_seed1/TGAT_original_seed1.pkl
2025-10-01 23:25:32,205 - root - INFO - get final performance on dataset uci...
2025-10-01 23:25:47,698 - root - INFO - validate loss: 0.5554
2025-10-01 23:25:47,698 - root - INFO - validate average_precision, 0.7513
2025-10-01 23:25:47,698 - root - INFO - validate roc_auc, 0.7775
2025-10-01 23:25:47,698 - root - INFO - new node validate loss: 0.6620
2025-10-01 23:25:47,698 - root - INFO - new node validate average_precision, 0.6837
2025-10-01 23:25:47,698 - root - INFO - new node validate roc_auc, 0.6874
2025-10-01 23:25:47,698 - root - INFO - test loss: 0.5545
2025-10-01 23:25:47,698 - root - INFO - test average_precision, 0.7578
2025-10-01 23:25:47,698 - root - INFO - test roc_auc, 0.7774
2025-10-01 23:25:47,698 - root - INFO - new node test loss: 0.6173
2025-10-01 23:25:47,698 - root - INFO - new node test average_precision, 0.7114
2025-10-01 23:25:47,698 - root - INFO - new node test roc_auc, 0.7227
2025-10-01 23:25:47,698 - root - INFO - Run 2 cost 4102.09 seconds.
