2025-10-02 09:48:08,905 - root - INFO - ********** Run 3 starts. **********
2025-10-02 09:48:08,905 - root - INFO - configuration is Namespace(dataset_name='reddit', batch_size=200, model_name='JODIE', gpu=0, num_neighbors=10, sample_neighbor_strategy='uniform', time_scaling_factor=1e-06, num_walk_heads=8, num_heads=2, num_layers=1, walk_length=1, time_gap=2000, time_feat_dim=128, position_feat_dim=172, time_window_mode='fixed_proportion', time_encoder_type='original', expert_dim=64, num_mixtures=4, patch_size=1, channel_embedding_dim=50, max_input_sequence_length=32, learning_rate=0.0001, dropout=0.1, gamma=0.5, num_epochs=100, optimizer='Adam', weight_decay=0.0, patience=20, val_ratio=0.15, test_ratio=0.15, num_runs=5, test_interval_epochs=1, negative_sample_strategy='random', max_interaction_times=10, load_best_configs=True, device='cuda:0', seed=2, save_model_name='JODIE_original_seed2')
2025-10-02 09:48:08,906 - root - INFO - time encoder type: original
2025-10-02 09:48:09,548 - root - INFO - model -> Sequential(
  (0): MemoryModel(
    (time_encoder): TimeEncoder(
      (w): Linear(in_features=1, out_features=128, bias=True)
    )
    (message_aggregator): MessageAggregator()
    (memory_bank): MemoryBank(num_nodes=10985, memory_dim=172)
    (memory_updater): RNNMemoryUpdater(
      (memory_bank): MemoryBank(num_nodes=10985, memory_dim=172)
      (memory_updater): RNNCell(644, 172)
    )
    (embedding_module): TimeProjectionEmbedding(
      (dropout): Dropout(p=0.1, inplace=False)
      (linear_layer): Linear(in_features=1, out_features=172, bias=True)
    )
  )
  (1): MergeLayer(
    (fc1): Linear(in_features=344, out_features=172, bias=True)
    (fc2): Linear(in_features=172, out_features=1, bias=True)
    (act): ReLU()
  )
)
2025-10-02 09:48:09,548 - root - INFO - model name: JODIE, #parameters: 803236 B, 784.41015625 KB, 0.7660255432128906 MB.
2025-10-02 09:50:03,065 - root - INFO - Epoch: 1, learning rate: 0.0001, train loss: 0.2951
2025-10-02 09:50:03,066 - root - INFO - train average_precision, 0.9420
2025-10-02 09:50:03,066 - root - INFO - train roc_auc, 0.9441
2025-10-02 09:50:03,066 - root - INFO - validate loss: 0.2685
2025-10-02 09:50:03,066 - root - INFO - validate average_precision, 0.9603
2025-10-02 09:50:03,066 - root - INFO - validate roc_auc, 0.9595
2025-10-02 09:50:03,066 - root - INFO - new node validate loss: 0.4296
2025-10-02 09:50:03,066 - root - INFO - new node validate average_precision, 0.8999
2025-10-02 09:50:03,066 - root - INFO - new node validate roc_auc, 0.8931
2025-10-02 09:50:22,663 - root - INFO - test loss: 0.3490
2025-10-02 09:50:22,663 - root - INFO - test average_precision, 0.9473
2025-10-02 09:50:22,663 - root - INFO - best test average_precision: 0.9473
2025-10-02 09:50:22,664 - root - INFO - test roc_auc, 0.9459
2025-10-02 09:50:22,664 - root - INFO - new node test loss: 0.4332
2025-10-02 09:50:22,664 - root - INFO - new node test average_precision, 0.8932
2025-10-02 09:50:22,664 - root - INFO - new node test roc_auc, 0.8982
2025-10-02 09:50:22,664 - root - INFO - save model ./saved_models/JODIE/reddit/JODIE_original_seed2/JODIE_original_seed2.pkl
2025-10-02 09:52:16,689 - root - INFO - Epoch: 2, learning rate: 0.0001, train loss: 0.2287
2025-10-02 09:52:16,689 - root - INFO - train average_precision, 0.9673
2025-10-02 09:52:16,690 - root - INFO - train roc_auc, 0.9672
2025-10-02 09:52:16,690 - root - INFO - validate loss: 0.2350
2025-10-02 09:52:16,690 - root - INFO - validate average_precision, 0.9695
2025-10-02 09:52:16,690 - root - INFO - validate roc_auc, 0.9689
2025-10-02 09:52:16,690 - root - INFO - new node validate loss: 0.4063
2025-10-02 09:52:16,690 - root - INFO - new node validate average_precision, 0.9116
2025-10-02 09:52:16,690 - root - INFO - new node validate roc_auc, 0.9051
2025-10-02 09:52:36,366 - root - INFO - test loss: 0.2764
2025-10-02 09:52:36,367 - root - INFO - test average_precision, 0.9631
2025-10-02 09:52:36,367 - root - INFO - best test average_precision: 0.9631
2025-10-02 09:52:36,367 - root - INFO - test roc_auc, 0.9619
2025-10-02 09:52:36,367 - root - INFO - new node test loss: 0.3659
2025-10-02 09:52:36,367 - root - INFO - new node test average_precision, 0.9293
2025-10-02 09:52:36,367 - root - INFO - new node test roc_auc, 0.9268
2025-10-02 09:52:36,367 - root - INFO - save model ./saved_models/JODIE/reddit/JODIE_original_seed2/JODIE_original_seed2.pkl
2025-10-02 09:54:30,904 - root - INFO - Epoch: 3, learning rate: 0.0001, train loss: 0.2182
2025-10-02 09:54:30,905 - root - INFO - train average_precision, 0.9703
2025-10-02 09:54:30,905 - root - INFO - train roc_auc, 0.9699
2025-10-02 09:54:30,905 - root - INFO - validate loss: 0.2097
2025-10-02 09:54:30,906 - root - INFO - validate average_precision, 0.9746
2025-10-02 09:54:30,906 - root - INFO - validate roc_auc, 0.9741
2025-10-02 09:54:30,906 - root - INFO - new node validate loss: 0.3757
2025-10-02 09:54:30,906 - root - INFO - new node validate average_precision, 0.9250
2025-10-02 09:54:30,906 - root - INFO - new node validate roc_auc, 0.9195
2025-10-02 09:54:50,634 - root - INFO - test loss: 0.2131
2025-10-02 09:54:50,635 - root - INFO - test average_precision, 0.9745
2025-10-02 09:54:50,635 - root - INFO - best test average_precision: 0.9745
2025-10-02 09:54:50,635 - root - INFO - test roc_auc, 0.9739
2025-10-02 09:54:50,635 - root - INFO - new node test loss: 0.2999
2025-10-02 09:54:50,635 - root - INFO - new node test average_precision, 0.9519
2025-10-02 09:54:50,635 - root - INFO - new node test roc_auc, 0.9505
2025-10-02 09:54:50,635 - root - INFO - save model ./saved_models/JODIE/reddit/JODIE_original_seed2/JODIE_original_seed2.pkl
2025-10-02 09:56:44,554 - root - INFO - Epoch: 4, learning rate: 0.0001, train loss: 0.2104
2025-10-02 09:56:44,555 - root - INFO - train average_precision, 0.9724
2025-10-02 09:56:44,555 - root - INFO - train roc_auc, 0.9720
2025-10-02 09:56:44,555 - root - INFO - validate loss: 0.2078
2025-10-02 09:56:44,555 - root - INFO - validate average_precision, 0.9746
2025-10-02 09:56:44,555 - root - INFO - validate roc_auc, 0.9744
2025-10-02 09:56:44,555 - root - INFO - new node validate loss: 0.3410
2025-10-02 09:56:44,555 - root - INFO - new node validate average_precision, 0.9342
2025-10-02 09:56:44,555 - root - INFO - new node validate roc_auc, 0.9301
2025-10-02 09:57:04,189 - root - INFO - test loss: 0.2077
2025-10-02 09:57:04,189 - root - INFO - test average_precision, 0.9745
2025-10-02 09:57:04,189 - root - INFO - best test average_precision: 0.9745
2025-10-02 09:57:04,189 - root - INFO - test roc_auc, 0.9747
2025-10-02 09:57:04,189 - root - INFO - new node test loss: 0.2730
2025-10-02 09:57:04,189 - root - INFO - new node test average_precision, 0.9561
2025-10-02 09:57:04,190 - root - INFO - new node test roc_auc, 0.9560
2025-10-02 09:58:57,264 - root - INFO - Epoch: 5, learning rate: 0.0001, train loss: 0.2060
2025-10-02 09:58:57,265 - root - INFO - train average_precision, 0.9735
2025-10-02 09:58:57,266 - root - INFO - train roc_auc, 0.9731
2025-10-02 09:58:57,266 - root - INFO - validate loss: 0.2026
2025-10-02 09:58:57,266 - root - INFO - validate average_precision, 0.9763
2025-10-02 09:58:57,266 - root - INFO - validate roc_auc, 0.9759
2025-10-02 09:58:57,266 - root - INFO - new node validate loss: 0.3378
2025-10-02 09:58:57,266 - root - INFO - new node validate average_precision, 0.9351
2025-10-02 09:58:57,266 - root - INFO - new node validate roc_auc, 0.9308
2025-10-02 09:59:16,703 - root - INFO - test loss: 0.1992
2025-10-02 09:59:16,703 - root - INFO - test average_precision, 0.9775
2025-10-02 09:59:16,704 - root - INFO - best test average_precision: 0.9775
2025-10-02 09:59:16,704 - root - INFO - test roc_auc, 0.9773
2025-10-02 09:59:16,704 - root - INFO - new node test loss: 0.2651
2025-10-02 09:59:16,704 - root - INFO - new node test average_precision, 0.9587
2025-10-02 09:59:16,704 - root - INFO - new node test roc_auc, 0.9588
2025-10-02 09:59:16,704 - root - INFO - save model ./saved_models/JODIE/reddit/JODIE_original_seed2/JODIE_original_seed2.pkl
2025-10-02 10:01:10,733 - root - INFO - Epoch: 6, learning rate: 0.0001, train loss: 0.2015
2025-10-02 10:01:10,733 - root - INFO - train average_precision, 0.9747
2025-10-02 10:01:10,734 - root - INFO - train roc_auc, 0.9742
2025-10-02 10:01:10,734 - root - INFO - validate loss: 0.2013
2025-10-02 10:01:10,734 - root - INFO - validate average_precision, 0.9768
2025-10-02 10:01:10,734 - root - INFO - validate roc_auc, 0.9763
2025-10-02 10:01:10,734 - root - INFO - new node validate loss: 0.3411
2025-10-02 10:01:10,734 - root - INFO - new node validate average_precision, 0.9346
2025-10-02 10:01:10,734 - root - INFO - new node validate roc_auc, 0.9296
2025-10-02 10:01:30,568 - root - INFO - test loss: 0.2026
2025-10-02 10:01:30,568 - root - INFO - test average_precision, 0.9770
2025-10-02 10:01:30,568 - root - INFO - best test average_precision: 0.9775
2025-10-02 10:01:30,568 - root - INFO - test roc_auc, 0.9769
2025-10-02 10:01:30,568 - root - INFO - new node test loss: 0.2725
2025-10-02 10:01:30,568 - root - INFO - new node test average_precision, 0.9566
2025-10-02 10:01:30,568 - root - INFO - new node test roc_auc, 0.9562
2025-10-02 10:01:30,569 - root - INFO - save model ./saved_models/JODIE/reddit/JODIE_original_seed2/JODIE_original_seed2.pkl
2025-10-02 10:03:23,964 - root - INFO - Epoch: 7, learning rate: 0.0001, train loss: 0.1998
2025-10-02 10:03:23,965 - root - INFO - train average_precision, 0.9748
2025-10-02 10:03:23,965 - root - INFO - train roc_auc, 0.9746
2025-10-02 10:03:23,965 - root - INFO - validate loss: 0.1968
2025-10-02 10:03:23,965 - root - INFO - validate average_precision, 0.9774
2025-10-02 10:03:23,965 - root - INFO - validate roc_auc, 0.9768
2025-10-02 10:03:23,965 - root - INFO - new node validate loss: 0.3476
2025-10-02 10:03:23,965 - root - INFO - new node validate average_precision, 0.9325
2025-10-02 10:03:23,965 - root - INFO - new node validate roc_auc, 0.9282
2025-10-02 10:03:43,610 - root - INFO - test loss: 0.1975
2025-10-02 10:03:43,610 - root - INFO - test average_precision, 0.9772
2025-10-02 10:03:43,610 - root - INFO - best test average_precision: 0.9775
2025-10-02 10:03:43,610 - root - INFO - test roc_auc, 0.9771
2025-10-02 10:03:43,610 - root - INFO - new node test loss: 0.2673
2025-10-02 10:03:43,610 - root - INFO - new node test average_precision, 0.9575
2025-10-02 10:03:43,611 - root - INFO - new node test roc_auc, 0.9585
2025-10-02 10:03:43,611 - root - INFO - save model ./saved_models/JODIE/reddit/JODIE_original_seed2/JODIE_original_seed2.pkl
2025-10-02 10:05:36,450 - root - INFO - Epoch: 8, learning rate: 0.0001, train loss: 0.1951
2025-10-02 10:05:36,451 - root - INFO - train average_precision, 0.9762
2025-10-02 10:05:36,452 - root - INFO - train roc_auc, 0.9757
2025-10-02 10:05:36,452 - root - INFO - validate loss: 0.1967
2025-10-02 10:05:36,452 - root - INFO - validate average_precision, 0.9773
2025-10-02 10:05:36,452 - root - INFO - validate roc_auc, 0.9768
2025-10-02 10:05:36,452 - root - INFO - new node validate loss: 0.3471
2025-10-02 10:05:36,452 - root - INFO - new node validate average_precision, 0.9334
2025-10-02 10:05:36,452 - root - INFO - new node validate roc_auc, 0.9279
2025-10-02 10:05:56,172 - root - INFO - test loss: 0.1959
2025-10-02 10:05:56,173 - root - INFO - test average_precision, 0.9776
2025-10-02 10:05:56,173 - root - INFO - best test average_precision: 0.9776
2025-10-02 10:05:56,173 - root - INFO - test roc_auc, 0.9772
2025-10-02 10:05:56,173 - root - INFO - new node test loss: 0.2809
2025-10-02 10:05:56,173 - root - INFO - new node test average_precision, 0.9547
2025-10-02 10:05:56,173 - root - INFO - new node test roc_auc, 0.9535
2025-10-02 10:07:49,365 - root - INFO - Epoch: 9, learning rate: 0.0001, train loss: 0.1926
2025-10-02 10:07:49,366 - root - INFO - train average_precision, 0.9767
2025-10-02 10:07:49,366 - root - INFO - train roc_auc, 0.9762
2025-10-02 10:07:49,366 - root - INFO - validate loss: 0.1958
2025-10-02 10:07:49,366 - root - INFO - validate average_precision, 0.9782
2025-10-02 10:07:49,366 - root - INFO - validate roc_auc, 0.9775
2025-10-02 10:07:49,366 - root - INFO - new node validate loss: 0.3486
2025-10-02 10:07:49,366 - root - INFO - new node validate average_precision, 0.9332
2025-10-02 10:07:49,367 - root - INFO - new node validate roc_auc, 0.9276
2025-10-02 10:08:09,042 - root - INFO - test loss: 0.1964
2025-10-02 10:08:09,042 - root - INFO - test average_precision, 0.9787
2025-10-02 10:08:09,042 - root - INFO - best test average_precision: 0.9787
2025-10-02 10:08:09,042 - root - INFO - test roc_auc, 0.9782
2025-10-02 10:08:09,042 - root - INFO - new node test loss: 0.2780
2025-10-02 10:08:09,042 - root - INFO - new node test average_precision, 0.9565
2025-10-02 10:08:09,042 - root - INFO - new node test roc_auc, 0.9557
2025-10-02 10:08:09,043 - root - INFO - save model ./saved_models/JODIE/reddit/JODIE_original_seed2/JODIE_original_seed2.pkl
2025-10-02 10:10:02,248 - root - INFO - Epoch: 10, learning rate: 0.0001, train loss: 0.1901
2025-10-02 10:10:02,249 - root - INFO - train average_precision, 0.9773
2025-10-02 10:10:02,249 - root - INFO - train roc_auc, 0.9768
2025-10-02 10:10:02,249 - root - INFO - validate loss: 0.1905
2025-10-02 10:10:02,249 - root - INFO - validate average_precision, 0.9788
2025-10-02 10:10:02,250 - root - INFO - validate roc_auc, 0.9782
2025-10-02 10:10:02,250 - root - INFO - new node validate loss: 0.3330
2025-10-02 10:10:02,250 - root - INFO - new node validate average_precision, 0.9379
2025-10-02 10:10:02,250 - root - INFO - new node validate roc_auc, 0.9327
2025-10-02 10:10:21,959 - root - INFO - test loss: 0.1852
2025-10-02 10:10:21,960 - root - INFO - test average_precision, 0.9801
2025-10-02 10:10:21,960 - root - INFO - best test average_precision: 0.9801
2025-10-02 10:10:21,960 - root - INFO - test roc_auc, 0.9797
2025-10-02 10:10:21,960 - root - INFO - new node test loss: 0.2597
2025-10-02 10:10:21,960 - root - INFO - new node test average_precision, 0.9605
2025-10-02 10:10:21,960 - root - INFO - new node test roc_auc, 0.9601
2025-10-02 10:10:21,960 - root - INFO - save model ./saved_models/JODIE/reddit/JODIE_original_seed2/JODIE_original_seed2.pkl
2025-10-02 10:12:15,048 - root - INFO - Epoch: 11, learning rate: 0.0001, train loss: 0.1878
2025-10-02 10:12:15,049 - root - INFO - train average_precision, 0.9777
2025-10-02 10:12:15,049 - root - INFO - train roc_auc, 0.9774
2025-10-02 10:12:15,049 - root - INFO - validate loss: 0.1859
2025-10-02 10:12:15,049 - root - INFO - validate average_precision, 0.9796
2025-10-02 10:12:15,049 - root - INFO - validate roc_auc, 0.9790
2025-10-02 10:12:15,049 - root - INFO - new node validate loss: 0.3397
2025-10-02 10:12:15,049 - root - INFO - new node validate average_precision, 0.9356
2025-10-02 10:12:15,050 - root - INFO - new node validate roc_auc, 0.9299
2025-10-02 10:12:34,832 - root - INFO - test loss: 0.1798
2025-10-02 10:12:34,833 - root - INFO - test average_precision, 0.9808
2025-10-02 10:12:34,833 - root - INFO - best test average_precision: 0.9808
2025-10-02 10:12:34,833 - root - INFO - test roc_auc, 0.9804
2025-10-02 10:12:34,833 - root - INFO - new node test loss: 0.2542
2025-10-02 10:12:34,833 - root - INFO - new node test average_precision, 0.9613
2025-10-02 10:12:34,833 - root - INFO - new node test roc_auc, 0.9615
2025-10-02 10:12:34,833 - root - INFO - save model ./saved_models/JODIE/reddit/JODIE_original_seed2/JODIE_original_seed2.pkl
2025-10-02 10:14:27,381 - root - INFO - Epoch: 12, learning rate: 0.0001, train loss: 0.1864
2025-10-02 10:14:27,382 - root - INFO - train average_precision, 0.9780
2025-10-02 10:14:27,382 - root - INFO - train roc_auc, 0.9777
2025-10-02 10:14:27,382 - root - INFO - validate loss: 0.1911
2025-10-02 10:14:27,383 - root - INFO - validate average_precision, 0.9790
2025-10-02 10:14:27,383 - root - INFO - validate roc_auc, 0.9785
2025-10-02 10:14:27,383 - root - INFO - new node validate loss: 0.3399
2025-10-02 10:14:27,383 - root - INFO - new node validate average_precision, 0.9353
2025-10-02 10:14:27,383 - root - INFO - new node validate roc_auc, 0.9299
2025-10-02 10:14:47,269 - root - INFO - test loss: 0.1968
2025-10-02 10:14:47,269 - root - INFO - test average_precision, 0.9785
2025-10-02 10:14:47,269 - root - INFO - best test average_precision: 0.9808
2025-10-02 10:14:47,269 - root - INFO - test roc_auc, 0.9781
2025-10-02 10:14:47,270 - root - INFO - new node test loss: 0.2696
2025-10-02 10:14:47,270 - root - INFO - new node test average_precision, 0.9564
2025-10-02 10:14:47,270 - root - INFO - new node test roc_auc, 0.9565
2025-10-02 10:16:39,284 - root - INFO - Epoch: 13, learning rate: 0.0001, train loss: 0.1847
2025-10-02 10:16:39,285 - root - INFO - train average_precision, 0.9784
2025-10-02 10:16:39,285 - root - INFO - train roc_auc, 0.9781
2025-10-02 10:16:39,285 - root - INFO - validate loss: 0.1858
2025-10-02 10:16:39,285 - root - INFO - validate average_precision, 0.9796
2025-10-02 10:16:39,285 - root - INFO - validate roc_auc, 0.9791
2025-10-02 10:16:39,286 - root - INFO - new node validate loss: 0.3339
2025-10-02 10:16:39,286 - root - INFO - new node validate average_precision, 0.9367
2025-10-02 10:16:39,286 - root - INFO - new node validate roc_auc, 0.9321
2025-10-02 10:16:58,978 - root - INFO - test loss: 0.1828
2025-10-02 10:16:58,978 - root - INFO - test average_precision, 0.9801
2025-10-02 10:16:58,978 - root - INFO - best test average_precision: 0.9808
2025-10-02 10:16:58,978 - root - INFO - test roc_auc, 0.9798
2025-10-02 10:16:58,978 - root - INFO - new node test loss: 0.2510
2025-10-02 10:16:58,978 - root - INFO - new node test average_precision, 0.9623
2025-10-02 10:16:58,978 - root - INFO - new node test roc_auc, 0.9625
2025-10-02 10:16:58,979 - root - INFO - save model ./saved_models/JODIE/reddit/JODIE_original_seed2/JODIE_original_seed2.pkl
2025-10-02 10:18:52,975 - root - INFO - Epoch: 14, learning rate: 0.0001, train loss: 0.1843
2025-10-02 10:18:52,976 - root - INFO - train average_precision, 0.9786
2025-10-02 10:18:52,976 - root - INFO - train roc_auc, 0.9782
2025-10-02 10:18:52,976 - root - INFO - validate loss: 0.1838
2025-10-02 10:18:52,976 - root - INFO - validate average_precision, 0.9799
2025-10-02 10:18:52,976 - root - INFO - validate roc_auc, 0.9794
2025-10-02 10:18:52,976 - root - INFO - new node validate loss: 0.3310
2025-10-02 10:18:52,977 - root - INFO - new node validate average_precision, 0.9384
2025-10-02 10:18:52,977 - root - INFO - new node validate roc_auc, 0.9338
2025-10-02 10:19:12,615 - root - INFO - test loss: 0.1829
2025-10-02 10:19:12,615 - root - INFO - test average_precision, 0.9801
2025-10-02 10:19:12,615 - root - INFO - best test average_precision: 0.9808
2025-10-02 10:19:12,615 - root - INFO - test roc_auc, 0.9797
2025-10-02 10:19:12,616 - root - INFO - new node test loss: 0.2512
2025-10-02 10:19:12,616 - root - INFO - new node test average_precision, 0.9630
2025-10-02 10:19:12,616 - root - INFO - new node test roc_auc, 0.9627
2025-10-02 10:19:12,616 - root - INFO - save model ./saved_models/JODIE/reddit/JODIE_original_seed2/JODIE_original_seed2.pkl
2025-10-02 10:21:05,499 - root - INFO - Epoch: 15, learning rate: 0.0001, train loss: 0.1829
2025-10-02 10:21:05,500 - root - INFO - train average_precision, 0.9788
2025-10-02 10:21:05,500 - root - INFO - train roc_auc, 0.9785
2025-10-02 10:21:05,501 - root - INFO - validate loss: 0.1850
2025-10-02 10:21:05,501 - root - INFO - validate average_precision, 0.9800
2025-10-02 10:21:05,501 - root - INFO - validate roc_auc, 0.9793
2025-10-02 10:21:05,501 - root - INFO - new node validate loss: 0.3448
2025-10-02 10:21:05,501 - root - INFO - new node validate average_precision, 0.9344
2025-10-02 10:21:05,501 - root - INFO - new node validate roc_auc, 0.9285
2025-10-02 10:21:25,210 - root - INFO - test loss: 0.1913
2025-10-02 10:21:25,210 - root - INFO - test average_precision, 0.9790
2025-10-02 10:21:25,210 - root - INFO - best test average_precision: 0.9808
2025-10-02 10:21:25,210 - root - INFO - test roc_auc, 0.9784
2025-10-02 10:21:25,210 - root - INFO - new node test loss: 0.2742
2025-10-02 10:21:25,210 - root - INFO - new node test average_precision, 0.9564
2025-10-02 10:21:25,210 - root - INFO - new node test roc_auc, 0.9550
2025-10-02 10:23:18,236 - root - INFO - Epoch: 16, learning rate: 0.0001, train loss: 0.1796
2025-10-02 10:23:18,237 - root - INFO - train average_precision, 0.9794
2025-10-02 10:23:18,237 - root - INFO - train roc_auc, 0.9792
2025-10-02 10:23:18,237 - root - INFO - validate loss: 0.1882
2025-10-02 10:23:18,237 - root - INFO - validate average_precision, 0.9786
2025-10-02 10:23:18,238 - root - INFO - validate roc_auc, 0.9784
2025-10-02 10:23:18,238 - root - INFO - new node validate loss: 0.3324
2025-10-02 10:23:18,238 - root - INFO - new node validate average_precision, 0.9380
2025-10-02 10:23:18,238 - root - INFO - new node validate roc_auc, 0.9332
2025-10-02 10:23:37,941 - root - INFO - test loss: 0.1885
2025-10-02 10:23:37,942 - root - INFO - test average_precision, 0.9791
2025-10-02 10:23:37,942 - root - INFO - best test average_precision: 0.9808
2025-10-02 10:23:37,942 - root - INFO - test roc_auc, 0.9790
2025-10-02 10:23:37,942 - root - INFO - new node test loss: 0.2570
2025-10-02 10:23:37,942 - root - INFO - new node test average_precision, 0.9612
2025-10-02 10:23:37,942 - root - INFO - new node test roc_auc, 0.9608
2025-10-02 10:25:29,791 - root - INFO - Epoch: 17, learning rate: 0.0001, train loss: 0.1789
2025-10-02 10:25:29,791 - root - INFO - train average_precision, 0.9797
2025-10-02 10:25:29,792 - root - INFO - train roc_auc, 0.9793
2025-10-02 10:25:29,792 - root - INFO - validate loss: 0.1829
2025-10-02 10:25:29,792 - root - INFO - validate average_precision, 0.9801
2025-10-02 10:25:29,792 - root - INFO - validate roc_auc, 0.9796
2025-10-02 10:25:29,792 - root - INFO - new node validate loss: 0.3396
2025-10-02 10:25:29,792 - root - INFO - new node validate average_precision, 0.9369
2025-10-02 10:25:29,792 - root - INFO - new node validate roc_auc, 0.9315
2025-10-02 10:25:49,599 - root - INFO - test loss: 0.1985
2025-10-02 10:25:49,599 - root - INFO - test average_precision, 0.9772
2025-10-02 10:25:49,599 - root - INFO - best test average_precision: 0.9808
2025-10-02 10:25:49,599 - root - INFO - test roc_auc, 0.9768
2025-10-02 10:25:49,600 - root - INFO - new node test loss: 0.2751
2025-10-02 10:25:49,600 - root - INFO - new node test average_precision, 0.9544
2025-10-02 10:25:49,600 - root - INFO - new node test roc_auc, 0.9548
2025-10-02 10:25:49,600 - root - INFO - save model ./saved_models/JODIE/reddit/JODIE_original_seed2/JODIE_original_seed2.pkl
2025-10-02 10:27:42,296 - root - INFO - Epoch: 18, learning rate: 0.0001, train loss: 0.1773
2025-10-02 10:27:42,297 - root - INFO - train average_precision, 0.9801
2025-10-02 10:27:42,297 - root - INFO - train roc_auc, 0.9797
2025-10-02 10:27:42,297 - root - INFO - validate loss: 0.1778
2025-10-02 10:27:42,298 - root - INFO - validate average_precision, 0.9812
2025-10-02 10:27:42,298 - root - INFO - validate roc_auc, 0.9807
2025-10-02 10:27:42,298 - root - INFO - new node validate loss: 0.3371
2025-10-02 10:27:42,298 - root - INFO - new node validate average_precision, 0.9380
2025-10-02 10:27:42,298 - root - INFO - new node validate roc_auc, 0.9324
2025-10-02 10:28:02,114 - root - INFO - test loss: 0.1723
2025-10-02 10:28:02,114 - root - INFO - test average_precision, 0.9821
2025-10-02 10:28:02,114 - root - INFO - best test average_precision: 0.9821
2025-10-02 10:28:02,115 - root - INFO - test roc_auc, 0.9818
2025-10-02 10:28:02,115 - root - INFO - new node test loss: 0.2502
2025-10-02 10:28:02,115 - root - INFO - new node test average_precision, 0.9643
2025-10-02 10:28:02,115 - root - INFO - new node test roc_auc, 0.9631
2025-10-02 10:28:02,115 - root - INFO - save model ./saved_models/JODIE/reddit/JODIE_original_seed2/JODIE_original_seed2.pkl
2025-10-02 10:29:55,363 - root - INFO - Epoch: 19, learning rate: 0.0001, train loss: 0.1763
2025-10-02 10:29:55,364 - root - INFO - train average_precision, 0.9804
2025-10-02 10:29:55,364 - root - INFO - train roc_auc, 0.9800
2025-10-02 10:29:55,364 - root - INFO - validate loss: 0.1810
2025-10-02 10:29:55,364 - root - INFO - validate average_precision, 0.9805
2025-10-02 10:29:55,364 - root - INFO - validate roc_auc, 0.9800
2025-10-02 10:29:55,364 - root - INFO - new node validate loss: 0.3259
2025-10-02 10:29:55,364 - root - INFO - new node validate average_precision, 0.9412
2025-10-02 10:29:55,364 - root - INFO - new node validate roc_auc, 0.9361
2025-10-02 10:30:15,096 - root - INFO - test loss: 0.1879
2025-10-02 10:30:15,096 - root - INFO - test average_precision, 0.9783
2025-10-02 10:30:15,096 - root - INFO - best test average_precision: 0.9821
2025-10-02 10:30:15,096 - root - INFO - test roc_auc, 0.9784
2025-10-02 10:30:15,096 - root - INFO - new node test loss: 0.2631
2025-10-02 10:30:15,096 - root - INFO - new node test average_precision, 0.9589
2025-10-02 10:30:15,096 - root - INFO - new node test roc_auc, 0.9590
2025-10-02 10:32:06,618 - root - INFO - Epoch: 20, learning rate: 0.0001, train loss: 0.1749
2025-10-02 10:32:06,619 - root - INFO - train average_precision, 0.9805
2025-10-02 10:32:06,619 - root - INFO - train roc_auc, 0.9802
2025-10-02 10:32:06,619 - root - INFO - validate loss: 0.1783
2025-10-02 10:32:06,619 - root - INFO - validate average_precision, 0.9815
2025-10-02 10:32:06,619 - root - INFO - validate roc_auc, 0.9808
2025-10-02 10:32:06,619 - root - INFO - new node validate loss: 0.3240
2025-10-02 10:32:06,619 - root - INFO - new node validate average_precision, 0.9406
2025-10-02 10:32:06,620 - root - INFO - new node validate roc_auc, 0.9357
2025-10-02 10:32:26,378 - root - INFO - test loss: 0.1761
2025-10-02 10:32:26,378 - root - INFO - test average_precision, 0.9821
2025-10-02 10:32:26,378 - root - INFO - best test average_precision: 0.9821
2025-10-02 10:32:26,378 - root - INFO - test roc_auc, 0.9817
2025-10-02 10:32:26,378 - root - INFO - new node test loss: 0.2441
2025-10-02 10:32:26,378 - root - INFO - new node test average_precision, 0.9648
2025-10-02 10:32:26,378 - root - INFO - new node test roc_auc, 0.9642
2025-10-02 10:32:26,379 - root - INFO - save model ./saved_models/JODIE/reddit/JODIE_original_seed2/JODIE_original_seed2.pkl
2025-10-02 10:34:19,968 - root - INFO - Epoch: 21, learning rate: 0.0001, train loss: 0.1746
2025-10-02 10:34:19,969 - root - INFO - train average_precision, 0.9805
2025-10-02 10:34:19,969 - root - INFO - train roc_auc, 0.9803
2025-10-02 10:34:19,969 - root - INFO - validate loss: 0.1792
2025-10-02 10:34:19,969 - root - INFO - validate average_precision, 0.9811
2025-10-02 10:34:19,969 - root - INFO - validate roc_auc, 0.9805
2025-10-02 10:34:19,970 - root - INFO - new node validate loss: 0.3323
2025-10-02 10:34:19,970 - root - INFO - new node validate average_precision, 0.9393
2025-10-02 10:34:19,970 - root - INFO - new node validate roc_auc, 0.9335
2025-10-02 10:34:39,707 - root - INFO - test loss: 0.1848
2025-10-02 10:34:39,707 - root - INFO - test average_precision, 0.9803
2025-10-02 10:34:39,707 - root - INFO - best test average_precision: 0.9821
2025-10-02 10:34:39,707 - root - INFO - test roc_auc, 0.9799
2025-10-02 10:34:39,707 - root - INFO - new node test loss: 0.2571
2025-10-02 10:34:39,708 - root - INFO - new node test average_precision, 0.9610
2025-10-02 10:34:39,708 - root - INFO - new node test roc_auc, 0.9603
2025-10-02 10:36:31,014 - root - INFO - Epoch: 22, learning rate: 0.0001, train loss: 0.1728
2025-10-02 10:36:31,015 - root - INFO - train average_precision, 0.9809
2025-10-02 10:36:31,016 - root - INFO - train roc_auc, 0.9807
2025-10-02 10:36:31,016 - root - INFO - validate loss: 0.1780
2025-10-02 10:36:31,016 - root - INFO - validate average_precision, 0.9814
2025-10-02 10:36:31,016 - root - INFO - validate roc_auc, 0.9807
2025-10-02 10:36:31,016 - root - INFO - new node validate loss: 0.3440
2025-10-02 10:36:31,016 - root - INFO - new node validate average_precision, 0.9356
2025-10-02 10:36:31,016 - root - INFO - new node validate roc_auc, 0.9298
2025-10-02 10:36:50,480 - root - INFO - test loss: 0.1906
2025-10-02 10:36:50,481 - root - INFO - test average_precision, 0.9793
2025-10-02 10:36:50,481 - root - INFO - best test average_precision: 0.9821
2025-10-02 10:36:50,481 - root - INFO - test roc_auc, 0.9786
2025-10-02 10:36:50,481 - root - INFO - new node test loss: 0.2745
2025-10-02 10:36:50,481 - root - INFO - new node test average_precision, 0.9565
2025-10-02 10:36:50,481 - root - INFO - new node test roc_auc, 0.9553
2025-10-02 10:38:41,429 - root - INFO - Epoch: 23, learning rate: 0.0001, train loss: 0.1718
2025-10-02 10:38:41,430 - root - INFO - train average_precision, 0.9813
2025-10-02 10:38:41,431 - root - INFO - train roc_auc, 0.9809
2025-10-02 10:38:41,431 - root - INFO - validate loss: 0.1871
2025-10-02 10:38:41,431 - root - INFO - validate average_precision, 0.9800
2025-10-02 10:38:41,431 - root - INFO - validate roc_auc, 0.9794
2025-10-02 10:38:41,431 - root - INFO - new node validate loss: 0.3339
2025-10-02 10:38:41,431 - root - INFO - new node validate average_precision, 0.9378
2025-10-02 10:38:41,431 - root - INFO - new node validate roc_auc, 0.9319
2025-10-02 10:39:01,034 - root - INFO - test loss: 0.2127
2025-10-02 10:39:01,034 - root - INFO - test average_precision, 0.9769
2025-10-02 10:39:01,034 - root - INFO - best test average_precision: 0.9821
2025-10-02 10:39:01,034 - root - INFO - test roc_auc, 0.9761
2025-10-02 10:39:01,034 - root - INFO - new node test loss: 0.3011
2025-10-02 10:39:01,034 - root - INFO - new node test average_precision, 0.9517
2025-10-02 10:39:01,034 - root - INFO - new node test roc_auc, 0.9494
2025-10-02 10:40:54,085 - root - INFO - Epoch: 24, learning rate: 0.0001, train loss: 0.1708
2025-10-02 10:40:54,086 - root - INFO - train average_precision, 0.9814
2025-10-02 10:40:54,086 - root - INFO - train roc_auc, 0.9811
2025-10-02 10:40:54,087 - root - INFO - validate loss: 0.1811
2025-10-02 10:40:54,087 - root - INFO - validate average_precision, 0.9810
2025-10-02 10:40:54,087 - root - INFO - validate roc_auc, 0.9804
2025-10-02 10:40:54,087 - root - INFO - new node validate loss: 0.3293
2025-10-02 10:40:54,087 - root - INFO - new node validate average_precision, 0.9393
2025-10-02 10:40:54,087 - root - INFO - new node validate roc_auc, 0.9339
2025-10-02 10:41:14,119 - root - INFO - test loss: 0.1938
2025-10-02 10:41:14,119 - root - INFO - test average_precision, 0.9793
2025-10-02 10:41:14,119 - root - INFO - best test average_precision: 0.9821
2025-10-02 10:41:14,119 - root - INFO - test roc_auc, 0.9788
2025-10-02 10:41:14,119 - root - INFO - new node test loss: 0.2656
2025-10-02 10:41:14,119 - root - INFO - new node test average_precision, 0.9598
2025-10-02 10:41:14,119 - root - INFO - new node test roc_auc, 0.9589
2025-10-02 10:43:05,067 - root - INFO - Epoch: 25, learning rate: 0.0001, train loss: 0.1690
2025-10-02 10:43:05,068 - root - INFO - train average_precision, 0.9818
2025-10-02 10:43:05,069 - root - INFO - train roc_auc, 0.9815
2025-10-02 10:43:05,069 - root - INFO - validate loss: 0.1782
2025-10-02 10:43:05,069 - root - INFO - validate average_precision, 0.9810
2025-10-02 10:43:05,069 - root - INFO - validate roc_auc, 0.9806
2025-10-02 10:43:05,069 - root - INFO - new node validate loss: 0.3271
2025-10-02 10:43:05,069 - root - INFO - new node validate average_precision, 0.9405
2025-10-02 10:43:05,069 - root - INFO - new node validate roc_auc, 0.9355
2025-10-02 10:43:24,862 - root - INFO - test loss: 0.1827
2025-10-02 10:43:24,862 - root - INFO - test average_precision, 0.9804
2025-10-02 10:43:24,862 - root - INFO - best test average_precision: 0.9821
2025-10-02 10:43:24,862 - root - INFO - test roc_auc, 0.9799
2025-10-02 10:43:24,862 - root - INFO - new node test loss: 0.2505
2025-10-02 10:43:24,862 - root - INFO - new node test average_precision, 0.9636
2025-10-02 10:43:24,862 - root - INFO - new node test roc_auc, 0.9625
2025-10-02 10:45:16,207 - root - INFO - Epoch: 26, learning rate: 0.0001, train loss: 0.1684
2025-10-02 10:45:16,208 - root - INFO - train average_precision, 0.9818
2025-10-02 10:45:16,208 - root - INFO - train roc_auc, 0.9816
2025-10-02 10:45:16,208 - root - INFO - validate loss: 0.1768
2025-10-02 10:45:16,208 - root - INFO - validate average_precision, 0.9817
2025-10-02 10:45:16,209 - root - INFO - validate roc_auc, 0.9812
2025-10-02 10:45:16,209 - root - INFO - new node validate loss: 0.3203
2025-10-02 10:45:16,209 - root - INFO - new node validate average_precision, 0.9427
2025-10-02 10:45:16,209 - root - INFO - new node validate roc_auc, 0.9372
2025-10-02 10:45:35,939 - root - INFO - test loss: 0.1814
2025-10-02 10:45:35,939 - root - INFO - test average_precision, 0.9813
2025-10-02 10:45:35,939 - root - INFO - best test average_precision: 0.9821
2025-10-02 10:45:35,939 - root - INFO - test roc_auc, 0.9810
2025-10-02 10:45:35,939 - root - INFO - new node test loss: 0.2485
2025-10-02 10:45:35,939 - root - INFO - new node test average_precision, 0.9639
2025-10-02 10:45:35,939 - root - INFO - new node test roc_auc, 0.9631
2025-10-02 10:45:35,940 - root - INFO - save model ./saved_models/JODIE/reddit/JODIE_original_seed2/JODIE_original_seed2.pkl
2025-10-02 10:47:29,849 - root - INFO - Epoch: 27, learning rate: 0.0001, train loss: 0.1688
2025-10-02 10:47:29,850 - root - INFO - train average_precision, 0.9817
2025-10-02 10:47:29,850 - root - INFO - train roc_auc, 0.9815
2025-10-02 10:47:29,850 - root - INFO - validate loss: 0.1756
2025-10-02 10:47:29,850 - root - INFO - validate average_precision, 0.9820
2025-10-02 10:47:29,850 - root - INFO - validate roc_auc, 0.9814
2025-10-02 10:47:29,850 - root - INFO - new node validate loss: 0.3298
2025-10-02 10:47:29,850 - root - INFO - new node validate average_precision, 0.9400
2025-10-02 10:47:29,850 - root - INFO - new node validate roc_auc, 0.9346
2025-10-02 10:47:49,487 - root - INFO - test loss: 0.1858
2025-10-02 10:47:49,487 - root - INFO - test average_precision, 0.9806
2025-10-02 10:47:49,487 - root - INFO - best test average_precision: 0.9821
2025-10-02 10:47:49,487 - root - INFO - test roc_auc, 0.9800
2025-10-02 10:47:49,487 - root - INFO - new node test loss: 0.2575
2025-10-02 10:47:49,487 - root - INFO - new node test average_precision, 0.9615
2025-10-02 10:47:49,487 - root - INFO - new node test roc_auc, 0.9606
2025-10-02 10:47:49,488 - root - INFO - save model ./saved_models/JODIE/reddit/JODIE_original_seed2/JODIE_original_seed2.pkl
2025-10-02 10:49:43,369 - root - INFO - Epoch: 28, learning rate: 0.0001, train loss: 0.1673
2025-10-02 10:49:43,370 - root - INFO - train average_precision, 0.9820
2025-10-02 10:49:43,370 - root - INFO - train roc_auc, 0.9818
2025-10-02 10:49:43,370 - root - INFO - validate loss: 0.1749
2025-10-02 10:49:43,370 - root - INFO - validate average_precision, 0.9819
2025-10-02 10:49:43,371 - root - INFO - validate roc_auc, 0.9814
2025-10-02 10:49:43,371 - root - INFO - new node validate loss: 0.3339
2025-10-02 10:49:43,371 - root - INFO - new node validate average_precision, 0.9381
2025-10-02 10:49:43,371 - root - INFO - new node validate roc_auc, 0.9328
2025-10-02 10:50:03,104 - root - INFO - test loss: 0.1769
2025-10-02 10:50:03,104 - root - INFO - test average_precision, 0.9816
2025-10-02 10:50:03,104 - root - INFO - best test average_precision: 0.9821
2025-10-02 10:50:03,104 - root - INFO - test roc_auc, 0.9813
2025-10-02 10:50:03,104 - root - INFO - new node test loss: 0.2539
2025-10-02 10:50:03,104 - root - INFO - new node test average_precision, 0.9617
2025-10-02 10:50:03,104 - root - INFO - new node test roc_auc, 0.9614
2025-10-02 10:51:55,835 - root - INFO - Epoch: 29, learning rate: 0.0001, train loss: 0.1667
2025-10-02 10:51:55,836 - root - INFO - train average_precision, 0.9822
2025-10-02 10:51:55,836 - root - INFO - train roc_auc, 0.9819
2025-10-02 10:51:55,836 - root - INFO - validate loss: 0.1782
2025-10-02 10:51:55,836 - root - INFO - validate average_precision, 0.9817
2025-10-02 10:51:55,836 - root - INFO - validate roc_auc, 0.9811
2025-10-02 10:51:55,836 - root - INFO - new node validate loss: 0.3254
2025-10-02 10:51:55,837 - root - INFO - new node validate average_precision, 0.9410
2025-10-02 10:51:55,837 - root - INFO - new node validate roc_auc, 0.9357
2025-10-02 10:52:15,711 - root - INFO - test loss: 0.1914
2025-10-02 10:52:15,711 - root - INFO - test average_precision, 0.9797
2025-10-02 10:52:15,711 - root - INFO - best test average_precision: 0.9821
2025-10-02 10:52:15,711 - root - INFO - test roc_auc, 0.9796
2025-10-02 10:52:15,711 - root - INFO - new node test loss: 0.2570
2025-10-02 10:52:15,711 - root - INFO - new node test average_precision, 0.9601
2025-10-02 10:52:15,711 - root - INFO - new node test roc_auc, 0.9606
2025-10-02 10:54:07,303 - root - INFO - Epoch: 30, learning rate: 0.0001, train loss: 0.1658
2025-10-02 10:54:07,304 - root - INFO - train average_precision, 0.9824
2025-10-02 10:54:07,304 - root - INFO - train roc_auc, 0.9821
2025-10-02 10:54:07,304 - root - INFO - validate loss: 0.1774
2025-10-02 10:54:07,304 - root - INFO - validate average_precision, 0.9815
2025-10-02 10:54:07,305 - root - INFO - validate roc_auc, 0.9810
2025-10-02 10:54:07,305 - root - INFO - new node validate loss: 0.3324
2025-10-02 10:54:07,305 - root - INFO - new node validate average_precision, 0.9391
2025-10-02 10:54:07,305 - root - INFO - new node validate roc_auc, 0.9338
2025-10-02 10:54:26,986 - root - INFO - test loss: 0.1934
2025-10-02 10:54:26,986 - root - INFO - test average_precision, 0.9790
2025-10-02 10:54:26,986 - root - INFO - best test average_precision: 0.9821
2025-10-02 10:54:26,986 - root - INFO - test roc_auc, 0.9786
2025-10-02 10:54:26,986 - root - INFO - new node test loss: 0.2634
2025-10-02 10:54:26,986 - root - INFO - new node test average_precision, 0.9601
2025-10-02 10:54:26,986 - root - INFO - new node test roc_auc, 0.9588
2025-10-02 10:56:18,888 - root - INFO - Epoch: 31, learning rate: 0.0001, train loss: 0.1667
2025-10-02 10:56:18,889 - root - INFO - train average_precision, 0.9821
2025-10-02 10:56:18,889 - root - INFO - train roc_auc, 0.9819
2025-10-02 10:56:18,889 - root - INFO - validate loss: 0.1742
2025-10-02 10:56:18,889 - root - INFO - validate average_precision, 0.9821
2025-10-02 10:56:18,889 - root - INFO - validate roc_auc, 0.9815
2025-10-02 10:56:18,889 - root - INFO - new node validate loss: 0.3153
2025-10-02 10:56:18,889 - root - INFO - new node validate average_precision, 0.9453
2025-10-02 10:56:18,889 - root - INFO - new node validate roc_auc, 0.9400
2025-10-02 10:56:38,800 - root - INFO - test loss: 0.1764
2025-10-02 10:56:38,801 - root - INFO - test average_precision, 0.9817
2025-10-02 10:56:38,801 - root - INFO - best test average_precision: 0.9821
2025-10-02 10:56:38,801 - root - INFO - test roc_auc, 0.9814
2025-10-02 10:56:38,801 - root - INFO - new node test loss: 0.2398
2025-10-02 10:56:38,801 - root - INFO - new node test average_precision, 0.9665
2025-10-02 10:56:38,801 - root - INFO - new node test roc_auc, 0.9656
2025-10-02 10:56:38,801 - root - INFO - save model ./saved_models/JODIE/reddit/JODIE_original_seed2/JODIE_original_seed2.pkl
2025-10-02 10:58:31,915 - root - INFO - Epoch: 32, learning rate: 0.0001, train loss: 0.1652
2025-10-02 10:58:31,916 - root - INFO - train average_precision, 0.9825
2025-10-02 10:58:31,916 - root - INFO - train roc_auc, 0.9823
2025-10-02 10:58:31,917 - root - INFO - validate loss: 0.1745
2025-10-02 10:58:31,917 - root - INFO - validate average_precision, 0.9820
2025-10-02 10:58:31,917 - root - INFO - validate roc_auc, 0.9814
2025-10-02 10:58:31,917 - root - INFO - new node validate loss: 0.3250
2025-10-02 10:58:31,917 - root - INFO - new node validate average_precision, 0.9424
2025-10-02 10:58:31,917 - root - INFO - new node validate roc_auc, 0.9371
2025-10-02 10:58:51,776 - root - INFO - test loss: 0.1781
2025-10-02 10:58:51,776 - root - INFO - test average_precision, 0.9813
2025-10-02 10:58:51,776 - root - INFO - best test average_precision: 0.9821
2025-10-02 10:58:51,777 - root - INFO - test roc_auc, 0.9809
2025-10-02 10:58:51,777 - root - INFO - new node test loss: 0.2502
2025-10-02 10:58:51,777 - root - INFO - new node test average_precision, 0.9636
2025-10-02 10:58:51,777 - root - INFO - new node test roc_auc, 0.9624
2025-10-02 11:00:42,503 - root - INFO - Epoch: 33, learning rate: 0.0001, train loss: 0.1651
2025-10-02 11:00:42,504 - root - INFO - train average_precision, 0.9825
2025-10-02 11:00:42,504 - root - INFO - train roc_auc, 0.9823
2025-10-02 11:00:42,504 - root - INFO - validate loss: 0.1795
2025-10-02 11:00:42,504 - root - INFO - validate average_precision, 0.9810
2025-10-02 11:00:42,504 - root - INFO - validate roc_auc, 0.9804
2025-10-02 11:00:42,505 - root - INFO - new node validate loss: 0.3347
2025-10-02 11:00:42,505 - root - INFO - new node validate average_precision, 0.9387
2025-10-02 11:00:42,505 - root - INFO - new node validate roc_auc, 0.9334
2025-10-02 11:01:02,304 - root - INFO - test loss: 0.2041
2025-10-02 11:01:02,305 - root - INFO - test average_precision, 0.9764
2025-10-02 11:01:02,305 - root - INFO - best test average_precision: 0.9821
2025-10-02 11:01:02,305 - root - INFO - test roc_auc, 0.9757
2025-10-02 11:01:02,305 - root - INFO - new node test loss: 0.2716
2025-10-02 11:01:02,305 - root - INFO - new node test average_precision, 0.9580
2025-10-02 11:01:02,305 - root - INFO - new node test roc_auc, 0.9569
2025-10-02 11:02:53,818 - root - INFO - Epoch: 34, learning rate: 0.0001, train loss: 0.1645
2025-10-02 11:02:53,819 - root - INFO - train average_precision, 0.9826
2025-10-02 11:02:53,819 - root - INFO - train roc_auc, 0.9824
2025-10-02 11:02:53,819 - root - INFO - validate loss: 0.1798
2025-10-02 11:02:53,819 - root - INFO - validate average_precision, 0.9811
2025-10-02 11:02:53,820 - root - INFO - validate roc_auc, 0.9805
2025-10-02 11:02:53,820 - root - INFO - new node validate loss: 0.3381
2025-10-02 11:02:53,820 - root - INFO - new node validate average_precision, 0.9363
2025-10-02 11:02:53,820 - root - INFO - new node validate roc_auc, 0.9311
2025-10-02 11:03:13,406 - root - INFO - test loss: 0.2042
2025-10-02 11:03:13,407 - root - INFO - test average_precision, 0.9769
2025-10-02 11:03:13,407 - root - INFO - best test average_precision: 0.9821
2025-10-02 11:03:13,407 - root - INFO - test roc_auc, 0.9768
2025-10-02 11:03:13,407 - root - INFO - new node test loss: 0.2819
2025-10-02 11:03:13,407 - root - INFO - new node test average_precision, 0.9551
2025-10-02 11:03:13,407 - root - INFO - new node test roc_auc, 0.9537
2025-10-02 11:05:05,561 - root - INFO - Epoch: 35, learning rate: 0.0001, train loss: 0.1637
2025-10-02 11:05:05,562 - root - INFO - train average_precision, 0.9827
2025-10-02 11:05:05,562 - root - INFO - train roc_auc, 0.9825
2025-10-02 11:05:05,562 - root - INFO - validate loss: 0.1764
2025-10-02 11:05:05,562 - root - INFO - validate average_precision, 0.9819
2025-10-02 11:05:05,563 - root - INFO - validate roc_auc, 0.9813
2025-10-02 11:05:05,563 - root - INFO - new node validate loss: 0.3243
2025-10-02 11:05:05,563 - root - INFO - new node validate average_precision, 0.9409
2025-10-02 11:05:05,563 - root - INFO - new node validate roc_auc, 0.9362
2025-10-02 11:05:25,145 - root - INFO - test loss: 0.1820
2025-10-02 11:05:25,146 - root - INFO - test average_precision, 0.9813
2025-10-02 11:05:25,146 - root - INFO - best test average_precision: 0.9821
2025-10-02 11:05:25,146 - root - INFO - test roc_auc, 0.9809
2025-10-02 11:05:25,146 - root - INFO - new node test loss: 0.2522
2025-10-02 11:05:25,146 - root - INFO - new node test average_precision, 0.9611
2025-10-02 11:05:25,146 - root - INFO - new node test roc_auc, 0.9620
2025-10-02 11:07:17,386 - root - INFO - Epoch: 36, learning rate: 0.0001, train loss: 0.1636
2025-10-02 11:07:17,387 - root - INFO - train average_precision, 0.9826
2025-10-02 11:07:17,387 - root - INFO - train roc_auc, 0.9825
2025-10-02 11:07:17,387 - root - INFO - validate loss: 0.1771
2025-10-02 11:07:17,388 - root - INFO - validate average_precision, 0.9815
2025-10-02 11:07:17,388 - root - INFO - validate roc_auc, 0.9810
2025-10-02 11:07:17,388 - root - INFO - new node validate loss: 0.3349
2025-10-02 11:07:17,388 - root - INFO - new node validate average_precision, 0.9397
2025-10-02 11:07:17,388 - root - INFO - new node validate roc_auc, 0.9341
2025-10-02 11:07:37,346 - root - INFO - test loss: 0.1927
2025-10-02 11:07:37,346 - root - INFO - test average_precision, 0.9788
2025-10-02 11:07:37,346 - root - INFO - best test average_precision: 0.9821
2025-10-02 11:07:37,346 - root - INFO - test roc_auc, 0.9786
2025-10-02 11:07:37,346 - root - INFO - new node test loss: 0.2624
2025-10-02 11:07:37,346 - root - INFO - new node test average_precision, 0.9599
2025-10-02 11:07:37,346 - root - INFO - new node test roc_auc, 0.9591
2025-10-02 11:09:29,215 - root - INFO - Epoch: 37, learning rate: 0.0001, train loss: 0.1631
2025-10-02 11:09:29,216 - root - INFO - train average_precision, 0.9828
2025-10-02 11:09:29,216 - root - INFO - train roc_auc, 0.9827
2025-10-02 11:09:29,216 - root - INFO - validate loss: 0.1745
2025-10-02 11:09:29,216 - root - INFO - validate average_precision, 0.9825
2025-10-02 11:09:29,216 - root - INFO - validate roc_auc, 0.9818
2025-10-02 11:09:29,216 - root - INFO - new node validate loss: 0.3228
2025-10-02 11:09:29,217 - root - INFO - new node validate average_precision, 0.9425
2025-10-02 11:09:29,217 - root - INFO - new node validate roc_auc, 0.9370
2025-10-02 11:09:48,903 - root - INFO - test loss: 0.1773
2025-10-02 11:09:48,903 - root - INFO - test average_precision, 0.9824
2025-10-02 11:09:48,903 - root - INFO - best test average_precision: 0.9824
2025-10-02 11:09:48,903 - root - INFO - test roc_auc, 0.9821
2025-10-02 11:09:48,903 - root - INFO - new node test loss: 0.2468
2025-10-02 11:09:48,903 - root - INFO - new node test average_precision, 0.9647
2025-10-02 11:09:48,903 - root - INFO - new node test roc_auc, 0.9634
2025-10-02 11:09:48,904 - root - INFO - save model ./saved_models/JODIE/reddit/JODIE_original_seed2/JODIE_original_seed2.pkl
2025-10-02 11:11:42,538 - root - INFO - Epoch: 38, learning rate: 0.0001, train loss: 0.1634
2025-10-02 11:11:42,539 - root - INFO - train average_precision, 0.9827
2025-10-02 11:11:42,539 - root - INFO - train roc_auc, 0.9826
2025-10-02 11:11:42,540 - root - INFO - validate loss: 0.1766
2025-10-02 11:11:42,540 - root - INFO - validate average_precision, 0.9820
2025-10-02 11:11:42,540 - root - INFO - validate roc_auc, 0.9813
2025-10-02 11:11:42,540 - root - INFO - new node validate loss: 0.3225
2025-10-02 11:11:42,540 - root - INFO - new node validate average_precision, 0.9421
2025-10-02 11:11:42,540 - root - INFO - new node validate roc_auc, 0.9369
2025-10-02 11:12:02,521 - root - INFO - test loss: 0.1835
2025-10-02 11:12:02,522 - root - INFO - test average_precision, 0.9801
2025-10-02 11:12:02,522 - root - INFO - best test average_precision: 0.9824
2025-10-02 11:12:02,522 - root - INFO - test roc_auc, 0.9805
2025-10-02 11:12:02,522 - root - INFO - new node test loss: 0.2442
2025-10-02 11:12:02,522 - root - INFO - new node test average_precision, 0.9643
2025-10-02 11:12:02,522 - root - INFO - new node test roc_auc, 0.9641
2025-10-02 11:13:53,760 - root - INFO - Epoch: 39, learning rate: 0.0001, train loss: 0.1625
2025-10-02 11:13:53,761 - root - INFO - train average_precision, 0.9830
2025-10-02 11:13:53,761 - root - INFO - train roc_auc, 0.9828
2025-10-02 11:13:53,762 - root - INFO - validate loss: 0.1737
2025-10-02 11:13:53,762 - root - INFO - validate average_precision, 0.9825
2025-10-02 11:13:53,762 - root - INFO - validate roc_auc, 0.9819
2025-10-02 11:13:53,762 - root - INFO - new node validate loss: 0.3280
2025-10-02 11:13:53,762 - root - INFO - new node validate average_precision, 0.9402
2025-10-02 11:13:53,762 - root - INFO - new node validate roc_auc, 0.9345
2025-10-02 11:14:13,618 - root - INFO - test loss: 0.1779
2025-10-02 11:14:13,618 - root - INFO - test average_precision, 0.9812
2025-10-02 11:14:13,619 - root - INFO - best test average_precision: 0.9824
2025-10-02 11:14:13,619 - root - INFO - test roc_auc, 0.9816
2025-10-02 11:14:13,619 - root - INFO - new node test loss: 0.2550
2025-10-02 11:14:13,619 - root - INFO - new node test average_precision, 0.9612
2025-10-02 11:14:13,619 - root - INFO - new node test roc_auc, 0.9607
2025-10-02 11:14:13,619 - root - INFO - save model ./saved_models/JODIE/reddit/JODIE_original_seed2/JODIE_original_seed2.pkl
2025-10-02 11:16:06,776 - root - INFO - Epoch: 40, learning rate: 0.0001, train loss: 0.1607
2025-10-02 11:16:06,777 - root - INFO - train average_precision, 0.9833
2025-10-02 11:16:06,777 - root - INFO - train roc_auc, 0.9832
2025-10-02 11:16:06,778 - root - INFO - validate loss: 0.1744
2025-10-02 11:16:06,778 - root - INFO - validate average_precision, 0.9824
2025-10-02 11:16:06,778 - root - INFO - validate roc_auc, 0.9818
2025-10-02 11:16:06,778 - root - INFO - new node validate loss: 0.3174
2025-10-02 11:16:06,778 - root - INFO - new node validate average_precision, 0.9447
2025-10-02 11:16:06,778 - root - INFO - new node validate roc_auc, 0.9391
2025-10-02 11:16:26,635 - root - INFO - test loss: 0.1790
2025-10-02 11:16:26,635 - root - INFO - test average_precision, 0.9819
2025-10-02 11:16:26,635 - root - INFO - best test average_precision: 0.9824
2025-10-02 11:16:26,635 - root - INFO - test roc_auc, 0.9816
2025-10-02 11:16:26,635 - root - INFO - new node test loss: 0.2457
2025-10-02 11:16:26,635 - root - INFO - new node test average_precision, 0.9647
2025-10-02 11:16:26,635 - root - INFO - new node test roc_auc, 0.9638
2025-10-02 11:18:18,352 - root - INFO - Epoch: 41, learning rate: 0.0001, train loss: 0.1620
2025-10-02 11:18:18,353 - root - INFO - train average_precision, 0.9829
2025-10-02 11:18:18,353 - root - INFO - train roc_auc, 0.9829
2025-10-02 11:18:18,353 - root - INFO - validate loss: 0.1747
2025-10-02 11:18:18,353 - root - INFO - validate average_precision, 0.9821
2025-10-02 11:18:18,353 - root - INFO - validate roc_auc, 0.9814
2025-10-02 11:18:18,354 - root - INFO - new node validate loss: 0.3371
2025-10-02 11:18:18,354 - root - INFO - new node validate average_precision, 0.9400
2025-10-02 11:18:18,354 - root - INFO - new node validate roc_auc, 0.9340
2025-10-02 11:18:37,831 - root - INFO - test loss: 0.1776
2025-10-02 11:18:37,831 - root - INFO - test average_precision, 0.9807
2025-10-02 11:18:37,831 - root - INFO - best test average_precision: 0.9824
2025-10-02 11:18:37,831 - root - INFO - test roc_auc, 0.9808
2025-10-02 11:18:37,831 - root - INFO - new node test loss: 0.2562
2025-10-02 11:18:37,831 - root - INFO - new node test average_precision, 0.9614
2025-10-02 11:18:37,831 - root - INFO - new node test roc_auc, 0.9610
2025-10-02 11:20:29,413 - root - INFO - Epoch: 42, learning rate: 0.0001, train loss: 0.1615
2025-10-02 11:20:29,414 - root - INFO - train average_precision, 0.9831
2025-10-02 11:20:29,414 - root - INFO - train roc_auc, 0.9830
2025-10-02 11:20:29,415 - root - INFO - validate loss: 0.1730
2025-10-02 11:20:29,415 - root - INFO - validate average_precision, 0.9826
2025-10-02 11:20:29,415 - root - INFO - validate roc_auc, 0.9820
2025-10-02 11:20:29,415 - root - INFO - new node validate loss: 0.3215
2025-10-02 11:20:29,415 - root - INFO - new node validate average_precision, 0.9437
2025-10-02 11:20:29,415 - root - INFO - new node validate roc_auc, 0.9377
2025-10-02 11:20:49,059 - root - INFO - test loss: 0.1788
2025-10-02 11:20:49,059 - root - INFO - test average_precision, 0.9800
2025-10-02 11:20:49,059 - root - INFO - best test average_precision: 0.9824
2025-10-02 11:20:49,060 - root - INFO - test roc_auc, 0.9814
2025-10-02 11:20:49,060 - root - INFO - new node test loss: 0.2438
2025-10-02 11:20:49,060 - root - INFO - new node test average_precision, 0.9653
2025-10-02 11:20:49,060 - root - INFO - new node test roc_auc, 0.9640
2025-10-02 11:20:49,060 - root - INFO - save model ./saved_models/JODIE/reddit/JODIE_original_seed2/JODIE_original_seed2.pkl
2025-10-02 11:22:42,326 - root - INFO - Epoch: 43, learning rate: 0.0001, train loss: 0.1603
2025-10-02 11:22:42,327 - root - INFO - train average_precision, 0.9833
2025-10-02 11:22:42,327 - root - INFO - train roc_auc, 0.9832
2025-10-02 11:22:42,327 - root - INFO - validate loss: 0.1748
2025-10-02 11:22:42,327 - root - INFO - validate average_precision, 0.9825
2025-10-02 11:22:42,328 - root - INFO - validate roc_auc, 0.9819
2025-10-02 11:22:42,328 - root - INFO - new node validate loss: 0.3300
2025-10-02 11:22:42,328 - root - INFO - new node validate average_precision, 0.9397
2025-10-02 11:22:42,328 - root - INFO - new node validate roc_auc, 0.9336
2025-10-02 11:23:01,884 - root - INFO - test loss: 0.1783
2025-10-02 11:23:01,884 - root - INFO - test average_precision, 0.9815
2025-10-02 11:23:01,884 - root - INFO - best test average_precision: 0.9824
2025-10-02 11:23:01,884 - root - INFO - test roc_auc, 0.9818
2025-10-02 11:23:01,884 - root - INFO - new node test loss: 0.2494
2025-10-02 11:23:01,884 - root - INFO - new node test average_precision, 0.9629
2025-10-02 11:23:01,884 - root - INFO - new node test roc_auc, 0.9630
2025-10-02 11:24:52,981 - root - INFO - Epoch: 44, learning rate: 0.0001, train loss: 0.1607
2025-10-02 11:24:52,982 - root - INFO - train average_precision, 0.9833
2025-10-02 11:24:52,982 - root - INFO - train roc_auc, 0.9831
2025-10-02 11:24:52,982 - root - INFO - validate loss: 0.1738
2025-10-02 11:24:52,983 - root - INFO - validate average_precision, 0.9825
2025-10-02 11:24:52,983 - root - INFO - validate roc_auc, 0.9819
2025-10-02 11:24:52,983 - root - INFO - new node validate loss: 0.3266
2025-10-02 11:24:52,983 - root - INFO - new node validate average_precision, 0.9416
2025-10-02 11:24:52,983 - root - INFO - new node validate roc_auc, 0.9357
2025-10-02 11:25:12,413 - root - INFO - test loss: 0.1803
2025-10-02 11:25:12,414 - root - INFO - test average_precision, 0.9808
2025-10-02 11:25:12,414 - root - INFO - best test average_precision: 0.9824
2025-10-02 11:25:12,414 - root - INFO - test roc_auc, 0.9811
2025-10-02 11:25:12,414 - root - INFO - new node test loss: 0.2430
2025-10-02 11:25:12,414 - root - INFO - new node test average_precision, 0.9650
2025-10-02 11:25:12,414 - root - INFO - new node test roc_auc, 0.9643
2025-10-02 11:27:04,918 - root - INFO - Epoch: 45, learning rate: 0.0001, train loss: 0.1604
2025-10-02 11:27:04,918 - root - INFO - train average_precision, 0.9833
2025-10-02 11:27:04,919 - root - INFO - train roc_auc, 0.9832
2025-10-02 11:27:04,919 - root - INFO - validate loss: 0.1734
2025-10-02 11:27:04,919 - root - INFO - validate average_precision, 0.9825
2025-10-02 11:27:04,919 - root - INFO - validate roc_auc, 0.9818
2025-10-02 11:27:04,919 - root - INFO - new node validate loss: 0.3318
2025-10-02 11:27:04,919 - root - INFO - new node validate average_precision, 0.9406
2025-10-02 11:27:04,919 - root - INFO - new node validate roc_auc, 0.9348
2025-10-02 11:27:24,651 - root - INFO - test loss: 0.1761
2025-10-02 11:27:24,652 - root - INFO - test average_precision, 0.9811
2025-10-02 11:27:24,652 - root - INFO - best test average_precision: 0.9824
2025-10-02 11:27:24,652 - root - INFO - test roc_auc, 0.9814
2025-10-02 11:27:24,652 - root - INFO - new node test loss: 0.2417
2025-10-02 11:27:24,652 - root - INFO - new node test average_precision, 0.9657
2025-10-02 11:27:24,652 - root - INFO - new node test roc_auc, 0.9649
2025-10-02 11:29:15,816 - root - INFO - Epoch: 46, learning rate: 0.0001, train loss: 0.1591
2025-10-02 11:29:15,817 - root - INFO - train average_precision, 0.9835
2025-10-02 11:29:15,817 - root - INFO - train roc_auc, 0.9834
2025-10-02 11:29:15,817 - root - INFO - validate loss: 0.1719
2025-10-02 11:29:15,817 - root - INFO - validate average_precision, 0.9827
2025-10-02 11:29:15,817 - root - INFO - validate roc_auc, 0.9820
2025-10-02 11:29:15,817 - root - INFO - new node validate loss: 0.3276
2025-10-02 11:29:15,817 - root - INFO - new node validate average_precision, 0.9421
2025-10-02 11:29:15,817 - root - INFO - new node validate roc_auc, 0.9365
2025-10-02 11:29:35,424 - root - INFO - test loss: 0.1735
2025-10-02 11:29:35,424 - root - INFO - test average_precision, 0.9806
2025-10-02 11:29:35,425 - root - INFO - best test average_precision: 0.9824
2025-10-02 11:29:35,425 - root - INFO - test roc_auc, 0.9819
2025-10-02 11:29:35,425 - root - INFO - new node test loss: 0.2392
2025-10-02 11:29:35,425 - root - INFO - new node test average_precision, 0.9664
2025-10-02 11:29:35,425 - root - INFO - new node test roc_auc, 0.9659
2025-10-02 11:29:35,425 - root - INFO - save model ./saved_models/JODIE/reddit/JODIE_original_seed2/JODIE_original_seed2.pkl
2025-10-02 11:31:28,167 - root - INFO - Epoch: 47, learning rate: 0.0001, train loss: 0.1592
2025-10-02 11:31:28,168 - root - INFO - train average_precision, 0.9835
2025-10-02 11:31:28,168 - root - INFO - train roc_auc, 0.9834
2025-10-02 11:31:28,168 - root - INFO - validate loss: 0.1724
2025-10-02 11:31:28,168 - root - INFO - validate average_precision, 0.9828
2025-10-02 11:31:28,168 - root - INFO - validate roc_auc, 0.9821
2025-10-02 11:31:28,169 - root - INFO - new node validate loss: 0.3281
2025-10-02 11:31:28,169 - root - INFO - new node validate average_precision, 0.9433
2025-10-02 11:31:28,169 - root - INFO - new node validate roc_auc, 0.9373
2025-10-02 11:31:47,829 - root - INFO - test loss: 0.1727
2025-10-02 11:31:47,829 - root - INFO - test average_precision, 0.9825
2025-10-02 11:31:47,829 - root - INFO - best test average_precision: 0.9825
2025-10-02 11:31:47,829 - root - INFO - test roc_auc, 0.9823
2025-10-02 11:31:47,829 - root - INFO - new node test loss: 0.2463
2025-10-02 11:31:47,829 - root - INFO - new node test average_precision, 0.9643
2025-10-02 11:31:47,829 - root - INFO - new node test roc_auc, 0.9640
2025-10-02 11:31:47,830 - root - INFO - save model ./saved_models/JODIE/reddit/JODIE_original_seed2/JODIE_original_seed2.pkl
2025-10-02 11:33:41,638 - root - INFO - Epoch: 48, learning rate: 0.0001, train loss: 0.1583
2025-10-02 11:33:41,638 - root - INFO - train average_precision, 0.9837
2025-10-02 11:33:41,639 - root - INFO - train roc_auc, 0.9836
2025-10-02 11:33:41,639 - root - INFO - validate loss: 0.1743
2025-10-02 11:33:41,639 - root - INFO - validate average_precision, 0.9825
2025-10-02 11:33:41,639 - root - INFO - validate roc_auc, 0.9818
2025-10-02 11:33:41,639 - root - INFO - new node validate loss: 0.3403
2025-10-02 11:33:41,639 - root - INFO - new node validate average_precision, 0.9379
2025-10-02 11:33:41,639 - root - INFO - new node validate roc_auc, 0.9317
2025-10-02 11:34:01,555 - root - INFO - test loss: 0.1773
2025-10-02 11:34:01,555 - root - INFO - test average_precision, 0.9819
2025-10-02 11:34:01,555 - root - INFO - best test average_precision: 0.9825
2025-10-02 11:34:01,555 - root - INFO - test roc_auc, 0.9817
2025-10-02 11:34:01,555 - root - INFO - new node test loss: 0.2576
2025-10-02 11:34:01,555 - root - INFO - new node test average_precision, 0.9608
2025-10-02 11:34:01,555 - root - INFO - new node test roc_auc, 0.9604
2025-10-02 11:35:53,383 - root - INFO - Epoch: 49, learning rate: 0.0001, train loss: 0.1596
2025-10-02 11:35:53,384 - root - INFO - train average_precision, 0.9833
2025-10-02 11:35:53,384 - root - INFO - train roc_auc, 0.9833
2025-10-02 11:35:53,384 - root - INFO - validate loss: 0.1758
2025-10-02 11:35:53,384 - root - INFO - validate average_precision, 0.9823
2025-10-02 11:35:53,385 - root - INFO - validate roc_auc, 0.9815
2025-10-02 11:35:53,385 - root - INFO - new node validate loss: 0.3345
2025-10-02 11:35:53,385 - root - INFO - new node validate average_precision, 0.9393
2025-10-02 11:35:53,385 - root - INFO - new node validate roc_auc, 0.9341
2025-10-02 11:36:12,848 - root - INFO - test loss: 0.1892
2025-10-02 11:36:12,849 - root - INFO - test average_precision, 0.9784
2025-10-02 11:36:12,849 - root - INFO - best test average_precision: 0.9825
2025-10-02 11:36:12,849 - root - INFO - test roc_auc, 0.9794
2025-10-02 11:36:12,849 - root - INFO - new node test loss: 0.2646
2025-10-02 11:36:12,849 - root - INFO - new node test average_precision, 0.9597
2025-10-02 11:36:12,849 - root - INFO - new node test roc_auc, 0.9594
2025-10-02 11:38:04,564 - root - INFO - Epoch: 50, learning rate: 0.0001, train loss: 0.1579
2025-10-02 11:38:04,565 - root - INFO - train average_precision, 0.9838
2025-10-02 11:38:04,566 - root - INFO - train roc_auc, 0.9838
2025-10-02 11:38:04,566 - root - INFO - validate loss: 0.1768
2025-10-02 11:38:04,566 - root - INFO - validate average_precision, 0.9820
2025-10-02 11:38:04,566 - root - INFO - validate roc_auc, 0.9812
2025-10-02 11:38:04,566 - root - INFO - new node validate loss: 0.3425
2025-10-02 11:38:04,566 - root - INFO - new node validate average_precision, 0.9394
2025-10-02 11:38:04,566 - root - INFO - new node validate roc_auc, 0.9338
2025-10-02 11:38:24,044 - root - INFO - test loss: 0.1809
2025-10-02 11:38:24,045 - root - INFO - test average_precision, 0.9805
2025-10-02 11:38:24,045 - root - INFO - best test average_precision: 0.9825
2025-10-02 11:38:24,045 - root - INFO - test roc_auc, 0.9806
2025-10-02 11:38:24,045 - root - INFO - new node test loss: 0.2579
2025-10-02 11:38:24,045 - root - INFO - new node test average_precision, 0.9620
2025-10-02 11:38:24,045 - root - INFO - new node test roc_auc, 0.9606
2025-10-02 11:40:15,288 - root - INFO - Epoch: 51, learning rate: 0.0001, train loss: 0.1575
2025-10-02 11:40:15,289 - root - INFO - train average_precision, 0.9839
2025-10-02 11:40:15,289 - root - INFO - train roc_auc, 0.9838
2025-10-02 11:40:15,290 - root - INFO - validate loss: 0.1789
2025-10-02 11:40:15,290 - root - INFO - validate average_precision, 0.9813
2025-10-02 11:40:15,290 - root - INFO - validate roc_auc, 0.9806
2025-10-02 11:40:15,290 - root - INFO - new node validate loss: 0.3420
2025-10-02 11:40:15,290 - root - INFO - new node validate average_precision, 0.9382
2025-10-02 11:40:15,290 - root - INFO - new node validate roc_auc, 0.9324
2025-10-02 11:40:34,789 - root - INFO - test loss: 0.1979
2025-10-02 11:40:34,789 - root - INFO - test average_precision, 0.9768
2025-10-02 11:40:34,789 - root - INFO - best test average_precision: 0.9825
2025-10-02 11:40:34,790 - root - INFO - test roc_auc, 0.9771
2025-10-02 11:40:34,790 - root - INFO - new node test loss: 0.2728
2025-10-02 11:40:34,790 - root - INFO - new node test average_precision, 0.9564
2025-10-02 11:40:34,790 - root - INFO - new node test roc_auc, 0.9565
2025-10-02 11:42:27,006 - root - INFO - Epoch: 52, learning rate: 0.0001, train loss: 0.1577
2025-10-02 11:42:27,007 - root - INFO - train average_precision, 0.9837
2025-10-02 11:42:27,007 - root - INFO - train roc_auc, 0.9837
2025-10-02 11:42:27,007 - root - INFO - validate loss: 0.1753
2025-10-02 11:42:27,007 - root - INFO - validate average_precision, 0.9823
2025-10-02 11:42:27,008 - root - INFO - validate roc_auc, 0.9815
2025-10-02 11:42:27,008 - root - INFO - new node validate loss: 0.3440
2025-10-02 11:42:27,008 - root - INFO - new node validate average_precision, 0.9368
2025-10-02 11:42:27,008 - root - INFO - new node validate roc_auc, 0.9303
2025-10-02 11:42:46,783 - root - INFO - test loss: 0.1834
2025-10-02 11:42:46,783 - root - INFO - test average_precision, 0.9796
2025-10-02 11:42:46,783 - root - INFO - best test average_precision: 0.9825
2025-10-02 11:42:46,783 - root - INFO - test roc_auc, 0.9803
2025-10-02 11:42:46,783 - root - INFO - new node test loss: 0.2643
2025-10-02 11:42:46,783 - root - INFO - new node test average_precision, 0.9589
2025-10-02 11:42:46,783 - root - INFO - new node test roc_auc, 0.9585
2025-10-02 11:44:38,158 - root - INFO - Epoch: 53, learning rate: 0.0001, train loss: 0.1571
2025-10-02 11:44:38,159 - root - INFO - train average_precision, 0.9839
2025-10-02 11:44:38,159 - root - INFO - train roc_auc, 0.9839
2025-10-02 11:44:38,159 - root - INFO - validate loss: 0.1747
2025-10-02 11:44:38,160 - root - INFO - validate average_precision, 0.9822
2025-10-02 11:44:38,160 - root - INFO - validate roc_auc, 0.9814
2025-10-02 11:44:38,160 - root - INFO - new node validate loss: 0.3367
2025-10-02 11:44:38,160 - root - INFO - new node validate average_precision, 0.9386
2025-10-02 11:44:38,160 - root - INFO - new node validate roc_auc, 0.9340
2025-10-02 11:44:58,018 - root - INFO - test loss: 0.1815
2025-10-02 11:44:58,019 - root - INFO - test average_precision, 0.9803
2025-10-02 11:44:58,019 - root - INFO - best test average_precision: 0.9825
2025-10-02 11:44:58,019 - root - INFO - test roc_auc, 0.9800
2025-10-02 11:44:58,019 - root - INFO - new node test loss: 0.2587
2025-10-02 11:44:58,019 - root - INFO - new node test average_precision, 0.9609
2025-10-02 11:44:58,019 - root - INFO - new node test roc_auc, 0.9600
2025-10-02 11:46:49,510 - root - INFO - Epoch: 54, learning rate: 0.0001, train loss: 0.1577
2025-10-02 11:46:49,511 - root - INFO - train average_precision, 0.9838
2025-10-02 11:46:49,511 - root - INFO - train roc_auc, 0.9838
2025-10-02 11:46:49,511 - root - INFO - validate loss: 0.1760
2025-10-02 11:46:49,511 - root - INFO - validate average_precision, 0.9821
2025-10-02 11:46:49,512 - root - INFO - validate roc_auc, 0.9814
2025-10-02 11:46:49,512 - root - INFO - new node validate loss: 0.3306
2025-10-02 11:46:49,512 - root - INFO - new node validate average_precision, 0.9405
2025-10-02 11:46:49,512 - root - INFO - new node validate roc_auc, 0.9351
2025-10-02 11:47:08,971 - root - INFO - test loss: 0.1900
2025-10-02 11:47:08,971 - root - INFO - test average_precision, 0.9792
2025-10-02 11:47:08,971 - root - INFO - best test average_precision: 0.9825
2025-10-02 11:47:08,971 - root - INFO - test roc_auc, 0.9792
2025-10-02 11:47:08,971 - root - INFO - new node test loss: 0.2579
2025-10-02 11:47:08,971 - root - INFO - new node test average_precision, 0.9611
2025-10-02 11:47:08,971 - root - INFO - new node test roc_auc, 0.9608
2025-10-02 11:48:59,882 - root - INFO - Epoch: 55, learning rate: 0.0001, train loss: 0.1562
2025-10-02 11:48:59,883 - root - INFO - train average_precision, 0.9841
2025-10-02 11:48:59,883 - root - INFO - train roc_auc, 0.9841
2025-10-02 11:48:59,883 - root - INFO - validate loss: 0.1752
2025-10-02 11:48:59,884 - root - INFO - validate average_precision, 0.9822
2025-10-02 11:48:59,884 - root - INFO - validate roc_auc, 0.9815
2025-10-02 11:48:59,884 - root - INFO - new node validate loss: 0.3324
2025-10-02 11:48:59,884 - root - INFO - new node validate average_precision, 0.9399
2025-10-02 11:48:59,884 - root - INFO - new node validate roc_auc, 0.9344
2025-10-02 11:49:19,498 - root - INFO - test loss: 0.1852
2025-10-02 11:49:19,498 - root - INFO - test average_precision, 0.9788
2025-10-02 11:49:19,498 - root - INFO - best test average_precision: 0.9825
2025-10-02 11:49:19,498 - root - INFO - test roc_auc, 0.9798
2025-10-02 11:49:19,498 - root - INFO - new node test loss: 0.2606
2025-10-02 11:49:19,498 - root - INFO - new node test average_precision, 0.9599
2025-10-02 11:49:19,498 - root - INFO - new node test roc_auc, 0.9594
2025-10-02 11:51:12,698 - root - INFO - Epoch: 56, learning rate: 0.0001, train loss: 0.1563
2025-10-02 11:51:12,698 - root - INFO - train average_precision, 0.9840
2025-10-02 11:51:12,699 - root - INFO - train roc_auc, 0.9840
2025-10-02 11:51:12,699 - root - INFO - validate loss: 0.1760
2025-10-02 11:51:12,699 - root - INFO - validate average_precision, 0.9824
2025-10-02 11:51:12,699 - root - INFO - validate roc_auc, 0.9816
2025-10-02 11:51:12,699 - root - INFO - new node validate loss: 0.3287
2025-10-02 11:51:12,699 - root - INFO - new node validate average_precision, 0.9411
2025-10-02 11:51:12,699 - root - INFO - new node validate roc_auc, 0.9351
2025-10-02 11:51:32,431 - root - INFO - test loss: 0.1795
2025-10-02 11:51:32,431 - root - INFO - test average_precision, 0.9819
2025-10-02 11:51:32,431 - root - INFO - best test average_precision: 0.9825
2025-10-02 11:51:32,431 - root - INFO - test roc_auc, 0.9816
2025-10-02 11:51:32,432 - root - INFO - new node test loss: 0.2582
2025-10-02 11:51:32,432 - root - INFO - new node test average_precision, 0.9592
2025-10-02 11:51:32,432 - root - INFO - new node test roc_auc, 0.9610
2025-10-02 11:53:24,254 - root - INFO - Epoch: 57, learning rate: 0.0001, train loss: 0.1556
2025-10-02 11:53:24,255 - root - INFO - train average_precision, 0.9841
2025-10-02 11:53:24,255 - root - INFO - train roc_auc, 0.9842
2025-10-02 11:53:24,255 - root - INFO - validate loss: 0.1753
2025-10-02 11:53:24,256 - root - INFO - validate average_precision, 0.9821
2025-10-02 11:53:24,256 - root - INFO - validate roc_auc, 0.9814
2025-10-02 11:53:24,256 - root - INFO - new node validate loss: 0.3479
2025-10-02 11:53:24,256 - root - INFO - new node validate average_precision, 0.9358
2025-10-02 11:53:24,256 - root - INFO - new node validate roc_auc, 0.9310
2025-10-02 11:53:43,751 - root - INFO - test loss: 0.1836
2025-10-02 11:53:43,751 - root - INFO - test average_precision, 0.9799
2025-10-02 11:53:43,751 - root - INFO - best test average_precision: 0.9825
2025-10-02 11:53:43,751 - root - INFO - test roc_auc, 0.9802
2025-10-02 11:53:43,751 - root - INFO - new node test loss: 0.2583
2025-10-02 11:53:43,751 - root - INFO - new node test average_precision, 0.9605
2025-10-02 11:53:43,751 - root - INFO - new node test roc_auc, 0.9601
2025-10-02 11:55:35,448 - root - INFO - Epoch: 58, learning rate: 0.0001, train loss: 0.1555
2025-10-02 11:55:35,448 - root - INFO - train average_precision, 0.9843
2025-10-02 11:55:35,449 - root - INFO - train roc_auc, 0.9842
2025-10-02 11:55:35,449 - root - INFO - validate loss: 0.1738
2025-10-02 11:55:35,449 - root - INFO - validate average_precision, 0.9825
2025-10-02 11:55:35,449 - root - INFO - validate roc_auc, 0.9817
2025-10-02 11:55:35,449 - root - INFO - new node validate loss: 0.3285
2025-10-02 11:55:35,449 - root - INFO - new node validate average_precision, 0.9420
2025-10-02 11:55:35,449 - root - INFO - new node validate roc_auc, 0.9379
2025-10-02 11:55:54,914 - root - INFO - test loss: 0.1747
2025-10-02 11:55:54,914 - root - INFO - test average_precision, 0.9815
2025-10-02 11:55:54,914 - root - INFO - best test average_precision: 0.9825
2025-10-02 11:55:54,915 - root - INFO - test roc_auc, 0.9816
2025-10-02 11:55:54,915 - root - INFO - new node test loss: 0.2456
2025-10-02 11:55:54,915 - root - INFO - new node test average_precision, 0.9648
2025-10-02 11:55:54,915 - root - INFO - new node test roc_auc, 0.9643
2025-10-02 11:57:46,918 - root - INFO - Epoch: 59, learning rate: 0.0001, train loss: 0.1550
2025-10-02 11:57:46,919 - root - INFO - train average_precision, 0.9843
2025-10-02 11:57:46,919 - root - INFO - train roc_auc, 0.9843
2025-10-02 11:57:46,919 - root - INFO - validate loss: 0.1752
2025-10-02 11:57:46,919 - root - INFO - validate average_precision, 0.9823
2025-10-02 11:57:46,920 - root - INFO - validate roc_auc, 0.9815
2025-10-02 11:57:46,920 - root - INFO - new node validate loss: 0.3473
2025-10-02 11:57:46,920 - root - INFO - new node validate average_precision, 0.9363
2025-10-02 11:57:46,920 - root - INFO - new node validate roc_auc, 0.9317
2025-10-02 11:58:06,964 - root - INFO - test loss: 0.1776
2025-10-02 11:58:06,964 - root - INFO - test average_precision, 0.9814
2025-10-02 11:58:06,964 - root - INFO - best test average_precision: 0.9825
2025-10-02 11:58:06,964 - root - INFO - test roc_auc, 0.9811
2025-10-02 11:58:06,964 - root - INFO - new node test loss: 0.2604
2025-10-02 11:58:06,964 - root - INFO - new node test average_precision, 0.9609
2025-10-02 11:58:06,964 - root - INFO - new node test roc_auc, 0.9600
2025-10-02 11:59:58,592 - root - INFO - Epoch: 60, learning rate: 0.0001, train loss: 0.1557
2025-10-02 11:59:58,593 - root - INFO - train average_precision, 0.9841
2025-10-02 11:59:58,593 - root - INFO - train roc_auc, 0.9842
2025-10-02 11:59:58,593 - root - INFO - validate loss: 0.1744
2025-10-02 11:59:58,594 - root - INFO - validate average_precision, 0.9822
2025-10-02 11:59:58,594 - root - INFO - validate roc_auc, 0.9814
2025-10-02 11:59:58,594 - root - INFO - new node validate loss: 0.3377
2025-10-02 11:59:58,594 - root - INFO - new node validate average_precision, 0.9388
2025-10-02 11:59:58,594 - root - INFO - new node validate roc_auc, 0.9339
2025-10-02 12:00:18,248 - root - INFO - test loss: 0.1774
2025-10-02 12:00:18,248 - root - INFO - test average_precision, 0.9802
2025-10-02 12:00:18,248 - root - INFO - best test average_precision: 0.9825
2025-10-02 12:00:18,248 - root - INFO - test roc_auc, 0.9808
2025-10-02 12:00:18,248 - root - INFO - new node test loss: 0.2481
2025-10-02 12:00:18,248 - root - INFO - new node test average_precision, 0.9642
2025-10-02 12:00:18,248 - root - INFO - new node test roc_auc, 0.9632
2025-10-02 12:02:09,494 - root - INFO - Epoch: 61, learning rate: 0.0001, train loss: 0.1549
2025-10-02 12:02:09,495 - root - INFO - train average_precision, 0.9842
2025-10-02 12:02:09,496 - root - INFO - train roc_auc, 0.9843
2025-10-02 12:02:09,496 - root - INFO - validate loss: 0.1732
2025-10-02 12:02:09,496 - root - INFO - validate average_precision, 0.9828
2025-10-02 12:02:09,496 - root - INFO - validate roc_auc, 0.9820
2025-10-02 12:02:09,496 - root - INFO - new node validate loss: 0.3354
2025-10-02 12:02:09,496 - root - INFO - new node validate average_precision, 0.9384
2025-10-02 12:02:09,496 - root - INFO - new node validate roc_auc, 0.9350
2025-10-02 12:02:29,216 - root - INFO - test loss: 0.1814
2025-10-02 12:02:29,217 - root - INFO - test average_precision, 0.9801
2025-10-02 12:02:29,217 - root - INFO - best test average_precision: 0.9825
2025-10-02 12:02:29,217 - root - INFO - test roc_auc, 0.9806
2025-10-02 12:02:29,217 - root - INFO - new node test loss: 0.2487
2025-10-02 12:02:29,217 - root - INFO - new node test average_precision, 0.9637
2025-10-02 12:02:29,217 - root - INFO - new node test roc_auc, 0.9632
2025-10-02 12:04:20,646 - root - INFO - Epoch: 62, learning rate: 0.0001, train loss: 0.1551
2025-10-02 12:04:20,647 - root - INFO - train average_precision, 0.9842
2025-10-02 12:04:20,648 - root - INFO - train roc_auc, 0.9843
2025-10-02 12:04:20,648 - root - INFO - validate loss: 0.1771
2025-10-02 12:04:20,648 - root - INFO - validate average_precision, 0.9819
2025-10-02 12:04:20,648 - root - INFO - validate roc_auc, 0.9811
2025-10-02 12:04:20,648 - root - INFO - new node validate loss: 0.3333
2025-10-02 12:04:20,648 - root - INFO - new node validate average_precision, 0.9374
2025-10-02 12:04:20,648 - root - INFO - new node validate roc_auc, 0.9346
2025-10-02 12:04:40,159 - root - INFO - test loss: 0.1929
2025-10-02 12:04:40,159 - root - INFO - test average_precision, 0.9781
2025-10-02 12:04:40,159 - root - INFO - best test average_precision: 0.9825
2025-10-02 12:04:40,159 - root - INFO - test roc_auc, 0.9786
2025-10-02 12:04:40,159 - root - INFO - new node test loss: 0.2595
2025-10-02 12:04:40,159 - root - INFO - new node test average_precision, 0.9593
2025-10-02 12:04:40,159 - root - INFO - new node test roc_auc, 0.9606
2025-10-02 12:06:31,746 - root - INFO - Epoch: 63, learning rate: 0.0001, train loss: 0.1538
2025-10-02 12:06:31,747 - root - INFO - train average_precision, 0.9844
2025-10-02 12:06:31,747 - root - INFO - train roc_auc, 0.9845
2025-10-02 12:06:31,747 - root - INFO - validate loss: 0.1746
2025-10-02 12:06:31,748 - root - INFO - validate average_precision, 0.9825
2025-10-02 12:06:31,748 - root - INFO - validate roc_auc, 0.9817
2025-10-02 12:06:31,748 - root - INFO - new node validate loss: 0.3332
2025-10-02 12:06:31,748 - root - INFO - new node validate average_precision, 0.9397
2025-10-02 12:06:31,748 - root - INFO - new node validate roc_auc, 0.9359
2025-10-02 12:06:51,525 - root - INFO - test loss: 0.1789
2025-10-02 12:06:51,525 - root - INFO - test average_precision, 0.9812
2025-10-02 12:06:51,525 - root - INFO - best test average_precision: 0.9825
2025-10-02 12:06:51,525 - root - INFO - test roc_auc, 0.9812
2025-10-02 12:06:51,525 - root - INFO - new node test loss: 0.2564
2025-10-02 12:06:51,525 - root - INFO - new node test average_precision, 0.9611
2025-10-02 12:06:51,525 - root - INFO - new node test roc_auc, 0.9611
2025-10-02 12:08:43,641 - root - INFO - Epoch: 64, learning rate: 0.0001, train loss: 0.1543
2025-10-02 12:08:43,642 - root - INFO - train average_precision, 0.9843
2025-10-02 12:08:43,642 - root - INFO - train roc_auc, 0.9844
2025-10-02 12:08:43,642 - root - INFO - validate loss: 0.1751
2025-10-02 12:08:43,642 - root - INFO - validate average_precision, 0.9823
2025-10-02 12:08:43,642 - root - INFO - validate roc_auc, 0.9816
2025-10-02 12:08:43,642 - root - INFO - new node validate loss: 0.3394
2025-10-02 12:08:43,642 - root - INFO - new node validate average_precision, 0.9368
2025-10-02 12:08:43,642 - root - INFO - new node validate roc_auc, 0.9332
2025-10-02 12:09:03,583 - root - INFO - test loss: 0.1867
2025-10-02 12:09:03,584 - root - INFO - test average_precision, 0.9801
2025-10-02 12:09:03,584 - root - INFO - best test average_precision: 0.9825
2025-10-02 12:09:03,584 - root - INFO - test roc_auc, 0.9801
2025-10-02 12:09:03,584 - root - INFO - new node test loss: 0.2592
2025-10-02 12:09:03,584 - root - INFO - new node test average_precision, 0.9597
2025-10-02 12:09:03,584 - root - INFO - new node test roc_auc, 0.9608
2025-10-02 12:10:54,802 - root - INFO - Epoch: 65, learning rate: 0.0001, train loss: 0.1544
2025-10-02 12:10:54,803 - root - INFO - train average_precision, 0.9842
2025-10-02 12:10:54,804 - root - INFO - train roc_auc, 0.9844
2025-10-02 12:10:54,804 - root - INFO - validate loss: 0.1755
2025-10-02 12:10:54,804 - root - INFO - validate average_precision, 0.9820
2025-10-02 12:10:54,804 - root - INFO - validate roc_auc, 0.9813
2025-10-02 12:10:54,804 - root - INFO - new node validate loss: 0.3330
2025-10-02 12:10:54,804 - root - INFO - new node validate average_precision, 0.9393
2025-10-02 12:10:54,804 - root - INFO - new node validate roc_auc, 0.9348
2025-10-02 12:11:14,340 - root - INFO - test loss: 0.1848
2025-10-02 12:11:14,341 - root - INFO - test average_precision, 0.9775
2025-10-02 12:11:14,341 - root - INFO - best test average_precision: 0.9825
2025-10-02 12:11:14,341 - root - INFO - test roc_auc, 0.9796
2025-10-02 12:11:14,341 - root - INFO - new node test loss: 0.2641
2025-10-02 12:11:14,341 - root - INFO - new node test average_precision, 0.9581
2025-10-02 12:11:14,341 - root - INFO - new node test roc_auc, 0.9586
2025-10-02 12:13:05,844 - root - INFO - Epoch: 66, learning rate: 0.0001, train loss: 0.1531
2025-10-02 12:13:05,845 - root - INFO - train average_precision, 0.9847
2025-10-02 12:13:05,845 - root - INFO - train roc_auc, 0.9847
2025-10-02 12:13:05,845 - root - INFO - validate loss: 0.1733
2025-10-02 12:13:05,845 - root - INFO - validate average_precision, 0.9829
2025-10-02 12:13:05,845 - root - INFO - validate roc_auc, 0.9821
2025-10-02 12:13:05,845 - root - INFO - new node validate loss: 0.3244
2025-10-02 12:13:05,846 - root - INFO - new node validate average_precision, 0.9416
2025-10-02 12:13:05,846 - root - INFO - new node validate roc_auc, 0.9380
2025-10-02 12:13:25,455 - root - INFO - test loss: 0.1774
2025-10-02 12:13:25,455 - root - INFO - test average_precision, 0.9811
2025-10-02 12:13:25,455 - root - INFO - best test average_precision: 0.9825
2025-10-02 12:13:25,455 - root - INFO - test roc_auc, 0.9816
2025-10-02 12:13:25,456 - root - INFO - new node test loss: 0.2455
2025-10-02 12:13:25,456 - root - INFO - new node test average_precision, 0.9633
2025-10-02 12:13:25,456 - root - INFO - new node test roc_auc, 0.9643
2025-10-02 12:13:25,456 - root - INFO - save model ./saved_models/JODIE/reddit/JODIE_original_seed2/JODIE_original_seed2.pkl
2025-10-02 12:15:18,939 - root - INFO - Epoch: 67, learning rate: 0.0001, train loss: 0.1530
2025-10-02 12:15:18,940 - root - INFO - train average_precision, 0.9846
2025-10-02 12:15:18,940 - root - INFO - train roc_auc, 0.9847
2025-10-02 12:15:18,940 - root - INFO - validate loss: 0.1728
2025-10-02 12:15:18,940 - root - INFO - validate average_precision, 0.9828
2025-10-02 12:15:18,940 - root - INFO - validate roc_auc, 0.9820
2025-10-02 12:15:18,940 - root - INFO - new node validate loss: 0.3334
2025-10-02 12:15:18,941 - root - INFO - new node validate average_precision, 0.9397
2025-10-02 12:15:18,941 - root - INFO - new node validate roc_auc, 0.9355
2025-10-02 12:15:38,416 - root - INFO - test loss: 0.1782
2025-10-02 12:15:38,416 - root - INFO - test average_precision, 0.9801
2025-10-02 12:15:38,416 - root - INFO - best test average_precision: 0.9825
2025-10-02 12:15:38,417 - root - INFO - test roc_auc, 0.9810
2025-10-02 12:15:38,417 - root - INFO - new node test loss: 0.2551
2025-10-02 12:15:38,417 - root - INFO - new node test average_precision, 0.9619
2025-10-02 12:15:38,417 - root - INFO - new node test roc_auc, 0.9620
2025-10-02 12:17:29,680 - root - INFO - Epoch: 68, learning rate: 0.0001, train loss: 0.1528
2025-10-02 12:17:29,681 - root - INFO - train average_precision, 0.9845
2025-10-02 12:17:29,682 - root - INFO - train roc_auc, 0.9847
2025-10-02 12:17:29,682 - root - INFO - validate loss: 0.1750
2025-10-02 12:17:29,682 - root - INFO - validate average_precision, 0.9826
2025-10-02 12:17:29,682 - root - INFO - validate roc_auc, 0.9817
2025-10-02 12:17:29,682 - root - INFO - new node validate loss: 0.3325
2025-10-02 12:17:29,682 - root - INFO - new node validate average_precision, 0.9403
2025-10-02 12:17:29,682 - root - INFO - new node validate roc_auc, 0.9357
2025-10-02 12:17:49,205 - root - INFO - test loss: 0.1764
2025-10-02 12:17:49,205 - root - INFO - test average_precision, 0.9814
2025-10-02 12:17:49,205 - root - INFO - best test average_precision: 0.9825
2025-10-02 12:17:49,205 - root - INFO - test roc_auc, 0.9817
2025-10-02 12:17:49,205 - root - INFO - new node test loss: 0.2600
2025-10-02 12:17:49,205 - root - INFO - new node test average_precision, 0.9606
2025-10-02 12:17:49,205 - root - INFO - new node test roc_auc, 0.9629
2025-10-02 12:19:41,695 - root - INFO - Epoch: 69, learning rate: 0.0001, train loss: 0.1538
2025-10-02 12:19:41,695 - root - INFO - train average_precision, 0.9844
2025-10-02 12:19:41,696 - root - INFO - train roc_auc, 0.9845
2025-10-02 12:19:41,696 - root - INFO - validate loss: 0.1780
2025-10-02 12:19:41,696 - root - INFO - validate average_precision, 0.9817
2025-10-02 12:19:41,696 - root - INFO - validate roc_auc, 0.9810
2025-10-02 12:19:41,696 - root - INFO - new node validate loss: 0.3465
2025-10-02 12:19:41,696 - root - INFO - new node validate average_precision, 0.9364
2025-10-02 12:19:41,696 - root - INFO - new node validate roc_auc, 0.9317
2025-10-02 12:20:01,402 - root - INFO - test loss: 0.1855
2025-10-02 12:20:01,402 - root - INFO - test average_precision, 0.9792
2025-10-02 12:20:01,403 - root - INFO - best test average_precision: 0.9825
2025-10-02 12:20:01,403 - root - INFO - test roc_auc, 0.9796
2025-10-02 12:20:01,403 - root - INFO - new node test loss: 0.2696
2025-10-02 12:20:01,403 - root - INFO - new node test average_precision, 0.9566
2025-10-02 12:20:01,403 - root - INFO - new node test roc_auc, 0.9587
2025-10-02 12:21:52,773 - root - INFO - Epoch: 70, learning rate: 0.0001, train loss: 0.1533
2025-10-02 12:21:52,774 - root - INFO - train average_precision, 0.9845
2025-10-02 12:21:52,774 - root - INFO - train roc_auc, 0.9846
2025-10-02 12:21:52,774 - root - INFO - validate loss: 0.1748
2025-10-02 12:21:52,775 - root - INFO - validate average_precision, 0.9824
2025-10-02 12:21:52,775 - root - INFO - validate roc_auc, 0.9816
2025-10-02 12:21:52,775 - root - INFO - new node validate loss: 0.3353
2025-10-02 12:21:52,775 - root - INFO - new node validate average_precision, 0.9400
2025-10-02 12:21:52,775 - root - INFO - new node validate roc_auc, 0.9356
2025-10-02 12:22:12,536 - root - INFO - test loss: 0.1815
2025-10-02 12:22:12,537 - root - INFO - test average_precision, 0.9797
2025-10-02 12:22:12,537 - root - INFO - best test average_precision: 0.9825
2025-10-02 12:22:12,537 - root - INFO - test roc_auc, 0.9804
2025-10-02 12:22:12,537 - root - INFO - new node test loss: 0.2658
2025-10-02 12:22:12,537 - root - INFO - new node test average_precision, 0.9566
2025-10-02 12:22:12,537 - root - INFO - new node test roc_auc, 0.9600
2025-10-02 12:24:04,072 - root - INFO - Epoch: 71, learning rate: 0.0001, train loss: 0.1521
2025-10-02 12:24:04,073 - root - INFO - train average_precision, 0.9847
2025-10-02 12:24:04,073 - root - INFO - train roc_auc, 0.9849
2025-10-02 12:24:04,074 - root - INFO - validate loss: 0.1747
2025-10-02 12:24:04,074 - root - INFO - validate average_precision, 0.9824
2025-10-02 12:24:04,074 - root - INFO - validate roc_auc, 0.9816
2025-10-02 12:24:04,074 - root - INFO - new node validate loss: 0.3600
2025-10-02 12:24:04,074 - root - INFO - new node validate average_precision, 0.9302
2025-10-02 12:24:04,074 - root - INFO - new node validate roc_auc, 0.9284
2025-10-02 12:24:23,890 - root - INFO - test loss: 0.1771
2025-10-02 12:24:23,890 - root - INFO - test average_precision, 0.9813
2025-10-02 12:24:23,890 - root - INFO - best test average_precision: 0.9825
2025-10-02 12:24:23,890 - root - INFO - test roc_auc, 0.9813
2025-10-02 12:24:23,890 - root - INFO - new node test loss: 0.2790
2025-10-02 12:24:23,890 - root - INFO - new node test average_precision, 0.9516
2025-10-02 12:24:23,890 - root - INFO - new node test roc_auc, 0.9567
2025-10-02 12:26:16,467 - root - INFO - Epoch: 72, learning rate: 0.0001, train loss: 0.1526
2025-10-02 12:26:16,468 - root - INFO - train average_precision, 0.9846
2025-10-02 12:26:16,469 - root - INFO - train roc_auc, 0.9848
2025-10-02 12:26:16,469 - root - INFO - validate loss: 0.1762
2025-10-02 12:26:16,469 - root - INFO - validate average_precision, 0.9823
2025-10-02 12:26:16,469 - root - INFO - validate roc_auc, 0.9814
2025-10-02 12:26:16,469 - root - INFO - new node validate loss: 0.3429
2025-10-02 12:26:16,469 - root - INFO - new node validate average_precision, 0.9370
2025-10-02 12:26:16,469 - root - INFO - new node validate roc_auc, 0.9334
2025-10-02 12:26:36,214 - root - INFO - test loss: 0.1816
2025-10-02 12:26:36,215 - root - INFO - test average_precision, 0.9802
2025-10-02 12:26:36,215 - root - INFO - best test average_precision: 0.9825
2025-10-02 12:26:36,215 - root - INFO - test roc_auc, 0.9805
2025-10-02 12:26:36,215 - root - INFO - new node test loss: 0.2632
2025-10-02 12:26:36,215 - root - INFO - new node test average_precision, 0.9588
2025-10-02 12:26:36,215 - root - INFO - new node test roc_auc, 0.9601
2025-10-02 12:28:27,214 - root - INFO - Epoch: 73, learning rate: 0.0001, train loss: 0.1514
2025-10-02 12:28:27,215 - root - INFO - train average_precision, 0.9848
2025-10-02 12:28:27,215 - root - INFO - train roc_auc, 0.9850
2025-10-02 12:28:27,215 - root - INFO - validate loss: 0.1754
2025-10-02 12:28:27,215 - root - INFO - validate average_precision, 0.9822
2025-10-02 12:28:27,215 - root - INFO - validate roc_auc, 0.9814
2025-10-02 12:28:27,215 - root - INFO - new node validate loss: 0.3451
2025-10-02 12:28:27,215 - root - INFO - new node validate average_precision, 0.9342
2025-10-02 12:28:27,215 - root - INFO - new node validate roc_auc, 0.9313
2025-10-02 12:28:46,959 - root - INFO - test loss: 0.1841
2025-10-02 12:28:46,959 - root - INFO - test average_precision, 0.9797
2025-10-02 12:28:46,959 - root - INFO - best test average_precision: 0.9825
2025-10-02 12:28:46,960 - root - INFO - test roc_auc, 0.9802
2025-10-02 12:28:46,960 - root - INFO - new node test loss: 0.2640
2025-10-02 12:28:46,960 - root - INFO - new node test average_precision, 0.9591
2025-10-02 12:28:46,960 - root - INFO - new node test roc_auc, 0.9590
2025-10-02 12:30:38,548 - root - INFO - Epoch: 74, learning rate: 0.0001, train loss: 0.1515
2025-10-02 12:30:38,549 - root - INFO - train average_precision, 0.9849
2025-10-02 12:30:38,549 - root - INFO - train roc_auc, 0.9850
2025-10-02 12:30:38,549 - root - INFO - validate loss: 0.1758
2025-10-02 12:30:38,549 - root - INFO - validate average_precision, 0.9824
2025-10-02 12:30:38,549 - root - INFO - validate roc_auc, 0.9816
2025-10-02 12:30:38,549 - root - INFO - new node validate loss: 0.3459
2025-10-02 12:30:38,549 - root - INFO - new node validate average_precision, 0.9332
2025-10-02 12:30:38,549 - root - INFO - new node validate roc_auc, 0.9306
2025-10-02 12:30:58,099 - root - INFO - test loss: 0.1859
2025-10-02 12:30:58,099 - root - INFO - test average_precision, 0.9793
2025-10-02 12:30:58,099 - root - INFO - best test average_precision: 0.9825
2025-10-02 12:30:58,099 - root - INFO - test roc_auc, 0.9803
2025-10-02 12:30:58,100 - root - INFO - new node test loss: 0.2820
2025-10-02 12:30:58,100 - root - INFO - new node test average_precision, 0.9531
2025-10-02 12:30:58,100 - root - INFO - new node test roc_auc, 0.9543
2025-10-02 12:32:49,404 - root - INFO - Epoch: 75, learning rate: 0.0001, train loss: 0.1512
2025-10-02 12:32:49,404 - root - INFO - train average_precision, 0.9848
2025-10-02 12:32:49,405 - root - INFO - train roc_auc, 0.9850
2025-10-02 12:32:49,405 - root - INFO - validate loss: 0.1723
2025-10-02 12:32:49,405 - root - INFO - validate average_precision, 0.9830
2025-10-02 12:32:49,405 - root - INFO - validate roc_auc, 0.9821
2025-10-02 12:32:49,405 - root - INFO - new node validate loss: 0.3311
2025-10-02 12:32:49,405 - root - INFO - new node validate average_precision, 0.9400
2025-10-02 12:32:49,405 - root - INFO - new node validate roc_auc, 0.9370
2025-10-02 12:33:08,864 - root - INFO - test loss: 0.1737
2025-10-02 12:33:08,865 - root - INFO - test average_precision, 0.9811
2025-10-02 12:33:08,865 - root - INFO - best test average_precision: 0.9825
2025-10-02 12:33:08,865 - root - INFO - test roc_auc, 0.9820
2025-10-02 12:33:08,865 - root - INFO - new node test loss: 0.2473
2025-10-02 12:33:08,865 - root - INFO - new node test average_precision, 0.9632
2025-10-02 12:33:08,865 - root - INFO - new node test roc_auc, 0.9642
2025-10-02 12:33:08,865 - root - INFO - save model ./saved_models/JODIE/reddit/JODIE_original_seed2/JODIE_original_seed2.pkl
2025-10-02 12:35:02,804 - root - INFO - Epoch: 76, learning rate: 0.0001, train loss: 0.1515
2025-10-02 12:35:02,805 - root - INFO - train average_precision, 0.9847
2025-10-02 12:35:02,805 - root - INFO - train roc_auc, 0.9850
2025-10-02 12:35:02,806 - root - INFO - validate loss: 0.1777
2025-10-02 12:35:02,806 - root - INFO - validate average_precision, 0.9818
2025-10-02 12:35:02,806 - root - INFO - validate roc_auc, 0.9811
2025-10-02 12:35:02,806 - root - INFO - new node validate loss: 0.3362
2025-10-02 12:35:02,806 - root - INFO - new node validate average_precision, 0.9382
2025-10-02 12:35:02,806 - root - INFO - new node validate roc_auc, 0.9343
2025-10-02 12:35:22,240 - root - INFO - test loss: 0.1894
2025-10-02 12:35:22,240 - root - INFO - test average_precision, 0.9777
2025-10-02 12:35:22,240 - root - INFO - best test average_precision: 0.9825
2025-10-02 12:35:22,240 - root - INFO - test roc_auc, 0.9793
2025-10-02 12:35:22,240 - root - INFO - new node test loss: 0.2600
2025-10-02 12:35:22,240 - root - INFO - new node test average_precision, 0.9599
2025-10-02 12:35:22,240 - root - INFO - new node test roc_auc, 0.9604
2025-10-02 12:37:14,237 - root - INFO - Epoch: 77, learning rate: 0.0001, train loss: 0.1512
2025-10-02 12:37:14,238 - root - INFO - train average_precision, 0.9849
2025-10-02 12:37:14,238 - root - INFO - train roc_auc, 0.9850
2025-10-02 12:37:14,238 - root - INFO - validate loss: 0.1742
2025-10-02 12:37:14,238 - root - INFO - validate average_precision, 0.9827
2025-10-02 12:37:14,238 - root - INFO - validate roc_auc, 0.9818
2025-10-02 12:37:14,238 - root - INFO - new node validate loss: 0.3412
2025-10-02 12:37:14,238 - root - INFO - new node validate average_precision, 0.9377
2025-10-02 12:37:14,239 - root - INFO - new node validate roc_auc, 0.9344
2025-10-02 12:37:33,908 - root - INFO - test loss: 0.1760
2025-10-02 12:37:33,908 - root - INFO - test average_precision, 0.9813
2025-10-02 12:37:33,908 - root - INFO - best test average_precision: 0.9825
2025-10-02 12:37:33,909 - root - INFO - test roc_auc, 0.9816
2025-10-02 12:37:33,909 - root - INFO - new node test loss: 0.2546
2025-10-02 12:37:33,909 - root - INFO - new node test average_precision, 0.9611
2025-10-02 12:37:33,909 - root - INFO - new node test roc_auc, 0.9627
2025-10-02 12:39:26,108 - root - INFO - Epoch: 78, learning rate: 0.0001, train loss: 0.1514
2025-10-02 12:39:26,108 - root - INFO - train average_precision, 0.9847
2025-10-02 12:39:26,109 - root - INFO - train roc_auc, 0.9850
2025-10-02 12:39:26,109 - root - INFO - validate loss: 0.1755
2025-10-02 12:39:26,109 - root - INFO - validate average_precision, 0.9823
2025-10-02 12:39:26,109 - root - INFO - validate roc_auc, 0.9815
2025-10-02 12:39:26,109 - root - INFO - new node validate loss: 0.3424
2025-10-02 12:39:26,109 - root - INFO - new node validate average_precision, 0.9369
2025-10-02 12:39:26,109 - root - INFO - new node validate roc_auc, 0.9322
2025-10-02 12:39:45,881 - root - INFO - test loss: 0.1856
2025-10-02 12:39:45,881 - root - INFO - test average_precision, 0.9787
2025-10-02 12:39:45,881 - root - INFO - best test average_precision: 0.9825
2025-10-02 12:39:45,881 - root - INFO - test roc_auc, 0.9798
2025-10-02 12:39:45,881 - root - INFO - new node test loss: 0.2598
2025-10-02 12:39:45,881 - root - INFO - new node test average_precision, 0.9591
2025-10-02 12:39:45,881 - root - INFO - new node test roc_auc, 0.9602
2025-10-02 12:41:37,036 - root - INFO - Epoch: 79, learning rate: 0.0001, train loss: 0.1512
2025-10-02 12:41:37,037 - root - INFO - train average_precision, 0.9847
2025-10-02 12:41:37,037 - root - INFO - train roc_auc, 0.9850
2025-10-02 12:41:37,037 - root - INFO - validate loss: 0.1743
2025-10-02 12:41:37,037 - root - INFO - validate average_precision, 0.9825
2025-10-02 12:41:37,038 - root - INFO - validate roc_auc, 0.9817
2025-10-02 12:41:37,038 - root - INFO - new node validate loss: 0.3386
2025-10-02 12:41:37,038 - root - INFO - new node validate average_precision, 0.9391
2025-10-02 12:41:37,038 - root - INFO - new node validate roc_auc, 0.9345
2025-10-02 12:41:56,815 - root - INFO - test loss: 0.1817
2025-10-02 12:41:56,815 - root - INFO - test average_precision, 0.9782
2025-10-02 12:41:56,815 - root - INFO - best test average_precision: 0.9825
2025-10-02 12:41:56,815 - root - INFO - test roc_auc, 0.9804
2025-10-02 12:41:56,815 - root - INFO - new node test loss: 0.2591
2025-10-02 12:41:56,815 - root - INFO - new node test average_precision, 0.9604
2025-10-02 12:41:56,815 - root - INFO - new node test roc_auc, 0.9609
2025-10-02 12:43:48,541 - root - INFO - Epoch: 80, learning rate: 0.0001, train loss: 0.1506
2025-10-02 12:43:48,542 - root - INFO - train average_precision, 0.9849
2025-10-02 12:43:48,543 - root - INFO - train roc_auc, 0.9852
2025-10-02 12:43:48,543 - root - INFO - validate loss: 0.1786
2025-10-02 12:43:48,543 - root - INFO - validate average_precision, 0.9820
2025-10-02 12:43:48,543 - root - INFO - validate roc_auc, 0.9812
2025-10-02 12:43:48,543 - root - INFO - new node validate loss: 0.3347
2025-10-02 12:43:48,543 - root - INFO - new node validate average_precision, 0.9394
2025-10-02 12:43:48,543 - root - INFO - new node validate roc_auc, 0.9353
2025-10-02 12:44:08,180 - root - INFO - test loss: 0.1911
2025-10-02 12:44:08,181 - root - INFO - test average_precision, 0.9783
2025-10-02 12:44:08,181 - root - INFO - best test average_precision: 0.9825
2025-10-02 12:44:08,181 - root - INFO - test roc_auc, 0.9795
2025-10-02 12:44:08,181 - root - INFO - new node test loss: 0.2621
2025-10-02 12:44:08,181 - root - INFO - new node test average_precision, 0.9587
2025-10-02 12:44:08,181 - root - INFO - new node test roc_auc, 0.9599
2025-10-02 12:45:59,982 - root - INFO - Epoch: 81, learning rate: 0.0001, train loss: 0.1502
2025-10-02 12:45:59,983 - root - INFO - train average_precision, 0.9850
2025-10-02 12:45:59,983 - root - INFO - train roc_auc, 0.9853
2025-10-02 12:45:59,983 - root - INFO - validate loss: 0.1794
2025-10-02 12:45:59,983 - root - INFO - validate average_precision, 0.9817
2025-10-02 12:45:59,983 - root - INFO - validate roc_auc, 0.9809
2025-10-02 12:45:59,983 - root - INFO - new node validate loss: 0.3455
2025-10-02 12:45:59,984 - root - INFO - new node validate average_precision, 0.9348
2025-10-02 12:45:59,984 - root - INFO - new node validate roc_auc, 0.9322
2025-10-02 12:46:19,538 - root - INFO - test loss: 0.1916
2025-10-02 12:46:19,538 - root - INFO - test average_precision, 0.9789
2025-10-02 12:46:19,538 - root - INFO - best test average_precision: 0.9825
2025-10-02 12:46:19,538 - root - INFO - test roc_auc, 0.9792
2025-10-02 12:46:19,538 - root - INFO - new node test loss: 0.2633
2025-10-02 12:46:19,538 - root - INFO - new node test average_precision, 0.9600
2025-10-02 12:46:19,538 - root - INFO - new node test roc_auc, 0.9599
2025-10-02 12:48:11,010 - root - INFO - Epoch: 82, learning rate: 0.0001, train loss: 0.1510
2025-10-02 12:48:11,011 - root - INFO - train average_precision, 0.9847
2025-10-02 12:48:11,011 - root - INFO - train roc_auc, 0.9851
2025-10-02 12:48:11,011 - root - INFO - validate loss: 0.1750
2025-10-02 12:48:11,011 - root - INFO - validate average_precision, 0.9826
2025-10-02 12:48:11,011 - root - INFO - validate roc_auc, 0.9817
2025-10-02 12:48:11,011 - root - INFO - new node validate loss: 0.3447
2025-10-02 12:48:11,012 - root - INFO - new node validate average_precision, 0.9355
2025-10-02 12:48:11,012 - root - INFO - new node validate roc_auc, 0.9342
2025-10-02 12:48:30,970 - root - INFO - test loss: 0.1792
2025-10-02 12:48:30,971 - root - INFO - test average_precision, 0.9789
2025-10-02 12:48:30,971 - root - INFO - best test average_precision: 0.9825
2025-10-02 12:48:30,971 - root - INFO - test roc_auc, 0.9808
2025-10-02 12:48:30,971 - root - INFO - new node test loss: 0.2605
2025-10-02 12:48:30,971 - root - INFO - new node test average_precision, 0.9578
2025-10-02 12:48:30,971 - root - INFO - new node test roc_auc, 0.9613
2025-10-02 12:50:22,542 - root - INFO - Epoch: 83, learning rate: 0.0001, train loss: 0.1503
2025-10-02 12:50:22,543 - root - INFO - train average_precision, 0.9849
2025-10-02 12:50:22,543 - root - INFO - train roc_auc, 0.9852
2025-10-02 12:50:22,543 - root - INFO - validate loss: 0.1762
2025-10-02 12:50:22,543 - root - INFO - validate average_precision, 0.9823
2025-10-02 12:50:22,543 - root - INFO - validate roc_auc, 0.9815
2025-10-02 12:50:22,543 - root - INFO - new node validate loss: 0.3414
2025-10-02 12:50:22,544 - root - INFO - new node validate average_precision, 0.9382
2025-10-02 12:50:22,544 - root - INFO - new node validate roc_auc, 0.9350
2025-10-02 12:50:42,213 - root - INFO - test loss: 0.1815
2025-10-02 12:50:42,213 - root - INFO - test average_precision, 0.9796
2025-10-02 12:50:42,213 - root - INFO - best test average_precision: 0.9825
2025-10-02 12:50:42,213 - root - INFO - test roc_auc, 0.9805
2025-10-02 12:50:42,213 - root - INFO - new node test loss: 0.2683
2025-10-02 12:50:42,213 - root - INFO - new node test average_precision, 0.9572
2025-10-02 12:50:42,213 - root - INFO - new node test roc_auc, 0.9589
2025-10-02 12:52:33,831 - root - INFO - Epoch: 84, learning rate: 0.0001, train loss: 0.1502
2025-10-02 12:52:33,831 - root - INFO - train average_precision, 0.9847
2025-10-02 12:52:33,832 - root - INFO - train roc_auc, 0.9852
2025-10-02 12:52:33,832 - root - INFO - validate loss: 0.1777
2025-10-02 12:52:33,832 - root - INFO - validate average_precision, 0.9819
2025-10-02 12:52:33,832 - root - INFO - validate roc_auc, 0.9811
2025-10-02 12:52:33,832 - root - INFO - new node validate loss: 0.3457
2025-10-02 12:52:33,832 - root - INFO - new node validate average_precision, 0.9341
2025-10-02 12:52:33,832 - root - INFO - new node validate roc_auc, 0.9319
2025-10-02 12:52:53,537 - root - INFO - test loss: 0.1939
2025-10-02 12:52:53,538 - root - INFO - test average_precision, 0.9749
2025-10-02 12:52:53,538 - root - INFO - best test average_precision: 0.9825
2025-10-02 12:52:53,538 - root - INFO - test roc_auc, 0.9784
2025-10-02 12:52:53,538 - root - INFO - new node test loss: 0.2800
2025-10-02 12:52:53,538 - root - INFO - new node test average_precision, 0.9491
2025-10-02 12:52:53,538 - root - INFO - new node test roc_auc, 0.9550
2025-10-02 12:54:45,219 - root - INFO - Epoch: 85, learning rate: 0.0001, train loss: 0.1492
2025-10-02 12:54:45,220 - root - INFO - train average_precision, 0.9851
2025-10-02 12:54:45,220 - root - INFO - train roc_auc, 0.9854
2025-10-02 12:54:45,220 - root - INFO - validate loss: 0.1762
2025-10-02 12:54:45,220 - root - INFO - validate average_precision, 0.9826
2025-10-02 12:54:45,221 - root - INFO - validate roc_auc, 0.9817
2025-10-02 12:54:45,221 - root - INFO - new node validate loss: 0.3336
2025-10-02 12:54:45,221 - root - INFO - new node validate average_precision, 0.9388
2025-10-02 12:54:45,221 - root - INFO - new node validate roc_auc, 0.9361
2025-10-02 12:55:04,819 - root - INFO - test loss: 0.1823
2025-10-02 12:55:04,820 - root - INFO - test average_precision, 0.9793
2025-10-02 12:55:04,820 - root - INFO - best test average_precision: 0.9825
2025-10-02 12:55:04,820 - root - INFO - test roc_auc, 0.9809
2025-10-02 12:55:04,820 - root - INFO - new node test loss: 0.2606
2025-10-02 12:55:04,820 - root - INFO - new node test average_precision, 0.9576
2025-10-02 12:55:04,820 - root - INFO - new node test roc_auc, 0.9604
2025-10-02 12:56:55,976 - root - INFO - Epoch: 86, learning rate: 0.0001, train loss: 0.1499
2025-10-02 12:56:55,977 - root - INFO - train average_precision, 0.9850
2025-10-02 12:56:55,977 - root - INFO - train roc_auc, 0.9853
2025-10-02 12:56:55,977 - root - INFO - validate loss: 0.1752
2025-10-02 12:56:55,977 - root - INFO - validate average_precision, 0.9824
2025-10-02 12:56:55,977 - root - INFO - validate roc_auc, 0.9816
2025-10-02 12:56:55,978 - root - INFO - new node validate loss: 0.3442
2025-10-02 12:56:55,978 - root - INFO - new node validate average_precision, 0.9371
2025-10-02 12:56:55,978 - root - INFO - new node validate roc_auc, 0.9342
2025-10-02 12:57:15,829 - root - INFO - test loss: 0.1781
2025-10-02 12:57:15,829 - root - INFO - test average_precision, 0.9808
2025-10-02 12:57:15,829 - root - INFO - best test average_precision: 0.9825
2025-10-02 12:57:15,830 - root - INFO - test roc_auc, 0.9810
2025-10-02 12:57:15,830 - root - INFO - new node test loss: 0.2645
2025-10-02 12:57:15,830 - root - INFO - new node test average_precision, 0.9593
2025-10-02 12:57:15,830 - root - INFO - new node test roc_auc, 0.9601
2025-10-02 12:59:08,589 - root - INFO - Epoch: 87, learning rate: 0.0001, train loss: 0.1501
2025-10-02 12:59:08,590 - root - INFO - train average_precision, 0.9849
2025-10-02 12:59:08,590 - root - INFO - train roc_auc, 0.9852
2025-10-02 12:59:08,590 - root - INFO - validate loss: 0.1750
2025-10-02 12:59:08,590 - root - INFO - validate average_precision, 0.9825
2025-10-02 12:59:08,590 - root - INFO - validate roc_auc, 0.9817
2025-10-02 12:59:08,590 - root - INFO - new node validate loss: 0.3460
2025-10-02 12:59:08,590 - root - INFO - new node validate average_precision, 0.9364
2025-10-02 12:59:08,590 - root - INFO - new node validate roc_auc, 0.9338
2025-10-02 12:59:28,460 - root - INFO - test loss: 0.1790
2025-10-02 12:59:28,460 - root - INFO - test average_precision, 0.9803
2025-10-02 12:59:28,460 - root - INFO - best test average_precision: 0.9825
2025-10-02 12:59:28,460 - root - INFO - test roc_auc, 0.9811
2025-10-02 12:59:28,461 - root - INFO - new node test loss: 0.2649
2025-10-02 12:59:28,461 - root - INFO - new node test average_precision, 0.9570
2025-10-02 12:59:28,461 - root - INFO - new node test roc_auc, 0.9590
2025-10-02 13:01:19,802 - root - INFO - Epoch: 88, learning rate: 0.0001, train loss: 0.1495
2025-10-02 13:01:19,802 - root - INFO - train average_precision, 0.9850
2025-10-02 13:01:19,803 - root - INFO - train roc_auc, 0.9853
2025-10-02 13:01:19,803 - root - INFO - validate loss: 0.1786
2025-10-02 13:01:19,803 - root - INFO - validate average_precision, 0.9817
2025-10-02 13:01:19,803 - root - INFO - validate roc_auc, 0.9809
2025-10-02 13:01:19,803 - root - INFO - new node validate loss: 0.3490
2025-10-02 13:01:19,803 - root - INFO - new node validate average_precision, 0.9346
2025-10-02 13:01:19,803 - root - INFO - new node validate roc_auc, 0.9331
2025-10-02 13:01:39,458 - root - INFO - test loss: 0.1893
2025-10-02 13:01:39,458 - root - INFO - test average_precision, 0.9775
2025-10-02 13:01:39,458 - root - INFO - best test average_precision: 0.9825
2025-10-02 13:01:39,458 - root - INFO - test roc_auc, 0.9790
2025-10-02 13:01:39,458 - root - INFO - new node test loss: 0.2679
2025-10-02 13:01:39,458 - root - INFO - new node test average_precision, 0.9575
2025-10-02 13:01:39,458 - root - INFO - new node test roc_auc, 0.9588
2025-10-02 13:03:31,870 - root - INFO - Epoch: 89, learning rate: 0.0001, train loss: 0.1500
2025-10-02 13:03:31,870 - root - INFO - train average_precision, 0.9849
2025-10-02 13:03:31,871 - root - INFO - train roc_auc, 0.9853
2025-10-02 13:03:31,871 - root - INFO - validate loss: 0.1783
2025-10-02 13:03:31,871 - root - INFO - validate average_precision, 0.9816
2025-10-02 13:03:31,871 - root - INFO - validate roc_auc, 0.9809
2025-10-02 13:03:31,871 - root - INFO - new node validate loss: 0.3491
2025-10-02 13:03:31,871 - root - INFO - new node validate average_precision, 0.9323
2025-10-02 13:03:31,871 - root - INFO - new node validate roc_auc, 0.9322
2025-10-02 13:03:51,634 - root - INFO - test loss: 0.1935
2025-10-02 13:03:51,634 - root - INFO - test average_precision, 0.9743
2025-10-02 13:03:51,635 - root - INFO - best test average_precision: 0.9825
2025-10-02 13:03:51,635 - root - INFO - test roc_auc, 0.9780
2025-10-02 13:03:51,635 - root - INFO - new node test loss: 0.2731
2025-10-02 13:03:51,635 - root - INFO - new node test average_precision, 0.9515
2025-10-02 13:03:51,635 - root - INFO - new node test roc_auc, 0.9560
2025-10-02 13:05:42,642 - root - INFO - Epoch: 90, learning rate: 0.0001, train loss: 0.1497
2025-10-02 13:05:42,643 - root - INFO - train average_precision, 0.9848
2025-10-02 13:05:42,643 - root - INFO - train roc_auc, 0.9853
2025-10-02 13:05:42,643 - root - INFO - validate loss: 0.1774
2025-10-02 13:05:42,643 - root - INFO - validate average_precision, 0.9822
2025-10-02 13:05:42,643 - root - INFO - validate roc_auc, 0.9813
2025-10-02 13:05:42,643 - root - INFO - new node validate loss: 0.3419
2025-10-02 13:05:42,643 - root - INFO - new node validate average_precision, 0.9343
2025-10-02 13:05:42,643 - root - INFO - new node validate roc_auc, 0.9333
2025-10-02 13:06:02,288 - root - INFO - test loss: 0.1841
2025-10-02 13:06:02,288 - root - INFO - test average_precision, 0.9789
2025-10-02 13:06:02,288 - root - INFO - best test average_precision: 0.9825
2025-10-02 13:06:02,288 - root - INFO - test roc_auc, 0.9803
2025-10-02 13:06:02,288 - root - INFO - new node test loss: 0.2648
2025-10-02 13:06:02,288 - root - INFO - new node test average_precision, 0.9561
2025-10-02 13:06:02,288 - root - INFO - new node test roc_auc, 0.9591
2025-10-02 13:07:54,117 - root - INFO - Epoch: 91, learning rate: 0.0001, train loss: 0.1485
2025-10-02 13:07:54,117 - root - INFO - train average_precision, 0.9853
2025-10-02 13:07:54,118 - root - INFO - train roc_auc, 0.9856
2025-10-02 13:07:54,118 - root - INFO - validate loss: 0.1754
2025-10-02 13:07:54,118 - root - INFO - validate average_precision, 0.9824
2025-10-02 13:07:54,118 - root - INFO - validate roc_auc, 0.9814
2025-10-02 13:07:54,118 - root - INFO - new node validate loss: 0.3410
2025-10-02 13:07:54,118 - root - INFO - new node validate average_precision, 0.9374
2025-10-02 13:07:54,118 - root - INFO - new node validate roc_auc, 0.9344
2025-10-02 13:08:13,570 - root - INFO - test loss: 0.1821
2025-10-02 13:08:13,570 - root - INFO - test average_precision, 0.9790
2025-10-02 13:08:13,570 - root - INFO - best test average_precision: 0.9825
2025-10-02 13:08:13,570 - root - INFO - test roc_auc, 0.9802
2025-10-02 13:08:13,570 - root - INFO - new node test loss: 0.2640
2025-10-02 13:08:13,570 - root - INFO - new node test average_precision, 0.9569
2025-10-02 13:08:13,570 - root - INFO - new node test roc_auc, 0.9591
2025-10-02 13:10:04,500 - root - INFO - Epoch: 92, learning rate: 0.0001, train loss: 0.1485
2025-10-02 13:10:04,500 - root - INFO - train average_precision, 0.9852
2025-10-02 13:10:04,501 - root - INFO - train roc_auc, 0.9855
2025-10-02 13:10:04,501 - root - INFO - validate loss: 0.1756
2025-10-02 13:10:04,501 - root - INFO - validate average_precision, 0.9824
2025-10-02 13:10:04,501 - root - INFO - validate roc_auc, 0.9815
2025-10-02 13:10:04,501 - root - INFO - new node validate loss: 0.3467
2025-10-02 13:10:04,501 - root - INFO - new node validate average_precision, 0.9345
2025-10-02 13:10:04,501 - root - INFO - new node validate roc_auc, 0.9335
2025-10-02 13:10:23,961 - root - INFO - test loss: 0.2067
2025-10-02 13:10:23,961 - root - INFO - test average_precision, 0.9747
2025-10-02 13:10:23,961 - root - INFO - best test average_precision: 0.9825
2025-10-02 13:10:23,961 - root - INFO - test roc_auc, 0.9791
2025-10-02 13:10:23,961 - root - INFO - new node test loss: 0.2673
2025-10-02 13:10:23,961 - root - INFO - new node test average_precision, 0.9577
2025-10-02 13:10:23,961 - root - INFO - new node test roc_auc, 0.9590
2025-10-02 13:12:15,408 - root - INFO - Epoch: 93, learning rate: 0.0001, train loss: 0.1483
2025-10-02 13:12:15,409 - root - INFO - train average_precision, 0.9852
2025-10-02 13:12:15,409 - root - INFO - train roc_auc, 0.9856
2025-10-02 13:12:15,409 - root - INFO - validate loss: 0.1794
2025-10-02 13:12:15,410 - root - INFO - validate average_precision, 0.9817
2025-10-02 13:12:15,410 - root - INFO - validate roc_auc, 0.9809
2025-10-02 13:12:15,410 - root - INFO - new node validate loss: 0.3704
2025-10-02 13:12:15,410 - root - INFO - new node validate average_precision, 0.9298
2025-10-02 13:12:15,410 - root - INFO - new node validate roc_auc, 0.9299
2025-10-02 13:12:35,075 - root - INFO - test loss: 0.1971
2025-10-02 13:12:35,075 - root - INFO - test average_precision, 0.9755
2025-10-02 13:12:35,075 - root - INFO - best test average_precision: 0.9825
2025-10-02 13:12:35,075 - root - INFO - test roc_auc, 0.9786
2025-10-02 13:12:35,075 - root - INFO - new node test loss: 0.2814
2025-10-02 13:12:35,076 - root - INFO - new node test average_precision, 0.9512
2025-10-02 13:12:35,076 - root - INFO - new node test roc_auc, 0.9568
2025-10-02 13:14:26,161 - root - INFO - Epoch: 94, learning rate: 0.0001, train loss: 0.1487
2025-10-02 13:14:26,161 - root - INFO - train average_precision, 0.9852
2025-10-02 13:14:26,162 - root - INFO - train roc_auc, 0.9855
2025-10-02 13:14:26,162 - root - INFO - validate loss: 0.1789
2025-10-02 13:14:26,162 - root - INFO - validate average_precision, 0.9819
2025-10-02 13:14:26,162 - root - INFO - validate roc_auc, 0.9810
2025-10-02 13:14:26,162 - root - INFO - new node validate loss: 0.3592
2025-10-02 13:14:26,162 - root - INFO - new node validate average_precision, 0.9296
2025-10-02 13:14:26,162 - root - INFO - new node validate roc_auc, 0.9274
2025-10-02 13:14:45,850 - root - INFO - test loss: 0.2028
2025-10-02 13:14:45,851 - root - INFO - test average_precision, 0.9726
2025-10-02 13:14:45,851 - root - INFO - best test average_precision: 0.9825
2025-10-02 13:14:45,851 - root - INFO - test roc_auc, 0.9775
2025-10-02 13:14:45,851 - root - INFO - new node test loss: 0.2808
2025-10-02 13:14:45,851 - root - INFO - new node test average_precision, 0.9514
2025-10-02 13:14:45,851 - root - INFO - new node test roc_auc, 0.9544
2025-10-02 13:16:36,771 - root - INFO - Epoch: 95, learning rate: 0.0001, train loss: 0.1492
2025-10-02 13:16:36,772 - root - INFO - train average_precision, 0.9849
2025-10-02 13:16:36,772 - root - INFO - train roc_auc, 0.9854
2025-10-02 13:16:36,772 - root - INFO - validate loss: 0.1784
2025-10-02 13:16:36,772 - root - INFO - validate average_precision, 0.9820
2025-10-02 13:16:36,772 - root - INFO - validate roc_auc, 0.9811
2025-10-02 13:16:36,772 - root - INFO - new node validate loss: 0.3536
2025-10-02 13:16:36,772 - root - INFO - new node validate average_precision, 0.9341
2025-10-02 13:16:36,773 - root - INFO - new node validate roc_auc, 0.9323
2025-10-02 13:16:56,350 - root - INFO - test loss: 0.1857
2025-10-02 13:16:56,351 - root - INFO - test average_precision, 0.9779
2025-10-02 13:16:56,351 - root - INFO - best test average_precision: 0.9825
2025-10-02 13:16:56,351 - root - INFO - test roc_auc, 0.9798
2025-10-02 13:16:56,351 - root - INFO - new node test loss: 0.2648
2025-10-02 13:16:56,351 - root - INFO - new node test average_precision, 0.9567
2025-10-02 13:16:56,351 - root - INFO - new node test roc_auc, 0.9590
2025-10-02 13:16:56,351 - root - INFO - load model ./saved_models/JODIE/reddit/JODIE_original_seed2/JODIE_original_seed2.pkl
2025-10-02 13:16:57,765 - root - INFO - get final performance on dataset reddit...
2025-10-02 13:17:18,247 - root - INFO - test loss: 0.1737
2025-10-02 13:17:18,247 - root - INFO - test average_precision, 0.9811
2025-10-02 13:17:18,247 - root - INFO - test roc_auc, 0.9820
2025-10-02 13:17:18,247 - root - INFO - new node test loss: 0.2473
2025-10-02 13:17:18,247 - root - INFO - new node test average_precision, 0.9632
2025-10-02 13:17:18,247 - root - INFO - new node test roc_auc, 0.9642
2025-10-02 13:17:18,247 - root - INFO - Run 3 cost 12549.34 seconds.
