2025-10-02 03:52:30,302 - root - INFO - ********** Run 1 starts. **********
2025-10-02 03:52:30,303 - root - INFO - configuration is Namespace(dataset_name='uci', batch_size=200, model_name='TGAT', gpu=0, num_neighbors=20, sample_neighbor_strategy='recent', time_scaling_factor=1e-06, num_walk_heads=8, num_heads=2, num_layers=2, walk_length=1, time_gap=2000, time_feat_dim=128, position_feat_dim=172, time_window_mode='fixed_proportion', time_encoder_type='kan_mammote', expert_dim=64, num_mixtures=4, patch_size=1, channel_embedding_dim=50, max_input_sequence_length=32, learning_rate=0.0001, dropout=0.1, gamma=0.5, num_epochs=100, optimizer='Adam', weight_decay=0.0, patience=20, val_ratio=0.15, test_ratio=0.15, num_runs=1, test_interval_epochs=1, negative_sample_strategy='random', max_interaction_times=10, load_best_configs=True, device='cuda:0', seed=0, save_model_name='TGAT_kan_mammote_seed0')
2025-10-02 03:52:30,308 - root - INFO - time encoder type: kan_mammote
2025-10-02 03:52:30,648 - root - INFO - model -> Sequential(
  (0): TGAT(
    (time_encoder): KAN_MAMMOTE(
      (k_mote): KMOTE(
        (experts): ModuleList(
          (0): SplineKANLayer(
            (input_projection): Linear(in_features=1, out_features=1, bias=True)
            (global_branch): Sequential(
              (0): Linear(in_features=1, out_features=32, bias=True)
              (1): GELU(approximate='none')
              (2): Linear(in_features=32, out_features=128, bias=True)
            )
          )
          (1): FourierKANLayer()
          (2): WaveletKANLayer(
            (linear): Linear(in_features=16, out_features=128, bias=True)
          )
          (3): SplineKANLayer(
            (input_projection): Linear(in_features=1, out_features=1, bias=True)
            (global_branch): Sequential(
              (0): Linear(in_features=1, out_features=32, bias=True)
              (1): GELU(approximate='none')
              (2): Linear(in_features=32, out_features=128, bias=True)
            )
            (local_linear): Linear(in_features=8, out_features=128, bias=True)
          )
        )
        (gating_network): Sequential(
          (0): Linear(in_features=1, out_features=64, bias=True)
          (1): GELU(approximate='none')
          (2): Linear(in_features=64, out_features=4, bias=True)
        )
        (layer_norm): LayerNorm((128,), eps=1e-05, elementwise_affine=True)
      )
      (sm_kernel): SMKernelLayer(
        (kernel): SpectralMixtureKernel(
          (raw_mixture_scales_constraint): Positive()
          (raw_mixture_means_constraint): Positive()
          (raw_mixture_weights_constraint): Positive()
        )
        (layer_norm): LayerNorm((4,), eps=1e-05, elementwise_affine=True)
      )
      (mamba2): ControllableMamba2(
        (in_proj): Linear(in_features=128, out_features=592, bias=False)
        (conv1d): Conv1d(320, 320, kernel_size=(4,), stride=(1,), padding=(3,), groups=320)
        (act): SiLU()
        (norm): RMSNorm()
        (out_proj): Linear(in_features=256, out_features=128, bias=False)
      )
      (fusion_mlp): Sequential(
        (0): Linear(in_features=4, out_features=128, bias=True)
        (1): GELU(approximate='none')
        (2): Linear(in_features=128, out_features=32, bias=True)
      )
    )
    (temporal_conv_layers): ModuleList(
      (0-1): 2 x MultiHeadAttention(
        (query_projection): Linear(in_features=300, out_features=300, bias=False)
        (key_projection): Linear(in_features=472, out_features=300, bias=False)
        (value_projection): Linear(in_features=472, out_features=300, bias=False)
        (layer_norm): LayerNorm((300,), eps=1e-05, elementwise_affine=True)
        (residual_fc): Linear(in_features=300, out_features=300, bias=True)
        (dropout): Dropout(p=0.1, inplace=False)
      )
    )
    (merge_layers): ModuleList(
      (0-1): 2 x MergeLayer(
        (fc1): Linear(in_features=472, out_features=172, bias=True)
        (fc2): Linear(in_features=172, out_features=172, bias=True)
        (act): ReLU()
      )
    )
  )
  (1): MergeLayer(
    (fc1): Linear(in_features=344, out_features=172, bias=True)
    (fc2): Linear(in_features=172, out_features=1, bias=True)
    (act): ReLU()
  )
)
2025-10-02 03:52:30,649 - root - INFO - model name: TGAT, #parameters: 5381940 B, 5255.80078125 KB, 5.132617950439453 MB.
2025-10-02 03:54:58,094 - root - INFO - Epoch: 1, learning rate: 0.0001, train loss: 0.5273
2025-10-02 03:54:58,095 - root - INFO - train average_precision, 0.7535
2025-10-02 03:54:58,095 - root - INFO - train roc_auc, 0.8101
2025-10-02 03:54:58,095 - root - INFO - validate loss: 0.5669
2025-10-02 03:54:58,095 - root - INFO - validate average_precision, 0.7146
2025-10-02 03:54:58,095 - root - INFO - validate roc_auc, 0.7634
2025-10-02 03:54:58,095 - root - INFO - new node validate loss: 0.6901
2025-10-02 03:54:58,095 - root - INFO - new node validate average_precision, 0.6033
2025-10-02 03:54:58,095 - root - INFO - new node validate roc_auc, 0.6247
2025-10-02 03:55:16,793 - root - INFO - test loss: 0.5482
2025-10-02 03:55:16,794 - root - INFO - test average_precision, 0.7327
2025-10-02 03:55:16,794 - root - INFO - best test average_precision: 0.7327
2025-10-02 03:55:16,794 - root - INFO - test roc_auc, 0.7819
2025-10-02 03:55:16,794 - root - INFO - new node test loss: 0.6391
2025-10-02 03:55:16,794 - root - INFO - new node test average_precision, 0.6488
2025-10-02 03:55:16,794 - root - INFO - new node test roc_auc, 0.6863
2025-10-02 03:55:16,794 - root - INFO - save model ./saved_models/TGAT/uci/TGAT_kan_mammote_seed0/TGAT_kan_mammote_seed0.pkl
2025-10-02 03:57:29,667 - root - INFO - Epoch: 2, learning rate: 0.0001, train loss: 0.4881
2025-10-02 03:57:29,667 - root - INFO - train average_precision, 0.7899
2025-10-02 03:57:29,667 - root - INFO - train roc_auc, 0.8342
2025-10-02 03:57:29,667 - root - INFO - validate loss: 0.5587
2025-10-02 03:57:29,667 - root - INFO - validate average_precision, 0.7231
2025-10-02 03:57:29,668 - root - INFO - validate roc_auc, 0.7680
2025-10-02 03:57:29,668 - root - INFO - new node validate loss: 0.6956
2025-10-02 03:57:29,668 - root - INFO - new node validate average_precision, 0.6100
2025-10-02 03:57:29,668 - root - INFO - new node validate roc_auc, 0.6371
2025-10-02 03:57:48,315 - root - INFO - test loss: 0.5420
2025-10-02 03:57:48,315 - root - INFO - test average_precision, 0.7398
2025-10-02 03:57:48,315 - root - INFO - best test average_precision: 0.7398
2025-10-02 03:57:48,315 - root - INFO - test roc_auc, 0.7859
2025-10-02 03:57:48,315 - root - INFO - new node test loss: 0.6436
2025-10-02 03:57:48,315 - root - INFO - new node test average_precision, 0.6555
2025-10-02 03:57:48,315 - root - INFO - new node test roc_auc, 0.6939
2025-10-02 03:57:48,315 - root - INFO - save model ./saved_models/TGAT/uci/TGAT_kan_mammote_seed0/TGAT_kan_mammote_seed0.pkl
2025-10-02 04:00:01,010 - root - INFO - Epoch: 3, learning rate: 0.0001, train loss: 0.4797
2025-10-02 04:00:01,010 - root - INFO - train average_precision, 0.7979
2025-10-02 04:00:01,010 - root - INFO - train roc_auc, 0.8394
2025-10-02 04:00:01,011 - root - INFO - validate loss: 0.5564
2025-10-02 04:00:01,011 - root - INFO - validate average_precision, 0.7293
2025-10-02 04:00:01,011 - root - INFO - validate roc_auc, 0.7720
2025-10-02 04:00:01,011 - root - INFO - new node validate loss: 0.6795
2025-10-02 04:00:01,011 - root - INFO - new node validate average_precision, 0.6309
2025-10-02 04:00:01,011 - root - INFO - new node validate roc_auc, 0.6505
2025-10-02 04:00:19,591 - root - INFO - test loss: 0.5355
2025-10-02 04:00:19,591 - root - INFO - test average_precision, 0.7465
2025-10-02 04:00:19,591 - root - INFO - best test average_precision: 0.7465
2025-10-02 04:00:19,591 - root - INFO - test roc_auc, 0.7912
2025-10-02 04:00:19,591 - root - INFO - new node test loss: 0.6275
2025-10-02 04:00:19,591 - root - INFO - new node test average_precision, 0.6675
2025-10-02 04:00:19,591 - root - INFO - new node test roc_auc, 0.7035
2025-10-02 04:00:19,591 - root - INFO - save model ./saved_models/TGAT/uci/TGAT_kan_mammote_seed0/TGAT_kan_mammote_seed0.pkl
2025-10-02 04:02:32,185 - root - INFO - Epoch: 4, learning rate: 0.0001, train loss: 0.4749
2025-10-02 04:02:32,186 - root - INFO - train average_precision, 0.8029
2025-10-02 04:02:32,186 - root - INFO - train roc_auc, 0.8425
2025-10-02 04:02:32,186 - root - INFO - validate loss: 0.5515
2025-10-02 04:02:32,186 - root - INFO - validate average_precision, 0.7344
2025-10-02 04:02:32,186 - root - INFO - validate roc_auc, 0.7772
2025-10-02 04:02:32,186 - root - INFO - new node validate loss: 0.6759
2025-10-02 04:02:32,186 - root - INFO - new node validate average_precision, 0.6364
2025-10-02 04:02:32,186 - root - INFO - new node validate roc_auc, 0.6573
2025-10-02 04:02:50,833 - root - INFO - test loss: 0.5322
2025-10-02 04:02:50,833 - root - INFO - test average_precision, 0.7533
2025-10-02 04:02:50,833 - root - INFO - best test average_precision: 0.7533
2025-10-02 04:02:50,833 - root - INFO - test roc_auc, 0.7975
2025-10-02 04:02:50,833 - root - INFO - new node test loss: 0.6264
2025-10-02 04:02:50,833 - root - INFO - new node test average_precision, 0.6732
2025-10-02 04:02:50,833 - root - INFO - new node test roc_auc, 0.7121
2025-10-02 04:02:50,834 - root - INFO - save model ./saved_models/TGAT/uci/TGAT_kan_mammote_seed0/TGAT_kan_mammote_seed0.pkl
2025-10-02 04:05:03,508 - root - INFO - Epoch: 5, learning rate: 0.0001, train loss: 0.4747
2025-10-02 04:05:03,509 - root - INFO - train average_precision, 0.8038
2025-10-02 04:05:03,509 - root - INFO - train roc_auc, 0.8433
2025-10-02 04:05:03,509 - root - INFO - validate loss: 0.5525
2025-10-02 04:05:03,509 - root - INFO - validate average_precision, 0.7343
2025-10-02 04:05:03,509 - root - INFO - validate roc_auc, 0.7761
2025-10-02 04:05:03,509 - root - INFO - new node validate loss: 0.6838
2025-10-02 04:05:03,509 - root - INFO - new node validate average_precision, 0.6337
2025-10-02 04:05:03,509 - root - INFO - new node validate roc_auc, 0.6573
2025-10-02 04:05:22,116 - root - INFO - test loss: 0.5331
2025-10-02 04:05:22,117 - root - INFO - test average_precision, 0.7508
2025-10-02 04:05:22,117 - root - INFO - best test average_precision: 0.7533
2025-10-02 04:05:22,117 - root - INFO - test roc_auc, 0.7951
2025-10-02 04:05:22,117 - root - INFO - new node test loss: 0.6307
2025-10-02 04:05:22,117 - root - INFO - new node test average_precision, 0.6739
2025-10-02 04:05:22,117 - root - INFO - new node test roc_auc, 0.7094
2025-10-02 04:07:35,129 - root - INFO - Epoch: 6, learning rate: 0.0001, train loss: 0.4740
2025-10-02 04:07:35,129 - root - INFO - train average_precision, 0.8048
2025-10-02 04:07:35,129 - root - INFO - train roc_auc, 0.8434
2025-10-02 04:07:35,129 - root - INFO - validate loss: 0.5529
2025-10-02 04:07:35,129 - root - INFO - validate average_precision, 0.7313
2025-10-02 04:07:35,130 - root - INFO - validate roc_auc, 0.7745
2025-10-02 04:07:35,130 - root - INFO - new node validate loss: 0.6819
2025-10-02 04:07:35,130 - root - INFO - new node validate average_precision, 0.6369
2025-10-02 04:07:35,130 - root - INFO - new node validate roc_auc, 0.6553
2025-10-02 04:07:53,765 - root - INFO - test loss: 0.5321
2025-10-02 04:07:53,765 - root - INFO - test average_precision, 0.7510
2025-10-02 04:07:53,765 - root - INFO - best test average_precision: 0.7533
2025-10-02 04:07:53,765 - root - INFO - test roc_auc, 0.7947
2025-10-02 04:07:53,765 - root - INFO - new node test loss: 0.6271
2025-10-02 04:07:53,765 - root - INFO - new node test average_precision, 0.6762
2025-10-02 04:07:53,765 - root - INFO - new node test roc_auc, 0.7107
2025-10-02 04:10:06,725 - root - INFO - Epoch: 7, learning rate: 0.0001, train loss: 0.4727
2025-10-02 04:10:06,725 - root - INFO - train average_precision, 0.8061
2025-10-02 04:10:06,726 - root - INFO - train roc_auc, 0.8448
2025-10-02 04:10:06,726 - root - INFO - validate loss: 0.5509
2025-10-02 04:10:06,726 - root - INFO - validate average_precision, 0.7318
2025-10-02 04:10:06,726 - root - INFO - validate roc_auc, 0.7771
2025-10-02 04:10:06,726 - root - INFO - new node validate loss: 0.6817
2025-10-02 04:10:06,726 - root - INFO - new node validate average_precision, 0.6397
2025-10-02 04:10:06,726 - root - INFO - new node validate roc_auc, 0.6578
2025-10-02 04:10:25,308 - root - INFO - test loss: 0.5271
2025-10-02 04:10:25,308 - root - INFO - test average_precision, 0.7601
2025-10-02 04:10:25,308 - root - INFO - best test average_precision: 0.7601
2025-10-02 04:10:25,308 - root - INFO - test roc_auc, 0.8012
2025-10-02 04:10:25,308 - root - INFO - new node test loss: 0.6253
2025-10-02 04:10:25,309 - root - INFO - new node test average_precision, 0.6810
2025-10-02 04:10:25,309 - root - INFO - new node test roc_auc, 0.7147
2025-10-02 04:12:38,234 - root - INFO - Epoch: 8, learning rate: 0.0001, train loss: 0.4742
2025-10-02 04:12:38,235 - root - INFO - train average_precision, 0.8028
2025-10-02 04:12:38,235 - root - INFO - train roc_auc, 0.8415
2025-10-02 04:12:38,235 - root - INFO - validate loss: 0.5511
2025-10-02 04:12:38,235 - root - INFO - validate average_precision, 0.7358
2025-10-02 04:12:38,235 - root - INFO - validate roc_auc, 0.7770
2025-10-02 04:12:38,235 - root - INFO - new node validate loss: 0.6824
2025-10-02 04:12:38,235 - root - INFO - new node validate average_precision, 0.6324
2025-10-02 04:12:38,235 - root - INFO - new node validate roc_auc, 0.6481
2025-10-02 04:12:56,901 - root - INFO - test loss: 0.5299
2025-10-02 04:12:56,901 - root - INFO - test average_precision, 0.7561
2025-10-02 04:12:56,901 - root - INFO - best test average_precision: 0.7601
2025-10-02 04:12:56,901 - root - INFO - test roc_auc, 0.8000
2025-10-02 04:12:56,901 - root - INFO - new node test loss: 0.6249
2025-10-02 04:12:56,901 - root - INFO - new node test average_precision, 0.6815
2025-10-02 04:12:56,901 - root - INFO - new node test roc_auc, 0.7162
2025-10-02 04:15:09,757 - root - INFO - Epoch: 9, learning rate: 0.0001, train loss: 0.4723
2025-10-02 04:15:09,758 - root - INFO - train average_precision, 0.8046
2025-10-02 04:15:09,758 - root - INFO - train roc_auc, 0.8440
2025-10-02 04:15:09,758 - root - INFO - validate loss: 0.5500
2025-10-02 04:15:09,758 - root - INFO - validate average_precision, 0.7343
2025-10-02 04:15:09,758 - root - INFO - validate roc_auc, 0.7778
2025-10-02 04:15:09,758 - root - INFO - new node validate loss: 0.6810
2025-10-02 04:15:09,758 - root - INFO - new node validate average_precision, 0.6433
2025-10-02 04:15:09,758 - root - INFO - new node validate roc_auc, 0.6606
2025-10-02 04:15:28,335 - root - INFO - test loss: 0.5282
2025-10-02 04:15:28,336 - root - INFO - test average_precision, 0.7579
2025-10-02 04:15:28,336 - root - INFO - best test average_precision: 0.7601
2025-10-02 04:15:28,336 - root - INFO - test roc_auc, 0.7989
2025-10-02 04:15:28,336 - root - INFO - new node test loss: 0.6266
2025-10-02 04:15:28,336 - root - INFO - new node test average_precision, 0.6807
2025-10-02 04:15:28,336 - root - INFO - new node test roc_auc, 0.7153
2025-10-02 04:17:41,425 - root - INFO - Epoch: 10, learning rate: 0.0001, train loss: 0.4719
2025-10-02 04:17:41,425 - root - INFO - train average_precision, 0.8031
2025-10-02 04:17:41,426 - root - INFO - train roc_auc, 0.8437
2025-10-02 04:17:41,426 - root - INFO - validate loss: 0.5510
2025-10-02 04:17:41,426 - root - INFO - validate average_precision, 0.7305
2025-10-02 04:17:41,426 - root - INFO - validate roc_auc, 0.7776
2025-10-02 04:17:41,426 - root - INFO - new node validate loss: 0.6754
2025-10-02 04:17:41,426 - root - INFO - new node validate average_precision, 0.6294
2025-10-02 04:17:41,426 - root - INFO - new node validate roc_auc, 0.6455
2025-10-02 04:18:00,012 - root - INFO - test loss: 0.5316
2025-10-02 04:18:00,012 - root - INFO - test average_precision, 0.7533
2025-10-02 04:18:00,012 - root - INFO - best test average_precision: 0.7601
2025-10-02 04:18:00,012 - root - INFO - test roc_auc, 0.7966
2025-10-02 04:18:00,012 - root - INFO - new node test loss: 0.6204
2025-10-02 04:18:00,012 - root - INFO - new node test average_precision, 0.6775
2025-10-02 04:18:00,012 - root - INFO - new node test roc_auc, 0.7126
2025-10-02 04:20:12,681 - root - INFO - Epoch: 11, learning rate: 0.0001, train loss: 0.4747
2025-10-02 04:20:12,681 - root - INFO - train average_precision, 0.7909
2025-10-02 04:20:12,682 - root - INFO - train roc_auc, 0.8393
2025-10-02 04:20:12,682 - root - INFO - validate loss: 0.5479
2025-10-02 04:20:12,682 - root - INFO - validate average_precision, 0.7400
2025-10-02 04:20:12,682 - root - INFO - validate roc_auc, 0.7806
2025-10-02 04:20:12,682 - root - INFO - new node validate loss: 0.6812
2025-10-02 04:20:12,682 - root - INFO - new node validate average_precision, 0.6394
2025-10-02 04:20:12,682 - root - INFO - new node validate roc_auc, 0.6610
2025-10-02 04:20:31,321 - root - INFO - test loss: 0.5268
2025-10-02 04:20:31,321 - root - INFO - test average_precision, 0.7613
2025-10-02 04:20:31,321 - root - INFO - best test average_precision: 0.7613
2025-10-02 04:20:31,321 - root - INFO - test roc_auc, 0.8034
2025-10-02 04:20:31,322 - root - INFO - new node test loss: 0.6263
2025-10-02 04:20:31,322 - root - INFO - new node test average_precision, 0.6881
2025-10-02 04:20:31,322 - root - INFO - new node test roc_auc, 0.7209
2025-10-02 04:20:31,322 - root - INFO - save model ./saved_models/TGAT/uci/TGAT_kan_mammote_seed0/TGAT_kan_mammote_seed0.pkl
2025-10-02 04:22:44,232 - root - INFO - Epoch: 12, learning rate: 0.0001, train loss: 0.4676
2025-10-02 04:22:44,233 - root - INFO - train average_precision, 0.8106
2025-10-02 04:22:44,233 - root - INFO - train roc_auc, 0.8479
2025-10-02 04:22:44,233 - root - INFO - validate loss: 0.5475
2025-10-02 04:22:44,233 - root - INFO - validate average_precision, 0.7396
2025-10-02 04:22:44,233 - root - INFO - validate roc_auc, 0.7815
2025-10-02 04:22:44,233 - root - INFO - new node validate loss: 0.6816
2025-10-02 04:22:44,233 - root - INFO - new node validate average_precision, 0.6442
2025-10-02 04:22:44,233 - root - INFO - new node validate roc_auc, 0.6635
2025-10-02 04:23:02,875 - root - INFO - test loss: 0.5270
2025-10-02 04:23:02,875 - root - INFO - test average_precision, 0.7563
2025-10-02 04:23:02,875 - root - INFO - best test average_precision: 0.7613
2025-10-02 04:23:02,875 - root - INFO - test roc_auc, 0.8002
2025-10-02 04:23:02,875 - root - INFO - new node test loss: 0.6284
2025-10-02 04:23:02,875 - root - INFO - new node test average_precision, 0.6780
2025-10-02 04:23:02,875 - root - INFO - new node test roc_auc, 0.7156
2025-10-02 04:25:15,240 - root - INFO - Epoch: 13, learning rate: 0.0001, train loss: 0.4732
2025-10-02 04:25:15,241 - root - INFO - train average_precision, 0.8034
2025-10-02 04:25:15,241 - root - INFO - train roc_auc, 0.8424
2025-10-02 04:25:15,241 - root - INFO - validate loss: 0.5471
2025-10-02 04:25:15,241 - root - INFO - validate average_precision, 0.7397
2025-10-02 04:25:15,241 - root - INFO - validate roc_auc, 0.7811
2025-10-02 04:25:15,241 - root - INFO - new node validate loss: 0.6741
2025-10-02 04:25:15,241 - root - INFO - new node validate average_precision, 0.6430
2025-10-02 04:25:15,241 - root - INFO - new node validate roc_auc, 0.6628
2025-10-02 04:25:33,837 - root - INFO - test loss: 0.5262
2025-10-02 04:25:33,838 - root - INFO - test average_precision, 0.7624
2025-10-02 04:25:33,838 - root - INFO - best test average_precision: 0.7624
2025-10-02 04:25:33,838 - root - INFO - test roc_auc, 0.8020
2025-10-02 04:25:33,838 - root - INFO - new node test loss: 0.6253
2025-10-02 04:25:33,838 - root - INFO - new node test average_precision, 0.6880
2025-10-02 04:25:33,838 - root - INFO - new node test roc_auc, 0.7168
2025-10-02 04:27:46,692 - root - INFO - Epoch: 14, learning rate: 0.0001, train loss: 0.4683
2025-10-02 04:27:46,692 - root - INFO - train average_precision, 0.8095
2025-10-02 04:27:46,692 - root - INFO - train roc_auc, 0.8476
2025-10-02 04:27:46,692 - root - INFO - validate loss: 0.5474
2025-10-02 04:27:46,692 - root - INFO - validate average_precision, 0.7405
2025-10-02 04:27:46,693 - root - INFO - validate roc_auc, 0.7807
2025-10-02 04:27:46,693 - root - INFO - new node validate loss: 0.6798
2025-10-02 04:27:46,693 - root - INFO - new node validate average_precision, 0.6455
2025-10-02 04:27:46,693 - root - INFO - new node validate roc_auc, 0.6650
2025-10-02 04:28:05,286 - root - INFO - test loss: 0.5268
2025-10-02 04:28:05,287 - root - INFO - test average_precision, 0.7607
2025-10-02 04:28:05,287 - root - INFO - best test average_precision: 0.7624
2025-10-02 04:28:05,287 - root - INFO - test roc_auc, 0.8018
2025-10-02 04:28:05,287 - root - INFO - new node test loss: 0.6242
2025-10-02 04:28:05,287 - root - INFO - new node test average_precision, 0.6914
2025-10-02 04:28:05,287 - root - INFO - new node test roc_auc, 0.7222
2025-10-02 04:28:05,287 - root - INFO - save model ./saved_models/TGAT/uci/TGAT_kan_mammote_seed0/TGAT_kan_mammote_seed0.pkl
2025-10-02 04:30:18,259 - root - INFO - Epoch: 15, learning rate: 0.0001, train loss: 0.4678
2025-10-02 04:30:18,259 - root - INFO - train average_precision, 0.8064
2025-10-02 04:30:18,259 - root - INFO - train roc_auc, 0.8468
2025-10-02 04:30:18,259 - root - INFO - validate loss: 0.5497
2025-10-02 04:30:18,259 - root - INFO - validate average_precision, 0.7357
2025-10-02 04:30:18,259 - root - INFO - validate roc_auc, 0.7785
2025-10-02 04:30:18,259 - root - INFO - new node validate loss: 0.6804
2025-10-02 04:30:18,260 - root - INFO - new node validate average_precision, 0.6391
2025-10-02 04:30:18,260 - root - INFO - new node validate roc_auc, 0.6625
2025-10-02 04:30:36,858 - root - INFO - test loss: 0.5290
2025-10-02 04:30:36,858 - root - INFO - test average_precision, 0.7511
2025-10-02 04:30:36,858 - root - INFO - best test average_precision: 0.7624
2025-10-02 04:30:36,858 - root - INFO - test roc_auc, 0.7968
2025-10-02 04:30:36,858 - root - INFO - new node test loss: 0.6333
2025-10-02 04:30:36,858 - root - INFO - new node test average_precision, 0.6776
2025-10-02 04:30:36,858 - root - INFO - new node test roc_auc, 0.7137
2025-10-02 04:32:49,405 - root - INFO - Epoch: 16, learning rate: 0.0001, train loss: 0.4704
2025-10-02 04:32:49,406 - root - INFO - train average_precision, 0.8078
2025-10-02 04:32:49,406 - root - INFO - train roc_auc, 0.8464
2025-10-02 04:32:49,406 - root - INFO - validate loss: 0.5483
2025-10-02 04:32:49,406 - root - INFO - validate average_precision, 0.7397
2025-10-02 04:32:49,406 - root - INFO - validate roc_auc, 0.7803
2025-10-02 04:32:49,406 - root - INFO - new node validate loss: 0.6788
2025-10-02 04:32:49,406 - root - INFO - new node validate average_precision, 0.6452
2025-10-02 04:32:49,406 - root - INFO - new node validate roc_auc, 0.6650
2025-10-02 04:33:08,041 - root - INFO - test loss: 0.5258
2025-10-02 04:33:08,041 - root - INFO - test average_precision, 0.7615
2025-10-02 04:33:08,041 - root - INFO - best test average_precision: 0.7624
2025-10-02 04:33:08,041 - root - INFO - test roc_auc, 0.8027
2025-10-02 04:33:08,041 - root - INFO - new node test loss: 0.6241
2025-10-02 04:33:08,041 - root - INFO - new node test average_precision, 0.6889
2025-10-02 04:33:08,041 - root - INFO - new node test roc_auc, 0.7202
2025-10-02 04:35:21,241 - root - INFO - Epoch: 17, learning rate: 0.0001, train loss: 0.4681
2025-10-02 04:35:21,242 - root - INFO - train average_precision, 0.8049
2025-10-02 04:35:21,242 - root - INFO - train roc_auc, 0.8454
2025-10-02 04:35:21,242 - root - INFO - validate loss: 0.5493
2025-10-02 04:35:21,242 - root - INFO - validate average_precision, 0.7363
2025-10-02 04:35:21,242 - root - INFO - validate roc_auc, 0.7788
2025-10-02 04:35:21,242 - root - INFO - new node validate loss: 0.6712
2025-10-02 04:35:21,242 - root - INFO - new node validate average_precision, 0.6450
2025-10-02 04:35:21,242 - root - INFO - new node validate roc_auc, 0.6651
2025-10-02 04:35:39,897 - root - INFO - test loss: 0.5280
2025-10-02 04:35:39,897 - root - INFO - test average_precision, 0.7553
2025-10-02 04:35:39,897 - root - INFO - best test average_precision: 0.7624
2025-10-02 04:35:39,897 - root - INFO - test roc_auc, 0.7987
2025-10-02 04:35:39,897 - root - INFO - new node test loss: 0.6222
2025-10-02 04:35:39,897 - root - INFO - new node test average_precision, 0.6797
2025-10-02 04:35:39,897 - root - INFO - new node test roc_auc, 0.7150
2025-10-02 04:37:52,928 - root - INFO - Epoch: 18, learning rate: 0.0001, train loss: 0.4734
2025-10-02 04:37:52,929 - root - INFO - train average_precision, 0.8027
2025-10-02 04:37:52,929 - root - INFO - train roc_auc, 0.8429
2025-10-02 04:37:52,929 - root - INFO - validate loss: 0.5482
2025-10-02 04:37:52,929 - root - INFO - validate average_precision, 0.7370
2025-10-02 04:37:52,929 - root - INFO - validate roc_auc, 0.7800
2025-10-02 04:37:52,929 - root - INFO - new node validate loss: 0.6726
2025-10-02 04:37:52,929 - root - INFO - new node validate average_precision, 0.6478
2025-10-02 04:37:52,929 - root - INFO - new node validate roc_auc, 0.6661
2025-10-02 04:38:11,642 - root - INFO - test loss: 0.5272
2025-10-02 04:38:11,642 - root - INFO - test average_precision, 0.7590
2025-10-02 04:38:11,642 - root - INFO - best test average_precision: 0.7624
2025-10-02 04:38:11,643 - root - INFO - test roc_auc, 0.8004
2025-10-02 04:38:11,643 - root - INFO - new node test loss: 0.6208
2025-10-02 04:38:11,643 - root - INFO - new node test average_precision, 0.6825
2025-10-02 04:38:11,643 - root - INFO - new node test roc_auc, 0.7175
2025-10-02 04:40:24,821 - root - INFO - Epoch: 19, learning rate: 0.0001, train loss: 0.4689
2025-10-02 04:40:24,822 - root - INFO - train average_precision, 0.8033
2025-10-02 04:40:24,822 - root - INFO - train roc_auc, 0.8444
2025-10-02 04:40:24,822 - root - INFO - validate loss: 0.5457
2025-10-02 04:40:24,822 - root - INFO - validate average_precision, 0.7411
2025-10-02 04:40:24,822 - root - INFO - validate roc_auc, 0.7822
2025-10-02 04:40:24,822 - root - INFO - new node validate loss: 0.6834
2025-10-02 04:40:24,822 - root - INFO - new node validate average_precision, 0.6421
2025-10-02 04:40:24,823 - root - INFO - new node validate roc_auc, 0.6639
2025-10-02 04:40:43,488 - root - INFO - test loss: 0.5290
2025-10-02 04:40:43,488 - root - INFO - test average_precision, 0.7595
2025-10-02 04:40:43,488 - root - INFO - best test average_precision: 0.7624
2025-10-02 04:40:43,488 - root - INFO - test roc_auc, 0.7997
2025-10-02 04:40:43,488 - root - INFO - new node test loss: 0.6334
2025-10-02 04:40:43,489 - root - INFO - new node test average_precision, 0.6861
2025-10-02 04:40:43,489 - root - INFO - new node test roc_auc, 0.7164
2025-10-02 04:40:43,489 - root - INFO - save model ./saved_models/TGAT/uci/TGAT_kan_mammote_seed0/TGAT_kan_mammote_seed0.pkl
2025-10-02 04:42:56,534 - root - INFO - Epoch: 20, learning rate: 0.0001, train loss: 0.4702
2025-10-02 04:42:56,534 - root - INFO - train average_precision, 0.8061
2025-10-02 04:42:56,534 - root - INFO - train roc_auc, 0.8449
2025-10-02 04:42:56,534 - root - INFO - validate loss: 0.5470
2025-10-02 04:42:56,534 - root - INFO - validate average_precision, 0.7403
2025-10-02 04:42:56,535 - root - INFO - validate roc_auc, 0.7824
2025-10-02 04:42:56,535 - root - INFO - new node validate loss: 0.6834
2025-10-02 04:42:56,535 - root - INFO - new node validate average_precision, 0.6421
2025-10-02 04:42:56,535 - root - INFO - new node validate roc_auc, 0.6648
2025-10-02 04:43:15,146 - root - INFO - test loss: 0.5282
2025-10-02 04:43:15,146 - root - INFO - test average_precision, 0.7608
2025-10-02 04:43:15,146 - root - INFO - best test average_precision: 0.7624
2025-10-02 04:43:15,146 - root - INFO - test roc_auc, 0.8014
2025-10-02 04:43:15,146 - root - INFO - new node test loss: 0.6330
2025-10-02 04:43:15,146 - root - INFO - new node test average_precision, 0.6832
2025-10-02 04:43:15,146 - root - INFO - new node test roc_auc, 0.7160
2025-10-02 04:45:27,342 - root - INFO - Epoch: 21, learning rate: 0.0001, train loss: 0.4678
2025-10-02 04:45:27,343 - root - INFO - train average_precision, 0.8061
2025-10-02 04:45:27,343 - root - INFO - train roc_auc, 0.8468
2025-10-02 04:45:27,343 - root - INFO - validate loss: 0.5460
2025-10-02 04:45:27,343 - root - INFO - validate average_precision, 0.7412
2025-10-02 04:45:27,343 - root - INFO - validate roc_auc, 0.7813
2025-10-02 04:45:27,344 - root - INFO - new node validate loss: 0.6797
2025-10-02 04:45:27,344 - root - INFO - new node validate average_precision, 0.6487
2025-10-02 04:45:27,344 - root - INFO - new node validate roc_auc, 0.6662
2025-10-02 04:45:45,912 - root - INFO - test loss: 0.5273
2025-10-02 04:45:45,912 - root - INFO - test average_precision, 0.7593
2025-10-02 04:45:45,912 - root - INFO - best test average_precision: 0.7624
2025-10-02 04:45:45,912 - root - INFO - test roc_auc, 0.8010
2025-10-02 04:45:45,912 - root - INFO - new node test loss: 0.6300
2025-10-02 04:45:45,912 - root - INFO - new node test average_precision, 0.6862
2025-10-02 04:45:45,912 - root - INFO - new node test roc_auc, 0.7178
2025-10-02 04:47:58,421 - root - INFO - Epoch: 22, learning rate: 0.0001, train loss: 0.4677
2025-10-02 04:47:58,422 - root - INFO - train average_precision, 0.8064
2025-10-02 04:47:58,422 - root - INFO - train roc_auc, 0.8466
2025-10-02 04:47:58,422 - root - INFO - validate loss: 0.5477
2025-10-02 04:47:58,422 - root - INFO - validate average_precision, 0.7375
2025-10-02 04:47:58,422 - root - INFO - validate roc_auc, 0.7800
2025-10-02 04:47:58,422 - root - INFO - new node validate loss: 0.6797
2025-10-02 04:47:58,422 - root - INFO - new node validate average_precision, 0.6442
2025-10-02 04:47:58,422 - root - INFO - new node validate roc_auc, 0.6629
2025-10-02 04:48:17,071 - root - INFO - test loss: 0.5272
2025-10-02 04:48:17,071 - root - INFO - test average_precision, 0.7597
2025-10-02 04:48:17,071 - root - INFO - best test average_precision: 0.7624
2025-10-02 04:48:17,071 - root - INFO - test roc_auc, 0.8008
2025-10-02 04:48:17,071 - root - INFO - new node test loss: 0.6292
2025-10-02 04:48:17,071 - root - INFO - new node test average_precision, 0.6843
2025-10-02 04:48:17,071 - root - INFO - new node test roc_auc, 0.7176
2025-10-02 04:50:29,978 - root - INFO - Epoch: 23, learning rate: 0.0001, train loss: 0.4696
2025-10-02 04:50:29,979 - root - INFO - train average_precision, 0.8058
2025-10-02 04:50:29,979 - root - INFO - train roc_auc, 0.8454
2025-10-02 04:50:29,979 - root - INFO - validate loss: 0.5472
2025-10-02 04:50:29,979 - root - INFO - validate average_precision, 0.7380
2025-10-02 04:50:29,979 - root - INFO - validate roc_auc, 0.7802
2025-10-02 04:50:29,979 - root - INFO - new node validate loss: 0.6774
2025-10-02 04:50:29,979 - root - INFO - new node validate average_precision, 0.6473
2025-10-02 04:50:29,979 - root - INFO - new node validate roc_auc, 0.6653
2025-10-02 04:50:48,647 - root - INFO - test loss: 0.5244
2025-10-02 04:50:48,647 - root - INFO - test average_precision, 0.7627
2025-10-02 04:50:48,647 - root - INFO - best test average_precision: 0.7627
2025-10-02 04:50:48,647 - root - INFO - test roc_auc, 0.8029
2025-10-02 04:50:48,647 - root - INFO - new node test loss: 0.6260
2025-10-02 04:50:48,647 - root - INFO - new node test average_precision, 0.6912
2025-10-02 04:50:48,647 - root - INFO - new node test roc_auc, 0.7196
2025-10-02 04:53:01,578 - root - INFO - Epoch: 24, learning rate: 0.0001, train loss: 0.4722
2025-10-02 04:53:01,578 - root - INFO - train average_precision, 0.8041
2025-10-02 04:53:01,578 - root - INFO - train roc_auc, 0.8441
2025-10-02 04:53:01,578 - root - INFO - validate loss: 0.5459
2025-10-02 04:53:01,578 - root - INFO - validate average_precision, 0.7420
2025-10-02 04:53:01,578 - root - INFO - validate roc_auc, 0.7818
2025-10-02 04:53:01,579 - root - INFO - new node validate loss: 0.6785
2025-10-02 04:53:01,579 - root - INFO - new node validate average_precision, 0.6434
2025-10-02 04:53:01,579 - root - INFO - new node validate roc_auc, 0.6628
2025-10-02 04:53:20,259 - root - INFO - test loss: 0.5273
2025-10-02 04:53:20,260 - root - INFO - test average_precision, 0.7578
2025-10-02 04:53:20,260 - root - INFO - best test average_precision: 0.7627
2025-10-02 04:53:20,260 - root - INFO - test roc_auc, 0.8010
2025-10-02 04:53:20,260 - root - INFO - new node test loss: 0.6289
2025-10-02 04:53:20,260 - root - INFO - new node test average_precision, 0.6789
2025-10-02 04:53:20,260 - root - INFO - new node test roc_auc, 0.7155
2025-10-02 04:55:32,916 - root - INFO - Epoch: 25, learning rate: 0.0001, train loss: 0.4703
2025-10-02 04:55:32,917 - root - INFO - train average_precision, 0.8044
2025-10-02 04:55:32,917 - root - INFO - train roc_auc, 0.8446
2025-10-02 04:55:32,917 - root - INFO - validate loss: 0.5452
2025-10-02 04:55:32,918 - root - INFO - validate average_precision, 0.7416
2025-10-02 04:55:32,918 - root - INFO - validate roc_auc, 0.7828
2025-10-02 04:55:32,918 - root - INFO - new node validate loss: 0.6823
2025-10-02 04:55:32,918 - root - INFO - new node validate average_precision, 0.6467
2025-10-02 04:55:32,918 - root - INFO - new node validate roc_auc, 0.6649
2025-10-02 04:55:51,517 - root - INFO - test loss: 0.5285
2025-10-02 04:55:51,517 - root - INFO - test average_precision, 0.7597
2025-10-02 04:55:51,518 - root - INFO - best test average_precision: 0.7627
2025-10-02 04:55:51,518 - root - INFO - test roc_auc, 0.8004
2025-10-02 04:55:51,518 - root - INFO - new node test loss: 0.6312
2025-10-02 04:55:51,518 - root - INFO - new node test average_precision, 0.6867
2025-10-02 04:55:51,518 - root - INFO - new node test roc_auc, 0.7179
2025-10-02 04:55:51,518 - root - INFO - save model ./saved_models/TGAT/uci/TGAT_kan_mammote_seed0/TGAT_kan_mammote_seed0.pkl
2025-10-02 04:58:04,648 - root - INFO - Epoch: 26, learning rate: 0.0001, train loss: 0.4663
2025-10-02 04:58:04,649 - root - INFO - train average_precision, 0.8098
2025-10-02 04:58:04,649 - root - INFO - train roc_auc, 0.8489
2025-10-02 04:58:04,649 - root - INFO - validate loss: 0.5466
2025-10-02 04:58:04,649 - root - INFO - validate average_precision, 0.7371
2025-10-02 04:58:04,649 - root - INFO - validate roc_auc, 0.7796
2025-10-02 04:58:04,649 - root - INFO - new node validate loss: 0.6761
2025-10-02 04:58:04,649 - root - INFO - new node validate average_precision, 0.6448
2025-10-02 04:58:04,650 - root - INFO - new node validate roc_auc, 0.6629
2025-10-02 04:58:23,256 - root - INFO - test loss: 0.5281
2025-10-02 04:58:23,257 - root - INFO - test average_precision, 0.7602
2025-10-02 04:58:23,257 - root - INFO - best test average_precision: 0.7627
2025-10-02 04:58:23,257 - root - INFO - test roc_auc, 0.7993
2025-10-02 04:58:23,257 - root - INFO - new node test loss: 0.6252
2025-10-02 04:58:23,257 - root - INFO - new node test average_precision, 0.6868
2025-10-02 04:58:23,257 - root - INFO - new node test roc_auc, 0.7169
2025-10-02 05:00:36,252 - root - INFO - Epoch: 27, learning rate: 0.0001, train loss: 0.4684
2025-10-02 05:00:36,252 - root - INFO - train average_precision, 0.8045
2025-10-02 05:00:36,252 - root - INFO - train roc_auc, 0.8451
2025-10-02 05:00:36,252 - root - INFO - validate loss: 0.5462
2025-10-02 05:00:36,252 - root - INFO - validate average_precision, 0.7416
2025-10-02 05:00:36,252 - root - INFO - validate roc_auc, 0.7814
2025-10-02 05:00:36,252 - root - INFO - new node validate loss: 0.6758
2025-10-02 05:00:36,253 - root - INFO - new node validate average_precision, 0.6462
2025-10-02 05:00:36,253 - root - INFO - new node validate roc_auc, 0.6668
2025-10-02 05:00:54,826 - root - INFO - test loss: 0.5269
2025-10-02 05:00:54,826 - root - INFO - test average_precision, 0.7581
2025-10-02 05:00:54,826 - root - INFO - best test average_precision: 0.7627
2025-10-02 05:00:54,826 - root - INFO - test roc_auc, 0.8000
2025-10-02 05:00:54,827 - root - INFO - new node test loss: 0.6229
2025-10-02 05:00:54,827 - root - INFO - new node test average_precision, 0.6867
2025-10-02 05:00:54,827 - root - INFO - new node test roc_auc, 0.7194
2025-10-02 05:03:07,839 - root - INFO - Epoch: 28, learning rate: 0.0001, train loss: 0.4646
2025-10-02 05:03:07,841 - root - INFO - train average_precision, 0.8099
2025-10-02 05:03:07,841 - root - INFO - train roc_auc, 0.8494
2025-10-02 05:03:07,841 - root - INFO - validate loss: 0.5466
2025-10-02 05:03:07,841 - root - INFO - validate average_precision, 0.7365
2025-10-02 05:03:07,841 - root - INFO - validate roc_auc, 0.7798
2025-10-02 05:03:07,841 - root - INFO - new node validate loss: 0.6775
2025-10-02 05:03:07,841 - root - INFO - new node validate average_precision, 0.6465
2025-10-02 05:03:07,841 - root - INFO - new node validate roc_auc, 0.6666
2025-10-02 05:03:26,437 - root - INFO - test loss: 0.5269
2025-10-02 05:03:26,437 - root - INFO - test average_precision, 0.7576
2025-10-02 05:03:26,437 - root - INFO - best test average_precision: 0.7627
2025-10-02 05:03:26,437 - root - INFO - test roc_auc, 0.8011
2025-10-02 05:03:26,437 - root - INFO - new node test loss: 0.6253
2025-10-02 05:03:26,437 - root - INFO - new node test average_precision, 0.6818
2025-10-02 05:03:26,437 - root - INFO - new node test roc_auc, 0.7192
2025-10-02 05:05:39,498 - root - INFO - Epoch: 29, learning rate: 0.0001, train loss: 0.4681
2025-10-02 05:05:39,499 - root - INFO - train average_precision, 0.8079
2025-10-02 05:05:39,499 - root - INFO - train roc_auc, 0.8460
2025-10-02 05:05:39,499 - root - INFO - validate loss: 0.5445
2025-10-02 05:05:39,499 - root - INFO - validate average_precision, 0.7407
2025-10-02 05:05:39,499 - root - INFO - validate roc_auc, 0.7827
2025-10-02 05:05:39,499 - root - INFO - new node validate loss: 0.6799
2025-10-02 05:05:39,499 - root - INFO - new node validate average_precision, 0.6493
2025-10-02 05:05:39,500 - root - INFO - new node validate roc_auc, 0.6687
2025-10-02 05:05:58,092 - root - INFO - test loss: 0.5265
2025-10-02 05:05:58,092 - root - INFO - test average_precision, 0.7640
2025-10-02 05:05:58,092 - root - INFO - best test average_precision: 0.7640
2025-10-02 05:05:58,092 - root - INFO - test roc_auc, 0.8021
2025-10-02 05:05:58,092 - root - INFO - new node test loss: 0.6294
2025-10-02 05:05:58,092 - root - INFO - new node test average_precision, 0.6864
2025-10-02 05:05:58,092 - root - INFO - new node test roc_auc, 0.7190
2025-10-02 05:08:11,010 - root - INFO - Epoch: 30, learning rate: 0.0001, train loss: 0.4684
2025-10-02 05:08:11,010 - root - INFO - train average_precision, 0.8069
2025-10-02 05:08:11,010 - root - INFO - train roc_auc, 0.8463
2025-10-02 05:08:11,011 - root - INFO - validate loss: 0.5456
2025-10-02 05:08:11,011 - root - INFO - validate average_precision, 0.7410
2025-10-02 05:08:11,011 - root - INFO - validate roc_auc, 0.7819
2025-10-02 05:08:11,011 - root - INFO - new node validate loss: 0.6791
2025-10-02 05:08:11,011 - root - INFO - new node validate average_precision, 0.6443
2025-10-02 05:08:11,011 - root - INFO - new node validate roc_auc, 0.6569
2025-10-02 05:08:29,597 - root - INFO - test loss: 0.5253
2025-10-02 05:08:29,597 - root - INFO - test average_precision, 0.7605
2025-10-02 05:08:29,597 - root - INFO - best test average_precision: 0.7640
2025-10-02 05:08:29,597 - root - INFO - test roc_auc, 0.8027
2025-10-02 05:08:29,597 - root - INFO - new node test loss: 0.6251
2025-10-02 05:08:29,597 - root - INFO - new node test average_precision, 0.6871
2025-10-02 05:08:29,597 - root - INFO - new node test roc_auc, 0.7207
2025-10-02 05:10:42,415 - root - INFO - Epoch: 31, learning rate: 0.0001, train loss: 0.4698
2025-10-02 05:10:42,416 - root - INFO - train average_precision, 0.8046
2025-10-02 05:10:42,416 - root - INFO - train roc_auc, 0.8453
2025-10-02 05:10:42,416 - root - INFO - validate loss: 0.5454
2025-10-02 05:10:42,416 - root - INFO - validate average_precision, 0.7404
2025-10-02 05:10:42,416 - root - INFO - validate roc_auc, 0.7820
2025-10-02 05:10:42,416 - root - INFO - new node validate loss: 0.6806
2025-10-02 05:10:42,416 - root - INFO - new node validate average_precision, 0.6391
2025-10-02 05:10:42,416 - root - INFO - new node validate roc_auc, 0.6561
2025-10-02 05:11:01,040 - root - INFO - test loss: 0.5251
2025-10-02 05:11:01,040 - root - INFO - test average_precision, 0.7607
2025-10-02 05:11:01,040 - root - INFO - best test average_precision: 0.7640
2025-10-02 05:11:01,040 - root - INFO - test roc_auc, 0.8024
2025-10-02 05:11:01,040 - root - INFO - new node test loss: 0.6270
2025-10-02 05:11:01,040 - root - INFO - new node test average_precision, 0.6831
2025-10-02 05:11:01,040 - root - INFO - new node test roc_auc, 0.7198
2025-10-02 05:13:13,673 - root - INFO - Epoch: 32, learning rate: 0.0001, train loss: 0.4687
2025-10-02 05:13:13,674 - root - INFO - train average_precision, 0.8075
2025-10-02 05:13:13,674 - root - INFO - train roc_auc, 0.8469
2025-10-02 05:13:13,674 - root - INFO - validate loss: 0.5463
2025-10-02 05:13:13,674 - root - INFO - validate average_precision, 0.7375
2025-10-02 05:13:13,674 - root - INFO - validate roc_auc, 0.7805
2025-10-02 05:13:13,674 - root - INFO - new node validate loss: 0.6822
2025-10-02 05:13:13,674 - root - INFO - new node validate average_precision, 0.6399
2025-10-02 05:13:13,674 - root - INFO - new node validate roc_auc, 0.6636
2025-10-02 05:13:32,291 - root - INFO - test loss: 0.5280
2025-10-02 05:13:32,291 - root - INFO - test average_precision, 0.7646
2025-10-02 05:13:32,291 - root - INFO - best test average_precision: 0.7646
2025-10-02 05:13:32,291 - root - INFO - test roc_auc, 0.8016
2025-10-02 05:13:32,291 - root - INFO - new node test loss: 0.6351
2025-10-02 05:13:32,292 - root - INFO - new node test average_precision, 0.6837
2025-10-02 05:13:32,292 - root - INFO - new node test roc_auc, 0.7175
2025-10-02 05:15:44,454 - root - INFO - Epoch: 33, learning rate: 0.0001, train loss: 0.4674
2025-10-02 05:15:44,454 - root - INFO - train average_precision, 0.8069
2025-10-02 05:15:44,455 - root - INFO - train roc_auc, 0.8463
2025-10-02 05:15:44,455 - root - INFO - validate loss: 0.5465
2025-10-02 05:15:44,455 - root - INFO - validate average_precision, 0.7370
2025-10-02 05:15:44,455 - root - INFO - validate roc_auc, 0.7807
2025-10-02 05:15:44,455 - root - INFO - new node validate loss: 0.6751
2025-10-02 05:15:44,455 - root - INFO - new node validate average_precision, 0.6334
2025-10-02 05:15:44,455 - root - INFO - new node validate roc_auc, 0.6545
2025-10-02 05:16:03,050 - root - INFO - test loss: 0.5259
2025-10-02 05:16:03,050 - root - INFO - test average_precision, 0.7570
2025-10-02 05:16:03,050 - root - INFO - best test average_precision: 0.7646
2025-10-02 05:16:03,050 - root - INFO - test roc_auc, 0.7994
2025-10-02 05:16:03,050 - root - INFO - new node test loss: 0.6243
2025-10-02 05:16:03,050 - root - INFO - new node test average_precision, 0.6826
2025-10-02 05:16:03,050 - root - INFO - new node test roc_auc, 0.7165
2025-10-02 05:18:15,381 - root - INFO - Epoch: 34, learning rate: 0.0001, train loss: 0.4690
2025-10-02 05:18:15,382 - root - INFO - train average_precision, 0.8065
2025-10-02 05:18:15,382 - root - INFO - train roc_auc, 0.8459
2025-10-02 05:18:15,382 - root - INFO - validate loss: 0.5461
2025-10-02 05:18:15,382 - root - INFO - validate average_precision, 0.7385
2025-10-02 05:18:15,382 - root - INFO - validate roc_auc, 0.7820
2025-10-02 05:18:15,382 - root - INFO - new node validate loss: 0.6836
2025-10-02 05:18:15,382 - root - INFO - new node validate average_precision, 0.6386
2025-10-02 05:18:15,383 - root - INFO - new node validate roc_auc, 0.6542
2025-10-02 05:18:34,021 - root - INFO - test loss: 0.5255
2025-10-02 05:18:34,021 - root - INFO - test average_precision, 0.7596
2025-10-02 05:18:34,021 - root - INFO - best test average_precision: 0.7646
2025-10-02 05:18:34,021 - root - INFO - test roc_auc, 0.8029
2025-10-02 05:18:34,021 - root - INFO - new node test loss: 0.6291
2025-10-02 05:18:34,021 - root - INFO - new node test average_precision, 0.6831
2025-10-02 05:18:34,021 - root - INFO - new node test roc_auc, 0.7183
2025-10-02 05:20:46,533 - root - INFO - Epoch: 35, learning rate: 0.0001, train loss: 0.4646
2025-10-02 05:20:46,533 - root - INFO - train average_precision, 0.8079
2025-10-02 05:20:46,533 - root - INFO - train roc_auc, 0.8477
2025-10-02 05:20:46,534 - root - INFO - validate loss: 0.5445
2025-10-02 05:20:46,534 - root - INFO - validate average_precision, 0.7417
2025-10-02 05:20:46,534 - root - INFO - validate roc_auc, 0.7830
2025-10-02 05:20:46,534 - root - INFO - new node validate loss: 0.6818
2025-10-02 05:20:46,534 - root - INFO - new node validate average_precision, 0.6465
2025-10-02 05:20:46,534 - root - INFO - new node validate roc_auc, 0.6659
2025-10-02 05:21:05,184 - root - INFO - test loss: 0.5262
2025-10-02 05:21:05,184 - root - INFO - test average_precision, 0.7565
2025-10-02 05:21:05,184 - root - INFO - best test average_precision: 0.7646
2025-10-02 05:21:05,184 - root - INFO - test roc_auc, 0.8020
2025-10-02 05:21:05,184 - root - INFO - new node test loss: 0.6298
2025-10-02 05:21:05,184 - root - INFO - new node test average_precision, 0.6818
2025-10-02 05:21:05,184 - root - INFO - new node test roc_auc, 0.7194
2025-10-02 05:21:05,184 - root - INFO - save model ./saved_models/TGAT/uci/TGAT_kan_mammote_seed0/TGAT_kan_mammote_seed0.pkl
2025-10-02 05:23:17,832 - root - INFO - Epoch: 36, learning rate: 0.0001, train loss: 0.4672
2025-10-02 05:23:17,833 - root - INFO - train average_precision, 0.8104
2025-10-02 05:23:17,833 - root - INFO - train roc_auc, 0.8483
2025-10-02 05:23:17,833 - root - INFO - validate loss: 0.5445
2025-10-02 05:23:17,833 - root - INFO - validate average_precision, 0.7407
2025-10-02 05:23:17,833 - root - INFO - validate roc_auc, 0.7829
2025-10-02 05:23:17,833 - root - INFO - new node validate loss: 0.6802
2025-10-02 05:23:17,834 - root - INFO - new node validate average_precision, 0.6471
2025-10-02 05:23:17,834 - root - INFO - new node validate roc_auc, 0.6675
2025-10-02 05:23:36,414 - root - INFO - test loss: 0.5262
2025-10-02 05:23:36,414 - root - INFO - test average_precision, 0.7656
2025-10-02 05:23:36,414 - root - INFO - best test average_precision: 0.7656
2025-10-02 05:23:36,414 - root - INFO - test roc_auc, 0.8045
2025-10-02 05:23:36,414 - root - INFO - new node test loss: 0.6306
2025-10-02 05:23:36,414 - root - INFO - new node test average_precision, 0.6850
2025-10-02 05:23:36,414 - root - INFO - new node test roc_auc, 0.7208
2025-10-02 05:25:49,243 - root - INFO - Epoch: 37, learning rate: 0.0001, train loss: 0.4663
2025-10-02 05:25:49,243 - root - INFO - train average_precision, 0.8080
2025-10-02 05:25:49,243 - root - INFO - train roc_auc, 0.8464
2025-10-02 05:25:49,243 - root - INFO - validate loss: 0.5475
2025-10-02 05:25:49,243 - root - INFO - validate average_precision, 0.7373
2025-10-02 05:25:49,243 - root - INFO - validate roc_auc, 0.7808
2025-10-02 05:25:49,244 - root - INFO - new node validate loss: 0.6737
2025-10-02 05:25:49,244 - root - INFO - new node validate average_precision, 0.6402
2025-10-02 05:25:49,244 - root - INFO - new node validate roc_auc, 0.6580
2025-10-02 05:26:07,837 - root - INFO - test loss: 0.5258
2025-10-02 05:26:07,837 - root - INFO - test average_precision, 0.7557
2025-10-02 05:26:07,837 - root - INFO - best test average_precision: 0.7656
2025-10-02 05:26:07,837 - root - INFO - test roc_auc, 0.7990
2025-10-02 05:26:07,837 - root - INFO - new node test loss: 0.6232
2025-10-02 05:26:07,837 - root - INFO - new node test average_precision, 0.6783
2025-10-02 05:26:07,837 - root - INFO - new node test roc_auc, 0.7160
2025-10-02 05:28:20,768 - root - INFO - Epoch: 38, learning rate: 0.0001, train loss: 0.4669
2025-10-02 05:28:20,768 - root - INFO - train average_precision, 0.8085
2025-10-02 05:28:20,768 - root - INFO - train roc_auc, 0.8474
2025-10-02 05:28:20,768 - root - INFO - validate loss: 0.5449
2025-10-02 05:28:20,768 - root - INFO - validate average_precision, 0.7386
2025-10-02 05:28:20,768 - root - INFO - validate roc_auc, 0.7818
2025-10-02 05:28:20,769 - root - INFO - new node validate loss: 0.6806
2025-10-02 05:28:20,769 - root - INFO - new node validate average_precision, 0.6449
2025-10-02 05:28:20,769 - root - INFO - new node validate roc_auc, 0.6656
2025-10-02 05:28:39,377 - root - INFO - test loss: 0.5265
2025-10-02 05:28:39,377 - root - INFO - test average_precision, 0.7558
2025-10-02 05:28:39,377 - root - INFO - best test average_precision: 0.7656
2025-10-02 05:28:39,377 - root - INFO - test roc_auc, 0.8004
2025-10-02 05:28:39,377 - root - INFO - new node test loss: 0.6274
2025-10-02 05:28:39,377 - root - INFO - new node test average_precision, 0.6825
2025-10-02 05:28:39,377 - root - INFO - new node test roc_auc, 0.7189
2025-10-02 05:30:52,131 - root - INFO - Epoch: 39, learning rate: 0.0001, train loss: 0.4653
2025-10-02 05:30:52,131 - root - INFO - train average_precision, 0.8052
2025-10-02 05:30:52,132 - root - INFO - train roc_auc, 0.8463
2025-10-02 05:30:52,132 - root - INFO - validate loss: 0.5442
2025-10-02 05:30:52,132 - root - INFO - validate average_precision, 0.7407
2025-10-02 05:30:52,132 - root - INFO - validate roc_auc, 0.7831
2025-10-02 05:30:52,132 - root - INFO - new node validate loss: 0.6750
2025-10-02 05:30:52,132 - root - INFO - new node validate average_precision, 0.6446
2025-10-02 05:30:52,132 - root - INFO - new node validate roc_auc, 0.6689
2025-10-02 05:31:10,753 - root - INFO - test loss: 0.5270
2025-10-02 05:31:10,753 - root - INFO - test average_precision, 0.7507
2025-10-02 05:31:10,753 - root - INFO - best test average_precision: 0.7656
2025-10-02 05:31:10,753 - root - INFO - test roc_auc, 0.7986
2025-10-02 05:31:10,753 - root - INFO - new node test loss: 0.6222
2025-10-02 05:31:10,753 - root - INFO - new node test average_precision, 0.6829
2025-10-02 05:31:10,753 - root - INFO - new node test roc_auc, 0.7188
2025-10-02 05:33:23,278 - root - INFO - Epoch: 40, learning rate: 0.0001, train loss: 0.4671
2025-10-02 05:33:23,279 - root - INFO - train average_precision, 0.8095
2025-10-02 05:33:23,279 - root - INFO - train roc_auc, 0.8479
2025-10-02 05:33:23,279 - root - INFO - validate loss: 0.5443
2025-10-02 05:33:23,279 - root - INFO - validate average_precision, 0.7379
2025-10-02 05:33:23,279 - root - INFO - validate roc_auc, 0.7819
2025-10-02 05:33:23,279 - root - INFO - new node validate loss: 0.6783
2025-10-02 05:33:23,279 - root - INFO - new node validate average_precision, 0.6428
2025-10-02 05:33:23,279 - root - INFO - new node validate roc_auc, 0.6598
2025-10-02 05:33:41,879 - root - INFO - test loss: 0.5253
2025-10-02 05:33:41,879 - root - INFO - test average_precision, 0.7613
2025-10-02 05:33:41,879 - root - INFO - best test average_precision: 0.7656
2025-10-02 05:33:41,879 - root - INFO - test roc_auc, 0.8024
2025-10-02 05:33:41,879 - root - INFO - new node test loss: 0.6256
2025-10-02 05:33:41,879 - root - INFO - new node test average_precision, 0.6845
2025-10-02 05:33:41,879 - root - INFO - new node test roc_auc, 0.7195
2025-10-02 05:35:54,481 - root - INFO - Epoch: 41, learning rate: 0.0001, train loss: 0.4667
2025-10-02 05:35:54,481 - root - INFO - train average_precision, 0.8083
2025-10-02 05:35:54,481 - root - INFO - train roc_auc, 0.8469
2025-10-02 05:35:54,481 - root - INFO - validate loss: 0.5444
2025-10-02 05:35:54,481 - root - INFO - validate average_precision, 0.7388
2025-10-02 05:35:54,482 - root - INFO - validate roc_auc, 0.7823
2025-10-02 05:35:54,482 - root - INFO - new node validate loss: 0.6800
2025-10-02 05:35:54,482 - root - INFO - new node validate average_precision, 0.6432
2025-10-02 05:35:54,482 - root - INFO - new node validate roc_auc, 0.6657
2025-10-02 05:36:13,077 - root - INFO - test loss: 0.5265
2025-10-02 05:36:13,077 - root - INFO - test average_precision, 0.7575
2025-10-02 05:36:13,077 - root - INFO - best test average_precision: 0.7656
2025-10-02 05:36:13,077 - root - INFO - test roc_auc, 0.7993
2025-10-02 05:36:13,077 - root - INFO - new node test loss: 0.6287
2025-10-02 05:36:13,077 - root - INFO - new node test average_precision, 0.6828
2025-10-02 05:36:13,077 - root - INFO - new node test roc_auc, 0.7159
2025-10-02 05:38:25,871 - root - INFO - Epoch: 42, learning rate: 0.0001, train loss: 0.4644
2025-10-02 05:38:25,872 - root - INFO - train average_precision, 0.8103
2025-10-02 05:38:25,872 - root - INFO - train roc_auc, 0.8491
2025-10-02 05:38:25,872 - root - INFO - validate loss: 0.5432
2025-10-02 05:38:25,872 - root - INFO - validate average_precision, 0.7416
2025-10-02 05:38:25,872 - root - INFO - validate roc_auc, 0.7848
2025-10-02 05:38:25,872 - root - INFO - new node validate loss: 0.6851
2025-10-02 05:38:25,872 - root - INFO - new node validate average_precision, 0.6409
2025-10-02 05:38:25,872 - root - INFO - new node validate roc_auc, 0.6581
2025-10-02 05:38:44,433 - root - INFO - test loss: 0.5239
2025-10-02 05:38:44,433 - root - INFO - test average_precision, 0.7643
2025-10-02 05:38:44,433 - root - INFO - best test average_precision: 0.7656
2025-10-02 05:38:44,433 - root - INFO - test roc_auc, 0.8039
2025-10-02 05:38:44,433 - root - INFO - new node test loss: 0.6286
2025-10-02 05:38:44,433 - root - INFO - new node test average_precision, 0.6927
2025-10-02 05:38:44,433 - root - INFO - new node test roc_auc, 0.7219
2025-10-02 05:40:57,267 - root - INFO - Epoch: 43, learning rate: 0.0001, train loss: 0.4675
2025-10-02 05:40:57,267 - root - INFO - train average_precision, 0.8072
2025-10-02 05:40:57,267 - root - INFO - train roc_auc, 0.8464
2025-10-02 05:40:57,268 - root - INFO - validate loss: 0.5425
2025-10-02 05:40:57,268 - root - INFO - validate average_precision, 0.7439
2025-10-02 05:40:57,268 - root - INFO - validate roc_auc, 0.7850
2025-10-02 05:40:57,268 - root - INFO - new node validate loss: 0.6784
2025-10-02 05:40:57,268 - root - INFO - new node validate average_precision, 0.6455
2025-10-02 05:40:57,268 - root - INFO - new node validate roc_auc, 0.6683
2025-10-02 05:41:15,867 - root - INFO - test loss: 0.5230
2025-10-02 05:41:15,867 - root - INFO - test average_precision, 0.7589
2025-10-02 05:41:15,867 - root - INFO - best test average_precision: 0.7656
2025-10-02 05:41:15,867 - root - INFO - test roc_auc, 0.8032
2025-10-02 05:41:15,867 - root - INFO - new node test loss: 0.6240
2025-10-02 05:41:15,867 - root - INFO - new node test average_precision, 0.6856
2025-10-02 05:41:15,867 - root - INFO - new node test roc_auc, 0.7210
2025-10-02 05:41:15,867 - root - INFO - save model ./saved_models/TGAT/uci/TGAT_kan_mammote_seed0/TGAT_kan_mammote_seed0.pkl
2025-10-02 05:43:28,949 - root - INFO - Epoch: 44, learning rate: 0.0001, train loss: 0.4644
2025-10-02 05:43:28,950 - root - INFO - train average_precision, 0.8111
2025-10-02 05:43:28,950 - root - INFO - train roc_auc, 0.8498
2025-10-02 05:43:28,950 - root - INFO - validate loss: 0.5430
2025-10-02 05:43:28,950 - root - INFO - validate average_precision, 0.7444
2025-10-02 05:43:28,950 - root - INFO - validate roc_auc, 0.7853
2025-10-02 05:43:28,950 - root - INFO - new node validate loss: 0.6874
2025-10-02 05:43:28,950 - root - INFO - new node validate average_precision, 0.6499
2025-10-02 05:43:28,950 - root - INFO - new node validate roc_auc, 0.6690
2025-10-02 05:43:47,545 - root - INFO - test loss: 0.5264
2025-10-02 05:43:47,545 - root - INFO - test average_precision, 0.7601
2025-10-02 05:43:47,545 - root - INFO - best test average_precision: 0.7656
2025-10-02 05:43:47,545 - root - INFO - test roc_auc, 0.8033
2025-10-02 05:43:47,545 - root - INFO - new node test loss: 0.6343
2025-10-02 05:43:47,545 - root - INFO - new node test average_precision, 0.6811
2025-10-02 05:43:47,545 - root - INFO - new node test roc_auc, 0.7196
2025-10-02 05:43:47,545 - root - INFO - save model ./saved_models/TGAT/uci/TGAT_kan_mammote_seed0/TGAT_kan_mammote_seed0.pkl
2025-10-02 05:46:00,397 - root - INFO - Epoch: 45, learning rate: 0.0001, train loss: 0.4645
2025-10-02 05:46:00,397 - root - INFO - train average_precision, 0.8094
2025-10-02 05:46:00,397 - root - INFO - train roc_auc, 0.8486
2025-10-02 05:46:00,397 - root - INFO - validate loss: 0.5434
2025-10-02 05:46:00,397 - root - INFO - validate average_precision, 0.7402
2025-10-02 05:46:00,397 - root - INFO - validate roc_auc, 0.7846
2025-10-02 05:46:00,397 - root - INFO - new node validate loss: 0.6839
2025-10-02 05:46:00,397 - root - INFO - new node validate average_precision, 0.6390
2025-10-02 05:46:00,397 - root - INFO - new node validate roc_auc, 0.6645
2025-10-02 05:46:18,981 - root - INFO - test loss: 0.5259
2025-10-02 05:46:18,981 - root - INFO - test average_precision, 0.7482
2025-10-02 05:46:18,981 - root - INFO - best test average_precision: 0.7656
2025-10-02 05:46:18,981 - root - INFO - test roc_auc, 0.7989
2025-10-02 05:46:18,981 - root - INFO - new node test loss: 0.6305
2025-10-02 05:46:18,981 - root - INFO - new node test average_precision, 0.6736
2025-10-02 05:46:18,981 - root - INFO - new node test roc_auc, 0.7128
2025-10-02 05:48:31,646 - root - INFO - Epoch: 46, learning rate: 0.0001, train loss: 0.4647
2025-10-02 05:48:31,647 - root - INFO - train average_precision, 0.8092
2025-10-02 05:48:31,647 - root - INFO - train roc_auc, 0.8494
2025-10-02 05:48:31,647 - root - INFO - validate loss: 0.5427
2025-10-02 05:48:31,647 - root - INFO - validate average_precision, 0.7451
2025-10-02 05:48:31,647 - root - INFO - validate roc_auc, 0.7857
2025-10-02 05:48:31,647 - root - INFO - new node validate loss: 0.6818
2025-10-02 05:48:31,647 - root - INFO - new node validate average_precision, 0.6443
2025-10-02 05:48:31,647 - root - INFO - new node validate roc_auc, 0.6615
2025-10-02 05:48:50,256 - root - INFO - test loss: 0.5227
2025-10-02 05:48:50,257 - root - INFO - test average_precision, 0.7605
2025-10-02 05:48:50,257 - root - INFO - best test average_precision: 0.7656
2025-10-02 05:48:50,257 - root - INFO - test roc_auc, 0.8049
2025-10-02 05:48:50,257 - root - INFO - new node test loss: 0.6226
2025-10-02 05:48:50,257 - root - INFO - new node test average_precision, 0.6849
2025-10-02 05:48:50,257 - root - INFO - new node test roc_auc, 0.7232
2025-10-02 05:48:50,257 - root - INFO - save model ./saved_models/TGAT/uci/TGAT_kan_mammote_seed0/TGAT_kan_mammote_seed0.pkl
2025-10-02 05:51:02,727 - root - INFO - Epoch: 47, learning rate: 0.0001, train loss: 0.4632
2025-10-02 05:51:02,728 - root - INFO - train average_precision, 0.8116
2025-10-02 05:51:02,728 - root - INFO - train roc_auc, 0.8496
2025-10-02 05:51:02,728 - root - INFO - validate loss: 0.5440
2025-10-02 05:51:02,728 - root - INFO - validate average_precision, 0.7462
2025-10-02 05:51:02,728 - root - INFO - validate roc_auc, 0.7859
2025-10-02 05:51:02,728 - root - INFO - new node validate loss: 0.6795
2025-10-02 05:51:02,728 - root - INFO - new node validate average_precision, 0.6480
2025-10-02 05:51:02,728 - root - INFO - new node validate roc_auc, 0.6655
2025-10-02 05:51:21,378 - root - INFO - test loss: 0.5241
2025-10-02 05:51:21,378 - root - INFO - test average_precision, 0.7592
2025-10-02 05:51:21,378 - root - INFO - best test average_precision: 0.7656
2025-10-02 05:51:21,378 - root - INFO - test roc_auc, 0.8019
2025-10-02 05:51:21,378 - root - INFO - new node test loss: 0.6227
2025-10-02 05:51:21,378 - root - INFO - new node test average_precision, 0.6854
2025-10-02 05:51:21,378 - root - INFO - new node test roc_auc, 0.7192
2025-10-02 05:51:21,378 - root - INFO - save model ./saved_models/TGAT/uci/TGAT_kan_mammote_seed0/TGAT_kan_mammote_seed0.pkl
2025-10-02 05:53:33,899 - root - INFO - Epoch: 48, learning rate: 0.0001, train loss: 0.4652
2025-10-02 05:53:33,900 - root - INFO - train average_precision, 0.8109
2025-10-02 05:53:33,900 - root - INFO - train roc_auc, 0.8492
2025-10-02 05:53:33,900 - root - INFO - validate loss: 0.5417
2025-10-02 05:53:33,900 - root - INFO - validate average_precision, 0.7454
2025-10-02 05:53:33,900 - root - INFO - validate roc_auc, 0.7868
2025-10-02 05:53:33,900 - root - INFO - new node validate loss: 0.6833
2025-10-02 05:53:33,900 - root - INFO - new node validate average_precision, 0.6479
2025-10-02 05:53:33,900 - root - INFO - new node validate roc_auc, 0.6684
2025-10-02 05:53:52,480 - root - INFO - test loss: 0.5229
2025-10-02 05:53:52,480 - root - INFO - test average_precision, 0.7663
2025-10-02 05:53:52,480 - root - INFO - best test average_precision: 0.7663
2025-10-02 05:53:52,480 - root - INFO - test roc_auc, 0.8066
2025-10-02 05:53:52,480 - root - INFO - new node test loss: 0.6302
2025-10-02 05:53:52,480 - root - INFO - new node test average_precision, 0.6878
2025-10-02 05:53:52,480 - root - INFO - new node test roc_auc, 0.7221
2025-10-02 05:56:05,304 - root - INFO - Epoch: 49, learning rate: 0.0001, train loss: 0.4655
2025-10-02 05:56:05,306 - root - INFO - train average_precision, 0.8108
2025-10-02 05:56:05,306 - root - INFO - train roc_auc, 0.8482
2025-10-02 05:56:05,306 - root - INFO - validate loss: 0.5404
2025-10-02 05:56:05,306 - root - INFO - validate average_precision, 0.7452
2025-10-02 05:56:05,306 - root - INFO - validate roc_auc, 0.7870
2025-10-02 05:56:05,306 - root - INFO - new node validate loss: 0.6839
2025-10-02 05:56:05,306 - root - INFO - new node validate average_precision, 0.6479
2025-10-02 05:56:05,306 - root - INFO - new node validate roc_auc, 0.6656
2025-10-02 05:56:23,887 - root - INFO - test loss: 0.5253
2025-10-02 05:56:23,887 - root - INFO - test average_precision, 0.7632
2025-10-02 05:56:23,887 - root - INFO - best test average_precision: 0.7663
2025-10-02 05:56:23,887 - root - INFO - test roc_auc, 0.8038
2025-10-02 05:56:23,887 - root - INFO - new node test loss: 0.6320
2025-10-02 05:56:23,887 - root - INFO - new node test average_precision, 0.6853
2025-10-02 05:56:23,887 - root - INFO - new node test roc_auc, 0.7183
2025-10-02 05:58:36,580 - root - INFO - Epoch: 50, learning rate: 0.0001, train loss: 0.4646
2025-10-02 05:58:36,580 - root - INFO - train average_precision, 0.8110
2025-10-02 05:58:36,580 - root - INFO - train roc_auc, 0.8491
2025-10-02 05:58:36,580 - root - INFO - validate loss: 0.5435
2025-10-02 05:58:36,580 - root - INFO - validate average_precision, 0.7429
2025-10-02 05:58:36,580 - root - INFO - validate roc_auc, 0.7850
2025-10-02 05:58:36,580 - root - INFO - new node validate loss: 0.6811
2025-10-02 05:58:36,581 - root - INFO - new node validate average_precision, 0.6471
2025-10-02 05:58:36,581 - root - INFO - new node validate roc_auc, 0.6663
2025-10-02 05:58:55,236 - root - INFO - test loss: 0.5237
2025-10-02 05:58:55,236 - root - INFO - test average_precision, 0.7592
2025-10-02 05:58:55,236 - root - INFO - best test average_precision: 0.7663
2025-10-02 05:58:55,237 - root - INFO - test roc_auc, 0.8025
2025-10-02 05:58:55,237 - root - INFO - new node test loss: 0.6243
2025-10-02 05:58:55,237 - root - INFO - new node test average_precision, 0.6799
2025-10-02 05:58:55,237 - root - INFO - new node test roc_auc, 0.7174
2025-10-02 06:01:07,957 - root - INFO - Epoch: 51, learning rate: 0.0001, train loss: 0.4679
2025-10-02 06:01:07,958 - root - INFO - train average_precision, 0.8046
2025-10-02 06:01:07,958 - root - INFO - train roc_auc, 0.8451
2025-10-02 06:01:07,958 - root - INFO - validate loss: 0.5413
2025-10-02 06:01:07,958 - root - INFO - validate average_precision, 0.7453
2025-10-02 06:01:07,958 - root - INFO - validate roc_auc, 0.7858
2025-10-02 06:01:07,958 - root - INFO - new node validate loss: 0.6809
2025-10-02 06:01:07,958 - root - INFO - new node validate average_precision, 0.6506
2025-10-02 06:01:07,958 - root - INFO - new node validate roc_auc, 0.6664
2025-10-02 06:01:26,587 - root - INFO - test loss: 0.5245
2025-10-02 06:01:26,587 - root - INFO - test average_precision, 0.7550
2025-10-02 06:01:26,587 - root - INFO - best test average_precision: 0.7663
2025-10-02 06:01:26,587 - root - INFO - test roc_auc, 0.8010
2025-10-02 06:01:26,588 - root - INFO - new node test loss: 0.6309
2025-10-02 06:01:26,588 - root - INFO - new node test average_precision, 0.6759
2025-10-02 06:01:26,588 - root - INFO - new node test roc_auc, 0.7161
2025-10-02 06:03:39,076 - root - INFO - Epoch: 52, learning rate: 0.0001, train loss: 0.4623
2025-10-02 06:03:39,076 - root - INFO - train average_precision, 0.8158
2025-10-02 06:03:39,076 - root - INFO - train roc_auc, 0.8509
2025-10-02 06:03:39,076 - root - INFO - validate loss: 0.5420
2025-10-02 06:03:39,076 - root - INFO - validate average_precision, 0.7465
2025-10-02 06:03:39,076 - root - INFO - validate roc_auc, 0.7864
2025-10-02 06:03:39,076 - root - INFO - new node validate loss: 0.6821
2025-10-02 06:03:39,076 - root - INFO - new node validate average_precision, 0.6478
2025-10-02 06:03:39,076 - root - INFO - new node validate roc_auc, 0.6696
2025-10-02 06:03:57,694 - root - INFO - test loss: 0.5225
2025-10-02 06:03:57,694 - root - INFO - test average_precision, 0.7625
2025-10-02 06:03:57,694 - root - INFO - best test average_precision: 0.7663
2025-10-02 06:03:57,694 - root - INFO - test roc_auc, 0.8054
2025-10-02 06:03:57,694 - root - INFO - new node test loss: 0.6270
2025-10-02 06:03:57,694 - root - INFO - new node test average_precision, 0.6893
2025-10-02 06:03:57,694 - root - INFO - new node test roc_auc, 0.7228
2025-10-02 06:03:57,694 - root - INFO - save model ./saved_models/TGAT/uci/TGAT_kan_mammote_seed0/TGAT_kan_mammote_seed0.pkl
2025-10-02 06:06:10,386 - root - INFO - Epoch: 53, learning rate: 0.0001, train loss: 0.4619
2025-10-02 06:06:10,387 - root - INFO - train average_precision, 0.8133
2025-10-02 06:06:10,387 - root - INFO - train roc_auc, 0.8506
2025-10-02 06:06:10,387 - root - INFO - validate loss: 0.5406
2025-10-02 06:06:10,387 - root - INFO - validate average_precision, 0.7464
2025-10-02 06:06:10,387 - root - INFO - validate roc_auc, 0.7875
2025-10-02 06:06:10,387 - root - INFO - new node validate loss: 0.6784
2025-10-02 06:06:10,387 - root - INFO - new node validate average_precision, 0.6485
2025-10-02 06:06:10,387 - root - INFO - new node validate roc_auc, 0.6677
2025-10-02 06:06:29,029 - root - INFO - test loss: 0.5222
2025-10-02 06:06:29,029 - root - INFO - test average_precision, 0.7613
2025-10-02 06:06:29,029 - root - INFO - best test average_precision: 0.7663
2025-10-02 06:06:29,029 - root - INFO - test roc_auc, 0.8032
2025-10-02 06:06:29,029 - root - INFO - new node test loss: 0.6269
2025-10-02 06:06:29,029 - root - INFO - new node test average_precision, 0.6807
2025-10-02 06:06:29,029 - root - INFO - new node test roc_auc, 0.7170
2025-10-02 06:08:41,307 - root - INFO - Epoch: 54, learning rate: 0.0001, train loss: 0.4641
2025-10-02 06:08:41,308 - root - INFO - train average_precision, 0.8154
2025-10-02 06:08:41,308 - root - INFO - train roc_auc, 0.8503
2025-10-02 06:08:41,308 - root - INFO - validate loss: 0.5413
2025-10-02 06:08:41,308 - root - INFO - validate average_precision, 0.7486
2025-10-02 06:08:41,308 - root - INFO - validate roc_auc, 0.7878
2025-10-02 06:08:41,308 - root - INFO - new node validate loss: 0.6866
2025-10-02 06:08:41,308 - root - INFO - new node validate average_precision, 0.6450
2025-10-02 06:08:41,308 - root - INFO - new node validate roc_auc, 0.6583
2025-10-02 06:08:59,892 - root - INFO - test loss: 0.5228
2025-10-02 06:08:59,893 - root - INFO - test average_precision, 0.7620
2025-10-02 06:08:59,893 - root - INFO - best test average_precision: 0.7663
2025-10-02 06:08:59,893 - root - INFO - test roc_auc, 0.8045
2025-10-02 06:08:59,893 - root - INFO - new node test loss: 0.6285
2025-10-02 06:08:59,893 - root - INFO - new node test average_precision, 0.6869
2025-10-02 06:08:59,893 - root - INFO - new node test roc_auc, 0.7216
2025-10-02 06:08:59,893 - root - INFO - save model ./saved_models/TGAT/uci/TGAT_kan_mammote_seed0/TGAT_kan_mammote_seed0.pkl
2025-10-02 06:11:12,665 - root - INFO - Epoch: 55, learning rate: 0.0001, train loss: 0.4616
2025-10-02 06:11:12,665 - root - INFO - train average_precision, 0.8139
2025-10-02 06:11:12,665 - root - INFO - train roc_auc, 0.8514
2025-10-02 06:11:12,665 - root - INFO - validate loss: 0.5412
2025-10-02 06:11:12,665 - root - INFO - validate average_precision, 0.7458
2025-10-02 06:11:12,666 - root - INFO - validate roc_auc, 0.7873
2025-10-02 06:11:12,666 - root - INFO - new node validate loss: 0.6871
2025-10-02 06:11:12,666 - root - INFO - new node validate average_precision, 0.6445
2025-10-02 06:11:12,666 - root - INFO - new node validate roc_auc, 0.6669
2025-10-02 06:11:31,317 - root - INFO - test loss: 0.5264
2025-10-02 06:11:31,317 - root - INFO - test average_precision, 0.7521
2025-10-02 06:11:31,318 - root - INFO - best test average_precision: 0.7663
2025-10-02 06:11:31,318 - root - INFO - test roc_auc, 0.7991
2025-10-02 06:11:31,318 - root - INFO - new node test loss: 0.6341
2025-10-02 06:11:31,318 - root - INFO - new node test average_precision, 0.6722
2025-10-02 06:11:31,318 - root - INFO - new node test roc_auc, 0.7128
2025-10-02 06:13:43,763 - root - INFO - Epoch: 56, learning rate: 0.0001, train loss: 0.4622
2025-10-02 06:13:43,764 - root - INFO - train average_precision, 0.8144
2025-10-02 06:13:43,764 - root - INFO - train roc_auc, 0.8506
2025-10-02 06:13:43,764 - root - INFO - validate loss: 0.5423
2025-10-02 06:13:43,764 - root - INFO - validate average_precision, 0.7426
2025-10-02 06:13:43,764 - root - INFO - validate roc_auc, 0.7858
2025-10-02 06:13:43,764 - root - INFO - new node validate loss: 0.6904
2025-10-02 06:13:43,764 - root - INFO - new node validate average_precision, 0.6437
2025-10-02 06:13:43,764 - root - INFO - new node validate roc_auc, 0.6632
2025-10-02 06:14:02,413 - root - INFO - test loss: 0.5265
2025-10-02 06:14:02,413 - root - INFO - test average_precision, 0.7581
2025-10-02 06:14:02,413 - root - INFO - best test average_precision: 0.7663
2025-10-02 06:14:02,413 - root - INFO - test roc_auc, 0.8007
2025-10-02 06:14:02,413 - root - INFO - new node test loss: 0.6333
2025-10-02 06:14:02,413 - root - INFO - new node test average_precision, 0.6823
2025-10-02 06:14:02,413 - root - INFO - new node test roc_auc, 0.7159
2025-10-02 06:16:14,748 - root - INFO - Epoch: 57, learning rate: 0.0001, train loss: 0.4627
2025-10-02 06:16:14,748 - root - INFO - train average_precision, 0.8136
2025-10-02 06:16:14,748 - root - INFO - train roc_auc, 0.8503
2025-10-02 06:16:14,748 - root - INFO - validate loss: 0.5407
2025-10-02 06:16:14,748 - root - INFO - validate average_precision, 0.7487
2025-10-02 06:16:14,749 - root - INFO - validate roc_auc, 0.7885
2025-10-02 06:16:14,749 - root - INFO - new node validate loss: 0.6823
2025-10-02 06:16:14,749 - root - INFO - new node validate average_precision, 0.6519
2025-10-02 06:16:14,749 - root - INFO - new node validate roc_auc, 0.6700
2025-10-02 06:16:33,361 - root - INFO - test loss: 0.5222
2025-10-02 06:16:33,361 - root - INFO - test average_precision, 0.7620
2025-10-02 06:16:33,361 - root - INFO - best test average_precision: 0.7663
2025-10-02 06:16:33,361 - root - INFO - test roc_auc, 0.8041
2025-10-02 06:16:33,361 - root - INFO - new node test loss: 0.6254
2025-10-02 06:16:33,361 - root - INFO - new node test average_precision, 0.6884
2025-10-02 06:16:33,361 - root - INFO - new node test roc_auc, 0.7220
2025-10-02 06:16:33,361 - root - INFO - save model ./saved_models/TGAT/uci/TGAT_kan_mammote_seed0/TGAT_kan_mammote_seed0.pkl
2025-10-02 06:18:46,004 - root - INFO - Epoch: 58, learning rate: 0.0001, train loss: 0.4623
2025-10-02 06:18:46,004 - root - INFO - train average_precision, 0.8106
2025-10-02 06:18:46,004 - root - INFO - train roc_auc, 0.8494
2025-10-02 06:18:46,004 - root - INFO - validate loss: 0.5410
2025-10-02 06:18:46,004 - root - INFO - validate average_precision, 0.7481
2025-10-02 06:18:46,004 - root - INFO - validate roc_auc, 0.7882
2025-10-02 06:18:46,004 - root - INFO - new node validate loss: 0.6824
2025-10-02 06:18:46,005 - root - INFO - new node validate average_precision, 0.6490
2025-10-02 06:18:46,005 - root - INFO - new node validate roc_auc, 0.6669
2025-10-02 06:19:04,653 - root - INFO - test loss: 0.5240
2025-10-02 06:19:04,654 - root - INFO - test average_precision, 0.7594
2025-10-02 06:19:04,654 - root - INFO - best test average_precision: 0.7663
2025-10-02 06:19:04,654 - root - INFO - test roc_auc, 0.8016
2025-10-02 06:19:04,654 - root - INFO - new node test loss: 0.6256
2025-10-02 06:19:04,654 - root - INFO - new node test average_precision, 0.6861
2025-10-02 06:19:04,654 - root - INFO - new node test roc_auc, 0.7187
2025-10-02 06:21:17,039 - root - INFO - Epoch: 59, learning rate: 0.0001, train loss: 0.4623
2025-10-02 06:21:17,040 - root - INFO - train average_precision, 0.8126
2025-10-02 06:21:17,040 - root - INFO - train roc_auc, 0.8510
2025-10-02 06:21:17,040 - root - INFO - validate loss: 0.5397
2025-10-02 06:21:17,040 - root - INFO - validate average_precision, 0.7465
2025-10-02 06:21:17,040 - root - INFO - validate roc_auc, 0.7889
2025-10-02 06:21:17,040 - root - INFO - new node validate loss: 0.6813
2025-10-02 06:21:17,040 - root - INFO - new node validate average_precision, 0.6480
2025-10-02 06:21:17,040 - root - INFO - new node validate roc_auc, 0.6687
2025-10-02 06:21:35,655 - root - INFO - test loss: 0.5223
2025-10-02 06:21:35,655 - root - INFO - test average_precision, 0.7624
2025-10-02 06:21:35,655 - root - INFO - best test average_precision: 0.7663
2025-10-02 06:21:35,655 - root - INFO - test roc_auc, 0.8039
2025-10-02 06:21:35,655 - root - INFO - new node test loss: 0.6252
2025-10-02 06:21:35,655 - root - INFO - new node test average_precision, 0.6882
2025-10-02 06:21:35,655 - root - INFO - new node test roc_auc, 0.7211
2025-10-02 06:23:48,305 - root - INFO - Epoch: 60, learning rate: 0.0001, train loss: 0.4622
2025-10-02 06:23:48,305 - root - INFO - train average_precision, 0.8134
2025-10-02 06:23:48,305 - root - INFO - train roc_auc, 0.8512
2025-10-02 06:23:48,305 - root - INFO - validate loss: 0.5413
2025-10-02 06:23:48,305 - root - INFO - validate average_precision, 0.7465
2025-10-02 06:23:48,306 - root - INFO - validate roc_auc, 0.7879
2025-10-02 06:23:48,306 - root - INFO - new node validate loss: 0.6846
2025-10-02 06:23:48,306 - root - INFO - new node validate average_precision, 0.6533
2025-10-02 06:23:48,306 - root - INFO - new node validate roc_auc, 0.6703
2025-10-02 06:24:06,966 - root - INFO - test loss: 0.5217
2025-10-02 06:24:06,966 - root - INFO - test average_precision, 0.7624
2025-10-02 06:24:06,966 - root - INFO - best test average_precision: 0.7663
2025-10-02 06:24:06,966 - root - INFO - test roc_auc, 0.8039
2025-10-02 06:24:06,966 - root - INFO - new node test loss: 0.6282
2025-10-02 06:24:06,966 - root - INFO - new node test average_precision, 0.6859
2025-10-02 06:24:06,967 - root - INFO - new node test roc_auc, 0.7190
2025-10-02 06:26:19,600 - root - INFO - Epoch: 61, learning rate: 0.0001, train loss: 0.4617
2025-10-02 06:26:19,600 - root - INFO - train average_precision, 0.8148
2025-10-02 06:26:19,600 - root - INFO - train roc_auc, 0.8510
2025-10-02 06:26:19,600 - root - INFO - validate loss: 0.5398
2025-10-02 06:26:19,600 - root - INFO - validate average_precision, 0.7445
2025-10-02 06:26:19,601 - root - INFO - validate roc_auc, 0.7881
2025-10-02 06:26:19,601 - root - INFO - new node validate loss: 0.6843
2025-10-02 06:26:19,601 - root - INFO - new node validate average_precision, 0.6493
2025-10-02 06:26:19,601 - root - INFO - new node validate roc_auc, 0.6684
2025-10-02 06:26:38,196 - root - INFO - test loss: 0.5236
2025-10-02 06:26:38,197 - root - INFO - test average_precision, 0.7618
2025-10-02 06:26:38,197 - root - INFO - best test average_precision: 0.7663
2025-10-02 06:26:38,197 - root - INFO - test roc_auc, 0.8032
2025-10-02 06:26:38,197 - root - INFO - new node test loss: 0.6297
2025-10-02 06:26:38,197 - root - INFO - new node test average_precision, 0.6871
2025-10-02 06:26:38,197 - root - INFO - new node test roc_auc, 0.7200
2025-10-02 06:28:50,782 - root - INFO - Epoch: 62, learning rate: 0.0001, train loss: 0.4593
2025-10-02 06:28:50,783 - root - INFO - train average_precision, 0.8187
2025-10-02 06:28:50,783 - root - INFO - train roc_auc, 0.8536
2025-10-02 06:28:50,783 - root - INFO - validate loss: 0.5410
2025-10-02 06:28:50,783 - root - INFO - validate average_precision, 0.7489
2025-10-02 06:28:50,783 - root - INFO - validate roc_auc, 0.7889
2025-10-02 06:28:50,783 - root - INFO - new node validate loss: 0.6847
2025-10-02 06:28:50,783 - root - INFO - new node validate average_precision, 0.6508
2025-10-02 06:28:50,783 - root - INFO - new node validate roc_auc, 0.6686
2025-10-02 06:29:09,376 - root - INFO - test loss: 0.5241
2025-10-02 06:29:09,377 - root - INFO - test average_precision, 0.7579
2025-10-02 06:29:09,377 - root - INFO - best test average_precision: 0.7663
2025-10-02 06:29:09,377 - root - INFO - test roc_auc, 0.8013
2025-10-02 06:29:09,377 - root - INFO - new node test loss: 0.6299
2025-10-02 06:29:09,377 - root - INFO - new node test average_precision, 0.6795
2025-10-02 06:29:09,377 - root - INFO - new node test roc_auc, 0.7166
2025-10-02 06:29:09,377 - root - INFO - save model ./saved_models/TGAT/uci/TGAT_kan_mammote_seed0/TGAT_kan_mammote_seed0.pkl
2025-10-02 06:31:22,398 - root - INFO - Epoch: 63, learning rate: 0.0001, train loss: 0.4605
2025-10-02 06:31:22,399 - root - INFO - train average_precision, 0.8158
2025-10-02 06:31:22,399 - root - INFO - train roc_auc, 0.8525
2025-10-02 06:31:22,399 - root - INFO - validate loss: 0.5415
2025-10-02 06:31:22,399 - root - INFO - validate average_precision, 0.7489
2025-10-02 06:31:22,399 - root - INFO - validate roc_auc, 0.7877
2025-10-02 06:31:22,399 - root - INFO - new node validate loss: 0.6823
2025-10-02 06:31:22,399 - root - INFO - new node validate average_precision, 0.6527
2025-10-02 06:31:22,399 - root - INFO - new node validate roc_auc, 0.6709
2025-10-02 06:31:41,022 - root - INFO - test loss: 0.5243
2025-10-02 06:31:41,022 - root - INFO - test average_precision, 0.7567
2025-10-02 06:31:41,022 - root - INFO - best test average_precision: 0.7663
2025-10-02 06:31:41,022 - root - INFO - test roc_auc, 0.8004
2025-10-02 06:31:41,022 - root - INFO - new node test loss: 0.6242
2025-10-02 06:31:41,022 - root - INFO - new node test average_precision, 0.6850
2025-10-02 06:31:41,022 - root - INFO - new node test roc_auc, 0.7191
2025-10-02 06:33:54,170 - root - INFO - Epoch: 64, learning rate: 0.0001, train loss: 0.4641
2025-10-02 06:33:54,170 - root - INFO - train average_precision, 0.8110
2025-10-02 06:33:54,171 - root - INFO - train roc_auc, 0.8487
2025-10-02 06:33:54,171 - root - INFO - validate loss: 0.5415
2025-10-02 06:33:54,171 - root - INFO - validate average_precision, 0.7452
2025-10-02 06:33:54,171 - root - INFO - validate roc_auc, 0.7864
2025-10-02 06:33:54,171 - root - INFO - new node validate loss: 0.6846
2025-10-02 06:33:54,171 - root - INFO - new node validate average_precision, 0.6459
2025-10-02 06:33:54,171 - root - INFO - new node validate roc_auc, 0.6652
2025-10-02 06:34:12,870 - root - INFO - test loss: 0.5257
2025-10-02 06:34:12,870 - root - INFO - test average_precision, 0.7475
2025-10-02 06:34:12,870 - root - INFO - best test average_precision: 0.7663
2025-10-02 06:34:12,870 - root - INFO - test roc_auc, 0.7961
2025-10-02 06:34:12,870 - root - INFO - new node test loss: 0.6283
2025-10-02 06:34:12,870 - root - INFO - new node test average_precision, 0.6737
2025-10-02 06:34:12,870 - root - INFO - new node test roc_auc, 0.7125
2025-10-02 06:36:25,834 - root - INFO - Epoch: 65, learning rate: 0.0001, train loss: 0.4608
2025-10-02 06:36:25,835 - root - INFO - train average_precision, 0.8138
2025-10-02 06:36:25,835 - root - INFO - train roc_auc, 0.8510
2025-10-02 06:36:25,835 - root - INFO - validate loss: 0.5393
2025-10-02 06:36:25,835 - root - INFO - validate average_precision, 0.7496
2025-10-02 06:36:25,835 - root - INFO - validate roc_auc, 0.7901
2025-10-02 06:36:25,835 - root - INFO - new node validate loss: 0.6868
2025-10-02 06:36:25,835 - root - INFO - new node validate average_precision, 0.6536
2025-10-02 06:36:25,835 - root - INFO - new node validate roc_auc, 0.6711
2025-10-02 06:36:44,455 - root - INFO - test loss: 0.5228
2025-10-02 06:36:44,455 - root - INFO - test average_precision, 0.7664
2025-10-02 06:36:44,456 - root - INFO - best test average_precision: 0.7664
2025-10-02 06:36:44,456 - root - INFO - test roc_auc, 0.8062
2025-10-02 06:36:44,456 - root - INFO - new node test loss: 0.6319
2025-10-02 06:36:44,456 - root - INFO - new node test average_precision, 0.6895
2025-10-02 06:36:44,456 - root - INFO - new node test roc_auc, 0.7230
2025-10-02 06:36:44,456 - root - INFO - save model ./saved_models/TGAT/uci/TGAT_kan_mammote_seed0/TGAT_kan_mammote_seed0.pkl
2025-10-02 06:38:57,825 - root - INFO - Epoch: 66, learning rate: 0.0001, train loss: 0.4646
2025-10-02 06:38:57,826 - root - INFO - train average_precision, 0.8116
2025-10-02 06:38:57,826 - root - INFO - train roc_auc, 0.8492
2025-10-02 06:38:57,826 - root - INFO - validate loss: 0.5392
2025-10-02 06:38:57,826 - root - INFO - validate average_precision, 0.7473
2025-10-02 06:38:57,826 - root - INFO - validate roc_auc, 0.7884
2025-10-02 06:38:57,826 - root - INFO - new node validate loss: 0.6826
2025-10-02 06:38:57,826 - root - INFO - new node validate average_precision, 0.6536
2025-10-02 06:38:57,826 - root - INFO - new node validate roc_auc, 0.6697
2025-10-02 06:39:16,448 - root - INFO - test loss: 0.5234
2025-10-02 06:39:16,448 - root - INFO - test average_precision, 0.7626
2025-10-02 06:39:16,448 - root - INFO - best test average_precision: 0.7664
2025-10-02 06:39:16,448 - root - INFO - test roc_auc, 0.8038
2025-10-02 06:39:16,448 - root - INFO - new node test loss: 0.6309
2025-10-02 06:39:16,448 - root - INFO - new node test average_precision, 0.6925
2025-10-02 06:39:16,448 - root - INFO - new node test roc_auc, 0.7208
2025-10-02 06:41:29,527 - root - INFO - Epoch: 67, learning rate: 0.0001, train loss: 0.4626
2025-10-02 06:41:29,528 - root - INFO - train average_precision, 0.8116
2025-10-02 06:41:29,528 - root - INFO - train roc_auc, 0.8495
2025-10-02 06:41:29,528 - root - INFO - validate loss: 0.5427
2025-10-02 06:41:29,528 - root - INFO - validate average_precision, 0.7450
2025-10-02 06:41:29,528 - root - INFO - validate roc_auc, 0.7870
2025-10-02 06:41:29,528 - root - INFO - new node validate loss: 0.6845
2025-10-02 06:41:29,528 - root - INFO - new node validate average_precision, 0.6423
2025-10-02 06:41:29,528 - root - INFO - new node validate roc_auc, 0.6629
2025-10-02 06:41:48,161 - root - INFO - test loss: 0.5245
2025-10-02 06:41:48,161 - root - INFO - test average_precision, 0.7570
2025-10-02 06:41:48,161 - root - INFO - best test average_precision: 0.7664
2025-10-02 06:41:48,162 - root - INFO - test roc_auc, 0.8009
2025-10-02 06:41:48,162 - root - INFO - new node test loss: 0.6243
2025-10-02 06:41:48,162 - root - INFO - new node test average_precision, 0.6847
2025-10-02 06:41:48,162 - root - INFO - new node test roc_auc, 0.7182
2025-10-02 06:44:01,102 - root - INFO - Epoch: 68, learning rate: 0.0001, train loss: 0.4617
2025-10-02 06:44:01,102 - root - INFO - train average_precision, 0.8140
2025-10-02 06:44:01,102 - root - INFO - train roc_auc, 0.8510
2025-10-02 06:44:01,102 - root - INFO - validate loss: 0.5408
2025-10-02 06:44:01,102 - root - INFO - validate average_precision, 0.7469
2025-10-02 06:44:01,102 - root - INFO - validate roc_auc, 0.7868
2025-10-02 06:44:01,103 - root - INFO - new node validate loss: 0.6826
2025-10-02 06:44:01,103 - root - INFO - new node validate average_precision, 0.6479
2025-10-02 06:44:01,103 - root - INFO - new node validate roc_auc, 0.6649
2025-10-02 06:44:19,760 - root - INFO - test loss: 0.5227
2025-10-02 06:44:19,760 - root - INFO - test average_precision, 0.7575
2025-10-02 06:44:19,760 - root - INFO - best test average_precision: 0.7664
2025-10-02 06:44:19,760 - root - INFO - test roc_auc, 0.8007
2025-10-02 06:44:19,761 - root - INFO - new node test loss: 0.6237
2025-10-02 06:44:19,761 - root - INFO - new node test average_precision, 0.6854
2025-10-02 06:44:19,761 - root - INFO - new node test roc_auc, 0.7184
2025-10-02 06:46:32,485 - root - INFO - Epoch: 69, learning rate: 0.0001, train loss: 0.4626
2025-10-02 06:46:32,485 - root - INFO - train average_precision, 0.8138
2025-10-02 06:46:32,485 - root - INFO - train roc_auc, 0.8503
2025-10-02 06:46:32,486 - root - INFO - validate loss: 0.5409
2025-10-02 06:46:32,486 - root - INFO - validate average_precision, 0.7440
2025-10-02 06:46:32,486 - root - INFO - validate roc_auc, 0.7877
2025-10-02 06:46:32,486 - root - INFO - new node validate loss: 0.6869
2025-10-02 06:46:32,486 - root - INFO - new node validate average_precision, 0.6472
2025-10-02 06:46:32,486 - root - INFO - new node validate roc_auc, 0.6672
2025-10-02 06:46:51,166 - root - INFO - test loss: 0.5227
2025-10-02 06:46:51,166 - root - INFO - test average_precision, 0.7641
2025-10-02 06:46:51,166 - root - INFO - best test average_precision: 0.7664
2025-10-02 06:46:51,166 - root - INFO - test roc_auc, 0.8046
2025-10-02 06:46:51,167 - root - INFO - new node test loss: 0.6274
2025-10-02 06:46:51,167 - root - INFO - new node test average_precision, 0.6908
2025-10-02 06:46:51,167 - root - INFO - new node test roc_auc, 0.7214
2025-10-02 06:49:04,061 - root - INFO - Epoch: 70, learning rate: 0.0001, train loss: 0.4619
2025-10-02 06:49:04,061 - root - INFO - train average_precision, 0.8158
2025-10-02 06:49:04,061 - root - INFO - train roc_auc, 0.8515
2025-10-02 06:49:04,061 - root - INFO - validate loss: 0.5415
2025-10-02 06:49:04,061 - root - INFO - validate average_precision, 0.7443
2025-10-02 06:49:04,061 - root - INFO - validate roc_auc, 0.7876
2025-10-02 06:49:04,061 - root - INFO - new node validate loss: 0.6820
2025-10-02 06:49:04,061 - root - INFO - new node validate average_precision, 0.6514
2025-10-02 06:49:04,061 - root - INFO - new node validate roc_auc, 0.6699
2025-10-02 06:49:22,664 - root - INFO - test loss: 0.5232
2025-10-02 06:49:22,664 - root - INFO - test average_precision, 0.7569
2025-10-02 06:49:22,665 - root - INFO - best test average_precision: 0.7664
2025-10-02 06:49:22,665 - root - INFO - test roc_auc, 0.8027
2025-10-02 06:49:22,665 - root - INFO - new node test loss: 0.6300
2025-10-02 06:49:22,665 - root - INFO - new node test average_precision, 0.6886
2025-10-02 06:49:22,665 - root - INFO - new node test roc_auc, 0.7209
2025-10-02 06:51:35,695 - root - INFO - Epoch: 71, learning rate: 0.0001, train loss: 0.4618
2025-10-02 06:51:35,695 - root - INFO - train average_precision, 0.8157
2025-10-02 06:51:35,695 - root - INFO - train roc_auc, 0.8519
2025-10-02 06:51:35,695 - root - INFO - validate loss: 0.5412
2025-10-02 06:51:35,695 - root - INFO - validate average_precision, 0.7473
2025-10-02 06:51:35,695 - root - INFO - validate roc_auc, 0.7885
2025-10-02 06:51:35,696 - root - INFO - new node validate loss: 0.6887
2025-10-02 06:51:35,696 - root - INFO - new node validate average_precision, 0.6521
2025-10-02 06:51:35,696 - root - INFO - new node validate roc_auc, 0.6666
2025-10-02 06:51:54,316 - root - INFO - test loss: 0.5238
2025-10-02 06:51:54,316 - root - INFO - test average_precision, 0.7581
2025-10-02 06:51:54,316 - root - INFO - best test average_precision: 0.7664
2025-10-02 06:51:54,316 - root - INFO - test roc_auc, 0.8019
2025-10-02 06:51:54,316 - root - INFO - new node test loss: 0.6320
2025-10-02 06:51:54,316 - root - INFO - new node test average_precision, 0.6821
2025-10-02 06:51:54,316 - root - INFO - new node test roc_auc, 0.7153
2025-10-02 06:54:07,573 - root - INFO - Epoch: 72, learning rate: 0.0001, train loss: 0.4597
2025-10-02 06:54:07,574 - root - INFO - train average_precision, 0.8170
2025-10-02 06:54:07,574 - root - INFO - train roc_auc, 0.8532
2025-10-02 06:54:07,574 - root - INFO - validate loss: 0.5396
2025-10-02 06:54:07,574 - root - INFO - validate average_precision, 0.7502
2025-10-02 06:54:07,574 - root - INFO - validate roc_auc, 0.7897
2025-10-02 06:54:07,574 - root - INFO - new node validate loss: 0.6809
2025-10-02 06:54:07,574 - root - INFO - new node validate average_precision, 0.6589
2025-10-02 06:54:07,574 - root - INFO - new node validate roc_auc, 0.6736
2025-10-02 06:54:26,222 - root - INFO - test loss: 0.5231
2025-10-02 06:54:26,223 - root - INFO - test average_precision, 0.7622
2025-10-02 06:54:26,223 - root - INFO - best test average_precision: 0.7664
2025-10-02 06:54:26,223 - root - INFO - test roc_auc, 0.8030
2025-10-02 06:54:26,223 - root - INFO - new node test loss: 0.6278
2025-10-02 06:54:26,223 - root - INFO - new node test average_precision, 0.6868
2025-10-02 06:54:26,223 - root - INFO - new node test roc_auc, 0.7193
2025-10-02 06:56:39,328 - root - INFO - Epoch: 73, learning rate: 0.0001, train loss: 0.4586
2025-10-02 06:56:39,329 - root - INFO - train average_precision, 0.8172
2025-10-02 06:56:39,329 - root - INFO - train roc_auc, 0.8529
2025-10-02 06:56:39,329 - root - INFO - validate loss: 0.5398
2025-10-02 06:56:39,329 - root - INFO - validate average_precision, 0.7509
2025-10-02 06:56:39,329 - root - INFO - validate roc_auc, 0.7899
2025-10-02 06:56:39,329 - root - INFO - new node validate loss: 0.6860
2025-10-02 06:56:39,329 - root - INFO - new node validate average_precision, 0.6450
2025-10-02 06:56:39,329 - root - INFO - new node validate roc_auc, 0.6583
2025-10-02 06:56:57,937 - root - INFO - test loss: 0.5241
2025-10-02 06:56:57,937 - root - INFO - test average_precision, 0.7598
2025-10-02 06:56:57,937 - root - INFO - best test average_precision: 0.7664
2025-10-02 06:56:57,937 - root - INFO - test roc_auc, 0.8012
2025-10-02 06:56:57,937 - root - INFO - new node test loss: 0.6267
2025-10-02 06:56:57,937 - root - INFO - new node test average_precision, 0.6894
2025-10-02 06:56:57,937 - root - INFO - new node test roc_auc, 0.7189
2025-10-02 06:59:11,018 - root - INFO - Epoch: 74, learning rate: 0.0001, train loss: 0.4600
2025-10-02 06:59:11,019 - root - INFO - train average_precision, 0.8143
2025-10-02 06:59:11,019 - root - INFO - train roc_auc, 0.8518
2025-10-02 06:59:11,019 - root - INFO - validate loss: 0.5399
2025-10-02 06:59:11,019 - root - INFO - validate average_precision, 0.7490
2025-10-02 06:59:11,020 - root - INFO - validate roc_auc, 0.7898
2025-10-02 06:59:11,020 - root - INFO - new node validate loss: 0.6800
2025-10-02 06:59:11,020 - root - INFO - new node validate average_precision, 0.6566
2025-10-02 06:59:11,020 - root - INFO - new node validate roc_auc, 0.6723
2025-10-02 06:59:29,624 - root - INFO - test loss: 0.5222
2025-10-02 06:59:29,624 - root - INFO - test average_precision, 0.7645
2025-10-02 06:59:29,624 - root - INFO - best test average_precision: 0.7664
2025-10-02 06:59:29,624 - root - INFO - test roc_auc, 0.8042
2025-10-02 06:59:29,624 - root - INFO - new node test loss: 0.6227
2025-10-02 06:59:29,624 - root - INFO - new node test average_precision, 0.6895
2025-10-02 06:59:29,624 - root - INFO - new node test roc_auc, 0.7212
2025-10-02 07:01:42,684 - root - INFO - Epoch: 75, learning rate: 0.0001, train loss: 0.4635
2025-10-02 07:01:42,685 - root - INFO - train average_precision, 0.8127
2025-10-02 07:01:42,685 - root - INFO - train roc_auc, 0.8495
2025-10-02 07:01:42,685 - root - INFO - validate loss: 0.5404
2025-10-02 07:01:42,685 - root - INFO - validate average_precision, 0.7475
2025-10-02 07:01:42,685 - root - INFO - validate roc_auc, 0.7879
2025-10-02 07:01:42,685 - root - INFO - new node validate loss: 0.6847
2025-10-02 07:01:42,685 - root - INFO - new node validate average_precision, 0.6500
2025-10-02 07:01:42,685 - root - INFO - new node validate roc_auc, 0.6684
2025-10-02 07:02:01,294 - root - INFO - test loss: 0.5237
2025-10-02 07:02:01,294 - root - INFO - test average_precision, 0.7594
2025-10-02 07:02:01,295 - root - INFO - best test average_precision: 0.7664
2025-10-02 07:02:01,295 - root - INFO - test roc_auc, 0.8020
2025-10-02 07:02:01,295 - root - INFO - new node test loss: 0.6302
2025-10-02 07:02:01,295 - root - INFO - new node test average_precision, 0.6846
2025-10-02 07:02:01,295 - root - INFO - new node test roc_auc, 0.7179
2025-10-02 07:04:14,515 - root - INFO - Epoch: 76, learning rate: 0.0001, train loss: 0.4598
2025-10-02 07:04:14,516 - root - INFO - train average_precision, 0.8161
2025-10-02 07:04:14,516 - root - INFO - train roc_auc, 0.8530
2025-10-02 07:04:14,516 - root - INFO - validate loss: 0.5405
2025-10-02 07:04:14,516 - root - INFO - validate average_precision, 0.7501
2025-10-02 07:04:14,516 - root - INFO - validate roc_auc, 0.7889
2025-10-02 07:04:14,516 - root - INFO - new node validate loss: 0.6853
2025-10-02 07:04:14,516 - root - INFO - new node validate average_precision, 0.6523
2025-10-02 07:04:14,517 - root - INFO - new node validate roc_auc, 0.6693
2025-10-02 07:04:33,152 - root - INFO - test loss: 0.5228
2025-10-02 07:04:33,152 - root - INFO - test average_precision, 0.7624
2025-10-02 07:04:33,152 - root - INFO - best test average_precision: 0.7664
2025-10-02 07:04:33,152 - root - INFO - test roc_auc, 0.8044
2025-10-02 07:04:33,152 - root - INFO - new node test loss: 0.6303
2025-10-02 07:04:33,152 - root - INFO - new node test average_precision, 0.6930
2025-10-02 07:04:33,152 - root - INFO - new node test roc_auc, 0.7223
2025-10-02 07:06:46,198 - root - INFO - Epoch: 77, learning rate: 0.0001, train loss: 0.4597
2025-10-02 07:06:46,199 - root - INFO - train average_precision, 0.8196
2025-10-02 07:06:46,199 - root - INFO - train roc_auc, 0.8537
2025-10-02 07:06:46,199 - root - INFO - validate loss: 0.5397
2025-10-02 07:06:46,199 - root - INFO - validate average_precision, 0.7474
2025-10-02 07:06:46,199 - root - INFO - validate roc_auc, 0.7893
2025-10-02 07:06:46,199 - root - INFO - new node validate loss: 0.6825
2025-10-02 07:06:46,199 - root - INFO - new node validate average_precision, 0.6503
2025-10-02 07:06:46,199 - root - INFO - new node validate roc_auc, 0.6688
2025-10-02 07:07:04,818 - root - INFO - test loss: 0.5232
2025-10-02 07:07:04,818 - root - INFO - test average_precision, 0.7562
2025-10-02 07:07:04,818 - root - INFO - best test average_precision: 0.7664
2025-10-02 07:07:04,818 - root - INFO - test roc_auc, 0.8017
2025-10-02 07:07:04,818 - root - INFO - new node test loss: 0.6284
2025-10-02 07:07:04,818 - root - INFO - new node test average_precision, 0.6798
2025-10-02 07:07:04,818 - root - INFO - new node test roc_auc, 0.7166
2025-10-02 07:09:17,958 - root - INFO - Epoch: 78, learning rate: 0.0001, train loss: 0.4599
2025-10-02 07:09:17,959 - root - INFO - train average_precision, 0.8191
2025-10-02 07:09:17,959 - root - INFO - train roc_auc, 0.8534
2025-10-02 07:09:17,959 - root - INFO - validate loss: 0.5416
2025-10-02 07:09:17,959 - root - INFO - validate average_precision, 0.7491
2025-10-02 07:09:17,959 - root - INFO - validate roc_auc, 0.7884
2025-10-02 07:09:17,959 - root - INFO - new node validate loss: 0.6867
2025-10-02 07:09:17,959 - root - INFO - new node validate average_precision, 0.6515
2025-10-02 07:09:17,959 - root - INFO - new node validate roc_auc, 0.6686
2025-10-02 07:09:36,580 - root - INFO - test loss: 0.5216
2025-10-02 07:09:36,580 - root - INFO - test average_precision, 0.7634
2025-10-02 07:09:36,580 - root - INFO - best test average_precision: 0.7664
2025-10-02 07:09:36,580 - root - INFO - test roc_auc, 0.8040
2025-10-02 07:09:36,580 - root - INFO - new node test loss: 0.6271
2025-10-02 07:09:36,580 - root - INFO - new node test average_precision, 0.6924
2025-10-02 07:09:36,580 - root - INFO - new node test roc_auc, 0.7213
2025-10-02 07:11:49,270 - root - INFO - Epoch: 79, learning rate: 0.0001, train loss: 0.4615
2025-10-02 07:11:49,271 - root - INFO - train average_precision, 0.8165
2025-10-02 07:11:49,271 - root - INFO - train roc_auc, 0.8522
2025-10-02 07:11:49,271 - root - INFO - validate loss: 0.5400
2025-10-02 07:11:49,271 - root - INFO - validate average_precision, 0.7506
2025-10-02 07:11:49,271 - root - INFO - validate roc_auc, 0.7899
2025-10-02 07:11:49,271 - root - INFO - new node validate loss: 0.6782
2025-10-02 07:11:49,271 - root - INFO - new node validate average_precision, 0.6570
2025-10-02 07:11:49,271 - root - INFO - new node validate roc_auc, 0.6723
2025-10-02 07:12:07,865 - root - INFO - test loss: 0.5208
2025-10-02 07:12:07,865 - root - INFO - test average_precision, 0.7681
2025-10-02 07:12:07,866 - root - INFO - best test average_precision: 0.7681
2025-10-02 07:12:07,866 - root - INFO - test roc_auc, 0.8047
2025-10-02 07:12:07,866 - root - INFO - new node test loss: 0.6229
2025-10-02 07:12:07,866 - root - INFO - new node test average_precision, 0.6974
2025-10-02 07:12:07,866 - root - INFO - new node test roc_auc, 0.7226
2025-10-02 07:14:20,959 - root - INFO - Epoch: 80, learning rate: 0.0001, train loss: 0.4591
2025-10-02 07:14:20,960 - root - INFO - train average_precision, 0.8181
2025-10-02 07:14:20,960 - root - INFO - train roc_auc, 0.8530
2025-10-02 07:14:20,960 - root - INFO - validate loss: 0.5384
2025-10-02 07:14:20,960 - root - INFO - validate average_precision, 0.7508
2025-10-02 07:14:20,960 - root - INFO - validate roc_auc, 0.7904
2025-10-02 07:14:20,960 - root - INFO - new node validate loss: 0.6832
2025-10-02 07:14:20,960 - root - INFO - new node validate average_precision, 0.6576
2025-10-02 07:14:20,960 - root - INFO - new node validate roc_auc, 0.6739
2025-10-02 07:14:39,610 - root - INFO - test loss: 0.5220
2025-10-02 07:14:39,610 - root - INFO - test average_precision, 0.7646
2025-10-02 07:14:39,610 - root - INFO - best test average_precision: 0.7681
2025-10-02 07:14:39,610 - root - INFO - test roc_auc, 0.8050
2025-10-02 07:14:39,610 - root - INFO - new node test loss: 0.6269
2025-10-02 07:14:39,610 - root - INFO - new node test average_precision, 0.6915
2025-10-02 07:14:39,610 - root - INFO - new node test roc_auc, 0.7226
2025-10-02 07:14:39,610 - root - INFO - save model ./saved_models/TGAT/uci/TGAT_kan_mammote_seed0/TGAT_kan_mammote_seed0.pkl
2025-10-02 07:16:52,813 - root - INFO - Epoch: 81, learning rate: 0.0001, train loss: 0.4625
2025-10-02 07:16:52,814 - root - INFO - train average_precision, 0.8144
2025-10-02 07:16:52,814 - root - INFO - train roc_auc, 0.8511
2025-10-02 07:16:52,814 - root - INFO - validate loss: 0.5394
2025-10-02 07:16:52,814 - root - INFO - validate average_precision, 0.7489
2025-10-02 07:16:52,814 - root - INFO - validate roc_auc, 0.7891
2025-10-02 07:16:52,814 - root - INFO - new node validate loss: 0.6791
2025-10-02 07:16:52,814 - root - INFO - new node validate average_precision, 0.6532
2025-10-02 07:16:52,814 - root - INFO - new node validate roc_auc, 0.6707
2025-10-02 07:17:11,477 - root - INFO - test loss: 0.5218
2025-10-02 07:17:11,477 - root - INFO - test average_precision, 0.7629
2025-10-02 07:17:11,477 - root - INFO - best test average_precision: 0.7681
2025-10-02 07:17:11,477 - root - INFO - test roc_auc, 0.8048
2025-10-02 07:17:11,477 - root - INFO - new node test loss: 0.6246
2025-10-02 07:17:11,477 - root - INFO - new node test average_precision, 0.6876
2025-10-02 07:17:11,477 - root - INFO - new node test roc_auc, 0.7203
2025-10-02 07:19:24,636 - root - INFO - Epoch: 82, learning rate: 0.0001, train loss: 0.4579
2025-10-02 07:19:24,636 - root - INFO - train average_precision, 0.8191
2025-10-02 07:19:24,637 - root - INFO - train roc_auc, 0.8540
2025-10-02 07:19:24,637 - root - INFO - validate loss: 0.5386
2025-10-02 07:19:24,637 - root - INFO - validate average_precision, 0.7506
2025-10-02 07:19:24,637 - root - INFO - validate roc_auc, 0.7903
2025-10-02 07:19:24,637 - root - INFO - new node validate loss: 0.6801
2025-10-02 07:19:24,637 - root - INFO - new node validate average_precision, 0.6594
2025-10-02 07:19:24,637 - root - INFO - new node validate roc_auc, 0.6726
2025-10-02 07:19:43,297 - root - INFO - test loss: 0.5207
2025-10-02 07:19:43,297 - root - INFO - test average_precision, 0.7627
2025-10-02 07:19:43,297 - root - INFO - best test average_precision: 0.7681
2025-10-02 07:19:43,297 - root - INFO - test roc_auc, 0.8053
2025-10-02 07:19:43,297 - root - INFO - new node test loss: 0.6266
2025-10-02 07:19:43,297 - root - INFO - new node test average_precision, 0.6884
2025-10-02 07:19:43,297 - root - INFO - new node test roc_auc, 0.7214
2025-10-02 07:21:55,736 - root - INFO - Epoch: 83, learning rate: 0.0001, train loss: 0.4614
2025-10-02 07:21:55,737 - root - INFO - train average_precision, 0.8143
2025-10-02 07:21:55,737 - root - INFO - train roc_auc, 0.8507
2025-10-02 07:21:55,737 - root - INFO - validate loss: 0.5418
2025-10-02 07:21:55,737 - root - INFO - validate average_precision, 0.7463
2025-10-02 07:21:55,737 - root - INFO - validate roc_auc, 0.7888
2025-10-02 07:21:55,737 - root - INFO - new node validate loss: 0.6868
2025-10-02 07:21:55,737 - root - INFO - new node validate average_precision, 0.6490
2025-10-02 07:21:55,737 - root - INFO - new node validate roc_auc, 0.6690
2025-10-02 07:22:14,384 - root - INFO - test loss: 0.5228
2025-10-02 07:22:14,384 - root - INFO - test average_precision, 0.7615
2025-10-02 07:22:14,384 - root - INFO - best test average_precision: 0.7681
2025-10-02 07:22:14,384 - root - INFO - test roc_auc, 0.8039
2025-10-02 07:22:14,384 - root - INFO - new node test loss: 0.6319
2025-10-02 07:22:14,384 - root - INFO - new node test average_precision, 0.6884
2025-10-02 07:22:14,384 - root - INFO - new node test roc_auc, 0.7205
2025-10-02 07:24:27,327 - root - INFO - Epoch: 84, learning rate: 0.0001, train loss: 0.4603
2025-10-02 07:24:27,327 - root - INFO - train average_precision, 0.8180
2025-10-02 07:24:27,327 - root - INFO - train roc_auc, 0.8527
2025-10-02 07:24:27,327 - root - INFO - validate loss: 0.5386
2025-10-02 07:24:27,328 - root - INFO - validate average_precision, 0.7508
2025-10-02 07:24:27,328 - root - INFO - validate roc_auc, 0.7900
2025-10-02 07:24:27,328 - root - INFO - new node validate loss: 0.6787
2025-10-02 07:24:27,328 - root - INFO - new node validate average_precision, 0.6591
2025-10-02 07:24:27,328 - root - INFO - new node validate roc_auc, 0.6735
2025-10-02 07:24:45,933 - root - INFO - test loss: 0.5204
2025-10-02 07:24:45,933 - root - INFO - test average_precision, 0.7654
2025-10-02 07:24:45,933 - root - INFO - best test average_precision: 0.7681
2025-10-02 07:24:45,933 - root - INFO - test roc_auc, 0.8049
2025-10-02 07:24:45,933 - root - INFO - new node test loss: 0.6220
2025-10-02 07:24:45,933 - root - INFO - new node test average_precision, 0.6881
2025-10-02 07:24:45,933 - root - INFO - new node test roc_auc, 0.7208
2025-10-02 07:26:58,789 - root - INFO - Epoch: 85, learning rate: 0.0001, train loss: 0.4612
2025-10-02 07:26:58,789 - root - INFO - train average_precision, 0.8171
2025-10-02 07:26:58,789 - root - INFO - train roc_auc, 0.8517
2025-10-02 07:26:58,789 - root - INFO - validate loss: 0.5386
2025-10-02 07:26:58,789 - root - INFO - validate average_precision, 0.7480
2025-10-02 07:26:58,790 - root - INFO - validate roc_auc, 0.7899
2025-10-02 07:26:58,790 - root - INFO - new node validate loss: 0.6824
2025-10-02 07:26:58,790 - root - INFO - new node validate average_precision, 0.6531
2025-10-02 07:26:58,790 - root - INFO - new node validate roc_auc, 0.6715
2025-10-02 07:27:17,447 - root - INFO - test loss: 0.5217
2025-10-02 07:27:17,447 - root - INFO - test average_precision, 0.7569
2025-10-02 07:27:17,447 - root - INFO - best test average_precision: 0.7681
2025-10-02 07:27:17,447 - root - INFO - test roc_auc, 0.8031
2025-10-02 07:27:17,447 - root - INFO - new node test loss: 0.6274
2025-10-02 07:27:17,447 - root - INFO - new node test average_precision, 0.6869
2025-10-02 07:27:17,447 - root - INFO - new node test roc_auc, 0.7201
2025-10-02 07:29:30,110 - root - INFO - Epoch: 86, learning rate: 0.0001, train loss: 0.4601
2025-10-02 07:29:30,111 - root - INFO - train average_precision, 0.8176
2025-10-02 07:29:30,111 - root - INFO - train roc_auc, 0.8529
2025-10-02 07:29:30,111 - root - INFO - validate loss: 0.5411
2025-10-02 07:29:30,111 - root - INFO - validate average_precision, 0.7452
2025-10-02 07:29:30,111 - root - INFO - validate roc_auc, 0.7884
2025-10-02 07:29:30,111 - root - INFO - new node validate loss: 0.6867
2025-10-02 07:29:30,111 - root - INFO - new node validate average_precision, 0.6517
2025-10-02 07:29:30,111 - root - INFO - new node validate roc_auc, 0.6695
2025-10-02 07:29:48,676 - root - INFO - test loss: 0.5242
2025-10-02 07:29:48,676 - root - INFO - test average_precision, 0.7575
2025-10-02 07:29:48,676 - root - INFO - best test average_precision: 0.7681
2025-10-02 07:29:48,677 - root - INFO - test roc_auc, 0.8008
2025-10-02 07:29:48,677 - root - INFO - new node test loss: 0.6269
2025-10-02 07:29:48,677 - root - INFO - new node test average_precision, 0.6852
2025-10-02 07:29:48,677 - root - INFO - new node test roc_auc, 0.7179
2025-10-02 07:32:01,394 - root - INFO - Epoch: 87, learning rate: 0.0001, train loss: 0.4609
2025-10-02 07:32:01,395 - root - INFO - train average_precision, 0.8160
2025-10-02 07:32:01,395 - root - INFO - train roc_auc, 0.8516
2025-10-02 07:32:01,395 - root - INFO - validate loss: 0.5408
2025-10-02 07:32:01,395 - root - INFO - validate average_precision, 0.7457
2025-10-02 07:32:01,395 - root - INFO - validate roc_auc, 0.7875
2025-10-02 07:32:01,395 - root - INFO - new node validate loss: 0.6866
2025-10-02 07:32:01,395 - root - INFO - new node validate average_precision, 0.6451
2025-10-02 07:32:01,395 - root - INFO - new node validate roc_auc, 0.6668
2025-10-02 07:32:19,998 - root - INFO - test loss: 0.5237
2025-10-02 07:32:19,998 - root - INFO - test average_precision, 0.7588
2025-10-02 07:32:19,998 - root - INFO - best test average_precision: 0.7681
2025-10-02 07:32:19,998 - root - INFO - test roc_auc, 0.8019
2025-10-02 07:32:19,998 - root - INFO - new node test loss: 0.6270
2025-10-02 07:32:19,998 - root - INFO - new node test average_precision, 0.6891
2025-10-02 07:32:19,998 - root - INFO - new node test roc_auc, 0.7201
2025-10-02 07:34:32,545 - root - INFO - Epoch: 88, learning rate: 0.0001, train loss: 0.4604
2025-10-02 07:34:32,546 - root - INFO - train average_precision, 0.8169
2025-10-02 07:34:32,546 - root - INFO - train roc_auc, 0.8515
2025-10-02 07:34:32,546 - root - INFO - validate loss: 0.5369
2025-10-02 07:34:32,546 - root - INFO - validate average_precision, 0.7545
2025-10-02 07:34:32,546 - root - INFO - validate roc_auc, 0.7923
2025-10-02 07:34:32,546 - root - INFO - new node validate loss: 0.6776
2025-10-02 07:34:32,546 - root - INFO - new node validate average_precision, 0.6620
2025-10-02 07:34:32,546 - root - INFO - new node validate roc_auc, 0.6761
2025-10-02 07:34:51,145 - root - INFO - test loss: 0.5212
2025-10-02 07:34:51,145 - root - INFO - test average_precision, 0.7674
2025-10-02 07:34:51,145 - root - INFO - best test average_precision: 0.7681
2025-10-02 07:34:51,145 - root - INFO - test roc_auc, 0.8054
2025-10-02 07:34:51,145 - root - INFO - new node test loss: 0.6253
2025-10-02 07:34:51,145 - root - INFO - new node test average_precision, 0.6942
2025-10-02 07:34:51,145 - root - INFO - new node test roc_auc, 0.7230
2025-10-02 07:34:51,145 - root - INFO - save model ./saved_models/TGAT/uci/TGAT_kan_mammote_seed0/TGAT_kan_mammote_seed0.pkl
2025-10-02 07:37:03,553 - root - INFO - Epoch: 89, learning rate: 0.0001, train loss: 0.4600
2025-10-02 07:37:03,554 - root - INFO - train average_precision, 0.8177
2025-10-02 07:37:03,554 - root - INFO - train roc_auc, 0.8525
2025-10-02 07:37:03,554 - root - INFO - validate loss: 0.5396
2025-10-02 07:37:03,554 - root - INFO - validate average_precision, 0.7472
2025-10-02 07:37:03,554 - root - INFO - validate roc_auc, 0.7884
2025-10-02 07:37:03,554 - root - INFO - new node validate loss: 0.6822
2025-10-02 07:37:03,554 - root - INFO - new node validate average_precision, 0.6498
2025-10-02 07:37:03,554 - root - INFO - new node validate roc_auc, 0.6687
2025-10-02 07:37:22,135 - root - INFO - test loss: 0.5230
2025-10-02 07:37:22,135 - root - INFO - test average_precision, 0.7551
2025-10-02 07:37:22,135 - root - INFO - best test average_precision: 0.7681
2025-10-02 07:37:22,135 - root - INFO - test roc_auc, 0.8007
2025-10-02 07:37:22,136 - root - INFO - new node test loss: 0.6274
2025-10-02 07:37:22,136 - root - INFO - new node test average_precision, 0.6859
2025-10-02 07:37:22,136 - root - INFO - new node test roc_auc, 0.7181
2025-10-02 07:39:35,047 - root - INFO - Epoch: 90, learning rate: 0.0001, train loss: 0.4575
2025-10-02 07:39:35,047 - root - INFO - train average_precision, 0.8194
2025-10-02 07:39:35,047 - root - INFO - train roc_auc, 0.8542
2025-10-02 07:39:35,047 - root - INFO - validate loss: 0.5411
2025-10-02 07:39:35,047 - root - INFO - validate average_precision, 0.7459
2025-10-02 07:39:35,048 - root - INFO - validate roc_auc, 0.7887
2025-10-02 07:39:35,048 - root - INFO - new node validate loss: 0.6885
2025-10-02 07:39:35,048 - root - INFO - new node validate average_precision, 0.6465
2025-10-02 07:39:35,048 - root - INFO - new node validate roc_auc, 0.6647
2025-10-02 07:39:53,666 - root - INFO - test loss: 0.5227
2025-10-02 07:39:53,666 - root - INFO - test average_precision, 0.7605
2025-10-02 07:39:53,666 - root - INFO - best test average_precision: 0.7681
2025-10-02 07:39:53,666 - root - INFO - test roc_auc, 0.8024
2025-10-02 07:39:53,666 - root - INFO - new node test loss: 0.6279
2025-10-02 07:39:53,666 - root - INFO - new node test average_precision, 0.6830
2025-10-02 07:39:53,667 - root - INFO - new node test roc_auc, 0.7175
2025-10-02 07:42:06,561 - root - INFO - Epoch: 91, learning rate: 0.0001, train loss: 0.4586
2025-10-02 07:42:06,562 - root - INFO - train average_precision, 0.8183
2025-10-02 07:42:06,562 - root - INFO - train roc_auc, 0.8535
2025-10-02 07:42:06,562 - root - INFO - validate loss: 0.5383
2025-10-02 07:42:06,562 - root - INFO - validate average_precision, 0.7491
2025-10-02 07:42:06,562 - root - INFO - validate roc_auc, 0.7901
2025-10-02 07:42:06,562 - root - INFO - new node validate loss: 0.6808
2025-10-02 07:42:06,562 - root - INFO - new node validate average_precision, 0.6533
2025-10-02 07:42:06,562 - root - INFO - new node validate roc_auc, 0.6702
2025-10-02 07:42:25,198 - root - INFO - test loss: 0.5210
2025-10-02 07:42:25,198 - root - INFO - test average_precision, 0.7646
2025-10-02 07:42:25,198 - root - INFO - best test average_precision: 0.7681
2025-10-02 07:42:25,198 - root - INFO - test roc_auc, 0.8039
2025-10-02 07:42:25,198 - root - INFO - new node test loss: 0.6237
2025-10-02 07:42:25,198 - root - INFO - new node test average_precision, 0.6926
2025-10-02 07:42:25,198 - root - INFO - new node test roc_auc, 0.7203
2025-10-02 07:44:38,136 - root - INFO - Epoch: 92, learning rate: 0.0001, train loss: 0.4573
2025-10-02 07:44:38,136 - root - INFO - train average_precision, 0.8192
2025-10-02 07:44:38,137 - root - INFO - train roc_auc, 0.8546
2025-10-02 07:44:38,137 - root - INFO - validate loss: 0.5396
2025-10-02 07:44:38,137 - root - INFO - validate average_precision, 0.7477
2025-10-02 07:44:38,137 - root - INFO - validate roc_auc, 0.7898
2025-10-02 07:44:38,137 - root - INFO - new node validate loss: 0.6865
2025-10-02 07:44:38,137 - root - INFO - new node validate average_precision, 0.6578
2025-10-02 07:44:38,137 - root - INFO - new node validate roc_auc, 0.6738
2025-10-02 07:44:56,821 - root - INFO - test loss: 0.5227
2025-10-02 07:44:56,822 - root - INFO - test average_precision, 0.7606
2025-10-02 07:44:56,822 - root - INFO - best test average_precision: 0.7681
2025-10-02 07:44:56,822 - root - INFO - test roc_auc, 0.8027
2025-10-02 07:44:56,822 - root - INFO - new node test loss: 0.6303
2025-10-02 07:44:56,822 - root - INFO - new node test average_precision, 0.6864
2025-10-02 07:44:56,822 - root - INFO - new node test roc_auc, 0.7190
2025-10-02 07:47:10,012 - root - INFO - Epoch: 93, learning rate: 0.0001, train loss: 0.4593
2025-10-02 07:47:10,012 - root - INFO - train average_precision, 0.8216
2025-10-02 07:47:10,012 - root - INFO - train roc_auc, 0.8543
2025-10-02 07:47:10,012 - root - INFO - validate loss: 0.5384
2025-10-02 07:47:10,012 - root - INFO - validate average_precision, 0.7501
2025-10-02 07:47:10,012 - root - INFO - validate roc_auc, 0.7904
2025-10-02 07:47:10,013 - root - INFO - new node validate loss: 0.6844
2025-10-02 07:47:10,013 - root - INFO - new node validate average_precision, 0.6525
2025-10-02 07:47:10,013 - root - INFO - new node validate roc_auc, 0.6721
2025-10-02 07:47:28,680 - root - INFO - test loss: 0.5222
2025-10-02 07:47:28,680 - root - INFO - test average_precision, 0.7588
2025-10-02 07:47:28,681 - root - INFO - best test average_precision: 0.7681
2025-10-02 07:47:28,681 - root - INFO - test roc_auc, 0.8030
2025-10-02 07:47:28,681 - root - INFO - new node test loss: 0.6289
2025-10-02 07:47:28,681 - root - INFO - new node test average_precision, 0.6860
2025-10-02 07:47:28,681 - root - INFO - new node test roc_auc, 0.7185
2025-10-02 07:49:41,776 - root - INFO - Epoch: 94, learning rate: 0.0001, train loss: 0.4600
2025-10-02 07:49:41,777 - root - INFO - train average_precision, 0.8196
2025-10-02 07:49:41,777 - root - INFO - train roc_auc, 0.8532
2025-10-02 07:49:41,777 - root - INFO - validate loss: 0.5388
2025-10-02 07:49:41,777 - root - INFO - validate average_precision, 0.7516
2025-10-02 07:49:41,777 - root - INFO - validate roc_auc, 0.7901
2025-10-02 07:49:41,777 - root - INFO - new node validate loss: 0.6832
2025-10-02 07:49:41,777 - root - INFO - new node validate average_precision, 0.6596
2025-10-02 07:49:41,777 - root - INFO - new node validate roc_auc, 0.6739
2025-10-02 07:50:00,429 - root - INFO - test loss: 0.5222
2025-10-02 07:50:00,429 - root - INFO - test average_precision, 0.7600
2025-10-02 07:50:00,429 - root - INFO - best test average_precision: 0.7681
2025-10-02 07:50:00,429 - root - INFO - test roc_auc, 0.8025
2025-10-02 07:50:00,429 - root - INFO - new node test loss: 0.6262
2025-10-02 07:50:00,429 - root - INFO - new node test average_precision, 0.6906
2025-10-02 07:50:00,429 - root - INFO - new node test roc_auc, 0.7202
2025-10-02 07:52:13,300 - root - INFO - Epoch: 95, learning rate: 0.0001, train loss: 0.4621
2025-10-02 07:52:13,301 - root - INFO - train average_precision, 0.8134
2025-10-02 07:52:13,301 - root - INFO - train roc_auc, 0.8504
2025-10-02 07:52:13,301 - root - INFO - validate loss: 0.5364
2025-10-02 07:52:13,301 - root - INFO - validate average_precision, 0.7537
2025-10-02 07:52:13,301 - root - INFO - validate roc_auc, 0.7920
2025-10-02 07:52:13,301 - root - INFO - new node validate loss: 0.6778
2025-10-02 07:52:13,301 - root - INFO - new node validate average_precision, 0.6608
2025-10-02 07:52:13,301 - root - INFO - new node validate roc_auc, 0.6764
2025-10-02 07:52:31,916 - root - INFO - test loss: 0.5208
2025-10-02 07:52:31,917 - root - INFO - test average_precision, 0.7635
2025-10-02 07:52:31,917 - root - INFO - best test average_precision: 0.7681
2025-10-02 07:52:31,917 - root - INFO - test roc_auc, 0.8046
2025-10-02 07:52:31,917 - root - INFO - new node test loss: 0.6229
2025-10-02 07:52:31,917 - root - INFO - new node test average_precision, 0.6975
2025-10-02 07:52:31,917 - root - INFO - new node test roc_auc, 0.7269
2025-10-02 07:54:44,478 - root - INFO - Epoch: 96, learning rate: 0.0001, train loss: 0.4576
2025-10-02 07:54:44,479 - root - INFO - train average_precision, 0.8213
2025-10-02 07:54:44,479 - root - INFO - train roc_auc, 0.8548
2025-10-02 07:54:44,479 - root - INFO - validate loss: 0.5404
2025-10-02 07:54:44,479 - root - INFO - validate average_precision, 0.7448
2025-10-02 07:54:44,479 - root - INFO - validate roc_auc, 0.7869
2025-10-02 07:54:44,479 - root - INFO - new node validate loss: 0.6830
2025-10-02 07:54:44,479 - root - INFO - new node validate average_precision, 0.6481
2025-10-02 07:54:44,479 - root - INFO - new node validate roc_auc, 0.6677
2025-10-02 07:55:03,196 - root - INFO - test loss: 0.5245
2025-10-02 07:55:03,196 - root - INFO - test average_precision, 0.7547
2025-10-02 07:55:03,197 - root - INFO - best test average_precision: 0.7681
2025-10-02 07:55:03,197 - root - INFO - test roc_auc, 0.7984
2025-10-02 07:55:03,197 - root - INFO - new node test loss: 0.6264
2025-10-02 07:55:03,197 - root - INFO - new node test average_precision, 0.6839
2025-10-02 07:55:03,197 - root - INFO - new node test roc_auc, 0.7166
2025-10-02 07:57:15,523 - root - INFO - Epoch: 97, learning rate: 0.0001, train loss: 0.4581
2025-10-02 07:57:15,523 - root - INFO - train average_precision, 0.8193
2025-10-02 07:57:15,523 - root - INFO - train roc_auc, 0.8539
2025-10-02 07:57:15,523 - root - INFO - validate loss: 0.5389
2025-10-02 07:57:15,523 - root - INFO - validate average_precision, 0.7503
2025-10-02 07:57:15,523 - root - INFO - validate roc_auc, 0.7906
2025-10-02 07:57:15,524 - root - INFO - new node validate loss: 0.6878
2025-10-02 07:57:15,524 - root - INFO - new node validate average_precision, 0.6622
2025-10-02 07:57:15,524 - root - INFO - new node validate roc_auc, 0.6750
2025-10-02 07:57:34,153 - root - INFO - test loss: 0.5211
2025-10-02 07:57:34,153 - root - INFO - test average_precision, 0.7680
2025-10-02 07:57:34,153 - root - INFO - best test average_precision: 0.7681
2025-10-02 07:57:34,153 - root - INFO - test roc_auc, 0.8082
2025-10-02 07:57:34,153 - root - INFO - new node test loss: 0.6329
2025-10-02 07:57:34,153 - root - INFO - new node test average_precision, 0.6945
2025-10-02 07:57:34,153 - root - INFO - new node test roc_auc, 0.7248
2025-10-02 07:59:46,614 - root - INFO - Epoch: 98, learning rate: 0.0001, train loss: 0.4584
2025-10-02 07:59:46,615 - root - INFO - train average_precision, 0.8197
2025-10-02 07:59:46,615 - root - INFO - train roc_auc, 0.8538
2025-10-02 07:59:46,615 - root - INFO - validate loss: 0.5388
2025-10-02 07:59:46,615 - root - INFO - validate average_precision, 0.7514
2025-10-02 07:59:46,615 - root - INFO - validate roc_auc, 0.7907
2025-10-02 07:59:46,615 - root - INFO - new node validate loss: 0.6827
2025-10-02 07:59:46,615 - root - INFO - new node validate average_precision, 0.6610
2025-10-02 07:59:46,615 - root - INFO - new node validate roc_auc, 0.6768
2025-10-02 08:00:05,240 - root - INFO - test loss: 0.5221
2025-10-02 08:00:05,240 - root - INFO - test average_precision, 0.7582
2025-10-02 08:00:05,240 - root - INFO - best test average_precision: 0.7681
2025-10-02 08:00:05,241 - root - INFO - test roc_auc, 0.8036
2025-10-02 08:00:05,241 - root - INFO - new node test loss: 0.6239
2025-10-02 08:00:05,241 - root - INFO - new node test average_precision, 0.6938
2025-10-02 08:00:05,241 - root - INFO - new node test roc_auc, 0.7247
2025-10-02 08:02:18,342 - root - INFO - Epoch: 99, learning rate: 0.0001, train loss: 0.4561
2025-10-02 08:02:18,342 - root - INFO - train average_precision, 0.8206
2025-10-02 08:02:18,342 - root - INFO - train roc_auc, 0.8549
2025-10-02 08:02:18,342 - root - INFO - validate loss: 0.5385
2025-10-02 08:02:18,342 - root - INFO - validate average_precision, 0.7471
2025-10-02 08:02:18,342 - root - INFO - validate roc_auc, 0.7885
2025-10-02 08:02:18,342 - root - INFO - new node validate loss: 0.6776
2025-10-02 08:02:18,342 - root - INFO - new node validate average_precision, 0.6543
2025-10-02 08:02:18,342 - root - INFO - new node validate roc_auc, 0.6713
2025-10-02 08:02:36,990 - root - INFO - test loss: 0.5208
2025-10-02 08:02:36,990 - root - INFO - test average_precision, 0.7561
2025-10-02 08:02:36,990 - root - INFO - best test average_precision: 0.7681
2025-10-02 08:02:36,990 - root - INFO - test roc_auc, 0.8027
2025-10-02 08:02:36,990 - root - INFO - new node test loss: 0.6243
2025-10-02 08:02:36,990 - root - INFO - new node test average_precision, 0.6816
2025-10-02 08:02:36,991 - root - INFO - new node test roc_auc, 0.7172
2025-10-02 08:04:49,931 - root - INFO - Epoch: 100, learning rate: 0.0001, train loss: 0.4597
2025-10-02 08:04:49,931 - root - INFO - train average_precision, 0.8192
2025-10-02 08:04:49,931 - root - INFO - train roc_auc, 0.8535
2025-10-02 08:04:49,931 - root - INFO - validate loss: 0.5376
2025-10-02 08:04:49,932 - root - INFO - validate average_precision, 0.7518
2025-10-02 08:04:49,932 - root - INFO - validate roc_auc, 0.7908
2025-10-02 08:04:49,932 - root - INFO - new node validate loss: 0.6763
2025-10-02 08:04:49,932 - root - INFO - new node validate average_precision, 0.6634
2025-10-02 08:04:49,932 - root - INFO - new node validate roc_auc, 0.6769
2025-10-02 08:05:08,574 - root - INFO - test loss: 0.5187
2025-10-02 08:05:08,574 - root - INFO - test average_precision, 0.7655
2025-10-02 08:05:08,574 - root - INFO - best test average_precision: 0.7681
2025-10-02 08:05:08,574 - root - INFO - test roc_auc, 0.8081
2025-10-02 08:05:08,574 - root - INFO - new node test loss: 0.6184
2025-10-02 08:05:08,574 - root - INFO - new node test average_precision, 0.6970
2025-10-02 08:05:08,574 - root - INFO - new node test roc_auc, 0.7283
2025-10-02 08:05:08,574 - root - INFO - load model ./saved_models/TGAT/uci/TGAT_kan_mammote_seed0/TGAT_kan_mammote_seed0.pkl
2025-10-02 08:05:08,589 - root - INFO - get final performance on dataset uci...
2025-10-02 08:05:44,664 - root - INFO - validate loss: 0.5369
2025-10-02 08:05:44,664 - root - INFO - validate average_precision, 0.7545
2025-10-02 08:05:44,664 - root - INFO - validate roc_auc, 0.7923
2025-10-02 08:05:44,664 - root - INFO - new node validate loss: 0.6776
2025-10-02 08:05:44,664 - root - INFO - new node validate average_precision, 0.6620
2025-10-02 08:05:44,664 - root - INFO - new node validate roc_auc, 0.6761
2025-10-02 08:05:44,664 - root - INFO - test loss: 0.5212
2025-10-02 08:05:44,664 - root - INFO - test average_precision, 0.7674
2025-10-02 08:05:44,664 - root - INFO - test roc_auc, 0.8054
2025-10-02 08:05:44,664 - root - INFO - new node test loss: 0.6253
2025-10-02 08:05:44,664 - root - INFO - new node test average_precision, 0.6942
2025-10-02 08:05:44,664 - root - INFO - new node test roc_auc, 0.7230
2025-10-02 08:05:44,665 - root - INFO - Run 1 cost 15194.36 seconds.
2025-10-02 08:05:44,674 - root - INFO - metrics over 1 runs:
2025-10-02 08:05:44,674 - root - INFO - validate average_precision, [np.float64(0.754451875180543)]
2025-10-02 08:05:44,674 - root - INFO - average validate average_precision, 0.7545 ± nan
2025-10-02 08:05:44,674 - root - INFO - validate roc_auc, [np.float64(0.7922711451247165)]
2025-10-02 08:05:44,674 - root - INFO - average validate roc_auc, 0.7923 ± nan
2025-10-02 08:05:44,674 - root - INFO - new node validate average_precision, [np.float64(0.662041894468521)]
2025-10-02 08:05:44,674 - root - INFO - average new node validate average_precision, 0.6620 ± nan
2025-10-02 08:05:44,674 - root - INFO - new node validate roc_auc, [np.float64(0.6761024038461538)]
2025-10-02 08:05:44,675 - root - INFO - average new node validate roc_auc, 0.6761 ± nan
2025-10-02 08:05:44,675 - root - INFO - test average_precision, [np.float64(0.7674270538241285)]
2025-10-02 08:05:44,675 - root - INFO - average test average_precision, 0.7674 ± nan
2025-10-02 08:05:44,675 - root - INFO - test roc_auc, [np.float64(0.8053606955922867)]
2025-10-02 08:05:44,675 - root - INFO - average test roc_auc, 0.8054 ± nan
2025-10-02 08:05:44,675 - root - INFO - new node test average_precision, [np.float64(0.6942244766650164)]
2025-10-02 08:05:44,675 - root - INFO - average new node test average_precision, 0.6942 ± nan
2025-10-02 08:05:44,675 - root - INFO - new node test roc_auc, [np.float64(0.7230119207223754)]
2025-10-02 08:05:44,676 - root - INFO - average new node test roc_auc, 0.7230 ± nan
