2025-10-01 01:56:05,529 - root - INFO - ********** Run 4 starts. **********
2025-10-01 01:56:05,530 - root - INFO - configuration is Namespace(dataset_name='SocialEvo', batch_size=200, model_name='JODIE', gpu=0, num_neighbors=10, sample_neighbor_strategy='uniform', time_scaling_factor=1e-06, num_walk_heads=8, num_heads=2, num_layers=1, walk_length=1, time_gap=2000, time_feat_dim=128, position_feat_dim=172, time_window_mode='fixed_proportion', time_encoder_type='lete', expert_dim=64, num_mixtures=4, patch_size=1, channel_embedding_dim=50, max_input_sequence_length=32, learning_rate=0.0001, dropout=0.1, gamma=0.5, num_epochs=100, optimizer='Adam', weight_decay=0.0, patience=20, val_ratio=0.15, test_ratio=0.15, num_runs=5, test_interval_epochs=1, negative_sample_strategy='random', max_interaction_times=10, load_best_configs=True, device='cuda:0', seed=3, save_model_name='JODIE_seed3')
2025-10-01 01:56:05,532 - root - INFO - time encoder type: lete
2025-10-01 01:56:07,335 - root - INFO - model -> Sequential(
  (0): MemoryModel(
    (time_encoder): TimeEncoder(
      (w): Linear(in_features=1, out_features=128, bias=True)
    )
    (message_aggregator): MessageAggregator()
    (memory_bank): MemoryBank(num_nodes=75, memory_dim=172)
    (memory_updater): RNNMemoryUpdater(
      (memory_bank): MemoryBank(num_nodes=75, memory_dim=172)
      (memory_updater): RNNCell(644, 172)
    )
    (embedding_module): TimeProjectionEmbedding(
      (dropout): Dropout(p=0.1, inplace=False)
      (linear_layer): Linear(in_features=1, out_features=172, bias=True)
    )
  )
  (1): MergeLayer(
    (fc1): Linear(in_features=344, out_features=172, bias=True)
    (fc2): Linear(in_features=172, out_features=1, bias=True)
    (act): ReLU()
  )
)
2025-10-01 01:56:07,335 - root - INFO - model name: JODIE, #parameters: 803236 B, 784.41015625 KB, 0.7660255432128906 MB.
2025-10-01 01:57:30,901 - root - INFO - Epoch: 1, learning rate: 0.0001, train loss: 0.5188
2025-10-01 01:57:30,902 - root - INFO - train average_precision, 0.7311
2025-10-01 01:57:30,903 - root - INFO - train roc_auc, 0.7943
2025-10-01 01:57:30,903 - root - INFO - validate loss: 0.4943
2025-10-01 01:57:30,904 - root - INFO - validate average_precision, 0.7670
2025-10-01 01:57:30,904 - root - INFO - validate roc_auc, 0.8213
2025-10-01 01:57:30,904 - root - INFO - new node validate loss: 0.5627
2025-10-01 01:57:30,904 - root - INFO - new node validate average_precision, 0.8046
2025-10-01 01:57:30,904 - root - INFO - new node validate roc_auc, 0.8502
2025-10-01 01:57:43,223 - root - INFO - test loss: 0.4888
2025-10-01 01:57:43,224 - root - INFO - test average_precision, 0.7736
2025-10-01 01:57:43,224 - root - INFO - best test average_precision: 0.7736
2025-10-01 01:57:43,225 - root - INFO - test roc_auc, 0.8295
2025-10-01 01:57:43,225 - root - INFO - new node test loss: 0.5761
2025-10-01 01:57:43,225 - root - INFO - new node test average_precision, 0.8227
2025-10-01 01:57:43,225 - root - INFO - new node test roc_auc, 0.8672
2025-10-01 01:57:43,225 - root - INFO - save model ./saved_models/JODIE/SocialEvo/JODIE_seed3/JODIE_seed3.pkl
2025-10-01 01:59:06,725 - root - INFO - Epoch: 2, learning rate: 0.0001, train loss: 0.4834
2025-10-01 01:59:06,726 - root - INFO - train average_precision, 0.7816
2025-10-01 01:59:06,727 - root - INFO - train roc_auc, 0.8339
2025-10-01 01:59:06,727 - root - INFO - validate loss: 0.5566
2025-10-01 01:59:06,728 - root - INFO - validate average_precision, 0.7935
2025-10-01 01:59:06,728 - root - INFO - validate roc_auc, 0.8447
2025-10-01 01:59:06,728 - root - INFO - new node validate loss: 0.4779
2025-10-01 01:59:06,728 - root - INFO - new node validate average_precision, 0.8275
2025-10-01 01:59:06,728 - root - INFO - new node validate roc_auc, 0.8665
2025-10-01 01:59:18,913 - root - INFO - test loss: 0.5245
2025-10-01 01:59:18,913 - root - INFO - test average_precision, 0.8029
2025-10-01 01:59:18,914 - root - INFO - best test average_precision: 0.8029
2025-10-01 01:59:18,914 - root - INFO - test roc_auc, 0.8540
2025-10-01 01:59:18,914 - root - INFO - new node test loss: 0.4693
2025-10-01 01:59:18,914 - root - INFO - new node test average_precision, 0.8467
2025-10-01 01:59:18,914 - root - INFO - new node test roc_auc, 0.8834
2025-10-01 01:59:18,914 - root - INFO - save model ./saved_models/JODIE/SocialEvo/JODIE_seed3/JODIE_seed3.pkl
2025-10-01 02:00:42,076 - root - INFO - Epoch: 3, learning rate: 0.0001, train loss: 0.4639
2025-10-01 02:00:42,077 - root - INFO - train average_precision, 0.8074
2025-10-01 02:00:42,078 - root - INFO - train roc_auc, 0.8529
2025-10-01 02:00:42,078 - root - INFO - validate loss: 0.5315
2025-10-01 02:00:42,078 - root - INFO - validate average_precision, 0.8101
2025-10-01 02:00:42,078 - root - INFO - validate roc_auc, 0.8558
2025-10-01 02:00:42,079 - root - INFO - new node validate loss: 0.4321
2025-10-01 02:00:42,079 - root - INFO - new node validate average_precision, 0.8754
2025-10-01 02:00:42,079 - root - INFO - new node validate roc_auc, 0.8995
2025-10-01 02:00:54,334 - root - INFO - test loss: 0.4981
2025-10-01 02:00:54,335 - root - INFO - test average_precision, 0.8229
2025-10-01 02:00:54,335 - root - INFO - best test average_precision: 0.8229
2025-10-01 02:00:54,335 - root - INFO - test roc_auc, 0.8675
2025-10-01 02:00:54,335 - root - INFO - new node test loss: 0.4377
2025-10-01 02:00:54,335 - root - INFO - new node test average_precision, 0.8900
2025-10-01 02:00:54,335 - root - INFO - new node test roc_auc, 0.9133
2025-10-01 02:00:54,336 - root - INFO - save model ./saved_models/JODIE/SocialEvo/JODIE_seed3/JODIE_seed3.pkl
2025-10-01 02:02:17,229 - root - INFO - Epoch: 4, learning rate: 0.0001, train loss: 0.4418
2025-10-01 02:02:17,230 - root - INFO - train average_precision, 0.8324
2025-10-01 02:02:17,231 - root - INFO - train roc_auc, 0.8687
2025-10-01 02:02:17,231 - root - INFO - validate loss: 0.4525
2025-10-01 02:02:17,232 - root - INFO - validate average_precision, 0.8339
2025-10-01 02:02:17,232 - root - INFO - validate roc_auc, 0.8680
2025-10-01 02:02:17,232 - root - INFO - new node validate loss: 0.4080
2025-10-01 02:02:17,232 - root - INFO - new node validate average_precision, 0.8895
2025-10-01 02:02:17,232 - root - INFO - new node validate roc_auc, 0.9141
2025-10-01 02:02:29,540 - root - INFO - test loss: 0.4335
2025-10-01 02:02:29,541 - root - INFO - test average_precision, 0.8447
2025-10-01 02:02:29,541 - root - INFO - best test average_precision: 0.8447
2025-10-01 02:02:29,541 - root - INFO - test roc_auc, 0.8781
2025-10-01 02:02:29,541 - root - INFO - new node test loss: 0.4118
2025-10-01 02:02:29,541 - root - INFO - new node test average_precision, 0.8966
2025-10-01 02:02:29,541 - root - INFO - new node test roc_auc, 0.9213
2025-10-01 02:02:29,542 - root - INFO - save model ./saved_models/JODIE/SocialEvo/JODIE_seed3/JODIE_seed3.pkl
2025-10-01 02:03:50,768 - root - INFO - Epoch: 5, learning rate: 0.0001, train loss: 0.4323
2025-10-01 02:03:50,769 - root - INFO - train average_precision, 0.8404
2025-10-01 02:03:50,770 - root - INFO - train roc_auc, 0.8742
2025-10-01 02:03:50,770 - root - INFO - validate loss: 0.4396
2025-10-01 02:03:50,770 - root - INFO - validate average_precision, 0.8423
2025-10-01 02:03:50,770 - root - INFO - validate roc_auc, 0.8741
2025-10-01 02:03:50,771 - root - INFO - new node validate loss: 0.3849
2025-10-01 02:03:50,771 - root - INFO - new node validate average_precision, 0.8893
2025-10-01 02:03:50,771 - root - INFO - new node validate roc_auc, 0.9137
2025-10-01 02:04:02,984 - root - INFO - test loss: 0.4173
2025-10-01 02:04:02,985 - root - INFO - test average_precision, 0.8563
2025-10-01 02:04:02,985 - root - INFO - best test average_precision: 0.8563
2025-10-01 02:04:02,985 - root - INFO - test roc_auc, 0.8872
2025-10-01 02:04:02,985 - root - INFO - new node test loss: 0.3788
2025-10-01 02:04:02,986 - root - INFO - new node test average_precision, 0.9033
2025-10-01 02:04:02,986 - root - INFO - new node test roc_auc, 0.9265
2025-10-01 02:04:02,986 - root - INFO - save model ./saved_models/JODIE/SocialEvo/JODIE_seed3/JODIE_seed3.pkl
2025-10-01 02:05:25,887 - root - INFO - Epoch: 6, learning rate: 0.0001, train loss: 0.4248
2025-10-01 02:05:25,888 - root - INFO - train average_precision, 0.8470
2025-10-01 02:05:25,889 - root - INFO - train roc_auc, 0.8791
2025-10-01 02:05:25,889 - root - INFO - validate loss: 0.4469
2025-10-01 02:05:25,890 - root - INFO - validate average_precision, 0.8473
2025-10-01 02:05:25,890 - root - INFO - validate roc_auc, 0.8776
2025-10-01 02:05:25,890 - root - INFO - new node validate loss: 0.3966
2025-10-01 02:05:25,890 - root - INFO - new node validate average_precision, 0.8775
2025-10-01 02:05:25,890 - root - INFO - new node validate roc_auc, 0.9102
2025-10-01 02:05:38,201 - root - INFO - test loss: 0.4237
2025-10-01 02:05:38,201 - root - INFO - test average_precision, 0.8634
2025-10-01 02:05:38,201 - root - INFO - best test average_precision: 0.8634
2025-10-01 02:05:38,202 - root - INFO - test roc_auc, 0.8929
2025-10-01 02:05:38,202 - root - INFO - new node test loss: 0.3850
2025-10-01 02:05:38,202 - root - INFO - new node test average_precision, 0.8957
2025-10-01 02:05:38,202 - root - INFO - new node test roc_auc, 0.9233
2025-10-01 02:05:38,202 - root - INFO - save model ./saved_models/JODIE/SocialEvo/JODIE_seed3/JODIE_seed3.pkl
2025-10-01 02:07:01,664 - root - INFO - Epoch: 7, learning rate: 0.0001, train loss: 0.4222
2025-10-01 02:07:01,665 - root - INFO - train average_precision, 0.8495
2025-10-01 02:07:01,666 - root - INFO - train roc_auc, 0.8809
2025-10-01 02:07:01,666 - root - INFO - validate loss: 0.4375
2025-10-01 02:07:01,666 - root - INFO - validate average_precision, 0.8417
2025-10-01 02:07:01,667 - root - INFO - validate roc_auc, 0.8733
2025-10-01 02:07:01,667 - root - INFO - new node validate loss: 0.3807
2025-10-01 02:07:01,667 - root - INFO - new node validate average_precision, 0.9008
2025-10-01 02:07:01,667 - root - INFO - new node validate roc_auc, 0.9178
2025-10-01 02:07:13,842 - root - INFO - test loss: 0.4181
2025-10-01 02:07:13,843 - root - INFO - test average_precision, 0.8527
2025-10-01 02:07:13,843 - root - INFO - best test average_precision: 0.8634
2025-10-01 02:07:13,843 - root - INFO - test roc_auc, 0.8826
2025-10-01 02:07:13,843 - root - INFO - new node test loss: 0.3637
2025-10-01 02:07:13,843 - root - INFO - new node test average_precision, 0.8984
2025-10-01 02:07:13,843 - root - INFO - new node test roc_auc, 0.9257
2025-10-01 02:08:36,959 - root - INFO - Epoch: 8, learning rate: 0.0001, train loss: 0.4137
2025-10-01 02:08:36,960 - root - INFO - train average_precision, 0.8548
2025-10-01 02:08:36,961 - root - INFO - train roc_auc, 0.8849
2025-10-01 02:08:36,961 - root - INFO - validate loss: 0.4309
2025-10-01 02:08:36,962 - root - INFO - validate average_precision, 0.8475
2025-10-01 02:08:36,962 - root - INFO - validate roc_auc, 0.8794
2025-10-01 02:08:36,962 - root - INFO - new node validate loss: 0.4006
2025-10-01 02:08:36,962 - root - INFO - new node validate average_precision, 0.8969
2025-10-01 02:08:36,962 - root - INFO - new node validate roc_auc, 0.9162
2025-10-01 02:08:49,318 - root - INFO - test loss: 0.4072
2025-10-01 02:08:49,318 - root - INFO - test average_precision, 0.8605
2025-10-01 02:08:49,318 - root - INFO - best test average_precision: 0.8634
2025-10-01 02:08:49,319 - root - INFO - test roc_auc, 0.8909
2025-10-01 02:08:49,319 - root - INFO - new node test loss: 0.3865
2025-10-01 02:08:49,319 - root - INFO - new node test average_precision, 0.8959
2025-10-01 02:08:49,319 - root - INFO - new node test roc_auc, 0.9218
2025-10-01 02:08:49,319 - root - INFO - save model ./saved_models/JODIE/SocialEvo/JODIE_seed3/JODIE_seed3.pkl
2025-10-01 02:10:12,417 - root - INFO - Epoch: 9, learning rate: 0.0001, train loss: 0.4129
2025-10-01 02:10:12,419 - root - INFO - train average_precision, 0.8549
2025-10-01 02:10:12,420 - root - INFO - train roc_auc, 0.8849
2025-10-01 02:10:12,420 - root - INFO - validate loss: 0.4289
2025-10-01 02:10:12,420 - root - INFO - validate average_precision, 0.8494
2025-10-01 02:10:12,420 - root - INFO - validate roc_auc, 0.8805
2025-10-01 02:10:12,420 - root - INFO - new node validate loss: 0.3946
2025-10-01 02:10:12,421 - root - INFO - new node validate average_precision, 0.8891
2025-10-01 02:10:12,421 - root - INFO - new node validate roc_auc, 0.9110
2025-10-01 02:10:24,580 - root - INFO - test loss: 0.4010
2025-10-01 02:10:24,581 - root - INFO - test average_precision, 0.8673
2025-10-01 02:10:24,581 - root - INFO - best test average_precision: 0.8673
2025-10-01 02:10:24,582 - root - INFO - test roc_auc, 0.8960
2025-10-01 02:10:24,582 - root - INFO - new node test loss: 0.3790
2025-10-01 02:10:24,582 - root - INFO - new node test average_precision, 0.8978
2025-10-01 02:10:24,582 - root - INFO - new node test roc_auc, 0.9204
2025-10-01 02:10:24,582 - root - INFO - save model ./saved_models/JODIE/SocialEvo/JODIE_seed3/JODIE_seed3.pkl
2025-10-01 02:11:47,436 - root - INFO - Epoch: 10, learning rate: 0.0001, train loss: 0.4057
2025-10-01 02:11:47,437 - root - INFO - train average_precision, 0.8605
2025-10-01 02:11:47,438 - root - INFO - train roc_auc, 0.8893
2025-10-01 02:11:47,438 - root - INFO - validate loss: 0.4223
2025-10-01 02:11:47,439 - root - INFO - validate average_precision, 0.8509
2025-10-01 02:11:47,439 - root - INFO - validate roc_auc, 0.8805
2025-10-01 02:11:47,439 - root - INFO - new node validate loss: 0.3952
2025-10-01 02:11:47,439 - root - INFO - new node validate average_precision, 0.8950
2025-10-01 02:11:47,439 - root - INFO - new node validate roc_auc, 0.9165
2025-10-01 02:11:59,619 - root - INFO - test loss: 0.3924
2025-10-01 02:11:59,619 - root - INFO - test average_precision, 0.8719
2025-10-01 02:11:59,620 - root - INFO - best test average_precision: 0.8719
2025-10-01 02:11:59,620 - root - INFO - test roc_auc, 0.8983
2025-10-01 02:11:59,620 - root - INFO - new node test loss: 0.3894
2025-10-01 02:11:59,620 - root - INFO - new node test average_precision, 0.8935
2025-10-01 02:11:59,620 - root - INFO - new node test roc_auc, 0.9153
2025-10-01 02:11:59,621 - root - INFO - save model ./saved_models/JODIE/SocialEvo/JODIE_seed3/JODIE_seed3.pkl
2025-10-01 02:13:22,467 - root - INFO - Epoch: 11, learning rate: 0.0001, train loss: 0.4057
2025-10-01 02:13:22,469 - root - INFO - train average_precision, 0.8605
2025-10-01 02:13:22,469 - root - INFO - train roc_auc, 0.8894
2025-10-01 02:13:22,469 - root - INFO - validate loss: 0.4389
2025-10-01 02:13:22,470 - root - INFO - validate average_precision, 0.8500
2025-10-01 02:13:22,470 - root - INFO - validate roc_auc, 0.8804
2025-10-01 02:13:22,470 - root - INFO - new node validate loss: 0.3748
2025-10-01 02:13:22,470 - root - INFO - new node validate average_precision, 0.9027
2025-10-01 02:13:22,470 - root - INFO - new node validate roc_auc, 0.9184
2025-10-01 02:13:34,753 - root - INFO - test loss: 0.4135
2025-10-01 02:13:34,753 - root - INFO - test average_precision, 0.8691
2025-10-01 02:13:34,754 - root - INFO - best test average_precision: 0.8719
2025-10-01 02:13:34,754 - root - INFO - test roc_auc, 0.8968
2025-10-01 02:13:34,754 - root - INFO - new node test loss: 0.3496
2025-10-01 02:13:34,754 - root - INFO - new node test average_precision, 0.9113
2025-10-01 02:13:34,754 - root - INFO - new node test roc_auc, 0.9314
2025-10-01 02:14:57,363 - root - INFO - Epoch: 12, learning rate: 0.0001, train loss: 0.4031
2025-10-01 02:14:57,364 - root - INFO - train average_precision, 0.8627
2025-10-01 02:14:57,365 - root - INFO - train roc_auc, 0.8907
2025-10-01 02:14:57,365 - root - INFO - validate loss: 0.4197
2025-10-01 02:14:57,365 - root - INFO - validate average_precision, 0.8575
2025-10-01 02:14:57,365 - root - INFO - validate roc_auc, 0.8849
2025-10-01 02:14:57,366 - root - INFO - new node validate loss: 0.3737
2025-10-01 02:14:57,366 - root - INFO - new node validate average_precision, 0.9013
2025-10-01 02:14:57,366 - root - INFO - new node validate roc_auc, 0.9174
2025-10-01 02:15:09,517 - root - INFO - test loss: 0.3872
2025-10-01 02:15:09,518 - root - INFO - test average_precision, 0.8753
2025-10-01 02:15:09,518 - root - INFO - best test average_precision: 0.8753
2025-10-01 02:15:09,518 - root - INFO - test roc_auc, 0.9009
2025-10-01 02:15:09,518 - root - INFO - new node test loss: 0.3437
2025-10-01 02:15:09,518 - root - INFO - new node test average_precision, 0.9115
2025-10-01 02:15:09,519 - root - INFO - new node test roc_auc, 0.9314
2025-10-01 02:15:09,519 - root - INFO - save model ./saved_models/JODIE/SocialEvo/JODIE_seed3/JODIE_seed3.pkl
2025-10-01 02:16:32,759 - root - INFO - Epoch: 13, learning rate: 0.0001, train loss: 0.4010
2025-10-01 02:16:32,760 - root - INFO - train average_precision, 0.8643
2025-10-01 02:16:32,761 - root - INFO - train roc_auc, 0.8920
2025-10-01 02:16:32,761 - root - INFO - validate loss: 0.4209
2025-10-01 02:16:32,762 - root - INFO - validate average_precision, 0.8528
2025-10-01 02:16:32,762 - root - INFO - validate roc_auc, 0.8812
2025-10-01 02:16:32,762 - root - INFO - new node validate loss: 0.3882
2025-10-01 02:16:32,762 - root - INFO - new node validate average_precision, 0.8974
2025-10-01 02:16:32,762 - root - INFO - new node validate roc_auc, 0.9141
2025-10-01 02:16:45,056 - root - INFO - test loss: 0.3942
2025-10-01 02:16:45,056 - root - INFO - test average_precision, 0.8685
2025-10-01 02:16:45,056 - root - INFO - best test average_precision: 0.8753
2025-10-01 02:16:45,057 - root - INFO - test roc_auc, 0.8944
2025-10-01 02:16:45,057 - root - INFO - new node test loss: 0.3496
2025-10-01 02:16:45,057 - root - INFO - new node test average_precision, 0.9147
2025-10-01 02:16:45,057 - root - INFO - new node test roc_auc, 0.9313
2025-10-01 02:18:06,666 - root - INFO - Epoch: 14, learning rate: 0.0001, train loss: 0.4003
2025-10-01 02:18:06,668 - root - INFO - train average_precision, 0.8649
2025-10-01 02:18:06,668 - root - INFO - train roc_auc, 0.8922
2025-10-01 02:18:06,668 - root - INFO - validate loss: 0.4176
2025-10-01 02:18:06,669 - root - INFO - validate average_precision, 0.8574
2025-10-01 02:18:06,669 - root - INFO - validate roc_auc, 0.8865
2025-10-01 02:18:06,669 - root - INFO - new node validate loss: 0.3535
2025-10-01 02:18:06,669 - root - INFO - new node validate average_precision, 0.9074
2025-10-01 02:18:06,669 - root - INFO - new node validate roc_auc, 0.9238
2025-10-01 02:18:18,989 - root - INFO - test loss: 0.3903
2025-10-01 02:18:18,990 - root - INFO - test average_precision, 0.8738
2025-10-01 02:18:18,990 - root - INFO - best test average_precision: 0.8753
2025-10-01 02:18:18,990 - root - INFO - test roc_auc, 0.9002
2025-10-01 02:18:18,990 - root - INFO - new node test loss: 0.3394
2025-10-01 02:18:18,990 - root - INFO - new node test average_precision, 0.9179
2025-10-01 02:18:18,990 - root - INFO - new node test roc_auc, 0.9337
2025-10-01 02:19:41,781 - root - INFO - Epoch: 15, learning rate: 0.0001, train loss: 0.3980
2025-10-01 02:19:41,783 - root - INFO - train average_precision, 0.8663
2025-10-01 02:19:41,783 - root - INFO - train roc_auc, 0.8935
2025-10-01 02:19:41,784 - root - INFO - validate loss: 0.4122
2025-10-01 02:19:41,784 - root - INFO - validate average_precision, 0.8604
2025-10-01 02:19:41,784 - root - INFO - validate roc_auc, 0.8878
2025-10-01 02:19:41,784 - root - INFO - new node validate loss: 0.4274
2025-10-01 02:19:41,784 - root - INFO - new node validate average_precision, 0.8922
2025-10-01 02:19:41,784 - root - INFO - new node validate roc_auc, 0.9131
2025-10-01 02:19:53,968 - root - INFO - test loss: 0.3888
2025-10-01 02:19:53,969 - root - INFO - test average_precision, 0.8778
2025-10-01 02:19:53,969 - root - INFO - best test average_precision: 0.8778
2025-10-01 02:19:53,969 - root - INFO - test roc_auc, 0.9020
2025-10-01 02:19:53,969 - root - INFO - new node test loss: 0.3838
2025-10-01 02:19:53,969 - root - INFO - new node test average_precision, 0.8984
2025-10-01 02:19:53,969 - root - INFO - new node test roc_auc, 0.9196
2025-10-01 02:19:53,970 - root - INFO - save model ./saved_models/JODIE/SocialEvo/JODIE_seed3/JODIE_seed3.pkl
2025-10-01 02:21:16,616 - root - INFO - Epoch: 16, learning rate: 0.0001, train loss: 0.3958
2025-10-01 02:21:16,618 - root - INFO - train average_precision, 0.8682
2025-10-01 02:21:16,619 - root - INFO - train roc_auc, 0.8948
2025-10-01 02:21:16,619 - root - INFO - validate loss: 0.4131
2025-10-01 02:21:16,619 - root - INFO - validate average_precision, 0.8587
2025-10-01 02:21:16,619 - root - INFO - validate roc_auc, 0.8866
2025-10-01 02:21:16,619 - root - INFO - new node validate loss: 0.3828
2025-10-01 02:21:16,620 - root - INFO - new node validate average_precision, 0.8998
2025-10-01 02:21:16,620 - root - INFO - new node validate roc_auc, 0.9189
2025-10-01 02:21:28,738 - root - INFO - test loss: 0.3860
2025-10-01 02:21:28,738 - root - INFO - test average_precision, 0.8743
2025-10-01 02:21:28,738 - root - INFO - best test average_precision: 0.8778
2025-10-01 02:21:28,738 - root - INFO - test roc_auc, 0.8998
2025-10-01 02:21:28,738 - root - INFO - new node test loss: 0.3583
2025-10-01 02:21:28,739 - root - INFO - new node test average_precision, 0.9091
2025-10-01 02:21:28,739 - root - INFO - new node test roc_auc, 0.9242
2025-10-01 02:22:51,471 - root - INFO - Epoch: 17, learning rate: 0.0001, train loss: 0.3966
2025-10-01 02:22:51,473 - root - INFO - train average_precision, 0.8677
2025-10-01 02:22:51,474 - root - INFO - train roc_auc, 0.8943
2025-10-01 02:22:51,474 - root - INFO - validate loss: 0.4349
2025-10-01 02:22:51,474 - root - INFO - validate average_precision, 0.8457
2025-10-01 02:22:51,474 - root - INFO - validate roc_auc, 0.8753
2025-10-01 02:22:51,475 - root - INFO - new node validate loss: 0.3686
2025-10-01 02:22:51,475 - root - INFO - new node validate average_precision, 0.9027
2025-10-01 02:22:51,475 - root - INFO - new node validate roc_auc, 0.9230
2025-10-01 02:23:03,794 - root - INFO - test loss: 0.4046
2025-10-01 02:23:03,795 - root - INFO - test average_precision, 0.8642
2025-10-01 02:23:03,795 - root - INFO - best test average_precision: 0.8778
2025-10-01 02:23:03,795 - root - INFO - test roc_auc, 0.8902
2025-10-01 02:23:03,795 - root - INFO - new node test loss: 0.3458
2025-10-01 02:23:03,795 - root - INFO - new node test average_precision, 0.9113
2025-10-01 02:23:03,795 - root - INFO - new node test roc_auc, 0.9313
2025-10-01 02:24:26,210 - root - INFO - Epoch: 18, learning rate: 0.0001, train loss: 0.3949
2025-10-01 02:24:26,212 - root - INFO - train average_precision, 0.8690
2025-10-01 02:24:26,213 - root - INFO - train roc_auc, 0.8955
2025-10-01 02:24:26,213 - root - INFO - validate loss: 0.4126
2025-10-01 02:24:26,213 - root - INFO - validate average_precision, 0.8608
2025-10-01 02:24:26,213 - root - INFO - validate roc_auc, 0.8877
2025-10-01 02:24:26,213 - root - INFO - new node validate loss: 0.3697
2025-10-01 02:24:26,213 - root - INFO - new node validate average_precision, 0.9080
2025-10-01 02:24:26,213 - root - INFO - new node validate roc_auc, 0.9252
2025-10-01 02:24:38,547 - root - INFO - test loss: 0.3852
2025-10-01 02:24:38,548 - root - INFO - test average_precision, 0.8814
2025-10-01 02:24:38,548 - root - INFO - best test average_precision: 0.8814
2025-10-01 02:24:38,548 - root - INFO - test roc_auc, 0.9053
2025-10-01 02:24:38,548 - root - INFO - new node test loss: 0.3593
2025-10-01 02:24:38,548 - root - INFO - new node test average_precision, 0.9041
2025-10-01 02:24:38,548 - root - INFO - new node test roc_auc, 0.9245
2025-10-01 02:26:00,932 - root - INFO - Epoch: 19, learning rate: 0.0001, train loss: 0.3951
2025-10-01 02:26:00,933 - root - INFO - train average_precision, 0.8683
2025-10-01 02:26:00,934 - root - INFO - train roc_auc, 0.8952
2025-10-01 02:26:00,934 - root - INFO - validate loss: 0.4177
2025-10-01 02:26:00,934 - root - INFO - validate average_precision, 0.8619
2025-10-01 02:26:00,935 - root - INFO - validate roc_auc, 0.8897
2025-10-01 02:26:00,935 - root - INFO - new node validate loss: 0.3601
2025-10-01 02:26:00,935 - root - INFO - new node validate average_precision, 0.9044
2025-10-01 02:26:00,935 - root - INFO - new node validate roc_auc, 0.9205
2025-10-01 02:26:13,164 - root - INFO - test loss: 0.3955
2025-10-01 02:26:13,165 - root - INFO - test average_precision, 0.8745
2025-10-01 02:26:13,165 - root - INFO - best test average_precision: 0.8814
2025-10-01 02:26:13,165 - root - INFO - test roc_auc, 0.9013
2025-10-01 02:26:13,165 - root - INFO - new node test loss: 0.3506
2025-10-01 02:26:13,165 - root - INFO - new node test average_precision, 0.9127
2025-10-01 02:26:13,165 - root - INFO - new node test roc_auc, 0.9327
2025-10-01 02:26:13,166 - root - INFO - save model ./saved_models/JODIE/SocialEvo/JODIE_seed3/JODIE_seed3.pkl
2025-10-01 02:27:34,955 - root - INFO - Epoch: 20, learning rate: 0.0001, train loss: 0.3920
2025-10-01 02:27:34,956 - root - INFO - train average_precision, 0.8710
2025-10-01 02:27:34,957 - root - INFO - train roc_auc, 0.8967
2025-10-01 02:27:34,957 - root - INFO - validate loss: 0.4082
2025-10-01 02:27:34,958 - root - INFO - validate average_precision, 0.8636
2025-10-01 02:27:34,958 - root - INFO - validate roc_auc, 0.8905
2025-10-01 02:27:34,958 - root - INFO - new node validate loss: 0.3421
2025-10-01 02:27:34,958 - root - INFO - new node validate average_precision, 0.9152
2025-10-01 02:27:34,958 - root - INFO - new node validate roc_auc, 0.9292
2025-10-01 02:27:47,282 - root - INFO - test loss: 0.3803
2025-10-01 02:27:47,282 - root - INFO - test average_precision, 0.8816
2025-10-01 02:27:47,283 - root - INFO - best test average_precision: 0.8816
2025-10-01 02:27:47,283 - root - INFO - test roc_auc, 0.9061
2025-10-01 02:27:47,283 - root - INFO - new node test loss: 0.3528
2025-10-01 02:27:47,283 - root - INFO - new node test average_precision, 0.9126
2025-10-01 02:27:47,283 - root - INFO - new node test roc_auc, 0.9313
2025-10-01 02:27:47,284 - root - INFO - save model ./saved_models/JODIE/SocialEvo/JODIE_seed3/JODIE_seed3.pkl
2025-10-01 02:29:08,738 - root - INFO - Epoch: 21, learning rate: 0.0001, train loss: 0.3893
2025-10-01 02:29:08,739 - root - INFO - train average_precision, 0.8725
2025-10-01 02:29:08,740 - root - INFO - train roc_auc, 0.8981
2025-10-01 02:29:08,740 - root - INFO - validate loss: 0.4101
2025-10-01 02:29:08,741 - root - INFO - validate average_precision, 0.8631
2025-10-01 02:29:08,741 - root - INFO - validate roc_auc, 0.8909
2025-10-01 02:29:08,741 - root - INFO - new node validate loss: 0.3611
2025-10-01 02:29:08,741 - root - INFO - new node validate average_precision, 0.9057
2025-10-01 02:29:08,741 - root - INFO - new node validate roc_auc, 0.9217
2025-10-01 02:29:20,998 - root - INFO - test loss: 0.3760
2025-10-01 02:29:20,999 - root - INFO - test average_precision, 0.8823
2025-10-01 02:29:20,999 - root - INFO - best test average_precision: 0.8823
2025-10-01 02:29:20,999 - root - INFO - test roc_auc, 0.9068
2025-10-01 02:29:20,999 - root - INFO - new node test loss: 0.3748
2025-10-01 02:29:20,999 - root - INFO - new node test average_precision, 0.8988
2025-10-01 02:29:20,999 - root - INFO - new node test roc_auc, 0.9253
2025-10-01 02:30:42,526 - root - INFO - Epoch: 22, learning rate: 0.0001, train loss: 0.3894
2025-10-01 02:30:42,528 - root - INFO - train average_precision, 0.8737
2025-10-01 02:30:42,529 - root - INFO - train roc_auc, 0.8986
2025-10-01 02:30:42,529 - root - INFO - validate loss: 0.3961
2025-10-01 02:30:42,529 - root - INFO - validate average_precision, 0.8729
2025-10-01 02:30:42,529 - root - INFO - validate roc_auc, 0.8976
2025-10-01 02:30:42,529 - root - INFO - new node validate loss: 0.3994
2025-10-01 02:30:42,529 - root - INFO - new node validate average_precision, 0.8993
2025-10-01 02:30:42,529 - root - INFO - new node validate roc_auc, 0.9175
2025-10-01 02:30:54,791 - root - INFO - test loss: 0.3700
2025-10-01 02:30:54,791 - root - INFO - test average_precision, 0.8870
2025-10-01 02:30:54,792 - root - INFO - best test average_precision: 0.8870
2025-10-01 02:30:54,792 - root - INFO - test roc_auc, 0.9108
2025-10-01 02:30:54,792 - root - INFO - new node test loss: 0.3669
2025-10-01 02:30:54,792 - root - INFO - new node test average_precision, 0.9005
2025-10-01 02:30:54,792 - root - INFO - new node test roc_auc, 0.9236
2025-10-01 02:30:54,793 - root - INFO - save model ./saved_models/JODIE/SocialEvo/JODIE_seed3/JODIE_seed3.pkl
2025-10-01 02:32:16,458 - root - INFO - Epoch: 23, learning rate: 0.0001, train loss: 0.3880
2025-10-01 02:32:16,460 - root - INFO - train average_precision, 0.8749
2025-10-01 02:32:16,461 - root - INFO - train roc_auc, 0.8995
2025-10-01 02:32:16,461 - root - INFO - validate loss: 0.4288
2025-10-01 02:32:16,461 - root - INFO - validate average_precision, 0.8561
2025-10-01 02:32:16,461 - root - INFO - validate roc_auc, 0.8857
2025-10-01 02:32:16,462 - root - INFO - new node validate loss: 0.3586
2025-10-01 02:32:16,462 - root - INFO - new node validate average_precision, 0.9128
2025-10-01 02:32:16,462 - root - INFO - new node validate roc_auc, 0.9269
2025-10-01 02:32:28,818 - root - INFO - test loss: 0.4034
2025-10-01 02:32:28,819 - root - INFO - test average_precision, 0.8694
2025-10-01 02:32:28,819 - root - INFO - best test average_precision: 0.8870
2025-10-01 02:32:28,819 - root - INFO - test roc_auc, 0.8966
2025-10-01 02:32:28,819 - root - INFO - new node test loss: 0.3531
2025-10-01 02:32:28,819 - root - INFO - new node test average_precision, 0.9055
2025-10-01 02:32:28,819 - root - INFO - new node test roc_auc, 0.9282
2025-10-01 02:33:51,002 - root - INFO - Epoch: 24, learning rate: 0.0001, train loss: 0.3871
2025-10-01 02:33:51,003 - root - INFO - train average_precision, 0.8753
2025-10-01 02:33:51,004 - root - INFO - train roc_auc, 0.8998
2025-10-01 02:33:51,004 - root - INFO - validate loss: 0.3983
2025-10-01 02:33:51,004 - root - INFO - validate average_precision, 0.8728
2025-10-01 02:33:51,005 - root - INFO - validate roc_auc, 0.8971
2025-10-01 02:33:51,005 - root - INFO - new node validate loss: 0.3692
2025-10-01 02:33:51,005 - root - INFO - new node validate average_precision, 0.8985
2025-10-01 02:33:51,005 - root - INFO - new node validate roc_auc, 0.9180
2025-10-01 02:34:03,154 - root - INFO - test loss: 0.3664
2025-10-01 02:34:03,155 - root - INFO - test average_precision, 0.8893
2025-10-01 02:34:03,155 - root - INFO - best test average_precision: 0.8893
2025-10-01 02:34:03,155 - root - INFO - test roc_auc, 0.9115
2025-10-01 02:34:03,155 - root - INFO - new node test loss: 0.3326
2025-10-01 02:34:03,155 - root - INFO - new node test average_precision, 0.9163
2025-10-01 02:34:03,155 - root - INFO - new node test roc_auc, 0.9334
2025-10-01 02:35:26,494 - root - INFO - Epoch: 25, learning rate: 0.0001, train loss: 0.3842
2025-10-01 02:35:26,496 - root - INFO - train average_precision, 0.8768
2025-10-01 02:35:26,496 - root - INFO - train roc_auc, 0.9013
2025-10-01 02:35:26,497 - root - INFO - validate loss: 0.4035
2025-10-01 02:35:26,497 - root - INFO - validate average_precision, 0.8724
2025-10-01 02:35:26,497 - root - INFO - validate roc_auc, 0.8972
2025-10-01 02:35:26,497 - root - INFO - new node validate loss: 0.3991
2025-10-01 02:35:26,497 - root - INFO - new node validate average_precision, 0.9069
2025-10-01 02:35:26,497 - root - INFO - new node validate roc_auc, 0.9221
2025-10-01 02:35:38,688 - root - INFO - test loss: 0.3709
2025-10-01 02:35:38,688 - root - INFO - test average_precision, 0.8881
2025-10-01 02:35:38,688 - root - INFO - best test average_precision: 0.8893
2025-10-01 02:35:38,688 - root - INFO - test roc_auc, 0.9113
2025-10-01 02:35:38,688 - root - INFO - new node test loss: 0.3401
2025-10-01 02:35:38,689 - root - INFO - new node test average_precision, 0.9173
2025-10-01 02:35:38,689 - root - INFO - new node test roc_auc, 0.9343
2025-10-01 02:37:01,345 - root - INFO - Epoch: 26, learning rate: 0.0001, train loss: 0.3819
2025-10-01 02:37:01,346 - root - INFO - train average_precision, 0.8767
2025-10-01 02:37:01,347 - root - INFO - train roc_auc, 0.9015
2025-10-01 02:37:01,347 - root - INFO - validate loss: 0.4310
2025-10-01 02:37:01,348 - root - INFO - validate average_precision, 0.8660
2025-10-01 02:37:01,348 - root - INFO - validate roc_auc, 0.8913
2025-10-01 02:37:01,348 - root - INFO - new node validate loss: 0.4528
2025-10-01 02:37:01,348 - root - INFO - new node validate average_precision, 0.8939
2025-10-01 02:37:01,348 - root - INFO - new node validate roc_auc, 0.9180
2025-10-01 02:37:13,558 - root - INFO - test loss: 0.4067
2025-10-01 02:37:13,558 - root - INFO - test average_precision, 0.8802
2025-10-01 02:37:13,558 - root - INFO - best test average_precision: 0.8893
2025-10-01 02:37:13,559 - root - INFO - test roc_auc, 0.9038
2025-10-01 02:37:13,559 - root - INFO - new node test loss: 1.0082
2025-10-01 02:37:13,559 - root - INFO - new node test average_precision, 0.8667
2025-10-01 02:37:13,559 - root - INFO - new node test roc_auc, 0.9040
2025-10-01 02:38:36,083 - root - INFO - Epoch: 27, learning rate: 0.0001, train loss: 0.3850
2025-10-01 02:38:36,085 - root - INFO - train average_precision, 0.8763
2025-10-01 02:38:36,086 - root - INFO - train roc_auc, 0.9007
2025-10-01 02:38:36,086 - root - INFO - validate loss: 0.4006
2025-10-01 02:38:36,086 - root - INFO - validate average_precision, 0.8750
2025-10-01 02:38:36,086 - root - INFO - validate roc_auc, 0.8994
2025-10-01 02:38:36,086 - root - INFO - new node validate loss: 0.3967
2025-10-01 02:38:36,087 - root - INFO - new node validate average_precision, 0.9029
2025-10-01 02:38:36,087 - root - INFO - new node validate roc_auc, 0.9209
2025-10-01 02:38:48,372 - root - INFO - test loss: 0.3698
2025-10-01 02:38:48,372 - root - INFO - test average_precision, 0.8902
2025-10-01 02:38:48,372 - root - INFO - best test average_precision: 0.8902
2025-10-01 02:38:48,373 - root - INFO - test roc_auc, 0.9122
2025-10-01 02:38:48,373 - root - INFO - new node test loss: 0.3251
2025-10-01 02:38:48,373 - root - INFO - new node test average_precision, 0.9208
2025-10-01 02:38:48,373 - root - INFO - new node test roc_auc, 0.9368
2025-10-01 02:38:48,373 - root - INFO - save model ./saved_models/JODIE/SocialEvo/JODIE_seed3/JODIE_seed3.pkl
2025-10-01 02:40:11,193 - root - INFO - Epoch: 28, learning rate: 0.0001, train loss: 0.3826
2025-10-01 02:40:11,195 - root - INFO - train average_precision, 0.8771
2025-10-01 02:40:11,195 - root - INFO - train roc_auc, 0.9017
2025-10-01 02:40:11,196 - root - INFO - validate loss: 0.4021
2025-10-01 02:40:11,196 - root - INFO - validate average_precision, 0.8742
2025-10-01 02:40:11,196 - root - INFO - validate roc_auc, 0.8991
2025-10-01 02:40:11,196 - root - INFO - new node validate loss: 0.4109
2025-10-01 02:40:11,196 - root - INFO - new node validate average_precision, 0.8960
2025-10-01 02:40:11,196 - root - INFO - new node validate roc_auc, 0.9183
2025-10-01 02:40:23,449 - root - INFO - test loss: 0.3894
2025-10-01 02:40:23,450 - root - INFO - test average_precision, 0.8824
2025-10-01 02:40:23,450 - root - INFO - best test average_precision: 0.8902
2025-10-01 02:40:23,450 - root - INFO - test roc_auc, 0.9070
2025-10-01 02:40:23,450 - root - INFO - new node test loss: 0.4091
2025-10-01 02:40:23,450 - root - INFO - new node test average_precision, 0.8887
2025-10-01 02:40:23,450 - root - INFO - new node test roc_auc, 0.9171
2025-10-01 02:41:46,128 - root - INFO - Epoch: 29, learning rate: 0.0001, train loss: 0.3819
2025-10-01 02:41:46,129 - root - INFO - train average_precision, 0.8774
2025-10-01 02:41:46,130 - root - INFO - train roc_auc, 0.9020
2025-10-01 02:41:46,130 - root - INFO - validate loss: 0.3942
2025-10-01 02:41:46,131 - root - INFO - validate average_precision, 0.8770
2025-10-01 02:41:46,131 - root - INFO - validate roc_auc, 0.9012
2025-10-01 02:41:46,131 - root - INFO - new node validate loss: 0.3761
2025-10-01 02:41:46,131 - root - INFO - new node validate average_precision, 0.9085
2025-10-01 02:41:46,131 - root - INFO - new node validate roc_auc, 0.9218
2025-10-01 02:41:58,311 - root - INFO - test loss: 0.3647
2025-10-01 02:41:58,312 - root - INFO - test average_precision, 0.8925
2025-10-01 02:41:58,312 - root - INFO - best test average_precision: 0.8925
2025-10-01 02:41:58,312 - root - INFO - test roc_auc, 0.9143
2025-10-01 02:41:58,312 - root - INFO - new node test loss: 0.3338
2025-10-01 02:41:58,312 - root - INFO - new node test average_precision, 0.9196
2025-10-01 02:41:58,312 - root - INFO - new node test roc_auc, 0.9338
2025-10-01 02:41:58,313 - root - INFO - save model ./saved_models/JODIE/SocialEvo/JODIE_seed3/JODIE_seed3.pkl
2025-10-01 02:43:20,041 - root - INFO - Epoch: 30, learning rate: 0.0001, train loss: 0.3836
2025-10-01 02:43:20,042 - root - INFO - train average_precision, 0.8762
2025-10-01 02:43:20,043 - root - INFO - train roc_auc, 0.9010
2025-10-01 02:43:20,043 - root - INFO - validate loss: 0.4217
2025-10-01 02:43:20,044 - root - INFO - validate average_precision, 0.8712
2025-10-01 02:43:20,044 - root - INFO - validate roc_auc, 0.8968
2025-10-01 02:43:20,044 - root - INFO - new node validate loss: 0.3614
2025-10-01 02:43:20,044 - root - INFO - new node validate average_precision, 0.9109
2025-10-01 02:43:20,044 - root - INFO - new node validate roc_auc, 0.9263
2025-10-01 02:43:32,220 - root - INFO - test loss: 0.3820
2025-10-01 02:43:32,221 - root - INFO - test average_precision, 0.8879
2025-10-01 02:43:32,221 - root - INFO - best test average_precision: 0.8925
2025-10-01 02:43:32,221 - root - INFO - test roc_auc, 0.9116
2025-10-01 02:43:32,221 - root - INFO - new node test loss: 0.3314
2025-10-01 02:43:32,221 - root - INFO - new node test average_precision, 0.9181
2025-10-01 02:43:32,221 - root - INFO - new node test roc_auc, 0.9324
2025-10-01 02:44:53,625 - root - INFO - Epoch: 31, learning rate: 0.0001, train loss: 0.3793
2025-10-01 02:44:53,626 - root - INFO - train average_precision, 0.8788
2025-10-01 02:44:53,627 - root - INFO - train roc_auc, 0.9031
2025-10-01 02:44:53,627 - root - INFO - validate loss: 0.4210
2025-10-01 02:44:53,628 - root - INFO - validate average_precision, 0.8636
2025-10-01 02:44:53,628 - root - INFO - validate roc_auc, 0.8891
2025-10-01 02:44:53,628 - root - INFO - new node validate loss: 0.5698
2025-10-01 02:44:53,628 - root - INFO - new node validate average_precision, 0.8830
2025-10-01 02:44:53,628 - root - INFO - new node validate roc_auc, 0.9130
2025-10-01 02:45:05,931 - root - INFO - test loss: 0.4023
2025-10-01 02:45:05,931 - root - INFO - test average_precision, 0.8785
2025-10-01 02:45:05,931 - root - INFO - best test average_precision: 0.8925
2025-10-01 02:45:05,932 - root - INFO - test roc_auc, 0.9021
2025-10-01 02:45:05,932 - root - INFO - new node test loss: 0.3791
2025-10-01 02:45:05,932 - root - INFO - new node test average_precision, 0.9140
2025-10-01 02:45:05,932 - root - INFO - new node test roc_auc, 0.9325
2025-10-01 02:46:27,845 - root - INFO - Epoch: 32, learning rate: 0.0001, train loss: 0.3808
2025-10-01 02:46:27,846 - root - INFO - train average_precision, 0.8779
2025-10-01 02:46:27,847 - root - INFO - train roc_auc, 0.9023
2025-10-01 02:46:27,847 - root - INFO - validate loss: 0.5095
2025-10-01 02:46:27,848 - root - INFO - validate average_precision, 0.8514
2025-10-01 02:46:27,848 - root - INFO - validate roc_auc, 0.8803
2025-10-01 02:46:27,848 - root - INFO - new node validate loss: 0.3627
2025-10-01 02:46:27,848 - root - INFO - new node validate average_precision, 0.9128
2025-10-01 02:46:27,848 - root - INFO - new node validate roc_auc, 0.9263
2025-10-01 02:46:40,097 - root - INFO - test loss: 0.4583
2025-10-01 02:46:40,097 - root - INFO - test average_precision, 0.8707
2025-10-01 02:46:40,098 - root - INFO - best test average_precision: 0.8925
2025-10-01 02:46:40,098 - root - INFO - test roc_auc, 0.8966
2025-10-01 02:46:40,098 - root - INFO - new node test loss: 0.3611
2025-10-01 02:46:40,098 - root - INFO - new node test average_precision, 0.9125
2025-10-01 02:46:40,098 - root - INFO - new node test roc_auc, 0.9310
2025-10-01 02:48:02,432 - root - INFO - Epoch: 33, learning rate: 0.0001, train loss: 0.3798
2025-10-01 02:48:02,434 - root - INFO - train average_precision, 0.8791
2025-10-01 02:48:02,435 - root - INFO - train roc_auc, 0.9032
2025-10-01 02:48:02,435 - root - INFO - validate loss: 0.4151
2025-10-01 02:48:02,435 - root - INFO - validate average_precision, 0.8727
2025-10-01 02:48:02,435 - root - INFO - validate roc_auc, 0.8956
2025-10-01 02:48:02,436 - root - INFO - new node validate loss: 0.3744
2025-10-01 02:48:02,436 - root - INFO - new node validate average_precision, 0.8998
2025-10-01 02:48:02,436 - root - INFO - new node validate roc_auc, 0.9199
2025-10-01 02:48:14,658 - root - INFO - test loss: 0.3872
2025-10-01 02:48:14,659 - root - INFO - test average_precision, 0.8912
2025-10-01 02:48:14,659 - root - INFO - best test average_precision: 0.8925
2025-10-01 02:48:14,659 - root - INFO - test roc_auc, 0.9123
2025-10-01 02:48:14,659 - root - INFO - new node test loss: 0.3223
2025-10-01 02:48:14,659 - root - INFO - new node test average_precision, 0.9192
2025-10-01 02:48:14,659 - root - INFO - new node test roc_auc, 0.9358
2025-10-01 02:49:37,580 - root - INFO - Epoch: 34, learning rate: 0.0001, train loss: 0.3796
2025-10-01 02:49:37,582 - root - INFO - train average_precision, 0.8785
2025-10-01 02:49:37,582 - root - INFO - train roc_auc, 0.9028
2025-10-01 02:49:37,582 - root - INFO - validate loss: 0.4029
2025-10-01 02:49:37,583 - root - INFO - validate average_precision, 0.8699
2025-10-01 02:49:37,583 - root - INFO - validate roc_auc, 0.8958
2025-10-01 02:49:37,583 - root - INFO - new node validate loss: 0.3484
2025-10-01 02:49:37,583 - root - INFO - new node validate average_precision, 0.9125
2025-10-01 02:49:37,583 - root - INFO - new node validate roc_auc, 0.9290
2025-10-01 02:49:49,792 - root - INFO - test loss: 0.4070
2025-10-01 02:49:49,792 - root - INFO - test average_precision, 0.8474
2025-10-01 02:49:49,793 - root - INFO - best test average_precision: 0.8925
2025-10-01 02:49:49,793 - root - INFO - test roc_auc, 0.8985
2025-10-01 02:49:49,793 - root - INFO - new node test loss: 0.8019
2025-10-01 02:49:49,793 - root - INFO - new node test average_precision, 0.8824
2025-10-01 02:49:49,793 - root - INFO - new node test roc_auc, 0.9140
2025-10-01 02:51:11,974 - root - INFO - Epoch: 35, learning rate: 0.0001, train loss: 0.3805
2025-10-01 02:51:11,976 - root - INFO - train average_precision, 0.8791
2025-10-01 02:51:11,976 - root - INFO - train roc_auc, 0.9029
2025-10-01 02:51:11,976 - root - INFO - validate loss: 0.3973
2025-10-01 02:51:11,977 - root - INFO - validate average_precision, 0.8743
2025-10-01 02:51:11,977 - root - INFO - validate roc_auc, 0.8985
2025-10-01 02:51:11,977 - root - INFO - new node validate loss: 0.3411
2025-10-01 02:51:11,977 - root - INFO - new node validate average_precision, 0.9125
2025-10-01 02:51:11,977 - root - INFO - new node validate roc_auc, 0.9255
2025-10-01 02:51:24,178 - root - INFO - test loss: 0.3917
2025-10-01 02:51:24,178 - root - INFO - test average_precision, 0.8541
2025-10-01 02:51:24,178 - root - INFO - best test average_precision: 0.8925
2025-10-01 02:51:24,178 - root - INFO - test roc_auc, 0.9021
2025-10-01 02:51:24,178 - root - INFO - new node test loss: 0.3421
2025-10-01 02:51:24,179 - root - INFO - new node test average_precision, 0.9040
2025-10-01 02:51:24,179 - root - INFO - new node test roc_auc, 0.9282
2025-10-01 02:52:45,630 - root - INFO - Epoch: 36, learning rate: 0.0001, train loss: 0.3804
2025-10-01 02:52:45,631 - root - INFO - train average_precision, 0.8789
2025-10-01 02:52:45,632 - root - INFO - train roc_auc, 0.9028
2025-10-01 02:52:45,632 - root - INFO - validate loss: 0.3871
2025-10-01 02:52:45,632 - root - INFO - validate average_precision, 0.8798
2025-10-01 02:52:45,632 - root - INFO - validate roc_auc, 0.9032
2025-10-01 02:52:45,632 - root - INFO - new node validate loss: 0.9527
2025-10-01 02:52:45,633 - root - INFO - new node validate average_precision, 0.7643
2025-10-01 02:52:45,633 - root - INFO - new node validate roc_auc, 0.8149
2025-10-01 02:52:57,910 - root - INFO - test loss: 0.3660
2025-10-01 02:52:57,911 - root - INFO - test average_precision, 0.8911
2025-10-01 02:52:57,911 - root - INFO - best test average_precision: 0.8925
2025-10-01 02:52:57,911 - root - INFO - test roc_auc, 0.9136
2025-10-01 02:52:57,911 - root - INFO - new node test loss: 3.7662
2025-10-01 02:52:57,912 - root - INFO - new node test average_precision, 0.7679
2025-10-01 02:52:57,912 - root - INFO - new node test roc_auc, 0.8029
2025-10-01 02:52:57,912 - root - INFO - save model ./saved_models/JODIE/SocialEvo/JODIE_seed3/JODIE_seed3.pkl
2025-10-01 02:54:20,120 - root - INFO - Epoch: 37, learning rate: 0.0001, train loss: 0.3789
2025-10-01 02:54:20,122 - root - INFO - train average_precision, 0.8794
2025-10-01 02:54:20,123 - root - INFO - train roc_auc, 0.9035
2025-10-01 02:54:20,123 - root - INFO - validate loss: 0.4012
2025-10-01 02:54:20,123 - root - INFO - validate average_precision, 0.8791
2025-10-01 02:54:20,123 - root - INFO - validate roc_auc, 0.9024
2025-10-01 02:54:20,123 - root - INFO - new node validate loss: 0.3489
2025-10-01 02:54:20,124 - root - INFO - new node validate average_precision, 0.9052
2025-10-01 02:54:20,124 - root - INFO - new node validate roc_auc, 0.9196
2025-10-01 02:54:32,425 - root - INFO - test loss: 0.3802
2025-10-01 02:54:32,426 - root - INFO - test average_precision, 0.8938
2025-10-01 02:54:32,426 - root - INFO - best test average_precision: 0.8938
2025-10-01 02:54:32,426 - root - INFO - test roc_auc, 0.9142
2025-10-01 02:54:32,426 - root - INFO - new node test loss: 0.4056
2025-10-01 02:54:32,427 - root - INFO - new node test average_precision, 0.9104
2025-10-01 02:54:32,427 - root - INFO - new node test roc_auc, 0.9331
2025-10-01 02:55:55,001 - root - INFO - Epoch: 38, learning rate: 0.0001, train loss: 0.3783
2025-10-01 02:55:55,002 - root - INFO - train average_precision, 0.8799
2025-10-01 02:55:55,003 - root - INFO - train roc_auc, 0.9038
2025-10-01 02:55:55,003 - root - INFO - validate loss: 0.3869
2025-10-01 02:55:55,003 - root - INFO - validate average_precision, 0.8804
2025-10-01 02:55:55,004 - root - INFO - validate roc_auc, 0.9034
2025-10-01 02:55:55,004 - root - INFO - new node validate loss: 0.3307
2025-10-01 02:55:55,004 - root - INFO - new node validate average_precision, 0.9153
2025-10-01 02:55:55,004 - root - INFO - new node validate roc_auc, 0.9284
2025-10-01 02:56:07,231 - root - INFO - test loss: 0.3584
2025-10-01 02:56:07,231 - root - INFO - test average_precision, 0.8954
2025-10-01 02:56:07,232 - root - INFO - best test average_precision: 0.8954
2025-10-01 02:56:07,232 - root - INFO - test roc_auc, 0.9165
2025-10-01 02:56:07,232 - root - INFO - new node test loss: 0.3084
2025-10-01 02:56:07,232 - root - INFO - new node test average_precision, 0.9261
2025-10-01 02:56:07,232 - root - INFO - new node test roc_auc, 0.9413
2025-10-01 02:56:07,233 - root - INFO - save model ./saved_models/JODIE/SocialEvo/JODIE_seed3/JODIE_seed3.pkl
2025-10-01 02:57:28,324 - root - INFO - Epoch: 39, learning rate: 0.0001, train loss: 0.3791
2025-10-01 02:57:28,326 - root - INFO - train average_precision, 0.8801
2025-10-01 02:57:28,327 - root - INFO - train roc_auc, 0.9036
2025-10-01 02:57:28,327 - root - INFO - validate loss: 0.3974
2025-10-01 02:57:28,327 - root - INFO - validate average_precision, 0.8760
2025-10-01 02:57:28,327 - root - INFO - validate roc_auc, 0.9005
2025-10-01 02:57:28,327 - root - INFO - new node validate loss: 0.3446
2025-10-01 02:57:28,327 - root - INFO - new node validate average_precision, 0.9124
2025-10-01 02:57:28,328 - root - INFO - new node validate roc_auc, 0.9281
2025-10-01 02:57:40,566 - root - INFO - test loss: 0.3628
2025-10-01 02:57:40,566 - root - INFO - test average_precision, 0.8920
2025-10-01 02:57:40,567 - root - INFO - best test average_precision: 0.8954
2025-10-01 02:57:40,567 - root - INFO - test roc_auc, 0.9140
2025-10-01 02:57:40,567 - root - INFO - new node test loss: 0.3401
2025-10-01 02:57:40,567 - root - INFO - new node test average_precision, 0.9084
2025-10-01 02:57:40,567 - root - INFO - new node test roc_auc, 0.9296
2025-10-01 02:59:02,856 - root - INFO - Epoch: 40, learning rate: 0.0001, train loss: 0.3785
2025-10-01 02:59:02,858 - root - INFO - train average_precision, 0.8801
2025-10-01 02:59:02,859 - root - INFO - train roc_auc, 0.9038
2025-10-01 02:59:02,859 - root - INFO - validate loss: 0.3860
2025-10-01 02:59:02,859 - root - INFO - validate average_precision, 0.8804
2025-10-01 02:59:02,859 - root - INFO - validate roc_auc, 0.9043
2025-10-01 02:59:02,859 - root - INFO - new node validate loss: 0.3555
2025-10-01 02:59:02,859 - root - INFO - new node validate average_precision, 0.9114
2025-10-01 02:59:02,860 - root - INFO - new node validate roc_auc, 0.9264
2025-10-01 02:59:15,414 - root - INFO - test loss: 0.3596
2025-10-01 02:59:15,415 - root - INFO - test average_precision, 0.8949
2025-10-01 02:59:15,415 - root - INFO - best test average_precision: 0.8954
2025-10-01 02:59:15,416 - root - INFO - test roc_auc, 0.9163
2025-10-01 02:59:15,416 - root - INFO - new node test loss: 0.4152
2025-10-01 02:59:15,416 - root - INFO - new node test average_precision, 0.8982
2025-10-01 02:59:15,416 - root - INFO - new node test roc_auc, 0.9228
2025-10-01 02:59:15,416 - root - INFO - save model ./saved_models/JODIE/SocialEvo/JODIE_seed3/JODIE_seed3.pkl
2025-10-01 03:00:40,103 - root - INFO - Epoch: 41, learning rate: 0.0001, train loss: 0.3791
2025-10-01 03:00:40,105 - root - INFO - train average_precision, 0.8796
2025-10-01 03:00:40,105 - root - INFO - train roc_auc, 0.9036
2025-10-01 03:00:40,106 - root - INFO - validate loss: 0.3857
2025-10-01 03:00:40,106 - root - INFO - validate average_precision, 0.8797
2025-10-01 03:00:40,106 - root - INFO - validate roc_auc, 0.9034
2025-10-01 03:00:40,106 - root - INFO - new node validate loss: 0.3407
2025-10-01 03:00:40,106 - root - INFO - new node validate average_precision, 0.9121
2025-10-01 03:00:40,106 - root - INFO - new node validate roc_auc, 0.9268
2025-10-01 03:00:52,703 - root - INFO - test loss: 0.3641
2025-10-01 03:00:52,704 - root - INFO - test average_precision, 0.8907
2025-10-01 03:00:52,704 - root - INFO - best test average_precision: 0.8954
2025-10-01 03:00:52,704 - root - INFO - test roc_auc, 0.9128
2025-10-01 03:00:52,704 - root - INFO - new node test loss: 0.3125
2025-10-01 03:00:52,704 - root - INFO - new node test average_precision, 0.9246
2025-10-01 03:00:52,704 - root - INFO - new node test roc_auc, 0.9397
2025-10-01 03:02:17,587 - root - INFO - Epoch: 42, learning rate: 0.0001, train loss: 0.3786
2025-10-01 03:02:17,589 - root - INFO - train average_precision, 0.8803
2025-10-01 03:02:17,589 - root - INFO - train roc_auc, 0.9039
2025-10-01 03:02:17,590 - root - INFO - validate loss: 0.3891
2025-10-01 03:02:17,590 - root - INFO - validate average_precision, 0.8820
2025-10-01 03:02:17,590 - root - INFO - validate roc_auc, 0.9049
2025-10-01 03:02:17,590 - root - INFO - new node validate loss: 0.3384
2025-10-01 03:02:17,590 - root - INFO - new node validate average_precision, 0.9071
2025-10-01 03:02:17,590 - root - INFO - new node validate roc_auc, 0.9245
2025-10-01 03:02:30,151 - root - INFO - test loss: 0.3626
2025-10-01 03:02:30,151 - root - INFO - test average_precision, 0.8944
2025-10-01 03:02:30,151 - root - INFO - best test average_precision: 0.8954
2025-10-01 03:02:30,151 - root - INFO - test roc_auc, 0.9163
2025-10-01 03:02:30,151 - root - INFO - new node test loss: 0.3132
2025-10-01 03:02:30,152 - root - INFO - new node test average_precision, 0.9196
2025-10-01 03:02:30,152 - root - INFO - new node test roc_auc, 0.9375
2025-10-01 03:02:30,152 - root - INFO - save model ./saved_models/JODIE/SocialEvo/JODIE_seed3/JODIE_seed3.pkl
2025-10-01 03:03:54,416 - root - INFO - Epoch: 43, learning rate: 0.0001, train loss: 0.3762
2025-10-01 03:03:54,418 - root - INFO - train average_precision, 0.8810
2025-10-01 03:03:54,419 - root - INFO - train roc_auc, 0.9045
2025-10-01 03:03:54,419 - root - INFO - validate loss: 0.4197
2025-10-01 03:03:54,419 - root - INFO - validate average_precision, 0.8709
2025-10-01 03:03:54,419 - root - INFO - validate roc_auc, 0.8953
2025-10-01 03:03:54,419 - root - INFO - new node validate loss: 0.3309
2025-10-01 03:03:54,419 - root - INFO - new node validate average_precision, 0.9180
2025-10-01 03:03:54,420 - root - INFO - new node validate roc_auc, 0.9302
2025-10-01 03:04:06,924 - root - INFO - test loss: 0.3919
2025-10-01 03:04:06,924 - root - INFO - test average_precision, 0.8844
2025-10-01 03:04:06,924 - root - INFO - best test average_precision: 0.8954
2025-10-01 03:04:06,924 - root - INFO - test roc_auc, 0.9072
2025-10-01 03:04:06,925 - root - INFO - new node test loss: 0.3527
2025-10-01 03:04:06,925 - root - INFO - new node test average_precision, 0.9076
2025-10-01 03:04:06,925 - root - INFO - new node test roc_auc, 0.9297
2025-10-01 03:05:31,238 - root - INFO - Epoch: 44, learning rate: 0.0001, train loss: 0.3757
2025-10-01 03:05:31,239 - root - INFO - train average_precision, 0.8816
2025-10-01 03:05:31,240 - root - INFO - train roc_auc, 0.9053
2025-10-01 03:05:31,240 - root - INFO - validate loss: 0.3884
2025-10-01 03:05:31,240 - root - INFO - validate average_precision, 0.8801
2025-10-01 03:05:31,240 - root - INFO - validate roc_auc, 0.9036
2025-10-01 03:05:31,240 - root - INFO - new node validate loss: 0.3352
2025-10-01 03:05:31,241 - root - INFO - new node validate average_precision, 0.9144
2025-10-01 03:05:31,241 - root - INFO - new node validate roc_auc, 0.9273
2025-10-01 03:05:43,750 - root - INFO - test loss: 0.3601
2025-10-01 03:05:43,750 - root - INFO - test average_precision, 0.8945
2025-10-01 03:05:43,750 - root - INFO - best test average_precision: 0.8954
2025-10-01 03:05:43,750 - root - INFO - test roc_auc, 0.9162
2025-10-01 03:05:43,750 - root - INFO - new node test loss: 0.3206
2025-10-01 03:05:43,751 - root - INFO - new node test average_precision, 0.9217
2025-10-01 03:05:43,751 - root - INFO - new node test roc_auc, 0.9364
2025-10-01 03:07:08,165 - root - INFO - Epoch: 45, learning rate: 0.0001, train loss: 0.3753
2025-10-01 03:07:08,166 - root - INFO - train average_precision, 0.8814
2025-10-01 03:07:08,167 - root - INFO - train roc_auc, 0.9049
2025-10-01 03:07:08,167 - root - INFO - validate loss: 0.3924
2025-10-01 03:07:08,167 - root - INFO - validate average_precision, 0.8782
2025-10-01 03:07:08,168 - root - INFO - validate roc_auc, 0.9017
2025-10-01 03:07:08,168 - root - INFO - new node validate loss: 0.3483
2025-10-01 03:07:08,168 - root - INFO - new node validate average_precision, 0.9134
2025-10-01 03:07:08,168 - root - INFO - new node validate roc_auc, 0.9265
2025-10-01 03:07:20,686 - root - INFO - test loss: 0.3723
2025-10-01 03:07:20,686 - root - INFO - test average_precision, 0.8874
2025-10-01 03:07:20,687 - root - INFO - best test average_precision: 0.8954
2025-10-01 03:07:20,687 - root - INFO - test roc_auc, 0.9117
2025-10-01 03:07:20,687 - root - INFO - new node test loss: 0.3289
2025-10-01 03:07:20,687 - root - INFO - new node test average_precision, 0.9188
2025-10-01 03:07:20,687 - root - INFO - new node test roc_auc, 0.9333
2025-10-01 03:08:45,039 - root - INFO - Epoch: 46, learning rate: 0.0001, train loss: 0.3768
2025-10-01 03:08:45,041 - root - INFO - train average_precision, 0.8812
2025-10-01 03:08:45,042 - root - INFO - train roc_auc, 0.9049
2025-10-01 03:08:45,042 - root - INFO - validate loss: 0.3864
2025-10-01 03:08:45,042 - root - INFO - validate average_precision, 0.8814
2025-10-01 03:08:45,042 - root - INFO - validate roc_auc, 0.9052
2025-10-01 03:08:45,042 - root - INFO - new node validate loss: 0.3901
2025-10-01 03:08:45,042 - root - INFO - new node validate average_precision, 0.9032
2025-10-01 03:08:45,042 - root - INFO - new node validate roc_auc, 0.9203
2025-10-01 03:08:57,457 - root - INFO - test loss: 0.3621
2025-10-01 03:08:57,458 - root - INFO - test average_precision, 0.8945
2025-10-01 03:08:57,458 - root - INFO - best test average_precision: 0.8954
2025-10-01 03:08:57,458 - root - INFO - test roc_auc, 0.9160
2025-10-01 03:08:57,458 - root - INFO - new node test loss: 0.3212
2025-10-01 03:08:57,458 - root - INFO - new node test average_precision, 0.9239
2025-10-01 03:08:57,458 - root - INFO - new node test roc_auc, 0.9406
2025-10-01 03:10:22,001 - root - INFO - Epoch: 47, learning rate: 0.0001, train loss: 0.3752
2025-10-01 03:10:22,002 - root - INFO - train average_precision, 0.8821
2025-10-01 03:10:22,003 - root - INFO - train roc_auc, 0.9055
2025-10-01 03:10:22,003 - root - INFO - validate loss: 0.3900
2025-10-01 03:10:22,004 - root - INFO - validate average_precision, 0.8778
2025-10-01 03:10:22,004 - root - INFO - validate roc_auc, 0.9027
2025-10-01 03:10:22,004 - root - INFO - new node validate loss: 0.3789
2025-10-01 03:10:22,004 - root - INFO - new node validate average_precision, 0.9042
2025-10-01 03:10:22,004 - root - INFO - new node validate roc_auc, 0.9184
2025-10-01 03:10:34,894 - root - INFO - test loss: 0.3655
2025-10-01 03:10:34,895 - root - INFO - test average_precision, 0.8916
2025-10-01 03:10:34,895 - root - INFO - best test average_precision: 0.8954
2025-10-01 03:10:34,895 - root - INFO - test roc_auc, 0.9140
2025-10-01 03:10:34,895 - root - INFO - new node test loss: 0.3378
2025-10-01 03:10:34,895 - root - INFO - new node test average_precision, 0.9190
2025-10-01 03:10:34,895 - root - INFO - new node test roc_auc, 0.9355
2025-10-01 03:11:58,075 - root - INFO - Epoch: 48, learning rate: 0.0001, train loss: 0.3759
2025-10-01 03:11:58,077 - root - INFO - train average_precision, 0.8810
2025-10-01 03:11:58,077 - root - INFO - train roc_auc, 0.9049
2025-10-01 03:11:58,078 - root - INFO - validate loss: 0.3837
2025-10-01 03:11:58,078 - root - INFO - validate average_precision, 0.8838
2025-10-01 03:11:58,078 - root - INFO - validate roc_auc, 0.9071
2025-10-01 03:11:58,078 - root - INFO - new node validate loss: 0.3629
2025-10-01 03:11:58,078 - root - INFO - new node validate average_precision, 0.9043
2025-10-01 03:11:58,078 - root - INFO - new node validate roc_auc, 0.9248
2025-10-01 03:12:10,611 - root - INFO - test loss: 0.3625
2025-10-01 03:12:10,612 - root - INFO - test average_precision, 0.8963
2025-10-01 03:12:10,612 - root - INFO - best test average_precision: 0.8963
2025-10-01 03:12:10,612 - root - INFO - test roc_auc, 0.9171
2025-10-01 03:12:10,612 - root - INFO - new node test loss: 0.3071
2025-10-01 03:12:10,612 - root - INFO - new node test average_precision, 0.9273
2025-10-01 03:12:10,612 - root - INFO - new node test roc_auc, 0.9421
2025-10-01 03:12:10,613 - root - INFO - save model ./saved_models/JODIE/SocialEvo/JODIE_seed3/JODIE_seed3.pkl
2025-10-01 03:13:35,339 - root - INFO - Epoch: 49, learning rate: 0.0001, train loss: 0.3738
2025-10-01 03:13:35,341 - root - INFO - train average_precision, 0.8823
2025-10-01 03:13:35,341 - root - INFO - train roc_auc, 0.9061
2025-10-01 03:13:35,341 - root - INFO - validate loss: 0.3743
2025-10-01 03:13:35,342 - root - INFO - validate average_precision, 0.8855
2025-10-01 03:13:35,342 - root - INFO - validate roc_auc, 0.9091
2025-10-01 03:13:35,342 - root - INFO - new node validate loss: 0.4035
2025-10-01 03:13:35,342 - root - INFO - new node validate average_precision, 0.8918
2025-10-01 03:13:35,342 - root - INFO - new node validate roc_auc, 0.9143
2025-10-01 03:13:47,793 - root - INFO - test loss: 0.3527
2025-10-01 03:13:47,794 - root - INFO - test average_precision, 0.8974
2025-10-01 03:13:47,794 - root - INFO - best test average_precision: 0.8974
2025-10-01 03:13:47,794 - root - INFO - test roc_auc, 0.9188
2025-10-01 03:13:47,794 - root - INFO - new node test loss: 0.3468
2025-10-01 03:13:47,795 - root - INFO - new node test average_precision, 0.9077
2025-10-01 03:13:47,795 - root - INFO - new node test roc_auc, 0.9302
2025-10-01 03:13:47,795 - root - INFO - save model ./saved_models/JODIE/SocialEvo/JODIE_seed3/JODIE_seed3.pkl
2025-10-01 03:15:11,585 - root - INFO - Epoch: 50, learning rate: 0.0001, train loss: 0.3738
2025-10-01 03:15:11,587 - root - INFO - train average_precision, 0.8824
2025-10-01 03:15:11,588 - root - INFO - train roc_auc, 0.9058
2025-10-01 03:15:11,588 - root - INFO - validate loss: 0.3802
2025-10-01 03:15:11,588 - root - INFO - validate average_precision, 0.8855
2025-10-01 03:15:11,588 - root - INFO - validate roc_auc, 0.9081
2025-10-01 03:15:11,588 - root - INFO - new node validate loss: 0.3453
2025-10-01 03:15:11,588 - root - INFO - new node validate average_precision, 0.9117
2025-10-01 03:15:11,588 - root - INFO - new node validate roc_auc, 0.9243
2025-10-01 03:15:24,024 - root - INFO - test loss: 0.3555
2025-10-01 03:15:24,024 - root - INFO - test average_precision, 0.8981
2025-10-01 03:15:24,025 - root - INFO - best test average_precision: 0.8981
2025-10-01 03:15:24,025 - root - INFO - test roc_auc, 0.9190
2025-10-01 03:15:24,025 - root - INFO - new node test loss: 0.4226
2025-10-01 03:15:24,025 - root - INFO - new node test average_precision, 0.9161
2025-10-01 03:15:24,025 - root - INFO - new node test roc_auc, 0.9294
2025-10-01 03:16:48,369 - root - INFO - Epoch: 51, learning rate: 0.0001, train loss: 0.3746
2025-10-01 03:16:48,371 - root - INFO - train average_precision, 0.8821
2025-10-01 03:16:48,372 - root - INFO - train roc_auc, 0.9056
2025-10-01 03:16:48,372 - root - INFO - validate loss: 0.3894
2025-10-01 03:16:48,372 - root - INFO - validate average_precision, 0.8799
2025-10-01 03:16:48,372 - root - INFO - validate roc_auc, 0.9041
2025-10-01 03:16:48,372 - root - INFO - new node validate loss: 0.3670
2025-10-01 03:16:48,373 - root - INFO - new node validate average_precision, 0.9107
2025-10-01 03:16:48,373 - root - INFO - new node validate roc_auc, 0.9239
2025-10-01 03:17:00,885 - root - INFO - test loss: 0.3947
2025-10-01 03:17:00,886 - root - INFO - test average_precision, 0.8542
2025-10-01 03:17:00,886 - root - INFO - best test average_precision: 0.8981
2025-10-01 03:17:00,886 - root - INFO - test roc_auc, 0.9052
2025-10-01 03:17:00,886 - root - INFO - new node test loss: 0.3157
2025-10-01 03:17:00,886 - root - INFO - new node test average_precision, 0.9207
2025-10-01 03:17:00,886 - root - INFO - new node test roc_auc, 0.9389
2025-10-01 03:18:25,290 - root - INFO - Epoch: 52, learning rate: 0.0001, train loss: 0.3724
2025-10-01 03:18:25,291 - root - INFO - train average_precision, 0.8833
2025-10-01 03:18:25,292 - root - INFO - train roc_auc, 0.9067
2025-10-01 03:18:25,292 - root - INFO - validate loss: 0.3795
2025-10-01 03:18:25,292 - root - INFO - validate average_precision, 0.8829
2025-10-01 03:18:25,293 - root - INFO - validate roc_auc, 0.9071
2025-10-01 03:18:25,293 - root - INFO - new node validate loss: 0.3785
2025-10-01 03:18:25,293 - root - INFO - new node validate average_precision, 0.9036
2025-10-01 03:18:25,293 - root - INFO - new node validate roc_auc, 0.9196
2025-10-01 03:18:37,826 - root - INFO - test loss: 0.3555
2025-10-01 03:18:37,826 - root - INFO - test average_precision, 0.8963
2025-10-01 03:18:37,827 - root - INFO - best test average_precision: 0.8981
2025-10-01 03:18:37,827 - root - INFO - test roc_auc, 0.9179
2025-10-01 03:18:37,827 - root - INFO - new node test loss: 0.3284
2025-10-01 03:18:37,827 - root - INFO - new node test average_precision, 0.9174
2025-10-01 03:18:37,827 - root - INFO - new node test roc_auc, 0.9337
2025-10-01 03:20:02,259 - root - INFO - Epoch: 53, learning rate: 0.0001, train loss: 0.3731
2025-10-01 03:20:02,260 - root - INFO - train average_precision, 0.8828
2025-10-01 03:20:02,261 - root - INFO - train roc_auc, 0.9066
2025-10-01 03:20:02,261 - root - INFO - validate loss: 0.4127
2025-10-01 03:20:02,261 - root - INFO - validate average_precision, 0.8819
2025-10-01 03:20:02,262 - root - INFO - validate roc_auc, 0.9056
2025-10-01 03:20:02,262 - root - INFO - new node validate loss: 0.4067
2025-10-01 03:20:02,262 - root - INFO - new node validate average_precision, 0.9014
2025-10-01 03:20:02,262 - root - INFO - new node validate roc_auc, 0.9180
2025-10-01 03:20:14,824 - root - INFO - test loss: 0.3946
2025-10-01 03:20:14,825 - root - INFO - test average_precision, 0.8916
2025-10-01 03:20:14,825 - root - INFO - best test average_precision: 0.8981
2025-10-01 03:20:14,825 - root - INFO - test roc_auc, 0.9136
2025-10-01 03:20:14,825 - root - INFO - new node test loss: 0.3471
2025-10-01 03:20:14,825 - root - INFO - new node test average_precision, 0.9199
2025-10-01 03:20:14,825 - root - INFO - new node test roc_auc, 0.9356
2025-10-01 03:21:38,857 - root - INFO - Epoch: 54, learning rate: 0.0001, train loss: 0.3717
2025-10-01 03:21:38,858 - root - INFO - train average_precision, 0.8834
2025-10-01 03:21:38,859 - root - INFO - train roc_auc, 0.9068
2025-10-01 03:21:38,859 - root - INFO - validate loss: 0.4005
2025-10-01 03:21:38,859 - root - INFO - validate average_precision, 0.8789
2025-10-01 03:21:38,859 - root - INFO - validate roc_auc, 0.9033
2025-10-01 03:21:38,859 - root - INFO - new node validate loss: 0.3635
2025-10-01 03:21:38,860 - root - INFO - new node validate average_precision, 0.9105
2025-10-01 03:21:38,860 - root - INFO - new node validate roc_auc, 0.9257
2025-10-01 03:21:51,297 - root - INFO - test loss: 0.3645
2025-10-01 03:21:51,297 - root - INFO - test average_precision, 0.8951
2025-10-01 03:21:51,297 - root - INFO - best test average_precision: 0.8981
2025-10-01 03:21:51,297 - root - INFO - test roc_auc, 0.9169
2025-10-01 03:21:51,297 - root - INFO - new node test loss: 0.3330
2025-10-01 03:21:51,297 - root - INFO - new node test average_precision, 0.9154
2025-10-01 03:21:51,298 - root - INFO - new node test roc_auc, 0.9347
2025-10-01 03:23:15,864 - root - INFO - Epoch: 55, learning rate: 0.0001, train loss: 0.3715
2025-10-01 03:23:15,866 - root - INFO - train average_precision, 0.8833
2025-10-01 03:23:15,866 - root - INFO - train roc_auc, 0.9069
2025-10-01 03:23:15,867 - root - INFO - validate loss: 0.3771
2025-10-01 03:23:15,867 - root - INFO - validate average_precision, 0.8853
2025-10-01 03:23:15,867 - root - INFO - validate roc_auc, 0.9092
2025-10-01 03:23:15,867 - root - INFO - new node validate loss: 0.3687
2025-10-01 03:23:15,867 - root - INFO - new node validate average_precision, 0.9046
2025-10-01 03:23:15,867 - root - INFO - new node validate roc_auc, 0.9197
2025-10-01 03:23:28,316 - root - INFO - test loss: 0.3548
2025-10-01 03:23:28,316 - root - INFO - test average_precision, 0.8971
2025-10-01 03:23:28,316 - root - INFO - best test average_precision: 0.8981
2025-10-01 03:23:28,316 - root - INFO - test roc_auc, 0.9192
2025-10-01 03:23:28,317 - root - INFO - new node test loss: 0.3355
2025-10-01 03:23:28,317 - root - INFO - new node test average_precision, 0.9129
2025-10-01 03:23:28,317 - root - INFO - new node test roc_auc, 0.9333
2025-10-01 03:24:52,854 - root - INFO - Epoch: 56, learning rate: 0.0001, train loss: 0.3730
2025-10-01 03:24:52,856 - root - INFO - train average_precision, 0.8834
2025-10-01 03:24:52,856 - root - INFO - train roc_auc, 0.9067
2025-10-01 03:24:52,857 - root - INFO - validate loss: 0.3756
2025-10-01 03:24:52,857 - root - INFO - validate average_precision, 0.8852
2025-10-01 03:24:52,857 - root - INFO - validate roc_auc, 0.9085
2025-10-01 03:24:52,857 - root - INFO - new node validate loss: 0.3489
2025-10-01 03:24:52,857 - root - INFO - new node validate average_precision, 0.9089
2025-10-01 03:24:52,857 - root - INFO - new node validate roc_auc, 0.9254
2025-10-01 03:25:05,405 - root - INFO - test loss: 0.3569
2025-10-01 03:25:05,405 - root - INFO - test average_precision, 0.8954
2025-10-01 03:25:05,405 - root - INFO - best test average_precision: 0.8981
2025-10-01 03:25:05,406 - root - INFO - test roc_auc, 0.9170
2025-10-01 03:25:05,406 - root - INFO - new node test loss: 0.3137
2025-10-01 03:25:05,406 - root - INFO - new node test average_precision, 0.9244
2025-10-01 03:25:05,406 - root - INFO - new node test roc_auc, 0.9392
2025-10-01 03:26:29,725 - root - INFO - Epoch: 57, learning rate: 0.0001, train loss: 0.3693
2025-10-01 03:26:29,726 - root - INFO - train average_precision, 0.8842
2025-10-01 03:26:29,727 - root - INFO - train roc_auc, 0.9077
2025-10-01 03:26:29,727 - root - INFO - validate loss: 0.3828
2025-10-01 03:26:29,727 - root - INFO - validate average_precision, 0.8822
2025-10-01 03:26:29,728 - root - INFO - validate roc_auc, 0.9054
2025-10-01 03:26:29,728 - root - INFO - new node validate loss: 0.3617
2025-10-01 03:26:29,728 - root - INFO - new node validate average_precision, 0.9071
2025-10-01 03:26:29,728 - root - INFO - new node validate roc_auc, 0.9239
2025-10-01 03:26:42,266 - root - INFO - test loss: 0.3608
2025-10-01 03:26:42,266 - root - INFO - test average_precision, 0.8942
2025-10-01 03:26:42,267 - root - INFO - best test average_precision: 0.8981
2025-10-01 03:26:42,267 - root - INFO - test roc_auc, 0.9154
2025-10-01 03:26:42,267 - root - INFO - new node test loss: 0.3298
2025-10-01 03:26:42,267 - root - INFO - new node test average_precision, 0.9166
2025-10-01 03:26:42,267 - root - INFO - new node test roc_auc, 0.9336
2025-10-01 03:28:06,705 - root - INFO - Epoch: 58, learning rate: 0.0001, train loss: 0.3719
2025-10-01 03:28:06,707 - root - INFO - train average_precision, 0.8836
2025-10-01 03:28:06,707 - root - INFO - train roc_auc, 0.9068
2025-10-01 03:28:06,708 - root - INFO - validate loss: 0.3776
2025-10-01 03:28:06,708 - root - INFO - validate average_precision, 0.8845
2025-10-01 03:28:06,708 - root - INFO - validate roc_auc, 0.9078
2025-10-01 03:28:06,708 - root - INFO - new node validate loss: 0.3761
2025-10-01 03:28:06,708 - root - INFO - new node validate average_precision, 0.9025
2025-10-01 03:28:06,708 - root - INFO - new node validate roc_auc, 0.9171
2025-10-01 03:28:19,172 - root - INFO - test loss: 0.3481
2025-10-01 03:28:19,172 - root - INFO - test average_precision, 0.8987
2025-10-01 03:28:19,173 - root - INFO - best test average_precision: 0.8987
2025-10-01 03:28:19,173 - root - INFO - test roc_auc, 0.9201
2025-10-01 03:28:19,173 - root - INFO - new node test loss: 0.3260
2025-10-01 03:28:19,173 - root - INFO - new node test average_precision, 0.9203
2025-10-01 03:28:19,173 - root - INFO - new node test roc_auc, 0.9367
2025-10-01 03:29:43,491 - root - INFO - Epoch: 59, learning rate: 0.0001, train loss: 0.3717
2025-10-01 03:29:43,493 - root - INFO - train average_precision, 0.8834
2025-10-01 03:29:43,493 - root - INFO - train roc_auc, 0.9068
2025-10-01 03:29:43,493 - root - INFO - validate loss: 0.3861
2025-10-01 03:29:43,494 - root - INFO - validate average_precision, 0.8829
2025-10-01 03:29:43,494 - root - INFO - validate roc_auc, 0.9058
2025-10-01 03:29:43,494 - root - INFO - new node validate loss: 0.3391
2025-10-01 03:29:43,494 - root - INFO - new node validate average_precision, 0.9121
2025-10-01 03:29:43,494 - root - INFO - new node validate roc_auc, 0.9265
2025-10-01 03:29:55,940 - root - INFO - test loss: 0.3561
2025-10-01 03:29:55,940 - root - INFO - test average_precision, 0.8991
2025-10-01 03:29:55,941 - root - INFO - best test average_precision: 0.8991
2025-10-01 03:29:55,941 - root - INFO - test roc_auc, 0.9199
2025-10-01 03:29:55,941 - root - INFO - new node test loss: 0.3116
2025-10-01 03:29:55,941 - root - INFO - new node test average_precision, 0.9207
2025-10-01 03:29:55,941 - root - INFO - new node test roc_auc, 0.9393
2025-10-01 03:31:20,387 - root - INFO - Epoch: 60, learning rate: 0.0001, train loss: 0.3711
2025-10-01 03:31:20,389 - root - INFO - train average_precision, 0.8838
2025-10-01 03:31:20,389 - root - INFO - train roc_auc, 0.9074
2025-10-01 03:31:20,389 - root - INFO - validate loss: 0.3874
2025-10-01 03:31:20,390 - root - INFO - validate average_precision, 0.8840
2025-10-01 03:31:20,390 - root - INFO - validate roc_auc, 0.9076
2025-10-01 03:31:20,390 - root - INFO - new node validate loss: 0.3498
2025-10-01 03:31:20,390 - root - INFO - new node validate average_precision, 0.9143
2025-10-01 03:31:20,390 - root - INFO - new node validate roc_auc, 0.9297
2025-10-01 03:31:32,851 - root - INFO - test loss: 0.3670
2025-10-01 03:31:32,851 - root - INFO - test average_precision, 0.8943
2025-10-01 03:31:32,851 - root - INFO - best test average_precision: 0.8991
2025-10-01 03:31:32,852 - root - INFO - test roc_auc, 0.9161
2025-10-01 03:31:32,852 - root - INFO - new node test loss: 0.3269
2025-10-01 03:31:32,852 - root - INFO - new node test average_precision, 0.9201
2025-10-01 03:31:32,852 - root - INFO - new node test roc_auc, 0.9358
2025-10-01 03:32:57,162 - root - INFO - Epoch: 61, learning rate: 0.0001, train loss: 0.3708
2025-10-01 03:32:57,163 - root - INFO - train average_precision, 0.8841
2025-10-01 03:32:57,164 - root - INFO - train roc_auc, 0.9075
2025-10-01 03:32:57,164 - root - INFO - validate loss: 0.3834
2025-10-01 03:32:57,164 - root - INFO - validate average_precision, 0.8824
2025-10-01 03:32:57,165 - root - INFO - validate roc_auc, 0.9058
2025-10-01 03:32:57,165 - root - INFO - new node validate loss: 0.3279
2025-10-01 03:32:57,165 - root - INFO - new node validate average_precision, 0.9197
2025-10-01 03:32:57,165 - root - INFO - new node validate roc_auc, 0.9317
2025-10-01 03:33:09,665 - root - INFO - test loss: 0.3642
2025-10-01 03:33:09,666 - root - INFO - test average_precision, 0.8918
2025-10-01 03:33:09,666 - root - INFO - best test average_precision: 0.8991
2025-10-01 03:33:09,666 - root - INFO - test roc_auc, 0.9134
2025-10-01 03:33:09,666 - root - INFO - new node test loss: 0.3439
2025-10-01 03:33:09,666 - root - INFO - new node test average_precision, 0.9082
2025-10-01 03:33:09,666 - root - INFO - new node test roc_auc, 0.9293
2025-10-01 03:34:34,311 - root - INFO - Epoch: 62, learning rate: 0.0001, train loss: 0.3719
2025-10-01 03:34:34,313 - root - INFO - train average_precision, 0.8838
2025-10-01 03:34:34,313 - root - INFO - train roc_auc, 0.9070
2025-10-01 03:34:34,314 - root - INFO - validate loss: 0.3945
2025-10-01 03:34:34,314 - root - INFO - validate average_precision, 0.8856
2025-10-01 03:34:34,314 - root - INFO - validate roc_auc, 0.9084
2025-10-01 03:34:34,314 - root - INFO - new node validate loss: 0.3665
2025-10-01 03:34:34,314 - root - INFO - new node validate average_precision, 0.9063
2025-10-01 03:34:34,314 - root - INFO - new node validate roc_auc, 0.9220
2025-10-01 03:34:46,841 - root - INFO - test loss: 0.3690
2025-10-01 03:34:46,841 - root - INFO - test average_precision, 0.8989
2025-10-01 03:34:46,841 - root - INFO - best test average_precision: 0.8991
2025-10-01 03:34:46,842 - root - INFO - test roc_auc, 0.9197
2025-10-01 03:34:46,842 - root - INFO - new node test loss: 0.3230
2025-10-01 03:34:46,842 - root - INFO - new node test average_precision, 0.9174
2025-10-01 03:34:46,842 - root - INFO - new node test roc_auc, 0.9361
2025-10-01 03:36:10,879 - root - INFO - Epoch: 63, learning rate: 0.0001, train loss: 0.3693
2025-10-01 03:36:10,880 - root - INFO - train average_precision, 0.8851
2025-10-01 03:36:10,881 - root - INFO - train roc_auc, 0.9082
2025-10-01 03:36:10,881 - root - INFO - validate loss: 0.3789
2025-10-01 03:36:10,881 - root - INFO - validate average_precision, 0.8854
2025-10-01 03:36:10,882 - root - INFO - validate roc_auc, 0.9097
2025-10-01 03:36:10,882 - root - INFO - new node validate loss: 0.3580
2025-10-01 03:36:10,882 - root - INFO - new node validate average_precision, 0.9108
2025-10-01 03:36:10,882 - root - INFO - new node validate roc_auc, 0.9241
2025-10-01 03:36:23,386 - root - INFO - test loss: 0.3575
2025-10-01 03:36:23,386 - root - INFO - test average_precision, 0.8978
2025-10-01 03:36:23,386 - root - INFO - best test average_precision: 0.8991
2025-10-01 03:36:23,387 - root - INFO - test roc_auc, 0.9196
2025-10-01 03:36:23,387 - root - INFO - new node test loss: 0.3456
2025-10-01 03:36:23,387 - root - INFO - new node test average_precision, 0.9154
2025-10-01 03:36:23,387 - root - INFO - new node test roc_auc, 0.9341
2025-10-01 03:37:47,795 - root - INFO - Epoch: 64, learning rate: 0.0001, train loss: 0.3717
2025-10-01 03:37:47,797 - root - INFO - train average_precision, 0.8840
2025-10-01 03:37:47,797 - root - INFO - train roc_auc, 0.9071
2025-10-01 03:37:47,797 - root - INFO - validate loss: 0.3735
2025-10-01 03:37:47,798 - root - INFO - validate average_precision, 0.8873
2025-10-01 03:37:47,798 - root - INFO - validate roc_auc, 0.9104
2025-10-01 03:37:47,798 - root - INFO - new node validate loss: 0.3754
2025-10-01 03:37:47,798 - root - INFO - new node validate average_precision, 0.9058
2025-10-01 03:37:47,798 - root - INFO - new node validate roc_auc, 0.9218
2025-10-01 03:38:00,238 - root - INFO - test loss: 0.3509
2025-10-01 03:38:00,238 - root - INFO - test average_precision, 0.8993
2025-10-01 03:38:00,239 - root - INFO - best test average_precision: 0.8993
2025-10-01 03:38:00,239 - root - INFO - test roc_auc, 0.9202
2025-10-01 03:38:00,239 - root - INFO - new node test loss: 0.3344
2025-10-01 03:38:00,239 - root - INFO - new node test average_precision, 0.9177
2025-10-01 03:38:00,239 - root - INFO - new node test roc_auc, 0.9349
2025-10-01 03:38:00,240 - root - INFO - save model ./saved_models/JODIE/SocialEvo/JODIE_seed3/JODIE_seed3.pkl
2025-10-01 03:39:24,589 - root - INFO - Epoch: 65, learning rate: 0.0001, train loss: 0.3685
2025-10-01 03:39:24,591 - root - INFO - train average_precision, 0.8853
2025-10-01 03:39:24,592 - root - INFO - train roc_auc, 0.9085
2025-10-01 03:39:24,592 - root - INFO - validate loss: 0.3756
2025-10-01 03:39:24,592 - root - INFO - validate average_precision, 0.8852
2025-10-01 03:39:24,592 - root - INFO - validate roc_auc, 0.9086
2025-10-01 03:39:24,592 - root - INFO - new node validate loss: 0.3618
2025-10-01 03:39:24,592 - root - INFO - new node validate average_precision, 0.9074
2025-10-01 03:39:24,592 - root - INFO - new node validate roc_auc, 0.9208
2025-10-01 03:39:37,045 - root - INFO - test loss: 0.3502
2025-10-01 03:39:37,045 - root - INFO - test average_precision, 0.8985
2025-10-01 03:39:37,045 - root - INFO - best test average_precision: 0.8993
2025-10-01 03:39:37,045 - root - INFO - test roc_auc, 0.9194
2025-10-01 03:39:37,045 - root - INFO - new node test loss: 0.3342
2025-10-01 03:39:37,045 - root - INFO - new node test average_precision, 0.9214
2025-10-01 03:39:37,046 - root - INFO - new node test roc_auc, 0.9352
2025-10-01 03:41:01,271 - root - INFO - Epoch: 66, learning rate: 0.0001, train loss: 0.3691
2025-10-01 03:41:01,273 - root - INFO - train average_precision, 0.8847
2025-10-01 03:41:01,274 - root - INFO - train roc_auc, 0.9080
2025-10-01 03:41:01,274 - root - INFO - validate loss: 0.3856
2025-10-01 03:41:01,274 - root - INFO - validate average_precision, 0.8871
2025-10-01 03:41:01,274 - root - INFO - validate roc_auc, 0.9097
2025-10-01 03:41:01,274 - root - INFO - new node validate loss: 0.3595
2025-10-01 03:41:01,274 - root - INFO - new node validate average_precision, 0.9083
2025-10-01 03:41:01,274 - root - INFO - new node validate roc_auc, 0.9251
2025-10-01 03:41:13,794 - root - INFO - test loss: 0.3607
2025-10-01 03:41:13,794 - root - INFO - test average_precision, 0.9000
2025-10-01 03:41:13,794 - root - INFO - best test average_precision: 0.9000
2025-10-01 03:41:13,795 - root - INFO - test roc_auc, 0.9209
2025-10-01 03:41:13,795 - root - INFO - new node test loss: 0.3452
2025-10-01 03:41:13,795 - root - INFO - new node test average_precision, 0.9102
2025-10-01 03:41:13,795 - root - INFO - new node test roc_auc, 0.9277
2025-10-01 03:42:38,401 - root - INFO - Epoch: 67, learning rate: 0.0001, train loss: 0.3686
2025-10-01 03:42:38,403 - root - INFO - train average_precision, 0.8854
2025-10-01 03:42:38,404 - root - INFO - train roc_auc, 0.9083
2025-10-01 03:42:38,404 - root - INFO - validate loss: 0.3749
2025-10-01 03:42:38,404 - root - INFO - validate average_precision, 0.8854
2025-10-01 03:42:38,404 - root - INFO - validate roc_auc, 0.9090
2025-10-01 03:42:38,404 - root - INFO - new node validate loss: 0.3366
2025-10-01 03:42:38,405 - root - INFO - new node validate average_precision, 0.9145
2025-10-01 03:42:38,405 - root - INFO - new node validate roc_auc, 0.9275
2025-10-01 03:42:51,017 - root - INFO - test loss: 0.3535
2025-10-01 03:42:51,018 - root - INFO - test average_precision, 0.8972
2025-10-01 03:42:51,018 - root - INFO - best test average_precision: 0.9000
2025-10-01 03:42:51,018 - root - INFO - test roc_auc, 0.9184
2025-10-01 03:42:51,018 - root - INFO - new node test loss: 0.3250
2025-10-01 03:42:51,018 - root - INFO - new node test average_precision, 0.9149
2025-10-01 03:42:51,018 - root - INFO - new node test roc_auc, 0.9350
2025-10-01 03:44:15,367 - root - INFO - Epoch: 68, learning rate: 0.0001, train loss: 0.3696
2025-10-01 03:44:15,369 - root - INFO - train average_precision, 0.8849
2025-10-01 03:44:15,370 - root - INFO - train roc_auc, 0.9081
2025-10-01 03:44:15,370 - root - INFO - validate loss: 0.3873
2025-10-01 03:44:15,370 - root - INFO - validate average_precision, 0.8843
2025-10-01 03:44:15,370 - root - INFO - validate roc_auc, 0.9074
2025-10-01 03:44:15,370 - root - INFO - new node validate loss: 0.3513
2025-10-01 03:44:15,370 - root - INFO - new node validate average_precision, 0.9157
2025-10-01 03:44:15,370 - root - INFO - new node validate roc_auc, 0.9287
2025-10-01 03:44:27,873 - root - INFO - test loss: 0.3702
2025-10-01 03:44:27,873 - root - INFO - test average_precision, 0.8933
2025-10-01 03:44:27,874 - root - INFO - best test average_precision: 0.9000
2025-10-01 03:44:27,874 - root - INFO - test roc_auc, 0.9148
2025-10-01 03:44:27,874 - root - INFO - new node test loss: 0.3460
2025-10-01 03:44:27,874 - root - INFO - new node test average_precision, 0.9182
2025-10-01 03:44:27,874 - root - INFO - new node test roc_auc, 0.9351
2025-10-01 03:45:52,529 - root - INFO - Epoch: 69, learning rate: 0.0001, train loss: 0.3698
2025-10-01 03:45:52,531 - root - INFO - train average_precision, 0.8843
2025-10-01 03:45:52,531 - root - INFO - train roc_auc, 0.9079
2025-10-01 03:45:52,531 - root - INFO - validate loss: 0.3716
2025-10-01 03:45:52,532 - root - INFO - validate average_precision, 0.8872
2025-10-01 03:45:52,532 - root - INFO - validate roc_auc, 0.9105
2025-10-01 03:45:52,532 - root - INFO - new node validate loss: 0.3318
2025-10-01 03:45:52,532 - root - INFO - new node validate average_precision, 0.9187
2025-10-01 03:45:52,532 - root - INFO - new node validate roc_auc, 0.9319
2025-10-01 03:46:05,123 - root - INFO - test loss: 0.3470
2025-10-01 03:46:05,123 - root - INFO - test average_precision, 0.8995
2025-10-01 03:46:05,123 - root - INFO - best test average_precision: 0.9000
2025-10-01 03:46:05,124 - root - INFO - test roc_auc, 0.9209
2025-10-01 03:46:05,124 - root - INFO - new node test loss: 0.3322
2025-10-01 03:46:05,124 - root - INFO - new node test average_precision, 0.9182
2025-10-01 03:46:05,124 - root - INFO - new node test roc_auc, 0.9339
2025-10-01 03:47:29,736 - root - INFO - Epoch: 70, learning rate: 0.0001, train loss: 0.3666
2025-10-01 03:47:29,738 - root - INFO - train average_precision, 0.8862
2025-10-01 03:47:29,738 - root - INFO - train roc_auc, 0.9094
2025-10-01 03:47:29,739 - root - INFO - validate loss: 0.3928
2025-10-01 03:47:29,739 - root - INFO - validate average_precision, 0.8689
2025-10-01 03:47:29,739 - root - INFO - validate roc_auc, 0.9028
2025-10-01 03:47:29,739 - root - INFO - new node validate loss: 0.3823
2025-10-01 03:47:29,739 - root - INFO - new node validate average_precision, 0.8876
2025-10-01 03:47:29,739 - root - INFO - new node validate roc_auc, 0.9172
2025-10-01 03:47:42,256 - root - INFO - test loss: 0.4603
2025-10-01 03:47:42,256 - root - INFO - test average_precision, 0.8319
2025-10-01 03:47:42,256 - root - INFO - best test average_precision: 0.9000
2025-10-01 03:47:42,257 - root - INFO - test roc_auc, 0.8971
2025-10-01 03:47:42,257 - root - INFO - new node test loss: 0.3389
2025-10-01 03:47:42,257 - root - INFO - new node test average_precision, 0.9090
2025-10-01 03:47:42,257 - root - INFO - new node test roc_auc, 0.9312
2025-10-01 03:49:06,753 - root - INFO - Epoch: 71, learning rate: 0.0001, train loss: 0.3676
2025-10-01 03:49:06,754 - root - INFO - train average_precision, 0.8858
2025-10-01 03:49:06,755 - root - INFO - train roc_auc, 0.9090
2025-10-01 03:49:06,755 - root - INFO - validate loss: 0.3834
2025-10-01 03:49:06,755 - root - INFO - validate average_precision, 0.8840
2025-10-01 03:49:06,755 - root - INFO - validate roc_auc, 0.9072
2025-10-01 03:49:06,755 - root - INFO - new node validate loss: 0.3326
2025-10-01 03:49:06,756 - root - INFO - new node validate average_precision, 0.9178
2025-10-01 03:49:06,756 - root - INFO - new node validate roc_auc, 0.9301
2025-10-01 03:49:19,239 - root - INFO - test loss: 0.3624
2025-10-01 03:49:19,239 - root - INFO - test average_precision, 0.8943
2025-10-01 03:49:19,239 - root - INFO - best test average_precision: 0.9000
2025-10-01 03:49:19,240 - root - INFO - test roc_auc, 0.9174
2025-10-01 03:49:19,240 - root - INFO - new node test loss: 0.3115
2025-10-01 03:49:19,240 - root - INFO - new node test average_precision, 0.9224
2025-10-01 03:49:19,240 - root - INFO - new node test roc_auc, 0.9401
2025-10-01 03:50:42,254 - root - INFO - Epoch: 72, learning rate: 0.0001, train loss: 0.3691
2025-10-01 03:50:42,255 - root - INFO - train average_precision, 0.8851
2025-10-01 03:50:42,256 - root - INFO - train roc_auc, 0.9081
2025-10-01 03:50:42,256 - root - INFO - validate loss: 0.3742
2025-10-01 03:50:42,256 - root - INFO - validate average_precision, 0.8871
2025-10-01 03:50:42,257 - root - INFO - validate roc_auc, 0.9097
2025-10-01 03:50:42,257 - root - INFO - new node validate loss: 0.3737
2025-10-01 03:50:42,257 - root - INFO - new node validate average_precision, 0.9000
2025-10-01 03:50:42,257 - root - INFO - new node validate roc_auc, 0.9212
2025-10-01 03:50:54,703 - root - INFO - test loss: 0.3508
2025-10-01 03:50:54,704 - root - INFO - test average_precision, 0.8997
2025-10-01 03:50:54,704 - root - INFO - best test average_precision: 0.9000
2025-10-01 03:50:54,704 - root - INFO - test roc_auc, 0.9204
2025-10-01 03:50:54,704 - root - INFO - new node test loss: 0.3312
2025-10-01 03:50:54,704 - root - INFO - new node test average_precision, 0.9121
2025-10-01 03:50:54,704 - root - INFO - new node test roc_auc, 0.9346
2025-10-01 03:52:17,551 - root - INFO - Epoch: 73, learning rate: 0.0001, train loss: 0.3674
2025-10-01 03:52:17,553 - root - INFO - train average_precision, 0.8857
2025-10-01 03:52:17,553 - root - INFO - train roc_auc, 0.9088
2025-10-01 03:52:17,554 - root - INFO - validate loss: 0.3806
2025-10-01 03:52:17,554 - root - INFO - validate average_precision, 0.8828
2025-10-01 03:52:17,554 - root - INFO - validate roc_auc, 0.9066
2025-10-01 03:52:17,554 - root - INFO - new node validate loss: 0.3391
2025-10-01 03:52:17,554 - root - INFO - new node validate average_precision, 0.9148
2025-10-01 03:52:17,554 - root - INFO - new node validate roc_auc, 0.9284
2025-10-01 03:52:29,966 - root - INFO - test loss: 0.3521
2025-10-01 03:52:29,966 - root - INFO - test average_precision, 0.8972
2025-10-01 03:52:29,966 - root - INFO - best test average_precision: 0.9000
2025-10-01 03:52:29,966 - root - INFO - test roc_auc, 0.9186
2025-10-01 03:52:29,966 - root - INFO - new node test loss: 0.3115
2025-10-01 03:52:29,967 - root - INFO - new node test average_precision, 0.9251
2025-10-01 03:52:29,967 - root - INFO - new node test roc_auc, 0.9407
2025-10-01 03:53:54,495 - root - INFO - Epoch: 74, learning rate: 0.0001, train loss: 0.3670
2025-10-01 03:53:54,497 - root - INFO - train average_precision, 0.8859
2025-10-01 03:53:54,497 - root - INFO - train roc_auc, 0.9092
2025-10-01 03:53:54,498 - root - INFO - validate loss: 0.3751
2025-10-01 03:53:54,498 - root - INFO - validate average_precision, 0.8866
2025-10-01 03:53:54,498 - root - INFO - validate roc_auc, 0.9097
2025-10-01 03:53:54,498 - root - INFO - new node validate loss: 0.3479
2025-10-01 03:53:54,498 - root - INFO - new node validate average_precision, 0.9051
2025-10-01 03:53:54,498 - root - INFO - new node validate roc_auc, 0.9211
2025-10-01 03:54:06,984 - root - INFO - test loss: 0.3522
2025-10-01 03:54:06,984 - root - INFO - test average_precision, 0.8975
2025-10-01 03:54:06,984 - root - INFO - best test average_precision: 0.9000
2025-10-01 03:54:06,985 - root - INFO - test roc_auc, 0.9193
2025-10-01 03:54:06,985 - root - INFO - new node test loss: 0.3337
2025-10-01 03:54:06,985 - root - INFO - new node test average_precision, 0.9107
2025-10-01 03:54:06,985 - root - INFO - new node test roc_auc, 0.9298
2025-10-01 03:55:30,869 - root - INFO - Epoch: 75, learning rate: 0.0001, train loss: 0.3689
2025-10-01 03:55:30,870 - root - INFO - train average_precision, 0.8852
2025-10-01 03:55:30,871 - root - INFO - train roc_auc, 0.9084
2025-10-01 03:55:30,871 - root - INFO - validate loss: 0.3786
2025-10-01 03:55:30,871 - root - INFO - validate average_precision, 0.8854
2025-10-01 03:55:30,872 - root - INFO - validate roc_auc, 0.9084
2025-10-01 03:55:30,872 - root - INFO - new node validate loss: 0.3520
2025-10-01 03:55:30,872 - root - INFO - new node validate average_precision, 0.9133
2025-10-01 03:55:30,872 - root - INFO - new node validate roc_auc, 0.9269
2025-10-01 03:55:43,344 - root - INFO - test loss: 0.3541
2025-10-01 03:55:43,345 - root - INFO - test average_precision, 0.8979
2025-10-01 03:55:43,345 - root - INFO - best test average_precision: 0.9000
2025-10-01 03:55:43,345 - root - INFO - test roc_auc, 0.9189
2025-10-01 03:55:43,345 - root - INFO - new node test loss: 0.3277
2025-10-01 03:55:43,345 - root - INFO - new node test average_precision, 0.9232
2025-10-01 03:55:43,345 - root - INFO - new node test roc_auc, 0.9373
2025-10-01 03:57:08,086 - root - INFO - Epoch: 76, learning rate: 0.0001, train loss: 0.3664
2025-10-01 03:57:08,087 - root - INFO - train average_precision, 0.8861
2025-10-01 03:57:08,088 - root - INFO - train roc_auc, 0.9093
2025-10-01 03:57:08,088 - root - INFO - validate loss: 0.3756
2025-10-01 03:57:08,089 - root - INFO - validate average_precision, 0.8880
2025-10-01 03:57:08,089 - root - INFO - validate roc_auc, 0.9107
2025-10-01 03:57:08,089 - root - INFO - new node validate loss: 0.3308
2025-10-01 03:57:08,089 - root - INFO - new node validate average_precision, 0.9135
2025-10-01 03:57:08,089 - root - INFO - new node validate roc_auc, 0.9288
2025-10-01 03:57:20,526 - root - INFO - test loss: 0.3470
2025-10-01 03:57:20,527 - root - INFO - test average_precision, 0.9017
2025-10-01 03:57:20,527 - root - INFO - best test average_precision: 0.9017
2025-10-01 03:57:20,527 - root - INFO - test roc_auc, 0.9223
2025-10-01 03:57:20,527 - root - INFO - new node test loss: 0.3116
2025-10-01 03:57:20,527 - root - INFO - new node test average_precision, 0.9240
2025-10-01 03:57:20,527 - root - INFO - new node test roc_auc, 0.9396
2025-10-01 03:57:20,528 - root - INFO - save model ./saved_models/JODIE/SocialEvo/JODIE_seed3/JODIE_seed3.pkl
2025-10-01 03:58:44,888 - root - INFO - Epoch: 77, learning rate: 0.0001, train loss: 0.3670
2025-10-01 03:58:44,890 - root - INFO - train average_precision, 0.8857
2025-10-01 03:58:44,890 - root - INFO - train roc_auc, 0.9089
2025-10-01 03:58:44,891 - root - INFO - validate loss: 0.3829
2025-10-01 03:58:44,891 - root - INFO - validate average_precision, 0.8828
2025-10-01 03:58:44,891 - root - INFO - validate roc_auc, 0.9056
2025-10-01 03:58:44,891 - root - INFO - new node validate loss: 0.3664
2025-10-01 03:58:44,891 - root - INFO - new node validate average_precision, 0.8989
2025-10-01 03:58:44,891 - root - INFO - new node validate roc_auc, 0.9175
2025-10-01 03:58:57,298 - root - INFO - test loss: 0.3561
2025-10-01 03:58:57,298 - root - INFO - test average_precision, 0.8971
2025-10-01 03:58:57,298 - root - INFO - best test average_precision: 0.9017
2025-10-01 03:58:57,299 - root - INFO - test roc_auc, 0.9177
2025-10-01 03:58:57,299 - root - INFO - new node test loss: 0.3213
2025-10-01 03:58:57,299 - root - INFO - new node test average_precision, 0.9200
2025-10-01 03:58:57,299 - root - INFO - new node test roc_auc, 0.9367
2025-10-01 04:00:21,400 - root - INFO - Epoch: 78, learning rate: 0.0001, train loss: 0.3676
2025-10-01 04:00:21,402 - root - INFO - train average_precision, 0.8860
2025-10-01 04:00:21,402 - root - INFO - train roc_auc, 0.9087
2025-10-01 04:00:21,403 - root - INFO - validate loss: 0.3823
2025-10-01 04:00:21,403 - root - INFO - validate average_precision, 0.8827
2025-10-01 04:00:21,403 - root - INFO - validate roc_auc, 0.9061
2025-10-01 04:00:21,403 - root - INFO - new node validate loss: 0.3835
2025-10-01 04:00:21,403 - root - INFO - new node validate average_precision, 0.9052
2025-10-01 04:00:21,403 - root - INFO - new node validate roc_auc, 0.9187
2025-10-01 04:00:33,880 - root - INFO - test loss: 0.3534
2025-10-01 04:00:33,880 - root - INFO - test average_precision, 0.8983
2025-10-01 04:00:33,881 - root - INFO - best test average_precision: 0.9017
2025-10-01 04:00:33,881 - root - INFO - test roc_auc, 0.9195
2025-10-01 04:00:33,881 - root - INFO - new node test loss: 0.6314
2025-10-01 04:00:33,881 - root - INFO - new node test average_precision, 0.8926
2025-10-01 04:00:33,881 - root - INFO - new node test roc_auc, 0.9141
2025-10-01 04:01:58,517 - root - INFO - Epoch: 79, learning rate: 0.0001, train loss: 0.3671
2025-10-01 04:01:58,518 - root - INFO - train average_precision, 0.8860
2025-10-01 04:01:58,519 - root - INFO - train roc_auc, 0.9093
2025-10-01 04:01:58,519 - root - INFO - validate loss: 0.3749
2025-10-01 04:01:58,519 - root - INFO - validate average_precision, 0.8865
2025-10-01 04:01:58,520 - root - INFO - validate roc_auc, 0.9093
2025-10-01 04:01:58,520 - root - INFO - new node validate loss: 0.3817
2025-10-01 04:01:58,520 - root - INFO - new node validate average_precision, 0.8875
2025-10-01 04:01:58,520 - root - INFO - new node validate roc_auc, 0.9139
2025-10-01 04:02:10,998 - root - INFO - test loss: 0.3569
2025-10-01 04:02:10,999 - root - INFO - test average_precision, 0.8940
2025-10-01 04:02:10,999 - root - INFO - best test average_precision: 0.9017
2025-10-01 04:02:10,999 - root - INFO - test roc_auc, 0.9172
2025-10-01 04:02:10,999 - root - INFO - new node test loss: 0.3127
2025-10-01 04:02:10,999 - root - INFO - new node test average_precision, 0.9239
2025-10-01 04:02:10,999 - root - INFO - new node test roc_auc, 0.9392
2025-10-01 04:03:34,050 - root - INFO - Epoch: 80, learning rate: 0.0001, train loss: 0.3662
2025-10-01 04:03:34,051 - root - INFO - train average_precision, 0.8862
2025-10-01 04:03:34,052 - root - INFO - train roc_auc, 0.9096
2025-10-01 04:03:34,052 - root - INFO - validate loss: 0.3752
2025-10-01 04:03:34,052 - root - INFO - validate average_precision, 0.8857
2025-10-01 04:03:34,053 - root - INFO - validate roc_auc, 0.9092
2025-10-01 04:03:34,053 - root - INFO - new node validate loss: 0.3689
2025-10-01 04:03:34,053 - root - INFO - new node validate average_precision, 0.9067
2025-10-01 04:03:34,053 - root - INFO - new node validate roc_auc, 0.9223
2025-10-01 04:03:46,564 - root - INFO - test loss: 0.3571
2025-10-01 04:03:46,564 - root - INFO - test average_precision, 0.8978
2025-10-01 04:03:46,565 - root - INFO - best test average_precision: 0.9017
2025-10-01 04:03:46,565 - root - INFO - test roc_auc, 0.9195
2025-10-01 04:03:46,565 - root - INFO - new node test loss: 0.3348
2025-10-01 04:03:46,565 - root - INFO - new node test average_precision, 0.9186
2025-10-01 04:03:46,565 - root - INFO - new node test roc_auc, 0.9360
2025-10-01 04:05:10,998 - root - INFO - Epoch: 81, learning rate: 0.0001, train loss: 0.3666
2025-10-01 04:05:10,999 - root - INFO - train average_precision, 0.8862
2025-10-01 04:05:11,000 - root - INFO - train roc_auc, 0.9093
2025-10-01 04:05:11,000 - root - INFO - validate loss: 0.3849
2025-10-01 04:05:11,000 - root - INFO - validate average_precision, 0.8814
2025-10-01 04:05:11,001 - root - INFO - validate roc_auc, 0.9047
2025-10-01 04:05:11,001 - root - INFO - new node validate loss: 0.3677
2025-10-01 04:05:11,001 - root - INFO - new node validate average_precision, 0.8838
2025-10-01 04:05:11,001 - root - INFO - new node validate roc_auc, 0.9174
2025-10-01 04:05:23,441 - root - INFO - test loss: 0.3960
2025-10-01 04:05:23,442 - root - INFO - test average_precision, 0.8534
2025-10-01 04:05:23,442 - root - INFO - best test average_precision: 0.9017
2025-10-01 04:05:23,442 - root - INFO - test roc_auc, 0.9020
2025-10-01 04:05:23,442 - root - INFO - new node test loss: 0.3232
2025-10-01 04:05:23,442 - root - INFO - new node test average_precision, 0.9174
2025-10-01 04:05:23,443 - root - INFO - new node test roc_auc, 0.9350
2025-10-01 04:06:47,448 - root - INFO - Epoch: 82, learning rate: 0.0001, train loss: 0.3656
2025-10-01 04:06:47,450 - root - INFO - train average_precision, 0.8863
2025-10-01 04:06:47,450 - root - INFO - train roc_auc, 0.9097
2025-10-01 04:06:47,450 - root - INFO - validate loss: 0.3782
2025-10-01 04:06:47,451 - root - INFO - validate average_precision, 0.8860
2025-10-01 04:06:47,451 - root - INFO - validate roc_auc, 0.9085
2025-10-01 04:06:47,451 - root - INFO - new node validate loss: 0.3329
2025-10-01 04:06:47,451 - root - INFO - new node validate average_precision, 0.9141
2025-10-01 04:06:47,451 - root - INFO - new node validate roc_auc, 0.9289
2025-10-01 04:06:59,882 - root - INFO - test loss: 0.3565
2025-10-01 04:06:59,883 - root - INFO - test average_precision, 0.8977
2025-10-01 04:06:59,883 - root - INFO - best test average_precision: 0.9017
2025-10-01 04:06:59,883 - root - INFO - test roc_auc, 0.9186
2025-10-01 04:06:59,883 - root - INFO - new node test loss: 0.3185
2025-10-01 04:06:59,883 - root - INFO - new node test average_precision, 0.9216
2025-10-01 04:06:59,883 - root - INFO - new node test roc_auc, 0.9387
2025-10-01 04:08:24,359 - root - INFO - Epoch: 83, learning rate: 0.0001, train loss: 0.3668
2025-10-01 04:08:24,360 - root - INFO - train average_precision, 0.8859
2025-10-01 04:08:24,361 - root - INFO - train roc_auc, 0.9091
2025-10-01 04:08:24,361 - root - INFO - validate loss: 0.3820
2025-10-01 04:08:24,362 - root - INFO - validate average_precision, 0.8835
2025-10-01 04:08:24,362 - root - INFO - validate roc_auc, 0.9066
2025-10-01 04:08:24,362 - root - INFO - new node validate loss: 0.3596
2025-10-01 04:08:24,362 - root - INFO - new node validate average_precision, 0.9019
2025-10-01 04:08:24,362 - root - INFO - new node validate roc_auc, 0.9200
2025-10-01 04:08:36,813 - root - INFO - test loss: 0.3934
2025-10-01 04:08:36,814 - root - INFO - test average_precision, 0.8556
2025-10-01 04:08:36,814 - root - INFO - best test average_precision: 0.9017
2025-10-01 04:08:36,814 - root - INFO - test roc_auc, 0.9043
2025-10-01 04:08:36,814 - root - INFO - new node test loss: 0.3315
2025-10-01 04:08:36,814 - root - INFO - new node test average_precision, 0.9111
2025-10-01 04:08:36,814 - root - INFO - new node test roc_auc, 0.9330
2025-10-01 04:10:00,013 - root - INFO - Epoch: 84, learning rate: 0.0001, train loss: 0.3658
2025-10-01 04:10:00,015 - root - INFO - train average_precision, 0.8865
2025-10-01 04:10:00,016 - root - INFO - train roc_auc, 0.9098
2025-10-01 04:10:00,016 - root - INFO - validate loss: 0.3820
2025-10-01 04:10:00,016 - root - INFO - validate average_precision, 0.8840
2025-10-01 04:10:00,016 - root - INFO - validate roc_auc, 0.9069
2025-10-01 04:10:00,016 - root - INFO - new node validate loss: 0.3592
2025-10-01 04:10:00,016 - root - INFO - new node validate average_precision, 0.9060
2025-10-01 04:10:00,016 - root - INFO - new node validate roc_auc, 0.9228
2025-10-01 04:10:12,456 - root - INFO - test loss: 0.3966
2025-10-01 04:10:12,456 - root - INFO - test average_precision, 0.8501
2025-10-01 04:10:12,456 - root - INFO - best test average_precision: 0.9017
2025-10-01 04:10:12,456 - root - INFO - test roc_auc, 0.9034
2025-10-01 04:10:12,457 - root - INFO - new node test loss: 0.3166
2025-10-01 04:10:12,457 - root - INFO - new node test average_precision, 0.9220
2025-10-01 04:10:12,457 - root - INFO - new node test roc_auc, 0.9377
2025-10-01 04:11:36,294 - root - INFO - Epoch: 85, learning rate: 0.0001, train loss: 0.3647
2025-10-01 04:11:36,295 - root - INFO - train average_precision, 0.8869
2025-10-01 04:11:36,296 - root - INFO - train roc_auc, 0.9101
2025-10-01 04:11:36,296 - root - INFO - validate loss: 0.3802
2025-10-01 04:11:36,296 - root - INFO - validate average_precision, 0.8843
2025-10-01 04:11:36,297 - root - INFO - validate roc_auc, 0.9074
2025-10-01 04:11:36,297 - root - INFO - new node validate loss: 0.3429
2025-10-01 04:11:36,297 - root - INFO - new node validate average_precision, 0.8985
2025-10-01 04:11:36,297 - root - INFO - new node validate roc_auc, 0.9242
2025-10-01 04:11:48,801 - root - INFO - test loss: 0.3573
2025-10-01 04:11:48,801 - root - INFO - test average_precision, 0.8941
2025-10-01 04:11:48,801 - root - INFO - best test average_precision: 0.9017
2025-10-01 04:11:48,802 - root - INFO - test roc_auc, 0.9175
2025-10-01 04:11:48,802 - root - INFO - new node test loss: 0.3324
2025-10-01 04:11:48,802 - root - INFO - new node test average_precision, 0.9129
2025-10-01 04:11:48,802 - root - INFO - new node test roc_auc, 0.9337
2025-10-01 04:13:13,170 - root - INFO - Epoch: 86, learning rate: 0.0001, train loss: 0.3671
2025-10-01 04:13:13,172 - root - INFO - train average_precision, 0.8863
2025-10-01 04:13:13,173 - root - INFO - train roc_auc, 0.9091
2025-10-01 04:13:13,173 - root - INFO - validate loss: 0.3821
2025-10-01 04:13:13,173 - root - INFO - validate average_precision, 0.8860
2025-10-01 04:13:13,173 - root - INFO - validate roc_auc, 0.9093
2025-10-01 04:13:13,173 - root - INFO - new node validate loss: 0.3327
2025-10-01 04:13:13,174 - root - INFO - new node validate average_precision, 0.9159
2025-10-01 04:13:13,174 - root - INFO - new node validate roc_auc, 0.9294
2025-10-01 04:13:25,587 - root - INFO - test loss: 0.3708
2025-10-01 04:13:25,587 - root - INFO - test average_precision, 0.8943
2025-10-01 04:13:25,587 - root - INFO - best test average_precision: 0.9017
2025-10-01 04:13:25,588 - root - INFO - test roc_auc, 0.9168
2025-10-01 04:13:25,588 - root - INFO - new node test loss: 0.3102
2025-10-01 04:13:25,588 - root - INFO - new node test average_precision, 0.9259
2025-10-01 04:13:25,588 - root - INFO - new node test roc_auc, 0.9410
2025-10-01 04:14:49,052 - root - INFO - Epoch: 87, learning rate: 0.0001, train loss: 0.3638
2025-10-01 04:14:49,054 - root - INFO - train average_precision, 0.8871
2025-10-01 04:14:49,055 - root - INFO - train roc_auc, 0.9102
2025-10-01 04:14:49,055 - root - INFO - validate loss: 0.3801
2025-10-01 04:14:49,055 - root - INFO - validate average_precision, 0.8850
2025-10-01 04:14:49,055 - root - INFO - validate roc_auc, 0.9076
2025-10-01 04:14:49,055 - root - INFO - new node validate loss: 0.3714
2025-10-01 04:14:49,055 - root - INFO - new node validate average_precision, 0.9141
2025-10-01 04:14:49,056 - root - INFO - new node validate roc_auc, 0.9269
2025-10-01 04:15:01,472 - root - INFO - test loss: 0.3573
2025-10-01 04:15:01,472 - root - INFO - test average_precision, 0.8979
2025-10-01 04:15:01,473 - root - INFO - best test average_precision: 0.9017
2025-10-01 04:15:01,473 - root - INFO - test roc_auc, 0.9181
2025-10-01 04:15:01,473 - root - INFO - new node test loss: 0.3406
2025-10-01 04:15:01,473 - root - INFO - new node test average_precision, 0.9085
2025-10-01 04:15:01,473 - root - INFO - new node test roc_auc, 0.9299
2025-10-01 04:16:25,994 - root - INFO - Epoch: 88, learning rate: 0.0001, train loss: 0.3650
2025-10-01 04:16:25,995 - root - INFO - train average_precision, 0.8871
2025-10-01 04:16:25,996 - root - INFO - train roc_auc, 0.9100
2025-10-01 04:16:25,996 - root - INFO - validate loss: 0.3715
2025-10-01 04:16:25,997 - root - INFO - validate average_precision, 0.8889
2025-10-01 04:16:25,997 - root - INFO - validate roc_auc, 0.9123
2025-10-01 04:16:25,997 - root - INFO - new node validate loss: 0.3993
2025-10-01 04:16:25,997 - root - INFO - new node validate average_precision, 0.8865
2025-10-01 04:16:25,997 - root - INFO - new node validate roc_auc, 0.9160
2025-10-01 04:16:38,420 - root - INFO - test loss: 0.3476
2025-10-01 04:16:38,421 - root - INFO - test average_precision, 0.9011
2025-10-01 04:16:38,421 - root - INFO - best test average_precision: 0.9017
2025-10-01 04:16:38,421 - root - INFO - test roc_auc, 0.9221
2025-10-01 04:16:38,421 - root - INFO - new node test loss: 0.3324
2025-10-01 04:16:38,421 - root - INFO - new node test average_precision, 0.9119
2025-10-01 04:16:38,421 - root - INFO - new node test roc_auc, 0.9332
2025-10-01 04:16:38,422 - root - INFO - save model ./saved_models/JODIE/SocialEvo/JODIE_seed3/JODIE_seed3.pkl
2025-10-01 04:18:02,883 - root - INFO - Epoch: 89, learning rate: 0.0001, train loss: 0.3640
2025-10-01 04:18:02,884 - root - INFO - train average_precision, 0.8871
2025-10-01 04:18:02,885 - root - INFO - train roc_auc, 0.9101
2025-10-01 04:18:02,885 - root - INFO - validate loss: 0.3854
2025-10-01 04:18:02,885 - root - INFO - validate average_precision, 0.8817
2025-10-01 04:18:02,886 - root - INFO - validate roc_auc, 0.9045
2025-10-01 04:18:02,886 - root - INFO - new node validate loss: 0.3414
2025-10-01 04:18:02,886 - root - INFO - new node validate average_precision, 0.9108
2025-10-01 04:18:02,886 - root - INFO - new node validate roc_auc, 0.9275
2025-10-01 04:18:15,333 - root - INFO - test loss: 0.3511
2025-10-01 04:18:15,333 - root - INFO - test average_precision, 0.8985
2025-10-01 04:18:15,333 - root - INFO - best test average_precision: 0.9017
2025-10-01 04:18:15,334 - root - INFO - test roc_auc, 0.9192
2025-10-01 04:18:15,334 - root - INFO - new node test loss: 0.3131
2025-10-01 04:18:15,334 - root - INFO - new node test average_precision, 0.9182
2025-10-01 04:18:15,334 - root - INFO - new node test roc_auc, 0.9372
2025-10-01 04:19:38,679 - root - INFO - Epoch: 90, learning rate: 0.0001, train loss: 0.3656
2025-10-01 04:19:38,680 - root - INFO - train average_precision, 0.8871
2025-10-01 04:19:38,681 - root - INFO - train roc_auc, 0.9100
2025-10-01 04:19:38,681 - root - INFO - validate loss: 0.3852
2025-10-01 04:19:38,681 - root - INFO - validate average_precision, 0.8851
2025-10-01 04:19:38,682 - root - INFO - validate roc_auc, 0.9083
2025-10-01 04:19:38,682 - root - INFO - new node validate loss: 0.3575
2025-10-01 04:19:38,682 - root - INFO - new node validate average_precision, 0.9115
2025-10-01 04:19:38,682 - root - INFO - new node validate roc_auc, 0.9255
2025-10-01 04:19:51,106 - root - INFO - test loss: 0.3569
2025-10-01 04:19:51,106 - root - INFO - test average_precision, 0.8989
2025-10-01 04:19:51,106 - root - INFO - best test average_precision: 0.9017
2025-10-01 04:19:51,106 - root - INFO - test roc_auc, 0.9202
2025-10-01 04:19:51,107 - root - INFO - new node test loss: 0.3734
2025-10-01 04:19:51,107 - root - INFO - new node test average_precision, 0.9112
2025-10-01 04:19:51,107 - root - INFO - new node test roc_auc, 0.9272
2025-10-01 04:21:15,453 - root - INFO - Epoch: 91, learning rate: 0.0001, train loss: 0.3643
2025-10-01 04:21:15,455 - root - INFO - train average_precision, 0.8870
2025-10-01 04:21:15,455 - root - INFO - train roc_auc, 0.9099
2025-10-01 04:21:15,455 - root - INFO - validate loss: 0.3985
2025-10-01 04:21:15,456 - root - INFO - validate average_precision, 0.8825
2025-10-01 04:21:15,456 - root - INFO - validate roc_auc, 0.9062
2025-10-01 04:21:15,456 - root - INFO - new node validate loss: 0.3615
2025-10-01 04:21:15,456 - root - INFO - new node validate average_precision, 0.9052
2025-10-01 04:21:15,456 - root - INFO - new node validate roc_auc, 0.9206
2025-10-01 04:21:27,888 - root - INFO - test loss: 0.3729
2025-10-01 04:21:27,889 - root - INFO - test average_precision, 0.8955
2025-10-01 04:21:27,889 - root - INFO - best test average_precision: 0.9017
2025-10-01 04:21:27,889 - root - INFO - test roc_auc, 0.9170
2025-10-01 04:21:27,889 - root - INFO - new node test loss: 0.3547
2025-10-01 04:21:27,889 - root - INFO - new node test average_precision, 0.9135
2025-10-01 04:21:27,889 - root - INFO - new node test roc_auc, 0.9315
2025-10-01 04:22:51,661 - root - INFO - Epoch: 92, learning rate: 0.0001, train loss: 0.3647
2025-10-01 04:22:51,662 - root - INFO - train average_precision, 0.8873
2025-10-01 04:22:51,663 - root - INFO - train roc_auc, 0.9104
2025-10-01 04:22:51,663 - root - INFO - validate loss: 0.3733
2025-10-01 04:22:51,663 - root - INFO - validate average_precision, 0.8871
2025-10-01 04:22:51,663 - root - INFO - validate roc_auc, 0.9100
2025-10-01 04:22:51,663 - root - INFO - new node validate loss: 0.3690
2025-10-01 04:22:51,663 - root - INFO - new node validate average_precision, 0.9003
2025-10-01 04:22:51,664 - root - INFO - new node validate roc_auc, 0.9206
2025-10-01 04:23:04,096 - root - INFO - test loss: 0.3451
2025-10-01 04:23:04,096 - root - INFO - test average_precision, 0.9008
2025-10-01 04:23:04,096 - root - INFO - best test average_precision: 0.9017
2025-10-01 04:23:04,096 - root - INFO - test roc_auc, 0.9219
2025-10-01 04:23:04,097 - root - INFO - new node test loss: 0.3137
2025-10-01 04:23:04,097 - root - INFO - new node test average_precision, 0.9212
2025-10-01 04:23:04,097 - root - INFO - new node test roc_auc, 0.9379
2025-10-01 04:24:28,417 - root - INFO - Epoch: 93, learning rate: 0.0001, train loss: 0.3647
2025-10-01 04:24:28,419 - root - INFO - train average_precision, 0.8870
2025-10-01 04:24:28,419 - root - INFO - train roc_auc, 0.9099
2025-10-01 04:24:28,420 - root - INFO - validate loss: 0.3757
2025-10-01 04:24:28,420 - root - INFO - validate average_precision, 0.8867
2025-10-01 04:24:28,420 - root - INFO - validate roc_auc, 0.9094
2025-10-01 04:24:28,420 - root - INFO - new node validate loss: 0.4104
2025-10-01 04:24:28,420 - root - INFO - new node validate average_precision, 0.8661
2025-10-01 04:24:28,420 - root - INFO - new node validate roc_auc, 0.9083
2025-10-01 04:24:40,946 - root - INFO - test loss: 0.3502
2025-10-01 04:24:40,947 - root - INFO - test average_precision, 0.8979
2025-10-01 04:24:40,947 - root - INFO - best test average_precision: 0.9017
2025-10-01 04:24:40,947 - root - INFO - test roc_auc, 0.9203
2025-10-01 04:24:40,947 - root - INFO - new node test loss: 0.3347
2025-10-01 04:24:40,947 - root - INFO - new node test average_precision, 0.9124
2025-10-01 04:24:40,947 - root - INFO - new node test roc_auc, 0.9320
2025-10-01 04:26:05,395 - root - INFO - Epoch: 94, learning rate: 0.0001, train loss: 0.3652
2025-10-01 04:26:05,396 - root - INFO - train average_precision, 0.8868
2025-10-01 04:26:05,397 - root - INFO - train roc_auc, 0.9097
2025-10-01 04:26:05,397 - root - INFO - validate loss: 0.3725
2025-10-01 04:26:05,397 - root - INFO - validate average_precision, 0.8895
2025-10-01 04:26:05,398 - root - INFO - validate roc_auc, 0.9120
2025-10-01 04:26:05,398 - root - INFO - new node validate loss: 0.3408
2025-10-01 04:26:05,398 - root - INFO - new node validate average_precision, 0.9148
2025-10-01 04:26:05,398 - root - INFO - new node validate roc_auc, 0.9284
2025-10-01 04:26:17,806 - root - INFO - test loss: 0.3468
2025-10-01 04:26:17,806 - root - INFO - test average_precision, 0.9019
2025-10-01 04:26:17,806 - root - INFO - best test average_precision: 0.9019
2025-10-01 04:26:17,807 - root - INFO - test roc_auc, 0.9228
2025-10-01 04:26:17,807 - root - INFO - new node test loss: 0.3414
2025-10-01 04:26:17,807 - root - INFO - new node test average_precision, 0.9102
2025-10-01 04:26:17,807 - root - INFO - new node test roc_auc, 0.9305
2025-10-01 04:27:41,246 - root - INFO - Epoch: 95, learning rate: 0.0001, train loss: 0.3629
2025-10-01 04:27:41,247 - root - INFO - train average_precision, 0.8874
2025-10-01 04:27:41,248 - root - INFO - train roc_auc, 0.9107
2025-10-01 04:27:41,248 - root - INFO - validate loss: 0.3754
2025-10-01 04:27:41,249 - root - INFO - validate average_precision, 0.8864
2025-10-01 04:27:41,249 - root - INFO - validate roc_auc, 0.9091
2025-10-01 04:27:41,249 - root - INFO - new node validate loss: 0.3655
2025-10-01 04:27:41,249 - root - INFO - new node validate average_precision, 0.9070
2025-10-01 04:27:41,249 - root - INFO - new node validate roc_auc, 0.9218
2025-10-01 04:27:53,707 - root - INFO - test loss: 0.3534
2025-10-01 04:27:53,707 - root - INFO - test average_precision, 0.8974
2025-10-01 04:27:53,707 - root - INFO - best test average_precision: 0.9019
2025-10-01 04:27:53,708 - root - INFO - test roc_auc, 0.9193
2025-10-01 04:27:53,708 - root - INFO - new node test loss: 0.3036
2025-10-01 04:27:53,708 - root - INFO - new node test average_precision, 0.9231
2025-10-01 04:27:53,708 - root - INFO - new node test roc_auc, 0.9398
2025-10-01 04:29:16,547 - root - INFO - Epoch: 96, learning rate: 0.0001, train loss: 0.3636
2025-10-01 04:29:16,549 - root - INFO - train average_precision, 0.8873
2025-10-01 04:29:16,549 - root - INFO - train roc_auc, 0.9105
2025-10-01 04:29:16,549 - root - INFO - validate loss: 0.3861
2025-10-01 04:29:16,550 - root - INFO - validate average_precision, 0.8867
2025-10-01 04:29:16,550 - root - INFO - validate roc_auc, 0.9089
2025-10-01 04:29:16,550 - root - INFO - new node validate loss: 0.3890
2025-10-01 04:29:16,550 - root - INFO - new node validate average_precision, 0.8908
2025-10-01 04:29:16,550 - root - INFO - new node validate roc_auc, 0.9155
2025-10-01 04:29:29,019 - root - INFO - test loss: 0.3637
2025-10-01 04:29:29,020 - root - INFO - test average_precision, 0.8998
2025-10-01 04:29:29,020 - root - INFO - best test average_precision: 0.9019
2025-10-01 04:29:29,020 - root - INFO - test roc_auc, 0.9199
2025-10-01 04:29:29,020 - root - INFO - new node test loss: 0.3398
2025-10-01 04:29:29,020 - root - INFO - new node test average_precision, 0.9076
2025-10-01 04:29:29,020 - root - INFO - new node test roc_auc, 0.9299
2025-10-01 04:30:53,544 - root - INFO - Epoch: 97, learning rate: 0.0001, train loss: 0.3629
2025-10-01 04:30:53,546 - root - INFO - train average_precision, 0.8877
2025-10-01 04:30:53,547 - root - INFO - train roc_auc, 0.9107
2025-10-01 04:30:53,547 - root - INFO - validate loss: 0.3750
2025-10-01 04:30:53,547 - root - INFO - validate average_precision, 0.8844
2025-10-01 04:30:53,547 - root - INFO - validate roc_auc, 0.9087
2025-10-01 04:30:53,547 - root - INFO - new node validate loss: 0.3739
2025-10-01 04:30:53,547 - root - INFO - new node validate average_precision, 0.8818
2025-10-01 04:30:53,547 - root - INFO - new node validate roc_auc, 0.9176
2025-10-01 04:31:05,981 - root - INFO - test loss: 0.4399
2025-10-01 04:31:05,982 - root - INFO - test average_precision, 0.8183
2025-10-01 04:31:05,982 - root - INFO - best test average_precision: 0.9019
2025-10-01 04:31:05,982 - root - INFO - test roc_auc, 0.8892
2025-10-01 04:31:05,982 - root - INFO - new node test loss: 0.3469
2025-10-01 04:31:05,982 - root - INFO - new node test average_precision, 0.8968
2025-10-01 04:31:05,982 - root - INFO - new node test roc_auc, 0.9257
2025-10-01 04:32:29,411 - root - INFO - Epoch: 98, learning rate: 0.0001, train loss: 0.3627
2025-10-01 04:32:29,412 - root - INFO - train average_precision, 0.8874
2025-10-01 04:32:29,413 - root - INFO - train roc_auc, 0.9106
2025-10-01 04:32:29,413 - root - INFO - validate loss: 0.3675
2025-10-01 04:32:29,414 - root - INFO - validate average_precision, 0.8900
2025-10-01 04:32:29,414 - root - INFO - validate roc_auc, 0.9126
2025-10-01 04:32:29,414 - root - INFO - new node validate loss: 0.3668
2025-10-01 04:32:29,414 - root - INFO - new node validate average_precision, 0.8954
2025-10-01 04:32:29,414 - root - INFO - new node validate roc_auc, 0.9185
2025-10-01 04:32:41,856 - root - INFO - test loss: 0.3474
2025-10-01 04:32:41,856 - root - INFO - test average_precision, 0.9018
2025-10-01 04:32:41,857 - root - INFO - best test average_precision: 0.9019
2025-10-01 04:32:41,857 - root - INFO - test roc_auc, 0.9223
2025-10-01 04:32:41,857 - root - INFO - new node test loss: 0.3257
2025-10-01 04:32:41,857 - root - INFO - new node test average_precision, 0.9130
2025-10-01 04:32:41,857 - root - INFO - new node test roc_auc, 0.9348
2025-10-01 04:32:41,857 - root - INFO - save model ./saved_models/JODIE/SocialEvo/JODIE_seed3/JODIE_seed3.pkl
2025-10-01 04:34:06,523 - root - INFO - Epoch: 99, learning rate: 0.0001, train loss: 0.3616
2025-10-01 04:34:06,525 - root - INFO - train average_precision, 0.8885
2025-10-01 04:34:06,525 - root - INFO - train roc_auc, 0.9114
2025-10-01 04:34:06,525 - root - INFO - validate loss: 0.3745
2025-10-01 04:34:06,526 - root - INFO - validate average_precision, 0.8870
2025-10-01 04:34:06,526 - root - INFO - validate roc_auc, 0.9098
2025-10-01 04:34:06,526 - root - INFO - new node validate loss: 0.3399
2025-10-01 04:34:06,526 - root - INFO - new node validate average_precision, 0.9114
2025-10-01 04:34:06,526 - root - INFO - new node validate roc_auc, 0.9275
2025-10-01 04:34:18,926 - root - INFO - test loss: 0.3652
2025-10-01 04:34:18,926 - root - INFO - test average_precision, 0.8896
2025-10-01 04:34:18,926 - root - INFO - best test average_precision: 0.9019
2025-10-01 04:34:18,926 - root - INFO - test roc_auc, 0.9142
2025-10-01 04:34:18,927 - root - INFO - new node test loss: 0.3589
2025-10-01 04:34:18,927 - root - INFO - new node test average_precision, 0.9014
2025-10-01 04:34:18,927 - root - INFO - new node test roc_auc, 0.9253
2025-10-01 04:35:43,190 - root - INFO - Epoch: 100, learning rate: 0.0001, train loss: 0.3621
2025-10-01 04:35:43,191 - root - INFO - train average_precision, 0.8880
2025-10-01 04:35:43,192 - root - INFO - train roc_auc, 0.9113
2025-10-01 04:35:43,192 - root - INFO - validate loss: 0.3754
2025-10-01 04:35:43,192 - root - INFO - validate average_precision, 0.8860
2025-10-01 04:35:43,193 - root - INFO - validate roc_auc, 0.9091
2025-10-01 04:35:43,193 - root - INFO - new node validate loss: 0.3683
2025-10-01 04:35:43,193 - root - INFO - new node validate average_precision, 0.8861
2025-10-01 04:35:43,193 - root - INFO - new node validate roc_auc, 0.9174
2025-10-01 04:35:55,649 - root - INFO - test loss: 0.3519
2025-10-01 04:35:55,649 - root - INFO - test average_precision, 0.8980
2025-10-01 04:35:55,650 - root - INFO - best test average_precision: 0.9019
2025-10-01 04:35:55,650 - root - INFO - test roc_auc, 0.9196
2025-10-01 04:35:55,650 - root - INFO - new node test loss: 0.3113
2025-10-01 04:35:55,650 - root - INFO - new node test average_precision, 0.9193
2025-10-01 04:35:55,650 - root - INFO - new node test roc_auc, 0.9367
2025-10-01 04:35:55,651 - root - INFO - load model ./saved_models/JODIE/SocialEvo/JODIE_seed3/JODIE_seed3.pkl
2025-10-01 04:35:55,698 - root - INFO - get final performance on dataset SocialEvo...
2025-10-01 04:36:08,188 - root - INFO - test loss: 0.3474
2025-10-01 04:36:08,189 - root - INFO - test average_precision, 0.9018
2025-10-01 04:36:08,189 - root - INFO - test roc_auc, 0.9223
2025-10-01 04:36:08,189 - root - INFO - new node test loss: 0.3257
2025-10-01 04:36:08,189 - root - INFO - new node test average_precision, 0.9130
2025-10-01 04:36:08,189 - root - INFO - new node test roc_auc, 0.9348
2025-10-01 04:36:08,189 - root - INFO - Run 4 cost 9602.66 seconds.
