2025-09-29 17:48:17,641 - root - INFO - ********** Run 4 starts. **********
2025-09-29 17:48:17,641 - root - INFO - configuration is Namespace(dataset_name='wikipedia', batch_size=200, model_name='JODIE', gpu=0, num_neighbors=10, sample_neighbor_strategy='uniform', time_scaling_factor=1e-06, num_walk_heads=8, num_heads=2, num_layers=1, walk_length=1, time_gap=2000, time_feat_dim=128, position_feat_dim=172, time_window_mode='fixed_proportion', time_encoder_type='lete', expert_dim=64, num_mixtures=4, patch_size=1, channel_embedding_dim=50, max_input_sequence_length=32, learning_rate=0.0001, dropout=0.1, gamma=0.5, num_epochs=100, optimizer='Adam', weight_decay=0.0, patience=20, val_ratio=0.15, test_ratio=0.15, num_runs=5, test_interval_epochs=1, negative_sample_strategy='random', max_interaction_times=10, load_best_configs=True, device='cuda:0', seed=3, save_model_name='JODIE_seed3')
2025-09-29 17:48:17,643 - root - INFO - time encoder type: lete
2025-09-29 17:48:17,791 - root - INFO - model -> Sequential(
  (0): MemoryModel(
    (time_encoder): TimeEncoder(
      (w): Linear(in_features=1, out_features=128, bias=True)
    )
    (message_aggregator): MessageAggregator()
    (memory_bank): MemoryBank(num_nodes=9228, memory_dim=172)
    (memory_updater): RNNMemoryUpdater(
      (memory_bank): MemoryBank(num_nodes=9228, memory_dim=172)
      (memory_updater): RNNCell(644, 172)
    )
    (embedding_module): TimeProjectionEmbedding(
      (dropout): Dropout(p=0.1, inplace=False)
      (linear_layer): Linear(in_features=1, out_features=172, bias=True)
    )
  )
  (1): MergeLayer(
    (fc1): Linear(in_features=344, out_features=172, bias=True)
    (fc2): Linear(in_features=172, out_features=1, bias=True)
    (act): ReLU()
  )
)
2025-09-29 17:48:17,792 - root - INFO - model name: JODIE, #parameters: 803236 B, 784.41015625 KB, 0.7660255432128906 MB.
2025-09-29 17:48:36,338 - root - INFO - Epoch: 1, learning rate: 0.0001, train loss: 0.5263
2025-09-29 17:48:36,338 - root - INFO - train average_precision, 0.7895
2025-09-29 17:48:36,338 - root - INFO - train roc_auc, 0.8170
2025-09-29 17:48:36,338 - root - INFO - validate loss: 0.4459
2025-09-29 17:48:36,338 - root - INFO - validate average_precision, 0.8729
2025-09-29 17:48:36,338 - root - INFO - validate roc_auc, 0.8787
2025-09-29 17:48:36,339 - root - INFO - new node validate loss: 0.4996
2025-09-29 17:48:36,339 - root - INFO - new node validate average_precision, 0.8461
2025-09-29 17:48:36,339 - root - INFO - new node validate roc_auc, 0.8429
2025-09-29 17:48:41,118 - root - INFO - test loss: 0.4685
2025-09-29 17:48:41,118 - root - INFO - test average_precision, 0.8555
2025-09-29 17:48:41,118 - root - INFO - best test average_precision: 0.8555
2025-09-29 17:48:41,118 - root - INFO - test roc_auc, 0.8644
2025-09-29 17:48:41,118 - root - INFO - new node test loss: 0.5365
2025-09-29 17:48:41,118 - root - INFO - new node test average_precision, 0.8122
2025-09-29 17:48:41,118 - root - INFO - new node test roc_auc, 0.8144
2025-09-29 17:48:41,118 - root - INFO - save model ./saved_models/JODIE/wikipedia/JODIE_seed3/JODIE_seed3.pkl
2025-09-29 17:49:00,797 - root - INFO - Epoch: 2, learning rate: 0.0001, train loss: 0.4094
2025-09-29 17:49:00,798 - root - INFO - train average_precision, 0.8871
2025-09-29 17:49:00,798 - root - INFO - train roc_auc, 0.8960
2025-09-29 17:49:00,798 - root - INFO - validate loss: 0.4036
2025-09-29 17:49:00,798 - root - INFO - validate average_precision, 0.8980
2025-09-29 17:49:00,798 - root - INFO - validate roc_auc, 0.9023
2025-09-29 17:49:00,799 - root - INFO - new node validate loss: 0.4493
2025-09-29 17:49:00,799 - root - INFO - new node validate average_precision, 0.8749
2025-09-29 17:49:00,799 - root - INFO - new node validate roc_auc, 0.8707
2025-09-29 17:49:05,596 - root - INFO - test loss: 0.4373
2025-09-29 17:49:05,596 - root - INFO - test average_precision, 0.8783
2025-09-29 17:49:05,596 - root - INFO - best test average_precision: 0.8783
2025-09-29 17:49:05,596 - root - INFO - test roc_auc, 0.8866
2025-09-29 17:49:05,596 - root - INFO - new node test loss: 0.4642
2025-09-29 17:49:05,596 - root - INFO - new node test average_precision, 0.8671
2025-09-29 17:49:05,596 - root - INFO - new node test roc_auc, 0.8674
2025-09-29 17:49:05,596 - root - INFO - save model ./saved_models/JODIE/wikipedia/JODIE_seed3/JODIE_seed3.pkl
2025-09-29 17:49:25,293 - root - INFO - Epoch: 3, learning rate: 0.0001, train loss: 0.3787
2025-09-29 17:49:25,294 - root - INFO - train average_precision, 0.9063
2025-09-29 17:49:25,294 - root - INFO - train roc_auc, 0.9117
2025-09-29 17:49:25,294 - root - INFO - validate loss: 0.3664
2025-09-29 17:49:25,294 - root - INFO - validate average_precision, 0.9142
2025-09-29 17:49:25,294 - root - INFO - validate roc_auc, 0.9198
2025-09-29 17:49:25,294 - root - INFO - new node validate loss: 0.4309
2025-09-29 17:49:25,294 - root - INFO - new node validate average_precision, 0.8881
2025-09-29 17:49:25,294 - root - INFO - new node validate roc_auc, 0.8821
2025-09-29 17:49:30,033 - root - INFO - test loss: 0.3938
2025-09-29 17:49:30,033 - root - INFO - test average_precision, 0.8985
2025-09-29 17:49:30,033 - root - INFO - best test average_precision: 0.8985
2025-09-29 17:49:30,033 - root - INFO - test roc_auc, 0.9099
2025-09-29 17:49:30,033 - root - INFO - new node test loss: 0.4443
2025-09-29 17:49:30,033 - root - INFO - new node test average_precision, 0.8818
2025-09-29 17:49:30,033 - root - INFO - new node test roc_auc, 0.8843
2025-09-29 17:49:30,033 - root - INFO - save model ./saved_models/JODIE/wikipedia/JODIE_seed3/JODIE_seed3.pkl
2025-09-29 17:49:49,721 - root - INFO - Epoch: 4, learning rate: 0.0001, train loss: 0.3680
2025-09-29 17:49:49,721 - root - INFO - train average_precision, 0.9123
2025-09-29 17:49:49,721 - root - INFO - train roc_auc, 0.9164
2025-09-29 17:49:49,721 - root - INFO - validate loss: 0.3455
2025-09-29 17:49:49,721 - root - INFO - validate average_precision, 0.9260
2025-09-29 17:49:49,721 - root - INFO - validate roc_auc, 0.9283
2025-09-29 17:49:49,721 - root - INFO - new node validate loss: 0.4212
2025-09-29 17:49:49,721 - root - INFO - new node validate average_precision, 0.8935
2025-09-29 17:49:49,721 - root - INFO - new node validate roc_auc, 0.8865
2025-09-29 17:49:54,474 - root - INFO - test loss: 0.3468
2025-09-29 17:49:54,474 - root - INFO - test average_precision, 0.9214
2025-09-29 17:49:54,474 - root - INFO - best test average_precision: 0.9214
2025-09-29 17:49:54,474 - root - INFO - test roc_auc, 0.9272
2025-09-29 17:49:54,475 - root - INFO - new node test loss: 0.4163
2025-09-29 17:49:54,475 - root - INFO - new node test average_precision, 0.8986
2025-09-29 17:49:54,475 - root - INFO - new node test roc_auc, 0.8950
2025-09-29 17:49:54,475 - root - INFO - save model ./saved_models/JODIE/wikipedia/JODIE_seed3/JODIE_seed3.pkl
2025-09-29 17:50:14,072 - root - INFO - Epoch: 5, learning rate: 0.0001, train loss: 0.3557
2025-09-29 17:50:14,072 - root - INFO - train average_precision, 0.9188
2025-09-29 17:50:14,073 - root - INFO - train roc_auc, 0.9221
2025-09-29 17:50:14,073 - root - INFO - validate loss: 0.3375
2025-09-29 17:50:14,073 - root - INFO - validate average_precision, 0.9293
2025-09-29 17:50:14,073 - root - INFO - validate roc_auc, 0.9312
2025-09-29 17:50:14,073 - root - INFO - new node validate loss: 0.4108
2025-09-29 17:50:14,073 - root - INFO - new node validate average_precision, 0.8981
2025-09-29 17:50:14,073 - root - INFO - new node validate roc_auc, 0.8902
2025-09-29 17:50:18,834 - root - INFO - test loss: 0.3563
2025-09-29 17:50:18,835 - root - INFO - test average_precision, 0.9189
2025-09-29 17:50:18,835 - root - INFO - best test average_precision: 0.9214
2025-09-29 17:50:18,835 - root - INFO - test roc_auc, 0.9234
2025-09-29 17:50:18,835 - root - INFO - new node test loss: 0.4194
2025-09-29 17:50:18,835 - root - INFO - new node test average_precision, 0.8970
2025-09-29 17:50:18,835 - root - INFO - new node test roc_auc, 0.8938
2025-09-29 17:50:18,835 - root - INFO - save model ./saved_models/JODIE/wikipedia/JODIE_seed3/JODIE_seed3.pkl
2025-09-29 17:50:38,496 - root - INFO - Epoch: 6, learning rate: 0.0001, train loss: 0.3447
2025-09-29 17:50:38,497 - root - INFO - train average_precision, 0.9264
2025-09-29 17:50:38,497 - root - INFO - train roc_auc, 0.9273
2025-09-29 17:50:38,497 - root - INFO - validate loss: 0.3272
2025-09-29 17:50:38,497 - root - INFO - validate average_precision, 0.9335
2025-09-29 17:50:38,497 - root - INFO - validate roc_auc, 0.9348
2025-09-29 17:50:38,497 - root - INFO - new node validate loss: 0.3980
2025-09-29 17:50:38,497 - root - INFO - new node validate average_precision, 0.9042
2025-09-29 17:50:38,497 - root - INFO - new node validate roc_auc, 0.8953
2025-09-29 17:50:43,252 - root - INFO - test loss: 0.3504
2025-09-29 17:50:43,252 - root - INFO - test average_precision, 0.9225
2025-09-29 17:50:43,253 - root - INFO - best test average_precision: 0.9225
2025-09-29 17:50:43,253 - root - INFO - test roc_auc, 0.9268
2025-09-29 17:50:43,253 - root - INFO - new node test loss: 0.4016
2025-09-29 17:50:43,253 - root - INFO - new node test average_precision, 0.9046
2025-09-29 17:50:43,253 - root - INFO - new node test roc_auc, 0.9020
2025-09-29 17:50:43,253 - root - INFO - save model ./saved_models/JODIE/wikipedia/JODIE_seed3/JODIE_seed3.pkl
2025-09-29 17:51:02,826 - root - INFO - Epoch: 7, learning rate: 0.0001, train loss: 0.3345
2025-09-29 17:51:02,826 - root - INFO - train average_precision, 0.9314
2025-09-29 17:51:02,826 - root - INFO - train roc_auc, 0.9312
2025-09-29 17:51:02,826 - root - INFO - validate loss: 0.3222
2025-09-29 17:51:02,826 - root - INFO - validate average_precision, 0.9379
2025-09-29 17:51:02,826 - root - INFO - validate roc_auc, 0.9367
2025-09-29 17:51:02,826 - root - INFO - new node validate loss: 0.3928
2025-09-29 17:51:02,826 - root - INFO - new node validate average_precision, 0.9086
2025-09-29 17:51:02,827 - root - INFO - new node validate roc_auc, 0.8980
2025-09-29 17:51:07,580 - root - INFO - test loss: 0.3404
2025-09-29 17:51:07,580 - root - INFO - test average_precision, 0.9301
2025-09-29 17:51:07,580 - root - INFO - best test average_precision: 0.9301
2025-09-29 17:51:07,580 - root - INFO - test roc_auc, 0.9304
2025-09-29 17:51:07,580 - root - INFO - new node test loss: 0.3994
2025-09-29 17:51:07,580 - root - INFO - new node test average_precision, 0.9072
2025-09-29 17:51:07,580 - root - INFO - new node test roc_auc, 0.9024
2025-09-29 17:51:07,581 - root - INFO - save model ./saved_models/JODIE/wikipedia/JODIE_seed3/JODIE_seed3.pkl
2025-09-29 17:51:27,162 - root - INFO - Epoch: 8, learning rate: 0.0001, train loss: 0.3287
2025-09-29 17:51:27,162 - root - INFO - train average_precision, 0.9345
2025-09-29 17:51:27,162 - root - INFO - train roc_auc, 0.9334
2025-09-29 17:51:27,162 - root - INFO - validate loss: 0.3130
2025-09-29 17:51:27,163 - root - INFO - validate average_precision, 0.9442
2025-09-29 17:51:27,163 - root - INFO - validate roc_auc, 0.9409
2025-09-29 17:51:27,163 - root - INFO - new node validate loss: 0.3938
2025-09-29 17:51:27,163 - root - INFO - new node validate average_precision, 0.9096
2025-09-29 17:51:27,163 - root - INFO - new node validate roc_auc, 0.8975
2025-09-29 17:51:31,901 - root - INFO - test loss: 0.3253
2025-09-29 17:51:31,902 - root - INFO - test average_precision, 0.9385
2025-09-29 17:51:31,902 - root - INFO - best test average_precision: 0.9385
2025-09-29 17:51:31,902 - root - INFO - test roc_auc, 0.9370
2025-09-29 17:51:31,902 - root - INFO - new node test loss: 0.3891
2025-09-29 17:51:31,902 - root - INFO - new node test average_precision, 0.9140
2025-09-29 17:51:31,902 - root - INFO - new node test roc_auc, 0.9068
2025-09-29 17:51:31,902 - root - INFO - save model ./saved_models/JODIE/wikipedia/JODIE_seed3/JODIE_seed3.pkl
2025-09-29 17:51:51,606 - root - INFO - Epoch: 9, learning rate: 0.0001, train loss: 0.3211
2025-09-29 17:51:51,606 - root - INFO - train average_precision, 0.9371
2025-09-29 17:51:51,606 - root - INFO - train roc_auc, 0.9361
2025-09-29 17:51:51,606 - root - INFO - validate loss: 0.3136
2025-09-29 17:51:51,607 - root - INFO - validate average_precision, 0.9440
2025-09-29 17:51:51,607 - root - INFO - validate roc_auc, 0.9402
2025-09-29 17:51:51,607 - root - INFO - new node validate loss: 0.3870
2025-09-29 17:51:51,607 - root - INFO - new node validate average_precision, 0.9127
2025-09-29 17:51:51,607 - root - INFO - new node validate roc_auc, 0.9009
2025-09-29 17:51:56,398 - root - INFO - test loss: 0.3301
2025-09-29 17:51:56,398 - root - INFO - test average_precision, 0.9370
2025-09-29 17:51:56,398 - root - INFO - best test average_precision: 0.9385
2025-09-29 17:51:56,398 - root - INFO - test roc_auc, 0.9342
2025-09-29 17:51:56,398 - root - INFO - new node test loss: 0.3821
2025-09-29 17:51:56,398 - root - INFO - new node test average_precision, 0.9172
2025-09-29 17:51:56,398 - root - INFO - new node test roc_auc, 0.9093
2025-09-29 17:52:14,869 - root - INFO - Epoch: 10, learning rate: 0.0001, train loss: 0.3181
2025-09-29 17:52:14,869 - root - INFO - train average_precision, 0.9384
2025-09-29 17:52:14,869 - root - INFO - train roc_auc, 0.9371
2025-09-29 17:52:14,869 - root - INFO - validate loss: 0.3153
2025-09-29 17:52:14,870 - root - INFO - validate average_precision, 0.9430
2025-09-29 17:52:14,870 - root - INFO - validate roc_auc, 0.9397
2025-09-29 17:52:14,870 - root - INFO - new node validate loss: 0.3902
2025-09-29 17:52:14,870 - root - INFO - new node validate average_precision, 0.9113
2025-09-29 17:52:14,870 - root - INFO - new node validate roc_auc, 0.9005
2025-09-29 17:52:19,615 - root - INFO - test loss: 0.3200
2025-09-29 17:52:19,615 - root - INFO - test average_precision, 0.9406
2025-09-29 17:52:19,615 - root - INFO - best test average_precision: 0.9406
2025-09-29 17:52:19,615 - root - INFO - test roc_auc, 0.9389
2025-09-29 17:52:19,615 - root - INFO - new node test loss: 0.3704
2025-09-29 17:52:19,615 - root - INFO - new node test average_precision, 0.9228
2025-09-29 17:52:19,615 - root - INFO - new node test roc_auc, 0.9155
2025-09-29 17:52:38,098 - root - INFO - Epoch: 11, learning rate: 0.0001, train loss: 0.3108
2025-09-29 17:52:38,098 - root - INFO - train average_precision, 0.9411
2025-09-29 17:52:38,098 - root - INFO - train roc_auc, 0.9397
2025-09-29 17:52:38,098 - root - INFO - validate loss: 0.3022
2025-09-29 17:52:38,098 - root - INFO - validate average_precision, 0.9481
2025-09-29 17:52:38,098 - root - INFO - validate roc_auc, 0.9446
2025-09-29 17:52:38,098 - root - INFO - new node validate loss: 0.3792
2025-09-29 17:52:38,098 - root - INFO - new node validate average_precision, 0.9154
2025-09-29 17:52:38,099 - root - INFO - new node validate roc_auc, 0.9042
2025-09-29 17:52:42,852 - root - INFO - test loss: 0.3084
2025-09-29 17:52:42,852 - root - INFO - test average_precision, 0.9453
2025-09-29 17:52:42,852 - root - INFO - best test average_precision: 0.9453
2025-09-29 17:52:42,852 - root - INFO - test roc_auc, 0.9429
2025-09-29 17:52:42,853 - root - INFO - new node test loss: 0.3651
2025-09-29 17:52:42,853 - root - INFO - new node test average_precision, 0.9253
2025-09-29 17:52:42,853 - root - INFO - new node test roc_auc, 0.9177
2025-09-29 17:52:42,853 - root - INFO - save model ./saved_models/JODIE/wikipedia/JODIE_seed3/JODIE_seed3.pkl
2025-09-29 17:53:02,529 - root - INFO - Epoch: 12, learning rate: 0.0001, train loss: 0.3008
2025-09-29 17:53:02,529 - root - INFO - train average_precision, 0.9450
2025-09-29 17:53:02,529 - root - INFO - train roc_auc, 0.9434
2025-09-29 17:53:02,529 - root - INFO - validate loss: 0.3000
2025-09-29 17:53:02,529 - root - INFO - validate average_precision, 0.9479
2025-09-29 17:53:02,529 - root - INFO - validate roc_auc, 0.9450
2025-09-29 17:53:02,529 - root - INFO - new node validate loss: 0.3829
2025-09-29 17:53:02,529 - root - INFO - new node validate average_precision, 0.9134
2025-09-29 17:53:02,529 - root - INFO - new node validate roc_auc, 0.9028
2025-09-29 17:53:07,262 - root - INFO - test loss: 0.3101
2025-09-29 17:53:07,262 - root - INFO - test average_precision, 0.9447
2025-09-29 17:53:07,262 - root - INFO - best test average_precision: 0.9453
2025-09-29 17:53:07,262 - root - INFO - test roc_auc, 0.9425
2025-09-29 17:53:07,262 - root - INFO - new node test loss: 0.3664
2025-09-29 17:53:07,262 - root - INFO - new node test average_precision, 0.9257
2025-09-29 17:53:07,262 - root - INFO - new node test roc_auc, 0.9172
2025-09-29 17:53:25,660 - root - INFO - Epoch: 13, learning rate: 0.0001, train loss: 0.2921
2025-09-29 17:53:25,660 - root - INFO - train average_precision, 0.9483
2025-09-29 17:53:25,660 - root - INFO - train roc_auc, 0.9465
2025-09-29 17:53:25,660 - root - INFO - validate loss: 0.2951
2025-09-29 17:53:25,660 - root - INFO - validate average_precision, 0.9508
2025-09-29 17:53:25,660 - root - INFO - validate roc_auc, 0.9471
2025-09-29 17:53:25,660 - root - INFO - new node validate loss: 0.3828
2025-09-29 17:53:25,660 - root - INFO - new node validate average_precision, 0.9171
2025-09-29 17:53:25,661 - root - INFO - new node validate roc_auc, 0.9051
2025-09-29 17:53:30,442 - root - INFO - test loss: 0.3046
2025-09-29 17:53:30,442 - root - INFO - test average_precision, 0.9471
2025-09-29 17:53:30,442 - root - INFO - best test average_precision: 0.9471
2025-09-29 17:53:30,442 - root - INFO - test roc_auc, 0.9450
2025-09-29 17:53:30,442 - root - INFO - new node test loss: 0.3620
2025-09-29 17:53:30,442 - root - INFO - new node test average_precision, 0.9283
2025-09-29 17:53:30,442 - root - INFO - new node test roc_auc, 0.9193
2025-09-29 17:53:30,443 - root - INFO - save model ./saved_models/JODIE/wikipedia/JODIE_seed3/JODIE_seed3.pkl
2025-09-29 17:53:50,068 - root - INFO - Epoch: 14, learning rate: 0.0001, train loss: 0.2902
2025-09-29 17:53:50,068 - root - INFO - train average_precision, 0.9484
2025-09-29 17:53:50,068 - root - INFO - train roc_auc, 0.9470
2025-09-29 17:53:50,068 - root - INFO - validate loss: 0.2896
2025-09-29 17:53:50,068 - root - INFO - validate average_precision, 0.9530
2025-09-29 17:53:50,068 - root - INFO - validate roc_auc, 0.9489
2025-09-29 17:53:50,068 - root - INFO - new node validate loss: 0.3799
2025-09-29 17:53:50,068 - root - INFO - new node validate average_precision, 0.9171
2025-09-29 17:53:50,068 - root - INFO - new node validate roc_auc, 0.9050
2025-09-29 17:53:54,790 - root - INFO - test loss: 0.2969
2025-09-29 17:53:54,790 - root - INFO - test average_precision, 0.9504
2025-09-29 17:53:54,790 - root - INFO - best test average_precision: 0.9504
2025-09-29 17:53:54,790 - root - INFO - test roc_auc, 0.9475
2025-09-29 17:53:54,790 - root - INFO - new node test loss: 0.3598
2025-09-29 17:53:54,790 - root - INFO - new node test average_precision, 0.9292
2025-09-29 17:53:54,790 - root - INFO - new node test roc_auc, 0.9202
2025-09-29 17:53:54,790 - root - INFO - save model ./saved_models/JODIE/wikipedia/JODIE_seed3/JODIE_seed3.pkl
2025-09-29 17:54:14,332 - root - INFO - Epoch: 15, learning rate: 0.0001, train loss: 0.2903
2025-09-29 17:54:14,333 - root - INFO - train average_precision, 0.9488
2025-09-29 17:54:14,333 - root - INFO - train roc_auc, 0.9468
2025-09-29 17:54:14,333 - root - INFO - validate loss: 0.2964
2025-09-29 17:54:14,333 - root - INFO - validate average_precision, 0.9508
2025-09-29 17:54:14,333 - root - INFO - validate roc_auc, 0.9469
2025-09-29 17:54:14,333 - root - INFO - new node validate loss: 0.3786
2025-09-29 17:54:14,333 - root - INFO - new node validate average_precision, 0.9174
2025-09-29 17:54:14,333 - root - INFO - new node validate roc_auc, 0.9059
2025-09-29 17:54:19,072 - root - INFO - test loss: 0.3039
2025-09-29 17:54:19,073 - root - INFO - test average_precision, 0.9490
2025-09-29 17:54:19,073 - root - INFO - best test average_precision: 0.9504
2025-09-29 17:54:19,073 - root - INFO - test roc_auc, 0.9456
2025-09-29 17:54:19,073 - root - INFO - new node test loss: 0.3718
2025-09-29 17:54:19,073 - root - INFO - new node test average_precision, 0.9247
2025-09-29 17:54:19,073 - root - INFO - new node test roc_auc, 0.9165
2025-09-29 17:54:37,555 - root - INFO - Epoch: 16, learning rate: 0.0001, train loss: 0.2879
2025-09-29 17:54:37,555 - root - INFO - train average_precision, 0.9497
2025-09-29 17:54:37,555 - root - INFO - train roc_auc, 0.9475
2025-09-29 17:54:37,555 - root - INFO - validate loss: 0.2879
2025-09-29 17:54:37,555 - root - INFO - validate average_precision, 0.9539
2025-09-29 17:54:37,555 - root - INFO - validate roc_auc, 0.9502
2025-09-29 17:54:37,555 - root - INFO - new node validate loss: 0.3689
2025-09-29 17:54:37,555 - root - INFO - new node validate average_precision, 0.9215
2025-09-29 17:54:37,555 - root - INFO - new node validate roc_auc, 0.9111
2025-09-29 17:54:42,342 - root - INFO - test loss: 0.2975
2025-09-29 17:54:42,342 - root - INFO - test average_precision, 0.9503
2025-09-29 17:54:42,342 - root - INFO - best test average_precision: 0.9504
2025-09-29 17:54:42,342 - root - INFO - test roc_auc, 0.9474
2025-09-29 17:54:42,342 - root - INFO - new node test loss: 0.3531
2025-09-29 17:54:42,342 - root - INFO - new node test average_precision, 0.9309
2025-09-29 17:54:42,342 - root - INFO - new node test roc_auc, 0.9228
2025-09-29 17:54:42,343 - root - INFO - save model ./saved_models/JODIE/wikipedia/JODIE_seed3/JODIE_seed3.pkl
2025-09-29 17:55:02,035 - root - INFO - Epoch: 17, learning rate: 0.0001, train loss: 0.2808
2025-09-29 17:55:02,036 - root - INFO - train average_precision, 0.9519
2025-09-29 17:55:02,036 - root - INFO - train roc_auc, 0.9500
2025-09-29 17:55:02,036 - root - INFO - validate loss: 0.2881
2025-09-29 17:55:02,036 - root - INFO - validate average_precision, 0.9537
2025-09-29 17:55:02,036 - root - INFO - validate roc_auc, 0.9494
2025-09-29 17:55:02,036 - root - INFO - new node validate loss: 0.3712
2025-09-29 17:55:02,036 - root - INFO - new node validate average_precision, 0.9211
2025-09-29 17:55:02,036 - root - INFO - new node validate roc_auc, 0.9102
2025-09-29 17:55:06,768 - root - INFO - test loss: 0.2967
2025-09-29 17:55:06,768 - root - INFO - test average_precision, 0.9512
2025-09-29 17:55:06,768 - root - INFO - best test average_precision: 0.9512
2025-09-29 17:55:06,768 - root - INFO - test roc_auc, 0.9475
2025-09-29 17:55:06,768 - root - INFO - new node test loss: 0.3483
2025-09-29 17:55:06,768 - root - INFO - new node test average_precision, 0.9328
2025-09-29 17:55:06,768 - root - INFO - new node test roc_auc, 0.9249
2025-09-29 17:55:25,270 - root - INFO - Epoch: 18, learning rate: 0.0001, train loss: 0.2793
2025-09-29 17:55:25,270 - root - INFO - train average_precision, 0.9520
2025-09-29 17:55:25,270 - root - INFO - train roc_auc, 0.9504
2025-09-29 17:55:25,270 - root - INFO - validate loss: 0.2981
2025-09-29 17:55:25,270 - root - INFO - validate average_precision, 0.9509
2025-09-29 17:55:25,270 - root - INFO - validate roc_auc, 0.9468
2025-09-29 17:55:25,270 - root - INFO - new node validate loss: 0.3708
2025-09-29 17:55:25,270 - root - INFO - new node validate average_precision, 0.9207
2025-09-29 17:55:25,270 - root - INFO - new node validate roc_auc, 0.9104
2025-09-29 17:55:30,062 - root - INFO - test loss: 0.3117
2025-09-29 17:55:30,062 - root - INFO - test average_precision, 0.9463
2025-09-29 17:55:30,062 - root - INFO - best test average_precision: 0.9512
2025-09-29 17:55:30,062 - root - INFO - test roc_auc, 0.9432
2025-09-29 17:55:30,062 - root - INFO - new node test loss: 0.3667
2025-09-29 17:55:30,062 - root - INFO - new node test average_precision, 0.9247
2025-09-29 17:55:30,062 - root - INFO - new node test roc_auc, 0.9176
2025-09-29 17:55:48,477 - root - INFO - Epoch: 19, learning rate: 0.0001, train loss: 0.2753
2025-09-29 17:55:48,477 - root - INFO - train average_precision, 0.9534
2025-09-29 17:55:48,477 - root - INFO - train roc_auc, 0.9516
2025-09-29 17:55:48,477 - root - INFO - validate loss: 0.2754
2025-09-29 17:55:48,478 - root - INFO - validate average_precision, 0.9580
2025-09-29 17:55:48,478 - root - INFO - validate roc_auc, 0.9539
2025-09-29 17:55:48,478 - root - INFO - new node validate loss: 0.3624
2025-09-29 17:55:48,478 - root - INFO - new node validate average_precision, 0.9240
2025-09-29 17:55:48,478 - root - INFO - new node validate roc_auc, 0.9131
2025-09-29 17:55:53,212 - root - INFO - test loss: 0.2843
2025-09-29 17:55:53,213 - root - INFO - test average_precision, 0.9562
2025-09-29 17:55:53,213 - root - INFO - best test average_precision: 0.9562
2025-09-29 17:55:53,213 - root - INFO - test roc_auc, 0.9525
2025-09-29 17:55:53,213 - root - INFO - new node test loss: 0.3412
2025-09-29 17:55:53,213 - root - INFO - new node test average_precision, 0.9369
2025-09-29 17:55:53,213 - root - INFO - new node test roc_auc, 0.9283
2025-09-29 17:55:53,213 - root - INFO - save model ./saved_models/JODIE/wikipedia/JODIE_seed3/JODIE_seed3.pkl
2025-09-29 17:56:12,857 - root - INFO - Epoch: 20, learning rate: 0.0001, train loss: 0.2700
2025-09-29 17:56:12,857 - root - INFO - train average_precision, 0.9553
2025-09-29 17:56:12,857 - root - INFO - train roc_auc, 0.9534
2025-09-29 17:56:12,857 - root - INFO - validate loss: 0.2790
2025-09-29 17:56:12,857 - root - INFO - validate average_precision, 0.9578
2025-09-29 17:56:12,857 - root - INFO - validate roc_auc, 0.9532
2025-09-29 17:56:12,858 - root - INFO - new node validate loss: 0.3602
2025-09-29 17:56:12,858 - root - INFO - new node validate average_precision, 0.9248
2025-09-29 17:56:12,858 - root - INFO - new node validate roc_auc, 0.9150
2025-09-29 17:56:17,596 - root - INFO - test loss: 0.2819
2025-09-29 17:56:17,596 - root - INFO - test average_precision, 0.9563
2025-09-29 17:56:17,597 - root - INFO - best test average_precision: 0.9563
2025-09-29 17:56:17,597 - root - INFO - test roc_auc, 0.9533
2025-09-29 17:56:17,597 - root - INFO - new node test loss: 0.3388
2025-09-29 17:56:17,597 - root - INFO - new node test average_precision, 0.9364
2025-09-29 17:56:17,597 - root - INFO - new node test roc_auc, 0.9299
2025-09-29 17:56:36,049 - root - INFO - Epoch: 21, learning rate: 0.0001, train loss: 0.2722
2025-09-29 17:56:36,049 - root - INFO - train average_precision, 0.9546
2025-09-29 17:56:36,050 - root - INFO - train roc_auc, 0.9528
2025-09-29 17:56:36,050 - root - INFO - validate loss: 0.2758
2025-09-29 17:56:36,050 - root - INFO - validate average_precision, 0.9580
2025-09-29 17:56:36,050 - root - INFO - validate roc_auc, 0.9537
2025-09-29 17:56:36,050 - root - INFO - new node validate loss: 0.3560
2025-09-29 17:56:36,050 - root - INFO - new node validate average_precision, 0.9256
2025-09-29 17:56:36,050 - root - INFO - new node validate roc_auc, 0.9154
2025-09-29 17:56:40,811 - root - INFO - test loss: 0.2829
2025-09-29 17:56:40,811 - root - INFO - test average_precision, 0.9559
2025-09-29 17:56:40,811 - root - INFO - best test average_precision: 0.9563
2025-09-29 17:56:40,811 - root - INFO - test roc_auc, 0.9524
2025-09-29 17:56:40,811 - root - INFO - new node test loss: 0.3392
2025-09-29 17:56:40,812 - root - INFO - new node test average_precision, 0.9372
2025-09-29 17:56:40,812 - root - INFO - new node test roc_auc, 0.9292
2025-09-29 17:56:59,382 - root - INFO - Epoch: 22, learning rate: 0.0001, train loss: 0.2632
2025-09-29 17:56:59,382 - root - INFO - train average_precision, 0.9569
2025-09-29 17:56:59,382 - root - INFO - train roc_auc, 0.9555
2025-09-29 17:56:59,382 - root - INFO - validate loss: 0.2745
2025-09-29 17:56:59,382 - root - INFO - validate average_precision, 0.9587
2025-09-29 17:56:59,382 - root - INFO - validate roc_auc, 0.9546
2025-09-29 17:56:59,382 - root - INFO - new node validate loss: 0.3613
2025-09-29 17:56:59,382 - root - INFO - new node validate average_precision, 0.9244
2025-09-29 17:56:59,383 - root - INFO - new node validate roc_auc, 0.9144
2025-09-29 17:57:04,130 - root - INFO - test loss: 0.2777
2025-09-29 17:57:04,130 - root - INFO - test average_precision, 0.9573
2025-09-29 17:57:04,130 - root - INFO - best test average_precision: 0.9573
2025-09-29 17:57:04,130 - root - INFO - test roc_auc, 0.9542
2025-09-29 17:57:04,130 - root - INFO - new node test loss: 0.3389
2025-09-29 17:57:04,130 - root - INFO - new node test average_precision, 0.9367
2025-09-29 17:57:04,130 - root - INFO - new node test roc_auc, 0.9289
2025-09-29 17:57:04,130 - root - INFO - save model ./saved_models/JODIE/wikipedia/JODIE_seed3/JODIE_seed3.pkl
2025-09-29 17:57:23,675 - root - INFO - Epoch: 23, learning rate: 0.0001, train loss: 0.2638
2025-09-29 17:57:23,675 - root - INFO - train average_precision, 0.9569
2025-09-29 17:57:23,675 - root - INFO - train roc_auc, 0.9553
2025-09-29 17:57:23,676 - root - INFO - validate loss: 0.2767
2025-09-29 17:57:23,676 - root - INFO - validate average_precision, 0.9586
2025-09-29 17:57:23,676 - root - INFO - validate roc_auc, 0.9543
2025-09-29 17:57:23,676 - root - INFO - new node validate loss: 0.3677
2025-09-29 17:57:23,676 - root - INFO - new node validate average_precision, 0.9240
2025-09-29 17:57:23,676 - root - INFO - new node validate roc_auc, 0.9133
2025-09-29 17:57:28,423 - root - INFO - test loss: 0.2920
2025-09-29 17:57:28,423 - root - INFO - test average_precision, 0.9523
2025-09-29 17:57:28,424 - root - INFO - best test average_precision: 0.9573
2025-09-29 17:57:28,424 - root - INFO - test roc_auc, 0.9502
2025-09-29 17:57:28,424 - root - INFO - new node test loss: 0.3507
2025-09-29 17:57:28,424 - root - INFO - new node test average_precision, 0.9325
2025-09-29 17:57:28,424 - root - INFO - new node test roc_auc, 0.9249
2025-09-29 17:57:46,926 - root - INFO - Epoch: 24, learning rate: 0.0001, train loss: 0.2618
2025-09-29 17:57:46,926 - root - INFO - train average_precision, 0.9573
2025-09-29 17:57:46,926 - root - INFO - train roc_auc, 0.9559
2025-09-29 17:57:46,926 - root - INFO - validate loss: 0.2743
2025-09-29 17:57:46,926 - root - INFO - validate average_precision, 0.9590
2025-09-29 17:57:46,926 - root - INFO - validate roc_auc, 0.9544
2025-09-29 17:57:46,926 - root - INFO - new node validate loss: 0.3565
2025-09-29 17:57:46,927 - root - INFO - new node validate average_precision, 0.9268
2025-09-29 17:57:46,927 - root - INFO - new node validate roc_auc, 0.9167
2025-09-29 17:57:51,704 - root - INFO - test loss: 0.2910
2025-09-29 17:57:51,704 - root - INFO - test average_precision, 0.9532
2025-09-29 17:57:51,704 - root - INFO - best test average_precision: 0.9573
2025-09-29 17:57:51,704 - root - INFO - test roc_auc, 0.9504
2025-09-29 17:57:51,704 - root - INFO - new node test loss: 0.3349
2025-09-29 17:57:51,704 - root - INFO - new node test average_precision, 0.9374
2025-09-29 17:57:51,704 - root - INFO - new node test roc_auc, 0.9307
2025-09-29 17:58:10,133 - root - INFO - Epoch: 25, learning rate: 0.0001, train loss: 0.2558
2025-09-29 17:58:10,133 - root - INFO - train average_precision, 0.9593
2025-09-29 17:58:10,133 - root - INFO - train roc_auc, 0.9579
2025-09-29 17:58:10,133 - root - INFO - validate loss: 0.2746
2025-09-29 17:58:10,133 - root - INFO - validate average_precision, 0.9600
2025-09-29 17:58:10,133 - root - INFO - validate roc_auc, 0.9556
2025-09-29 17:58:10,133 - root - INFO - new node validate loss: 0.3652
2025-09-29 17:58:10,133 - root - INFO - new node validate average_precision, 0.9259
2025-09-29 17:58:10,133 - root - INFO - new node validate roc_auc, 0.9147
2025-09-29 17:58:14,865 - root - INFO - test loss: 0.2761
2025-09-29 17:58:14,865 - root - INFO - test average_precision, 0.9578
2025-09-29 17:58:14,865 - root - INFO - best test average_precision: 0.9578
2025-09-29 17:58:14,865 - root - INFO - test roc_auc, 0.9554
2025-09-29 17:58:14,865 - root - INFO - new node test loss: 0.3367
2025-09-29 17:58:14,865 - root - INFO - new node test average_precision, 0.9382
2025-09-29 17:58:14,865 - root - INFO - new node test roc_auc, 0.9303
2025-09-29 17:58:14,865 - root - INFO - save model ./saved_models/JODIE/wikipedia/JODIE_seed3/JODIE_seed3.pkl
2025-09-29 17:58:34,470 - root - INFO - Epoch: 26, learning rate: 0.0001, train loss: 0.2568
2025-09-29 17:58:34,470 - root - INFO - train average_precision, 0.9587
2025-09-29 17:58:34,470 - root - INFO - train roc_auc, 0.9575
2025-09-29 17:58:34,470 - root - INFO - validate loss: 0.2675
2025-09-29 17:58:34,470 - root - INFO - validate average_precision, 0.9611
2025-09-29 17:58:34,470 - root - INFO - validate roc_auc, 0.9573
2025-09-29 17:58:34,470 - root - INFO - new node validate loss: 0.3517
2025-09-29 17:58:34,470 - root - INFO - new node validate average_precision, 0.9284
2025-09-29 17:58:34,470 - root - INFO - new node validate roc_auc, 0.9194
2025-09-29 17:58:39,206 - root - INFO - test loss: 0.2782
2025-09-29 17:58:39,206 - root - INFO - test average_precision, 0.9581
2025-09-29 17:58:39,206 - root - INFO - best test average_precision: 0.9581
2025-09-29 17:58:39,206 - root - INFO - test roc_auc, 0.9547
2025-09-29 17:58:39,207 - root - INFO - new node test loss: 0.3347
2025-09-29 17:58:39,207 - root - INFO - new node test average_precision, 0.9374
2025-09-29 17:58:39,207 - root - INFO - new node test roc_auc, 0.9308
2025-09-29 17:58:39,207 - root - INFO - save model ./saved_models/JODIE/wikipedia/JODIE_seed3/JODIE_seed3.pkl
2025-09-29 17:58:58,835 - root - INFO - Epoch: 27, learning rate: 0.0001, train loss: 0.2511
2025-09-29 17:58:58,835 - root - INFO - train average_precision, 0.9604
2025-09-29 17:58:58,835 - root - INFO - train roc_auc, 0.9590
2025-09-29 17:58:58,835 - root - INFO - validate loss: 0.2635
2025-09-29 17:58:58,835 - root - INFO - validate average_precision, 0.9629
2025-09-29 17:58:58,836 - root - INFO - validate roc_auc, 0.9586
2025-09-29 17:58:58,836 - root - INFO - new node validate loss: 0.3549
2025-09-29 17:58:58,836 - root - INFO - new node validate average_precision, 0.9288
2025-09-29 17:58:58,836 - root - INFO - new node validate roc_auc, 0.9186
2025-09-29 17:59:03,563 - root - INFO - test loss: 0.2717
2025-09-29 17:59:03,563 - root - INFO - test average_precision, 0.9604
2025-09-29 17:59:03,563 - root - INFO - best test average_precision: 0.9604
2025-09-29 17:59:03,563 - root - INFO - test roc_auc, 0.9573
2025-09-29 17:59:03,563 - root - INFO - new node test loss: 0.3374
2025-09-29 17:59:03,563 - root - INFO - new node test average_precision, 0.9383
2025-09-29 17:59:03,563 - root - INFO - new node test roc_auc, 0.9309
2025-09-29 17:59:03,563 - root - INFO - save model ./saved_models/JODIE/wikipedia/JODIE_seed3/JODIE_seed3.pkl
2025-09-29 17:59:23,250 - root - INFO - Epoch: 28, learning rate: 0.0001, train loss: 0.2509
2025-09-29 17:59:23,250 - root - INFO - train average_precision, 0.9604
2025-09-29 17:59:23,251 - root - INFO - train roc_auc, 0.9591
2025-09-29 17:59:23,251 - root - INFO - validate loss: 0.2636
2025-09-29 17:59:23,251 - root - INFO - validate average_precision, 0.9622
2025-09-29 17:59:23,251 - root - INFO - validate roc_auc, 0.9581
2025-09-29 17:59:23,251 - root - INFO - new node validate loss: 0.3468
2025-09-29 17:59:23,251 - root - INFO - new node validate average_precision, 0.9303
2025-09-29 17:59:23,251 - root - INFO - new node validate roc_auc, 0.9209
2025-09-29 17:59:27,982 - root - INFO - test loss: 0.2698
2025-09-29 17:59:27,982 - root - INFO - test average_precision, 0.9597
2025-09-29 17:59:27,982 - root - INFO - best test average_precision: 0.9604
2025-09-29 17:59:27,982 - root - INFO - test roc_auc, 0.9570
2025-09-29 17:59:27,982 - root - INFO - new node test loss: 0.3294
2025-09-29 17:59:27,982 - root - INFO - new node test average_precision, 0.9395
2025-09-29 17:59:27,982 - root - INFO - new node test roc_auc, 0.9326
2025-09-29 17:59:46,417 - root - INFO - Epoch: 29, learning rate: 0.0001, train loss: 0.2539
2025-09-29 17:59:46,417 - root - INFO - train average_precision, 0.9596
2025-09-29 17:59:46,417 - root - INFO - train roc_auc, 0.9581
2025-09-29 17:59:46,418 - root - INFO - validate loss: 0.2606
2025-09-29 17:59:46,418 - root - INFO - validate average_precision, 0.9636
2025-09-29 17:59:46,418 - root - INFO - validate roc_auc, 0.9596
2025-09-29 17:59:46,418 - root - INFO - new node validate loss: 0.3477
2025-09-29 17:59:46,418 - root - INFO - new node validate average_precision, 0.9308
2025-09-29 17:59:46,418 - root - INFO - new node validate roc_auc, 0.9227
2025-09-29 17:59:51,165 - root - INFO - test loss: 0.2711
2025-09-29 17:59:51,165 - root - INFO - test average_precision, 0.9603
2025-09-29 17:59:51,165 - root - INFO - best test average_precision: 0.9604
2025-09-29 17:59:51,165 - root - INFO - test roc_auc, 0.9579
2025-09-29 17:59:51,165 - root - INFO - new node test loss: 0.3287
2025-09-29 17:59:51,165 - root - INFO - new node test average_precision, 0.9429
2025-09-29 17:59:51,166 - root - INFO - new node test roc_auc, 0.9359
2025-09-29 17:59:51,166 - root - INFO - save model ./saved_models/JODIE/wikipedia/JODIE_seed3/JODIE_seed3.pkl
2025-09-29 18:00:10,799 - root - INFO - Epoch: 30, learning rate: 0.0001, train loss: 0.2458
2025-09-29 18:00:10,799 - root - INFO - train average_precision, 0.9615
2025-09-29 18:00:10,799 - root - INFO - train roc_auc, 0.9604
2025-09-29 18:00:10,800 - root - INFO - validate loss: 0.2586
2025-09-29 18:00:10,800 - root - INFO - validate average_precision, 0.9642
2025-09-29 18:00:10,800 - root - INFO - validate roc_auc, 0.9605
2025-09-29 18:00:10,800 - root - INFO - new node validate loss: 0.3487
2025-09-29 18:00:10,800 - root - INFO - new node validate average_precision, 0.9313
2025-09-29 18:00:10,800 - root - INFO - new node validate roc_auc, 0.9228
2025-09-29 18:00:15,523 - root - INFO - test loss: 0.2610
2025-09-29 18:00:15,523 - root - INFO - test average_precision, 0.9626
2025-09-29 18:00:15,523 - root - INFO - best test average_precision: 0.9626
2025-09-29 18:00:15,523 - root - INFO - test roc_auc, 0.9601
2025-09-29 18:00:15,523 - root - INFO - new node test loss: 0.3292
2025-09-29 18:00:15,523 - root - INFO - new node test average_precision, 0.9412
2025-09-29 18:00:15,523 - root - INFO - new node test roc_auc, 0.9343
2025-09-29 18:00:15,524 - root - INFO - save model ./saved_models/JODIE/wikipedia/JODIE_seed3/JODIE_seed3.pkl
2025-09-29 18:00:34,995 - root - INFO - Epoch: 31, learning rate: 0.0001, train loss: 0.2462
2025-09-29 18:00:34,996 - root - INFO - train average_precision, 0.9617
2025-09-29 18:00:34,996 - root - INFO - train roc_auc, 0.9606
2025-09-29 18:00:34,996 - root - INFO - validate loss: 0.2601
2025-09-29 18:00:34,996 - root - INFO - validate average_precision, 0.9640
2025-09-29 18:00:34,996 - root - INFO - validate roc_auc, 0.9602
2025-09-29 18:00:34,996 - root - INFO - new node validate loss: 0.3514
2025-09-29 18:00:34,996 - root - INFO - new node validate average_precision, 0.9303
2025-09-29 18:00:34,996 - root - INFO - new node validate roc_auc, 0.9213
2025-09-29 18:00:39,752 - root - INFO - test loss: 0.2612
2025-09-29 18:00:39,753 - root - INFO - test average_precision, 0.9628
2025-09-29 18:00:39,753 - root - INFO - best test average_precision: 0.9628
2025-09-29 18:00:39,753 - root - INFO - test roc_auc, 0.9605
2025-09-29 18:00:39,753 - root - INFO - new node test loss: 0.3391
2025-09-29 18:00:39,753 - root - INFO - new node test average_precision, 0.9398
2025-09-29 18:00:39,753 - root - INFO - new node test roc_auc, 0.9328
2025-09-29 18:00:58,160 - root - INFO - Epoch: 32, learning rate: 0.0001, train loss: 0.2417
2025-09-29 18:00:58,160 - root - INFO - train average_precision, 0.9625
2025-09-29 18:00:58,160 - root - INFO - train roc_auc, 0.9617
2025-09-29 18:00:58,160 - root - INFO - validate loss: 0.2591
2025-09-29 18:00:58,160 - root - INFO - validate average_precision, 0.9640
2025-09-29 18:00:58,160 - root - INFO - validate roc_auc, 0.9604
2025-09-29 18:00:58,160 - root - INFO - new node validate loss: 0.3472
2025-09-29 18:00:58,160 - root - INFO - new node validate average_precision, 0.9321
2025-09-29 18:00:58,161 - root - INFO - new node validate roc_auc, 0.9236
2025-09-29 18:01:02,901 - root - INFO - test loss: 0.2623
2025-09-29 18:01:02,901 - root - INFO - test average_precision, 0.9619
2025-09-29 18:01:02,901 - root - INFO - best test average_precision: 0.9628
2025-09-29 18:01:02,901 - root - INFO - test roc_auc, 0.9601
2025-09-29 18:01:02,901 - root - INFO - new node test loss: 0.3321
2025-09-29 18:01:02,901 - root - INFO - new node test average_precision, 0.9417
2025-09-29 18:01:02,901 - root - INFO - new node test roc_auc, 0.9347
2025-09-29 18:01:21,372 - root - INFO - Epoch: 33, learning rate: 0.0001, train loss: 0.2429
2025-09-29 18:01:21,373 - root - INFO - train average_precision, 0.9621
2025-09-29 18:01:21,373 - root - INFO - train roc_auc, 0.9615
2025-09-29 18:01:21,373 - root - INFO - validate loss: 0.2577
2025-09-29 18:01:21,373 - root - INFO - validate average_precision, 0.9641
2025-09-29 18:01:21,373 - root - INFO - validate roc_auc, 0.9603
2025-09-29 18:01:21,373 - root - INFO - new node validate loss: 0.3466
2025-09-29 18:01:21,373 - root - INFO - new node validate average_precision, 0.9312
2025-09-29 18:01:21,373 - root - INFO - new node validate roc_auc, 0.9230
2025-09-29 18:01:26,142 - root - INFO - test loss: 0.2609
2025-09-29 18:01:26,142 - root - INFO - test average_precision, 0.9624
2025-09-29 18:01:26,143 - root - INFO - best test average_precision: 0.9628
2025-09-29 18:01:26,143 - root - INFO - test roc_auc, 0.9598
2025-09-29 18:01:26,143 - root - INFO - new node test loss: 0.3317
2025-09-29 18:01:26,143 - root - INFO - new node test average_precision, 0.9402
2025-09-29 18:01:26,143 - root - INFO - new node test roc_auc, 0.9330
2025-09-29 18:01:44,765 - root - INFO - Epoch: 34, learning rate: 0.0001, train loss: 0.2382
2025-09-29 18:01:44,765 - root - INFO - train average_precision, 0.9633
2025-09-29 18:01:44,765 - root - INFO - train roc_auc, 0.9627
2025-09-29 18:01:44,765 - root - INFO - validate loss: 0.2545
2025-09-29 18:01:44,765 - root - INFO - validate average_precision, 0.9652
2025-09-29 18:01:44,765 - root - INFO - validate roc_auc, 0.9616
2025-09-29 18:01:44,765 - root - INFO - new node validate loss: 0.3439
2025-09-29 18:01:44,765 - root - INFO - new node validate average_precision, 0.9327
2025-09-29 18:01:44,765 - root - INFO - new node validate roc_auc, 0.9247
2025-09-29 18:01:49,546 - root - INFO - test loss: 0.2605
2025-09-29 18:01:49,546 - root - INFO - test average_precision, 0.9637
2025-09-29 18:01:49,546 - root - INFO - best test average_precision: 0.9637
2025-09-29 18:01:49,546 - root - INFO - test roc_auc, 0.9610
2025-09-29 18:01:49,546 - root - INFO - new node test loss: 0.3331
2025-09-29 18:01:49,546 - root - INFO - new node test average_precision, 0.9417
2025-09-29 18:01:49,546 - root - INFO - new node test roc_auc, 0.9347
2025-09-29 18:01:49,546 - root - INFO - save model ./saved_models/JODIE/wikipedia/JODIE_seed3/JODIE_seed3.pkl
2025-09-29 18:02:09,053 - root - INFO - Epoch: 35, learning rate: 0.0001, train loss: 0.2371
2025-09-29 18:02:09,053 - root - INFO - train average_precision, 0.9632
2025-09-29 18:02:09,053 - root - INFO - train roc_auc, 0.9629
2025-09-29 18:02:09,053 - root - INFO - validate loss: 0.2642
2025-09-29 18:02:09,054 - root - INFO - validate average_precision, 0.9635
2025-09-29 18:02:09,054 - root - INFO - validate roc_auc, 0.9595
2025-09-29 18:02:09,054 - root - INFO - new node validate loss: 0.3453
2025-09-29 18:02:09,054 - root - INFO - new node validate average_precision, 0.9323
2025-09-29 18:02:09,054 - root - INFO - new node validate roc_auc, 0.9249
2025-09-29 18:02:13,775 - root - INFO - test loss: 0.2799
2025-09-29 18:02:13,775 - root - INFO - test average_precision, 0.9586
2025-09-29 18:02:13,775 - root - INFO - best test average_precision: 0.9637
2025-09-29 18:02:13,775 - root - INFO - test roc_auc, 0.9555
2025-09-29 18:02:13,775 - root - INFO - new node test loss: 0.3399
2025-09-29 18:02:13,775 - root - INFO - new node test average_precision, 0.9388
2025-09-29 18:02:13,775 - root - INFO - new node test roc_auc, 0.9320
2025-09-29 18:02:32,200 - root - INFO - Epoch: 36, learning rate: 0.0001, train loss: 0.2367
2025-09-29 18:02:32,200 - root - INFO - train average_precision, 0.9640
2025-09-29 18:02:32,201 - root - INFO - train roc_auc, 0.9632
2025-09-29 18:02:32,201 - root - INFO - validate loss: 0.2649
2025-09-29 18:02:32,201 - root - INFO - validate average_precision, 0.9638
2025-09-29 18:02:32,201 - root - INFO - validate roc_auc, 0.9599
2025-09-29 18:02:32,201 - root - INFO - new node validate loss: 0.3487
2025-09-29 18:02:32,201 - root - INFO - new node validate average_precision, 0.9326
2025-09-29 18:02:32,201 - root - INFO - new node validate roc_auc, 0.9245
2025-09-29 18:02:36,968 - root - INFO - test loss: 0.2801
2025-09-29 18:02:36,968 - root - INFO - test average_precision, 0.9598
2025-09-29 18:02:36,968 - root - INFO - best test average_precision: 0.9637
2025-09-29 18:02:36,968 - root - INFO - test roc_auc, 0.9563
2025-09-29 18:02:36,968 - root - INFO - new node test loss: 0.3331
2025-09-29 18:02:36,968 - root - INFO - new node test average_precision, 0.9435
2025-09-29 18:02:36,968 - root - INFO - new node test roc_auc, 0.9352
2025-09-29 18:02:55,444 - root - INFO - Epoch: 37, learning rate: 0.0001, train loss: 0.2308
2025-09-29 18:02:55,445 - root - INFO - train average_precision, 0.9650
2025-09-29 18:02:55,445 - root - INFO - train roc_auc, 0.9646
2025-09-29 18:02:55,445 - root - INFO - validate loss: 0.2531
2025-09-29 18:02:55,445 - root - INFO - validate average_precision, 0.9656
2025-09-29 18:02:55,445 - root - INFO - validate roc_auc, 0.9623
2025-09-29 18:02:55,445 - root - INFO - new node validate loss: 0.3432
2025-09-29 18:02:55,445 - root - INFO - new node validate average_precision, 0.9335
2025-09-29 18:02:55,445 - root - INFO - new node validate roc_auc, 0.9253
2025-09-29 18:03:00,200 - root - INFO - test loss: 0.2600
2025-09-29 18:03:00,200 - root - INFO - test average_precision, 0.9640
2025-09-29 18:03:00,200 - root - INFO - best test average_precision: 0.9640
2025-09-29 18:03:00,200 - root - INFO - test roc_auc, 0.9613
2025-09-29 18:03:00,200 - root - INFO - new node test loss: 0.3381
2025-09-29 18:03:00,200 - root - INFO - new node test average_precision, 0.9406
2025-09-29 18:03:00,200 - root - INFO - new node test roc_auc, 0.9338
2025-09-29 18:03:00,200 - root - INFO - save model ./saved_models/JODIE/wikipedia/JODIE_seed3/JODIE_seed3.pkl
2025-09-29 18:03:19,879 - root - INFO - Epoch: 38, learning rate: 0.0001, train loss: 0.2305
2025-09-29 18:03:19,880 - root - INFO - train average_precision, 0.9655
2025-09-29 18:03:19,880 - root - INFO - train roc_auc, 0.9650
2025-09-29 18:03:19,880 - root - INFO - validate loss: 0.2519
2025-09-29 18:03:19,880 - root - INFO - validate average_precision, 0.9665
2025-09-29 18:03:19,880 - root - INFO - validate roc_auc, 0.9627
2025-09-29 18:03:19,880 - root - INFO - new node validate loss: 0.3398
2025-09-29 18:03:19,880 - root - INFO - new node validate average_precision, 0.9344
2025-09-29 18:03:19,880 - root - INFO - new node validate roc_auc, 0.9263
2025-09-29 18:03:24,661 - root - INFO - test loss: 0.2559
2025-09-29 18:03:24,661 - root - INFO - test average_precision, 0.9647
2025-09-29 18:03:24,661 - root - INFO - best test average_precision: 0.9647
2025-09-29 18:03:24,661 - root - INFO - test roc_auc, 0.9618
2025-09-29 18:03:24,661 - root - INFO - new node test loss: 0.3294
2025-09-29 18:03:24,661 - root - INFO - new node test average_precision, 0.9434
2025-09-29 18:03:24,661 - root - INFO - new node test roc_auc, 0.9356
2025-09-29 18:03:24,661 - root - INFO - save model ./saved_models/JODIE/wikipedia/JODIE_seed3/JODIE_seed3.pkl
2025-09-29 18:03:44,277 - root - INFO - Epoch: 39, learning rate: 0.0001, train loss: 0.2266
2025-09-29 18:03:44,277 - root - INFO - train average_precision, 0.9661
2025-09-29 18:03:44,277 - root - INFO - train roc_auc, 0.9657
2025-09-29 18:03:44,277 - root - INFO - validate loss: 0.2571
2025-09-29 18:03:44,277 - root - INFO - validate average_precision, 0.9659
2025-09-29 18:03:44,277 - root - INFO - validate roc_auc, 0.9622
2025-09-29 18:03:44,277 - root - INFO - new node validate loss: 0.3481
2025-09-29 18:03:44,277 - root - INFO - new node validate average_precision, 0.9334
2025-09-29 18:03:44,277 - root - INFO - new node validate roc_auc, 0.9251
2025-09-29 18:03:48,991 - root - INFO - test loss: 0.2608
2025-09-29 18:03:48,991 - root - INFO - test average_precision, 0.9645
2025-09-29 18:03:48,991 - root - INFO - best test average_precision: 0.9647
2025-09-29 18:03:48,991 - root - INFO - test roc_auc, 0.9616
2025-09-29 18:03:48,992 - root - INFO - new node test loss: 0.3442
2025-09-29 18:03:48,992 - root - INFO - new node test average_precision, 0.9407
2025-09-29 18:03:48,992 - root - INFO - new node test roc_auc, 0.9330
2025-09-29 18:04:07,463 - root - INFO - Epoch: 40, learning rate: 0.0001, train loss: 0.2247
2025-09-29 18:04:07,463 - root - INFO - train average_precision, 0.9668
2025-09-29 18:04:07,463 - root - INFO - train roc_auc, 0.9664
2025-09-29 18:04:07,464 - root - INFO - validate loss: 0.2572
2025-09-29 18:04:07,464 - root - INFO - validate average_precision, 0.9658
2025-09-29 18:04:07,464 - root - INFO - validate roc_auc, 0.9623
2025-09-29 18:04:07,464 - root - INFO - new node validate loss: 0.3415
2025-09-29 18:04:07,464 - root - INFO - new node validate average_precision, 0.9351
2025-09-29 18:04:07,464 - root - INFO - new node validate roc_auc, 0.9276
2025-09-29 18:04:12,211 - root - INFO - test loss: 0.2547
2025-09-29 18:04:12,211 - root - INFO - test average_precision, 0.9657
2025-09-29 18:04:12,211 - root - INFO - best test average_precision: 0.9657
2025-09-29 18:04:12,211 - root - INFO - test roc_auc, 0.9631
2025-09-29 18:04:12,211 - root - INFO - new node test loss: 0.3302
2025-09-29 18:04:12,211 - root - INFO - new node test average_precision, 0.9434
2025-09-29 18:04:12,211 - root - INFO - new node test roc_auc, 0.9371
2025-09-29 18:04:30,624 - root - INFO - Epoch: 41, learning rate: 0.0001, train loss: 0.2250
2025-09-29 18:04:30,624 - root - INFO - train average_precision, 0.9667
2025-09-29 18:04:30,625 - root - INFO - train roc_auc, 0.9664
2025-09-29 18:04:30,625 - root - INFO - validate loss: 0.2539
2025-09-29 18:04:30,625 - root - INFO - validate average_precision, 0.9660
2025-09-29 18:04:30,625 - root - INFO - validate roc_auc, 0.9625
2025-09-29 18:04:30,625 - root - INFO - new node validate loss: 0.3404
2025-09-29 18:04:30,625 - root - INFO - new node validate average_precision, 0.9347
2025-09-29 18:04:30,625 - root - INFO - new node validate roc_auc, 0.9271
2025-09-29 18:04:35,349 - root - INFO - test loss: 0.2598
2025-09-29 18:04:35,349 - root - INFO - test average_precision, 0.9647
2025-09-29 18:04:35,349 - root - INFO - best test average_precision: 0.9657
2025-09-29 18:04:35,349 - root - INFO - test roc_auc, 0.9618
2025-09-29 18:04:35,349 - root - INFO - new node test loss: 0.3241
2025-09-29 18:04:35,349 - root - INFO - new node test average_precision, 0.9434
2025-09-29 18:04:35,349 - root - INFO - new node test roc_auc, 0.9379
2025-09-29 18:04:53,763 - root - INFO - Epoch: 42, learning rate: 0.0001, train loss: 0.2211
2025-09-29 18:04:53,763 - root - INFO - train average_precision, 0.9679
2025-09-29 18:04:53,764 - root - INFO - train roc_auc, 0.9674
2025-09-29 18:04:53,764 - root - INFO - validate loss: 0.2542
2025-09-29 18:04:53,764 - root - INFO - validate average_precision, 0.9654
2025-09-29 18:04:53,764 - root - INFO - validate roc_auc, 0.9624
2025-09-29 18:04:53,764 - root - INFO - new node validate loss: 0.3428
2025-09-29 18:04:53,764 - root - INFO - new node validate average_precision, 0.9342
2025-09-29 18:04:53,764 - root - INFO - new node validate roc_auc, 0.9267
2025-09-29 18:04:58,545 - root - INFO - test loss: 0.2643
2025-09-29 18:04:58,545 - root - INFO - test average_precision, 0.9629
2025-09-29 18:04:58,546 - root - INFO - best test average_precision: 0.9657
2025-09-29 18:04:58,546 - root - INFO - test roc_auc, 0.9606
2025-09-29 18:04:58,546 - root - INFO - new node test loss: 0.3335
2025-09-29 18:04:58,546 - root - INFO - new node test average_precision, 0.9417
2025-09-29 18:04:58,546 - root - INFO - new node test roc_auc, 0.9356
2025-09-29 18:05:17,075 - root - INFO - Epoch: 43, learning rate: 0.0001, train loss: 0.2232
2025-09-29 18:05:17,075 - root - INFO - train average_precision, 0.9673
2025-09-29 18:05:17,075 - root - INFO - train roc_auc, 0.9667
2025-09-29 18:05:17,075 - root - INFO - validate loss: 0.2572
2025-09-29 18:05:17,075 - root - INFO - validate average_precision, 0.9647
2025-09-29 18:05:17,075 - root - INFO - validate roc_auc, 0.9610
2025-09-29 18:05:17,076 - root - INFO - new node validate loss: 0.3458
2025-09-29 18:05:17,076 - root - INFO - new node validate average_precision, 0.9335
2025-09-29 18:05:17,076 - root - INFO - new node validate roc_auc, 0.9251
2025-09-29 18:05:21,868 - root - INFO - test loss: 0.2578
2025-09-29 18:05:21,869 - root - INFO - test average_precision, 0.9645
2025-09-29 18:05:21,869 - root - INFO - best test average_precision: 0.9657
2025-09-29 18:05:21,869 - root - INFO - test roc_auc, 0.9618
2025-09-29 18:05:21,869 - root - INFO - new node test loss: 0.3353
2025-09-29 18:05:21,869 - root - INFO - new node test average_precision, 0.9427
2025-09-29 18:05:21,869 - root - INFO - new node test roc_auc, 0.9350
2025-09-29 18:05:40,314 - root - INFO - Epoch: 44, learning rate: 0.0001, train loss: 0.2187
2025-09-29 18:05:40,315 - root - INFO - train average_precision, 0.9680
2025-09-29 18:05:40,315 - root - INFO - train roc_auc, 0.9679
2025-09-29 18:05:40,315 - root - INFO - validate loss: 0.2556
2025-09-29 18:05:40,315 - root - INFO - validate average_precision, 0.9660
2025-09-29 18:05:40,315 - root - INFO - validate roc_auc, 0.9626
2025-09-29 18:05:40,315 - root - INFO - new node validate loss: 0.3443
2025-09-29 18:05:40,315 - root - INFO - new node validate average_precision, 0.9347
2025-09-29 18:05:40,315 - root - INFO - new node validate roc_auc, 0.9271
2025-09-29 18:05:45,069 - root - INFO - test loss: 0.2542
2025-09-29 18:05:45,070 - root - INFO - test average_precision, 0.9656
2025-09-29 18:05:45,070 - root - INFO - best test average_precision: 0.9657
2025-09-29 18:05:45,070 - root - INFO - test roc_auc, 0.9632
2025-09-29 18:05:45,070 - root - INFO - new node test loss: 0.3230
2025-09-29 18:05:45,070 - root - INFO - new node test average_precision, 0.9442
2025-09-29 18:05:45,070 - root - INFO - new node test roc_auc, 0.9389
2025-09-29 18:06:03,662 - root - INFO - Epoch: 45, learning rate: 0.0001, train loss: 0.2164
2025-09-29 18:06:03,662 - root - INFO - train average_precision, 0.9689
2025-09-29 18:06:03,662 - root - INFO - train roc_auc, 0.9686
2025-09-29 18:06:03,662 - root - INFO - validate loss: 0.2548
2025-09-29 18:06:03,662 - root - INFO - validate average_precision, 0.9660
2025-09-29 18:06:03,662 - root - INFO - validate roc_auc, 0.9627
2025-09-29 18:06:03,663 - root - INFO - new node validate loss: 0.3435
2025-09-29 18:06:03,663 - root - INFO - new node validate average_precision, 0.9345
2025-09-29 18:06:03,663 - root - INFO - new node validate roc_auc, 0.9268
2025-09-29 18:06:08,432 - root - INFO - test loss: 0.2593
2025-09-29 18:06:08,432 - root - INFO - test average_precision, 0.9648
2025-09-29 18:06:08,432 - root - INFO - best test average_precision: 0.9657
2025-09-29 18:06:08,432 - root - INFO - test roc_auc, 0.9623
2025-09-29 18:06:08,432 - root - INFO - new node test loss: 0.3243
2025-09-29 18:06:08,432 - root - INFO - new node test average_precision, 0.9444
2025-09-29 18:06:08,432 - root - INFO - new node test roc_auc, 0.9387
2025-09-29 18:06:26,880 - root - INFO - Epoch: 46, learning rate: 0.0001, train loss: 0.2150
2025-09-29 18:06:26,880 - root - INFO - train average_precision, 0.9691
2025-09-29 18:06:26,880 - root - INFO - train roc_auc, 0.9688
2025-09-29 18:06:26,880 - root - INFO - validate loss: 0.2561
2025-09-29 18:06:26,880 - root - INFO - validate average_precision, 0.9661
2025-09-29 18:06:26,880 - root - INFO - validate roc_auc, 0.9627
2025-09-29 18:06:26,880 - root - INFO - new node validate loss: 0.3396
2025-09-29 18:06:26,880 - root - INFO - new node validate average_precision, 0.9356
2025-09-29 18:06:26,881 - root - INFO - new node validate roc_auc, 0.9280
2025-09-29 18:06:31,642 - root - INFO - test loss: 0.2599
2025-09-29 18:06:31,642 - root - INFO - test average_precision, 0.9646
2025-09-29 18:06:31,643 - root - INFO - best test average_precision: 0.9657
2025-09-29 18:06:31,643 - root - INFO - test roc_auc, 0.9622
2025-09-29 18:06:31,643 - root - INFO - new node test loss: 0.3236
2025-09-29 18:06:31,643 - root - INFO - new node test average_precision, 0.9444
2025-09-29 18:06:31,643 - root - INFO - new node test roc_auc, 0.9387
2025-09-29 18:06:50,135 - root - INFO - Epoch: 47, learning rate: 0.0001, train loss: 0.2153
2025-09-29 18:06:50,135 - root - INFO - train average_precision, 0.9687
2025-09-29 18:06:50,136 - root - INFO - train roc_auc, 0.9686
2025-09-29 18:06:50,136 - root - INFO - validate loss: 0.2585
2025-09-29 18:06:50,136 - root - INFO - validate average_precision, 0.9653
2025-09-29 18:06:50,136 - root - INFO - validate roc_auc, 0.9623
2025-09-29 18:06:50,136 - root - INFO - new node validate loss: 0.3445
2025-09-29 18:06:50,136 - root - INFO - new node validate average_precision, 0.9350
2025-09-29 18:06:50,136 - root - INFO - new node validate roc_auc, 0.9271
2025-09-29 18:06:54,904 - root - INFO - test loss: 0.2630
2025-09-29 18:06:54,904 - root - INFO - test average_precision, 0.9643
2025-09-29 18:06:54,904 - root - INFO - best test average_precision: 0.9657
2025-09-29 18:06:54,904 - root - INFO - test roc_auc, 0.9619
2025-09-29 18:06:54,904 - root - INFO - new node test loss: 0.3278
2025-09-29 18:06:54,904 - root - INFO - new node test average_precision, 0.9433
2025-09-29 18:06:54,904 - root - INFO - new node test roc_auc, 0.9383
2025-09-29 18:07:13,314 - root - INFO - Epoch: 48, learning rate: 0.0001, train loss: 0.2148
2025-09-29 18:07:13,314 - root - INFO - train average_precision, 0.9685
2025-09-29 18:07:13,314 - root - INFO - train roc_auc, 0.9686
2025-09-29 18:07:13,314 - root - INFO - validate loss: 0.2564
2025-09-29 18:07:13,314 - root - INFO - validate average_precision, 0.9662
2025-09-29 18:07:13,314 - root - INFO - validate roc_auc, 0.9626
2025-09-29 18:07:13,314 - root - INFO - new node validate loss: 0.3482
2025-09-29 18:07:13,314 - root - INFO - new node validate average_precision, 0.9343
2025-09-29 18:07:13,314 - root - INFO - new node validate roc_auc, 0.9260
2025-09-29 18:07:18,021 - root - INFO - test loss: 0.2631
2025-09-29 18:07:18,021 - root - INFO - test average_precision, 0.9639
2025-09-29 18:07:18,021 - root - INFO - best test average_precision: 0.9657
2025-09-29 18:07:18,021 - root - INFO - test roc_auc, 0.9617
2025-09-29 18:07:18,021 - root - INFO - new node test loss: 0.3374
2025-09-29 18:07:18,021 - root - INFO - new node test average_precision, 0.9396
2025-09-29 18:07:18,021 - root - INFO - new node test roc_auc, 0.9342
2025-09-29 18:07:36,488 - root - INFO - Epoch: 49, learning rate: 0.0001, train loss: 0.2119
2025-09-29 18:07:36,488 - root - INFO - train average_precision, 0.9695
2025-09-29 18:07:36,488 - root - INFO - train roc_auc, 0.9694
2025-09-29 18:07:36,488 - root - INFO - validate loss: 0.2521
2025-09-29 18:07:36,488 - root - INFO - validate average_precision, 0.9675
2025-09-29 18:07:36,488 - root - INFO - validate roc_auc, 0.9638
2025-09-29 18:07:36,488 - root - INFO - new node validate loss: 0.3413
2025-09-29 18:07:36,488 - root - INFO - new node validate average_precision, 0.9363
2025-09-29 18:07:36,488 - root - INFO - new node validate roc_auc, 0.9284
2025-09-29 18:07:41,210 - root - INFO - test loss: 0.2537
2025-09-29 18:07:41,210 - root - INFO - test average_precision, 0.9664
2025-09-29 18:07:41,210 - root - INFO - best test average_precision: 0.9664
2025-09-29 18:07:41,210 - root - INFO - test roc_auc, 0.9636
2025-09-29 18:07:41,210 - root - INFO - new node test loss: 0.3289
2025-09-29 18:07:41,211 - root - INFO - new node test average_precision, 0.9442
2025-09-29 18:07:41,211 - root - INFO - new node test roc_auc, 0.9373
2025-09-29 18:07:41,211 - root - INFO - save model ./saved_models/JODIE/wikipedia/JODIE_seed3/JODIE_seed3.pkl
2025-09-29 18:08:00,757 - root - INFO - Epoch: 50, learning rate: 0.0001, train loss: 0.2108
2025-09-29 18:08:00,757 - root - INFO - train average_precision, 0.9700
2025-09-29 18:08:00,758 - root - INFO - train roc_auc, 0.9700
2025-09-29 18:08:00,758 - root - INFO - validate loss: 0.2529
2025-09-29 18:08:00,758 - root - INFO - validate average_precision, 0.9666
2025-09-29 18:08:00,758 - root - INFO - validate roc_auc, 0.9631
2025-09-29 18:08:00,758 - root - INFO - new node validate loss: 0.3374
2025-09-29 18:08:00,758 - root - INFO - new node validate average_precision, 0.9370
2025-09-29 18:08:00,758 - root - INFO - new node validate roc_auc, 0.9293
2025-09-29 18:08:05,521 - root - INFO - test loss: 0.2538
2025-09-29 18:08:05,521 - root - INFO - test average_precision, 0.9662
2025-09-29 18:08:05,521 - root - INFO - best test average_precision: 0.9664
2025-09-29 18:08:05,521 - root - INFO - test roc_auc, 0.9632
2025-09-29 18:08:05,521 - root - INFO - new node test loss: 0.3185
2025-09-29 18:08:05,522 - root - INFO - new node test average_precision, 0.9450
2025-09-29 18:08:05,522 - root - INFO - new node test roc_auc, 0.9397
2025-09-29 18:08:23,904 - root - INFO - Epoch: 51, learning rate: 0.0001, train loss: 0.2073
2025-09-29 18:08:23,905 - root - INFO - train average_precision, 0.9705
2025-09-29 18:08:23,905 - root - INFO - train roc_auc, 0.9707
2025-09-29 18:08:23,905 - root - INFO - validate loss: 0.2547
2025-09-29 18:08:23,905 - root - INFO - validate average_precision, 0.9662
2025-09-29 18:08:23,905 - root - INFO - validate roc_auc, 0.9629
2025-09-29 18:08:23,905 - root - INFO - new node validate loss: 0.3438
2025-09-29 18:08:23,905 - root - INFO - new node validate average_precision, 0.9356
2025-09-29 18:08:23,905 - root - INFO - new node validate roc_auc, 0.9274
2025-09-29 18:08:28,634 - root - INFO - test loss: 0.2598
2025-09-29 18:08:28,634 - root - INFO - test average_precision, 0.9649
2025-09-29 18:08:28,634 - root - INFO - best test average_precision: 0.9664
2025-09-29 18:08:28,634 - root - INFO - test roc_auc, 0.9623
2025-09-29 18:08:28,634 - root - INFO - new node test loss: 0.3318
2025-09-29 18:08:28,634 - root - INFO - new node test average_precision, 0.9436
2025-09-29 18:08:28,634 - root - INFO - new node test roc_auc, 0.9371
2025-09-29 18:08:47,083 - root - INFO - Epoch: 52, learning rate: 0.0001, train loss: 0.2078
2025-09-29 18:08:47,083 - root - INFO - train average_precision, 0.9706
2025-09-29 18:08:47,083 - root - INFO - train roc_auc, 0.9705
2025-09-29 18:08:47,083 - root - INFO - validate loss: 0.2539
2025-09-29 18:08:47,083 - root - INFO - validate average_precision, 0.9669
2025-09-29 18:08:47,083 - root - INFO - validate roc_auc, 0.9634
2025-09-29 18:08:47,083 - root - INFO - new node validate loss: 0.3386
2025-09-29 18:08:47,083 - root - INFO - new node validate average_precision, 0.9364
2025-09-29 18:08:47,083 - root - INFO - new node validate roc_auc, 0.9296
2025-09-29 18:08:51,838 - root - INFO - test loss: 0.2581
2025-09-29 18:08:51,838 - root - INFO - test average_precision, 0.9657
2025-09-29 18:08:51,839 - root - INFO - best test average_precision: 0.9664
2025-09-29 18:08:51,839 - root - INFO - test roc_auc, 0.9627
2025-09-29 18:08:51,839 - root - INFO - new node test loss: 0.3160
2025-09-29 18:08:51,839 - root - INFO - new node test average_precision, 0.9468
2025-09-29 18:08:51,839 - root - INFO - new node test roc_auc, 0.9412
2025-09-29 18:09:10,340 - root - INFO - Epoch: 53, learning rate: 0.0001, train loss: 0.2066
2025-09-29 18:09:10,340 - root - INFO - train average_precision, 0.9708
2025-09-29 18:09:10,340 - root - INFO - train roc_auc, 0.9709
2025-09-29 18:09:10,340 - root - INFO - validate loss: 0.2548
2025-09-29 18:09:10,341 - root - INFO - validate average_precision, 0.9666
2025-09-29 18:09:10,341 - root - INFO - validate roc_auc, 0.9634
2025-09-29 18:09:10,341 - root - INFO - new node validate loss: 0.3437
2025-09-29 18:09:10,341 - root - INFO - new node validate average_precision, 0.9355
2025-09-29 18:09:10,341 - root - INFO - new node validate roc_auc, 0.9277
2025-09-29 18:09:15,071 - root - INFO - test loss: 0.2526
2025-09-29 18:09:15,072 - root - INFO - test average_precision, 0.9670
2025-09-29 18:09:15,072 - root - INFO - best test average_precision: 0.9670
2025-09-29 18:09:15,072 - root - INFO - test roc_auc, 0.9642
2025-09-29 18:09:15,072 - root - INFO - new node test loss: 0.3209
2025-09-29 18:09:15,072 - root - INFO - new node test average_precision, 0.9450
2025-09-29 18:09:15,072 - root - INFO - new node test roc_auc, 0.9403
2025-09-29 18:09:33,623 - root - INFO - Epoch: 54, learning rate: 0.0001, train loss: 0.2065
2025-09-29 18:09:33,624 - root - INFO - train average_precision, 0.9706
2025-09-29 18:09:33,624 - root - INFO - train roc_auc, 0.9708
2025-09-29 18:09:33,624 - root - INFO - validate loss: 0.2508
2025-09-29 18:09:33,624 - root - INFO - validate average_precision, 0.9680
2025-09-29 18:09:33,624 - root - INFO - validate roc_auc, 0.9647
2025-09-29 18:09:33,624 - root - INFO - new node validate loss: 0.3412
2025-09-29 18:09:33,624 - root - INFO - new node validate average_precision, 0.9369
2025-09-29 18:09:33,624 - root - INFO - new node validate roc_auc, 0.9295
2025-09-29 18:09:38,363 - root - INFO - test loss: 0.2517
2025-09-29 18:09:38,363 - root - INFO - test average_precision, 0.9673
2025-09-29 18:09:38,363 - root - INFO - best test average_precision: 0.9673
2025-09-29 18:09:38,363 - root - INFO - test roc_auc, 0.9647
2025-09-29 18:09:38,363 - root - INFO - new node test loss: 0.3245
2025-09-29 18:09:38,363 - root - INFO - new node test average_precision, 0.9449
2025-09-29 18:09:38,363 - root - INFO - new node test roc_auc, 0.9396
2025-09-29 18:09:38,363 - root - INFO - save model ./saved_models/JODIE/wikipedia/JODIE_seed3/JODIE_seed3.pkl
2025-09-29 18:09:57,853 - root - INFO - Epoch: 55, learning rate: 0.0001, train loss: 0.2058
2025-09-29 18:09:57,853 - root - INFO - train average_precision, 0.9705
2025-09-29 18:09:57,853 - root - INFO - train roc_auc, 0.9710
2025-09-29 18:09:57,853 - root - INFO - validate loss: 0.2517
2025-09-29 18:09:57,853 - root - INFO - validate average_precision, 0.9673
2025-09-29 18:09:57,853 - root - INFO - validate roc_auc, 0.9637
2025-09-29 18:09:57,853 - root - INFO - new node validate loss: 0.3390
2025-09-29 18:09:57,853 - root - INFO - new node validate average_precision, 0.9359
2025-09-29 18:09:57,853 - root - INFO - new node validate roc_auc, 0.9283
2025-09-29 18:10:02,578 - root - INFO - test loss: 0.2532
2025-09-29 18:10:02,578 - root - INFO - test average_precision, 0.9658
2025-09-29 18:10:02,578 - root - INFO - best test average_precision: 0.9673
2025-09-29 18:10:02,578 - root - INFO - test roc_auc, 0.9631
2025-09-29 18:10:02,578 - root - INFO - new node test loss: 0.3259
2025-09-29 18:10:02,578 - root - INFO - new node test average_precision, 0.9443
2025-09-29 18:10:02,578 - root - INFO - new node test roc_auc, 0.9378
2025-09-29 18:10:21,078 - root - INFO - Epoch: 56, learning rate: 0.0001, train loss: 0.2036
2025-09-29 18:10:21,078 - root - INFO - train average_precision, 0.9708
2025-09-29 18:10:21,078 - root - INFO - train roc_auc, 0.9714
2025-09-29 18:10:21,078 - root - INFO - validate loss: 0.2552
2025-09-29 18:10:21,078 - root - INFO - validate average_precision, 0.9667
2025-09-29 18:10:21,078 - root - INFO - validate roc_auc, 0.9631
2025-09-29 18:10:21,078 - root - INFO - new node validate loss: 0.3427
2025-09-29 18:10:21,078 - root - INFO - new node validate average_precision, 0.9363
2025-09-29 18:10:21,078 - root - INFO - new node validate roc_auc, 0.9285
2025-09-29 18:10:25,854 - root - INFO - test loss: 0.2540
2025-09-29 18:10:25,854 - root - INFO - test average_precision, 0.9658
2025-09-29 18:10:25,854 - root - INFO - best test average_precision: 0.9673
2025-09-29 18:10:25,855 - root - INFO - test roc_auc, 0.9631
2025-09-29 18:10:25,855 - root - INFO - new node test loss: 0.3297
2025-09-29 18:10:25,855 - root - INFO - new node test average_precision, 0.9429
2025-09-29 18:10:25,855 - root - INFO - new node test roc_auc, 0.9369
2025-09-29 18:10:44,290 - root - INFO - Epoch: 57, learning rate: 0.0001, train loss: 0.1998
2025-09-29 18:10:44,290 - root - INFO - train average_precision, 0.9723
2025-09-29 18:10:44,290 - root - INFO - train roc_auc, 0.9725
2025-09-29 18:10:44,290 - root - INFO - validate loss: 0.2531
2025-09-29 18:10:44,290 - root - INFO - validate average_precision, 0.9675
2025-09-29 18:10:44,290 - root - INFO - validate roc_auc, 0.9641
2025-09-29 18:10:44,290 - root - INFO - new node validate loss: 0.3387
2025-09-29 18:10:44,290 - root - INFO - new node validate average_precision, 0.9373
2025-09-29 18:10:44,291 - root - INFO - new node validate roc_auc, 0.9302
2025-09-29 18:10:49,025 - root - INFO - test loss: 0.2506
2025-09-29 18:10:49,025 - root - INFO - test average_precision, 0.9670
2025-09-29 18:10:49,025 - root - INFO - best test average_precision: 0.9673
2025-09-29 18:10:49,025 - root - INFO - test roc_auc, 0.9644
2025-09-29 18:10:49,025 - root - INFO - new node test loss: 0.3212
2025-09-29 18:10:49,025 - root - INFO - new node test average_precision, 0.9461
2025-09-29 18:10:49,025 - root - INFO - new node test roc_auc, 0.9403
2025-09-29 18:11:07,642 - root - INFO - Epoch: 58, learning rate: 0.0001, train loss: 0.2020
2025-09-29 18:11:07,642 - root - INFO - train average_precision, 0.9717
2025-09-29 18:11:07,642 - root - INFO - train roc_auc, 0.9720
2025-09-29 18:11:07,642 - root - INFO - validate loss: 0.2570
2025-09-29 18:11:07,642 - root - INFO - validate average_precision, 0.9668
2025-09-29 18:11:07,642 - root - INFO - validate roc_auc, 0.9631
2025-09-29 18:11:07,642 - root - INFO - new node validate loss: 0.3454
2025-09-29 18:11:07,642 - root - INFO - new node validate average_precision, 0.9363
2025-09-29 18:11:07,642 - root - INFO - new node validate roc_auc, 0.9282
2025-09-29 18:11:12,379 - root - INFO - test loss: 0.2540
2025-09-29 18:11:12,380 - root - INFO - test average_precision, 0.9662
2025-09-29 18:11:12,380 - root - INFO - best test average_precision: 0.9673
2025-09-29 18:11:12,380 - root - INFO - test roc_auc, 0.9637
2025-09-29 18:11:12,380 - root - INFO - new node test loss: 0.3289
2025-09-29 18:11:12,380 - root - INFO - new node test average_precision, 0.9442
2025-09-29 18:11:12,380 - root - INFO - new node test roc_auc, 0.9377
2025-09-29 18:11:30,769 - root - INFO - Epoch: 59, learning rate: 0.0001, train loss: 0.2001
2025-09-29 18:11:30,769 - root - INFO - train average_precision, 0.9723
2025-09-29 18:11:30,769 - root - INFO - train roc_auc, 0.9726
2025-09-29 18:11:30,769 - root - INFO - validate loss: 0.2555
2025-09-29 18:11:30,769 - root - INFO - validate average_precision, 0.9676
2025-09-29 18:11:30,769 - root - INFO - validate roc_auc, 0.9640
2025-09-29 18:11:30,769 - root - INFO - new node validate loss: 0.3467
2025-09-29 18:11:30,769 - root - INFO - new node validate average_precision, 0.9365
2025-09-29 18:11:30,769 - root - INFO - new node validate roc_auc, 0.9288
2025-09-29 18:11:35,472 - root - INFO - test loss: 0.2498
2025-09-29 18:11:35,473 - root - INFO - test average_precision, 0.9675
2025-09-29 18:11:35,473 - root - INFO - best test average_precision: 0.9675
2025-09-29 18:11:35,473 - root - INFO - test roc_auc, 0.9649
2025-09-29 18:11:35,473 - root - INFO - new node test loss: 0.3292
2025-09-29 18:11:35,473 - root - INFO - new node test average_precision, 0.9460
2025-09-29 18:11:35,473 - root - INFO - new node test roc_auc, 0.9392
2025-09-29 18:11:53,886 - root - INFO - Epoch: 60, learning rate: 0.0001, train loss: 0.1987
2025-09-29 18:11:53,886 - root - INFO - train average_precision, 0.9724
2025-09-29 18:11:53,886 - root - INFO - train roc_auc, 0.9726
2025-09-29 18:11:53,886 - root - INFO - validate loss: 0.2547
2025-09-29 18:11:53,886 - root - INFO - validate average_precision, 0.9670
2025-09-29 18:11:53,886 - root - INFO - validate roc_auc, 0.9634
2025-09-29 18:11:53,886 - root - INFO - new node validate loss: 0.3457
2025-09-29 18:11:53,886 - root - INFO - new node validate average_precision, 0.9357
2025-09-29 18:11:53,886 - root - INFO - new node validate roc_auc, 0.9278
2025-09-29 18:11:58,647 - root - INFO - test loss: 0.2623
2025-09-29 18:11:58,647 - root - INFO - test average_precision, 0.9640
2025-09-29 18:11:58,647 - root - INFO - best test average_precision: 0.9675
2025-09-29 18:11:58,647 - root - INFO - test roc_auc, 0.9609
2025-09-29 18:11:58,647 - root - INFO - new node test loss: 0.3336
2025-09-29 18:11:58,647 - root - INFO - new node test average_precision, 0.9425
2025-09-29 18:11:58,647 - root - INFO - new node test roc_auc, 0.9361
2025-09-29 18:12:17,002 - root - INFO - Epoch: 61, learning rate: 0.0001, train loss: 0.1975
2025-09-29 18:12:17,003 - root - INFO - train average_precision, 0.9728
2025-09-29 18:12:17,003 - root - INFO - train roc_auc, 0.9732
2025-09-29 18:12:17,003 - root - INFO - validate loss: 0.2524
2025-09-29 18:12:17,003 - root - INFO - validate average_precision, 0.9681
2025-09-29 18:12:17,003 - root - INFO - validate roc_auc, 0.9647
2025-09-29 18:12:17,003 - root - INFO - new node validate loss: 0.3415
2025-09-29 18:12:17,003 - root - INFO - new node validate average_precision, 0.9377
2025-09-29 18:12:17,003 - root - INFO - new node validate roc_auc, 0.9300
2025-09-29 18:12:21,746 - root - INFO - test loss: 0.2472
2025-09-29 18:12:21,746 - root - INFO - test average_precision, 0.9685
2025-09-29 18:12:21,746 - root - INFO - best test average_precision: 0.9685
2025-09-29 18:12:21,746 - root - INFO - test roc_auc, 0.9659
2025-09-29 18:12:21,747 - root - INFO - new node test loss: 0.3262
2025-09-29 18:12:21,747 - root - INFO - new node test average_precision, 0.9465
2025-09-29 18:12:21,747 - root - INFO - new node test roc_auc, 0.9398
2025-09-29 18:12:40,256 - root - INFO - Epoch: 62, learning rate: 0.0001, train loss: 0.1946
2025-09-29 18:12:40,257 - root - INFO - train average_precision, 0.9732
2025-09-29 18:12:40,257 - root - INFO - train roc_auc, 0.9735
2025-09-29 18:12:40,257 - root - INFO - validate loss: 0.2533
2025-09-29 18:12:40,257 - root - INFO - validate average_precision, 0.9681
2025-09-29 18:12:40,257 - root - INFO - validate roc_auc, 0.9646
2025-09-29 18:12:40,257 - root - INFO - new node validate loss: 0.3432
2025-09-29 18:12:40,257 - root - INFO - new node validate average_precision, 0.9377
2025-09-29 18:12:40,257 - root - INFO - new node validate roc_auc, 0.9299
2025-09-29 18:12:45,025 - root - INFO - test loss: 0.2516
2025-09-29 18:12:45,025 - root - INFO - test average_precision, 0.9676
2025-09-29 18:12:45,025 - root - INFO - best test average_precision: 0.9685
2025-09-29 18:12:45,026 - root - INFO - test roc_auc, 0.9649
2025-09-29 18:12:45,026 - root - INFO - new node test loss: 0.3272
2025-09-29 18:12:45,026 - root - INFO - new node test average_precision, 0.9454
2025-09-29 18:12:45,026 - root - INFO - new node test roc_auc, 0.9395
2025-09-29 18:13:03,489 - root - INFO - Epoch: 63, learning rate: 0.0001, train loss: 0.1949
2025-09-29 18:13:03,489 - root - INFO - train average_precision, 0.9733
2025-09-29 18:13:03,489 - root - INFO - train roc_auc, 0.9737
2025-09-29 18:13:03,489 - root - INFO - validate loss: 0.2509
2025-09-29 18:13:03,489 - root - INFO - validate average_precision, 0.9677
2025-09-29 18:13:03,490 - root - INFO - validate roc_auc, 0.9647
2025-09-29 18:13:03,490 - root - INFO - new node validate loss: 0.3402
2025-09-29 18:13:03,490 - root - INFO - new node validate average_precision, 0.9377
2025-09-29 18:13:03,490 - root - INFO - new node validate roc_auc, 0.9301
2025-09-29 18:13:08,224 - root - INFO - test loss: 0.2513
2025-09-29 18:13:08,225 - root - INFO - test average_precision, 0.9671
2025-09-29 18:13:08,225 - root - INFO - best test average_precision: 0.9685
2025-09-29 18:13:08,225 - root - INFO - test roc_auc, 0.9642
2025-09-29 18:13:08,225 - root - INFO - new node test loss: 0.3193
2025-09-29 18:13:08,225 - root - INFO - new node test average_precision, 0.9472
2025-09-29 18:13:08,225 - root - INFO - new node test roc_auc, 0.9413
2025-09-29 18:13:26,688 - root - INFO - Epoch: 64, learning rate: 0.0001, train loss: 0.1954
2025-09-29 18:13:26,688 - root - INFO - train average_precision, 0.9729
2025-09-29 18:13:26,688 - root - INFO - train roc_auc, 0.9734
2025-09-29 18:13:26,688 - root - INFO - validate loss: 0.2568
2025-09-29 18:13:26,688 - root - INFO - validate average_precision, 0.9679
2025-09-29 18:13:26,688 - root - INFO - validate roc_auc, 0.9645
2025-09-29 18:13:26,688 - root - INFO - new node validate loss: 0.3471
2025-09-29 18:13:26,688 - root - INFO - new node validate average_precision, 0.9365
2025-09-29 18:13:26,689 - root - INFO - new node validate roc_auc, 0.9293
2025-09-29 18:13:31,429 - root - INFO - test loss: 0.2631
2025-09-29 18:13:31,429 - root - INFO - test average_precision, 0.9657
2025-09-29 18:13:31,429 - root - INFO - best test average_precision: 0.9685
2025-09-29 18:13:31,429 - root - INFO - test roc_auc, 0.9631
2025-09-29 18:13:31,429 - root - INFO - new node test loss: 0.3311
2025-09-29 18:13:31,429 - root - INFO - new node test average_precision, 0.9446
2025-09-29 18:13:31,429 - root - INFO - new node test roc_auc, 0.9396
2025-09-29 18:13:49,923 - root - INFO - Epoch: 65, learning rate: 0.0001, train loss: 0.1948
2025-09-29 18:13:49,924 - root - INFO - train average_precision, 0.9730
2025-09-29 18:13:49,924 - root - INFO - train roc_auc, 0.9736
2025-09-29 18:13:49,924 - root - INFO - validate loss: 0.2526
2025-09-29 18:13:49,924 - root - INFO - validate average_precision, 0.9676
2025-09-29 18:13:49,924 - root - INFO - validate roc_auc, 0.9645
2025-09-29 18:13:49,924 - root - INFO - new node validate loss: 0.3438
2025-09-29 18:13:49,924 - root - INFO - new node validate average_precision, 0.9370
2025-09-29 18:13:49,924 - root - INFO - new node validate roc_auc, 0.9291
2025-09-29 18:13:54,690 - root - INFO - test loss: 0.2584
2025-09-29 18:13:54,690 - root - INFO - test average_precision, 0.9653
2025-09-29 18:13:54,690 - root - INFO - best test average_precision: 0.9685
2025-09-29 18:13:54,690 - root - INFO - test roc_auc, 0.9629
2025-09-29 18:13:54,690 - root - INFO - new node test loss: 0.3314
2025-09-29 18:13:54,690 - root - INFO - new node test average_precision, 0.9445
2025-09-29 18:13:54,691 - root - INFO - new node test roc_auc, 0.9383
2025-09-29 18:14:13,126 - root - INFO - Epoch: 66, learning rate: 0.0001, train loss: 0.1926
2025-09-29 18:14:13,126 - root - INFO - train average_precision, 0.9738
2025-09-29 18:14:13,126 - root - INFO - train roc_auc, 0.9741
2025-09-29 18:14:13,127 - root - INFO - validate loss: 0.2529
2025-09-29 18:14:13,127 - root - INFO - validate average_precision, 0.9679
2025-09-29 18:14:13,127 - root - INFO - validate roc_auc, 0.9651
2025-09-29 18:14:13,127 - root - INFO - new node validate loss: 0.3449
2025-09-29 18:14:13,127 - root - INFO - new node validate average_precision, 0.9371
2025-09-29 18:14:13,127 - root - INFO - new node validate roc_auc, 0.9288
2025-09-29 18:14:17,860 - root - INFO - test loss: 0.2518
2025-09-29 18:14:17,861 - root - INFO - test average_precision, 0.9668
2025-09-29 18:14:17,861 - root - INFO - best test average_precision: 0.9685
2025-09-29 18:14:17,861 - root - INFO - test roc_auc, 0.9647
2025-09-29 18:14:17,861 - root - INFO - new node test loss: 0.3252
2025-09-29 18:14:17,861 - root - INFO - new node test average_precision, 0.9456
2025-09-29 18:14:17,861 - root - INFO - new node test roc_auc, 0.9397
2025-09-29 18:14:36,327 - root - INFO - Epoch: 67, learning rate: 0.0001, train loss: 0.1922
2025-09-29 18:14:36,328 - root - INFO - train average_precision, 0.9739
2025-09-29 18:14:36,328 - root - INFO - train roc_auc, 0.9742
2025-09-29 18:14:36,328 - root - INFO - validate loss: 0.2558
2025-09-29 18:14:36,328 - root - INFO - validate average_precision, 0.9673
2025-09-29 18:14:36,328 - root - INFO - validate roc_auc, 0.9637
2025-09-29 18:14:36,328 - root - INFO - new node validate loss: 0.3412
2025-09-29 18:14:36,328 - root - INFO - new node validate average_precision, 0.9372
2025-09-29 18:14:36,328 - root - INFO - new node validate roc_auc, 0.9295
2025-09-29 18:14:41,106 - root - INFO - test loss: 0.2539
2025-09-29 18:14:41,107 - root - INFO - test average_precision, 0.9669
2025-09-29 18:14:41,107 - root - INFO - best test average_precision: 0.9685
2025-09-29 18:14:41,107 - root - INFO - test roc_auc, 0.9645
2025-09-29 18:14:41,107 - root - INFO - new node test loss: 0.3172
2025-09-29 18:14:41,107 - root - INFO - new node test average_precision, 0.9479
2025-09-29 18:14:41,107 - root - INFO - new node test roc_auc, 0.9423
2025-09-29 18:14:59,624 - root - INFO - Epoch: 68, learning rate: 0.0001, train loss: 0.1897
2025-09-29 18:14:59,624 - root - INFO - train average_precision, 0.9742
2025-09-29 18:14:59,624 - root - INFO - train roc_auc, 0.9747
2025-09-29 18:14:59,624 - root - INFO - validate loss: 0.2574
2025-09-29 18:14:59,624 - root - INFO - validate average_precision, 0.9687
2025-09-29 18:14:59,624 - root - INFO - validate roc_auc, 0.9651
2025-09-29 18:14:59,624 - root - INFO - new node validate loss: 0.3486
2025-09-29 18:14:59,624 - root - INFO - new node validate average_precision, 0.9372
2025-09-29 18:14:59,624 - root - INFO - new node validate roc_auc, 0.9299
2025-09-29 18:15:04,397 - root - INFO - test loss: 0.2563
2025-09-29 18:15:04,397 - root - INFO - test average_precision, 0.9674
2025-09-29 18:15:04,397 - root - INFO - best test average_precision: 0.9685
2025-09-29 18:15:04,397 - root - INFO - test roc_auc, 0.9648
2025-09-29 18:15:04,397 - root - INFO - new node test loss: 0.3339
2025-09-29 18:15:04,397 - root - INFO - new node test average_precision, 0.9456
2025-09-29 18:15:04,398 - root - INFO - new node test roc_auc, 0.9396
2025-09-29 18:15:04,398 - root - INFO - save model ./saved_models/JODIE/wikipedia/JODIE_seed3/JODIE_seed3.pkl
2025-09-29 18:15:24,108 - root - INFO - Epoch: 69, learning rate: 0.0001, train loss: 0.1898
2025-09-29 18:15:24,108 - root - INFO - train average_precision, 0.9744
2025-09-29 18:15:24,108 - root - INFO - train roc_auc, 0.9747
2025-09-29 18:15:24,108 - root - INFO - validate loss: 0.2546
2025-09-29 18:15:24,108 - root - INFO - validate average_precision, 0.9679
2025-09-29 18:15:24,108 - root - INFO - validate roc_auc, 0.9648
2025-09-29 18:15:24,108 - root - INFO - new node validate loss: 0.3566
2025-09-29 18:15:24,108 - root - INFO - new node validate average_precision, 0.9356
2025-09-29 18:15:24,108 - root - INFO - new node validate roc_auc, 0.9269
2025-09-29 18:15:28,851 - root - INFO - test loss: 0.2544
2025-09-29 18:15:28,852 - root - INFO - test average_precision, 0.9671
2025-09-29 18:15:28,852 - root - INFO - best test average_precision: 0.9685
2025-09-29 18:15:28,852 - root - INFO - test roc_auc, 0.9644
2025-09-29 18:15:28,852 - root - INFO - new node test loss: 0.3225
2025-09-29 18:15:28,852 - root - INFO - new node test average_precision, 0.9465
2025-09-29 18:15:28,852 - root - INFO - new node test roc_auc, 0.9407
2025-09-29 18:15:47,271 - root - INFO - Epoch: 70, learning rate: 0.0001, train loss: 0.1880
2025-09-29 18:15:47,271 - root - INFO - train average_precision, 0.9746
2025-09-29 18:15:47,271 - root - INFO - train roc_auc, 0.9751
2025-09-29 18:15:47,271 - root - INFO - validate loss: 0.2535
2025-09-29 18:15:47,271 - root - INFO - validate average_precision, 0.9684
2025-09-29 18:15:47,271 - root - INFO - validate roc_auc, 0.9651
2025-09-29 18:15:47,271 - root - INFO - new node validate loss: 0.3490
2025-09-29 18:15:47,271 - root - INFO - new node validate average_precision, 0.9363
2025-09-29 18:15:47,271 - root - INFO - new node validate roc_auc, 0.9286
2025-09-29 18:15:52,034 - root - INFO - test loss: 0.2545
2025-09-29 18:15:52,034 - root - INFO - test average_precision, 0.9670
2025-09-29 18:15:52,035 - root - INFO - best test average_precision: 0.9685
2025-09-29 18:15:52,035 - root - INFO - test roc_auc, 0.9643
2025-09-29 18:15:52,035 - root - INFO - new node test loss: 0.3278
2025-09-29 18:15:52,035 - root - INFO - new node test average_precision, 0.9455
2025-09-29 18:15:52,035 - root - INFO - new node test roc_auc, 0.9397
2025-09-29 18:16:10,533 - root - INFO - Epoch: 71, learning rate: 0.0001, train loss: 0.1861
2025-09-29 18:16:10,533 - root - INFO - train average_precision, 0.9751
2025-09-29 18:16:10,533 - root - INFO - train roc_auc, 0.9756
2025-09-29 18:16:10,533 - root - INFO - validate loss: 0.2554
2025-09-29 18:16:10,533 - root - INFO - validate average_precision, 0.9679
2025-09-29 18:16:10,534 - root - INFO - validate roc_auc, 0.9647
2025-09-29 18:16:10,534 - root - INFO - new node validate loss: 0.3469
2025-09-29 18:16:10,534 - root - INFO - new node validate average_precision, 0.9370
2025-09-29 18:16:10,534 - root - INFO - new node validate roc_auc, 0.9290
2025-09-29 18:16:15,295 - root - INFO - test loss: 0.2561
2025-09-29 18:16:15,295 - root - INFO - test average_precision, 0.9667
2025-09-29 18:16:15,295 - root - INFO - best test average_precision: 0.9685
2025-09-29 18:16:15,295 - root - INFO - test roc_auc, 0.9642
2025-09-29 18:16:15,295 - root - INFO - new node test loss: 0.3261
2025-09-29 18:16:15,295 - root - INFO - new node test average_precision, 0.9465
2025-09-29 18:16:15,295 - root - INFO - new node test roc_auc, 0.9404
2025-09-29 18:16:33,706 - root - INFO - Epoch: 72, learning rate: 0.0001, train loss: 0.1851
2025-09-29 18:16:33,706 - root - INFO - train average_precision, 0.9753
2025-09-29 18:16:33,707 - root - INFO - train roc_auc, 0.9758
2025-09-29 18:16:33,707 - root - INFO - validate loss: 0.2561
2025-09-29 18:16:33,707 - root - INFO - validate average_precision, 0.9680
2025-09-29 18:16:33,707 - root - INFO - validate roc_auc, 0.9645
2025-09-29 18:16:33,707 - root - INFO - new node validate loss: 0.3488
2025-09-29 18:16:33,707 - root - INFO - new node validate average_precision, 0.9372
2025-09-29 18:16:33,707 - root - INFO - new node validate roc_auc, 0.9295
2025-09-29 18:16:38,435 - root - INFO - test loss: 0.2633
2025-09-29 18:16:38,435 - root - INFO - test average_precision, 0.9657
2025-09-29 18:16:38,435 - root - INFO - best test average_precision: 0.9685
2025-09-29 18:16:38,435 - root - INFO - test roc_auc, 0.9629
2025-09-29 18:16:38,436 - root - INFO - new node test loss: 0.3299
2025-09-29 18:16:38,436 - root - INFO - new node test average_precision, 0.9459
2025-09-29 18:16:38,436 - root - INFO - new node test roc_auc, 0.9396
2025-09-29 18:16:56,901 - root - INFO - Epoch: 73, learning rate: 0.0001, train loss: 0.1861
2025-09-29 18:16:56,901 - root - INFO - train average_precision, 0.9749
2025-09-29 18:16:56,901 - root - INFO - train roc_auc, 0.9756
2025-09-29 18:16:56,901 - root - INFO - validate loss: 0.2538
2025-09-29 18:16:56,901 - root - INFO - validate average_precision, 0.9685
2025-09-29 18:16:56,901 - root - INFO - validate roc_auc, 0.9648
2025-09-29 18:16:56,902 - root - INFO - new node validate loss: 0.3417
2025-09-29 18:16:56,902 - root - INFO - new node validate average_precision, 0.9381
2025-09-29 18:16:56,902 - root - INFO - new node validate roc_auc, 0.9305
2025-09-29 18:17:01,631 - root - INFO - test loss: 0.2697
2025-09-29 18:17:01,631 - root - INFO - test average_precision, 0.9627
2025-09-29 18:17:01,631 - root - INFO - best test average_precision: 0.9685
2025-09-29 18:17:01,631 - root - INFO - test roc_auc, 0.9602
2025-09-29 18:17:01,631 - root - INFO - new node test loss: 0.3203
2025-09-29 18:17:01,632 - root - INFO - new node test average_precision, 0.9463
2025-09-29 18:17:01,632 - root - INFO - new node test roc_auc, 0.9407
2025-09-29 18:17:19,994 - root - INFO - Epoch: 74, learning rate: 0.0001, train loss: 0.1851
2025-09-29 18:17:19,994 - root - INFO - train average_precision, 0.9751
2025-09-29 18:17:19,994 - root - INFO - train roc_auc, 0.9758
2025-09-29 18:17:19,994 - root - INFO - validate loss: 0.2573
2025-09-29 18:17:19,995 - root - INFO - validate average_precision, 0.9683
2025-09-29 18:17:19,995 - root - INFO - validate roc_auc, 0.9648
2025-09-29 18:17:19,995 - root - INFO - new node validate loss: 0.3532
2025-09-29 18:17:19,995 - root - INFO - new node validate average_precision, 0.9366
2025-09-29 18:17:19,995 - root - INFO - new node validate roc_auc, 0.9287
2025-09-29 18:17:24,731 - root - INFO - test loss: 0.2682
2025-09-29 18:17:24,731 - root - INFO - test average_precision, 0.9653
2025-09-29 18:17:24,731 - root - INFO - best test average_precision: 0.9685
2025-09-29 18:17:24,731 - root - INFO - test roc_auc, 0.9622
2025-09-29 18:17:24,731 - root - INFO - new node test loss: 0.3290
2025-09-29 18:17:24,731 - root - INFO - new node test average_precision, 0.9467
2025-09-29 18:17:24,732 - root - INFO - new node test roc_auc, 0.9404
2025-09-29 18:17:43,238 - root - INFO - Epoch: 75, learning rate: 0.0001, train loss: 0.1840
2025-09-29 18:17:43,238 - root - INFO - train average_precision, 0.9757
2025-09-29 18:17:43,238 - root - INFO - train roc_auc, 0.9762
2025-09-29 18:17:43,238 - root - INFO - validate loss: 0.2568
2025-09-29 18:17:43,238 - root - INFO - validate average_precision, 0.9686
2025-09-29 18:17:43,238 - root - INFO - validate roc_auc, 0.9651
2025-09-29 18:17:43,238 - root - INFO - new node validate loss: 0.3481
2025-09-29 18:17:43,238 - root - INFO - new node validate average_precision, 0.9375
2025-09-29 18:17:43,238 - root - INFO - new node validate roc_auc, 0.9302
2025-09-29 18:17:48,000 - root - INFO - test loss: 0.2609
2025-09-29 18:17:48,000 - root - INFO - test average_precision, 0.9663
2025-09-29 18:17:48,001 - root - INFO - best test average_precision: 0.9685
2025-09-29 18:17:48,001 - root - INFO - test roc_auc, 0.9638
2025-09-29 18:17:48,001 - root - INFO - new node test loss: 0.3243
2025-09-29 18:17:48,001 - root - INFO - new node test average_precision, 0.9470
2025-09-29 18:17:48,001 - root - INFO - new node test roc_auc, 0.9414
2025-09-29 18:18:06,506 - root - INFO - Epoch: 76, learning rate: 0.0001, train loss: 0.1828
2025-09-29 18:18:06,507 - root - INFO - train average_precision, 0.9755
2025-09-29 18:18:06,507 - root - INFO - train roc_auc, 0.9762
2025-09-29 18:18:06,507 - root - INFO - validate loss: 0.2589
2025-09-29 18:18:06,507 - root - INFO - validate average_precision, 0.9688
2025-09-29 18:18:06,507 - root - INFO - validate roc_auc, 0.9655
2025-09-29 18:18:06,507 - root - INFO - new node validate loss: 0.3596
2025-09-29 18:18:06,507 - root - INFO - new node validate average_precision, 0.9376
2025-09-29 18:18:06,507 - root - INFO - new node validate roc_auc, 0.9292
2025-09-29 18:18:11,273 - root - INFO - test loss: 0.2567
2025-09-29 18:18:11,273 - root - INFO - test average_precision, 0.9676
2025-09-29 18:18:11,273 - root - INFO - best test average_precision: 0.9685
2025-09-29 18:18:11,273 - root - INFO - test roc_auc, 0.9652
2025-09-29 18:18:11,273 - root - INFO - new node test loss: 0.3325
2025-09-29 18:18:11,273 - root - INFO - new node test average_precision, 0.9462
2025-09-29 18:18:11,273 - root - INFO - new node test roc_auc, 0.9398
2025-09-29 18:18:11,273 - root - INFO - save model ./saved_models/JODIE/wikipedia/JODIE_seed3/JODIE_seed3.pkl
2025-09-29 18:18:30,797 - root - INFO - Epoch: 77, learning rate: 0.0001, train loss: 0.1813
2025-09-29 18:18:30,798 - root - INFO - train average_precision, 0.9762
2025-09-29 18:18:30,798 - root - INFO - train roc_auc, 0.9767
2025-09-29 18:18:30,798 - root - INFO - validate loss: 0.2562
2025-09-29 18:18:30,798 - root - INFO - validate average_precision, 0.9689
2025-09-29 18:18:30,798 - root - INFO - validate roc_auc, 0.9652
2025-09-29 18:18:30,798 - root - INFO - new node validate loss: 0.3581
2025-09-29 18:18:30,798 - root - INFO - new node validate average_precision, 0.9358
2025-09-29 18:18:30,798 - root - INFO - new node validate roc_auc, 0.9275
2025-09-29 18:18:35,538 - root - INFO - test loss: 0.2601
2025-09-29 18:18:35,538 - root - INFO - test average_precision, 0.9670
2025-09-29 18:18:35,538 - root - INFO - best test average_precision: 0.9685
2025-09-29 18:18:35,538 - root - INFO - test roc_auc, 0.9645
2025-09-29 18:18:35,538 - root - INFO - new node test loss: 0.3227
2025-09-29 18:18:35,538 - root - INFO - new node test average_precision, 0.9481
2025-09-29 18:18:35,538 - root - INFO - new node test roc_auc, 0.9421
2025-09-29 18:18:53,949 - root - INFO - Epoch: 78, learning rate: 0.0001, train loss: 0.1802
2025-09-29 18:18:53,949 - root - INFO - train average_precision, 0.9763
2025-09-29 18:18:53,950 - root - INFO - train roc_auc, 0.9769
2025-09-29 18:18:53,950 - root - INFO - validate loss: 0.2539
2025-09-29 18:18:53,950 - root - INFO - validate average_precision, 0.9689
2025-09-29 18:18:53,950 - root - INFO - validate roc_auc, 0.9653
2025-09-29 18:18:53,950 - root - INFO - new node validate loss: 0.3475
2025-09-29 18:18:53,950 - root - INFO - new node validate average_precision, 0.9376
2025-09-29 18:18:53,950 - root - INFO - new node validate roc_auc, 0.9298
2025-09-29 18:18:58,707 - root - INFO - test loss: 0.2634
2025-09-29 18:18:58,707 - root - INFO - test average_precision, 0.9651
2025-09-29 18:18:58,707 - root - INFO - best test average_precision: 0.9685
2025-09-29 18:18:58,707 - root - INFO - test roc_auc, 0.9624
2025-09-29 18:18:58,707 - root - INFO - new node test loss: 0.3264
2025-09-29 18:18:58,707 - root - INFO - new node test average_precision, 0.9454
2025-09-29 18:18:58,707 - root - INFO - new node test roc_auc, 0.9392
2025-09-29 18:19:17,198 - root - INFO - Epoch: 79, learning rate: 0.0001, train loss: 0.1803
2025-09-29 18:19:17,198 - root - INFO - train average_precision, 0.9762
2025-09-29 18:19:17,198 - root - INFO - train roc_auc, 0.9769
2025-09-29 18:19:17,198 - root - INFO - validate loss: 0.2580
2025-09-29 18:19:17,198 - root - INFO - validate average_precision, 0.9685
2025-09-29 18:19:17,198 - root - INFO - validate roc_auc, 0.9647
2025-09-29 18:19:17,198 - root - INFO - new node validate loss: 0.3563
2025-09-29 18:19:17,198 - root - INFO - new node validate average_precision, 0.9366
2025-09-29 18:19:17,198 - root - INFO - new node validate roc_auc, 0.9282
2025-09-29 18:19:21,911 - root - INFO - test loss: 0.2614
2025-09-29 18:19:21,911 - root - INFO - test average_precision, 0.9661
2025-09-29 18:19:21,911 - root - INFO - best test average_precision: 0.9685
2025-09-29 18:19:21,911 - root - INFO - test roc_auc, 0.9632
2025-09-29 18:19:21,912 - root - INFO - new node test loss: 0.3226
2025-09-29 18:19:21,912 - root - INFO - new node test average_precision, 0.9466
2025-09-29 18:19:21,912 - root - INFO - new node test roc_auc, 0.9409
2025-09-29 18:19:40,456 - root - INFO - Epoch: 80, learning rate: 0.0001, train loss: 0.1816
2025-09-29 18:19:40,456 - root - INFO - train average_precision, 0.9758
2025-09-29 18:19:40,456 - root - INFO - train roc_auc, 0.9767
2025-09-29 18:19:40,456 - root - INFO - validate loss: 0.2567
2025-09-29 18:19:40,456 - root - INFO - validate average_precision, 0.9688
2025-09-29 18:19:40,456 - root - INFO - validate roc_auc, 0.9652
2025-09-29 18:19:40,456 - root - INFO - new node validate loss: 0.3602
2025-09-29 18:19:40,456 - root - INFO - new node validate average_precision, 0.9356
2025-09-29 18:19:40,456 - root - INFO - new node validate roc_auc, 0.9271
2025-09-29 18:19:45,195 - root - INFO - test loss: 0.2628
2025-09-29 18:19:45,195 - root - INFO - test average_precision, 0.9652
2025-09-29 18:19:45,195 - root - INFO - best test average_precision: 0.9685
2025-09-29 18:19:45,195 - root - INFO - test roc_auc, 0.9630
2025-09-29 18:19:45,195 - root - INFO - new node test loss: 0.3285
2025-09-29 18:19:45,195 - root - INFO - new node test average_precision, 0.9454
2025-09-29 18:19:45,195 - root - INFO - new node test roc_auc, 0.9395
2025-09-29 18:20:03,636 - root - INFO - Epoch: 81, learning rate: 0.0001, train loss: 0.1783
2025-09-29 18:20:03,636 - root - INFO - train average_precision, 0.9767
2025-09-29 18:20:03,637 - root - INFO - train roc_auc, 0.9773
2025-09-29 18:20:03,637 - root - INFO - validate loss: 0.2582
2025-09-29 18:20:03,637 - root - INFO - validate average_precision, 0.9685
2025-09-29 18:20:03,637 - root - INFO - validate roc_auc, 0.9645
2025-09-29 18:20:03,637 - root - INFO - new node validate loss: 0.3538
2025-09-29 18:20:03,637 - root - INFO - new node validate average_precision, 0.9364
2025-09-29 18:20:03,637 - root - INFO - new node validate roc_auc, 0.9285
2025-09-29 18:20:08,340 - root - INFO - test loss: 0.2609
2025-09-29 18:20:08,341 - root - INFO - test average_precision, 0.9657
2025-09-29 18:20:08,341 - root - INFO - best test average_precision: 0.9685
2025-09-29 18:20:08,341 - root - INFO - test roc_auc, 0.9631
2025-09-29 18:20:08,341 - root - INFO - new node test loss: 0.3249
2025-09-29 18:20:08,341 - root - INFO - new node test average_precision, 0.9456
2025-09-29 18:20:08,341 - root - INFO - new node test roc_auc, 0.9400
2025-09-29 18:20:26,762 - root - INFO - Epoch: 82, learning rate: 0.0001, train loss: 0.1784
2025-09-29 18:20:26,762 - root - INFO - train average_precision, 0.9762
2025-09-29 18:20:26,762 - root - INFO - train roc_auc, 0.9773
2025-09-29 18:20:26,762 - root - INFO - validate loss: 0.2592
2025-09-29 18:20:26,762 - root - INFO - validate average_precision, 0.9690
2025-09-29 18:20:26,762 - root - INFO - validate roc_auc, 0.9655
2025-09-29 18:20:26,762 - root - INFO - new node validate loss: 0.3615
2025-09-29 18:20:26,762 - root - INFO - new node validate average_precision, 0.9367
2025-09-29 18:20:26,762 - root - INFO - new node validate roc_auc, 0.9287
2025-09-29 18:20:31,474 - root - INFO - test loss: 0.2611
2025-09-29 18:20:31,474 - root - INFO - test average_precision, 0.9670
2025-09-29 18:20:31,474 - root - INFO - best test average_precision: 0.9685
2025-09-29 18:20:31,474 - root - INFO - test roc_auc, 0.9643
2025-09-29 18:20:31,474 - root - INFO - new node test loss: 0.3260
2025-09-29 18:20:31,474 - root - INFO - new node test average_precision, 0.9469
2025-09-29 18:20:31,474 - root - INFO - new node test roc_auc, 0.9417
2025-09-29 18:20:31,474 - root - INFO - save model ./saved_models/JODIE/wikipedia/JODIE_seed3/JODIE_seed3.pkl
2025-09-29 18:20:51,024 - root - INFO - Epoch: 83, learning rate: 0.0001, train loss: 0.1789
2025-09-29 18:20:51,024 - root - INFO - train average_precision, 0.9763
2025-09-29 18:20:51,024 - root - INFO - train roc_auc, 0.9772
2025-09-29 18:20:51,024 - root - INFO - validate loss: 0.2586
2025-09-29 18:20:51,024 - root - INFO - validate average_precision, 0.9696
2025-09-29 18:20:51,024 - root - INFO - validate roc_auc, 0.9658
2025-09-29 18:20:51,024 - root - INFO - new node validate loss: 0.3625
2025-09-29 18:20:51,024 - root - INFO - new node validate average_precision, 0.9360
2025-09-29 18:20:51,025 - root - INFO - new node validate roc_auc, 0.9278
2025-09-29 18:20:55,754 - root - INFO - test loss: 0.2608
2025-09-29 18:20:55,754 - root - INFO - test average_precision, 0.9670
2025-09-29 18:20:55,754 - root - INFO - best test average_precision: 0.9685
2025-09-29 18:20:55,754 - root - INFO - test roc_auc, 0.9647
2025-09-29 18:20:55,754 - root - INFO - new node test loss: 0.3259
2025-09-29 18:20:55,754 - root - INFO - new node test average_precision, 0.9473
2025-09-29 18:20:55,754 - root - INFO - new node test roc_auc, 0.9422
2025-09-29 18:20:55,754 - root - INFO - save model ./saved_models/JODIE/wikipedia/JODIE_seed3/JODIE_seed3.pkl
2025-09-29 18:21:15,417 - root - INFO - Epoch: 84, learning rate: 0.0001, train loss: 0.1766
2025-09-29 18:21:15,417 - root - INFO - train average_precision, 0.9765
2025-09-29 18:21:15,417 - root - INFO - train roc_auc, 0.9775
2025-09-29 18:21:15,417 - root - INFO - validate loss: 0.2641
2025-09-29 18:21:15,417 - root - INFO - validate average_precision, 0.9685
2025-09-29 18:21:15,417 - root - INFO - validate roc_auc, 0.9649
2025-09-29 18:21:15,417 - root - INFO - new node validate loss: 0.3610
2025-09-29 18:21:15,417 - root - INFO - new node validate average_precision, 0.9371
2025-09-29 18:21:15,417 - root - INFO - new node validate roc_auc, 0.9293
2025-09-29 18:21:20,154 - root - INFO - test loss: 0.2642
2025-09-29 18:21:20,154 - root - INFO - test average_precision, 0.9656
2025-09-29 18:21:20,154 - root - INFO - best test average_precision: 0.9685
2025-09-29 18:21:20,154 - root - INFO - test roc_auc, 0.9632
2025-09-29 18:21:20,154 - root - INFO - new node test loss: 0.3324
2025-09-29 18:21:20,154 - root - INFO - new node test average_precision, 0.9449
2025-09-29 18:21:20,155 - root - INFO - new node test roc_auc, 0.9399
2025-09-29 18:21:38,556 - root - INFO - Epoch: 85, learning rate: 0.0001, train loss: 0.1767
2025-09-29 18:21:38,556 - root - INFO - train average_precision, 0.9769
2025-09-29 18:21:38,556 - root - INFO - train roc_auc, 0.9776
2025-09-29 18:21:38,556 - root - INFO - validate loss: 0.2605
2025-09-29 18:21:38,556 - root - INFO - validate average_precision, 0.9700
2025-09-29 18:21:38,557 - root - INFO - validate roc_auc, 0.9664
2025-09-29 18:21:38,557 - root - INFO - new node validate loss: 0.3651
2025-09-29 18:21:38,557 - root - INFO - new node validate average_precision, 0.9373
2025-09-29 18:21:38,557 - root - INFO - new node validate roc_auc, 0.9296
2025-09-29 18:21:43,284 - root - INFO - test loss: 0.2654
2025-09-29 18:21:43,284 - root - INFO - test average_precision, 0.9677
2025-09-29 18:21:43,284 - root - INFO - best test average_precision: 0.9685
2025-09-29 18:21:43,284 - root - INFO - test roc_auc, 0.9650
2025-09-29 18:21:43,284 - root - INFO - new node test loss: 0.3294
2025-09-29 18:21:43,284 - root - INFO - new node test average_precision, 0.9473
2025-09-29 18:21:43,284 - root - INFO - new node test roc_auc, 0.9424
2025-09-29 18:21:43,284 - root - INFO - save model ./saved_models/JODIE/wikipedia/JODIE_seed3/JODIE_seed3.pkl
2025-09-29 18:22:02,949 - root - INFO - Epoch: 86, learning rate: 0.0001, train loss: 0.1748
2025-09-29 18:22:02,949 - root - INFO - train average_precision, 0.9770
2025-09-29 18:22:02,949 - root - INFO - train roc_auc, 0.9780
2025-09-29 18:22:02,949 - root - INFO - validate loss: 0.2609
2025-09-29 18:22:02,949 - root - INFO - validate average_precision, 0.9691
2025-09-29 18:22:02,949 - root - INFO - validate roc_auc, 0.9651
2025-09-29 18:22:02,950 - root - INFO - new node validate loss: 0.3640
2025-09-29 18:22:02,950 - root - INFO - new node validate average_precision, 0.9359
2025-09-29 18:22:02,950 - root - INFO - new node validate roc_auc, 0.9273
2025-09-29 18:22:07,671 - root - INFO - test loss: 0.2667
2025-09-29 18:22:07,671 - root - INFO - test average_precision, 0.9658
2025-09-29 18:22:07,672 - root - INFO - best test average_precision: 0.9685
2025-09-29 18:22:07,672 - root - INFO - test roc_auc, 0.9634
2025-09-29 18:22:07,672 - root - INFO - new node test loss: 0.3297
2025-09-29 18:22:07,672 - root - INFO - new node test average_precision, 0.9458
2025-09-29 18:22:07,672 - root - INFO - new node test roc_auc, 0.9410
2025-09-29 18:22:26,054 - root - INFO - Epoch: 87, learning rate: 0.0001, train loss: 0.1751
2025-09-29 18:22:26,054 - root - INFO - train average_precision, 0.9773
2025-09-29 18:22:26,054 - root - INFO - train roc_auc, 0.9779
2025-09-29 18:22:26,054 - root - INFO - validate loss: 0.2565
2025-09-29 18:22:26,055 - root - INFO - validate average_precision, 0.9694
2025-09-29 18:22:26,055 - root - INFO - validate roc_auc, 0.9656
2025-09-29 18:22:26,055 - root - INFO - new node validate loss: 0.3589
2025-09-29 18:22:26,055 - root - INFO - new node validate average_precision, 0.9363
2025-09-29 18:22:26,055 - root - INFO - new node validate roc_auc, 0.9284
2025-09-29 18:22:30,774 - root - INFO - test loss: 0.2651
2025-09-29 18:22:30,775 - root - INFO - test average_precision, 0.9663
2025-09-29 18:22:30,775 - root - INFO - best test average_precision: 0.9685
2025-09-29 18:22:30,775 - root - INFO - test roc_auc, 0.9635
2025-09-29 18:22:30,775 - root - INFO - new node test loss: 0.3258
2025-09-29 18:22:30,775 - root - INFO - new node test average_precision, 0.9469
2025-09-29 18:22:30,775 - root - INFO - new node test roc_auc, 0.9414
2025-09-29 18:22:49,192 - root - INFO - Epoch: 88, learning rate: 0.0001, train loss: 0.1734
2025-09-29 18:22:49,192 - root - INFO - train average_precision, 0.9777
2025-09-29 18:22:49,192 - root - INFO - train roc_auc, 0.9784
2025-09-29 18:22:49,192 - root - INFO - validate loss: 0.2614
2025-09-29 18:22:49,193 - root - INFO - validate average_precision, 0.9696
2025-09-29 18:22:49,193 - root - INFO - validate roc_auc, 0.9661
2025-09-29 18:22:49,193 - root - INFO - new node validate loss: 0.3706
2025-09-29 18:22:49,193 - root - INFO - new node validate average_precision, 0.9368
2025-09-29 18:22:49,193 - root - INFO - new node validate roc_auc, 0.9287
2025-09-29 18:22:53,911 - root - INFO - test loss: 0.2627
2025-09-29 18:22:53,911 - root - INFO - test average_precision, 0.9669
2025-09-29 18:22:53,911 - root - INFO - best test average_precision: 0.9685
2025-09-29 18:22:53,912 - root - INFO - test roc_auc, 0.9647
2025-09-29 18:22:53,912 - root - INFO - new node test loss: 0.3283
2025-09-29 18:22:53,912 - root - INFO - new node test average_precision, 0.9471
2025-09-29 18:22:53,912 - root - INFO - new node test roc_auc, 0.9420
2025-09-29 18:23:12,363 - root - INFO - Epoch: 89, learning rate: 0.0001, train loss: 0.1715
2025-09-29 18:23:12,364 - root - INFO - train average_precision, 0.9781
2025-09-29 18:23:12,364 - root - INFO - train roc_auc, 0.9789
2025-09-29 18:23:12,364 - root - INFO - validate loss: 0.2637
2025-09-29 18:23:12,364 - root - INFO - validate average_precision, 0.9692
2025-09-29 18:23:12,364 - root - INFO - validate roc_auc, 0.9653
2025-09-29 18:23:12,364 - root - INFO - new node validate loss: 0.3707
2025-09-29 18:23:12,364 - root - INFO - new node validate average_precision, 0.9364
2025-09-29 18:23:12,364 - root - INFO - new node validate roc_auc, 0.9273
2025-09-29 18:23:17,090 - root - INFO - test loss: 0.2616
2025-09-29 18:23:17,090 - root - INFO - test average_precision, 0.9668
2025-09-29 18:23:17,090 - root - INFO - best test average_precision: 0.9685
2025-09-29 18:23:17,090 - root - INFO - test roc_auc, 0.9646
2025-09-29 18:23:17,090 - root - INFO - new node test loss: 0.3325
2025-09-29 18:23:17,090 - root - INFO - new node test average_precision, 0.9454
2025-09-29 18:23:17,091 - root - INFO - new node test roc_auc, 0.9400
2025-09-29 18:23:35,459 - root - INFO - Epoch: 90, learning rate: 0.0001, train loss: 0.1723
2025-09-29 18:23:35,459 - root - INFO - train average_precision, 0.9780
2025-09-29 18:23:35,459 - root - INFO - train roc_auc, 0.9786
2025-09-29 18:23:35,459 - root - INFO - validate loss: 0.2612
2025-09-29 18:23:35,459 - root - INFO - validate average_precision, 0.9693
2025-09-29 18:23:35,459 - root - INFO - validate roc_auc, 0.9658
2025-09-29 18:23:35,459 - root - INFO - new node validate loss: 0.3683
2025-09-29 18:23:35,459 - root - INFO - new node validate average_precision, 0.9358
2025-09-29 18:23:35,459 - root - INFO - new node validate roc_auc, 0.9274
2025-09-29 18:23:40,180 - root - INFO - test loss: 0.2673
2025-09-29 18:23:40,180 - root - INFO - test average_precision, 0.9667
2025-09-29 18:23:40,180 - root - INFO - best test average_precision: 0.9685
2025-09-29 18:23:40,180 - root - INFO - test roc_auc, 0.9643
2025-09-29 18:23:40,180 - root - INFO - new node test loss: 0.3373
2025-09-29 18:23:40,181 - root - INFO - new node test average_precision, 0.9458
2025-09-29 18:23:40,181 - root - INFO - new node test roc_auc, 0.9403
2025-09-29 18:23:58,627 - root - INFO - Epoch: 91, learning rate: 0.0001, train loss: 0.1768
2025-09-29 18:23:58,627 - root - INFO - train average_precision, 0.9765
2025-09-29 18:23:58,627 - root - INFO - train roc_auc, 0.9775
2025-09-29 18:23:58,627 - root - INFO - validate loss: 0.2712
2025-09-29 18:23:58,627 - root - INFO - validate average_precision, 0.9685
2025-09-29 18:23:58,627 - root - INFO - validate roc_auc, 0.9647
2025-09-29 18:23:58,627 - root - INFO - new node validate loss: 0.3766
2025-09-29 18:23:58,627 - root - INFO - new node validate average_precision, 0.9357
2025-09-29 18:23:58,627 - root - INFO - new node validate roc_auc, 0.9268
2025-09-29 18:24:03,346 - root - INFO - test loss: 0.2755
2025-09-29 18:24:03,347 - root - INFO - test average_precision, 0.9657
2025-09-29 18:24:03,347 - root - INFO - best test average_precision: 0.9685
2025-09-29 18:24:03,347 - root - INFO - test roc_auc, 0.9631
2025-09-29 18:24:03,347 - root - INFO - new node test loss: 0.3450
2025-09-29 18:24:03,347 - root - INFO - new node test average_precision, 0.9456
2025-09-29 18:24:03,347 - root - INFO - new node test roc_auc, 0.9395
2025-09-29 18:24:21,964 - root - INFO - Epoch: 92, learning rate: 0.0001, train loss: 0.1732
2025-09-29 18:24:21,964 - root - INFO - train average_precision, 0.9773
2025-09-29 18:24:21,964 - root - INFO - train roc_auc, 0.9783
2025-09-29 18:24:21,964 - root - INFO - validate loss: 0.2627
2025-09-29 18:24:21,964 - root - INFO - validate average_precision, 0.9688
2025-09-29 18:24:21,964 - root - INFO - validate roc_auc, 0.9653
2025-09-29 18:24:21,964 - root - INFO - new node validate loss: 0.3710
2025-09-29 18:24:21,964 - root - INFO - new node validate average_precision, 0.9358
2025-09-29 18:24:21,964 - root - INFO - new node validate roc_auc, 0.9271
2025-09-29 18:24:26,693 - root - INFO - test loss: 0.2681
2025-09-29 18:24:26,693 - root - INFO - test average_precision, 0.9658
2025-09-29 18:24:26,693 - root - INFO - best test average_precision: 0.9685
2025-09-29 18:24:26,693 - root - INFO - test roc_auc, 0.9634
2025-09-29 18:24:26,693 - root - INFO - new node test loss: 0.3310
2025-09-29 18:24:26,693 - root - INFO - new node test average_precision, 0.9468
2025-09-29 18:24:26,693 - root - INFO - new node test roc_auc, 0.9415
2025-09-29 18:24:45,069 - root - INFO - Epoch: 93, learning rate: 0.0001, train loss: 0.1695
2025-09-29 18:24:45,069 - root - INFO - train average_precision, 0.9779
2025-09-29 18:24:45,070 - root - INFO - train roc_auc, 0.9790
2025-09-29 18:24:45,070 - root - INFO - validate loss: 0.2637
2025-09-29 18:24:45,070 - root - INFO - validate average_precision, 0.9692
2025-09-29 18:24:45,070 - root - INFO - validate roc_auc, 0.9657
2025-09-29 18:24:45,070 - root - INFO - new node validate loss: 0.3750
2025-09-29 18:24:45,070 - root - INFO - new node validate average_precision, 0.9360
2025-09-29 18:24:45,070 - root - INFO - new node validate roc_auc, 0.9272
2025-09-29 18:24:49,791 - root - INFO - test loss: 0.2668
2025-09-29 18:24:49,791 - root - INFO - test average_precision, 0.9665
2025-09-29 18:24:49,791 - root - INFO - best test average_precision: 0.9685
2025-09-29 18:24:49,791 - root - INFO - test roc_auc, 0.9640
2025-09-29 18:24:49,791 - root - INFO - new node test loss: 0.3316
2025-09-29 18:24:49,791 - root - INFO - new node test average_precision, 0.9458
2025-09-29 18:24:49,791 - root - INFO - new node test roc_auc, 0.9407
2025-09-29 18:25:08,227 - root - INFO - Epoch: 94, learning rate: 0.0001, train loss: 0.1709
2025-09-29 18:25:08,228 - root - INFO - train average_precision, 0.9778
2025-09-29 18:25:08,228 - root - INFO - train roc_auc, 0.9786
2025-09-29 18:25:08,228 - root - INFO - validate loss: 0.2640
2025-09-29 18:25:08,228 - root - INFO - validate average_precision, 0.9682
2025-09-29 18:25:08,228 - root - INFO - validate roc_auc, 0.9645
2025-09-29 18:25:08,228 - root - INFO - new node validate loss: 0.3693
2025-09-29 18:25:08,228 - root - INFO - new node validate average_precision, 0.9361
2025-09-29 18:25:08,228 - root - INFO - new node validate roc_auc, 0.9278
2025-09-29 18:25:12,965 - root - INFO - test loss: 0.2671
2025-09-29 18:25:12,965 - root - INFO - test average_precision, 0.9646
2025-09-29 18:25:12,965 - root - INFO - best test average_precision: 0.9685
2025-09-29 18:25:12,965 - root - INFO - test roc_auc, 0.9627
2025-09-29 18:25:12,965 - root - INFO - new node test loss: 0.3323
2025-09-29 18:25:12,965 - root - INFO - new node test average_precision, 0.9449
2025-09-29 18:25:12,965 - root - INFO - new node test roc_auc, 0.9397
2025-09-29 18:25:31,375 - root - INFO - Epoch: 95, learning rate: 0.0001, train loss: 0.1712
2025-09-29 18:25:31,375 - root - INFO - train average_precision, 0.9774
2025-09-29 18:25:31,375 - root - INFO - train roc_auc, 0.9785
2025-09-29 18:25:31,375 - root - INFO - validate loss: 0.2640
2025-09-29 18:25:31,375 - root - INFO - validate average_precision, 0.9686
2025-09-29 18:25:31,376 - root - INFO - validate roc_auc, 0.9651
2025-09-29 18:25:31,376 - root - INFO - new node validate loss: 0.3694
2025-09-29 18:25:31,376 - root - INFO - new node validate average_precision, 0.9355
2025-09-29 18:25:31,376 - root - INFO - new node validate roc_auc, 0.9270
2025-09-29 18:25:36,095 - root - INFO - test loss: 0.2701
2025-09-29 18:25:36,095 - root - INFO - test average_precision, 0.9652
2025-09-29 18:25:36,095 - root - INFO - best test average_precision: 0.9685
2025-09-29 18:25:36,095 - root - INFO - test roc_auc, 0.9630
2025-09-29 18:25:36,095 - root - INFO - new node test loss: 0.3385
2025-09-29 18:25:36,095 - root - INFO - new node test average_precision, 0.9438
2025-09-29 18:25:36,096 - root - INFO - new node test roc_auc, 0.9390
2025-09-29 18:25:54,470 - root - INFO - Epoch: 96, learning rate: 0.0001, train loss: 0.1679
2025-09-29 18:25:54,470 - root - INFO - train average_precision, 0.9786
2025-09-29 18:25:54,470 - root - INFO - train roc_auc, 0.9795
2025-09-29 18:25:54,470 - root - INFO - validate loss: 0.2664
2025-09-29 18:25:54,470 - root - INFO - validate average_precision, 0.9687
2025-09-29 18:25:54,470 - root - INFO - validate roc_auc, 0.9648
2025-09-29 18:25:54,470 - root - INFO - new node validate loss: 0.3760
2025-09-29 18:25:54,470 - root - INFO - new node validate average_precision, 0.9359
2025-09-29 18:25:54,470 - root - INFO - new node validate roc_auc, 0.9274
2025-09-29 18:25:59,192 - root - INFO - test loss: 0.2711
2025-09-29 18:25:59,192 - root - INFO - test average_precision, 0.9651
2025-09-29 18:25:59,192 - root - INFO - best test average_precision: 0.9685
2025-09-29 18:25:59,192 - root - INFO - test roc_auc, 0.9632
2025-09-29 18:25:59,192 - root - INFO - new node test loss: 0.3354
2025-09-29 18:25:59,192 - root - INFO - new node test average_precision, 0.9451
2025-09-29 18:25:59,192 - root - INFO - new node test roc_auc, 0.9401
2025-09-29 18:26:17,686 - root - INFO - Epoch: 97, learning rate: 0.0001, train loss: 0.1688
2025-09-29 18:26:17,686 - root - INFO - train average_precision, 0.9782
2025-09-29 18:26:17,686 - root - INFO - train roc_auc, 0.9793
2025-09-29 18:26:17,686 - root - INFO - validate loss: 0.2676
2025-09-29 18:26:17,686 - root - INFO - validate average_precision, 0.9685
2025-09-29 18:26:17,686 - root - INFO - validate roc_auc, 0.9648
2025-09-29 18:26:17,686 - root - INFO - new node validate loss: 0.3767
2025-09-29 18:26:17,686 - root - INFO - new node validate average_precision, 0.9351
2025-09-29 18:26:17,686 - root - INFO - new node validate roc_auc, 0.9265
2025-09-29 18:26:22,423 - root - INFO - test loss: 0.2760
2025-09-29 18:26:22,423 - root - INFO - test average_precision, 0.9643
2025-09-29 18:26:22,424 - root - INFO - best test average_precision: 0.9685
2025-09-29 18:26:22,424 - root - INFO - test roc_auc, 0.9620
2025-09-29 18:26:22,424 - root - INFO - new node test loss: 0.3421
2025-09-29 18:26:22,424 - root - INFO - new node test average_precision, 0.9443
2025-09-29 18:26:22,424 - root - INFO - new node test roc_auc, 0.9386
2025-09-29 18:26:40,888 - root - INFO - Epoch: 98, learning rate: 0.0001, train loss: 0.1719
2025-09-29 18:26:40,888 - root - INFO - train average_precision, 0.9777
2025-09-29 18:26:40,889 - root - INFO - train roc_auc, 0.9786
2025-09-29 18:26:40,889 - root - INFO - validate loss: 0.2742
2025-09-29 18:26:40,889 - root - INFO - validate average_precision, 0.9687
2025-09-29 18:26:40,889 - root - INFO - validate roc_auc, 0.9646
2025-09-29 18:26:40,889 - root - INFO - new node validate loss: 0.3768
2025-09-29 18:26:40,889 - root - INFO - new node validate average_precision, 0.9368
2025-09-29 18:26:40,889 - root - INFO - new node validate roc_auc, 0.9285
2025-09-29 18:26:45,649 - root - INFO - test loss: 0.2752
2025-09-29 18:26:45,649 - root - INFO - test average_precision, 0.9655
2025-09-29 18:26:45,649 - root - INFO - best test average_precision: 0.9685
2025-09-29 18:26:45,649 - root - INFO - test roc_auc, 0.9627
2025-09-29 18:26:45,649 - root - INFO - new node test loss: 0.3467
2025-09-29 18:26:45,649 - root - INFO - new node test average_precision, 0.9435
2025-09-29 18:26:45,650 - root - INFO - new node test roc_auc, 0.9383
2025-09-29 18:27:04,136 - root - INFO - Epoch: 99, learning rate: 0.0001, train loss: 0.1698
2025-09-29 18:27:04,136 - root - INFO - train average_precision, 0.9781
2025-09-29 18:27:04,136 - root - INFO - train roc_auc, 0.9790
2025-09-29 18:27:04,136 - root - INFO - validate loss: 0.2748
2025-09-29 18:27:04,136 - root - INFO - validate average_precision, 0.9687
2025-09-29 18:27:04,136 - root - INFO - validate roc_auc, 0.9648
2025-09-29 18:27:04,136 - root - INFO - new node validate loss: 0.3906
2025-09-29 18:27:04,137 - root - INFO - new node validate average_precision, 0.9354
2025-09-29 18:27:04,137 - root - INFO - new node validate roc_auc, 0.9266
2025-09-29 18:27:08,884 - root - INFO - test loss: 0.2731
2025-09-29 18:27:08,884 - root - INFO - test average_precision, 0.9663
2025-09-29 18:27:08,884 - root - INFO - best test average_precision: 0.9685
2025-09-29 18:27:08,885 - root - INFO - test roc_auc, 0.9642
2025-09-29 18:27:08,885 - root - INFO - new node test loss: 0.3445
2025-09-29 18:27:08,885 - root - INFO - new node test average_precision, 0.9451
2025-09-29 18:27:08,885 - root - INFO - new node test roc_auc, 0.9399
2025-09-29 18:27:27,374 - root - INFO - Epoch: 100, learning rate: 0.0001, train loss: 0.1680
2025-09-29 18:27:27,374 - root - INFO - train average_precision, 0.9786
2025-09-29 18:27:27,374 - root - INFO - train roc_auc, 0.9795
2025-09-29 18:27:27,374 - root - INFO - validate loss: 0.2724
2025-09-29 18:27:27,375 - root - INFO - validate average_precision, 0.9684
2025-09-29 18:27:27,375 - root - INFO - validate roc_auc, 0.9645
2025-09-29 18:27:27,375 - root - INFO - new node validate loss: 0.3823
2025-09-29 18:27:27,375 - root - INFO - new node validate average_precision, 0.9357
2025-09-29 18:27:27,375 - root - INFO - new node validate roc_auc, 0.9267
2025-09-29 18:27:32,140 - root - INFO - test loss: 0.2721
2025-09-29 18:27:32,140 - root - INFO - test average_precision, 0.9654
2025-09-29 18:27:32,140 - root - INFO - best test average_precision: 0.9685
2025-09-29 18:27:32,140 - root - INFO - test roc_auc, 0.9629
2025-09-29 18:27:32,140 - root - INFO - new node test loss: 0.3405
2025-09-29 18:27:32,140 - root - INFO - new node test average_precision, 0.9447
2025-09-29 18:27:32,140 - root - INFO - new node test roc_auc, 0.9392
2025-09-29 18:27:32,140 - root - INFO - load model ./saved_models/JODIE/wikipedia/JODIE_seed3/JODIE_seed3.pkl
2025-09-29 18:27:33,538 - root - INFO - get final performance on dataset wikipedia...
2025-09-29 18:27:38,610 - root - INFO - test loss: 0.2654
2025-09-29 18:27:38,610 - root - INFO - test average_precision, 0.9677
2025-09-29 18:27:38,611 - root - INFO - test roc_auc, 0.9650
2025-09-29 18:27:38,611 - root - INFO - new node test loss: 0.3294
2025-09-29 18:27:38,611 - root - INFO - new node test average_precision, 0.9473
2025-09-29 18:27:38,611 - root - INFO - new node test roc_auc, 0.9424
2025-09-29 18:27:38,611 - root - INFO - Run 4 cost 2360.97 seconds.
