2025-10-01 19:05:11,641 - root - INFO - ********** Run 4 starts. **********
2025-10-01 19:05:11,641 - root - INFO - configuration is Namespace(dataset_name='wikipedia', batch_size=200, model_name='JODIE', gpu=0, num_neighbors=10, sample_neighbor_strategy='uniform', time_scaling_factor=1e-06, num_walk_heads=8, num_heads=2, num_layers=1, walk_length=1, time_gap=2000, time_feat_dim=128, position_feat_dim=172, time_window_mode='fixed_proportion', time_encoder_type='mercer', expert_dim=64, num_mixtures=4, patch_size=1, channel_embedding_dim=50, max_input_sequence_length=32, learning_rate=0.0001, dropout=0.1, gamma=0.5, num_epochs=100, optimizer='Adam', weight_decay=0.0, patience=20, val_ratio=0.15, test_ratio=0.15, num_runs=5, test_interval_epochs=1, negative_sample_strategy='random', max_interaction_times=10, load_best_configs=True, device='cuda:0', seed=3, save_model_name='JODIE_seed3')
2025-10-01 19:05:11,642 - root - INFO - time encoder type: mercer
2025-10-01 19:05:11,795 - root - INFO - model -> Sequential(
  (0): MemoryModel(
    (time_encoder): TimeEncoder(
      (w): Linear(in_features=1, out_features=128, bias=True)
    )
    (message_aggregator): MessageAggregator()
    (memory_bank): MemoryBank(num_nodes=9228, memory_dim=172)
    (memory_updater): RNNMemoryUpdater(
      (memory_bank): MemoryBank(num_nodes=9228, memory_dim=172)
      (memory_updater): RNNCell(644, 172)
    )
    (embedding_module): TimeProjectionEmbedding(
      (dropout): Dropout(p=0.1, inplace=False)
      (linear_layer): Linear(in_features=1, out_features=172, bias=True)
    )
  )
  (1): MergeLayer(
    (fc1): Linear(in_features=344, out_features=172, bias=True)
    (fc2): Linear(in_features=172, out_features=1, bias=True)
    (act): ReLU()
  )
)
2025-10-01 19:05:11,795 - root - INFO - model name: JODIE, #parameters: 803236 B, 784.41015625 KB, 0.7660255432128906 MB.
2025-10-01 19:05:30,425 - root - INFO - Epoch: 1, learning rate: 0.0001, train loss: 0.5266
2025-10-01 19:05:30,426 - root - INFO - train average_precision, 0.7916
2025-10-01 19:05:30,426 - root - INFO - train roc_auc, 0.8188
2025-10-01 19:05:30,426 - root - INFO - validate loss: 0.4449
2025-10-01 19:05:30,426 - root - INFO - validate average_precision, 0.8707
2025-10-01 19:05:30,426 - root - INFO - validate roc_auc, 0.8767
2025-10-01 19:05:30,426 - root - INFO - new node validate loss: 0.4952
2025-10-01 19:05:30,426 - root - INFO - new node validate average_precision, 0.8400
2025-10-01 19:05:30,426 - root - INFO - new node validate roc_auc, 0.8408
2025-10-01 19:05:35,201 - root - INFO - test loss: 0.4509
2025-10-01 19:05:35,201 - root - INFO - test average_precision, 0.8617
2025-10-01 19:05:35,201 - root - INFO - best test average_precision: 0.8617
2025-10-01 19:05:35,201 - root - INFO - test roc_auc, 0.8715
2025-10-01 19:05:35,201 - root - INFO - new node test loss: 0.5177
2025-10-01 19:05:35,201 - root - INFO - new node test average_precision, 0.8202
2025-10-01 19:05:35,201 - root - INFO - new node test roc_auc, 0.8263
2025-10-01 19:05:35,201 - root - INFO - save model ./saved_models/JODIE/wikipedia/JODIE_seed3/JODIE_seed3.pkl
2025-10-01 19:05:54,868 - root - INFO - Epoch: 2, learning rate: 0.0001, train loss: 0.4132
2025-10-01 19:05:54,868 - root - INFO - train average_precision, 0.8845
2025-10-01 19:05:54,869 - root - INFO - train roc_auc, 0.8937
2025-10-01 19:05:54,869 - root - INFO - validate loss: 0.3820
2025-10-01 19:05:54,869 - root - INFO - validate average_precision, 0.9043
2025-10-01 19:05:54,869 - root - INFO - validate roc_auc, 0.9096
2025-10-01 19:05:54,869 - root - INFO - new node validate loss: 0.4396
2025-10-01 19:05:54,869 - root - INFO - new node validate average_precision, 0.8786
2025-10-01 19:05:54,869 - root - INFO - new node validate roc_auc, 0.8739
2025-10-01 19:05:59,637 - root - INFO - test loss: 0.3884
2025-10-01 19:05:59,637 - root - INFO - test average_precision, 0.9013
2025-10-01 19:05:59,637 - root - INFO - best test average_precision: 0.9013
2025-10-01 19:05:59,637 - root - INFO - test roc_auc, 0.9076
2025-10-01 19:05:59,637 - root - INFO - new node test loss: 0.4435
2025-10-01 19:05:59,637 - root - INFO - new node test average_precision, 0.8773
2025-10-01 19:05:59,637 - root - INFO - new node test roc_auc, 0.8776
2025-10-01 19:05:59,637 - root - INFO - save model ./saved_models/JODIE/wikipedia/JODIE_seed3/JODIE_seed3.pkl
2025-10-01 19:06:19,300 - root - INFO - Epoch: 3, learning rate: 0.0001, train loss: 0.3792
2025-10-01 19:06:19,300 - root - INFO - train average_precision, 0.9059
2025-10-01 19:06:19,300 - root - INFO - train roc_auc, 0.9116
2025-10-01 19:06:19,300 - root - INFO - validate loss: 0.3668
2025-10-01 19:06:19,300 - root - INFO - validate average_precision, 0.9113
2025-10-01 19:06:19,300 - root - INFO - validate roc_auc, 0.9169
2025-10-01 19:06:19,300 - root - INFO - new node validate loss: 0.4289
2025-10-01 19:06:19,301 - root - INFO - new node validate average_precision, 0.8837
2025-10-01 19:06:19,301 - root - INFO - new node validate roc_auc, 0.8796
2025-10-01 19:06:24,000 - root - INFO - test loss: 0.3942
2025-10-01 19:06:24,000 - root - INFO - test average_precision, 0.8918
2025-10-01 19:06:24,000 - root - INFO - best test average_precision: 0.9013
2025-10-01 19:06:24,001 - root - INFO - test roc_auc, 0.9045
2025-10-01 19:06:24,001 - root - INFO - new node test loss: 0.4479
2025-10-01 19:06:24,001 - root - INFO - new node test average_precision, 0.8710
2025-10-01 19:06:24,001 - root - INFO - new node test roc_auc, 0.8754
2025-10-01 19:06:24,001 - root - INFO - save model ./saved_models/JODIE/wikipedia/JODIE_seed3/JODIE_seed3.pkl
2025-10-01 19:06:43,660 - root - INFO - Epoch: 4, learning rate: 0.0001, train loss: 0.3690
2025-10-01 19:06:43,660 - root - INFO - train average_precision, 0.9124
2025-10-01 19:06:43,660 - root - INFO - train roc_auc, 0.9164
2025-10-01 19:06:43,660 - root - INFO - validate loss: 0.3533
2025-10-01 19:06:43,660 - root - INFO - validate average_precision, 0.9198
2025-10-01 19:06:43,661 - root - INFO - validate roc_auc, 0.9231
2025-10-01 19:06:43,661 - root - INFO - new node validate loss: 0.4189
2025-10-01 19:06:43,661 - root - INFO - new node validate average_precision, 0.8890
2025-10-01 19:06:43,661 - root - INFO - new node validate roc_auc, 0.8840
2025-10-01 19:06:48,388 - root - INFO - test loss: 0.3888
2025-10-01 19:06:48,388 - root - INFO - test average_precision, 0.8963
2025-10-01 19:06:48,388 - root - INFO - best test average_precision: 0.9013
2025-10-01 19:06:48,388 - root - INFO - test roc_auc, 0.9073
2025-10-01 19:06:48,388 - root - INFO - new node test loss: 0.4445
2025-10-01 19:06:48,388 - root - INFO - new node test average_precision, 0.8767
2025-10-01 19:06:48,388 - root - INFO - new node test roc_auc, 0.8772
2025-10-01 19:06:48,388 - root - INFO - save model ./saved_models/JODIE/wikipedia/JODIE_seed3/JODIE_seed3.pkl
2025-10-01 19:07:07,918 - root - INFO - Epoch: 5, learning rate: 0.0001, train loss: 0.3515
2025-10-01 19:07:07,919 - root - INFO - train average_precision, 0.9215
2025-10-01 19:07:07,919 - root - INFO - train roc_auc, 0.9242
2025-10-01 19:07:07,919 - root - INFO - validate loss: 0.3346
2025-10-01 19:07:07,919 - root - INFO - validate average_precision, 0.9308
2025-10-01 19:07:07,919 - root - INFO - validate roc_auc, 0.9316
2025-10-01 19:07:07,919 - root - INFO - new node validate loss: 0.4096
2025-10-01 19:07:07,919 - root - INFO - new node validate average_precision, 0.8962
2025-10-01 19:07:07,919 - root - INFO - new node validate roc_auc, 0.8884
2025-10-01 19:07:12,634 - root - INFO - test loss: 0.3452
2025-10-01 19:07:12,634 - root - INFO - test average_precision, 0.9265
2025-10-01 19:07:12,634 - root - INFO - best test average_precision: 0.9265
2025-10-01 19:07:12,634 - root - INFO - test roc_auc, 0.9286
2025-10-01 19:07:12,634 - root - INFO - new node test loss: 0.4067
2025-10-01 19:07:12,634 - root - INFO - new node test average_precision, 0.9034
2025-10-01 19:07:12,635 - root - INFO - new node test roc_auc, 0.8993
2025-10-01 19:07:12,635 - root - INFO - save model ./saved_models/JODIE/wikipedia/JODIE_seed3/JODIE_seed3.pkl
2025-10-01 19:07:32,262 - root - INFO - Epoch: 6, learning rate: 0.0001, train loss: 0.3372
2025-10-01 19:07:32,262 - root - INFO - train average_precision, 0.9307
2025-10-01 19:07:32,263 - root - INFO - train roc_auc, 0.9305
2025-10-01 19:07:32,263 - root - INFO - validate loss: 0.3304
2025-10-01 19:07:32,263 - root - INFO - validate average_precision, 0.9356
2025-10-01 19:07:32,263 - root - INFO - validate roc_auc, 0.9341
2025-10-01 19:07:32,263 - root - INFO - new node validate loss: 0.4011
2025-10-01 19:07:32,263 - root - INFO - new node validate average_precision, 0.9012
2025-10-01 19:07:32,263 - root - INFO - new node validate roc_auc, 0.8917
2025-10-01 19:07:36,978 - root - INFO - test loss: 0.3425
2025-10-01 19:07:36,978 - root - INFO - test average_precision, 0.9293
2025-10-01 19:07:36,978 - root - INFO - best test average_precision: 0.9293
2025-10-01 19:07:36,978 - root - INFO - test roc_auc, 0.9305
2025-10-01 19:07:36,978 - root - INFO - new node test loss: 0.3957
2025-10-01 19:07:36,978 - root - INFO - new node test average_precision, 0.9088
2025-10-01 19:07:36,978 - root - INFO - new node test roc_auc, 0.9041
2025-10-01 19:07:36,978 - root - INFO - save model ./saved_models/JODIE/wikipedia/JODIE_seed3/JODIE_seed3.pkl
2025-10-01 19:07:56,640 - root - INFO - Epoch: 7, learning rate: 0.0001, train loss: 0.3280
2025-10-01 19:07:56,640 - root - INFO - train average_precision, 0.9346
2025-10-01 19:07:56,640 - root - INFO - train roc_auc, 0.9337
2025-10-01 19:07:56,640 - root - INFO - validate loss: 0.3183
2025-10-01 19:07:56,641 - root - INFO - validate average_precision, 0.9414
2025-10-01 19:07:56,641 - root - INFO - validate roc_auc, 0.9387
2025-10-01 19:07:56,641 - root - INFO - new node validate loss: 0.3953
2025-10-01 19:07:56,641 - root - INFO - new node validate average_precision, 0.9076
2025-10-01 19:07:56,641 - root - INFO - new node validate roc_auc, 0.8954
2025-10-01 19:08:01,381 - root - INFO - test loss: 0.3299
2025-10-01 19:08:01,382 - root - INFO - test average_precision, 0.9358
2025-10-01 19:08:01,382 - root - INFO - best test average_precision: 0.9358
2025-10-01 19:08:01,382 - root - INFO - test roc_auc, 0.9350
2025-10-01 19:08:01,382 - root - INFO - new node test loss: 0.3835
2025-10-01 19:08:01,382 - root - INFO - new node test average_precision, 0.9161
2025-10-01 19:08:01,382 - root - INFO - new node test roc_auc, 0.9090
2025-10-01 19:08:01,382 - root - INFO - save model ./saved_models/JODIE/wikipedia/JODIE_seed3/JODIE_seed3.pkl
2025-10-01 19:08:20,906 - root - INFO - Epoch: 8, learning rate: 0.0001, train loss: 0.3189
2025-10-01 19:08:20,907 - root - INFO - train average_precision, 0.9386
2025-10-01 19:08:20,907 - root - INFO - train roc_auc, 0.9374
2025-10-01 19:08:20,907 - root - INFO - validate loss: 0.3114
2025-10-01 19:08:20,907 - root - INFO - validate average_precision, 0.9423
2025-10-01 19:08:20,907 - root - INFO - validate roc_auc, 0.9413
2025-10-01 19:08:20,907 - root - INFO - new node validate loss: 0.3851
2025-10-01 19:08:20,907 - root - INFO - new node validate average_precision, 0.9102
2025-10-01 19:08:20,907 - root - INFO - new node validate roc_auc, 0.8993
2025-10-01 19:08:25,591 - root - INFO - test loss: 0.3359
2025-10-01 19:08:25,591 - root - INFO - test average_precision, 0.9327
2025-10-01 19:08:25,591 - root - INFO - best test average_precision: 0.9358
2025-10-01 19:08:25,591 - root - INFO - test roc_auc, 0.9328
2025-10-01 19:08:25,591 - root - INFO - new node test loss: 0.3867
2025-10-01 19:08:25,591 - root - INFO - new node test average_precision, 0.9142
2025-10-01 19:08:25,591 - root - INFO - new node test roc_auc, 0.9091
2025-10-01 19:08:25,592 - root - INFO - save model ./saved_models/JODIE/wikipedia/JODIE_seed3/JODIE_seed3.pkl
2025-10-01 19:08:45,137 - root - INFO - Epoch: 9, learning rate: 0.0001, train loss: 0.3112
2025-10-01 19:08:45,137 - root - INFO - train average_precision, 0.9410
2025-10-01 19:08:45,137 - root - INFO - train roc_auc, 0.9397
2025-10-01 19:08:45,137 - root - INFO - validate loss: 0.3046
2025-10-01 19:08:45,137 - root - INFO - validate average_precision, 0.9458
2025-10-01 19:08:45,137 - root - INFO - validate roc_auc, 0.9434
2025-10-01 19:08:45,137 - root - INFO - new node validate loss: 0.3764
2025-10-01 19:08:45,137 - root - INFO - new node validate average_precision, 0.9141
2025-10-01 19:08:45,137 - root - INFO - new node validate roc_auc, 0.9037
2025-10-01 19:08:49,861 - root - INFO - test loss: 0.3206
2025-10-01 19:08:49,861 - root - INFO - test average_precision, 0.9386
2025-10-01 19:08:49,861 - root - INFO - best test average_precision: 0.9386
2025-10-01 19:08:49,861 - root - INFO - test roc_auc, 0.9379
2025-10-01 19:08:49,861 - root - INFO - new node test loss: 0.3732
2025-10-01 19:08:49,862 - root - INFO - new node test average_precision, 0.9207
2025-10-01 19:08:49,862 - root - INFO - new node test roc_auc, 0.9146
2025-10-01 19:08:49,862 - root - INFO - save model ./saved_models/JODIE/wikipedia/JODIE_seed3/JODIE_seed3.pkl
2025-10-01 19:09:09,300 - root - INFO - Epoch: 10, learning rate: 0.0001, train loss: 0.3026
2025-10-01 19:09:09,300 - root - INFO - train average_precision, 0.9440
2025-10-01 19:09:09,300 - root - INFO - train roc_auc, 0.9427
2025-10-01 19:09:09,300 - root - INFO - validate loss: 0.2986
2025-10-01 19:09:09,300 - root - INFO - validate average_precision, 0.9481
2025-10-01 19:09:09,301 - root - INFO - validate roc_auc, 0.9458
2025-10-01 19:09:09,301 - root - INFO - new node validate loss: 0.3765
2025-10-01 19:09:09,301 - root - INFO - new node validate average_precision, 0.9160
2025-10-01 19:09:09,301 - root - INFO - new node validate roc_auc, 0.9052
2025-10-01 19:09:14,014 - root - INFO - test loss: 0.3068
2025-10-01 19:09:14,014 - root - INFO - test average_precision, 0.9435
2025-10-01 19:09:14,014 - root - INFO - best test average_precision: 0.9435
2025-10-01 19:09:14,015 - root - INFO - test roc_auc, 0.9429
2025-10-01 19:09:14,015 - root - INFO - new node test loss: 0.3662
2025-10-01 19:09:14,015 - root - INFO - new node test average_precision, 0.9241
2025-10-01 19:09:14,015 - root - INFO - new node test roc_auc, 0.9174
2025-10-01 19:09:14,015 - root - INFO - save model ./saved_models/JODIE/wikipedia/JODIE_seed3/JODIE_seed3.pkl
2025-10-01 19:09:33,609 - root - INFO - Epoch: 11, learning rate: 0.0001, train loss: 0.3009
2025-10-01 19:09:33,610 - root - INFO - train average_precision, 0.9445
2025-10-01 19:09:33,610 - root - INFO - train roc_auc, 0.9432
2025-10-01 19:09:33,610 - root - INFO - validate loss: 0.2959
2025-10-01 19:09:33,610 - root - INFO - validate average_precision, 0.9498
2025-10-01 19:09:33,610 - root - INFO - validate roc_auc, 0.9465
2025-10-01 19:09:33,610 - root - INFO - new node validate loss: 0.3739
2025-10-01 19:09:33,610 - root - INFO - new node validate average_precision, 0.9174
2025-10-01 19:09:33,610 - root - INFO - new node validate roc_auc, 0.9063
2025-10-01 19:09:38,297 - root - INFO - test loss: 0.3007
2025-10-01 19:09:38,297 - root - INFO - test average_precision, 0.9469
2025-10-01 19:09:38,297 - root - INFO - best test average_precision: 0.9469
2025-10-01 19:09:38,297 - root - INFO - test roc_auc, 0.9452
2025-10-01 19:09:38,297 - root - INFO - new node test loss: 0.3589
2025-10-01 19:09:38,297 - root - INFO - new node test average_precision, 0.9270
2025-10-01 19:09:38,297 - root - INFO - new node test roc_auc, 0.9197
2025-10-01 19:09:38,298 - root - INFO - save model ./saved_models/JODIE/wikipedia/JODIE_seed3/JODIE_seed3.pkl
2025-10-01 19:09:57,937 - root - INFO - Epoch: 12, learning rate: 0.0001, train loss: 0.2936
2025-10-01 19:09:57,937 - root - INFO - train average_precision, 0.9471
2025-10-01 19:09:57,938 - root - INFO - train roc_auc, 0.9456
2025-10-01 19:09:57,938 - root - INFO - validate loss: 0.2917
2025-10-01 19:09:57,938 - root - INFO - validate average_precision, 0.9516
2025-10-01 19:09:57,938 - root - INFO - validate roc_auc, 0.9485
2025-10-01 19:09:57,938 - root - INFO - new node validate loss: 0.3740
2025-10-01 19:09:57,938 - root - INFO - new node validate average_precision, 0.9178
2025-10-01 19:09:57,938 - root - INFO - new node validate roc_auc, 0.9068
2025-10-01 19:10:02,640 - root - INFO - test loss: 0.2962
2025-10-01 19:10:02,641 - root - INFO - test average_precision, 0.9478
2025-10-01 19:10:02,641 - root - INFO - best test average_precision: 0.9478
2025-10-01 19:10:02,641 - root - INFO - test roc_auc, 0.9467
2025-10-01 19:10:02,641 - root - INFO - new node test loss: 0.3591
2025-10-01 19:10:02,641 - root - INFO - new node test average_precision, 0.9268
2025-10-01 19:10:02,641 - root - INFO - new node test roc_auc, 0.9204
2025-10-01 19:10:02,641 - root - INFO - save model ./saved_models/JODIE/wikipedia/JODIE_seed3/JODIE_seed3.pkl
2025-10-01 19:10:22,247 - root - INFO - Epoch: 13, learning rate: 0.0001, train loss: 0.2864
2025-10-01 19:10:22,248 - root - INFO - train average_precision, 0.9498
2025-10-01 19:10:22,248 - root - INFO - train roc_auc, 0.9482
2025-10-01 19:10:22,248 - root - INFO - validate loss: 0.2877
2025-10-01 19:10:22,248 - root - INFO - validate average_precision, 0.9531
2025-10-01 19:10:22,248 - root - INFO - validate roc_auc, 0.9498
2025-10-01 19:10:22,248 - root - INFO - new node validate loss: 0.3727
2025-10-01 19:10:22,248 - root - INFO - new node validate average_precision, 0.9190
2025-10-01 19:10:22,248 - root - INFO - new node validate roc_auc, 0.9077
2025-10-01 19:10:26,962 - root - INFO - test loss: 0.2907
2025-10-01 19:10:26,962 - root - INFO - test average_precision, 0.9499
2025-10-01 19:10:26,962 - root - INFO - best test average_precision: 0.9499
2025-10-01 19:10:26,962 - root - INFO - test roc_auc, 0.9489
2025-10-01 19:10:26,962 - root - INFO - new node test loss: 0.3516
2025-10-01 19:10:26,962 - root - INFO - new node test average_precision, 0.9314
2025-10-01 19:10:26,962 - root - INFO - new node test roc_auc, 0.9238
2025-10-01 19:10:26,962 - root - INFO - save model ./saved_models/JODIE/wikipedia/JODIE_seed3/JODIE_seed3.pkl
2025-10-01 19:10:46,573 - root - INFO - Epoch: 14, learning rate: 0.0001, train loss: 0.2831
2025-10-01 19:10:46,573 - root - INFO - train average_precision, 0.9509
2025-10-01 19:10:46,573 - root - INFO - train roc_auc, 0.9493
2025-10-01 19:10:46,574 - root - INFO - validate loss: 0.2841
2025-10-01 19:10:46,574 - root - INFO - validate average_precision, 0.9546
2025-10-01 19:10:46,574 - root - INFO - validate roc_auc, 0.9511
2025-10-01 19:10:46,574 - root - INFO - new node validate loss: 0.3633
2025-10-01 19:10:46,574 - root - INFO - new node validate average_precision, 0.9214
2025-10-01 19:10:46,574 - root - INFO - new node validate roc_auc, 0.9118
2025-10-01 19:10:51,325 - root - INFO - test loss: 0.2881
2025-10-01 19:10:51,325 - root - INFO - test average_precision, 0.9514
2025-10-01 19:10:51,325 - root - INFO - best test average_precision: 0.9514
2025-10-01 19:10:51,325 - root - INFO - test roc_auc, 0.9501
2025-10-01 19:10:51,325 - root - INFO - new node test loss: 0.3467
2025-10-01 19:10:51,325 - root - INFO - new node test average_precision, 0.9327
2025-10-01 19:10:51,325 - root - INFO - new node test roc_auc, 0.9262
2025-10-01 19:10:51,325 - root - INFO - save model ./saved_models/JODIE/wikipedia/JODIE_seed3/JODIE_seed3.pkl
2025-10-01 19:11:10,795 - root - INFO - Epoch: 15, learning rate: 0.0001, train loss: 0.2803
2025-10-01 19:11:10,795 - root - INFO - train average_precision, 0.9516
2025-10-01 19:11:10,795 - root - INFO - train roc_auc, 0.9501
2025-10-01 19:11:10,795 - root - INFO - validate loss: 0.2842
2025-10-01 19:11:10,796 - root - INFO - validate average_precision, 0.9543
2025-10-01 19:11:10,796 - root - INFO - validate roc_auc, 0.9509
2025-10-01 19:11:10,796 - root - INFO - new node validate loss: 0.3670
2025-10-01 19:11:10,796 - root - INFO - new node validate average_precision, 0.9205
2025-10-01 19:11:10,796 - root - INFO - new node validate roc_auc, 0.9095
2025-10-01 19:11:15,503 - root - INFO - test loss: 0.2864
2025-10-01 19:11:15,503 - root - INFO - test average_precision, 0.9522
2025-10-01 19:11:15,503 - root - INFO - best test average_precision: 0.9522
2025-10-01 19:11:15,503 - root - INFO - test roc_auc, 0.9507
2025-10-01 19:11:15,503 - root - INFO - new node test loss: 0.3472
2025-10-01 19:11:15,503 - root - INFO - new node test average_precision, 0.9322
2025-10-01 19:11:15,503 - root - INFO - new node test roc_auc, 0.9250
2025-10-01 19:11:33,920 - root - INFO - Epoch: 16, learning rate: 0.0001, train loss: 0.2726
2025-10-01 19:11:33,920 - root - INFO - train average_precision, 0.9547
2025-10-01 19:11:33,920 - root - INFO - train roc_auc, 0.9526
2025-10-01 19:11:33,920 - root - INFO - validate loss: 0.2772
2025-10-01 19:11:33,920 - root - INFO - validate average_precision, 0.9560
2025-10-01 19:11:33,920 - root - INFO - validate roc_auc, 0.9529
2025-10-01 19:11:33,920 - root - INFO - new node validate loss: 0.3599
2025-10-01 19:11:33,920 - root - INFO - new node validate average_precision, 0.9234
2025-10-01 19:11:33,920 - root - INFO - new node validate roc_auc, 0.9133
2025-10-01 19:11:38,631 - root - INFO - test loss: 0.2873
2025-10-01 19:11:38,632 - root - INFO - test average_precision, 0.9513
2025-10-01 19:11:38,632 - root - INFO - best test average_precision: 0.9522
2025-10-01 19:11:38,632 - root - INFO - test roc_auc, 0.9505
2025-10-01 19:11:38,632 - root - INFO - new node test loss: 0.3497
2025-10-01 19:11:38,632 - root - INFO - new node test average_precision, 0.9307
2025-10-01 19:11:38,632 - root - INFO - new node test roc_auc, 0.9242
2025-10-01 19:11:38,632 - root - INFO - save model ./saved_models/JODIE/wikipedia/JODIE_seed3/JODIE_seed3.pkl
2025-10-01 19:11:58,277 - root - INFO - Epoch: 17, learning rate: 0.0001, train loss: 0.2681
2025-10-01 19:11:58,277 - root - INFO - train average_precision, 0.9555
2025-10-01 19:11:58,278 - root - INFO - train roc_auc, 0.9541
2025-10-01 19:11:58,278 - root - INFO - validate loss: 0.2752
2025-10-01 19:11:58,278 - root - INFO - validate average_precision, 0.9575
2025-10-01 19:11:58,278 - root - INFO - validate roc_auc, 0.9541
2025-10-01 19:11:58,278 - root - INFO - new node validate loss: 0.3598
2025-10-01 19:11:58,278 - root - INFO - new node validate average_precision, 0.9244
2025-10-01 19:11:58,278 - root - INFO - new node validate roc_auc, 0.9136
2025-10-01 19:12:03,016 - root - INFO - test loss: 0.2847
2025-10-01 19:12:03,016 - root - INFO - test average_precision, 0.9532
2025-10-01 19:12:03,016 - root - INFO - best test average_precision: 0.9532
2025-10-01 19:12:03,016 - root - INFO - test roc_auc, 0.9519
2025-10-01 19:12:03,017 - root - INFO - new node test loss: 0.3482
2025-10-01 19:12:03,017 - root - INFO - new node test average_precision, 0.9327
2025-10-01 19:12:03,017 - root - INFO - new node test roc_auc, 0.9257
2025-10-01 19:12:03,017 - root - INFO - save model ./saved_models/JODIE/wikipedia/JODIE_seed3/JODIE_seed3.pkl
2025-10-01 19:12:22,583 - root - INFO - Epoch: 18, learning rate: 0.0001, train loss: 0.2643
2025-10-01 19:12:22,584 - root - INFO - train average_precision, 0.9565
2025-10-01 19:12:22,584 - root - INFO - train roc_auc, 0.9552
2025-10-01 19:12:22,584 - root - INFO - validate loss: 0.2730
2025-10-01 19:12:22,584 - root - INFO - validate average_precision, 0.9588
2025-10-01 19:12:22,584 - root - INFO - validate roc_auc, 0.9554
2025-10-01 19:12:22,584 - root - INFO - new node validate loss: 0.3637
2025-10-01 19:12:22,584 - root - INFO - new node validate average_precision, 0.9236
2025-10-01 19:12:22,584 - root - INFO - new node validate roc_auc, 0.9132
2025-10-01 19:12:27,295 - root - INFO - test loss: 0.2772
2025-10-01 19:12:27,295 - root - INFO - test average_precision, 0.9553
2025-10-01 19:12:27,295 - root - INFO - best test average_precision: 0.9553
2025-10-01 19:12:27,295 - root - INFO - test roc_auc, 0.9546
2025-10-01 19:12:27,295 - root - INFO - new node test loss: 0.3442
2025-10-01 19:12:27,296 - root - INFO - new node test average_precision, 0.9345
2025-10-01 19:12:27,296 - root - INFO - new node test roc_auc, 0.9280
2025-10-01 19:12:27,296 - root - INFO - save model ./saved_models/JODIE/wikipedia/JODIE_seed3/JODIE_seed3.pkl
2025-10-01 19:12:46,917 - root - INFO - Epoch: 19, learning rate: 0.0001, train loss: 0.2616
2025-10-01 19:12:46,917 - root - INFO - train average_precision, 0.9578
2025-10-01 19:12:46,917 - root - INFO - train roc_auc, 0.9560
2025-10-01 19:12:46,918 - root - INFO - validate loss: 0.2723
2025-10-01 19:12:46,918 - root - INFO - validate average_precision, 0.9581
2025-10-01 19:12:46,918 - root - INFO - validate roc_auc, 0.9547
2025-10-01 19:12:46,918 - root - INFO - new node validate loss: 0.3564
2025-10-01 19:12:46,918 - root - INFO - new node validate average_precision, 0.9253
2025-10-01 19:12:46,918 - root - INFO - new node validate roc_auc, 0.9155
2025-10-01 19:12:51,611 - root - INFO - test loss: 0.2741
2025-10-01 19:12:51,611 - root - INFO - test average_precision, 0.9575
2025-10-01 19:12:51,611 - root - INFO - best test average_precision: 0.9575
2025-10-01 19:12:51,611 - root - INFO - test roc_auc, 0.9552
2025-10-01 19:12:51,611 - root - INFO - new node test loss: 0.3363
2025-10-01 19:12:51,611 - root - INFO - new node test average_precision, 0.9374
2025-10-01 19:12:51,611 - root - INFO - new node test roc_auc, 0.9302
2025-10-01 19:13:09,937 - root - INFO - Epoch: 20, learning rate: 0.0001, train loss: 0.2609
2025-10-01 19:13:09,937 - root - INFO - train average_precision, 0.9579
2025-10-01 19:13:09,938 - root - INFO - train roc_auc, 0.9562
2025-10-01 19:13:09,938 - root - INFO - validate loss: 0.2670
2025-10-01 19:13:09,938 - root - INFO - validate average_precision, 0.9591
2025-10-01 19:13:09,938 - root - INFO - validate roc_auc, 0.9562
2025-10-01 19:13:09,938 - root - INFO - new node validate loss: 0.3609
2025-10-01 19:13:09,938 - root - INFO - new node validate average_precision, 0.9235
2025-10-01 19:13:09,938 - root - INFO - new node validate roc_auc, 0.9135
2025-10-01 19:13:14,664 - root - INFO - test loss: 0.2687
2025-10-01 19:13:14,664 - root - INFO - test average_precision, 0.9586
2025-10-01 19:13:14,664 - root - INFO - best test average_precision: 0.9586
2025-10-01 19:13:14,664 - root - INFO - test roc_auc, 0.9568
2025-10-01 19:13:14,664 - root - INFO - new node test loss: 0.3337
2025-10-01 19:13:14,664 - root - INFO - new node test average_precision, 0.9376
2025-10-01 19:13:14,664 - root - INFO - new node test roc_auc, 0.9310
2025-10-01 19:13:14,664 - root - INFO - save model ./saved_models/JODIE/wikipedia/JODIE_seed3/JODIE_seed3.pkl
2025-10-01 19:13:34,312 - root - INFO - Epoch: 21, learning rate: 0.0001, train loss: 0.2587
2025-10-01 19:13:34,312 - root - INFO - train average_precision, 0.9581
2025-10-01 19:13:34,312 - root - INFO - train roc_auc, 0.9569
2025-10-01 19:13:34,312 - root - INFO - validate loss: 0.2732
2025-10-01 19:13:34,312 - root - INFO - validate average_precision, 0.9578
2025-10-01 19:13:34,312 - root - INFO - validate roc_auc, 0.9546
2025-10-01 19:13:34,312 - root - INFO - new node validate loss: 0.3517
2025-10-01 19:13:34,312 - root - INFO - new node validate average_precision, 0.9264
2025-10-01 19:13:34,312 - root - INFO - new node validate roc_auc, 0.9167
2025-10-01 19:13:38,928 - root - INFO - test loss: 0.2805
2025-10-01 19:13:38,928 - root - INFO - test average_precision, 0.9551
2025-10-01 19:13:38,928 - root - INFO - best test average_precision: 0.9586
2025-10-01 19:13:38,928 - root - INFO - test roc_auc, 0.9534
2025-10-01 19:13:38,928 - root - INFO - new node test loss: 0.3392
2025-10-01 19:13:38,928 - root - INFO - new node test average_precision, 0.9350
2025-10-01 19:13:38,928 - root - INFO - new node test roc_auc, 0.9292
2025-10-01 19:13:57,427 - root - INFO - Epoch: 22, learning rate: 0.0001, train loss: 0.2550
2025-10-01 19:13:57,427 - root - INFO - train average_precision, 0.9595
2025-10-01 19:13:57,427 - root - INFO - train roc_auc, 0.9581
2025-10-01 19:13:57,427 - root - INFO - validate loss: 0.2699
2025-10-01 19:13:57,427 - root - INFO - validate average_precision, 0.9597
2025-10-01 19:13:57,427 - root - INFO - validate roc_auc, 0.9559
2025-10-01 19:13:57,427 - root - INFO - new node validate loss: 0.3605
2025-10-01 19:13:57,427 - root - INFO - new node validate average_precision, 0.9253
2025-10-01 19:13:57,427 - root - INFO - new node validate roc_auc, 0.9145
2025-10-01 19:14:02,136 - root - INFO - test loss: 0.2857
2025-10-01 19:14:02,137 - root - INFO - test average_precision, 0.9543
2025-10-01 19:14:02,137 - root - INFO - best test average_precision: 0.9586
2025-10-01 19:14:02,137 - root - INFO - test roc_auc, 0.9519
2025-10-01 19:14:02,137 - root - INFO - new node test loss: 0.3486
2025-10-01 19:14:02,137 - root - INFO - new node test average_precision, 0.9347
2025-10-01 19:14:02,137 - root - INFO - new node test roc_auc, 0.9262
2025-10-01 19:14:20,550 - root - INFO - Epoch: 23, learning rate: 0.0001, train loss: 0.2572
2025-10-01 19:14:20,550 - root - INFO - train average_precision, 0.9585
2025-10-01 19:14:20,551 - root - INFO - train roc_auc, 0.9572
2025-10-01 19:14:20,551 - root - INFO - validate loss: 0.2689
2025-10-01 19:14:20,551 - root - INFO - validate average_precision, 0.9602
2025-10-01 19:14:20,551 - root - INFO - validate roc_auc, 0.9564
2025-10-01 19:14:20,551 - root - INFO - new node validate loss: 0.3587
2025-10-01 19:14:20,551 - root - INFO - new node validate average_precision, 0.9253
2025-10-01 19:14:20,551 - root - INFO - new node validate roc_auc, 0.9150
2025-10-01 19:14:25,263 - root - INFO - test loss: 0.2770
2025-10-01 19:14:25,263 - root - INFO - test average_precision, 0.9582
2025-10-01 19:14:25,263 - root - INFO - best test average_precision: 0.9586
2025-10-01 19:14:25,263 - root - INFO - test roc_auc, 0.9555
2025-10-01 19:14:25,263 - root - INFO - new node test loss: 0.3418
2025-10-01 19:14:25,263 - root - INFO - new node test average_precision, 0.9351
2025-10-01 19:14:25,263 - root - INFO - new node test roc_auc, 0.9286
2025-10-01 19:14:25,264 - root - INFO - save model ./saved_models/JODIE/wikipedia/JODIE_seed3/JODIE_seed3.pkl
2025-10-01 19:14:44,893 - root - INFO - Epoch: 24, learning rate: 0.0001, train loss: 0.2543
2025-10-01 19:14:44,894 - root - INFO - train average_precision, 0.9591
2025-10-01 19:14:44,894 - root - INFO - train roc_auc, 0.9583
2025-10-01 19:14:44,894 - root - INFO - validate loss: 0.2652
2025-10-01 19:14:44,894 - root - INFO - validate average_precision, 0.9615
2025-10-01 19:14:44,894 - root - INFO - validate roc_auc, 0.9578
2025-10-01 19:14:44,894 - root - INFO - new node validate loss: 0.3554
2025-10-01 19:14:44,894 - root - INFO - new node validate average_precision, 0.9273
2025-10-01 19:14:44,894 - root - INFO - new node validate roc_auc, 0.9177
2025-10-01 19:14:49,615 - root - INFO - test loss: 0.2639
2025-10-01 19:14:49,616 - root - INFO - test average_precision, 0.9603
2025-10-01 19:14:49,616 - root - INFO - best test average_precision: 0.9603
2025-10-01 19:14:49,616 - root - INFO - test roc_auc, 0.9589
2025-10-01 19:14:49,616 - root - INFO - new node test loss: 0.3314
2025-10-01 19:14:49,616 - root - INFO - new node test average_precision, 0.9392
2025-10-01 19:14:49,616 - root - INFO - new node test roc_auc, 0.9333
2025-10-01 19:14:49,616 - root - INFO - save model ./saved_models/JODIE/wikipedia/JODIE_seed3/JODIE_seed3.pkl
2025-10-01 19:15:09,181 - root - INFO - Epoch: 25, learning rate: 0.0001, train loss: 0.2483
2025-10-01 19:15:09,181 - root - INFO - train average_precision, 0.9606
2025-10-01 19:15:09,181 - root - INFO - train roc_auc, 0.9599
2025-10-01 19:15:09,181 - root - INFO - validate loss: 0.2636
2025-10-01 19:15:09,181 - root - INFO - validate average_precision, 0.9622
2025-10-01 19:15:09,181 - root - INFO - validate roc_auc, 0.9587
2025-10-01 19:15:09,181 - root - INFO - new node validate loss: 0.3561
2025-10-01 19:15:09,182 - root - INFO - new node validate average_precision, 0.9280
2025-10-01 19:15:09,182 - root - INFO - new node validate roc_auc, 0.9176
2025-10-01 19:15:13,857 - root - INFO - test loss: 0.2650
2025-10-01 19:15:13,857 - root - INFO - test average_precision, 0.9604
2025-10-01 19:15:13,857 - root - INFO - best test average_precision: 0.9604
2025-10-01 19:15:13,857 - root - INFO - test roc_auc, 0.9585
2025-10-01 19:15:13,857 - root - INFO - new node test loss: 0.3392
2025-10-01 19:15:13,857 - root - INFO - new node test average_precision, 0.9385
2025-10-01 19:15:13,857 - root - INFO - new node test roc_auc, 0.9309
2025-10-01 19:15:13,857 - root - INFO - save model ./saved_models/JODIE/wikipedia/JODIE_seed3/JODIE_seed3.pkl
2025-10-01 19:15:33,413 - root - INFO - Epoch: 26, learning rate: 0.0001, train loss: 0.2460
2025-10-01 19:15:33,413 - root - INFO - train average_precision, 0.9613
2025-10-01 19:15:33,413 - root - INFO - train roc_auc, 0.9607
2025-10-01 19:15:33,414 - root - INFO - validate loss: 0.2684
2025-10-01 19:15:33,414 - root - INFO - validate average_precision, 0.9601
2025-10-01 19:15:33,414 - root - INFO - validate roc_auc, 0.9568
2025-10-01 19:15:33,414 - root - INFO - new node validate loss: 0.3525
2025-10-01 19:15:33,414 - root - INFO - new node validate average_precision, 0.9277
2025-10-01 19:15:33,414 - root - INFO - new node validate roc_auc, 0.9185
2025-10-01 19:15:38,105 - root - INFO - test loss: 0.2733
2025-10-01 19:15:38,105 - root - INFO - test average_precision, 0.9580
2025-10-01 19:15:38,105 - root - INFO - best test average_precision: 0.9604
2025-10-01 19:15:38,105 - root - INFO - test roc_auc, 0.9560
2025-10-01 19:15:38,105 - root - INFO - new node test loss: 0.3430
2025-10-01 19:15:38,105 - root - INFO - new node test average_precision, 0.9357
2025-10-01 19:15:38,105 - root - INFO - new node test roc_auc, 0.9286
2025-10-01 19:15:56,446 - root - INFO - Epoch: 27, learning rate: 0.0001, train loss: 0.2460
2025-10-01 19:15:56,446 - root - INFO - train average_precision, 0.9614
2025-10-01 19:15:56,446 - root - INFO - train roc_auc, 0.9605
2025-10-01 19:15:56,446 - root - INFO - validate loss: 0.2744
2025-10-01 19:15:56,446 - root - INFO - validate average_precision, 0.9586
2025-10-01 19:15:56,446 - root - INFO - validate roc_auc, 0.9547
2025-10-01 19:15:56,446 - root - INFO - new node validate loss: 0.3600
2025-10-01 19:15:56,446 - root - INFO - new node validate average_precision, 0.9245
2025-10-01 19:15:56,446 - root - INFO - new node validate roc_auc, 0.9143
2025-10-01 19:16:01,144 - root - INFO - test loss: 0.2906
2025-10-01 19:16:01,144 - root - INFO - test average_precision, 0.9538
2025-10-01 19:16:01,144 - root - INFO - best test average_precision: 0.9604
2025-10-01 19:16:01,144 - root - INFO - test roc_auc, 0.9514
2025-10-01 19:16:01,144 - root - INFO - new node test loss: 0.3549
2025-10-01 19:16:01,144 - root - INFO - new node test average_precision, 0.9314
2025-10-01 19:16:01,144 - root - INFO - new node test roc_auc, 0.9244
2025-10-01 19:16:19,562 - root - INFO - Epoch: 28, learning rate: 0.0001, train loss: 0.2411
2025-10-01 19:16:19,562 - root - INFO - train average_precision, 0.9624
2025-10-01 19:16:19,562 - root - INFO - train roc_auc, 0.9618
2025-10-01 19:16:19,562 - root - INFO - validate loss: 0.2666
2025-10-01 19:16:19,562 - root - INFO - validate average_precision, 0.9610
2025-10-01 19:16:19,562 - root - INFO - validate roc_auc, 0.9577
2025-10-01 19:16:19,562 - root - INFO - new node validate loss: 0.3501
2025-10-01 19:16:19,562 - root - INFO - new node validate average_precision, 0.9275
2025-10-01 19:16:19,562 - root - INFO - new node validate roc_auc, 0.9191
2025-10-01 19:16:24,241 - root - INFO - test loss: 0.2771
2025-10-01 19:16:24,241 - root - INFO - test average_precision, 0.9574
2025-10-01 19:16:24,241 - root - INFO - best test average_precision: 0.9604
2025-10-01 19:16:24,241 - root - INFO - test roc_auc, 0.9554
2025-10-01 19:16:24,241 - root - INFO - new node test loss: 0.3462
2025-10-01 19:16:24,241 - root - INFO - new node test average_precision, 0.9349
2025-10-01 19:16:24,241 - root - INFO - new node test roc_auc, 0.9287
2025-10-01 19:16:42,630 - root - INFO - Epoch: 29, learning rate: 0.0001, train loss: 0.2410
2025-10-01 19:16:42,631 - root - INFO - train average_precision, 0.9624
2025-10-01 19:16:42,631 - root - INFO - train roc_auc, 0.9617
2025-10-01 19:16:42,631 - root - INFO - validate loss: 0.2599
2025-10-01 19:16:42,631 - root - INFO - validate average_precision, 0.9628
2025-10-01 19:16:42,631 - root - INFO - validate roc_auc, 0.9593
2025-10-01 19:16:42,631 - root - INFO - new node validate loss: 0.3493
2025-10-01 19:16:42,631 - root - INFO - new node validate average_precision, 0.9283
2025-10-01 19:16:42,631 - root - INFO - new node validate roc_auc, 0.9192
2025-10-01 19:16:47,339 - root - INFO - test loss: 0.2623
2025-10-01 19:16:47,340 - root - INFO - test average_precision, 0.9621
2025-10-01 19:16:47,340 - root - INFO - best test average_precision: 0.9621
2025-10-01 19:16:47,340 - root - INFO - test roc_auc, 0.9595
2025-10-01 19:16:47,340 - root - INFO - new node test loss: 0.3388
2025-10-01 19:16:47,340 - root - INFO - new node test average_precision, 0.9376
2025-10-01 19:16:47,340 - root - INFO - new node test roc_auc, 0.9306
2025-10-01 19:16:47,340 - root - INFO - save model ./saved_models/JODIE/wikipedia/JODIE_seed3/JODIE_seed3.pkl
2025-10-01 19:17:06,966 - root - INFO - Epoch: 30, learning rate: 0.0001, train loss: 0.2355
2025-10-01 19:17:06,967 - root - INFO - train average_precision, 0.9636
2025-10-01 19:17:06,967 - root - INFO - train roc_auc, 0.9630
2025-10-01 19:17:06,967 - root - INFO - validate loss: 0.2657
2025-10-01 19:17:06,967 - root - INFO - validate average_precision, 0.9627
2025-10-01 19:17:06,967 - root - INFO - validate roc_auc, 0.9592
2025-10-01 19:17:06,967 - root - INFO - new node validate loss: 0.3518
2025-10-01 19:17:06,967 - root - INFO - new node validate average_precision, 0.9297
2025-10-01 19:17:06,967 - root - INFO - new node validate roc_auc, 0.9205
2025-10-01 19:17:11,662 - root - INFO - test loss: 0.2681
2025-10-01 19:17:11,662 - root - INFO - test average_precision, 0.9611
2025-10-01 19:17:11,662 - root - INFO - best test average_precision: 0.9621
2025-10-01 19:17:11,663 - root - INFO - test roc_auc, 0.9593
2025-10-01 19:17:11,663 - root - INFO - new node test loss: 0.3407
2025-10-01 19:17:11,663 - root - INFO - new node test average_precision, 0.9391
2025-10-01 19:17:11,663 - root - INFO - new node test roc_auc, 0.9325
2025-10-01 19:17:30,087 - root - INFO - Epoch: 31, learning rate: 0.0001, train loss: 0.2350
2025-10-01 19:17:30,088 - root - INFO - train average_precision, 0.9640
2025-10-01 19:17:30,088 - root - INFO - train roc_auc, 0.9636
2025-10-01 19:17:30,088 - root - INFO - validate loss: 0.2622
2025-10-01 19:17:30,088 - root - INFO - validate average_precision, 0.9630
2025-10-01 19:17:30,088 - root - INFO - validate roc_auc, 0.9593
2025-10-01 19:17:30,088 - root - INFO - new node validate loss: 0.3524
2025-10-01 19:17:30,088 - root - INFO - new node validate average_precision, 0.9289
2025-10-01 19:17:30,088 - root - INFO - new node validate roc_auc, 0.9190
2025-10-01 19:17:34,788 - root - INFO - test loss: 0.2669
2025-10-01 19:17:34,788 - root - INFO - test average_precision, 0.9615
2025-10-01 19:17:34,789 - root - INFO - best test average_precision: 0.9621
2025-10-01 19:17:34,789 - root - INFO - test roc_auc, 0.9594
2025-10-01 19:17:34,789 - root - INFO - new node test loss: 0.3398
2025-10-01 19:17:34,789 - root - INFO - new node test average_precision, 0.9385
2025-10-01 19:17:34,789 - root - INFO - new node test roc_auc, 0.9322
2025-10-01 19:17:34,789 - root - INFO - save model ./saved_models/JODIE/wikipedia/JODIE_seed3/JODIE_seed3.pkl
2025-10-01 19:17:54,282 - root - INFO - Epoch: 32, learning rate: 0.0001, train loss: 0.2328
2025-10-01 19:17:54,283 - root - INFO - train average_precision, 0.9646
2025-10-01 19:17:54,283 - root - INFO - train roc_auc, 0.9641
2025-10-01 19:17:54,283 - root - INFO - validate loss: 0.2667
2025-10-01 19:17:54,283 - root - INFO - validate average_precision, 0.9615
2025-10-01 19:17:54,283 - root - INFO - validate roc_auc, 0.9582
2025-10-01 19:17:54,283 - root - INFO - new node validate loss: 0.3532
2025-10-01 19:17:54,283 - root - INFO - new node validate average_precision, 0.9279
2025-10-01 19:17:54,283 - root - INFO - new node validate roc_auc, 0.9190
2025-10-01 19:17:59,028 - root - INFO - test loss: 0.2858
2025-10-01 19:17:59,028 - root - INFO - test average_precision, 0.9564
2025-10-01 19:17:59,028 - root - INFO - best test average_precision: 0.9621
2025-10-01 19:17:59,028 - root - INFO - test roc_auc, 0.9538
2025-10-01 19:17:59,028 - root - INFO - new node test loss: 0.3481
2025-10-01 19:17:59,028 - root - INFO - new node test average_precision, 0.9347
2025-10-01 19:17:59,028 - root - INFO - new node test roc_auc, 0.9287
2025-10-01 19:18:17,437 - root - INFO - Epoch: 33, learning rate: 0.0001, train loss: 0.2330
2025-10-01 19:18:17,437 - root - INFO - train average_precision, 0.9646
2025-10-01 19:18:17,437 - root - INFO - train roc_auc, 0.9640
2025-10-01 19:18:17,437 - root - INFO - validate loss: 0.2723
2025-10-01 19:18:17,437 - root - INFO - validate average_precision, 0.9614
2025-10-01 19:18:17,437 - root - INFO - validate roc_auc, 0.9577
2025-10-01 19:18:17,437 - root - INFO - new node validate loss: 0.3530
2025-10-01 19:18:17,437 - root - INFO - new node validate average_precision, 0.9300
2025-10-01 19:18:17,437 - root - INFO - new node validate roc_auc, 0.9213
2025-10-01 19:18:22,151 - root - INFO - test loss: 0.2894
2025-10-01 19:18:22,151 - root - INFO - test average_precision, 0.9563
2025-10-01 19:18:22,151 - root - INFO - best test average_precision: 0.9621
2025-10-01 19:18:22,152 - root - INFO - test roc_auc, 0.9539
2025-10-01 19:18:22,152 - root - INFO - new node test loss: 0.3536
2025-10-01 19:18:22,152 - root - INFO - new node test average_precision, 0.9348
2025-10-01 19:18:22,152 - root - INFO - new node test roc_auc, 0.9286
2025-10-01 19:18:40,687 - root - INFO - Epoch: 34, learning rate: 0.0001, train loss: 0.2293
2025-10-01 19:18:40,687 - root - INFO - train average_precision, 0.9651
2025-10-01 19:18:40,687 - root - INFO - train roc_auc, 0.9650
2025-10-01 19:18:40,687 - root - INFO - validate loss: 0.2634
2025-10-01 19:18:40,687 - root - INFO - validate average_precision, 0.9629
2025-10-01 19:18:40,687 - root - INFO - validate roc_auc, 0.9592
2025-10-01 19:18:40,687 - root - INFO - new node validate loss: 0.3548
2025-10-01 19:18:40,687 - root - INFO - new node validate average_precision, 0.9285
2025-10-01 19:18:40,687 - root - INFO - new node validate roc_auc, 0.9186
2025-10-01 19:18:45,368 - root - INFO - test loss: 0.2726
2025-10-01 19:18:45,368 - root - INFO - test average_precision, 0.9598
2025-10-01 19:18:45,368 - root - INFO - best test average_precision: 0.9621
2025-10-01 19:18:45,368 - root - INFO - test roc_auc, 0.9574
2025-10-01 19:18:45,368 - root - INFO - new node test loss: 0.3470
2025-10-01 19:18:45,368 - root - INFO - new node test average_precision, 0.9357
2025-10-01 19:18:45,368 - root - INFO - new node test roc_auc, 0.9288
2025-10-01 19:19:03,772 - root - INFO - Epoch: 35, learning rate: 0.0001, train loss: 0.2274
2025-10-01 19:19:03,772 - root - INFO - train average_precision, 0.9655
2025-10-01 19:19:03,772 - root - INFO - train roc_auc, 0.9655
2025-10-01 19:19:03,772 - root - INFO - validate loss: 0.2685
2025-10-01 19:19:03,772 - root - INFO - validate average_precision, 0.9617
2025-10-01 19:19:03,772 - root - INFO - validate roc_auc, 0.9583
2025-10-01 19:19:03,772 - root - INFO - new node validate loss: 0.3486
2025-10-01 19:19:03,772 - root - INFO - new node validate average_precision, 0.9288
2025-10-01 19:19:03,772 - root - INFO - new node validate roc_auc, 0.9200
2025-10-01 19:19:08,468 - root - INFO - test loss: 0.2808
2025-10-01 19:19:08,469 - root - INFO - test average_precision, 0.9581
2025-10-01 19:19:08,469 - root - INFO - best test average_precision: 0.9621
2025-10-01 19:19:08,469 - root - INFO - test roc_auc, 0.9556
2025-10-01 19:19:08,469 - root - INFO - new node test loss: 0.3428
2025-10-01 19:19:08,469 - root - INFO - new node test average_precision, 0.9368
2025-10-01 19:19:08,469 - root - INFO - new node test roc_auc, 0.9311
2025-10-01 19:19:26,818 - root - INFO - Epoch: 36, learning rate: 0.0001, train loss: 0.2244
2025-10-01 19:19:26,818 - root - INFO - train average_precision, 0.9664
2025-10-01 19:19:26,819 - root - INFO - train roc_auc, 0.9664
2025-10-01 19:19:26,819 - root - INFO - validate loss: 0.2660
2025-10-01 19:19:26,819 - root - INFO - validate average_precision, 0.9630
2025-10-01 19:19:26,819 - root - INFO - validate roc_auc, 0.9594
2025-10-01 19:19:26,819 - root - INFO - new node validate loss: 0.3512
2025-10-01 19:19:26,819 - root - INFO - new node validate average_precision, 0.9291
2025-10-01 19:19:26,819 - root - INFO - new node validate roc_auc, 0.9199
2025-10-01 19:19:31,537 - root - INFO - test loss: 0.2815
2025-10-01 19:19:31,537 - root - INFO - test average_precision, 0.9589
2025-10-01 19:19:31,537 - root - INFO - best test average_precision: 0.9621
2025-10-01 19:19:31,537 - root - INFO - test roc_auc, 0.9565
2025-10-01 19:19:31,537 - root - INFO - new node test loss: 0.3420
2025-10-01 19:19:31,537 - root - INFO - new node test average_precision, 0.9382
2025-10-01 19:19:31,538 - root - INFO - new node test roc_auc, 0.9326
2025-10-01 19:19:49,979 - root - INFO - Epoch: 37, learning rate: 0.0001, train loss: 0.2245
2025-10-01 19:19:49,980 - root - INFO - train average_precision, 0.9661
2025-10-01 19:19:49,980 - root - INFO - train roc_auc, 0.9662
2025-10-01 19:19:49,980 - root - INFO - validate loss: 0.2713
2025-10-01 19:19:49,980 - root - INFO - validate average_precision, 0.9619
2025-10-01 19:19:49,980 - root - INFO - validate roc_auc, 0.9580
2025-10-01 19:19:49,980 - root - INFO - new node validate loss: 0.3460
2025-10-01 19:19:49,980 - root - INFO - new node validate average_precision, 0.9311
2025-10-01 19:19:49,980 - root - INFO - new node validate roc_auc, 0.9226
2025-10-01 19:19:54,708 - root - INFO - test loss: 0.2879
2025-10-01 19:19:54,708 - root - INFO - test average_precision, 0.9577
2025-10-01 19:19:54,708 - root - INFO - best test average_precision: 0.9621
2025-10-01 19:19:54,708 - root - INFO - test roc_auc, 0.9543
2025-10-01 19:19:54,708 - root - INFO - new node test loss: 0.3506
2025-10-01 19:19:54,708 - root - INFO - new node test average_precision, 0.9370
2025-10-01 19:19:54,708 - root - INFO - new node test roc_auc, 0.9302
2025-10-01 19:20:13,130 - root - INFO - Epoch: 38, learning rate: 0.0001, train loss: 0.2227
2025-10-01 19:20:13,130 - root - INFO - train average_precision, 0.9668
2025-10-01 19:20:13,130 - root - INFO - train roc_auc, 0.9669
2025-10-01 19:20:13,130 - root - INFO - validate loss: 0.2613
2025-10-01 19:20:13,130 - root - INFO - validate average_precision, 0.9643
2025-10-01 19:20:13,130 - root - INFO - validate roc_auc, 0.9607
2025-10-01 19:20:13,130 - root - INFO - new node validate loss: 0.3505
2025-10-01 19:20:13,131 - root - INFO - new node validate average_precision, 0.9303
2025-10-01 19:20:13,131 - root - INFO - new node validate roc_auc, 0.9213
2025-10-01 19:20:17,843 - root - INFO - test loss: 0.2717
2025-10-01 19:20:17,843 - root - INFO - test average_precision, 0.9614
2025-10-01 19:20:17,843 - root - INFO - best test average_precision: 0.9621
2025-10-01 19:20:17,843 - root - INFO - test roc_auc, 0.9593
2025-10-01 19:20:17,843 - root - INFO - new node test loss: 0.3402
2025-10-01 19:20:17,843 - root - INFO - new node test average_precision, 0.9400
2025-10-01 19:20:17,843 - root - INFO - new node test roc_auc, 0.9338
2025-10-01 19:20:17,843 - root - INFO - save model ./saved_models/JODIE/wikipedia/JODIE_seed3/JODIE_seed3.pkl
2025-10-01 19:20:37,278 - root - INFO - Epoch: 39, learning rate: 0.0001, train loss: 0.2204
2025-10-01 19:20:37,278 - root - INFO - train average_precision, 0.9676
2025-10-01 19:20:37,278 - root - INFO - train roc_auc, 0.9675
2025-10-01 19:20:37,278 - root - INFO - validate loss: 0.2617
2025-10-01 19:20:37,278 - root - INFO - validate average_precision, 0.9646
2025-10-01 19:20:37,278 - root - INFO - validate roc_auc, 0.9609
2025-10-01 19:20:37,278 - root - INFO - new node validate loss: 0.3483
2025-10-01 19:20:37,278 - root - INFO - new node validate average_precision, 0.9314
2025-10-01 19:20:37,278 - root - INFO - new node validate roc_auc, 0.9226
2025-10-01 19:20:41,999 - root - INFO - test loss: 0.2761
2025-10-01 19:20:42,000 - root - INFO - test average_precision, 0.9614
2025-10-01 19:20:42,000 - root - INFO - best test average_precision: 0.9621
2025-10-01 19:20:42,000 - root - INFO - test roc_auc, 0.9583
2025-10-01 19:20:42,000 - root - INFO - new node test loss: 0.3419
2025-10-01 19:20:42,000 - root - INFO - new node test average_precision, 0.9404
2025-10-01 19:20:42,000 - root - INFO - new node test roc_auc, 0.9340
2025-10-01 19:20:42,000 - root - INFO - save model ./saved_models/JODIE/wikipedia/JODIE_seed3/JODIE_seed3.pkl
2025-10-01 19:21:01,574 - root - INFO - Epoch: 40, learning rate: 0.0001, train loss: 0.2206
2025-10-01 19:21:01,574 - root - INFO - train average_precision, 0.9673
2025-10-01 19:21:01,574 - root - INFO - train roc_auc, 0.9673
2025-10-01 19:21:01,575 - root - INFO - validate loss: 0.2575
2025-10-01 19:21:01,575 - root - INFO - validate average_precision, 0.9645
2025-10-01 19:21:01,575 - root - INFO - validate roc_auc, 0.9610
2025-10-01 19:21:01,575 - root - INFO - new node validate loss: 0.3404
2025-10-01 19:21:01,575 - root - INFO - new node validate average_precision, 0.9319
2025-10-01 19:21:01,575 - root - INFO - new node validate roc_auc, 0.9235
2025-10-01 19:21:06,266 - root - INFO - test loss: 0.2647
2025-10-01 19:21:06,266 - root - INFO - test average_precision, 0.9625
2025-10-01 19:21:06,266 - root - INFO - best test average_precision: 0.9625
2025-10-01 19:21:06,266 - root - INFO - test roc_auc, 0.9602
2025-10-01 19:21:06,266 - root - INFO - new node test loss: 0.3308
2025-10-01 19:21:06,266 - root - INFO - new node test average_precision, 0.9418
2025-10-01 19:21:06,266 - root - INFO - new node test roc_auc, 0.9360
2025-10-01 19:21:24,695 - root - INFO - Epoch: 41, learning rate: 0.0001, train loss: 0.2196
2025-10-01 19:21:24,695 - root - INFO - train average_precision, 0.9675
2025-10-01 19:21:24,695 - root - INFO - train roc_auc, 0.9676
2025-10-01 19:21:24,695 - root - INFO - validate loss: 0.2689
2025-10-01 19:21:24,695 - root - INFO - validate average_precision, 0.9626
2025-10-01 19:21:24,695 - root - INFO - validate roc_auc, 0.9592
2025-10-01 19:21:24,695 - root - INFO - new node validate loss: 0.3501
2025-10-01 19:21:24,695 - root - INFO - new node validate average_precision, 0.9302
2025-10-01 19:21:24,695 - root - INFO - new node validate roc_auc, 0.9211
2025-10-01 19:21:29,432 - root - INFO - test loss: 0.2873
2025-10-01 19:21:29,432 - root - INFO - test average_precision, 0.9586
2025-10-01 19:21:29,432 - root - INFO - best test average_precision: 0.9625
2025-10-01 19:21:29,432 - root - INFO - test roc_auc, 0.9559
2025-10-01 19:21:29,432 - root - INFO - new node test loss: 0.3500
2025-10-01 19:21:29,432 - root - INFO - new node test average_precision, 0.9375
2025-10-01 19:21:29,432 - root - INFO - new node test roc_auc, 0.9311
2025-10-01 19:21:47,932 - root - INFO - Epoch: 42, learning rate: 0.0001, train loss: 0.2166
2025-10-01 19:21:47,932 - root - INFO - train average_precision, 0.9684
2025-10-01 19:21:47,932 - root - INFO - train roc_auc, 0.9684
2025-10-01 19:21:47,932 - root - INFO - validate loss: 0.2656
2025-10-01 19:21:47,932 - root - INFO - validate average_precision, 0.9636
2025-10-01 19:21:47,932 - root - INFO - validate roc_auc, 0.9602
2025-10-01 19:21:47,932 - root - INFO - new node validate loss: 0.3514
2025-10-01 19:21:47,932 - root - INFO - new node validate average_precision, 0.9309
2025-10-01 19:21:47,932 - root - INFO - new node validate roc_auc, 0.9218
2025-10-01 19:21:52,630 - root - INFO - test loss: 0.2739
2025-10-01 19:21:52,630 - root - INFO - test average_precision, 0.9612
2025-10-01 19:21:52,630 - root - INFO - best test average_precision: 0.9625
2025-10-01 19:21:52,630 - root - INFO - test roc_auc, 0.9587
2025-10-01 19:21:52,631 - root - INFO - new node test loss: 0.3508
2025-10-01 19:21:52,631 - root - INFO - new node test average_precision, 0.9378
2025-10-01 19:21:52,631 - root - INFO - new node test roc_auc, 0.9315
2025-10-01 19:22:11,023 - root - INFO - Epoch: 43, learning rate: 0.0001, train loss: 0.2162
2025-10-01 19:22:11,024 - root - INFO - train average_precision, 0.9681
2025-10-01 19:22:11,024 - root - INFO - train roc_auc, 0.9683
2025-10-01 19:22:11,024 - root - INFO - validate loss: 0.2600
2025-10-01 19:22:11,024 - root - INFO - validate average_precision, 0.9648
2025-10-01 19:22:11,024 - root - INFO - validate roc_auc, 0.9611
2025-10-01 19:22:11,024 - root - INFO - new node validate loss: 0.3475
2025-10-01 19:22:11,024 - root - INFO - new node validate average_precision, 0.9312
2025-10-01 19:22:11,024 - root - INFO - new node validate roc_auc, 0.9223
2025-10-01 19:22:15,743 - root - INFO - test loss: 0.2664
2025-10-01 19:22:15,744 - root - INFO - test average_precision, 0.9628
2025-10-01 19:22:15,744 - root - INFO - best test average_precision: 0.9628
2025-10-01 19:22:15,744 - root - INFO - test roc_auc, 0.9603
2025-10-01 19:22:15,744 - root - INFO - new node test loss: 0.3357
2025-10-01 19:22:15,744 - root - INFO - new node test average_precision, 0.9430
2025-10-01 19:22:15,744 - root - INFO - new node test roc_auc, 0.9361
2025-10-01 19:22:15,744 - root - INFO - save model ./saved_models/JODIE/wikipedia/JODIE_seed3/JODIE_seed3.pkl
2025-10-01 19:22:35,217 - root - INFO - Epoch: 44, learning rate: 0.0001, train loss: 0.2116
2025-10-01 19:22:35,218 - root - INFO - train average_precision, 0.9695
2025-10-01 19:22:35,218 - root - INFO - train roc_auc, 0.9696
2025-10-01 19:22:35,218 - root - INFO - validate loss: 0.2708
2025-10-01 19:22:35,218 - root - INFO - validate average_precision, 0.9633
2025-10-01 19:22:35,218 - root - INFO - validate roc_auc, 0.9597
2025-10-01 19:22:35,218 - root - INFO - new node validate loss: 0.3540
2025-10-01 19:22:35,218 - root - INFO - new node validate average_precision, 0.9299
2025-10-01 19:22:35,218 - root - INFO - new node validate roc_auc, 0.9215
2025-10-01 19:22:39,899 - root - INFO - test loss: 0.2877
2025-10-01 19:22:39,899 - root - INFO - test average_precision, 0.9591
2025-10-01 19:22:39,899 - root - INFO - best test average_precision: 0.9628
2025-10-01 19:22:39,899 - root - INFO - test roc_auc, 0.9567
2025-10-01 19:22:39,899 - root - INFO - new node test loss: 0.3525
2025-10-01 19:22:39,900 - root - INFO - new node test average_precision, 0.9386
2025-10-01 19:22:39,900 - root - INFO - new node test roc_auc, 0.9318
2025-10-01 19:22:58,328 - root - INFO - Epoch: 45, learning rate: 0.0001, train loss: 0.2141
2025-10-01 19:22:58,329 - root - INFO - train average_precision, 0.9687
2025-10-01 19:22:58,329 - root - INFO - train roc_auc, 0.9690
2025-10-01 19:22:58,329 - root - INFO - validate loss: 0.2633
2025-10-01 19:22:58,329 - root - INFO - validate average_precision, 0.9640
2025-10-01 19:22:58,329 - root - INFO - validate roc_auc, 0.9605
2025-10-01 19:22:58,329 - root - INFO - new node validate loss: 0.3453
2025-10-01 19:22:58,329 - root - INFO - new node validate average_precision, 0.9325
2025-10-01 19:22:58,329 - root - INFO - new node validate roc_auc, 0.9244
2025-10-01 19:23:03,029 - root - INFO - test loss: 0.2755
2025-10-01 19:23:03,030 - root - INFO - test average_precision, 0.9613
2025-10-01 19:23:03,030 - root - INFO - best test average_precision: 0.9628
2025-10-01 19:23:03,030 - root - INFO - test roc_auc, 0.9586
2025-10-01 19:23:03,030 - root - INFO - new node test loss: 0.3397
2025-10-01 19:23:03,030 - root - INFO - new node test average_precision, 0.9418
2025-10-01 19:23:03,030 - root - INFO - new node test roc_auc, 0.9357
2025-10-01 19:23:21,589 - root - INFO - Epoch: 46, learning rate: 0.0001, train loss: 0.2114
2025-10-01 19:23:21,589 - root - INFO - train average_precision, 0.9694
2025-10-01 19:23:21,589 - root - INFO - train roc_auc, 0.9697
2025-10-01 19:23:21,589 - root - INFO - validate loss: 0.2672
2025-10-01 19:23:21,589 - root - INFO - validate average_precision, 0.9639
2025-10-01 19:23:21,589 - root - INFO - validate roc_auc, 0.9606
2025-10-01 19:23:21,589 - root - INFO - new node validate loss: 0.3465
2025-10-01 19:23:21,589 - root - INFO - new node validate average_precision, 0.9329
2025-10-01 19:23:21,589 - root - INFO - new node validate roc_auc, 0.9250
2025-10-01 19:23:26,308 - root - INFO - test loss: 0.2866
2025-10-01 19:23:26,308 - root - INFO - test average_precision, 0.9610
2025-10-01 19:23:26,308 - root - INFO - best test average_precision: 0.9628
2025-10-01 19:23:26,309 - root - INFO - test roc_auc, 0.9577
2025-10-01 19:23:26,309 - root - INFO - new node test loss: 0.3524
2025-10-01 19:23:26,309 - root - INFO - new node test average_precision, 0.9404
2025-10-01 19:23:26,309 - root - INFO - new node test roc_auc, 0.9343
2025-10-01 19:23:44,684 - root - INFO - Epoch: 47, learning rate: 0.0001, train loss: 0.2103
2025-10-01 19:23:44,684 - root - INFO - train average_precision, 0.9697
2025-10-01 19:23:44,684 - root - INFO - train roc_auc, 0.9699
2025-10-01 19:23:44,684 - root - INFO - validate loss: 0.2650
2025-10-01 19:23:44,684 - root - INFO - validate average_precision, 0.9648
2025-10-01 19:23:44,684 - root - INFO - validate roc_auc, 0.9614
2025-10-01 19:23:44,684 - root - INFO - new node validate loss: 0.3488
2025-10-01 19:23:44,684 - root - INFO - new node validate average_precision, 0.9321
2025-10-01 19:23:44,684 - root - INFO - new node validate roc_auc, 0.9242
2025-10-01 19:23:49,374 - root - INFO - test loss: 0.2806
2025-10-01 19:23:49,374 - root - INFO - test average_precision, 0.9619
2025-10-01 19:23:49,374 - root - INFO - best test average_precision: 0.9628
2025-10-01 19:23:49,374 - root - INFO - test roc_auc, 0.9591
2025-10-01 19:23:49,374 - root - INFO - new node test loss: 0.3483
2025-10-01 19:23:49,375 - root - INFO - new node test average_precision, 0.9426
2025-10-01 19:23:49,375 - root - INFO - new node test roc_auc, 0.9363
2025-10-01 19:23:49,375 - root - INFO - save model ./saved_models/JODIE/wikipedia/JODIE_seed3/JODIE_seed3.pkl
2025-10-01 19:24:08,831 - root - INFO - Epoch: 48, learning rate: 0.0001, train loss: 0.2120
2025-10-01 19:24:08,831 - root - INFO - train average_precision, 0.9693
2025-10-01 19:24:08,831 - root - INFO - train roc_auc, 0.9694
2025-10-01 19:24:08,831 - root - INFO - validate loss: 0.2616
2025-10-01 19:24:08,832 - root - INFO - validate average_precision, 0.9645
2025-10-01 19:24:08,832 - root - INFO - validate roc_auc, 0.9615
2025-10-01 19:24:08,832 - root - INFO - new node validate loss: 0.3455
2025-10-01 19:24:08,832 - root - INFO - new node validate average_precision, 0.9324
2025-10-01 19:24:08,832 - root - INFO - new node validate roc_auc, 0.9247
2025-10-01 19:24:13,573 - root - INFO - test loss: 0.2753
2025-10-01 19:24:13,573 - root - INFO - test average_precision, 0.9626
2025-10-01 19:24:13,573 - root - INFO - best test average_precision: 0.9628
2025-10-01 19:24:13,573 - root - INFO - test roc_auc, 0.9595
2025-10-01 19:24:13,573 - root - INFO - new node test loss: 0.3431
2025-10-01 19:24:13,573 - root - INFO - new node test average_precision, 0.9420
2025-10-01 19:24:13,573 - root - INFO - new node test roc_auc, 0.9354
2025-10-01 19:24:31,962 - root - INFO - Epoch: 49, learning rate: 0.0001, train loss: 0.2109
2025-10-01 19:24:31,962 - root - INFO - train average_precision, 0.9693
2025-10-01 19:24:31,962 - root - INFO - train roc_auc, 0.9697
2025-10-01 19:24:31,962 - root - INFO - validate loss: 0.2586
2025-10-01 19:24:31,962 - root - INFO - validate average_precision, 0.9655
2025-10-01 19:24:31,962 - root - INFO - validate roc_auc, 0.9621
2025-10-01 19:24:31,962 - root - INFO - new node validate loss: 0.3579
2025-10-01 19:24:31,963 - root - INFO - new node validate average_precision, 0.9293
2025-10-01 19:24:31,963 - root - INFO - new node validate roc_auc, 0.9209
2025-10-01 19:24:36,671 - root - INFO - test loss: 0.2692
2025-10-01 19:24:36,671 - root - INFO - test average_precision, 0.9630
2025-10-01 19:24:36,671 - root - INFO - best test average_precision: 0.9630
2025-10-01 19:24:36,671 - root - INFO - test roc_auc, 0.9606
2025-10-01 19:24:36,671 - root - INFO - new node test loss: 0.3442
2025-10-01 19:24:36,671 - root - INFO - new node test average_precision, 0.9408
2025-10-01 19:24:36,671 - root - INFO - new node test roc_auc, 0.9347
2025-10-01 19:24:36,671 - root - INFO - save model ./saved_models/JODIE/wikipedia/JODIE_seed3/JODIE_seed3.pkl
2025-10-01 19:24:56,242 - root - INFO - Epoch: 50, learning rate: 0.0001, train loss: 0.2078
2025-10-01 19:24:56,242 - root - INFO - train average_precision, 0.9701
2025-10-01 19:24:56,242 - root - INFO - train roc_auc, 0.9705
2025-10-01 19:24:56,242 - root - INFO - validate loss: 0.2646
2025-10-01 19:24:56,242 - root - INFO - validate average_precision, 0.9641
2025-10-01 19:24:56,242 - root - INFO - validate roc_auc, 0.9612
2025-10-01 19:24:56,242 - root - INFO - new node validate loss: 0.3585
2025-10-01 19:24:56,242 - root - INFO - new node validate average_precision, 0.9303
2025-10-01 19:24:56,242 - root - INFO - new node validate roc_auc, 0.9215
2025-10-01 19:25:00,909 - root - INFO - test loss: 0.2800
2025-10-01 19:25:00,910 - root - INFO - test average_precision, 0.9622
2025-10-01 19:25:00,910 - root - INFO - best test average_precision: 0.9630
2025-10-01 19:25:00,910 - root - INFO - test roc_auc, 0.9591
2025-10-01 19:25:00,910 - root - INFO - new node test loss: 0.3520
2025-10-01 19:25:00,910 - root - INFO - new node test average_precision, 0.9407
2025-10-01 19:25:00,910 - root - INFO - new node test roc_auc, 0.9341
2025-10-01 19:25:19,326 - root - INFO - Epoch: 51, learning rate: 0.0001, train loss: 0.2062
2025-10-01 19:25:19,326 - root - INFO - train average_precision, 0.9706
2025-10-01 19:25:19,327 - root - INFO - train roc_auc, 0.9708
2025-10-01 19:25:19,327 - root - INFO - validate loss: 0.2629
2025-10-01 19:25:19,327 - root - INFO - validate average_precision, 0.9644
2025-10-01 19:25:19,327 - root - INFO - validate roc_auc, 0.9613
2025-10-01 19:25:19,327 - root - INFO - new node validate loss: 0.3576
2025-10-01 19:25:19,327 - root - INFO - new node validate average_precision, 0.9298
2025-10-01 19:25:19,327 - root - INFO - new node validate roc_auc, 0.9212
2025-10-01 19:25:23,994 - root - INFO - test loss: 0.2761
2025-10-01 19:25:23,994 - root - INFO - test average_precision, 0.9620
2025-10-01 19:25:23,994 - root - INFO - best test average_precision: 0.9630
2025-10-01 19:25:23,994 - root - INFO - test roc_auc, 0.9594
2025-10-01 19:25:23,994 - root - INFO - new node test loss: 0.3537
2025-10-01 19:25:23,994 - root - INFO - new node test average_precision, 0.9390
2025-10-01 19:25:23,994 - root - INFO - new node test roc_auc, 0.9321
2025-10-01 19:25:42,379 - root - INFO - Epoch: 52, learning rate: 0.0001, train loss: 0.2070
2025-10-01 19:25:42,379 - root - INFO - train average_precision, 0.9703
2025-10-01 19:25:42,380 - root - INFO - train roc_auc, 0.9706
2025-10-01 19:25:42,380 - root - INFO - validate loss: 0.2683
2025-10-01 19:25:42,380 - root - INFO - validate average_precision, 0.9642
2025-10-01 19:25:42,380 - root - INFO - validate roc_auc, 0.9609
2025-10-01 19:25:42,380 - root - INFO - new node validate loss: 0.3609
2025-10-01 19:25:42,380 - root - INFO - new node validate average_precision, 0.9302
2025-10-01 19:25:42,380 - root - INFO - new node validate roc_auc, 0.9218
2025-10-01 19:25:47,068 - root - INFO - test loss: 0.2798
2025-10-01 19:25:47,068 - root - INFO - test average_precision, 0.9610
2025-10-01 19:25:47,068 - root - INFO - best test average_precision: 0.9630
2025-10-01 19:25:47,069 - root - INFO - test roc_auc, 0.9585
2025-10-01 19:25:47,069 - root - INFO - new node test loss: 0.3594
2025-10-01 19:25:47,069 - root - INFO - new node test average_precision, 0.9383
2025-10-01 19:25:47,069 - root - INFO - new node test roc_auc, 0.9316
2025-10-01 19:26:05,512 - root - INFO - Epoch: 53, learning rate: 0.0001, train loss: 0.2046
2025-10-01 19:26:05,513 - root - INFO - train average_precision, 0.9709
2025-10-01 19:26:05,513 - root - INFO - train roc_auc, 0.9713
2025-10-01 19:26:05,513 - root - INFO - validate loss: 0.2660
2025-10-01 19:26:05,513 - root - INFO - validate average_precision, 0.9649
2025-10-01 19:26:05,513 - root - INFO - validate roc_auc, 0.9615
2025-10-01 19:26:05,513 - root - INFO - new node validate loss: 0.3614
2025-10-01 19:26:05,513 - root - INFO - new node validate average_precision, 0.9299
2025-10-01 19:26:05,513 - root - INFO - new node validate roc_auc, 0.9214
2025-10-01 19:26:10,237 - root - INFO - test loss: 0.2733
2025-10-01 19:26:10,237 - root - INFO - test average_precision, 0.9635
2025-10-01 19:26:10,237 - root - INFO - best test average_precision: 0.9635
2025-10-01 19:26:10,237 - root - INFO - test roc_auc, 0.9609
2025-10-01 19:26:10,237 - root - INFO - new node test loss: 0.3513
2025-10-01 19:26:10,237 - root - INFO - new node test average_precision, 0.9410
2025-10-01 19:26:10,237 - root - INFO - new node test roc_auc, 0.9343
2025-10-01 19:26:28,786 - root - INFO - Epoch: 54, learning rate: 0.0001, train loss: 0.2024
2025-10-01 19:26:28,786 - root - INFO - train average_precision, 0.9712
2025-10-01 19:26:28,786 - root - INFO - train roc_auc, 0.9718
2025-10-01 19:26:28,786 - root - INFO - validate loss: 0.2648
2025-10-01 19:26:28,786 - root - INFO - validate average_precision, 0.9645
2025-10-01 19:26:28,786 - root - INFO - validate roc_auc, 0.9610
2025-10-01 19:26:28,786 - root - INFO - new node validate loss: 0.3564
2025-10-01 19:26:28,786 - root - INFO - new node validate average_precision, 0.9301
2025-10-01 19:26:28,786 - root - INFO - new node validate roc_auc, 0.9218
2025-10-01 19:26:33,494 - root - INFO - test loss: 0.2771
2025-10-01 19:26:33,494 - root - INFO - test average_precision, 0.9618
2025-10-01 19:26:33,494 - root - INFO - best test average_precision: 0.9635
2025-10-01 19:26:33,494 - root - INFO - test roc_auc, 0.9588
2025-10-01 19:26:33,494 - root - INFO - new node test loss: 0.3487
2025-10-01 19:26:33,494 - root - INFO - new node test average_precision, 0.9406
2025-10-01 19:26:33,494 - root - INFO - new node test roc_auc, 0.9329
2025-10-01 19:26:51,873 - root - INFO - Epoch: 55, learning rate: 0.0001, train loss: 0.2043
2025-10-01 19:26:51,873 - root - INFO - train average_precision, 0.9707
2025-10-01 19:26:51,873 - root - INFO - train roc_auc, 0.9713
2025-10-01 19:26:51,873 - root - INFO - validate loss: 0.2634
2025-10-01 19:26:51,873 - root - INFO - validate average_precision, 0.9651
2025-10-01 19:26:51,873 - root - INFO - validate roc_auc, 0.9617
2025-10-01 19:26:51,873 - root - INFO - new node validate loss: 0.3591
2025-10-01 19:26:51,873 - root - INFO - new node validate average_precision, 0.9298
2025-10-01 19:26:51,873 - root - INFO - new node validate roc_auc, 0.9210
2025-10-01 19:26:56,583 - root - INFO - test loss: 0.2853
2025-10-01 19:26:56,583 - root - INFO - test average_precision, 0.9590
2025-10-01 19:26:56,583 - root - INFO - best test average_precision: 0.9635
2025-10-01 19:26:56,583 - root - INFO - test roc_auc, 0.9565
2025-10-01 19:26:56,583 - root - INFO - new node test loss: 0.3586
2025-10-01 19:26:56,583 - root - INFO - new node test average_precision, 0.9374
2025-10-01 19:26:56,583 - root - INFO - new node test roc_auc, 0.9303
2025-10-01 19:27:14,963 - root - INFO - Epoch: 56, learning rate: 0.0001, train loss: 0.2019
2025-10-01 19:27:14,964 - root - INFO - train average_precision, 0.9711
2025-10-01 19:27:14,964 - root - INFO - train roc_auc, 0.9719
2025-10-01 19:27:14,964 - root - INFO - validate loss: 0.2608
2025-10-01 19:27:14,964 - root - INFO - validate average_precision, 0.9656
2025-10-01 19:27:14,964 - root - INFO - validate roc_auc, 0.9623
2025-10-01 19:27:14,964 - root - INFO - new node validate loss: 0.3529
2025-10-01 19:27:14,964 - root - INFO - new node validate average_precision, 0.9310
2025-10-01 19:27:14,964 - root - INFO - new node validate roc_auc, 0.9229
2025-10-01 19:27:19,674 - root - INFO - test loss: 0.2706
2025-10-01 19:27:19,674 - root - INFO - test average_precision, 0.9635
2025-10-01 19:27:19,674 - root - INFO - best test average_precision: 0.9635
2025-10-01 19:27:19,674 - root - INFO - test roc_auc, 0.9608
2025-10-01 19:27:19,674 - root - INFO - new node test loss: 0.3452
2025-10-01 19:27:19,674 - root - INFO - new node test average_precision, 0.9405
2025-10-01 19:27:19,674 - root - INFO - new node test roc_auc, 0.9348
2025-10-01 19:27:19,675 - root - INFO - save model ./saved_models/JODIE/wikipedia/JODIE_seed3/JODIE_seed3.pkl
2025-10-01 19:27:39,064 - root - INFO - Epoch: 57, learning rate: 0.0001, train loss: 0.1992
2025-10-01 19:27:39,064 - root - INFO - train average_precision, 0.9717
2025-10-01 19:27:39,064 - root - INFO - train roc_auc, 0.9726
2025-10-01 19:27:39,064 - root - INFO - validate loss: 0.2719
2025-10-01 19:27:39,064 - root - INFO - validate average_precision, 0.9631
2025-10-01 19:27:39,064 - root - INFO - validate roc_auc, 0.9598
2025-10-01 19:27:39,064 - root - INFO - new node validate loss: 0.3614
2025-10-01 19:27:39,064 - root - INFO - new node validate average_precision, 0.9289
2025-10-01 19:27:39,064 - root - INFO - new node validate roc_auc, 0.9208
2025-10-01 19:27:43,761 - root - INFO - test loss: 0.2999
2025-10-01 19:27:43,761 - root - INFO - test average_precision, 0.9573
2025-10-01 19:27:43,761 - root - INFO - best test average_precision: 0.9635
2025-10-01 19:27:43,762 - root - INFO - test roc_auc, 0.9546
2025-10-01 19:27:43,762 - root - INFO - new node test loss: 0.3682
2025-10-01 19:27:43,762 - root - INFO - new node test average_precision, 0.9358
2025-10-01 19:27:43,762 - root - INFO - new node test roc_auc, 0.9291
2025-10-01 19:28:02,121 - root - INFO - Epoch: 58, learning rate: 0.0001, train loss: 0.1984
2025-10-01 19:28:02,121 - root - INFO - train average_precision, 0.9722
2025-10-01 19:28:02,121 - root - INFO - train roc_auc, 0.9728
2025-10-01 19:28:02,121 - root - INFO - validate loss: 0.2642
2025-10-01 19:28:02,122 - root - INFO - validate average_precision, 0.9658
2025-10-01 19:28:02,122 - root - INFO - validate roc_auc, 0.9622
2025-10-01 19:28:02,122 - root - INFO - new node validate loss: 0.3619
2025-10-01 19:28:02,122 - root - INFO - new node validate average_precision, 0.9304
2025-10-01 19:28:02,122 - root - INFO - new node validate roc_auc, 0.9210
2025-10-01 19:28:06,829 - root - INFO - test loss: 0.2728
2025-10-01 19:28:06,829 - root - INFO - test average_precision, 0.9639
2025-10-01 19:28:06,829 - root - INFO - best test average_precision: 0.9639
2025-10-01 19:28:06,829 - root - INFO - test roc_auc, 0.9609
2025-10-01 19:28:06,829 - root - INFO - new node test loss: 0.3461
2025-10-01 19:28:06,829 - root - INFO - new node test average_precision, 0.9424
2025-10-01 19:28:06,829 - root - INFO - new node test roc_auc, 0.9358
2025-10-01 19:28:25,231 - root - INFO - Epoch: 59, learning rate: 0.0001, train loss: 0.1983
2025-10-01 19:28:25,232 - root - INFO - train average_precision, 0.9725
2025-10-01 19:28:25,232 - root - INFO - train roc_auc, 0.9729
2025-10-01 19:28:25,232 - root - INFO - validate loss: 0.2738
2025-10-01 19:28:25,232 - root - INFO - validate average_precision, 0.9640
2025-10-01 19:28:25,232 - root - INFO - validate roc_auc, 0.9605
2025-10-01 19:28:25,232 - root - INFO - new node validate loss: 0.3655
2025-10-01 19:28:25,232 - root - INFO - new node validate average_precision, 0.9301
2025-10-01 19:28:25,232 - root - INFO - new node validate roc_auc, 0.9211
2025-10-01 19:28:29,923 - root - INFO - test loss: 0.2969
2025-10-01 19:28:29,923 - root - INFO - test average_precision, 0.9583
2025-10-01 19:28:29,923 - root - INFO - best test average_precision: 0.9639
2025-10-01 19:28:29,923 - root - INFO - test roc_auc, 0.9555
2025-10-01 19:28:29,923 - root - INFO - new node test loss: 0.3649
2025-10-01 19:28:29,923 - root - INFO - new node test average_precision, 0.9370
2025-10-01 19:28:29,923 - root - INFO - new node test roc_auc, 0.9305
2025-10-01 19:28:48,357 - root - INFO - Epoch: 60, learning rate: 0.0001, train loss: 0.1970
2025-10-01 19:28:48,357 - root - INFO - train average_precision, 0.9725
2025-10-01 19:28:48,357 - root - INFO - train roc_auc, 0.9730
2025-10-01 19:28:48,357 - root - INFO - validate loss: 0.2675
2025-10-01 19:28:48,357 - root - INFO - validate average_precision, 0.9641
2025-10-01 19:28:48,357 - root - INFO - validate roc_auc, 0.9607
2025-10-01 19:28:48,357 - root - INFO - new node validate loss: 0.3624
2025-10-01 19:28:48,357 - root - INFO - new node validate average_precision, 0.9295
2025-10-01 19:28:48,357 - root - INFO - new node validate roc_auc, 0.9207
2025-10-01 19:28:53,043 - root - INFO - test loss: 0.2821
2025-10-01 19:28:53,043 - root - INFO - test average_precision, 0.9613
2025-10-01 19:28:53,043 - root - INFO - best test average_precision: 0.9639
2025-10-01 19:28:53,043 - root - INFO - test roc_auc, 0.9585
2025-10-01 19:28:53,043 - root - INFO - new node test loss: 0.3544
2025-10-01 19:28:53,044 - root - INFO - new node test average_precision, 0.9400
2025-10-01 19:28:53,044 - root - INFO - new node test roc_auc, 0.9330
2025-10-01 19:29:11,444 - root - INFO - Epoch: 61, learning rate: 0.0001, train loss: 0.1956
2025-10-01 19:29:11,444 - root - INFO - train average_precision, 0.9728
2025-10-01 19:29:11,445 - root - INFO - train roc_auc, 0.9736
2025-10-01 19:29:11,445 - root - INFO - validate loss: 0.2612
2025-10-01 19:29:11,445 - root - INFO - validate average_precision, 0.9658
2025-10-01 19:29:11,445 - root - INFO - validate roc_auc, 0.9624
2025-10-01 19:29:11,445 - root - INFO - new node validate loss: 0.3521
2025-10-01 19:29:11,445 - root - INFO - new node validate average_precision, 0.9313
2025-10-01 19:29:11,445 - root - INFO - new node validate roc_auc, 0.9237
2025-10-01 19:29:16,155 - root - INFO - test loss: 0.2721
2025-10-01 19:29:16,155 - root - INFO - test average_precision, 0.9629
2025-10-01 19:29:16,155 - root - INFO - best test average_precision: 0.9639
2025-10-01 19:29:16,155 - root - INFO - test roc_auc, 0.9602
2025-10-01 19:29:16,155 - root - INFO - new node test loss: 0.3417
2025-10-01 19:29:16,155 - root - INFO - new node test average_precision, 0.9423
2025-10-01 19:29:16,155 - root - INFO - new node test roc_auc, 0.9358
2025-10-01 19:29:16,155 - root - INFO - save model ./saved_models/JODIE/wikipedia/JODIE_seed3/JODIE_seed3.pkl
2025-10-01 19:29:35,711 - root - INFO - Epoch: 62, learning rate: 0.0001, train loss: 0.1935
2025-10-01 19:29:35,711 - root - INFO - train average_precision, 0.9731
2025-10-01 19:29:35,711 - root - INFO - train roc_auc, 0.9739
2025-10-01 19:29:35,711 - root - INFO - validate loss: 0.2654
2025-10-01 19:29:35,711 - root - INFO - validate average_precision, 0.9651
2025-10-01 19:29:35,712 - root - INFO - validate roc_auc, 0.9616
2025-10-01 19:29:35,712 - root - INFO - new node validate loss: 0.3616
2025-10-01 19:29:35,712 - root - INFO - new node validate average_precision, 0.9301
2025-10-01 19:29:35,712 - root - INFO - new node validate roc_auc, 0.9212
2025-10-01 19:29:40,386 - root - INFO - test loss: 0.2768
2025-10-01 19:29:40,387 - root - INFO - test average_precision, 0.9618
2025-10-01 19:29:40,387 - root - INFO - best test average_precision: 0.9639
2025-10-01 19:29:40,387 - root - INFO - test roc_auc, 0.9596
2025-10-01 19:29:40,387 - root - INFO - new node test loss: 0.3535
2025-10-01 19:29:40,387 - root - INFO - new node test average_precision, 0.9389
2025-10-01 19:29:40,387 - root - INFO - new node test roc_auc, 0.9321
2025-10-01 19:29:58,758 - root - INFO - Epoch: 63, learning rate: 0.0001, train loss: 0.1936
2025-10-01 19:29:58,759 - root - INFO - train average_precision, 0.9733
2025-10-01 19:29:58,759 - root - INFO - train roc_auc, 0.9740
2025-10-01 19:29:58,759 - root - INFO - validate loss: 0.2659
2025-10-01 19:29:58,759 - root - INFO - validate average_precision, 0.9641
2025-10-01 19:29:58,759 - root - INFO - validate roc_auc, 0.9615
2025-10-01 19:29:58,759 - root - INFO - new node validate loss: 0.3557
2025-10-01 19:29:58,759 - root - INFO - new node validate average_precision, 0.9300
2025-10-01 19:29:58,759 - root - INFO - new node validate roc_auc, 0.9230
2025-10-01 19:30:03,491 - root - INFO - test loss: 0.2851
2025-10-01 19:30:03,491 - root - INFO - test average_precision, 0.9586
2025-10-01 19:30:03,491 - root - INFO - best test average_precision: 0.9639
2025-10-01 19:30:03,491 - root - INFO - test roc_auc, 0.9572
2025-10-01 19:30:03,491 - root - INFO - new node test loss: 0.3503
2025-10-01 19:30:03,492 - root - INFO - new node test average_precision, 0.9384
2025-10-01 19:30:03,492 - root - INFO - new node test roc_auc, 0.9335
2025-10-01 19:30:21,879 - root - INFO - Epoch: 64, learning rate: 0.0001, train loss: 0.1910
2025-10-01 19:30:21,879 - root - INFO - train average_precision, 0.9736
2025-10-01 19:30:21,880 - root - INFO - train roc_auc, 0.9744
2025-10-01 19:30:21,880 - root - INFO - validate loss: 0.2700
2025-10-01 19:30:21,880 - root - INFO - validate average_precision, 0.9654
2025-10-01 19:30:21,880 - root - INFO - validate roc_auc, 0.9616
2025-10-01 19:30:21,880 - root - INFO - new node validate loss: 0.3617
2025-10-01 19:30:21,880 - root - INFO - new node validate average_precision, 0.9317
2025-10-01 19:30:21,880 - root - INFO - new node validate roc_auc, 0.9233
2025-10-01 19:30:26,585 - root - INFO - test loss: 0.2896
2025-10-01 19:30:26,585 - root - INFO - test average_precision, 0.9609
2025-10-01 19:30:26,586 - root - INFO - best test average_precision: 0.9639
2025-10-01 19:30:26,586 - root - INFO - test roc_auc, 0.9580
2025-10-01 19:30:26,586 - root - INFO - new node test loss: 0.3554
2025-10-01 19:30:26,586 - root - INFO - new node test average_precision, 0.9391
2025-10-01 19:30:26,586 - root - INFO - new node test roc_auc, 0.9330
2025-10-01 19:30:44,967 - root - INFO - Epoch: 65, learning rate: 0.0001, train loss: 0.1911
2025-10-01 19:30:44,967 - root - INFO - train average_precision, 0.9736
2025-10-01 19:30:44,967 - root - INFO - train roc_auc, 0.9745
2025-10-01 19:30:44,967 - root - INFO - validate loss: 0.2654
2025-10-01 19:30:44,967 - root - INFO - validate average_precision, 0.9647
2025-10-01 19:30:44,967 - root - INFO - validate roc_auc, 0.9616
2025-10-01 19:30:44,967 - root - INFO - new node validate loss: 0.3538
2025-10-01 19:30:44,967 - root - INFO - new node validate average_precision, 0.9321
2025-10-01 19:30:44,967 - root - INFO - new node validate roc_auc, 0.9245
2025-10-01 19:30:49,648 - root - INFO - test loss: 0.2833
2025-10-01 19:30:49,648 - root - INFO - test average_precision, 0.9602
2025-10-01 19:30:49,648 - root - INFO - best test average_precision: 0.9639
2025-10-01 19:30:49,648 - root - INFO - test roc_auc, 0.9581
2025-10-01 19:30:49,648 - root - INFO - new node test loss: 0.3484
2025-10-01 19:30:49,648 - root - INFO - new node test average_precision, 0.9402
2025-10-01 19:30:49,648 - root - INFO - new node test roc_auc, 0.9343
2025-10-01 19:31:08,017 - root - INFO - Epoch: 66, learning rate: 0.0001, train loss: 0.1916
2025-10-01 19:31:08,018 - root - INFO - train average_precision, 0.9736
2025-10-01 19:31:08,018 - root - INFO - train roc_auc, 0.9744
2025-10-01 19:31:08,018 - root - INFO - validate loss: 0.2695
2025-10-01 19:31:08,018 - root - INFO - validate average_precision, 0.9650
2025-10-01 19:31:08,018 - root - INFO - validate roc_auc, 0.9619
2025-10-01 19:31:08,018 - root - INFO - new node validate loss: 0.3673
2025-10-01 19:31:08,018 - root - INFO - new node validate average_precision, 0.9302
2025-10-01 19:31:08,018 - root - INFO - new node validate roc_auc, 0.9218
2025-10-01 19:31:12,723 - root - INFO - test loss: 0.2854
2025-10-01 19:31:12,723 - root - INFO - test average_precision, 0.9606
2025-10-01 19:31:12,723 - root - INFO - best test average_precision: 0.9639
2025-10-01 19:31:12,723 - root - INFO - test roc_auc, 0.9586
2025-10-01 19:31:12,723 - root - INFO - new node test loss: 0.3578
2025-10-01 19:31:12,723 - root - INFO - new node test average_precision, 0.9406
2025-10-01 19:31:12,723 - root - INFO - new node test roc_auc, 0.9345
2025-10-01 19:31:31,240 - root - INFO - Epoch: 67, learning rate: 0.0001, train loss: 0.1904
2025-10-01 19:31:31,240 - root - INFO - train average_precision, 0.9738
2025-10-01 19:31:31,240 - root - INFO - train roc_auc, 0.9746
2025-10-01 19:31:31,240 - root - INFO - validate loss: 0.2678
2025-10-01 19:31:31,240 - root - INFO - validate average_precision, 0.9652
2025-10-01 19:31:31,240 - root - INFO - validate roc_auc, 0.9620
2025-10-01 19:31:31,240 - root - INFO - new node validate loss: 0.3634
2025-10-01 19:31:31,240 - root - INFO - new node validate average_precision, 0.9299
2025-10-01 19:31:31,240 - root - INFO - new node validate roc_auc, 0.9219
2025-10-01 19:31:35,928 - root - INFO - test loss: 0.2807
2025-10-01 19:31:35,928 - root - INFO - test average_precision, 0.9608
2025-10-01 19:31:35,928 - root - INFO - best test average_precision: 0.9639
2025-10-01 19:31:35,928 - root - INFO - test roc_auc, 0.9590
2025-10-01 19:31:35,928 - root - INFO - new node test loss: 0.3592
2025-10-01 19:31:35,928 - root - INFO - new node test average_precision, 0.9382
2025-10-01 19:31:35,928 - root - INFO - new node test roc_auc, 0.9320
2025-10-01 19:31:54,347 - root - INFO - Epoch: 68, learning rate: 0.0001, train loss: 0.1902
2025-10-01 19:31:54,347 - root - INFO - train average_precision, 0.9738
2025-10-01 19:31:54,347 - root - INFO - train roc_auc, 0.9746
2025-10-01 19:31:54,347 - root - INFO - validate loss: 0.2686
2025-10-01 19:31:54,347 - root - INFO - validate average_precision, 0.9654
2025-10-01 19:31:54,347 - root - INFO - validate roc_auc, 0.9621
2025-10-01 19:31:54,347 - root - INFO - new node validate loss: 0.3591
2025-10-01 19:31:54,347 - root - INFO - new node validate average_precision, 0.9315
2025-10-01 19:31:54,347 - root - INFO - new node validate roc_auc, 0.9242
2025-10-01 19:31:59,039 - root - INFO - test loss: 0.2818
2025-10-01 19:31:59,039 - root - INFO - test average_precision, 0.9617
2025-10-01 19:31:59,039 - root - INFO - best test average_precision: 0.9639
2025-10-01 19:31:59,039 - root - INFO - test roc_auc, 0.9594
2025-10-01 19:31:59,039 - root - INFO - new node test loss: 0.3545
2025-10-01 19:31:59,039 - root - INFO - new node test average_precision, 0.9398
2025-10-01 19:31:59,039 - root - INFO - new node test roc_auc, 0.9338
2025-10-01 19:32:17,470 - root - INFO - Epoch: 69, learning rate: 0.0001, train loss: 0.1875
2025-10-01 19:32:17,470 - root - INFO - train average_precision, 0.9746
2025-10-01 19:32:17,470 - root - INFO - train roc_auc, 0.9752
2025-10-01 19:32:17,470 - root - INFO - validate loss: 0.2656
2025-10-01 19:32:17,470 - root - INFO - validate average_precision, 0.9656
2025-10-01 19:32:17,470 - root - INFO - validate roc_auc, 0.9624
2025-10-01 19:32:17,470 - root - INFO - new node validate loss: 0.3585
2025-10-01 19:32:17,470 - root - INFO - new node validate average_precision, 0.9304
2025-10-01 19:32:17,470 - root - INFO - new node validate roc_auc, 0.9231
2025-10-01 19:32:22,195 - root - INFO - test loss: 0.2813
2025-10-01 19:32:22,195 - root - INFO - test average_precision, 0.9615
2025-10-01 19:32:22,195 - root - INFO - best test average_precision: 0.9639
2025-10-01 19:32:22,195 - root - INFO - test roc_auc, 0.9588
2025-10-01 19:32:22,195 - root - INFO - new node test loss: 0.3545
2025-10-01 19:32:22,195 - root - INFO - new node test average_precision, 0.9398
2025-10-01 19:32:22,195 - root - INFO - new node test roc_auc, 0.9331
2025-10-01 19:32:40,560 - root - INFO - Epoch: 70, learning rate: 0.0001, train loss: 0.1860
2025-10-01 19:32:40,560 - root - INFO - train average_precision, 0.9747
2025-10-01 19:32:40,560 - root - INFO - train roc_auc, 0.9757
2025-10-01 19:32:40,560 - root - INFO - validate loss: 0.2635
2025-10-01 19:32:40,560 - root - INFO - validate average_precision, 0.9658
2025-10-01 19:32:40,560 - root - INFO - validate roc_auc, 0.9629
2025-10-01 19:32:40,560 - root - INFO - new node validate loss: 0.3571
2025-10-01 19:32:40,560 - root - INFO - new node validate average_precision, 0.9312
2025-10-01 19:32:40,560 - root - INFO - new node validate roc_auc, 0.9243
2025-10-01 19:32:45,237 - root - INFO - test loss: 0.2741
2025-10-01 19:32:45,237 - root - INFO - test average_precision, 0.9629
2025-10-01 19:32:45,237 - root - INFO - best test average_precision: 0.9639
2025-10-01 19:32:45,237 - root - INFO - test roc_auc, 0.9607
2025-10-01 19:32:45,237 - root - INFO - new node test loss: 0.3419
2025-10-01 19:32:45,238 - root - INFO - new node test average_precision, 0.9430
2025-10-01 19:32:45,238 - root - INFO - new node test roc_auc, 0.9372
2025-10-01 19:33:03,687 - root - INFO - Epoch: 71, learning rate: 0.0001, train loss: 0.1874
2025-10-01 19:33:03,687 - root - INFO - train average_precision, 0.9742
2025-10-01 19:33:03,687 - root - INFO - train roc_auc, 0.9753
2025-10-01 19:33:03,687 - root - INFO - validate loss: 0.2641
2025-10-01 19:33:03,687 - root - INFO - validate average_precision, 0.9666
2025-10-01 19:33:03,687 - root - INFO - validate roc_auc, 0.9634
2025-10-01 19:33:03,687 - root - INFO - new node validate loss: 0.3559
2025-10-01 19:33:03,688 - root - INFO - new node validate average_precision, 0.9316
2025-10-01 19:33:03,688 - root - INFO - new node validate roc_auc, 0.9248
2025-10-01 19:33:08,378 - root - INFO - test loss: 0.2735
2025-10-01 19:33:08,378 - root - INFO - test average_precision, 0.9645
2025-10-01 19:33:08,378 - root - INFO - best test average_precision: 0.9645
2025-10-01 19:33:08,378 - root - INFO - test roc_auc, 0.9618
2025-10-01 19:33:08,378 - root - INFO - new node test loss: 0.3463
2025-10-01 19:33:08,378 - root - INFO - new node test average_precision, 0.9425
2025-10-01 19:33:08,378 - root - INFO - new node test roc_auc, 0.9369
2025-10-01 19:33:08,378 - root - INFO - save model ./saved_models/JODIE/wikipedia/JODIE_seed3/JODIE_seed3.pkl
2025-10-01 19:33:27,824 - root - INFO - Epoch: 72, learning rate: 0.0001, train loss: 0.1845
2025-10-01 19:33:27,825 - root - INFO - train average_precision, 0.9751
2025-10-01 19:33:27,825 - root - INFO - train roc_auc, 0.9759
2025-10-01 19:33:27,825 - root - INFO - validate loss: 0.2635
2025-10-01 19:33:27,825 - root - INFO - validate average_precision, 0.9665
2025-10-01 19:33:27,825 - root - INFO - validate roc_auc, 0.9631
2025-10-01 19:33:27,825 - root - INFO - new node validate loss: 0.3583
2025-10-01 19:33:27,825 - root - INFO - new node validate average_precision, 0.9322
2025-10-01 19:33:27,825 - root - INFO - new node validate roc_auc, 0.9242
2025-10-01 19:33:32,526 - root - INFO - test loss: 0.2742
2025-10-01 19:33:32,526 - root - INFO - test average_precision, 0.9636
2025-10-01 19:33:32,526 - root - INFO - best test average_precision: 0.9645
2025-10-01 19:33:32,527 - root - INFO - test roc_auc, 0.9608
2025-10-01 19:33:32,527 - root - INFO - new node test loss: 0.3529
2025-10-01 19:33:32,527 - root - INFO - new node test average_precision, 0.9407
2025-10-01 19:33:32,527 - root - INFO - new node test roc_auc, 0.9339
2025-10-01 19:33:50,940 - root - INFO - Epoch: 73, learning rate: 0.0001, train loss: 0.1858
2025-10-01 19:33:50,940 - root - INFO - train average_precision, 0.9746
2025-10-01 19:33:50,941 - root - INFO - train roc_auc, 0.9757
2025-10-01 19:33:50,941 - root - INFO - validate loss: 0.2668
2025-10-01 19:33:50,941 - root - INFO - validate average_precision, 0.9659
2025-10-01 19:33:50,941 - root - INFO - validate roc_auc, 0.9626
2025-10-01 19:33:50,941 - root - INFO - new node validate loss: 0.3539
2025-10-01 19:33:50,941 - root - INFO - new node validate average_precision, 0.9331
2025-10-01 19:33:50,941 - root - INFO - new node validate roc_auc, 0.9257
2025-10-01 19:33:55,632 - root - INFO - test loss: 0.2746
2025-10-01 19:33:55,633 - root - INFO - test average_precision, 0.9631
2025-10-01 19:33:55,633 - root - INFO - best test average_precision: 0.9645
2025-10-01 19:33:55,633 - root - INFO - test roc_auc, 0.9605
2025-10-01 19:33:55,633 - root - INFO - new node test loss: 0.3506
2025-10-01 19:33:55,633 - root - INFO - new node test average_precision, 0.9415
2025-10-01 19:33:55,633 - root - INFO - new node test roc_auc, 0.9348
2025-10-01 19:34:14,036 - root - INFO - Epoch: 74, learning rate: 0.0001, train loss: 0.1851
2025-10-01 19:34:14,036 - root - INFO - train average_precision, 0.9744
2025-10-01 19:34:14,036 - root - INFO - train roc_auc, 0.9757
2025-10-01 19:34:14,036 - root - INFO - validate loss: 0.2704
2025-10-01 19:34:14,036 - root - INFO - validate average_precision, 0.9652
2025-10-01 19:34:14,036 - root - INFO - validate roc_auc, 0.9620
2025-10-01 19:34:14,036 - root - INFO - new node validate loss: 0.3604
2025-10-01 19:34:14,037 - root - INFO - new node validate average_precision, 0.9304
2025-10-01 19:34:14,037 - root - INFO - new node validate roc_auc, 0.9230
2025-10-01 19:34:18,760 - root - INFO - test loss: 0.2866
2025-10-01 19:34:18,760 - root - INFO - test average_precision, 0.9606
2025-10-01 19:34:18,760 - root - INFO - best test average_precision: 0.9645
2025-10-01 19:34:18,760 - root - INFO - test roc_auc, 0.9576
2025-10-01 19:34:18,760 - root - INFO - new node test loss: 0.3577
2025-10-01 19:34:18,760 - root - INFO - new node test average_precision, 0.9392
2025-10-01 19:34:18,760 - root - INFO - new node test roc_auc, 0.9323
2025-10-01 19:34:37,192 - root - INFO - Epoch: 75, learning rate: 0.0001, train loss: 0.1828
2025-10-01 19:34:37,193 - root - INFO - train average_precision, 0.9752
2025-10-01 19:34:37,193 - root - INFO - train roc_auc, 0.9763
2025-10-01 19:34:37,193 - root - INFO - validate loss: 0.2693
2025-10-01 19:34:37,193 - root - INFO - validate average_precision, 0.9657
2025-10-01 19:34:37,193 - root - INFO - validate roc_auc, 0.9624
2025-10-01 19:34:37,193 - root - INFO - new node validate loss: 0.3477
2025-10-01 19:34:37,193 - root - INFO - new node validate average_precision, 0.9340
2025-10-01 19:34:37,193 - root - INFO - new node validate roc_auc, 0.9271
2025-10-01 19:34:41,892 - root - INFO - test loss: 0.2872
2025-10-01 19:34:41,893 - root - INFO - test average_precision, 0.9613
2025-10-01 19:34:41,893 - root - INFO - best test average_precision: 0.9645
2025-10-01 19:34:41,893 - root - INFO - test roc_auc, 0.9588
2025-10-01 19:34:41,893 - root - INFO - new node test loss: 0.3547
2025-10-01 19:34:41,893 - root - INFO - new node test average_precision, 0.9412
2025-10-01 19:34:41,893 - root - INFO - new node test roc_auc, 0.9348
2025-10-01 19:35:00,505 - root - INFO - Epoch: 76, learning rate: 0.0001, train loss: 0.1813
2025-10-01 19:35:00,505 - root - INFO - train average_precision, 0.9754
2025-10-01 19:35:00,505 - root - INFO - train roc_auc, 0.9764
2025-10-01 19:35:00,505 - root - INFO - validate loss: 0.2715
2025-10-01 19:35:00,505 - root - INFO - validate average_precision, 0.9660
2025-10-01 19:35:00,505 - root - INFO - validate roc_auc, 0.9627
2025-10-01 19:35:00,505 - root - INFO - new node validate loss: 0.3644
2025-10-01 19:35:00,505 - root - INFO - new node validate average_precision, 0.9303
2025-10-01 19:35:00,505 - root - INFO - new node validate roc_auc, 0.9231
2025-10-01 19:35:05,204 - root - INFO - test loss: 0.2951
2025-10-01 19:35:05,204 - root - INFO - test average_precision, 0.9596
2025-10-01 19:35:05,204 - root - INFO - best test average_precision: 0.9645
2025-10-01 19:35:05,204 - root - INFO - test roc_auc, 0.9567
2025-10-01 19:35:05,204 - root - INFO - new node test loss: 0.3725
2025-10-01 19:35:05,204 - root - INFO - new node test average_precision, 0.9358
2025-10-01 19:35:05,204 - root - INFO - new node test roc_auc, 0.9290
2025-10-01 19:35:23,640 - root - INFO - Epoch: 77, learning rate: 0.0001, train loss: 0.1818
2025-10-01 19:35:23,640 - root - INFO - train average_precision, 0.9754
2025-10-01 19:35:23,641 - root - INFO - train roc_auc, 0.9765
2025-10-01 19:35:23,641 - root - INFO - validate loss: 0.2664
2025-10-01 19:35:23,641 - root - INFO - validate average_precision, 0.9662
2025-10-01 19:35:23,641 - root - INFO - validate roc_auc, 0.9630
2025-10-01 19:35:23,641 - root - INFO - new node validate loss: 0.3527
2025-10-01 19:35:23,641 - root - INFO - new node validate average_precision, 0.9326
2025-10-01 19:35:23,641 - root - INFO - new node validate roc_auc, 0.9256
2025-10-01 19:35:28,334 - root - INFO - test loss: 0.2738
2025-10-01 19:35:28,334 - root - INFO - test average_precision, 0.9638
2025-10-01 19:35:28,334 - root - INFO - best test average_precision: 0.9645
2025-10-01 19:35:28,334 - root - INFO - test roc_auc, 0.9611
2025-10-01 19:35:28,334 - root - INFO - new node test loss: 0.3467
2025-10-01 19:35:28,334 - root - INFO - new node test average_precision, 0.9418
2025-10-01 19:35:28,334 - root - INFO - new node test roc_auc, 0.9359
2025-10-01 19:35:46,741 - root - INFO - Epoch: 78, learning rate: 0.0001, train loss: 0.1790
2025-10-01 19:35:46,741 - root - INFO - train average_precision, 0.9763
2025-10-01 19:35:46,741 - root - INFO - train roc_auc, 0.9770
2025-10-01 19:35:46,742 - root - INFO - validate loss: 0.2707
2025-10-01 19:35:46,742 - root - INFO - validate average_precision, 0.9663
2025-10-01 19:35:46,742 - root - INFO - validate roc_auc, 0.9631
2025-10-01 19:35:46,742 - root - INFO - new node validate loss: 0.3646
2025-10-01 19:35:46,742 - root - INFO - new node validate average_precision, 0.9322
2025-10-01 19:35:46,742 - root - INFO - new node validate roc_auc, 0.9248
2025-10-01 19:35:51,426 - root - INFO - test loss: 0.2864
2025-10-01 19:35:51,426 - root - INFO - test average_precision, 0.9622
2025-10-01 19:35:51,426 - root - INFO - best test average_precision: 0.9645
2025-10-01 19:35:51,426 - root - INFO - test roc_auc, 0.9598
2025-10-01 19:35:51,426 - root - INFO - new node test loss: 0.3609
2025-10-01 19:35:51,426 - root - INFO - new node test average_precision, 0.9401
2025-10-01 19:35:51,426 - root - INFO - new node test roc_auc, 0.9340
2025-10-01 19:36:09,789 - root - INFO - Epoch: 79, learning rate: 0.0001, train loss: 0.1790
2025-10-01 19:36:09,789 - root - INFO - train average_precision, 0.9761
2025-10-01 19:36:09,789 - root - INFO - train roc_auc, 0.9772
2025-10-01 19:36:09,789 - root - INFO - validate loss: 0.2735
2025-10-01 19:36:09,789 - root - INFO - validate average_precision, 0.9648
2025-10-01 19:36:09,789 - root - INFO - validate roc_auc, 0.9613
2025-10-01 19:36:09,789 - root - INFO - new node validate loss: 0.3631
2025-10-01 19:36:09,789 - root - INFO - new node validate average_precision, 0.9303
2025-10-01 19:36:09,789 - root - INFO - new node validate roc_auc, 0.9231
2025-10-01 19:36:14,454 - root - INFO - test loss: 0.3031
2025-10-01 19:36:14,455 - root - INFO - test average_precision, 0.9561
2025-10-01 19:36:14,455 - root - INFO - best test average_precision: 0.9645
2025-10-01 19:36:14,455 - root - INFO - test roc_auc, 0.9536
2025-10-01 19:36:14,455 - root - INFO - new node test loss: 0.3775
2025-10-01 19:36:14,455 - root - INFO - new node test average_precision, 0.9330
2025-10-01 19:36:14,455 - root - INFO - new node test roc_auc, 0.9263
2025-10-01 19:36:32,852 - root - INFO - Epoch: 80, learning rate: 0.0001, train loss: 0.1831
2025-10-01 19:36:32,852 - root - INFO - train average_precision, 0.9750
2025-10-01 19:36:32,852 - root - INFO - train roc_auc, 0.9762
2025-10-01 19:36:32,852 - root - INFO - validate loss: 0.2696
2025-10-01 19:36:32,852 - root - INFO - validate average_precision, 0.9652
2025-10-01 19:36:32,852 - root - INFO - validate roc_auc, 0.9615
2025-10-01 19:36:32,852 - root - INFO - new node validate loss: 0.3561
2025-10-01 19:36:32,852 - root - INFO - new node validate average_precision, 0.9314
2025-10-01 19:36:32,852 - root - INFO - new node validate roc_auc, 0.9243
2025-10-01 19:36:37,541 - root - INFO - test loss: 0.2927
2025-10-01 19:36:37,542 - root - INFO - test average_precision, 0.9586
2025-10-01 19:36:37,542 - root - INFO - best test average_precision: 0.9645
2025-10-01 19:36:37,542 - root - INFO - test roc_auc, 0.9566
2025-10-01 19:36:37,542 - root - INFO - new node test loss: 0.3669
2025-10-01 19:36:37,542 - root - INFO - new node test average_precision, 0.9379
2025-10-01 19:36:37,542 - root - INFO - new node test roc_auc, 0.9302
2025-10-01 19:36:56,008 - root - INFO - Epoch: 81, learning rate: 0.0001, train loss: 0.1774
2025-10-01 19:36:56,008 - root - INFO - train average_precision, 0.9769
2025-10-01 19:36:56,008 - root - INFO - train roc_auc, 0.9775
2025-10-01 19:36:56,008 - root - INFO - validate loss: 0.2666
2025-10-01 19:36:56,008 - root - INFO - validate average_precision, 0.9663
2025-10-01 19:36:56,009 - root - INFO - validate roc_auc, 0.9630
2025-10-01 19:36:56,009 - root - INFO - new node validate loss: 0.3587
2025-10-01 19:36:56,009 - root - INFO - new node validate average_precision, 0.9313
2025-10-01 19:36:56,009 - root - INFO - new node validate roc_auc, 0.9247
2025-10-01 19:37:00,771 - root - INFO - test loss: 0.2852
2025-10-01 19:37:00,771 - root - INFO - test average_precision, 0.9607
2025-10-01 19:37:00,771 - root - INFO - best test average_precision: 0.9645
2025-10-01 19:37:00,771 - root - INFO - test roc_auc, 0.9579
2025-10-01 19:37:00,771 - root - INFO - new node test loss: 0.3632
2025-10-01 19:37:00,771 - root - INFO - new node test average_precision, 0.9384
2025-10-01 19:37:00,771 - root - INFO - new node test roc_auc, 0.9315
2025-10-01 19:37:19,132 - root - INFO - Epoch: 82, learning rate: 0.0001, train loss: 0.1794
2025-10-01 19:37:19,132 - root - INFO - train average_precision, 0.9758
2025-10-01 19:37:19,133 - root - INFO - train roc_auc, 0.9770
2025-10-01 19:37:19,133 - root - INFO - validate loss: 0.2816
2025-10-01 19:37:19,133 - root - INFO - validate average_precision, 0.9650
2025-10-01 19:37:19,133 - root - INFO - validate roc_auc, 0.9611
2025-10-01 19:37:19,133 - root - INFO - new node validate loss: 0.3698
2025-10-01 19:37:19,133 - root - INFO - new node validate average_precision, 0.9310
2025-10-01 19:37:19,133 - root - INFO - new node validate roc_auc, 0.9234
2025-10-01 19:37:23,845 - root - INFO - test loss: 0.3067
2025-10-01 19:37:23,845 - root - INFO - test average_precision, 0.9582
2025-10-01 19:37:23,845 - root - INFO - best test average_precision: 0.9645
2025-10-01 19:37:23,845 - root - INFO - test roc_auc, 0.9550
2025-10-01 19:37:23,845 - root - INFO - new node test loss: 0.3875
2025-10-01 19:37:23,845 - root - INFO - new node test average_precision, 0.9356
2025-10-01 19:37:23,845 - root - INFO - new node test roc_auc, 0.9269
2025-10-01 19:37:42,214 - root - INFO - Epoch: 83, learning rate: 0.0001, train loss: 0.1792
2025-10-01 19:37:42,214 - root - INFO - train average_precision, 0.9756
2025-10-01 19:37:42,214 - root - INFO - train roc_auc, 0.9769
2025-10-01 19:37:42,214 - root - INFO - validate loss: 0.2758
2025-10-01 19:37:42,214 - root - INFO - validate average_precision, 0.9663
2025-10-01 19:37:42,214 - root - INFO - validate roc_auc, 0.9630
2025-10-01 19:37:42,214 - root - INFO - new node validate loss: 0.3620
2025-10-01 19:37:42,214 - root - INFO - new node validate average_precision, 0.9324
2025-10-01 19:37:42,214 - root - INFO - new node validate roc_auc, 0.9257
2025-10-01 19:37:46,889 - root - INFO - test loss: 0.2943
2025-10-01 19:37:46,890 - root - INFO - test average_precision, 0.9609
2025-10-01 19:37:46,890 - root - INFO - best test average_precision: 0.9645
2025-10-01 19:37:46,890 - root - INFO - test roc_auc, 0.9585
2025-10-01 19:37:46,890 - root - INFO - new node test loss: 0.3678
2025-10-01 19:37:46,890 - root - INFO - new node test average_precision, 0.9392
2025-10-01 19:37:46,890 - root - INFO - new node test roc_auc, 0.9321
2025-10-01 19:38:05,314 - root - INFO - Epoch: 84, learning rate: 0.0001, train loss: 0.1761
2025-10-01 19:38:05,314 - root - INFO - train average_precision, 0.9765
2025-10-01 19:38:05,314 - root - INFO - train roc_auc, 0.9777
2025-10-01 19:38:05,314 - root - INFO - validate loss: 0.2704
2025-10-01 19:38:05,314 - root - INFO - validate average_precision, 0.9662
2025-10-01 19:38:05,314 - root - INFO - validate roc_auc, 0.9632
2025-10-01 19:38:05,315 - root - INFO - new node validate loss: 0.3599
2025-10-01 19:38:05,315 - root - INFO - new node validate average_precision, 0.9330
2025-10-01 19:38:05,315 - root - INFO - new node validate roc_auc, 0.9262
2025-10-01 19:38:10,044 - root - INFO - test loss: 0.2860
2025-10-01 19:38:10,045 - root - INFO - test average_precision, 0.9615
2025-10-01 19:38:10,045 - root - INFO - best test average_precision: 0.9645
2025-10-01 19:38:10,045 - root - INFO - test roc_auc, 0.9590
2025-10-01 19:38:10,045 - root - INFO - new node test loss: 0.3647
2025-10-01 19:38:10,045 - root - INFO - new node test average_precision, 0.9387
2025-10-01 19:38:10,045 - root - INFO - new node test roc_auc, 0.9319
2025-10-01 19:38:28,430 - root - INFO - Epoch: 85, learning rate: 0.0001, train loss: 0.1770
2025-10-01 19:38:28,430 - root - INFO - train average_precision, 0.9763
2025-10-01 19:38:28,430 - root - INFO - train roc_auc, 0.9775
2025-10-01 19:38:28,431 - root - INFO - validate loss: 0.2812
2025-10-01 19:38:28,431 - root - INFO - validate average_precision, 0.9654
2025-10-01 19:38:28,431 - root - INFO - validate roc_auc, 0.9620
2025-10-01 19:38:28,431 - root - INFO - new node validate loss: 0.3709
2025-10-01 19:38:28,431 - root - INFO - new node validate average_precision, 0.9301
2025-10-01 19:38:28,431 - root - INFO - new node validate roc_auc, 0.9237
2025-10-01 19:38:33,114 - root - INFO - test loss: 0.3060
2025-10-01 19:38:33,114 - root - INFO - test average_precision, 0.9582
2025-10-01 19:38:33,114 - root - INFO - best test average_precision: 0.9645
2025-10-01 19:38:33,114 - root - INFO - test roc_auc, 0.9556
2025-10-01 19:38:33,114 - root - INFO - new node test loss: 0.3776
2025-10-01 19:38:33,114 - root - INFO - new node test average_precision, 0.9370
2025-10-01 19:38:33,114 - root - INFO - new node test roc_auc, 0.9305
2025-10-01 19:38:51,539 - root - INFO - Epoch: 86, learning rate: 0.0001, train loss: 0.1783
2025-10-01 19:38:51,539 - root - INFO - train average_precision, 0.9761
2025-10-01 19:38:51,539 - root - INFO - train roc_auc, 0.9773
2025-10-01 19:38:51,540 - root - INFO - validate loss: 0.2763
2025-10-01 19:38:51,540 - root - INFO - validate average_precision, 0.9655
2025-10-01 19:38:51,540 - root - INFO - validate roc_auc, 0.9621
2025-10-01 19:38:51,540 - root - INFO - new node validate loss: 0.3624
2025-10-01 19:38:51,540 - root - INFO - new node validate average_precision, 0.9318
2025-10-01 19:38:51,540 - root - INFO - new node validate roc_auc, 0.9251
2025-10-01 19:38:56,229 - root - INFO - test loss: 0.3005
2025-10-01 19:38:56,229 - root - INFO - test average_precision, 0.9590
2025-10-01 19:38:56,229 - root - INFO - best test average_precision: 0.9645
2025-10-01 19:38:56,229 - root - INFO - test roc_auc, 0.9561
2025-10-01 19:38:56,229 - root - INFO - new node test loss: 0.3755
2025-10-01 19:38:56,229 - root - INFO - new node test average_precision, 0.9353
2025-10-01 19:38:56,229 - root - INFO - new node test roc_auc, 0.9293
2025-10-01 19:39:14,625 - root - INFO - Epoch: 87, learning rate: 0.0001, train loss: 0.1735
2025-10-01 19:39:14,625 - root - INFO - train average_precision, 0.9771
2025-10-01 19:39:14,625 - root - INFO - train roc_auc, 0.9783
2025-10-01 19:39:14,625 - root - INFO - validate loss: 0.2715
2025-10-01 19:39:14,625 - root - INFO - validate average_precision, 0.9669
2025-10-01 19:39:14,625 - root - INFO - validate roc_auc, 0.9635
2025-10-01 19:39:14,625 - root - INFO - new node validate loss: 0.3607
2025-10-01 19:39:14,625 - root - INFO - new node validate average_precision, 0.9329
2025-10-01 19:39:14,625 - root - INFO - new node validate roc_auc, 0.9260
2025-10-01 19:39:19,324 - root - INFO - test loss: 0.2946
2025-10-01 19:39:19,324 - root - INFO - test average_precision, 0.9611
2025-10-01 19:39:19,325 - root - INFO - best test average_precision: 0.9645
2025-10-01 19:39:19,325 - root - INFO - test roc_auc, 0.9580
2025-10-01 19:39:19,325 - root - INFO - new node test loss: 0.3669
2025-10-01 19:39:19,325 - root - INFO - new node test average_precision, 0.9399
2025-10-01 19:39:19,325 - root - INFO - new node test roc_auc, 0.9325
2025-10-01 19:39:19,325 - root - INFO - save model ./saved_models/JODIE/wikipedia/JODIE_seed3/JODIE_seed3.pkl
2025-10-01 19:39:38,918 - root - INFO - Epoch: 88, learning rate: 0.0001, train loss: 0.1757
2025-10-01 19:39:38,918 - root - INFO - train average_precision, 0.9768
2025-10-01 19:39:38,918 - root - INFO - train roc_auc, 0.9779
2025-10-01 19:39:38,919 - root - INFO - validate loss: 0.2798
2025-10-01 19:39:38,919 - root - INFO - validate average_precision, 0.9652
2025-10-01 19:39:38,919 - root - INFO - validate roc_auc, 0.9615
2025-10-01 19:39:38,919 - root - INFO - new node validate loss: 0.3628
2025-10-01 19:39:38,919 - root - INFO - new node validate average_precision, 0.9323
2025-10-01 19:39:38,919 - root - INFO - new node validate roc_auc, 0.9260
2025-10-01 19:39:43,645 - root - INFO - test loss: 0.3111
2025-10-01 19:39:43,645 - root - INFO - test average_precision, 0.9572
2025-10-01 19:39:43,645 - root - INFO - best test average_precision: 0.9645
2025-10-01 19:39:43,645 - root - INFO - test roc_auc, 0.9539
2025-10-01 19:39:43,645 - root - INFO - new node test loss: 0.3846
2025-10-01 19:39:43,645 - root - INFO - new node test average_precision, 0.9348
2025-10-01 19:39:43,645 - root - INFO - new node test roc_auc, 0.9278
2025-10-01 19:40:01,980 - root - INFO - Epoch: 89, learning rate: 0.0001, train loss: 0.1753
2025-10-01 19:40:01,980 - root - INFO - train average_precision, 0.9770
2025-10-01 19:40:01,980 - root - INFO - train roc_auc, 0.9779
2025-10-01 19:40:01,980 - root - INFO - validate loss: 0.2782
2025-10-01 19:40:01,980 - root - INFO - validate average_precision, 0.9663
2025-10-01 19:40:01,980 - root - INFO - validate roc_auc, 0.9626
2025-10-01 19:40:01,980 - root - INFO - new node validate loss: 0.3650
2025-10-01 19:40:01,980 - root - INFO - new node validate average_precision, 0.9327
2025-10-01 19:40:01,980 - root - INFO - new node validate roc_auc, 0.9256
2025-10-01 19:40:06,660 - root - INFO - test loss: 0.2994
2025-10-01 19:40:06,660 - root - INFO - test average_precision, 0.9610
2025-10-01 19:40:06,661 - root - INFO - best test average_precision: 0.9645
2025-10-01 19:40:06,661 - root - INFO - test roc_auc, 0.9579
2025-10-01 19:40:06,661 - root - INFO - new node test loss: 0.3735
2025-10-01 19:40:06,661 - root - INFO - new node test average_precision, 0.9389
2025-10-01 19:40:06,661 - root - INFO - new node test roc_auc, 0.9318
2025-10-01 19:40:25,070 - root - INFO - Epoch: 90, learning rate: 0.0001, train loss: 0.1711
2025-10-01 19:40:25,070 - root - INFO - train average_precision, 0.9778
2025-10-01 19:40:25,070 - root - INFO - train roc_auc, 0.9789
2025-10-01 19:40:25,070 - root - INFO - validate loss: 0.2733
2025-10-01 19:40:25,070 - root - INFO - validate average_precision, 0.9654
2025-10-01 19:40:25,070 - root - INFO - validate roc_auc, 0.9620
2025-10-01 19:40:25,071 - root - INFO - new node validate loss: 0.3660
2025-10-01 19:40:25,071 - root - INFO - new node validate average_precision, 0.9313
2025-10-01 19:40:25,071 - root - INFO - new node validate roc_auc, 0.9244
2025-10-01 19:40:29,778 - root - INFO - test loss: 0.3082
2025-10-01 19:40:29,778 - root - INFO - test average_precision, 0.9579
2025-10-01 19:40:29,778 - root - INFO - best test average_precision: 0.9645
2025-10-01 19:40:29,778 - root - INFO - test roc_auc, 0.9548
2025-10-01 19:40:29,778 - root - INFO - new node test loss: 0.3857
2025-10-01 19:40:29,778 - root - INFO - new node test average_precision, 0.9374
2025-10-01 19:40:29,778 - root - INFO - new node test roc_auc, 0.9290
2025-10-01 19:40:48,148 - root - INFO - Epoch: 91, learning rate: 0.0001, train loss: 0.1759
2025-10-01 19:40:48,148 - root - INFO - train average_precision, 0.9766
2025-10-01 19:40:48,148 - root - INFO - train roc_auc, 0.9777
2025-10-01 19:40:48,148 - root - INFO - validate loss: 0.2864
2025-10-01 19:40:48,148 - root - INFO - validate average_precision, 0.9641
2025-10-01 19:40:48,148 - root - INFO - validate roc_auc, 0.9602
2025-10-01 19:40:48,148 - root - INFO - new node validate loss: 0.3745
2025-10-01 19:40:48,148 - root - INFO - new node validate average_precision, 0.9302
2025-10-01 19:40:48,148 - root - INFO - new node validate roc_auc, 0.9235
2025-10-01 19:40:52,830 - root - INFO - test loss: 0.3211
2025-10-01 19:40:52,830 - root - INFO - test average_precision, 0.9553
2025-10-01 19:40:52,830 - root - INFO - best test average_precision: 0.9645
2025-10-01 19:40:52,830 - root - INFO - test roc_auc, 0.9519
2025-10-01 19:40:52,830 - root - INFO - new node test loss: 0.4013
2025-10-01 19:40:52,830 - root - INFO - new node test average_precision, 0.9322
2025-10-01 19:40:52,830 - root - INFO - new node test roc_auc, 0.9244
2025-10-01 19:41:11,202 - root - INFO - Epoch: 92, learning rate: 0.0001, train loss: 0.1692
2025-10-01 19:41:11,202 - root - INFO - train average_precision, 0.9778
2025-10-01 19:41:11,202 - root - INFO - train roc_auc, 0.9791
2025-10-01 19:41:11,202 - root - INFO - validate loss: 0.2783
2025-10-01 19:41:11,202 - root - INFO - validate average_precision, 0.9666
2025-10-01 19:41:11,202 - root - INFO - validate roc_auc, 0.9625
2025-10-01 19:41:11,202 - root - INFO - new node validate loss: 0.3626
2025-10-01 19:41:11,202 - root - INFO - new node validate average_precision, 0.9334
2025-10-01 19:41:11,202 - root - INFO - new node validate roc_auc, 0.9263
2025-10-01 19:41:15,889 - root - INFO - test loss: 0.2883
2025-10-01 19:41:15,890 - root - INFO - test average_precision, 0.9619
2025-10-01 19:41:15,890 - root - INFO - best test average_precision: 0.9645
2025-10-01 19:41:15,890 - root - INFO - test roc_auc, 0.9591
2025-10-01 19:41:15,890 - root - INFO - new node test loss: 0.3668
2025-10-01 19:41:15,890 - root - INFO - new node test average_precision, 0.9405
2025-10-01 19:41:15,890 - root - INFO - new node test roc_auc, 0.9332
2025-10-01 19:41:34,262 - root - INFO - Epoch: 93, learning rate: 0.0001, train loss: 0.1731
2025-10-01 19:41:34,262 - root - INFO - train average_precision, 0.9772
2025-10-01 19:41:34,262 - root - INFO - train roc_auc, 0.9784
2025-10-01 19:41:34,262 - root - INFO - validate loss: 0.2781
2025-10-01 19:41:34,262 - root - INFO - validate average_precision, 0.9656
2025-10-01 19:41:34,262 - root - INFO - validate roc_auc, 0.9621
2025-10-01 19:41:34,262 - root - INFO - new node validate loss: 0.3650
2025-10-01 19:41:34,262 - root - INFO - new node validate average_precision, 0.9320
2025-10-01 19:41:34,263 - root - INFO - new node validate roc_auc, 0.9248
2025-10-01 19:41:38,958 - root - INFO - test loss: 0.3057
2025-10-01 19:41:38,958 - root - INFO - test average_precision, 0.9590
2025-10-01 19:41:38,958 - root - INFO - best test average_precision: 0.9645
2025-10-01 19:41:38,958 - root - INFO - test roc_auc, 0.9558
2025-10-01 19:41:38,958 - root - INFO - new node test loss: 0.3892
2025-10-01 19:41:38,959 - root - INFO - new node test average_precision, 0.9371
2025-10-01 19:41:38,959 - root - INFO - new node test roc_auc, 0.9286
2025-10-01 19:41:57,304 - root - INFO - Epoch: 94, learning rate: 0.0001, train loss: 0.1722
2025-10-01 19:41:57,304 - root - INFO - train average_precision, 0.9774
2025-10-01 19:41:57,305 - root - INFO - train roc_auc, 0.9785
2025-10-01 19:41:57,305 - root - INFO - validate loss: 0.2768
2025-10-01 19:41:57,305 - root - INFO - validate average_precision, 0.9661
2025-10-01 19:41:57,305 - root - INFO - validate roc_auc, 0.9624
2025-10-01 19:41:57,305 - root - INFO - new node validate loss: 0.3679
2025-10-01 19:41:57,305 - root - INFO - new node validate average_precision, 0.9324
2025-10-01 19:41:57,305 - root - INFO - new node validate roc_auc, 0.9260
2025-10-01 19:42:01,970 - root - INFO - test loss: 0.2903
2025-10-01 19:42:01,970 - root - INFO - test average_precision, 0.9614
2025-10-01 19:42:01,970 - root - INFO - best test average_precision: 0.9645
2025-10-01 19:42:01,970 - root - INFO - test roc_auc, 0.9590
2025-10-01 19:42:01,970 - root - INFO - new node test loss: 0.3651
2025-10-01 19:42:01,970 - root - INFO - new node test average_precision, 0.9407
2025-10-01 19:42:01,970 - root - INFO - new node test roc_auc, 0.9343
2025-10-01 19:42:20,478 - root - INFO - Epoch: 95, learning rate: 0.0001, train loss: 0.1691
2025-10-01 19:42:20,478 - root - INFO - train average_precision, 0.9779
2025-10-01 19:42:20,478 - root - INFO - train roc_auc, 0.9792
2025-10-01 19:42:20,478 - root - INFO - validate loss: 0.2721
2025-10-01 19:42:20,478 - root - INFO - validate average_precision, 0.9665
2025-10-01 19:42:20,478 - root - INFO - validate roc_auc, 0.9633
2025-10-01 19:42:20,478 - root - INFO - new node validate loss: 0.3641
2025-10-01 19:42:20,478 - root - INFO - new node validate average_precision, 0.9333
2025-10-01 19:42:20,479 - root - INFO - new node validate roc_auc, 0.9263
2025-10-01 19:42:25,197 - root - INFO - test loss: 0.2984
2025-10-01 19:42:25,197 - root - INFO - test average_precision, 0.9606
2025-10-01 19:42:25,197 - root - INFO - best test average_precision: 0.9645
2025-10-01 19:42:25,197 - root - INFO - test roc_auc, 0.9578
2025-10-01 19:42:25,197 - root - INFO - new node test loss: 0.3719
2025-10-01 19:42:25,197 - root - INFO - new node test average_precision, 0.9405
2025-10-01 19:42:25,197 - root - INFO - new node test roc_auc, 0.9334
2025-10-01 19:42:43,608 - root - INFO - Epoch: 96, learning rate: 0.0001, train loss: 0.1705
2025-10-01 19:42:43,608 - root - INFO - train average_precision, 0.9776
2025-10-01 19:42:43,608 - root - INFO - train roc_auc, 0.9787
2025-10-01 19:42:43,608 - root - INFO - validate loss: 0.2815
2025-10-01 19:42:43,608 - root - INFO - validate average_precision, 0.9649
2025-10-01 19:42:43,609 - root - INFO - validate roc_auc, 0.9612
2025-10-01 19:42:43,609 - root - INFO - new node validate loss: 0.3674
2025-10-01 19:42:43,609 - root - INFO - new node validate average_precision, 0.9325
2025-10-01 19:42:43,609 - root - INFO - new node validate roc_auc, 0.9257
2025-10-01 19:42:48,295 - root - INFO - test loss: 0.3198
2025-10-01 19:42:48,295 - root - INFO - test average_precision, 0.9548
2025-10-01 19:42:48,295 - root - INFO - best test average_precision: 0.9645
2025-10-01 19:42:48,295 - root - INFO - test roc_auc, 0.9515
2025-10-01 19:42:48,295 - root - INFO - new node test loss: 0.3957
2025-10-01 19:42:48,295 - root - INFO - new node test average_precision, 0.9339
2025-10-01 19:42:48,295 - root - INFO - new node test roc_auc, 0.9253
2025-10-01 19:43:06,693 - root - INFO - Epoch: 97, learning rate: 0.0001, train loss: 0.1703
2025-10-01 19:43:06,693 - root - INFO - train average_precision, 0.9772
2025-10-01 19:43:06,693 - root - INFO - train roc_auc, 0.9787
2025-10-01 19:43:06,693 - root - INFO - validate loss: 0.2802
2025-10-01 19:43:06,693 - root - INFO - validate average_precision, 0.9666
2025-10-01 19:43:06,693 - root - INFO - validate roc_auc, 0.9631
2025-10-01 19:43:06,693 - root - INFO - new node validate loss: 0.3712
2025-10-01 19:43:06,693 - root - INFO - new node validate average_precision, 0.9339
2025-10-01 19:43:06,693 - root - INFO - new node validate roc_auc, 0.9271
2025-10-01 19:43:11,429 - root - INFO - test loss: 0.3059
2025-10-01 19:43:11,429 - root - INFO - test average_precision, 0.9608
2025-10-01 19:43:11,429 - root - INFO - best test average_precision: 0.9645
2025-10-01 19:43:11,429 - root - INFO - test roc_auc, 0.9577
2025-10-01 19:43:11,429 - root - INFO - new node test loss: 0.3858
2025-10-01 19:43:11,429 - root - INFO - new node test average_precision, 0.9394
2025-10-01 19:43:11,429 - root - INFO - new node test roc_auc, 0.9320
2025-10-01 19:43:29,851 - root - INFO - Epoch: 98, learning rate: 0.0001, train loss: 0.1686
2025-10-01 19:43:29,851 - root - INFO - train average_precision, 0.9783
2025-10-01 19:43:29,852 - root - INFO - train roc_auc, 0.9793
2025-10-01 19:43:29,852 - root - INFO - validate loss: 0.2766
2025-10-01 19:43:29,852 - root - INFO - validate average_precision, 0.9669
2025-10-01 19:43:29,852 - root - INFO - validate roc_auc, 0.9633
2025-10-01 19:43:29,852 - root - INFO - new node validate loss: 0.3582
2025-10-01 19:43:29,852 - root - INFO - new node validate average_precision, 0.9356
2025-10-01 19:43:29,852 - root - INFO - new node validate roc_auc, 0.9294
2025-10-01 19:43:34,582 - root - INFO - test loss: 0.2890
2025-10-01 19:43:34,583 - root - INFO - test average_precision, 0.9631
2025-10-01 19:43:34,583 - root - INFO - best test average_precision: 0.9645
2025-10-01 19:43:34,583 - root - INFO - test roc_auc, 0.9601
2025-10-01 19:43:34,583 - root - INFO - new node test loss: 0.3677
2025-10-01 19:43:34,583 - root - INFO - new node test average_precision, 0.9420
2025-10-01 19:43:34,583 - root - INFO - new node test roc_auc, 0.9351
2025-10-01 19:43:53,024 - root - INFO - Epoch: 99, learning rate: 0.0001, train loss: 0.1650
2025-10-01 19:43:53,024 - root - INFO - train average_precision, 0.9788
2025-10-01 19:43:53,024 - root - INFO - train roc_auc, 0.9799
2025-10-01 19:43:53,024 - root - INFO - validate loss: 0.2842
2025-10-01 19:43:53,025 - root - INFO - validate average_precision, 0.9667
2025-10-01 19:43:53,025 - root - INFO - validate roc_auc, 0.9630
2025-10-01 19:43:53,025 - root - INFO - new node validate loss: 0.3812
2025-10-01 19:43:53,025 - root - INFO - new node validate average_precision, 0.9318
2025-10-01 19:43:53,025 - root - INFO - new node validate roc_auc, 0.9248
2025-10-01 19:43:57,751 - root - INFO - test loss: 0.3044
2025-10-01 19:43:57,751 - root - INFO - test average_precision, 0.9616
2025-10-01 19:43:57,752 - root - INFO - best test average_precision: 0.9645
2025-10-01 19:43:57,752 - root - INFO - test roc_auc, 0.9578
2025-10-01 19:43:57,752 - root - INFO - new node test loss: 0.3802
2025-10-01 19:43:57,752 - root - INFO - new node test average_precision, 0.9406
2025-10-01 19:43:57,752 - root - INFO - new node test roc_auc, 0.9322
2025-10-01 19:44:16,160 - root - INFO - Epoch: 100, learning rate: 0.0001, train loss: 0.1666
2025-10-01 19:44:16,160 - root - INFO - train average_precision, 0.9784
2025-10-01 19:44:16,160 - root - INFO - train roc_auc, 0.9796
2025-10-01 19:44:16,161 - root - INFO - validate loss: 0.2852
2025-10-01 19:44:16,161 - root - INFO - validate average_precision, 0.9668
2025-10-01 19:44:16,161 - root - INFO - validate roc_auc, 0.9633
2025-10-01 19:44:16,161 - root - INFO - new node validate loss: 0.3795
2025-10-01 19:44:16,161 - root - INFO - new node validate average_precision, 0.9334
2025-10-01 19:44:16,161 - root - INFO - new node validate roc_auc, 0.9267
2025-10-01 19:44:20,842 - root - INFO - test loss: 0.2955
2025-10-01 19:44:20,843 - root - INFO - test average_precision, 0.9635
2025-10-01 19:44:20,843 - root - INFO - best test average_precision: 0.9645
2025-10-01 19:44:20,843 - root - INFO - test roc_auc, 0.9605
2025-10-01 19:44:20,843 - root - INFO - new node test loss: 0.3734
2025-10-01 19:44:20,843 - root - INFO - new node test average_precision, 0.9422
2025-10-01 19:44:20,843 - root - INFO - new node test roc_auc, 0.9355
2025-10-01 19:44:20,843 - root - INFO - load model ./saved_models/JODIE/wikipedia/JODIE_seed3/JODIE_seed3.pkl
2025-10-01 19:44:22,227 - root - INFO - get final performance on dataset wikipedia...
2025-10-01 19:44:27,080 - root - INFO - test loss: 0.2946
2025-10-01 19:44:27,080 - root - INFO - test average_precision, 0.9611
2025-10-01 19:44:27,080 - root - INFO - test roc_auc, 0.9580
2025-10-01 19:44:27,080 - root - INFO - new node test loss: 0.3669
2025-10-01 19:44:27,080 - root - INFO - new node test average_precision, 0.9399
2025-10-01 19:44:27,080 - root - INFO - new node test roc_auc, 0.9325
2025-10-01 19:44:27,080 - root - INFO - Run 4 cost 2355.44 seconds.
