2025-10-02 03:08:51,391 - root - INFO - ********** Run 3 starts. **********
2025-10-02 03:08:51,391 - root - INFO - configuration is Namespace(dataset_name='wikipedia', batch_size=200, model_name='JODIE', gpu=0, num_neighbors=10, sample_neighbor_strategy='uniform', time_scaling_factor=1e-06, num_walk_heads=8, num_heads=2, num_layers=1, walk_length=1, time_gap=2000, time_feat_dim=128, position_feat_dim=172, time_window_mode='fixed_proportion', time_encoder_type='original', expert_dim=64, num_mixtures=4, patch_size=1, channel_embedding_dim=50, max_input_sequence_length=32, learning_rate=0.0001, dropout=0.1, gamma=0.5, num_epochs=100, optimizer='Adam', weight_decay=0.0, patience=20, val_ratio=0.15, test_ratio=0.15, num_runs=5, test_interval_epochs=1, negative_sample_strategy='random', max_interaction_times=10, load_best_configs=True, device='cuda:0', seed=2, save_model_name='JODIE_original_seed2')
2025-10-02 03:08:51,392 - root - INFO - time encoder type: original
2025-10-02 03:08:51,540 - root - INFO - model -> Sequential(
  (0): MemoryModel(
    (time_encoder): TimeEncoder(
      (w): Linear(in_features=1, out_features=128, bias=True)
    )
    (message_aggregator): MessageAggregator()
    (memory_bank): MemoryBank(num_nodes=9228, memory_dim=172)
    (memory_updater): RNNMemoryUpdater(
      (memory_bank): MemoryBank(num_nodes=9228, memory_dim=172)
      (memory_updater): RNNCell(644, 172)
    )
    (embedding_module): TimeProjectionEmbedding(
      (dropout): Dropout(p=0.1, inplace=False)
      (linear_layer): Linear(in_features=1, out_features=172, bias=True)
    )
  )
  (1): MergeLayer(
    (fc1): Linear(in_features=344, out_features=172, bias=True)
    (fc2): Linear(in_features=172, out_features=1, bias=True)
    (act): ReLU()
  )
)
2025-10-02 03:08:51,541 - root - INFO - model name: JODIE, #parameters: 803236 B, 784.41015625 KB, 0.7660255432128906 MB.
2025-10-02 03:09:10,189 - root - INFO - Epoch: 1, learning rate: 0.0001, train loss: 0.5205
2025-10-02 03:09:10,190 - root - INFO - train average_precision, 0.7946
2025-10-02 03:09:10,190 - root - INFO - train roc_auc, 0.8216
2025-10-02 03:09:10,190 - root - INFO - validate loss: 0.4274
2025-10-02 03:09:10,190 - root - INFO - validate average_precision, 0.8803
2025-10-02 03:09:10,190 - root - INFO - validate roc_auc, 0.8875
2025-10-02 03:09:10,190 - root - INFO - new node validate loss: 0.4863
2025-10-02 03:09:10,190 - root - INFO - new node validate average_precision, 0.8562
2025-10-02 03:09:10,190 - root - INFO - new node validate roc_auc, 0.8509
2025-10-02 03:09:14,952 - root - INFO - test loss: 0.4363
2025-10-02 03:09:14,952 - root - INFO - test average_precision, 0.8687
2025-10-02 03:09:14,952 - root - INFO - best test average_precision: 0.8687
2025-10-02 03:09:14,952 - root - INFO - test roc_auc, 0.8814
2025-10-02 03:09:14,952 - root - INFO - new node test loss: 0.5081
2025-10-02 03:09:14,952 - root - INFO - new node test average_precision, 0.8303
2025-10-02 03:09:14,952 - root - INFO - new node test roc_auc, 0.8342
2025-10-02 03:09:14,952 - root - INFO - save model ./saved_models/JODIE/wikipedia/JODIE_original_seed2/JODIE_original_seed2.pkl
2025-10-02 03:09:34,484 - root - INFO - Epoch: 2, learning rate: 0.0001, train loss: 0.4125
2025-10-02 03:09:34,484 - root - INFO - train average_precision, 0.8856
2025-10-02 03:09:34,484 - root - INFO - train roc_auc, 0.8949
2025-10-02 03:09:34,484 - root - INFO - validate loss: 0.3770
2025-10-02 03:09:34,484 - root - INFO - validate average_precision, 0.9072
2025-10-02 03:09:34,484 - root - INFO - validate roc_auc, 0.9133
2025-10-02 03:09:34,484 - root - INFO - new node validate loss: 0.4403
2025-10-02 03:09:34,484 - root - INFO - new node validate average_precision, 0.8790
2025-10-02 03:09:34,484 - root - INFO - new node validate roc_auc, 0.8737
2025-10-02 03:09:39,220 - root - INFO - test loss: 0.3862
2025-10-02 03:09:39,220 - root - INFO - test average_precision, 0.8989
2025-10-02 03:09:39,221 - root - INFO - best test average_precision: 0.8989
2025-10-02 03:09:39,221 - root - INFO - test roc_auc, 0.9088
2025-10-02 03:09:39,221 - root - INFO - new node test loss: 0.4291
2025-10-02 03:09:39,221 - root - INFO - new node test average_precision, 0.8870
2025-10-02 03:09:39,221 - root - INFO - new node test roc_auc, 0.8877
2025-10-02 03:09:39,221 - root - INFO - save model ./saved_models/JODIE/wikipedia/JODIE_original_seed2/JODIE_original_seed2.pkl
2025-10-02 03:09:58,705 - root - INFO - Epoch: 3, learning rate: 0.0001, train loss: 0.3827
2025-10-02 03:09:58,705 - root - INFO - train average_precision, 0.9033
2025-10-02 03:09:58,705 - root - INFO - train roc_auc, 0.9100
2025-10-02 03:09:58,705 - root - INFO - validate loss: 0.3651
2025-10-02 03:09:58,705 - root - INFO - validate average_precision, 0.9142
2025-10-02 03:09:58,705 - root - INFO - validate roc_auc, 0.9188
2025-10-02 03:09:58,705 - root - INFO - new node validate loss: 0.4216
2025-10-02 03:09:58,705 - root - INFO - new node validate average_precision, 0.8894
2025-10-02 03:09:58,705 - root - INFO - new node validate roc_auc, 0.8830
2025-10-02 03:10:03,407 - root - INFO - test loss: 0.3835
2025-10-02 03:10:03,407 - root - INFO - test average_precision, 0.9030
2025-10-02 03:10:03,407 - root - INFO - best test average_precision: 0.9030
2025-10-02 03:10:03,407 - root - INFO - test roc_auc, 0.9121
2025-10-02 03:10:03,407 - root - INFO - new node test loss: 0.4267
2025-10-02 03:10:03,407 - root - INFO - new node test average_precision, 0.8912
2025-10-02 03:10:03,407 - root - INFO - new node test roc_auc, 0.8910
2025-10-02 03:10:03,408 - root - INFO - save model ./saved_models/JODIE/wikipedia/JODIE_original_seed2/JODIE_original_seed2.pkl
2025-10-02 03:10:22,971 - root - INFO - Epoch: 4, learning rate: 0.0001, train loss: 0.3644
2025-10-02 03:10:22,971 - root - INFO - train average_precision, 0.9133
2025-10-02 03:10:22,971 - root - INFO - train roc_auc, 0.9187
2025-10-02 03:10:22,971 - root - INFO - validate loss: 0.3506
2025-10-02 03:10:22,971 - root - INFO - validate average_precision, 0.9228
2025-10-02 03:10:22,971 - root - INFO - validate roc_auc, 0.9252
2025-10-02 03:10:22,971 - root - INFO - new node validate loss: 0.4167
2025-10-02 03:10:22,971 - root - INFO - new node validate average_precision, 0.8944
2025-10-02 03:10:22,971 - root - INFO - new node validate roc_auc, 0.8865
2025-10-02 03:10:27,708 - root - INFO - test loss: 0.3672
2025-10-02 03:10:27,708 - root - INFO - test average_precision, 0.9133
2025-10-02 03:10:27,708 - root - INFO - best test average_precision: 0.9133
2025-10-02 03:10:27,708 - root - INFO - test roc_auc, 0.9193
2025-10-02 03:10:27,709 - root - INFO - new node test loss: 0.4193
2025-10-02 03:10:27,709 - root - INFO - new node test average_precision, 0.8970
2025-10-02 03:10:27,709 - root - INFO - new node test roc_auc, 0.8952
2025-10-02 03:10:27,709 - root - INFO - save model ./saved_models/JODIE/wikipedia/JODIE_original_seed2/JODIE_original_seed2.pkl
2025-10-02 03:10:46,937 - root - INFO - Epoch: 5, learning rate: 0.0001, train loss: 0.3492
2025-10-02 03:10:46,938 - root - INFO - train average_precision, 0.9231
2025-10-02 03:10:46,938 - root - INFO - train roc_auc, 0.9251
2025-10-02 03:10:46,938 - root - INFO - validate loss: 0.3412
2025-10-02 03:10:46,938 - root - INFO - validate average_precision, 0.9298
2025-10-02 03:10:46,938 - root - INFO - validate roc_auc, 0.9296
2025-10-02 03:10:46,938 - root - INFO - new node validate loss: 0.4073
2025-10-02 03:10:46,938 - root - INFO - new node validate average_precision, 0.8991
2025-10-02 03:10:46,938 - root - INFO - new node validate roc_auc, 0.8913
2025-10-02 03:10:51,603 - root - INFO - test loss: 0.3574
2025-10-02 03:10:51,603 - root - INFO - test average_precision, 0.9208
2025-10-02 03:10:51,603 - root - INFO - best test average_precision: 0.9208
2025-10-02 03:10:51,603 - root - INFO - test roc_auc, 0.9243
2025-10-02 03:10:51,603 - root - INFO - new node test loss: 0.4060
2025-10-02 03:10:51,603 - root - INFO - new node test average_precision, 0.9023
2025-10-02 03:10:51,603 - root - INFO - new node test roc_auc, 0.9004
2025-10-02 03:10:51,604 - root - INFO - save model ./saved_models/JODIE/wikipedia/JODIE_original_seed2/JODIE_original_seed2.pkl
2025-10-02 03:11:11,025 - root - INFO - Epoch: 6, learning rate: 0.0001, train loss: 0.3370
2025-10-02 03:11:11,026 - root - INFO - train average_precision, 0.9302
2025-10-02 03:11:11,026 - root - INFO - train roc_auc, 0.9304
2025-10-02 03:11:11,026 - root - INFO - validate loss: 0.3250
2025-10-02 03:11:11,026 - root - INFO - validate average_precision, 0.9401
2025-10-02 03:11:11,026 - root - INFO - validate roc_auc, 0.9367
2025-10-02 03:11:11,026 - root - INFO - new node validate loss: 0.3971
2025-10-02 03:11:11,026 - root - INFO - new node validate average_precision, 0.9074
2025-10-02 03:11:11,026 - root - INFO - new node validate roc_auc, 0.8964
2025-10-02 03:11:15,709 - root - INFO - test loss: 0.3378
2025-10-02 03:11:15,709 - root - INFO - test average_precision, 0.9329
2025-10-02 03:11:15,709 - root - INFO - best test average_precision: 0.9329
2025-10-02 03:11:15,709 - root - INFO - test roc_auc, 0.9322
2025-10-02 03:11:15,709 - root - INFO - new node test loss: 0.3903
2025-10-02 03:11:15,709 - root - INFO - new node test average_precision, 0.9131
2025-10-02 03:11:15,709 - root - INFO - new node test roc_auc, 0.9072
2025-10-02 03:11:15,709 - root - INFO - save model ./saved_models/JODIE/wikipedia/JODIE_original_seed2/JODIE_original_seed2.pkl
2025-10-02 03:11:35,204 - root - INFO - Epoch: 7, learning rate: 0.0001, train loss: 0.3273
2025-10-02 03:11:35,204 - root - INFO - train average_precision, 0.9354
2025-10-02 03:11:35,204 - root - INFO - train roc_auc, 0.9341
2025-10-02 03:11:35,204 - root - INFO - validate loss: 0.3208
2025-10-02 03:11:35,204 - root - INFO - validate average_precision, 0.9438
2025-10-02 03:11:35,204 - root - INFO - validate roc_auc, 0.9393
2025-10-02 03:11:35,204 - root - INFO - new node validate loss: 0.3957
2025-10-02 03:11:35,204 - root - INFO - new node validate average_precision, 0.9104
2025-10-02 03:11:35,204 - root - INFO - new node validate roc_auc, 0.8987
2025-10-02 03:11:39,900 - root - INFO - test loss: 0.3283
2025-10-02 03:11:39,900 - root - INFO - test average_precision, 0.9389
2025-10-02 03:11:39,901 - root - INFO - best test average_precision: 0.9389
2025-10-02 03:11:39,901 - root - INFO - test roc_auc, 0.9370
2025-10-02 03:11:39,901 - root - INFO - new node test loss: 0.3915
2025-10-02 03:11:39,901 - root - INFO - new node test average_precision, 0.9162
2025-10-02 03:11:39,901 - root - INFO - new node test roc_auc, 0.9074
2025-10-02 03:11:39,901 - root - INFO - save model ./saved_models/JODIE/wikipedia/JODIE_original_seed2/JODIE_original_seed2.pkl
2025-10-02 03:11:59,314 - root - INFO - Epoch: 8, learning rate: 0.0001, train loss: 0.3220
2025-10-02 03:11:59,314 - root - INFO - train average_precision, 0.9375
2025-10-02 03:11:59,314 - root - INFO - train roc_auc, 0.9360
2025-10-02 03:11:59,314 - root - INFO - validate loss: 0.3130
2025-10-02 03:11:59,314 - root - INFO - validate average_precision, 0.9445
2025-10-02 03:11:59,314 - root - INFO - validate roc_auc, 0.9410
2025-10-02 03:11:59,314 - root - INFO - new node validate loss: 0.3890
2025-10-02 03:11:59,314 - root - INFO - new node validate average_precision, 0.9111
2025-10-02 03:11:59,314 - root - INFO - new node validate roc_auc, 0.9008
2025-10-02 03:12:03,965 - root - INFO - test loss: 0.3201
2025-10-02 03:12:03,965 - root - INFO - test average_precision, 0.9397
2025-10-02 03:12:03,965 - root - INFO - best test average_precision: 0.9397
2025-10-02 03:12:03,965 - root - INFO - test roc_auc, 0.9392
2025-10-02 03:12:03,965 - root - INFO - new node test loss: 0.3759
2025-10-02 03:12:03,965 - root - INFO - new node test average_precision, 0.9210
2025-10-02 03:12:03,965 - root - INFO - new node test roc_auc, 0.9138
2025-10-02 03:12:03,965 - root - INFO - save model ./saved_models/JODIE/wikipedia/JODIE_original_seed2/JODIE_original_seed2.pkl
2025-10-02 03:12:23,435 - root - INFO - Epoch: 9, learning rate: 0.0001, train loss: 0.3169
2025-10-02 03:12:23,436 - root - INFO - train average_precision, 0.9396
2025-10-02 03:12:23,436 - root - INFO - train roc_auc, 0.9381
2025-10-02 03:12:23,436 - root - INFO - validate loss: 0.3063
2025-10-02 03:12:23,436 - root - INFO - validate average_precision, 0.9463
2025-10-02 03:12:23,436 - root - INFO - validate roc_auc, 0.9429
2025-10-02 03:12:23,436 - root - INFO - new node validate loss: 0.3836
2025-10-02 03:12:23,436 - root - INFO - new node validate average_precision, 0.9153
2025-10-02 03:12:23,436 - root - INFO - new node validate roc_auc, 0.9038
2025-10-02 03:12:28,170 - root - INFO - test loss: 0.3092
2025-10-02 03:12:28,170 - root - INFO - test average_precision, 0.9440
2025-10-02 03:12:28,170 - root - INFO - best test average_precision: 0.9440
2025-10-02 03:12:28,170 - root - INFO - test roc_auc, 0.9424
2025-10-02 03:12:28,170 - root - INFO - new node test loss: 0.3670
2025-10-02 03:12:28,170 - root - INFO - new node test average_precision, 0.9243
2025-10-02 03:12:28,170 - root - INFO - new node test roc_auc, 0.9166
2025-10-02 03:12:28,170 - root - INFO - save model ./saved_models/JODIE/wikipedia/JODIE_original_seed2/JODIE_original_seed2.pkl
2025-10-02 03:12:47,859 - root - INFO - Epoch: 10, learning rate: 0.0001, train loss: 0.3097
2025-10-02 03:12:47,860 - root - INFO - train average_precision, 0.9423
2025-10-02 03:12:47,860 - root - INFO - train roc_auc, 0.9403
2025-10-02 03:12:47,860 - root - INFO - validate loss: 0.3020
2025-10-02 03:12:47,860 - root - INFO - validate average_precision, 0.9495
2025-10-02 03:12:47,860 - root - INFO - validate roc_auc, 0.9449
2025-10-02 03:12:47,860 - root - INFO - new node validate loss: 0.3866
2025-10-02 03:12:47,860 - root - INFO - new node validate average_precision, 0.9163
2025-10-02 03:12:47,860 - root - INFO - new node validate roc_auc, 0.9032
2025-10-02 03:12:52,519 - root - INFO - test loss: 0.3052
2025-10-02 03:12:52,519 - root - INFO - test average_precision, 0.9485
2025-10-02 03:12:52,519 - root - INFO - best test average_precision: 0.9485
2025-10-02 03:12:52,519 - root - INFO - test roc_auc, 0.9459
2025-10-02 03:12:52,519 - root - INFO - new node test loss: 0.3731
2025-10-02 03:12:52,519 - root - INFO - new node test average_precision, 0.9249
2025-10-02 03:12:52,519 - root - INFO - new node test roc_auc, 0.9141
2025-10-02 03:12:52,519 - root - INFO - save model ./saved_models/JODIE/wikipedia/JODIE_original_seed2/JODIE_original_seed2.pkl
2025-10-02 03:13:12,605 - root - INFO - Epoch: 11, learning rate: 0.0001, train loss: 0.3047
2025-10-02 03:13:12,605 - root - INFO - train average_precision, 0.9438
2025-10-02 03:13:12,605 - root - INFO - train roc_auc, 0.9421
2025-10-02 03:13:12,605 - root - INFO - validate loss: 0.2949
2025-10-02 03:13:12,605 - root - INFO - validate average_precision, 0.9516
2025-10-02 03:13:12,605 - root - INFO - validate roc_auc, 0.9474
2025-10-02 03:13:12,606 - root - INFO - new node validate loss: 0.3823
2025-10-02 03:13:12,606 - root - INFO - new node validate average_precision, 0.9175
2025-10-02 03:13:12,606 - root - INFO - new node validate roc_auc, 0.9055
2025-10-02 03:13:17,265 - root - INFO - test loss: 0.3118
2025-10-02 03:13:17,265 - root - INFO - test average_precision, 0.9451
2025-10-02 03:13:17,265 - root - INFO - best test average_precision: 0.9485
2025-10-02 03:13:17,265 - root - INFO - test roc_auc, 0.9433
2025-10-02 03:13:17,266 - root - INFO - new node test loss: 0.3725
2025-10-02 03:13:17,266 - root - INFO - new node test average_precision, 0.9230
2025-10-02 03:13:17,266 - root - INFO - new node test roc_auc, 0.9138
2025-10-02 03:13:17,266 - root - INFO - save model ./saved_models/JODIE/wikipedia/JODIE_original_seed2/JODIE_original_seed2.pkl
2025-10-02 03:13:36,747 - root - INFO - Epoch: 12, learning rate: 0.0001, train loss: 0.2957
2025-10-02 03:13:36,748 - root - INFO - train average_precision, 0.9468
2025-10-02 03:13:36,748 - root - INFO - train roc_auc, 0.9451
2025-10-02 03:13:36,748 - root - INFO - validate loss: 0.2892
2025-10-02 03:13:36,748 - root - INFO - validate average_precision, 0.9541
2025-10-02 03:13:36,748 - root - INFO - validate roc_auc, 0.9496
2025-10-02 03:13:36,748 - root - INFO - new node validate loss: 0.3796
2025-10-02 03:13:36,748 - root - INFO - new node validate average_precision, 0.9193
2025-10-02 03:13:36,748 - root - INFO - new node validate roc_auc, 0.9076
2025-10-02 03:13:41,400 - root - INFO - test loss: 0.2918
2025-10-02 03:13:41,400 - root - INFO - test average_precision, 0.9518
2025-10-02 03:13:41,400 - root - INFO - best test average_precision: 0.9518
2025-10-02 03:13:41,400 - root - INFO - test roc_auc, 0.9496
2025-10-02 03:13:41,400 - root - INFO - new node test loss: 0.3567
2025-10-02 03:13:41,400 - root - INFO - new node test average_precision, 0.9308
2025-10-02 03:13:41,400 - root - INFO - new node test roc_auc, 0.9218
2025-10-02 03:13:41,401 - root - INFO - save model ./saved_models/JODIE/wikipedia/JODIE_original_seed2/JODIE_original_seed2.pkl
2025-10-02 03:14:00,802 - root - INFO - Epoch: 13, learning rate: 0.0001, train loss: 0.2942
2025-10-02 03:14:00,802 - root - INFO - train average_precision, 0.9477
2025-10-02 03:14:00,803 - root - INFO - train roc_auc, 0.9457
2025-10-02 03:14:00,803 - root - INFO - validate loss: 0.2940
2025-10-02 03:14:00,803 - root - INFO - validate average_precision, 0.9521
2025-10-02 03:14:00,803 - root - INFO - validate roc_auc, 0.9477
2025-10-02 03:14:00,803 - root - INFO - new node validate loss: 0.3751
2025-10-02 03:14:00,803 - root - INFO - new node validate average_precision, 0.9200
2025-10-02 03:14:00,803 - root - INFO - new node validate roc_auc, 0.9080
2025-10-02 03:14:05,467 - root - INFO - test loss: 0.3033
2025-10-02 03:14:05,467 - root - INFO - test average_precision, 0.9485
2025-10-02 03:14:05,467 - root - INFO - best test average_precision: 0.9518
2025-10-02 03:14:05,468 - root - INFO - test roc_auc, 0.9463
2025-10-02 03:14:05,468 - root - INFO - new node test loss: 0.3601
2025-10-02 03:14:05,468 - root - INFO - new node test average_precision, 0.9299
2025-10-02 03:14:05,468 - root - INFO - new node test roc_auc, 0.9214
2025-10-02 03:14:24,301 - root - INFO - Epoch: 14, learning rate: 0.0001, train loss: 0.2845
2025-10-02 03:14:24,301 - root - INFO - train average_precision, 0.9504
2025-10-02 03:14:24,301 - root - INFO - train roc_auc, 0.9490
2025-10-02 03:14:24,301 - root - INFO - validate loss: 0.2908
2025-10-02 03:14:24,302 - root - INFO - validate average_precision, 0.9523
2025-10-02 03:14:24,302 - root - INFO - validate roc_auc, 0.9488
2025-10-02 03:14:24,302 - root - INFO - new node validate loss: 0.3660
2025-10-02 03:14:24,302 - root - INFO - new node validate average_precision, 0.9238
2025-10-02 03:14:24,302 - root - INFO - new node validate roc_auc, 0.9132
2025-10-02 03:14:28,985 - root - INFO - test loss: 0.3078
2025-10-02 03:14:28,985 - root - INFO - test average_precision, 0.9464
2025-10-02 03:14:28,986 - root - INFO - best test average_precision: 0.9518
2025-10-02 03:14:28,986 - root - INFO - test roc_auc, 0.9448
2025-10-02 03:14:28,986 - root - INFO - new node test loss: 0.3596
2025-10-02 03:14:28,986 - root - INFO - new node test average_precision, 0.9285
2025-10-02 03:14:28,986 - root - INFO - new node test roc_auc, 0.9209
2025-10-02 03:14:47,492 - root - INFO - Epoch: 15, learning rate: 0.0001, train loss: 0.2797
2025-10-02 03:14:47,492 - root - INFO - train average_precision, 0.9518
2025-10-02 03:14:47,492 - root - INFO - train roc_auc, 0.9505
2025-10-02 03:14:47,492 - root - INFO - validate loss: 0.2823
2025-10-02 03:14:47,492 - root - INFO - validate average_precision, 0.9550
2025-10-02 03:14:47,492 - root - INFO - validate roc_auc, 0.9516
2025-10-02 03:14:47,492 - root - INFO - new node validate loss: 0.3667
2025-10-02 03:14:47,492 - root - INFO - new node validate average_precision, 0.9225
2025-10-02 03:14:47,492 - root - INFO - new node validate roc_auc, 0.9114
2025-10-02 03:14:52,153 - root - INFO - test loss: 0.2976
2025-10-02 03:14:52,153 - root - INFO - test average_precision, 0.9509
2025-10-02 03:14:52,153 - root - INFO - best test average_precision: 0.9518
2025-10-02 03:14:52,153 - root - INFO - test roc_auc, 0.9478
2025-10-02 03:14:52,154 - root - INFO - new node test loss: 0.3613
2025-10-02 03:14:52,154 - root - INFO - new node test average_precision, 0.9288
2025-10-02 03:14:52,154 - root - INFO - new node test roc_auc, 0.9195
2025-10-02 03:14:52,154 - root - INFO - save model ./saved_models/JODIE/wikipedia/JODIE_original_seed2/JODIE_original_seed2.pkl
2025-10-02 03:15:12,111 - root - INFO - Epoch: 16, learning rate: 0.0001, train loss: 0.2762
2025-10-02 03:15:12,111 - root - INFO - train average_precision, 0.9531
2025-10-02 03:15:12,111 - root - INFO - train roc_auc, 0.9515
2025-10-02 03:15:12,111 - root - INFO - validate loss: 0.2856
2025-10-02 03:15:12,111 - root - INFO - validate average_precision, 0.9548
2025-10-02 03:15:12,111 - root - INFO - validate roc_auc, 0.9507
2025-10-02 03:15:12,112 - root - INFO - new node validate loss: 0.3675
2025-10-02 03:15:12,112 - root - INFO - new node validate average_precision, 0.9231
2025-10-02 03:15:12,112 - root - INFO - new node validate roc_auc, 0.9117
2025-10-02 03:15:16,772 - root - INFO - test loss: 0.2954
2025-10-02 03:15:16,772 - root - INFO - test average_precision, 0.9524
2025-10-02 03:15:16,773 - root - INFO - best test average_precision: 0.9524
2025-10-02 03:15:16,773 - root - INFO - test roc_auc, 0.9492
2025-10-02 03:15:16,773 - root - INFO - new node test loss: 0.3541
2025-10-02 03:15:16,773 - root - INFO - new node test average_precision, 0.9328
2025-10-02 03:15:16,773 - root - INFO - new node test roc_auc, 0.9243
2025-10-02 03:15:35,304 - root - INFO - Epoch: 17, learning rate: 0.0001, train loss: 0.2768
2025-10-02 03:15:35,304 - root - INFO - train average_precision, 0.9522
2025-10-02 03:15:35,305 - root - INFO - train roc_auc, 0.9512
2025-10-02 03:15:35,305 - root - INFO - validate loss: 0.2871
2025-10-02 03:15:35,305 - root - INFO - validate average_precision, 0.9534
2025-10-02 03:15:35,305 - root - INFO - validate roc_auc, 0.9505
2025-10-02 03:15:35,305 - root - INFO - new node validate loss: 0.3647
2025-10-02 03:15:35,305 - root - INFO - new node validate average_precision, 0.9247
2025-10-02 03:15:35,305 - root - INFO - new node validate roc_auc, 0.9138
2025-10-02 03:15:40,011 - root - INFO - test loss: 0.2947
2025-10-02 03:15:40,012 - root - INFO - test average_precision, 0.9499
2025-10-02 03:15:40,012 - root - INFO - best test average_precision: 0.9524
2025-10-02 03:15:40,012 - root - INFO - test roc_auc, 0.9492
2025-10-02 03:15:40,012 - root - INFO - new node test loss: 0.3534
2025-10-02 03:15:40,012 - root - INFO - new node test average_precision, 0.9300
2025-10-02 03:15:40,012 - root - INFO - new node test roc_auc, 0.9243
2025-10-02 03:15:58,488 - root - INFO - Epoch: 18, learning rate: 0.0001, train loss: 0.2695
2025-10-02 03:15:58,489 - root - INFO - train average_precision, 0.9551
2025-10-02 03:15:58,489 - root - INFO - train roc_auc, 0.9537
2025-10-02 03:15:58,489 - root - INFO - validate loss: 0.2840
2025-10-02 03:15:58,489 - root - INFO - validate average_precision, 0.9548
2025-10-02 03:15:58,489 - root - INFO - validate roc_auc, 0.9514
2025-10-02 03:15:58,489 - root - INFO - new node validate loss: 0.3617
2025-10-02 03:15:58,489 - root - INFO - new node validate average_precision, 0.9244
2025-10-02 03:15:58,489 - root - INFO - new node validate roc_auc, 0.9144
2025-10-02 03:16:03,171 - root - INFO - test loss: 0.3031
2025-10-02 03:16:03,171 - root - INFO - test average_precision, 0.9483
2025-10-02 03:16:03,171 - root - INFO - best test average_precision: 0.9524
2025-10-02 03:16:03,171 - root - INFO - test roc_auc, 0.9466
2025-10-02 03:16:03,171 - root - INFO - new node test loss: 0.3552
2025-10-02 03:16:03,171 - root - INFO - new node test average_precision, 0.9303
2025-10-02 03:16:03,171 - root - INFO - new node test roc_auc, 0.9237
2025-10-02 03:16:21,614 - root - INFO - Epoch: 19, learning rate: 0.0001, train loss: 0.2763
2025-10-02 03:16:21,614 - root - INFO - train average_precision, 0.9533
2025-10-02 03:16:21,614 - root - INFO - train roc_auc, 0.9515
2025-10-02 03:16:21,614 - root - INFO - validate loss: 0.2998
2025-10-02 03:16:21,614 - root - INFO - validate average_precision, 0.9515
2025-10-02 03:16:21,614 - root - INFO - validate roc_auc, 0.9469
2025-10-02 03:16:21,614 - root - INFO - new node validate loss: 0.3711
2025-10-02 03:16:21,614 - root - INFO - new node validate average_precision, 0.9224
2025-10-02 03:16:21,614 - root - INFO - new node validate roc_auc, 0.9113
2025-10-02 03:16:26,279 - root - INFO - test loss: 0.2995
2025-10-02 03:16:26,279 - root - INFO - test average_precision, 0.9485
2025-10-02 03:16:26,279 - root - INFO - best test average_precision: 0.9524
2025-10-02 03:16:26,279 - root - INFO - test roc_auc, 0.9473
2025-10-02 03:16:26,279 - root - INFO - new node test loss: 0.3557
2025-10-02 03:16:26,279 - root - INFO - new node test average_precision, 0.9298
2025-10-02 03:16:26,279 - root - INFO - new node test roc_auc, 0.9236
2025-10-02 03:16:44,532 - root - INFO - Epoch: 20, learning rate: 0.0001, train loss: 0.2714
2025-10-02 03:16:44,532 - root - INFO - train average_precision, 0.9545
2025-10-02 03:16:44,533 - root - INFO - train roc_auc, 0.9529
2025-10-02 03:16:44,533 - root - INFO - validate loss: 0.2838
2025-10-02 03:16:44,533 - root - INFO - validate average_precision, 0.9557
2025-10-02 03:16:44,533 - root - INFO - validate roc_auc, 0.9511
2025-10-02 03:16:44,533 - root - INFO - new node validate loss: 0.3610
2025-10-02 03:16:44,533 - root - INFO - new node validate average_precision, 0.9245
2025-10-02 03:16:44,533 - root - INFO - new node validate roc_auc, 0.9144
2025-10-02 03:16:49,241 - root - INFO - test loss: 0.2908
2025-10-02 03:16:49,242 - root - INFO - test average_precision, 0.9532
2025-10-02 03:16:49,242 - root - INFO - best test average_precision: 0.9532
2025-10-02 03:16:49,242 - root - INFO - test roc_auc, 0.9501
2025-10-02 03:16:49,242 - root - INFO - new node test loss: 0.3436
2025-10-02 03:16:49,242 - root - INFO - new node test average_precision, 0.9345
2025-10-02 03:16:49,242 - root - INFO - new node test roc_auc, 0.9271
2025-10-02 03:17:07,625 - root - INFO - Epoch: 21, learning rate: 0.0001, train loss: 0.2655
2025-10-02 03:17:07,625 - root - INFO - train average_precision, 0.9566
2025-10-02 03:17:07,625 - root - INFO - train roc_auc, 0.9548
2025-10-02 03:17:07,625 - root - INFO - validate loss: 0.2882
2025-10-02 03:17:07,625 - root - INFO - validate average_precision, 0.9551
2025-10-02 03:17:07,625 - root - INFO - validate roc_auc, 0.9506
2025-10-02 03:17:07,625 - root - INFO - new node validate loss: 0.3657
2025-10-02 03:17:07,625 - root - INFO - new node validate average_precision, 0.9250
2025-10-02 03:17:07,625 - root - INFO - new node validate roc_auc, 0.9137
2025-10-02 03:17:12,278 - root - INFO - test loss: 0.2901
2025-10-02 03:17:12,278 - root - INFO - test average_precision, 0.9539
2025-10-02 03:17:12,278 - root - INFO - best test average_precision: 0.9539
2025-10-02 03:17:12,278 - root - INFO - test roc_auc, 0.9509
2025-10-02 03:17:12,278 - root - INFO - new node test loss: 0.3476
2025-10-02 03:17:12,278 - root - INFO - new node test average_precision, 0.9336
2025-10-02 03:17:12,278 - root - INFO - new node test roc_auc, 0.9258
2025-10-02 03:17:30,846 - root - INFO - Epoch: 22, learning rate: 0.0001, train loss: 0.2610
2025-10-02 03:17:30,846 - root - INFO - train average_precision, 0.9578
2025-10-02 03:17:30,846 - root - INFO - train roc_auc, 0.9561
2025-10-02 03:17:30,846 - root - INFO - validate loss: 0.2830
2025-10-02 03:17:30,846 - root - INFO - validate average_precision, 0.9545
2025-10-02 03:17:30,847 - root - INFO - validate roc_auc, 0.9509
2025-10-02 03:17:30,847 - root - INFO - new node validate loss: 0.3529
2025-10-02 03:17:30,847 - root - INFO - new node validate average_precision, 0.9268
2025-10-02 03:17:30,847 - root - INFO - new node validate roc_auc, 0.9176
2025-10-02 03:17:35,568 - root - INFO - test loss: 0.2894
2025-10-02 03:17:35,568 - root - INFO - test average_precision, 0.9521
2025-10-02 03:17:35,568 - root - INFO - best test average_precision: 0.9539
2025-10-02 03:17:35,568 - root - INFO - test roc_auc, 0.9507
2025-10-02 03:17:35,569 - root - INFO - new node test loss: 0.3406
2025-10-02 03:17:35,569 - root - INFO - new node test average_precision, 0.9329
2025-10-02 03:17:35,569 - root - INFO - new node test roc_auc, 0.9292
2025-10-02 03:17:53,951 - root - INFO - Epoch: 23, learning rate: 0.0001, train loss: 0.2629
2025-10-02 03:17:53,951 - root - INFO - train average_precision, 0.9569
2025-10-02 03:17:53,951 - root - INFO - train roc_auc, 0.9555
2025-10-02 03:17:53,951 - root - INFO - validate loss: 0.2789
2025-10-02 03:17:53,951 - root - INFO - validate average_precision, 0.9578
2025-10-02 03:17:53,951 - root - INFO - validate roc_auc, 0.9534
2025-10-02 03:17:53,951 - root - INFO - new node validate loss: 0.3609
2025-10-02 03:17:53,952 - root - INFO - new node validate average_precision, 0.9256
2025-10-02 03:17:53,952 - root - INFO - new node validate roc_auc, 0.9158
2025-10-02 03:17:58,625 - root - INFO - test loss: 0.2845
2025-10-02 03:17:58,625 - root - INFO - test average_precision, 0.9549
2025-10-02 03:17:58,625 - root - INFO - best test average_precision: 0.9549
2025-10-02 03:17:58,625 - root - INFO - test roc_auc, 0.9530
2025-10-02 03:17:58,625 - root - INFO - new node test loss: 0.3382
2025-10-02 03:17:58,625 - root - INFO - new node test average_precision, 0.9365
2025-10-02 03:17:58,625 - root - INFO - new node test roc_auc, 0.9306
2025-10-02 03:17:58,625 - root - INFO - save model ./saved_models/JODIE/wikipedia/JODIE_original_seed2/JODIE_original_seed2.pkl
2025-10-02 03:18:18,031 - root - INFO - Epoch: 24, learning rate: 0.0001, train loss: 0.2608
2025-10-02 03:18:18,031 - root - INFO - train average_precision, 0.9577
2025-10-02 03:18:18,032 - root - INFO - train roc_auc, 0.9562
2025-10-02 03:18:18,032 - root - INFO - validate loss: 0.2785
2025-10-02 03:18:18,032 - root - INFO - validate average_precision, 0.9573
2025-10-02 03:18:18,032 - root - INFO - validate roc_auc, 0.9537
2025-10-02 03:18:18,032 - root - INFO - new node validate loss: 0.3627
2025-10-02 03:18:18,032 - root - INFO - new node validate average_precision, 0.9255
2025-10-02 03:18:18,032 - root - INFO - new node validate roc_auc, 0.9151
2025-10-02 03:18:22,703 - root - INFO - test loss: 0.2842
2025-10-02 03:18:22,704 - root - INFO - test average_precision, 0.9531
2025-10-02 03:18:22,704 - root - INFO - best test average_precision: 0.9549
2025-10-02 03:18:22,704 - root - INFO - test roc_auc, 0.9529
2025-10-02 03:18:22,704 - root - INFO - new node test loss: 0.3412
2025-10-02 03:18:22,704 - root - INFO - new node test average_precision, 0.9313
2025-10-02 03:18:22,704 - root - INFO - new node test roc_auc, 0.9297
2025-10-02 03:18:41,257 - root - INFO - Epoch: 25, learning rate: 0.0001, train loss: 0.2526
2025-10-02 03:18:41,257 - root - INFO - train average_precision, 0.9596
2025-10-02 03:18:41,257 - root - INFO - train roc_auc, 0.9589
2025-10-02 03:18:41,257 - root - INFO - validate loss: 0.2686
2025-10-02 03:18:41,257 - root - INFO - validate average_precision, 0.9604
2025-10-02 03:18:41,257 - root - INFO - validate roc_auc, 0.9569
2025-10-02 03:18:41,257 - root - INFO - new node validate loss: 0.3558
2025-10-02 03:18:41,257 - root - INFO - new node validate average_precision, 0.9277
2025-10-02 03:18:41,258 - root - INFO - new node validate roc_auc, 0.9184
2025-10-02 03:18:45,938 - root - INFO - test loss: 0.2775
2025-10-02 03:18:45,938 - root - INFO - test average_precision, 0.9569
2025-10-02 03:18:45,938 - root - INFO - best test average_precision: 0.9569
2025-10-02 03:18:45,938 - root - INFO - test roc_auc, 0.9553
2025-10-02 03:18:45,938 - root - INFO - new node test loss: 0.3369
2025-10-02 03:18:45,938 - root - INFO - new node test average_precision, 0.9365
2025-10-02 03:18:45,938 - root - INFO - new node test roc_auc, 0.9316
2025-10-02 03:18:45,938 - root - INFO - save model ./saved_models/JODIE/wikipedia/JODIE_original_seed2/JODIE_original_seed2.pkl
2025-10-02 03:19:05,387 - root - INFO - Epoch: 26, learning rate: 0.0001, train loss: 0.2507
2025-10-02 03:19:05,388 - root - INFO - train average_precision, 0.9605
2025-10-02 03:19:05,388 - root - INFO - train roc_auc, 0.9595
2025-10-02 03:19:05,388 - root - INFO - validate loss: 0.2854
2025-10-02 03:19:05,388 - root - INFO - validate average_precision, 0.9555
2025-10-02 03:19:05,388 - root - INFO - validate roc_auc, 0.9518
2025-10-02 03:19:05,388 - root - INFO - new node validate loss: 0.3578
2025-10-02 03:19:05,388 - root - INFO - new node validate average_precision, 0.9276
2025-10-02 03:19:05,388 - root - INFO - new node validate roc_auc, 0.9183
2025-10-02 03:19:10,051 - root - INFO - test loss: 0.2873
2025-10-02 03:19:10,051 - root - INFO - test average_precision, 0.9528
2025-10-02 03:19:10,051 - root - INFO - best test average_precision: 0.9569
2025-10-02 03:19:10,051 - root - INFO - test roc_auc, 0.9516
2025-10-02 03:19:10,052 - root - INFO - new node test loss: 0.3367
2025-10-02 03:19:10,052 - root - INFO - new node test average_precision, 0.9349
2025-10-02 03:19:10,052 - root - INFO - new node test roc_auc, 0.9309
2025-10-02 03:19:28,442 - root - INFO - Epoch: 27, learning rate: 0.0001, train loss: 0.2460
2025-10-02 03:19:28,442 - root - INFO - train average_precision, 0.9615
2025-10-02 03:19:28,442 - root - INFO - train roc_auc, 0.9605
2025-10-02 03:19:28,443 - root - INFO - validate loss: 0.2744
2025-10-02 03:19:28,443 - root - INFO - validate average_precision, 0.9592
2025-10-02 03:19:28,443 - root - INFO - validate roc_auc, 0.9554
2025-10-02 03:19:28,443 - root - INFO - new node validate loss: 0.3579
2025-10-02 03:19:28,443 - root - INFO - new node validate average_precision, 0.9283
2025-10-02 03:19:28,443 - root - INFO - new node validate roc_auc, 0.9186
2025-10-02 03:19:33,100 - root - INFO - test loss: 0.2798
2025-10-02 03:19:33,100 - root - INFO - test average_precision, 0.9568
2025-10-02 03:19:33,100 - root - INFO - best test average_precision: 0.9569
2025-10-02 03:19:33,100 - root - INFO - test roc_auc, 0.9550
2025-10-02 03:19:33,100 - root - INFO - new node test loss: 0.3358
2025-10-02 03:19:33,100 - root - INFO - new node test average_precision, 0.9367
2025-10-02 03:19:33,100 - root - INFO - new node test roc_auc, 0.9320
2025-10-02 03:19:51,715 - root - INFO - Epoch: 28, learning rate: 0.0001, train loss: 0.2467
2025-10-02 03:19:51,715 - root - INFO - train average_precision, 0.9613
2025-10-02 03:19:51,715 - root - INFO - train roc_auc, 0.9605
2025-10-02 03:19:51,715 - root - INFO - validate loss: 0.2737
2025-10-02 03:19:51,715 - root - INFO - validate average_precision, 0.9595
2025-10-02 03:19:51,715 - root - INFO - validate roc_auc, 0.9556
2025-10-02 03:19:51,715 - root - INFO - new node validate loss: 0.3578
2025-10-02 03:19:51,716 - root - INFO - new node validate average_precision, 0.9276
2025-10-02 03:19:51,716 - root - INFO - new node validate roc_auc, 0.9185
2025-10-02 03:19:56,436 - root - INFO - test loss: 0.2895
2025-10-02 03:19:56,436 - root - INFO - test average_precision, 0.9544
2025-10-02 03:19:56,436 - root - INFO - best test average_precision: 0.9569
2025-10-02 03:19:56,437 - root - INFO - test roc_auc, 0.9527
2025-10-02 03:19:56,437 - root - INFO - new node test loss: 0.3348
2025-10-02 03:19:56,437 - root - INFO - new node test average_precision, 0.9361
2025-10-02 03:19:56,437 - root - INFO - new node test roc_auc, 0.9322
2025-10-02 03:20:15,271 - root - INFO - Epoch: 29, learning rate: 0.0001, train loss: 0.2443
2025-10-02 03:20:15,271 - root - INFO - train average_precision, 0.9618
2025-10-02 03:20:15,271 - root - INFO - train roc_auc, 0.9610
2025-10-02 03:20:15,271 - root - INFO - validate loss: 0.2759
2025-10-02 03:20:15,272 - root - INFO - validate average_precision, 0.9590
2025-10-02 03:20:15,272 - root - INFO - validate roc_auc, 0.9553
2025-10-02 03:20:15,272 - root - INFO - new node validate loss: 0.3534
2025-10-02 03:20:15,272 - root - INFO - new node validate average_precision, 0.9302
2025-10-02 03:20:15,272 - root - INFO - new node validate roc_auc, 0.9208
2025-10-02 03:20:19,914 - root - INFO - test loss: 0.2890
2025-10-02 03:20:19,914 - root - INFO - test average_precision, 0.9557
2025-10-02 03:20:19,914 - root - INFO - best test average_precision: 0.9569
2025-10-02 03:20:19,914 - root - INFO - test roc_auc, 0.9530
2025-10-02 03:20:19,914 - root - INFO - new node test loss: 0.3364
2025-10-02 03:20:19,914 - root - INFO - new node test average_precision, 0.9372
2025-10-02 03:20:19,914 - root - INFO - new node test roc_auc, 0.9320
2025-10-02 03:20:38,469 - root - INFO - Epoch: 30, learning rate: 0.0001, train loss: 0.2406
2025-10-02 03:20:38,469 - root - INFO - train average_precision, 0.9625
2025-10-02 03:20:38,470 - root - INFO - train roc_auc, 0.9622
2025-10-02 03:20:38,470 - root - INFO - validate loss: 0.2700
2025-10-02 03:20:38,470 - root - INFO - validate average_precision, 0.9608
2025-10-02 03:20:38,470 - root - INFO - validate roc_auc, 0.9574
2025-10-02 03:20:38,470 - root - INFO - new node validate loss: 0.3564
2025-10-02 03:20:38,470 - root - INFO - new node validate average_precision, 0.9298
2025-10-02 03:20:38,470 - root - INFO - new node validate roc_auc, 0.9203
2025-10-02 03:20:43,128 - root - INFO - test loss: 0.2791
2025-10-02 03:20:43,128 - root - INFO - test average_precision, 0.9568
2025-10-02 03:20:43,128 - root - INFO - best test average_precision: 0.9569
2025-10-02 03:20:43,128 - root - INFO - test roc_auc, 0.9554
2025-10-02 03:20:43,128 - root - INFO - new node test loss: 0.3326
2025-10-02 03:20:43,129 - root - INFO - new node test average_precision, 0.9395
2025-10-02 03:20:43,129 - root - INFO - new node test roc_auc, 0.9340
2025-10-02 03:20:43,129 - root - INFO - save model ./saved_models/JODIE/wikipedia/JODIE_original_seed2/JODIE_original_seed2.pkl
2025-10-02 03:21:02,645 - root - INFO - Epoch: 31, learning rate: 0.0001, train loss: 0.2411
2025-10-02 03:21:02,645 - root - INFO - train average_precision, 0.9623
2025-10-02 03:21:02,646 - root - INFO - train roc_auc, 0.9618
2025-10-02 03:21:02,646 - root - INFO - validate loss: 0.2714
2025-10-02 03:21:02,646 - root - INFO - validate average_precision, 0.9592
2025-10-02 03:21:02,646 - root - INFO - validate roc_auc, 0.9564
2025-10-02 03:21:02,646 - root - INFO - new node validate loss: 0.3535
2025-10-02 03:21:02,646 - root - INFO - new node validate average_precision, 0.9292
2025-10-02 03:21:02,646 - root - INFO - new node validate roc_auc, 0.9194
2025-10-02 03:21:07,394 - root - INFO - test loss: 0.2774
2025-10-02 03:21:07,395 - root - INFO - test average_precision, 0.9576
2025-10-02 03:21:07,395 - root - INFO - best test average_precision: 0.9576
2025-10-02 03:21:07,395 - root - INFO - test roc_auc, 0.9562
2025-10-02 03:21:07,395 - root - INFO - new node test loss: 0.3344
2025-10-02 03:21:07,395 - root - INFO - new node test average_precision, 0.9389
2025-10-02 03:21:07,395 - root - INFO - new node test roc_auc, 0.9339
2025-10-02 03:21:26,001 - root - INFO - Epoch: 32, learning rate: 0.0001, train loss: 0.2378
2025-10-02 03:21:26,001 - root - INFO - train average_precision, 0.9637
2025-10-02 03:21:26,001 - root - INFO - train roc_auc, 0.9629
2025-10-02 03:21:26,001 - root - INFO - validate loss: 0.2723
2025-10-02 03:21:26,001 - root - INFO - validate average_precision, 0.9598
2025-10-02 03:21:26,001 - root - INFO - validate roc_auc, 0.9569
2025-10-02 03:21:26,002 - root - INFO - new node validate loss: 0.3560
2025-10-02 03:21:26,002 - root - INFO - new node validate average_precision, 0.9294
2025-10-02 03:21:26,002 - root - INFO - new node validate roc_auc, 0.9192
2025-10-02 03:21:30,723 - root - INFO - test loss: 0.2923
2025-10-02 03:21:30,723 - root - INFO - test average_precision, 0.9542
2025-10-02 03:21:30,723 - root - INFO - best test average_precision: 0.9576
2025-10-02 03:21:30,723 - root - INFO - test roc_auc, 0.9529
2025-10-02 03:21:30,723 - root - INFO - new node test loss: 0.3402
2025-10-02 03:21:30,724 - root - INFO - new node test average_precision, 0.9366
2025-10-02 03:21:30,724 - root - INFO - new node test roc_auc, 0.9319
2025-10-02 03:21:49,501 - root - INFO - Epoch: 33, learning rate: 0.0001, train loss: 0.2370
2025-10-02 03:21:49,501 - root - INFO - train average_precision, 0.9636
2025-10-02 03:21:49,501 - root - INFO - train roc_auc, 0.9630
2025-10-02 03:21:49,501 - root - INFO - validate loss: 0.2678
2025-10-02 03:21:49,501 - root - INFO - validate average_precision, 0.9613
2025-10-02 03:21:49,501 - root - INFO - validate roc_auc, 0.9577
2025-10-02 03:21:49,502 - root - INFO - new node validate loss: 0.3542
2025-10-02 03:21:49,502 - root - INFO - new node validate average_precision, 0.9295
2025-10-02 03:21:49,502 - root - INFO - new node validate roc_auc, 0.9199
2025-10-02 03:21:54,206 - root - INFO - test loss: 0.2747
2025-10-02 03:21:54,206 - root - INFO - test average_precision, 0.9586
2025-10-02 03:21:54,206 - root - INFO - best test average_precision: 0.9586
2025-10-02 03:21:54,206 - root - INFO - test roc_auc, 0.9568
2025-10-02 03:21:54,206 - root - INFO - new node test loss: 0.3320
2025-10-02 03:21:54,206 - root - INFO - new node test average_precision, 0.9403
2025-10-02 03:21:54,206 - root - INFO - new node test roc_auc, 0.9344
2025-10-02 03:21:54,206 - root - INFO - save model ./saved_models/JODIE/wikipedia/JODIE_original_seed2/JODIE_original_seed2.pkl
2025-10-02 03:22:13,722 - root - INFO - Epoch: 34, learning rate: 0.0001, train loss: 0.2343
2025-10-02 03:22:13,723 - root - INFO - train average_precision, 0.9640
2025-10-02 03:22:13,723 - root - INFO - train roc_auc, 0.9638
2025-10-02 03:22:13,723 - root - INFO - validate loss: 0.2682
2025-10-02 03:22:13,723 - root - INFO - validate average_precision, 0.9612
2025-10-02 03:22:13,723 - root - INFO - validate roc_auc, 0.9579
2025-10-02 03:22:13,723 - root - INFO - new node validate loss: 0.3572
2025-10-02 03:22:13,723 - root - INFO - new node validate average_precision, 0.9299
2025-10-02 03:22:13,723 - root - INFO - new node validate roc_auc, 0.9198
2025-10-02 03:22:18,372 - root - INFO - test loss: 0.2825
2025-10-02 03:22:18,372 - root - INFO - test average_precision, 0.9571
2025-10-02 03:22:18,372 - root - INFO - best test average_precision: 0.9586
2025-10-02 03:22:18,372 - root - INFO - test roc_auc, 0.9549
2025-10-02 03:22:18,372 - root - INFO - new node test loss: 0.3363
2025-10-02 03:22:18,372 - root - INFO - new node test average_precision, 0.9384
2025-10-02 03:22:18,372 - root - INFO - new node test roc_auc, 0.9333
2025-10-02 03:22:36,570 - root - INFO - Epoch: 35, learning rate: 0.0001, train loss: 0.2330
2025-10-02 03:22:36,570 - root - INFO - train average_precision, 0.9646
2025-10-02 03:22:36,570 - root - INFO - train roc_auc, 0.9641
2025-10-02 03:22:36,570 - root - INFO - validate loss: 0.2629
2025-10-02 03:22:36,570 - root - INFO - validate average_precision, 0.9630
2025-10-02 03:22:36,570 - root - INFO - validate roc_auc, 0.9593
2025-10-02 03:22:36,570 - root - INFO - new node validate loss: 0.3568
2025-10-02 03:22:36,570 - root - INFO - new node validate average_precision, 0.9294
2025-10-02 03:22:36,571 - root - INFO - new node validate roc_auc, 0.9197
2025-10-02 03:22:41,191 - root - INFO - test loss: 0.2737
2025-10-02 03:22:41,192 - root - INFO - test average_precision, 0.9598
2025-10-02 03:22:41,192 - root - INFO - best test average_precision: 0.9598
2025-10-02 03:22:41,192 - root - INFO - test roc_auc, 0.9570
2025-10-02 03:22:41,192 - root - INFO - new node test loss: 0.3249
2025-10-02 03:22:41,192 - root - INFO - new node test average_precision, 0.9438
2025-10-02 03:22:41,192 - root - INFO - new node test roc_auc, 0.9375
2025-10-02 03:22:41,192 - root - INFO - save model ./saved_models/JODIE/wikipedia/JODIE_original_seed2/JODIE_original_seed2.pkl
2025-10-02 03:23:00,734 - root - INFO - Epoch: 36, learning rate: 0.0001, train loss: 0.2327
2025-10-02 03:23:00,734 - root - INFO - train average_precision, 0.9645
2025-10-02 03:23:00,734 - root - INFO - train roc_auc, 0.9642
2025-10-02 03:23:00,735 - root - INFO - validate loss: 0.2663
2025-10-02 03:23:00,735 - root - INFO - validate average_precision, 0.9622
2025-10-02 03:23:00,735 - root - INFO - validate roc_auc, 0.9586
2025-10-02 03:23:00,735 - root - INFO - new node validate loss: 0.3555
2025-10-02 03:23:00,735 - root - INFO - new node validate average_precision, 0.9309
2025-10-02 03:23:00,735 - root - INFO - new node validate roc_auc, 0.9207
2025-10-02 03:23:05,437 - root - INFO - test loss: 0.2793
2025-10-02 03:23:05,437 - root - INFO - test average_precision, 0.9585
2025-10-02 03:23:05,437 - root - INFO - best test average_precision: 0.9598
2025-10-02 03:23:05,437 - root - INFO - test roc_auc, 0.9561
2025-10-02 03:23:05,437 - root - INFO - new node test loss: 0.3294
2025-10-02 03:23:05,437 - root - INFO - new node test average_precision, 0.9412
2025-10-02 03:23:05,437 - root - INFO - new node test roc_auc, 0.9358
2025-10-02 03:23:24,194 - root - INFO - Epoch: 37, learning rate: 0.0001, train loss: 0.2286
2025-10-02 03:23:24,194 - root - INFO - train average_precision, 0.9656
2025-10-02 03:23:24,194 - root - INFO - train roc_auc, 0.9653
2025-10-02 03:23:24,194 - root - INFO - validate loss: 0.2608
2025-10-02 03:23:24,194 - root - INFO - validate average_precision, 0.9636
2025-10-02 03:23:24,195 - root - INFO - validate roc_auc, 0.9603
2025-10-02 03:23:24,195 - root - INFO - new node validate loss: 0.3581
2025-10-02 03:23:24,195 - root - INFO - new node validate average_precision, 0.9307
2025-10-02 03:23:24,195 - root - INFO - new node validate roc_auc, 0.9210
2025-10-02 03:23:28,862 - root - INFO - test loss: 0.2710
2025-10-02 03:23:28,862 - root - INFO - test average_precision, 0.9620
2025-10-02 03:23:28,862 - root - INFO - best test average_precision: 0.9620
2025-10-02 03:23:28,862 - root - INFO - test roc_auc, 0.9588
2025-10-02 03:23:28,862 - root - INFO - new node test loss: 0.3275
2025-10-02 03:23:28,862 - root - INFO - new node test average_precision, 0.9431
2025-10-02 03:23:28,862 - root - INFO - new node test roc_auc, 0.9368
2025-10-02 03:23:28,863 - root - INFO - save model ./saved_models/JODIE/wikipedia/JODIE_original_seed2/JODIE_original_seed2.pkl
2025-10-02 03:23:48,404 - root - INFO - Epoch: 38, learning rate: 0.0001, train loss: 0.2276
2025-10-02 03:23:48,404 - root - INFO - train average_precision, 0.9659
2025-10-02 03:23:48,404 - root - INFO - train roc_auc, 0.9655
2025-10-02 03:23:48,404 - root - INFO - validate loss: 0.2671
2025-10-02 03:23:48,404 - root - INFO - validate average_precision, 0.9620
2025-10-02 03:23:48,405 - root - INFO - validate roc_auc, 0.9586
2025-10-02 03:23:48,405 - root - INFO - new node validate loss: 0.3565
2025-10-02 03:23:48,405 - root - INFO - new node validate average_precision, 0.9301
2025-10-02 03:23:48,405 - root - INFO - new node validate roc_auc, 0.9200
2025-10-02 03:23:53,066 - root - INFO - test loss: 0.2798
2025-10-02 03:23:53,066 - root - INFO - test average_precision, 0.9592
2025-10-02 03:23:53,066 - root - INFO - best test average_precision: 0.9620
2025-10-02 03:23:53,067 - root - INFO - test roc_auc, 0.9563
2025-10-02 03:23:53,067 - root - INFO - new node test loss: 0.3315
2025-10-02 03:23:53,067 - root - INFO - new node test average_precision, 0.9419
2025-10-02 03:23:53,067 - root - INFO - new node test roc_auc, 0.9357
2025-10-02 03:24:11,583 - root - INFO - Epoch: 39, learning rate: 0.0001, train loss: 0.2243
2025-10-02 03:24:11,583 - root - INFO - train average_precision, 0.9663
2025-10-02 03:24:11,583 - root - INFO - train roc_auc, 0.9664
2025-10-02 03:24:11,583 - root - INFO - validate loss: 0.2660
2025-10-02 03:24:11,583 - root - INFO - validate average_precision, 0.9632
2025-10-02 03:24:11,583 - root - INFO - validate roc_auc, 0.9599
2025-10-02 03:24:11,583 - root - INFO - new node validate loss: 0.3613
2025-10-02 03:24:11,583 - root - INFO - new node validate average_precision, 0.9314
2025-10-02 03:24:11,583 - root - INFO - new node validate roc_auc, 0.9214
2025-10-02 03:24:16,235 - root - INFO - test loss: 0.2748
2025-10-02 03:24:16,235 - root - INFO - test average_precision, 0.9611
2025-10-02 03:24:16,235 - root - INFO - best test average_precision: 0.9620
2025-10-02 03:24:16,235 - root - INFO - test roc_auc, 0.9585
2025-10-02 03:24:16,235 - root - INFO - new node test loss: 0.3360
2025-10-02 03:24:16,235 - root - INFO - new node test average_precision, 0.9414
2025-10-02 03:24:16,235 - root - INFO - new node test roc_auc, 0.9352
2025-10-02 03:24:34,647 - root - INFO - Epoch: 40, learning rate: 0.0001, train loss: 0.2241
2025-10-02 03:24:34,648 - root - INFO - train average_precision, 0.9667
2025-10-02 03:24:34,648 - root - INFO - train roc_auc, 0.9665
2025-10-02 03:24:34,648 - root - INFO - validate loss: 0.2587
2025-10-02 03:24:34,648 - root - INFO - validate average_precision, 0.9644
2025-10-02 03:24:34,648 - root - INFO - validate roc_auc, 0.9608
2025-10-02 03:24:34,648 - root - INFO - new node validate loss: 0.3577
2025-10-02 03:24:34,648 - root - INFO - new node validate average_precision, 0.9310
2025-10-02 03:24:34,648 - root - INFO - new node validate roc_auc, 0.9215
2025-10-02 03:24:39,292 - root - INFO - test loss: 0.2737
2025-10-02 03:24:39,292 - root - INFO - test average_precision, 0.9614
2025-10-02 03:24:39,292 - root - INFO - best test average_precision: 0.9620
2025-10-02 03:24:39,293 - root - INFO - test roc_auc, 0.9585
2025-10-02 03:24:39,293 - root - INFO - new node test loss: 0.3380
2025-10-02 03:24:39,293 - root - INFO - new node test average_precision, 0.9403
2025-10-02 03:24:39,293 - root - INFO - new node test roc_auc, 0.9334
2025-10-02 03:24:39,293 - root - INFO - save model ./saved_models/JODIE/wikipedia/JODIE_original_seed2/JODIE_original_seed2.pkl
2025-10-02 03:24:59,084 - root - INFO - Epoch: 41, learning rate: 0.0001, train loss: 0.2222
2025-10-02 03:24:59,084 - root - INFO - train average_precision, 0.9671
2025-10-02 03:24:59,085 - root - INFO - train roc_auc, 0.9669
2025-10-02 03:24:59,085 - root - INFO - validate loss: 0.2722
2025-10-02 03:24:59,085 - root - INFO - validate average_precision, 0.9615
2025-10-02 03:24:59,085 - root - INFO - validate roc_auc, 0.9578
2025-10-02 03:24:59,085 - root - INFO - new node validate loss: 0.3594
2025-10-02 03:24:59,085 - root - INFO - new node validate average_precision, 0.9306
2025-10-02 03:24:59,085 - root - INFO - new node validate roc_auc, 0.9210
2025-10-02 03:25:03,735 - root - INFO - test loss: 0.2818
2025-10-02 03:25:03,735 - root - INFO - test average_precision, 0.9581
2025-10-02 03:25:03,735 - root - INFO - best test average_precision: 0.9620
2025-10-02 03:25:03,735 - root - INFO - test roc_auc, 0.9559
2025-10-02 03:25:03,735 - root - INFO - new node test loss: 0.3341
2025-10-02 03:25:03,735 - root - INFO - new node test average_precision, 0.9412
2025-10-02 03:25:03,735 - root - INFO - new node test roc_auc, 0.9354
2025-10-02 03:25:21,939 - root - INFO - Epoch: 42, learning rate: 0.0001, train loss: 0.2237
2025-10-02 03:25:21,939 - root - INFO - train average_precision, 0.9669
2025-10-02 03:25:21,939 - root - INFO - train roc_auc, 0.9667
2025-10-02 03:25:21,940 - root - INFO - validate loss: 0.2631
2025-10-02 03:25:21,940 - root - INFO - validate average_precision, 0.9638
2025-10-02 03:25:21,940 - root - INFO - validate roc_auc, 0.9600
2025-10-02 03:25:21,940 - root - INFO - new node validate loss: 0.3524
2025-10-02 03:25:21,940 - root - INFO - new node validate average_precision, 0.9323
2025-10-02 03:25:21,940 - root - INFO - new node validate roc_auc, 0.9228
2025-10-02 03:25:26,580 - root - INFO - test loss: 0.2743
2025-10-02 03:25:26,580 - root - INFO - test average_precision, 0.9610
2025-10-02 03:25:26,580 - root - INFO - best test average_precision: 0.9620
2025-10-02 03:25:26,580 - root - INFO - test roc_auc, 0.9577
2025-10-02 03:25:26,580 - root - INFO - new node test loss: 0.3336
2025-10-02 03:25:26,580 - root - INFO - new node test average_precision, 0.9410
2025-10-02 03:25:26,580 - root - INFO - new node test roc_auc, 0.9349
2025-10-02 03:25:44,911 - root - INFO - Epoch: 43, learning rate: 0.0001, train loss: 0.2207
2025-10-02 03:25:44,911 - root - INFO - train average_precision, 0.9672
2025-10-02 03:25:44,911 - root - INFO - train roc_auc, 0.9673
2025-10-02 03:25:44,911 - root - INFO - validate loss: 0.2656
2025-10-02 03:25:44,911 - root - INFO - validate average_precision, 0.9636
2025-10-02 03:25:44,911 - root - INFO - validate roc_auc, 0.9596
2025-10-02 03:25:44,912 - root - INFO - new node validate loss: 0.3531
2025-10-02 03:25:44,912 - root - INFO - new node validate average_precision, 0.9320
2025-10-02 03:25:44,912 - root - INFO - new node validate roc_auc, 0.9227
2025-10-02 03:25:49,610 - root - INFO - test loss: 0.2788
2025-10-02 03:25:49,610 - root - INFO - test average_precision, 0.9609
2025-10-02 03:25:49,610 - root - INFO - best test average_precision: 0.9620
2025-10-02 03:25:49,610 - root - INFO - test roc_auc, 0.9572
2025-10-02 03:25:49,610 - root - INFO - new node test loss: 0.3322
2025-10-02 03:25:49,610 - root - INFO - new node test average_precision, 0.9425
2025-10-02 03:25:49,611 - root - INFO - new node test roc_auc, 0.9357
2025-10-02 03:26:07,989 - root - INFO - Epoch: 44, learning rate: 0.0001, train loss: 0.2188
2025-10-02 03:26:07,989 - root - INFO - train average_precision, 0.9678
2025-10-02 03:26:07,989 - root - INFO - train roc_auc, 0.9677
2025-10-02 03:26:07,989 - root - INFO - validate loss: 0.2652
2025-10-02 03:26:07,990 - root - INFO - validate average_precision, 0.9642
2025-10-02 03:26:07,990 - root - INFO - validate roc_auc, 0.9604
2025-10-02 03:26:07,990 - root - INFO - new node validate loss: 0.3604
2025-10-02 03:26:07,990 - root - INFO - new node validate average_precision, 0.9314
2025-10-02 03:26:07,990 - root - INFO - new node validate roc_auc, 0.9220
2025-10-02 03:26:12,703 - root - INFO - test loss: 0.2703
2025-10-02 03:26:12,703 - root - INFO - test average_precision, 0.9627
2025-10-02 03:26:12,704 - root - INFO - best test average_precision: 0.9627
2025-10-02 03:26:12,704 - root - INFO - test roc_auc, 0.9600
2025-10-02 03:26:12,704 - root - INFO - new node test loss: 0.3405
2025-10-02 03:26:12,704 - root - INFO - new node test average_precision, 0.9420
2025-10-02 03:26:12,704 - root - INFO - new node test roc_auc, 0.9345
2025-10-02 03:26:31,095 - root - INFO - Epoch: 45, learning rate: 0.0001, train loss: 0.2165
2025-10-02 03:26:31,096 - root - INFO - train average_precision, 0.9685
2025-10-02 03:26:31,096 - root - INFO - train roc_auc, 0.9685
2025-10-02 03:26:31,096 - root - INFO - validate loss: 0.2644
2025-10-02 03:26:31,096 - root - INFO - validate average_precision, 0.9636
2025-10-02 03:26:31,096 - root - INFO - validate roc_auc, 0.9597
2025-10-02 03:26:31,096 - root - INFO - new node validate loss: 0.3542
2025-10-02 03:26:31,096 - root - INFO - new node validate average_precision, 0.9326
2025-10-02 03:26:31,096 - root - INFO - new node validate roc_auc, 0.9232
2025-10-02 03:26:35,778 - root - INFO - test loss: 0.2771
2025-10-02 03:26:35,778 - root - INFO - test average_precision, 0.9599
2025-10-02 03:26:35,778 - root - INFO - best test average_precision: 0.9627
2025-10-02 03:26:35,778 - root - INFO - test roc_auc, 0.9573
2025-10-02 03:26:35,778 - root - INFO - new node test loss: 0.3336
2025-10-02 03:26:35,778 - root - INFO - new node test average_precision, 0.9412
2025-10-02 03:26:35,778 - root - INFO - new node test roc_auc, 0.9354
2025-10-02 03:26:54,341 - root - INFO - Epoch: 46, learning rate: 0.0001, train loss: 0.2197
2025-10-02 03:26:54,341 - root - INFO - train average_precision, 0.9674
2025-10-02 03:26:54,342 - root - INFO - train roc_auc, 0.9675
2025-10-02 03:26:54,342 - root - INFO - validate loss: 0.2634
2025-10-02 03:26:54,342 - root - INFO - validate average_precision, 0.9638
2025-10-02 03:26:54,342 - root - INFO - validate roc_auc, 0.9603
2025-10-02 03:26:54,342 - root - INFO - new node validate loss: 0.3553
2025-10-02 03:26:54,342 - root - INFO - new node validate average_precision, 0.9302
2025-10-02 03:26:54,342 - root - INFO - new node validate roc_auc, 0.9205
2025-10-02 03:26:59,021 - root - INFO - test loss: 0.2752
2025-10-02 03:26:59,021 - root - INFO - test average_precision, 0.9614
2025-10-02 03:26:59,021 - root - INFO - best test average_precision: 0.9627
2025-10-02 03:26:59,021 - root - INFO - test roc_auc, 0.9581
2025-10-02 03:26:59,021 - root - INFO - new node test loss: 0.3379
2025-10-02 03:26:59,021 - root - INFO - new node test average_precision, 0.9408
2025-10-02 03:26:59,021 - root - INFO - new node test roc_auc, 0.9338
2025-10-02 03:27:17,226 - root - INFO - Epoch: 47, learning rate: 0.0001, train loss: 0.2158
2025-10-02 03:27:17,226 - root - INFO - train average_precision, 0.9687
2025-10-02 03:27:17,226 - root - INFO - train roc_auc, 0.9686
2025-10-02 03:27:17,226 - root - INFO - validate loss: 0.2604
2025-10-02 03:27:17,226 - root - INFO - validate average_precision, 0.9647
2025-10-02 03:27:17,227 - root - INFO - validate roc_auc, 0.9612
2025-10-02 03:27:17,227 - root - INFO - new node validate loss: 0.3528
2025-10-02 03:27:17,227 - root - INFO - new node validate average_precision, 0.9310
2025-10-02 03:27:17,227 - root - INFO - new node validate roc_auc, 0.9222
2025-10-02 03:27:21,882 - root - INFO - test loss: 0.2681
2025-10-02 03:27:21,882 - root - INFO - test average_precision, 0.9629
2025-10-02 03:27:21,882 - root - INFO - best test average_precision: 0.9629
2025-10-02 03:27:21,882 - root - INFO - test roc_auc, 0.9599
2025-10-02 03:27:21,882 - root - INFO - new node test loss: 0.3279
2025-10-02 03:27:21,882 - root - INFO - new node test average_precision, 0.9431
2025-10-02 03:27:21,882 - root - INFO - new node test roc_auc, 0.9372
2025-10-02 03:27:21,882 - root - INFO - save model ./saved_models/JODIE/wikipedia/JODIE_original_seed2/JODIE_original_seed2.pkl
2025-10-02 03:27:41,529 - root - INFO - Epoch: 48, learning rate: 0.0001, train loss: 0.2175
2025-10-02 03:27:41,529 - root - INFO - train average_precision, 0.9680
2025-10-02 03:27:41,529 - root - INFO - train roc_auc, 0.9681
2025-10-02 03:27:41,529 - root - INFO - validate loss: 0.2664
2025-10-02 03:27:41,529 - root - INFO - validate average_precision, 0.9646
2025-10-02 03:27:41,529 - root - INFO - validate roc_auc, 0.9604
2025-10-02 03:27:41,529 - root - INFO - new node validate loss: 0.3596
2025-10-02 03:27:41,529 - root - INFO - new node validate average_precision, 0.9328
2025-10-02 03:27:41,530 - root - INFO - new node validate roc_auc, 0.9234
2025-10-02 03:27:46,243 - root - INFO - test loss: 0.2791
2025-10-02 03:27:46,243 - root - INFO - test average_precision, 0.9609
2025-10-02 03:27:46,243 - root - INFO - best test average_precision: 0.9629
2025-10-02 03:27:46,243 - root - INFO - test roc_auc, 0.9581
2025-10-02 03:27:46,243 - root - INFO - new node test loss: 0.3356
2025-10-02 03:27:46,243 - root - INFO - new node test average_precision, 0.9421
2025-10-02 03:27:46,244 - root - INFO - new node test roc_auc, 0.9362
2025-10-02 03:28:04,842 - root - INFO - Epoch: 49, learning rate: 0.0001, train loss: 0.2141
2025-10-02 03:28:04,842 - root - INFO - train average_precision, 0.9691
2025-10-02 03:28:04,842 - root - INFO - train roc_auc, 0.9691
2025-10-02 03:28:04,842 - root - INFO - validate loss: 0.2611
2025-10-02 03:28:04,842 - root - INFO - validate average_precision, 0.9647
2025-10-02 03:28:04,842 - root - INFO - validate roc_auc, 0.9611
2025-10-02 03:28:04,842 - root - INFO - new node validate loss: 0.3545
2025-10-02 03:28:04,842 - root - INFO - new node validate average_precision, 0.9322
2025-10-02 03:28:04,842 - root - INFO - new node validate roc_auc, 0.9227
2025-10-02 03:28:09,495 - root - INFO - test loss: 0.2722
2025-10-02 03:28:09,495 - root - INFO - test average_precision, 0.9624
2025-10-02 03:28:09,495 - root - INFO - best test average_precision: 0.9629
2025-10-02 03:28:09,495 - root - INFO - test roc_auc, 0.9594
2025-10-02 03:28:09,496 - root - INFO - new node test loss: 0.3263
2025-10-02 03:28:09,496 - root - INFO - new node test average_precision, 0.9447
2025-10-02 03:28:09,496 - root - INFO - new node test roc_auc, 0.9381
2025-10-02 03:28:27,753 - root - INFO - Epoch: 50, learning rate: 0.0001, train loss: 0.2121
2025-10-02 03:28:27,753 - root - INFO - train average_precision, 0.9695
2025-10-02 03:28:27,753 - root - INFO - train roc_auc, 0.9696
2025-10-02 03:28:27,753 - root - INFO - validate loss: 0.2630
2025-10-02 03:28:27,753 - root - INFO - validate average_precision, 0.9650
2025-10-02 03:28:27,753 - root - INFO - validate roc_auc, 0.9611
2025-10-02 03:28:27,753 - root - INFO - new node validate loss: 0.3562
2025-10-02 03:28:27,753 - root - INFO - new node validate average_precision, 0.9332
2025-10-02 03:28:27,753 - root - INFO - new node validate roc_auc, 0.9242
2025-10-02 03:28:32,429 - root - INFO - test loss: 0.2669
2025-10-02 03:28:32,429 - root - INFO - test average_precision, 0.9635
2025-10-02 03:28:32,429 - root - INFO - best test average_precision: 0.9635
2025-10-02 03:28:32,429 - root - INFO - test roc_auc, 0.9610
2025-10-02 03:28:32,429 - root - INFO - new node test loss: 0.3267
2025-10-02 03:28:32,429 - root - INFO - new node test average_precision, 0.9455
2025-10-02 03:28:32,429 - root - INFO - new node test roc_auc, 0.9392
2025-10-02 03:28:50,672 - root - INFO - Epoch: 51, learning rate: 0.0001, train loss: 0.2078
2025-10-02 03:28:50,672 - root - INFO - train average_precision, 0.9707
2025-10-02 03:28:50,672 - root - INFO - train roc_auc, 0.9706
2025-10-02 03:28:50,672 - root - INFO - validate loss: 0.2717
2025-10-02 03:28:50,672 - root - INFO - validate average_precision, 0.9630
2025-10-02 03:28:50,672 - root - INFO - validate roc_auc, 0.9591
2025-10-02 03:28:50,672 - root - INFO - new node validate loss: 0.3602
2025-10-02 03:28:50,673 - root - INFO - new node validate average_precision, 0.9318
2025-10-02 03:28:50,673 - root - INFO - new node validate roc_auc, 0.9227
2025-10-02 03:28:55,341 - root - INFO - test loss: 0.2860
2025-10-02 03:28:55,341 - root - INFO - test average_precision, 0.9594
2025-10-02 03:28:55,341 - root - INFO - best test average_precision: 0.9635
2025-10-02 03:28:55,341 - root - INFO - test roc_auc, 0.9567
2025-10-02 03:28:55,341 - root - INFO - new node test loss: 0.3399
2025-10-02 03:28:55,341 - root - INFO - new node test average_precision, 0.9427
2025-10-02 03:28:55,341 - root - INFO - new node test roc_auc, 0.9355
2025-10-02 03:29:13,584 - root - INFO - Epoch: 52, learning rate: 0.0001, train loss: 0.2090
2025-10-02 03:29:13,584 - root - INFO - train average_precision, 0.9702
2025-10-02 03:29:13,584 - root - INFO - train roc_auc, 0.9704
2025-10-02 03:29:13,584 - root - INFO - validate loss: 0.2634
2025-10-02 03:29:13,584 - root - INFO - validate average_precision, 0.9644
2025-10-02 03:29:13,584 - root - INFO - validate roc_auc, 0.9609
2025-10-02 03:29:13,585 - root - INFO - new node validate loss: 0.3527
2025-10-02 03:29:13,585 - root - INFO - new node validate average_precision, 0.9332
2025-10-02 03:29:13,585 - root - INFO - new node validate roc_auc, 0.9250
2025-10-02 03:29:18,249 - root - INFO - test loss: 0.2763
2025-10-02 03:29:18,249 - root - INFO - test average_precision, 0.9614
2025-10-02 03:29:18,249 - root - INFO - best test average_precision: 0.9635
2025-10-02 03:29:18,249 - root - INFO - test roc_auc, 0.9587
2025-10-02 03:29:18,249 - root - INFO - new node test loss: 0.3271
2025-10-02 03:29:18,249 - root - INFO - new node test average_precision, 0.9450
2025-10-02 03:29:18,249 - root - INFO - new node test roc_auc, 0.9386
2025-10-02 03:29:36,782 - root - INFO - Epoch: 53, learning rate: 0.0001, train loss: 0.2084
2025-10-02 03:29:36,782 - root - INFO - train average_precision, 0.9703
2025-10-02 03:29:36,782 - root - INFO - train roc_auc, 0.9706
2025-10-02 03:29:36,782 - root - INFO - validate loss: 0.2601
2025-10-02 03:29:36,782 - root - INFO - validate average_precision, 0.9650
2025-10-02 03:29:36,782 - root - INFO - validate roc_auc, 0.9614
2025-10-02 03:29:36,782 - root - INFO - new node validate loss: 0.3527
2025-10-02 03:29:36,782 - root - INFO - new node validate average_precision, 0.9328
2025-10-02 03:29:36,782 - root - INFO - new node validate roc_auc, 0.9243
2025-10-02 03:29:41,430 - root - INFO - test loss: 0.2660
2025-10-02 03:29:41,430 - root - INFO - test average_precision, 0.9620
2025-10-02 03:29:41,430 - root - INFO - best test average_precision: 0.9635
2025-10-02 03:29:41,430 - root - INFO - test roc_auc, 0.9602
2025-10-02 03:29:41,430 - root - INFO - new node test loss: 0.3194
2025-10-02 03:29:41,430 - root - INFO - new node test average_precision, 0.9459
2025-10-02 03:29:41,431 - root - INFO - new node test roc_auc, 0.9403
2025-10-02 03:29:41,431 - root - INFO - save model ./saved_models/JODIE/wikipedia/JODIE_original_seed2/JODIE_original_seed2.pkl
2025-10-02 03:30:01,013 - root - INFO - Epoch: 54, learning rate: 0.0001, train loss: 0.2094
2025-10-02 03:30:01,013 - root - INFO - train average_precision, 0.9701
2025-10-02 03:30:01,013 - root - INFO - train roc_auc, 0.9702
2025-10-02 03:30:01,013 - root - INFO - validate loss: 0.2618
2025-10-02 03:30:01,013 - root - INFO - validate average_precision, 0.9653
2025-10-02 03:30:01,013 - root - INFO - validate roc_auc, 0.9616
2025-10-02 03:30:01,013 - root - INFO - new node validate loss: 0.3517
2025-10-02 03:30:01,013 - root - INFO - new node validate average_precision, 0.9335
2025-10-02 03:30:01,013 - root - INFO - new node validate roc_auc, 0.9250
2025-10-02 03:30:05,634 - root - INFO - test loss: 0.2785
2025-10-02 03:30:05,634 - root - INFO - test average_precision, 0.9621
2025-10-02 03:30:05,634 - root - INFO - best test average_precision: 0.9635
2025-10-02 03:30:05,634 - root - INFO - test roc_auc, 0.9588
2025-10-02 03:30:05,634 - root - INFO - new node test loss: 0.3313
2025-10-02 03:30:05,634 - root - INFO - new node test average_precision, 0.9439
2025-10-02 03:30:05,634 - root - INFO - new node test roc_auc, 0.9383
2025-10-02 03:30:05,634 - root - INFO - save model ./saved_models/JODIE/wikipedia/JODIE_original_seed2/JODIE_original_seed2.pkl
2025-10-02 03:30:25,013 - root - INFO - Epoch: 55, learning rate: 0.0001, train loss: 0.2055
2025-10-02 03:30:25,013 - root - INFO - train average_precision, 0.9709
2025-10-02 03:30:25,013 - root - INFO - train roc_auc, 0.9711
2025-10-02 03:30:25,013 - root - INFO - validate loss: 0.2593
2025-10-02 03:30:25,013 - root - INFO - validate average_precision, 0.9660
2025-10-02 03:30:25,013 - root - INFO - validate roc_auc, 0.9623
2025-10-02 03:30:25,013 - root - INFO - new node validate loss: 0.3558
2025-10-02 03:30:25,013 - root - INFO - new node validate average_precision, 0.9325
2025-10-02 03:30:25,013 - root - INFO - new node validate roc_auc, 0.9236
2025-10-02 03:30:29,632 - root - INFO - test loss: 0.2653
2025-10-02 03:30:29,632 - root - INFO - test average_precision, 0.9651
2025-10-02 03:30:29,632 - root - INFO - best test average_precision: 0.9651
2025-10-02 03:30:29,632 - root - INFO - test roc_auc, 0.9616
2025-10-02 03:30:29,632 - root - INFO - new node test loss: 0.3225
2025-10-02 03:30:29,632 - root - INFO - new node test average_precision, 0.9458
2025-10-02 03:30:29,632 - root - INFO - new node test roc_auc, 0.9402
2025-10-02 03:30:29,632 - root - INFO - save model ./saved_models/JODIE/wikipedia/JODIE_original_seed2/JODIE_original_seed2.pkl
2025-10-02 03:30:49,189 - root - INFO - Epoch: 56, learning rate: 0.0001, train loss: 0.2045
2025-10-02 03:30:49,190 - root - INFO - train average_precision, 0.9713
2025-10-02 03:30:49,190 - root - INFO - train roc_auc, 0.9715
2025-10-02 03:30:49,190 - root - INFO - validate loss: 0.2609
2025-10-02 03:30:49,190 - root - INFO - validate average_precision, 0.9658
2025-10-02 03:30:49,190 - root - INFO - validate roc_auc, 0.9621
2025-10-02 03:30:49,190 - root - INFO - new node validate loss: 0.3607
2025-10-02 03:30:49,190 - root - INFO - new node validate average_precision, 0.9319
2025-10-02 03:30:49,190 - root - INFO - new node validate roc_auc, 0.9227
2025-10-02 03:30:53,814 - root - INFO - test loss: 0.2755
2025-10-02 03:30:53,814 - root - INFO - test average_precision, 0.9614
2025-10-02 03:30:53,814 - root - INFO - best test average_precision: 0.9651
2025-10-02 03:30:53,814 - root - INFO - test roc_auc, 0.9591
2025-10-02 03:30:53,814 - root - INFO - new node test loss: 0.3353
2025-10-02 03:30:53,814 - root - INFO - new node test average_precision, 0.9417
2025-10-02 03:30:53,814 - root - INFO - new node test roc_auc, 0.9360
2025-10-02 03:31:12,287 - root - INFO - Epoch: 57, learning rate: 0.0001, train loss: 0.2010
2025-10-02 03:31:12,287 - root - INFO - train average_precision, 0.9719
2025-10-02 03:31:12,288 - root - INFO - train roc_auc, 0.9723
2025-10-02 03:31:12,288 - root - INFO - validate loss: 0.2602
2025-10-02 03:31:12,288 - root - INFO - validate average_precision, 0.9660
2025-10-02 03:31:12,288 - root - INFO - validate roc_auc, 0.9626
2025-10-02 03:31:12,288 - root - INFO - new node validate loss: 0.3595
2025-10-02 03:31:12,288 - root - INFO - new node validate average_precision, 0.9320
2025-10-02 03:31:12,288 - root - INFO - new node validate roc_auc, 0.9234
2025-10-02 03:31:16,966 - root - INFO - test loss: 0.2669
2025-10-02 03:31:16,966 - root - INFO - test average_precision, 0.9645
2025-10-02 03:31:16,966 - root - INFO - best test average_precision: 0.9651
2025-10-02 03:31:16,966 - root - INFO - test roc_auc, 0.9617
2025-10-02 03:31:16,966 - root - INFO - new node test loss: 0.3255
2025-10-02 03:31:16,966 - root - INFO - new node test average_precision, 0.9454
2025-10-02 03:31:16,966 - root - INFO - new node test roc_auc, 0.9402
2025-10-02 03:31:35,403 - root - INFO - Epoch: 58, learning rate: 0.0001, train loss: 0.2007
2025-10-02 03:31:35,403 - root - INFO - train average_precision, 0.9719
2025-10-02 03:31:35,403 - root - INFO - train roc_auc, 0.9722
2025-10-02 03:31:35,403 - root - INFO - validate loss: 0.2612
2025-10-02 03:31:35,403 - root - INFO - validate average_precision, 0.9664
2025-10-02 03:31:35,403 - root - INFO - validate roc_auc, 0.9629
2025-10-02 03:31:35,403 - root - INFO - new node validate loss: 0.3646
2025-10-02 03:31:35,403 - root - INFO - new node validate average_precision, 0.9308
2025-10-02 03:31:35,403 - root - INFO - new node validate roc_auc, 0.9219
2025-10-02 03:31:40,086 - root - INFO - test loss: 0.2759
2025-10-02 03:31:40,086 - root - INFO - test average_precision, 0.9633
2025-10-02 03:31:40,086 - root - INFO - best test average_precision: 0.9651
2025-10-02 03:31:40,086 - root - INFO - test roc_auc, 0.9604
2025-10-02 03:31:40,086 - root - INFO - new node test loss: 0.3219
2025-10-02 03:31:40,086 - root - INFO - new node test average_precision, 0.9472
2025-10-02 03:31:40,087 - root - INFO - new node test roc_auc, 0.9416
2025-10-02 03:31:40,087 - root - INFO - save model ./saved_models/JODIE/wikipedia/JODIE_original_seed2/JODIE_original_seed2.pkl
2025-10-02 03:31:59,702 - root - INFO - Epoch: 59, learning rate: 0.0001, train loss: 0.2009
2025-10-02 03:31:59,702 - root - INFO - train average_precision, 0.9718
2025-10-02 03:31:59,702 - root - INFO - train roc_auc, 0.9723
2025-10-02 03:31:59,702 - root - INFO - validate loss: 0.2629
2025-10-02 03:31:59,702 - root - INFO - validate average_precision, 0.9661
2025-10-02 03:31:59,702 - root - INFO - validate roc_auc, 0.9624
2025-10-02 03:31:59,702 - root - INFO - new node validate loss: 0.3688
2025-10-02 03:31:59,702 - root - INFO - new node validate average_precision, 0.9316
2025-10-02 03:31:59,702 - root - INFO - new node validate roc_auc, 0.9223
2025-10-02 03:32:04,352 - root - INFO - test loss: 0.2733
2025-10-02 03:32:04,352 - root - INFO - test average_precision, 0.9637
2025-10-02 03:32:04,352 - root - INFO - best test average_precision: 0.9651
2025-10-02 03:32:04,352 - root - INFO - test roc_auc, 0.9608
2025-10-02 03:32:04,352 - root - INFO - new node test loss: 0.3311
2025-10-02 03:32:04,352 - root - INFO - new node test average_precision, 0.9457
2025-10-02 03:32:04,353 - root - INFO - new node test roc_auc, 0.9392
2025-10-02 03:32:22,943 - root - INFO - Epoch: 60, learning rate: 0.0001, train loss: 0.1999
2025-10-02 03:32:22,943 - root - INFO - train average_precision, 0.9719
2025-10-02 03:32:22,943 - root - INFO - train roc_auc, 0.9724
2025-10-02 03:32:22,944 - root - INFO - validate loss: 0.2586
2025-10-02 03:32:22,944 - root - INFO - validate average_precision, 0.9670
2025-10-02 03:32:22,944 - root - INFO - validate roc_auc, 0.9636
2025-10-02 03:32:22,944 - root - INFO - new node validate loss: 0.3609
2025-10-02 03:32:22,944 - root - INFO - new node validate average_precision, 0.9337
2025-10-02 03:32:22,944 - root - INFO - new node validate roc_auc, 0.9249
2025-10-02 03:32:27,610 - root - INFO - test loss: 0.2705
2025-10-02 03:32:27,610 - root - INFO - test average_precision, 0.9638
2025-10-02 03:32:27,611 - root - INFO - best test average_precision: 0.9651
2025-10-02 03:32:27,611 - root - INFO - test roc_auc, 0.9619
2025-10-02 03:32:27,611 - root - INFO - new node test loss: 0.3243
2025-10-02 03:32:27,611 - root - INFO - new node test average_precision, 0.9472
2025-10-02 03:32:27,611 - root - INFO - new node test roc_auc, 0.9416
2025-10-02 03:32:27,611 - root - INFO - save model ./saved_models/JODIE/wikipedia/JODIE_original_seed2/JODIE_original_seed2.pkl
2025-10-02 03:32:47,334 - root - INFO - Epoch: 61, learning rate: 0.0001, train loss: 0.1987
2025-10-02 03:32:47,334 - root - INFO - train average_precision, 0.9724
2025-10-02 03:32:47,334 - root - INFO - train roc_auc, 0.9728
2025-10-02 03:32:47,334 - root - INFO - validate loss: 0.2623
2025-10-02 03:32:47,334 - root - INFO - validate average_precision, 0.9659
2025-10-02 03:32:47,334 - root - INFO - validate roc_auc, 0.9626
2025-10-02 03:32:47,334 - root - INFO - new node validate loss: 0.3556
2025-10-02 03:32:47,335 - root - INFO - new node validate average_precision, 0.9331
2025-10-02 03:32:47,335 - root - INFO - new node validate roc_auc, 0.9252
2025-10-02 03:32:52,008 - root - INFO - test loss: 0.2716
2025-10-02 03:32:52,008 - root - INFO - test average_precision, 0.9624
2025-10-02 03:32:52,008 - root - INFO - best test average_precision: 0.9651
2025-10-02 03:32:52,008 - root - INFO - test roc_auc, 0.9614
2025-10-02 03:32:52,008 - root - INFO - new node test loss: 0.3222
2025-10-02 03:32:52,008 - root - INFO - new node test average_precision, 0.9466
2025-10-02 03:32:52,009 - root - INFO - new node test roc_auc, 0.9420
2025-10-02 03:33:10,306 - root - INFO - Epoch: 62, learning rate: 0.0001, train loss: 0.1951
2025-10-02 03:33:10,307 - root - INFO - train average_precision, 0.9730
2025-10-02 03:33:10,307 - root - INFO - train roc_auc, 0.9736
2025-10-02 03:33:10,307 - root - INFO - validate loss: 0.2601
2025-10-02 03:33:10,307 - root - INFO - validate average_precision, 0.9663
2025-10-02 03:33:10,307 - root - INFO - validate roc_auc, 0.9630
2025-10-02 03:33:10,307 - root - INFO - new node validate loss: 0.3568
2025-10-02 03:33:10,307 - root - INFO - new node validate average_precision, 0.9330
2025-10-02 03:33:10,307 - root - INFO - new node validate roc_auc, 0.9243
2025-10-02 03:33:14,957 - root - INFO - test loss: 0.2741
2025-10-02 03:33:14,957 - root - INFO - test average_precision, 0.9633
2025-10-02 03:33:14,957 - root - INFO - best test average_precision: 0.9651
2025-10-02 03:33:14,957 - root - INFO - test roc_auc, 0.9605
2025-10-02 03:33:14,957 - root - INFO - new node test loss: 0.3243
2025-10-02 03:33:14,957 - root - INFO - new node test average_precision, 0.9468
2025-10-02 03:33:14,957 - root - INFO - new node test roc_auc, 0.9411
2025-10-02 03:33:33,165 - root - INFO - Epoch: 63, learning rate: 0.0001, train loss: 0.1943
2025-10-02 03:33:33,165 - root - INFO - train average_precision, 0.9733
2025-10-02 03:33:33,165 - root - INFO - train roc_auc, 0.9737
2025-10-02 03:33:33,165 - root - INFO - validate loss: 0.2630
2025-10-02 03:33:33,165 - root - INFO - validate average_precision, 0.9671
2025-10-02 03:33:33,165 - root - INFO - validate roc_auc, 0.9638
2025-10-02 03:33:33,165 - root - INFO - new node validate loss: 0.3633
2025-10-02 03:33:33,165 - root - INFO - new node validate average_precision, 0.9334
2025-10-02 03:33:33,165 - root - INFO - new node validate roc_auc, 0.9250
2025-10-02 03:33:37,805 - root - INFO - test loss: 0.2705
2025-10-02 03:33:37,806 - root - INFO - test average_precision, 0.9646
2025-10-02 03:33:37,806 - root - INFO - best test average_precision: 0.9651
2025-10-02 03:33:37,806 - root - INFO - test roc_auc, 0.9626
2025-10-02 03:33:37,806 - root - INFO - new node test loss: 0.3263
2025-10-02 03:33:37,806 - root - INFO - new node test average_precision, 0.9467
2025-10-02 03:33:37,806 - root - INFO - new node test roc_auc, 0.9412
2025-10-02 03:33:37,806 - root - INFO - save model ./saved_models/JODIE/wikipedia/JODIE_original_seed2/JODIE_original_seed2.pkl
2025-10-02 03:33:57,715 - root - INFO - Epoch: 64, learning rate: 0.0001, train loss: 0.1940
2025-10-02 03:33:57,715 - root - INFO - train average_precision, 0.9734
2025-10-02 03:33:57,715 - root - INFO - train roc_auc, 0.9739
2025-10-02 03:33:57,715 - root - INFO - validate loss: 0.2624
2025-10-02 03:33:57,715 - root - INFO - validate average_precision, 0.9666
2025-10-02 03:33:57,716 - root - INFO - validate roc_auc, 0.9630
2025-10-02 03:33:57,716 - root - INFO - new node validate loss: 0.3583
2025-10-02 03:33:57,716 - root - INFO - new node validate average_precision, 0.9329
2025-10-02 03:33:57,716 - root - INFO - new node validate roc_auc, 0.9248
2025-10-02 03:34:02,358 - root - INFO - test loss: 0.2780
2025-10-02 03:34:02,358 - root - INFO - test average_precision, 0.9619
2025-10-02 03:34:02,358 - root - INFO - best test average_precision: 0.9651
2025-10-02 03:34:02,358 - root - INFO - test roc_auc, 0.9603
2025-10-02 03:34:02,358 - root - INFO - new node test loss: 0.3311
2025-10-02 03:34:02,358 - root - INFO - new node test average_precision, 0.9451
2025-10-02 03:34:02,358 - root - INFO - new node test roc_auc, 0.9393
2025-10-02 03:34:20,883 - root - INFO - Epoch: 65, learning rate: 0.0001, train loss: 0.1950
2025-10-02 03:34:20,884 - root - INFO - train average_precision, 0.9731
2025-10-02 03:34:20,884 - root - INFO - train roc_auc, 0.9736
2025-10-02 03:34:20,884 - root - INFO - validate loss: 0.2662
2025-10-02 03:34:20,884 - root - INFO - validate average_precision, 0.9656
2025-10-02 03:34:20,884 - root - INFO - validate roc_auc, 0.9621
2025-10-02 03:34:20,884 - root - INFO - new node validate loss: 0.3539
2025-10-02 03:34:20,884 - root - INFO - new node validate average_precision, 0.9348
2025-10-02 03:34:20,884 - root - INFO - new node validate roc_auc, 0.9270
2025-10-02 03:34:25,521 - root - INFO - test loss: 0.2775
2025-10-02 03:34:25,521 - root - INFO - test average_precision, 0.9627
2025-10-02 03:34:25,521 - root - INFO - best test average_precision: 0.9651
2025-10-02 03:34:25,521 - root - INFO - test roc_auc, 0.9607
2025-10-02 03:34:25,521 - root - INFO - new node test loss: 0.3234
2025-10-02 03:34:25,521 - root - INFO - new node test average_precision, 0.9470
2025-10-02 03:34:25,521 - root - INFO - new node test roc_auc, 0.9417
2025-10-02 03:34:43,915 - root - INFO - Epoch: 66, learning rate: 0.0001, train loss: 0.1962
2025-10-02 03:34:43,915 - root - INFO - train average_precision, 0.9728
2025-10-02 03:34:43,915 - root - INFO - train roc_auc, 0.9734
2025-10-02 03:34:43,916 - root - INFO - validate loss: 0.2618
2025-10-02 03:34:43,916 - root - INFO - validate average_precision, 0.9658
2025-10-02 03:34:43,916 - root - INFO - validate roc_auc, 0.9623
2025-10-02 03:34:43,916 - root - INFO - new node validate loss: 0.3491
2025-10-02 03:34:43,916 - root - INFO - new node validate average_precision, 0.9353
2025-10-02 03:34:43,916 - root - INFO - new node validate roc_auc, 0.9268
2025-10-02 03:34:48,620 - root - INFO - test loss: 0.2814
2025-10-02 03:34:48,620 - root - INFO - test average_precision, 0.9609
2025-10-02 03:34:48,620 - root - INFO - best test average_precision: 0.9651
2025-10-02 03:34:48,621 - root - INFO - test roc_auc, 0.9591
2025-10-02 03:34:48,621 - root - INFO - new node test loss: 0.3335
2025-10-02 03:34:48,621 - root - INFO - new node test average_precision, 0.9445
2025-10-02 03:34:48,621 - root - INFO - new node test roc_auc, 0.9383
2025-10-02 03:35:06,898 - root - INFO - Epoch: 67, learning rate: 0.0001, train loss: 0.1917
2025-10-02 03:35:06,898 - root - INFO - train average_precision, 0.9737
2025-10-02 03:35:06,898 - root - INFO - train roc_auc, 0.9743
2025-10-02 03:35:06,898 - root - INFO - validate loss: 0.2617
2025-10-02 03:35:06,898 - root - INFO - validate average_precision, 0.9666
2025-10-02 03:35:06,898 - root - INFO - validate roc_auc, 0.9634
2025-10-02 03:35:06,898 - root - INFO - new node validate loss: 0.3571
2025-10-02 03:35:06,898 - root - INFO - new node validate average_precision, 0.9338
2025-10-02 03:35:06,898 - root - INFO - new node validate roc_auc, 0.9255
2025-10-02 03:35:11,561 - root - INFO - test loss: 0.2681
2025-10-02 03:35:11,562 - root - INFO - test average_precision, 0.9647
2025-10-02 03:35:11,562 - root - INFO - best test average_precision: 0.9651
2025-10-02 03:35:11,562 - root - INFO - test roc_auc, 0.9624
2025-10-02 03:35:11,562 - root - INFO - new node test loss: 0.3310
2025-10-02 03:35:11,562 - root - INFO - new node test average_precision, 0.9438
2025-10-02 03:35:11,562 - root - INFO - new node test roc_auc, 0.9406
2025-10-02 03:35:29,813 - root - INFO - Epoch: 68, learning rate: 0.0001, train loss: 0.1907
2025-10-02 03:35:29,813 - root - INFO - train average_precision, 0.9737
2025-10-02 03:35:29,813 - root - INFO - train roc_auc, 0.9746
2025-10-02 03:35:29,813 - root - INFO - validate loss: 0.2572
2025-10-02 03:35:29,813 - root - INFO - validate average_precision, 0.9674
2025-10-02 03:35:29,813 - root - INFO - validate roc_auc, 0.9642
2025-10-02 03:35:29,813 - root - INFO - new node validate loss: 0.3607
2025-10-02 03:35:29,813 - root - INFO - new node validate average_precision, 0.9333
2025-10-02 03:35:29,814 - root - INFO - new node validate roc_auc, 0.9244
2025-10-02 03:35:34,478 - root - INFO - test loss: 0.2658
2025-10-02 03:35:34,478 - root - INFO - test average_precision, 0.9657
2025-10-02 03:35:34,478 - root - INFO - best test average_precision: 0.9657
2025-10-02 03:35:34,479 - root - INFO - test roc_auc, 0.9630
2025-10-02 03:35:34,479 - root - INFO - new node test loss: 0.3191
2025-10-02 03:35:34,479 - root - INFO - new node test average_precision, 0.9481
2025-10-02 03:35:34,479 - root - INFO - new node test roc_auc, 0.9426
2025-10-02 03:35:34,479 - root - INFO - save model ./saved_models/JODIE/wikipedia/JODIE_original_seed2/JODIE_original_seed2.pkl
2025-10-02 03:35:53,957 - root - INFO - Epoch: 69, learning rate: 0.0001, train loss: 0.1905
2025-10-02 03:35:53,957 - root - INFO - train average_precision, 0.9741
2025-10-02 03:35:53,957 - root - INFO - train roc_auc, 0.9746
2025-10-02 03:35:53,957 - root - INFO - validate loss: 0.2629
2025-10-02 03:35:53,957 - root - INFO - validate average_precision, 0.9671
2025-10-02 03:35:53,958 - root - INFO - validate roc_auc, 0.9635
2025-10-02 03:35:53,958 - root - INFO - new node validate loss: 0.3584
2025-10-02 03:35:53,958 - root - INFO - new node validate average_precision, 0.9339
2025-10-02 03:35:53,958 - root - INFO - new node validate roc_auc, 0.9256
2025-10-02 03:35:58,604 - root - INFO - test loss: 0.2707
2025-10-02 03:35:58,604 - root - INFO - test average_precision, 0.9641
2025-10-02 03:35:58,604 - root - INFO - best test average_precision: 0.9657
2025-10-02 03:35:58,604 - root - INFO - test roc_auc, 0.9618
2025-10-02 03:35:58,604 - root - INFO - new node test loss: 0.3227
2025-10-02 03:35:58,604 - root - INFO - new node test average_precision, 0.9476
2025-10-02 03:35:58,604 - root - INFO - new node test roc_auc, 0.9422
2025-10-02 03:36:17,139 - root - INFO - Epoch: 70, learning rate: 0.0001, train loss: 0.1876
2025-10-02 03:36:17,139 - root - INFO - train average_precision, 0.9749
2025-10-02 03:36:17,139 - root - INFO - train roc_auc, 0.9754
2025-10-02 03:36:17,139 - root - INFO - validate loss: 0.2616
2025-10-02 03:36:17,139 - root - INFO - validate average_precision, 0.9669
2025-10-02 03:36:17,139 - root - INFO - validate roc_auc, 0.9637
2025-10-02 03:36:17,139 - root - INFO - new node validate loss: 0.3567
2025-10-02 03:36:17,139 - root - INFO - new node validate average_precision, 0.9346
2025-10-02 03:36:17,139 - root - INFO - new node validate roc_auc, 0.9263
2025-10-02 03:36:21,818 - root - INFO - test loss: 0.2718
2025-10-02 03:36:21,818 - root - INFO - test average_precision, 0.9643
2025-10-02 03:36:21,818 - root - INFO - best test average_precision: 0.9657
2025-10-02 03:36:21,818 - root - INFO - test roc_auc, 0.9622
2025-10-02 03:36:21,818 - root - INFO - new node test loss: 0.3339
2025-10-02 03:36:21,819 - root - INFO - new node test average_precision, 0.9445
2025-10-02 03:36:21,819 - root - INFO - new node test roc_auc, 0.9394
2025-10-02 03:36:40,098 - root - INFO - Epoch: 71, learning rate: 0.0001, train loss: 0.1898
2025-10-02 03:36:40,098 - root - INFO - train average_precision, 0.9740
2025-10-02 03:36:40,098 - root - INFO - train roc_auc, 0.9748
2025-10-02 03:36:40,098 - root - INFO - validate loss: 0.2682
2025-10-02 03:36:40,098 - root - INFO - validate average_precision, 0.9656
2025-10-02 03:36:40,098 - root - INFO - validate roc_auc, 0.9622
2025-10-02 03:36:40,098 - root - INFO - new node validate loss: 0.3608
2025-10-02 03:36:40,098 - root - INFO - new node validate average_precision, 0.9322
2025-10-02 03:36:40,098 - root - INFO - new node validate roc_auc, 0.9241
2025-10-02 03:36:44,765 - root - INFO - test loss: 0.2774
2025-10-02 03:36:44,765 - root - INFO - test average_precision, 0.9626
2025-10-02 03:36:44,766 - root - INFO - best test average_precision: 0.9657
2025-10-02 03:36:44,766 - root - INFO - test roc_auc, 0.9606
2025-10-02 03:36:44,766 - root - INFO - new node test loss: 0.3330
2025-10-02 03:36:44,766 - root - INFO - new node test average_precision, 0.9436
2025-10-02 03:36:44,766 - root - INFO - new node test roc_auc, 0.9385
2025-10-02 03:37:03,035 - root - INFO - Epoch: 72, learning rate: 0.0001, train loss: 0.1882
2025-10-02 03:37:03,036 - root - INFO - train average_precision, 0.9745
2025-10-02 03:37:03,036 - root - INFO - train roc_auc, 0.9752
2025-10-02 03:37:03,036 - root - INFO - validate loss: 0.2663
2025-10-02 03:37:03,036 - root - INFO - validate average_precision, 0.9664
2025-10-02 03:37:03,036 - root - INFO - validate roc_auc, 0.9628
2025-10-02 03:37:03,036 - root - INFO - new node validate loss: 0.3638
2025-10-02 03:37:03,036 - root - INFO - new node validate average_precision, 0.9329
2025-10-02 03:37:03,036 - root - INFO - new node validate roc_auc, 0.9245
2025-10-02 03:37:07,688 - root - INFO - test loss: 0.2734
2025-10-02 03:37:07,688 - root - INFO - test average_precision, 0.9640
2025-10-02 03:37:07,688 - root - INFO - best test average_precision: 0.9657
2025-10-02 03:37:07,688 - root - INFO - test roc_auc, 0.9614
2025-10-02 03:37:07,688 - root - INFO - new node test loss: 0.3334
2025-10-02 03:37:07,688 - root - INFO - new node test average_precision, 0.9430
2025-10-02 03:37:07,688 - root - INFO - new node test roc_auc, 0.9383
2025-10-02 03:37:26,533 - root - INFO - Epoch: 73, learning rate: 0.0001, train loss: 0.1860
2025-10-02 03:37:26,534 - root - INFO - train average_precision, 0.9749
2025-10-02 03:37:26,534 - root - INFO - train roc_auc, 0.9756
2025-10-02 03:37:26,534 - root - INFO - validate loss: 0.2605
2025-10-02 03:37:26,534 - root - INFO - validate average_precision, 0.9674
2025-10-02 03:37:26,534 - root - INFO - validate roc_auc, 0.9643
2025-10-02 03:37:26,534 - root - INFO - new node validate loss: 0.3588
2025-10-02 03:37:26,534 - root - INFO - new node validate average_precision, 0.9346
2025-10-02 03:37:26,534 - root - INFO - new node validate roc_auc, 0.9257
2025-10-02 03:37:31,178 - root - INFO - test loss: 0.2650
2025-10-02 03:37:31,178 - root - INFO - test average_precision, 0.9654
2025-10-02 03:37:31,178 - root - INFO - best test average_precision: 0.9657
2025-10-02 03:37:31,178 - root - INFO - test roc_auc, 0.9638
2025-10-02 03:37:31,178 - root - INFO - new node test loss: 0.3209
2025-10-02 03:37:31,179 - root - INFO - new node test average_precision, 0.9482
2025-10-02 03:37:31,179 - root - INFO - new node test roc_auc, 0.9431
2025-10-02 03:37:31,179 - root - INFO - save model ./saved_models/JODIE/wikipedia/JODIE_original_seed2/JODIE_original_seed2.pkl
2025-10-02 03:37:51,231 - root - INFO - Epoch: 74, learning rate: 0.0001, train loss: 0.1857
2025-10-02 03:37:51,231 - root - INFO - train average_precision, 0.9749
2025-10-02 03:37:51,231 - root - INFO - train roc_auc, 0.9757
2025-10-02 03:37:51,231 - root - INFO - validate loss: 0.2762
2025-10-02 03:37:51,232 - root - INFO - validate average_precision, 0.9659
2025-10-02 03:37:51,232 - root - INFO - validate roc_auc, 0.9624
2025-10-02 03:37:51,232 - root - INFO - new node validate loss: 0.3715
2025-10-02 03:37:51,232 - root - INFO - new node validate average_precision, 0.9341
2025-10-02 03:37:51,232 - root - INFO - new node validate roc_auc, 0.9254
2025-10-02 03:37:55,919 - root - INFO - test loss: 0.2909
2025-10-02 03:37:55,919 - root - INFO - test average_precision, 0.9602
2025-10-02 03:37:55,919 - root - INFO - best test average_precision: 0.9657
2025-10-02 03:37:55,919 - root - INFO - test roc_auc, 0.9588
2025-10-02 03:37:55,919 - root - INFO - new node test loss: 0.3460
2025-10-02 03:37:55,919 - root - INFO - new node test average_precision, 0.9429
2025-10-02 03:37:55,919 - root - INFO - new node test roc_auc, 0.9375
2025-10-02 03:38:14,295 - root - INFO - Epoch: 75, learning rate: 0.0001, train loss: 0.1893
2025-10-02 03:38:14,295 - root - INFO - train average_precision, 0.9743
2025-10-02 03:38:14,295 - root - INFO - train roc_auc, 0.9748
2025-10-02 03:38:14,295 - root - INFO - validate loss: 0.2765
2025-10-02 03:38:14,295 - root - INFO - validate average_precision, 0.9642
2025-10-02 03:38:14,295 - root - INFO - validate roc_auc, 0.9604
2025-10-02 03:38:14,295 - root - INFO - new node validate loss: 0.3595
2025-10-02 03:38:14,295 - root - INFO - new node validate average_precision, 0.9340
2025-10-02 03:38:14,295 - root - INFO - new node validate roc_auc, 0.9260
2025-10-02 03:38:18,923 - root - INFO - test loss: 0.2974
2025-10-02 03:38:18,923 - root - INFO - test average_precision, 0.9563
2025-10-02 03:38:18,923 - root - INFO - best test average_precision: 0.9657
2025-10-02 03:38:18,923 - root - INFO - test roc_auc, 0.9554
2025-10-02 03:38:18,923 - root - INFO - new node test loss: 0.3505
2025-10-02 03:38:18,923 - root - INFO - new node test average_precision, 0.9386
2025-10-02 03:38:18,923 - root - INFO - new node test roc_auc, 0.9347
2025-10-02 03:38:37,398 - root - INFO - Epoch: 76, learning rate: 0.0001, train loss: 0.1870
2025-10-02 03:38:37,398 - root - INFO - train average_precision, 0.9746
2025-10-02 03:38:37,398 - root - INFO - train roc_auc, 0.9753
2025-10-02 03:38:37,398 - root - INFO - validate loss: 0.2627
2025-10-02 03:38:37,398 - root - INFO - validate average_precision, 0.9668
2025-10-02 03:38:37,398 - root - INFO - validate roc_auc, 0.9632
2025-10-02 03:38:37,398 - root - INFO - new node validate loss: 0.3612
2025-10-02 03:38:37,399 - root - INFO - new node validate average_precision, 0.9328
2025-10-02 03:38:37,399 - root - INFO - new node validate roc_auc, 0.9238
2025-10-02 03:38:42,068 - root - INFO - test loss: 0.2814
2025-10-02 03:38:42,068 - root - INFO - test average_precision, 0.9596
2025-10-02 03:38:42,069 - root - INFO - best test average_precision: 0.9657
2025-10-02 03:38:42,069 - root - INFO - test roc_auc, 0.9590
2025-10-02 03:38:42,069 - root - INFO - new node test loss: 0.3439
2025-10-02 03:38:42,069 - root - INFO - new node test average_precision, 0.9389
2025-10-02 03:38:42,069 - root - INFO - new node test roc_auc, 0.9350
2025-10-02 03:39:00,420 - root - INFO - Epoch: 77, learning rate: 0.0001, train loss: 0.1847
2025-10-02 03:39:00,420 - root - INFO - train average_precision, 0.9753
2025-10-02 03:39:00,420 - root - INFO - train roc_auc, 0.9760
2025-10-02 03:39:00,420 - root - INFO - validate loss: 0.2715
2025-10-02 03:39:00,420 - root - INFO - validate average_precision, 0.9660
2025-10-02 03:39:00,421 - root - INFO - validate roc_auc, 0.9625
2025-10-02 03:39:00,421 - root - INFO - new node validate loss: 0.3556
2025-10-02 03:39:00,421 - root - INFO - new node validate average_precision, 0.9353
2025-10-02 03:39:00,421 - root - INFO - new node validate roc_auc, 0.9276
2025-10-02 03:39:05,112 - root - INFO - test loss: 0.2902
2025-10-02 03:39:05,112 - root - INFO - test average_precision, 0.9596
2025-10-02 03:39:05,112 - root - INFO - best test average_precision: 0.9657
2025-10-02 03:39:05,112 - root - INFO - test roc_auc, 0.9586
2025-10-02 03:39:05,112 - root - INFO - new node test loss: 0.3446
2025-10-02 03:39:05,112 - root - INFO - new node test average_precision, 0.9400
2025-10-02 03:39:05,112 - root - INFO - new node test roc_auc, 0.9381
2025-10-02 03:39:23,369 - root - INFO - Epoch: 78, learning rate: 0.0001, train loss: 0.1848
2025-10-02 03:39:23,369 - root - INFO - train average_precision, 0.9751
2025-10-02 03:39:23,369 - root - INFO - train roc_auc, 0.9759
2025-10-02 03:39:23,369 - root - INFO - validate loss: 0.2717
2025-10-02 03:39:23,369 - root - INFO - validate average_precision, 0.9661
2025-10-02 03:39:23,369 - root - INFO - validate roc_auc, 0.9628
2025-10-02 03:39:23,369 - root - INFO - new node validate loss: 0.3635
2025-10-02 03:39:23,369 - root - INFO - new node validate average_precision, 0.9342
2025-10-02 03:39:23,369 - root - INFO - new node validate roc_auc, 0.9258
2025-10-02 03:39:28,033 - root - INFO - test loss: 0.2932
2025-10-02 03:39:28,033 - root - INFO - test average_precision, 0.9593
2025-10-02 03:39:28,033 - root - INFO - best test average_precision: 0.9657
2025-10-02 03:39:28,033 - root - INFO - test roc_auc, 0.9577
2025-10-02 03:39:28,033 - root - INFO - new node test loss: 0.3502
2025-10-02 03:39:28,033 - root - INFO - new node test average_precision, 0.9386
2025-10-02 03:39:28,033 - root - INFO - new node test roc_auc, 0.9362
2025-10-02 03:39:46,813 - root - INFO - Epoch: 79, learning rate: 0.0001, train loss: 0.1862
2025-10-02 03:39:46,813 - root - INFO - train average_precision, 0.9747
2025-10-02 03:39:46,813 - root - INFO - train roc_auc, 0.9755
2025-10-02 03:39:46,813 - root - INFO - validate loss: 0.2704
2025-10-02 03:39:46,813 - root - INFO - validate average_precision, 0.9665
2025-10-02 03:39:46,813 - root - INFO - validate roc_auc, 0.9626
2025-10-02 03:39:46,813 - root - INFO - new node validate loss: 0.3675
2025-10-02 03:39:46,814 - root - INFO - new node validate average_precision, 0.9330
2025-10-02 03:39:46,814 - root - INFO - new node validate roc_auc, 0.9241
2025-10-02 03:39:51,456 - root - INFO - test loss: 0.2827
2025-10-02 03:39:51,456 - root - INFO - test average_precision, 0.9604
2025-10-02 03:39:51,456 - root - INFO - best test average_precision: 0.9657
2025-10-02 03:39:51,456 - root - INFO - test roc_auc, 0.9594
2025-10-02 03:39:51,456 - root - INFO - new node test loss: 0.3403
2025-10-02 03:39:51,457 - root - INFO - new node test average_precision, 0.9409
2025-10-02 03:39:51,457 - root - INFO - new node test roc_auc, 0.9379
2025-10-02 03:40:10,024 - root - INFO - Epoch: 80, learning rate: 0.0001, train loss: 0.1837
2025-10-02 03:40:10,025 - root - INFO - train average_precision, 0.9752
2025-10-02 03:40:10,025 - root - INFO - train roc_auc, 0.9761
2025-10-02 03:40:10,025 - root - INFO - validate loss: 0.2805
2025-10-02 03:40:10,025 - root - INFO - validate average_precision, 0.9655
2025-10-02 03:40:10,025 - root - INFO - validate roc_auc, 0.9617
2025-10-02 03:40:10,025 - root - INFO - new node validate loss: 0.3710
2025-10-02 03:40:10,025 - root - INFO - new node validate average_precision, 0.9329
2025-10-02 03:40:10,025 - root - INFO - new node validate roc_auc, 0.9248
2025-10-02 03:40:14,706 - root - INFO - test loss: 0.2957
2025-10-02 03:40:14,706 - root - INFO - test average_precision, 0.9598
2025-10-02 03:40:14,706 - root - INFO - best test average_precision: 0.9657
2025-10-02 03:40:14,706 - root - INFO - test roc_auc, 0.9576
2025-10-02 03:40:14,706 - root - INFO - new node test loss: 0.3528
2025-10-02 03:40:14,706 - root - INFO - new node test average_precision, 0.9414
2025-10-02 03:40:14,706 - root - INFO - new node test roc_auc, 0.9360
2025-10-02 03:40:33,633 - root - INFO - Epoch: 81, learning rate: 0.0001, train loss: 0.1851
2025-10-02 03:40:33,633 - root - INFO - train average_precision, 0.9750
2025-10-02 03:40:33,633 - root - INFO - train roc_auc, 0.9758
2025-10-02 03:40:33,633 - root - INFO - validate loss: 0.2712
2025-10-02 03:40:33,633 - root - INFO - validate average_precision, 0.9664
2025-10-02 03:40:33,634 - root - INFO - validate roc_auc, 0.9627
2025-10-02 03:40:33,634 - root - INFO - new node validate loss: 0.3666
2025-10-02 03:40:33,634 - root - INFO - new node validate average_precision, 0.9329
2025-10-02 03:40:33,634 - root - INFO - new node validate roc_auc, 0.9242
2025-10-02 03:40:38,333 - root - INFO - test loss: 0.2831
2025-10-02 03:40:38,333 - root - INFO - test average_precision, 0.9600
2025-10-02 03:40:38,333 - root - INFO - best test average_precision: 0.9657
2025-10-02 03:40:38,333 - root - INFO - test roc_auc, 0.9595
2025-10-02 03:40:38,333 - root - INFO - new node test loss: 0.3371
2025-10-02 03:40:38,333 - root - INFO - new node test average_precision, 0.9408
2025-10-02 03:40:38,333 - root - INFO - new node test roc_auc, 0.9378
2025-10-02 03:40:57,308 - root - INFO - Epoch: 82, learning rate: 0.0001, train loss: 0.1807
2025-10-02 03:40:57,308 - root - INFO - train average_precision, 0.9762
2025-10-02 03:40:57,308 - root - INFO - train roc_auc, 0.9770
2025-10-02 03:40:57,308 - root - INFO - validate loss: 0.2736
2025-10-02 03:40:57,308 - root - INFO - validate average_precision, 0.9664
2025-10-02 03:40:57,308 - root - INFO - validate roc_auc, 0.9628
2025-10-02 03:40:57,308 - root - INFO - new node validate loss: 0.3657
2025-10-02 03:40:57,309 - root - INFO - new node validate average_precision, 0.9357
2025-10-02 03:40:57,309 - root - INFO - new node validate roc_auc, 0.9269
2025-10-02 03:41:01,992 - root - INFO - test loss: 0.2882
2025-10-02 03:41:01,992 - root - INFO - test average_precision, 0.9607
2025-10-02 03:41:01,992 - root - INFO - best test average_precision: 0.9657
2025-10-02 03:41:01,993 - root - INFO - test roc_auc, 0.9591
2025-10-02 03:41:01,993 - root - INFO - new node test loss: 0.3358
2025-10-02 03:41:01,993 - root - INFO - new node test average_precision, 0.9455
2025-10-02 03:41:01,993 - root - INFO - new node test roc_auc, 0.9400
2025-10-02 03:41:20,515 - root - INFO - Epoch: 83, learning rate: 0.0001, train loss: 0.1806
2025-10-02 03:41:20,515 - root - INFO - train average_precision, 0.9759
2025-10-02 03:41:20,515 - root - INFO - train roc_auc, 0.9768
2025-10-02 03:41:20,515 - root - INFO - validate loss: 0.2762
2025-10-02 03:41:20,515 - root - INFO - validate average_precision, 0.9657
2025-10-02 03:41:20,515 - root - INFO - validate roc_auc, 0.9619
2025-10-02 03:41:20,516 - root - INFO - new node validate loss: 0.3673
2025-10-02 03:41:20,516 - root - INFO - new node validate average_precision, 0.9343
2025-10-02 03:41:20,516 - root - INFO - new node validate roc_auc, 0.9253
2025-10-02 03:41:25,184 - root - INFO - test loss: 0.2890
2025-10-02 03:41:25,184 - root - INFO - test average_precision, 0.9610
2025-10-02 03:41:25,185 - root - INFO - best test average_precision: 0.9657
2025-10-02 03:41:25,185 - root - INFO - test roc_auc, 0.9586
2025-10-02 03:41:25,185 - root - INFO - new node test loss: 0.3415
2025-10-02 03:41:25,185 - root - INFO - new node test average_precision, 0.9430
2025-10-02 03:41:25,185 - root - INFO - new node test roc_auc, 0.9371
2025-10-02 03:41:43,423 - root - INFO - Epoch: 84, learning rate: 0.0001, train loss: 0.1784
2025-10-02 03:41:43,423 - root - INFO - train average_precision, 0.9764
2025-10-02 03:41:43,423 - root - INFO - train roc_auc, 0.9773
2025-10-02 03:41:43,423 - root - INFO - validate loss: 0.2806
2025-10-02 03:41:43,424 - root - INFO - validate average_precision, 0.9655
2025-10-02 03:41:43,424 - root - INFO - validate roc_auc, 0.9620
2025-10-02 03:41:43,424 - root - INFO - new node validate loss: 0.3734
2025-10-02 03:41:43,424 - root - INFO - new node validate average_precision, 0.9341
2025-10-02 03:41:43,424 - root - INFO - new node validate roc_auc, 0.9248
2025-10-02 03:41:48,102 - root - INFO - test loss: 0.2917
2025-10-02 03:41:48,103 - root - INFO - test average_precision, 0.9612
2025-10-02 03:41:48,103 - root - INFO - best test average_precision: 0.9657
2025-10-02 03:41:48,103 - root - INFO - test roc_auc, 0.9586
2025-10-02 03:41:48,103 - root - INFO - new node test loss: 0.3472
2025-10-02 03:41:48,103 - root - INFO - new node test average_precision, 0.9433
2025-10-02 03:41:48,103 - root - INFO - new node test roc_auc, 0.9365
2025-10-02 03:42:06,598 - root - INFO - Epoch: 85, learning rate: 0.0001, train loss: 0.1780
2025-10-02 03:42:06,598 - root - INFO - train average_precision, 0.9766
2025-10-02 03:42:06,598 - root - INFO - train roc_auc, 0.9774
2025-10-02 03:42:06,598 - root - INFO - validate loss: 0.2732
2025-10-02 03:42:06,598 - root - INFO - validate average_precision, 0.9664
2025-10-02 03:42:06,598 - root - INFO - validate roc_auc, 0.9630
2025-10-02 03:42:06,598 - root - INFO - new node validate loss: 0.3660
2025-10-02 03:42:06,599 - root - INFO - new node validate average_precision, 0.9340
2025-10-02 03:42:06,599 - root - INFO - new node validate roc_auc, 0.9259
2025-10-02 03:42:11,235 - root - INFO - test loss: 0.2905
2025-10-02 03:42:11,235 - root - INFO - test average_precision, 0.9604
2025-10-02 03:42:11,235 - root - INFO - best test average_precision: 0.9657
2025-10-02 03:42:11,235 - root - INFO - test roc_auc, 0.9582
2025-10-02 03:42:11,235 - root - INFO - new node test loss: 0.3429
2025-10-02 03:42:11,235 - root - INFO - new node test average_precision, 0.9415
2025-10-02 03:42:11,235 - root - INFO - new node test roc_auc, 0.9370
2025-10-02 03:42:29,851 - root - INFO - Epoch: 86, learning rate: 0.0001, train loss: 0.1771
2025-10-02 03:42:29,851 - root - INFO - train average_precision, 0.9766
2025-10-02 03:42:29,851 - root - INFO - train roc_auc, 0.9775
2025-10-02 03:42:29,851 - root - INFO - validate loss: 0.2709
2025-10-02 03:42:29,851 - root - INFO - validate average_precision, 0.9673
2025-10-02 03:42:29,851 - root - INFO - validate roc_auc, 0.9636
2025-10-02 03:42:29,852 - root - INFO - new node validate loss: 0.3700
2025-10-02 03:42:29,852 - root - INFO - new node validate average_precision, 0.9348
2025-10-02 03:42:29,852 - root - INFO - new node validate roc_auc, 0.9263
2025-10-02 03:42:34,530 - root - INFO - test loss: 0.2763
2025-10-02 03:42:34,530 - root - INFO - test average_precision, 0.9646
2025-10-02 03:42:34,530 - root - INFO - best test average_precision: 0.9657
2025-10-02 03:42:34,530 - root - INFO - test roc_auc, 0.9623
2025-10-02 03:42:34,530 - root - INFO - new node test loss: 0.3292
2025-10-02 03:42:34,530 - root - INFO - new node test average_precision, 0.9473
2025-10-02 03:42:34,530 - root - INFO - new node test roc_auc, 0.9422
2025-10-02 03:42:52,911 - root - INFO - Epoch: 87, learning rate: 0.0001, train loss: 0.1752
2025-10-02 03:42:52,911 - root - INFO - train average_precision, 0.9771
2025-10-02 03:42:52,912 - root - INFO - train roc_auc, 0.9780
2025-10-02 03:42:52,912 - root - INFO - validate loss: 0.2680
2025-10-02 03:42:52,912 - root - INFO - validate average_precision, 0.9678
2025-10-02 03:42:52,912 - root - INFO - validate roc_auc, 0.9639
2025-10-02 03:42:52,912 - root - INFO - new node validate loss: 0.3711
2025-10-02 03:42:52,912 - root - INFO - new node validate average_precision, 0.9335
2025-10-02 03:42:52,912 - root - INFO - new node validate roc_auc, 0.9247
2025-10-02 03:42:57,601 - root - INFO - test loss: 0.2690
2025-10-02 03:42:57,602 - root - INFO - test average_precision, 0.9650
2025-10-02 03:42:57,602 - root - INFO - best test average_precision: 0.9657
2025-10-02 03:42:57,602 - root - INFO - test roc_auc, 0.9631
2025-10-02 03:42:57,602 - root - INFO - new node test loss: 0.3247
2025-10-02 03:42:57,602 - root - INFO - new node test average_precision, 0.9484
2025-10-02 03:42:57,602 - root - INFO - new node test roc_auc, 0.9432
2025-10-02 03:43:16,105 - root - INFO - Epoch: 88, learning rate: 0.0001, train loss: 0.1758
2025-10-02 03:43:16,105 - root - INFO - train average_precision, 0.9768
2025-10-02 03:43:16,105 - root - INFO - train roc_auc, 0.9777
2025-10-02 03:43:16,105 - root - INFO - validate loss: 0.2723
2025-10-02 03:43:16,105 - root - INFO - validate average_precision, 0.9678
2025-10-02 03:43:16,105 - root - INFO - validate roc_auc, 0.9644
2025-10-02 03:43:16,105 - root - INFO - new node validate loss: 0.3766
2025-10-02 03:43:16,105 - root - INFO - new node validate average_precision, 0.9345
2025-10-02 03:43:16,105 - root - INFO - new node validate roc_auc, 0.9261
2025-10-02 03:43:20,750 - root - INFO - test loss: 0.2793
2025-10-02 03:43:20,750 - root - INFO - test average_precision, 0.9640
2025-10-02 03:43:20,750 - root - INFO - best test average_precision: 0.9657
2025-10-02 03:43:20,751 - root - INFO - test roc_auc, 0.9621
2025-10-02 03:43:20,751 - root - INFO - new node test loss: 0.3370
2025-10-02 03:43:20,751 - root - INFO - new node test average_precision, 0.9465
2025-10-02 03:43:20,751 - root - INFO - new node test roc_auc, 0.9418
2025-10-02 03:43:20,751 - root - INFO - save model ./saved_models/JODIE/wikipedia/JODIE_original_seed2/JODIE_original_seed2.pkl
2025-10-02 03:43:40,452 - root - INFO - Epoch: 89, learning rate: 0.0001, train loss: 0.1764
2025-10-02 03:43:40,452 - root - INFO - train average_precision, 0.9767
2025-10-02 03:43:40,452 - root - INFO - train roc_auc, 0.9777
2025-10-02 03:43:40,452 - root - INFO - validate loss: 0.2696
2025-10-02 03:43:40,452 - root - INFO - validate average_precision, 0.9676
2025-10-02 03:43:40,452 - root - INFO - validate roc_auc, 0.9642
2025-10-02 03:43:40,453 - root - INFO - new node validate loss: 0.3691
2025-10-02 03:43:40,453 - root - INFO - new node validate average_precision, 0.9358
2025-10-02 03:43:40,453 - root - INFO - new node validate roc_auc, 0.9272
2025-10-02 03:43:45,089 - root - INFO - test loss: 0.2740
2025-10-02 03:43:45,089 - root - INFO - test average_precision, 0.9650
2025-10-02 03:43:45,089 - root - INFO - best test average_precision: 0.9657
2025-10-02 03:43:45,089 - root - INFO - test roc_auc, 0.9632
2025-10-02 03:43:45,089 - root - INFO - new node test loss: 0.3287
2025-10-02 03:43:45,089 - root - INFO - new node test average_precision, 0.9483
2025-10-02 03:43:45,089 - root - INFO - new node test roc_auc, 0.9438
2025-10-02 03:44:03,316 - root - INFO - Epoch: 90, learning rate: 0.0001, train loss: 0.1757
2025-10-02 03:44:03,317 - root - INFO - train average_precision, 0.9769
2025-10-02 03:44:03,317 - root - INFO - train roc_auc, 0.9779
2025-10-02 03:44:03,317 - root - INFO - validate loss: 0.2743
2025-10-02 03:44:03,317 - root - INFO - validate average_precision, 0.9667
2025-10-02 03:44:03,317 - root - INFO - validate roc_auc, 0.9630
2025-10-02 03:44:03,317 - root - INFO - new node validate loss: 0.3692
2025-10-02 03:44:03,317 - root - INFO - new node validate average_precision, 0.9340
2025-10-02 03:44:03,317 - root - INFO - new node validate roc_auc, 0.9256
2025-10-02 03:44:07,982 - root - INFO - test loss: 0.2806
2025-10-02 03:44:07,982 - root - INFO - test average_precision, 0.9631
2025-10-02 03:44:07,982 - root - INFO - best test average_precision: 0.9657
2025-10-02 03:44:07,982 - root - INFO - test roc_auc, 0.9611
2025-10-02 03:44:07,982 - root - INFO - new node test loss: 0.3386
2025-10-02 03:44:07,983 - root - INFO - new node test average_precision, 0.9458
2025-10-02 03:44:07,983 - root - INFO - new node test roc_auc, 0.9401
2025-10-02 03:44:26,417 - root - INFO - Epoch: 91, learning rate: 0.0001, train loss: 0.1731
2025-10-02 03:44:26,417 - root - INFO - train average_precision, 0.9774
2025-10-02 03:44:26,417 - root - INFO - train roc_auc, 0.9784
2025-10-02 03:44:26,417 - root - INFO - validate loss: 0.2725
2025-10-02 03:44:26,418 - root - INFO - validate average_precision, 0.9673
2025-10-02 03:44:26,418 - root - INFO - validate roc_auc, 0.9637
2025-10-02 03:44:26,418 - root - INFO - new node validate loss: 0.3763
2025-10-02 03:44:26,418 - root - INFO - new node validate average_precision, 0.9334
2025-10-02 03:44:26,418 - root - INFO - new node validate roc_auc, 0.9244
2025-10-02 03:44:31,059 - root - INFO - test loss: 0.2766
2025-10-02 03:44:31,059 - root - INFO - test average_precision, 0.9641
2025-10-02 03:44:31,059 - root - INFO - best test average_precision: 0.9657
2025-10-02 03:44:31,059 - root - INFO - test roc_auc, 0.9619
2025-10-02 03:44:31,059 - root - INFO - new node test loss: 0.3340
2025-10-02 03:44:31,059 - root - INFO - new node test average_precision, 0.9461
2025-10-02 03:44:31,059 - root - INFO - new node test roc_auc, 0.9408
2025-10-02 03:44:49,768 - root - INFO - Epoch: 92, learning rate: 0.0001, train loss: 0.1730
2025-10-02 03:44:49,768 - root - INFO - train average_precision, 0.9773
2025-10-02 03:44:49,768 - root - INFO - train roc_auc, 0.9783
2025-10-02 03:44:49,768 - root - INFO - validate loss: 0.2706
2025-10-02 03:44:49,768 - root - INFO - validate average_precision, 0.9675
2025-10-02 03:44:49,768 - root - INFO - validate roc_auc, 0.9640
2025-10-02 03:44:49,768 - root - INFO - new node validate loss: 0.3694
2025-10-02 03:44:49,768 - root - INFO - new node validate average_precision, 0.9349
2025-10-02 03:44:49,769 - root - INFO - new node validate roc_auc, 0.9268
2025-10-02 03:44:54,402 - root - INFO - test loss: 0.2908
2025-10-02 03:44:54,402 - root - INFO - test average_precision, 0.9603
2025-10-02 03:44:54,402 - root - INFO - best test average_precision: 0.9657
2025-10-02 03:44:54,402 - root - INFO - test roc_auc, 0.9599
2025-10-02 03:44:54,402 - root - INFO - new node test loss: 0.3452
2025-10-02 03:44:54,402 - root - INFO - new node test average_precision, 0.9411
2025-10-02 03:44:54,402 - root - INFO - new node test roc_auc, 0.9388
2025-10-02 03:45:12,900 - root - INFO - Epoch: 93, learning rate: 0.0001, train loss: 0.1729
2025-10-02 03:45:12,901 - root - INFO - train average_precision, 0.9774
2025-10-02 03:45:12,901 - root - INFO - train roc_auc, 0.9784
2025-10-02 03:45:12,901 - root - INFO - validate loss: 0.2728
2025-10-02 03:45:12,901 - root - INFO - validate average_precision, 0.9664
2025-10-02 03:45:12,901 - root - INFO - validate roc_auc, 0.9625
2025-10-02 03:45:12,901 - root - INFO - new node validate loss: 0.3661
2025-10-02 03:45:12,901 - root - INFO - new node validate average_precision, 0.9347
2025-10-02 03:45:12,901 - root - INFO - new node validate roc_auc, 0.9262
2025-10-02 03:45:17,551 - root - INFO - test loss: 0.2877
2025-10-02 03:45:17,551 - root - INFO - test average_precision, 0.9614
2025-10-02 03:45:17,551 - root - INFO - best test average_precision: 0.9657
2025-10-02 03:45:17,552 - root - INFO - test roc_auc, 0.9581
2025-10-02 03:45:17,552 - root - INFO - new node test loss: 0.3342
2025-10-02 03:45:17,552 - root - INFO - new node test average_precision, 0.9451
2025-10-02 03:45:17,552 - root - INFO - new node test roc_auc, 0.9393
2025-10-02 03:45:35,877 - root - INFO - Epoch: 94, learning rate: 0.0001, train loss: 0.1726
2025-10-02 03:45:35,877 - root - INFO - train average_precision, 0.9773
2025-10-02 03:45:35,877 - root - INFO - train roc_auc, 0.9784
2025-10-02 03:45:35,877 - root - INFO - validate loss: 0.2697
2025-10-02 03:45:35,877 - root - INFO - validate average_precision, 0.9674
2025-10-02 03:45:35,877 - root - INFO - validate roc_auc, 0.9641
2025-10-02 03:45:35,877 - root - INFO - new node validate loss: 0.3669
2025-10-02 03:45:35,877 - root - INFO - new node validate average_precision, 0.9350
2025-10-02 03:45:35,877 - root - INFO - new node validate roc_auc, 0.9265
2025-10-02 03:45:40,547 - root - INFO - test loss: 0.2751
2025-10-02 03:45:40,547 - root - INFO - test average_precision, 0.9644
2025-10-02 03:45:40,547 - root - INFO - best test average_precision: 0.9657
2025-10-02 03:45:40,547 - root - INFO - test roc_auc, 0.9624
2025-10-02 03:45:40,547 - root - INFO - new node test loss: 0.3324
2025-10-02 03:45:40,547 - root - INFO - new node test average_precision, 0.9464
2025-10-02 03:45:40,547 - root - INFO - new node test roc_auc, 0.9418
2025-10-02 03:45:59,049 - root - INFO - Epoch: 95, learning rate: 0.0001, train loss: 0.1708
2025-10-02 03:45:59,049 - root - INFO - train average_precision, 0.9780
2025-10-02 03:45:59,049 - root - INFO - train roc_auc, 0.9789
2025-10-02 03:45:59,049 - root - INFO - validate loss: 0.2687
2025-10-02 03:45:59,049 - root - INFO - validate average_precision, 0.9676
2025-10-02 03:45:59,049 - root - INFO - validate roc_auc, 0.9638
2025-10-02 03:45:59,049 - root - INFO - new node validate loss: 0.3678
2025-10-02 03:45:59,049 - root - INFO - new node validate average_precision, 0.9348
2025-10-02 03:45:59,050 - root - INFO - new node validate roc_auc, 0.9265
2025-10-02 03:46:03,680 - root - INFO - test loss: 0.2711
2025-10-02 03:46:03,680 - root - INFO - test average_precision, 0.9640
2025-10-02 03:46:03,680 - root - INFO - best test average_precision: 0.9657
2025-10-02 03:46:03,680 - root - INFO - test roc_auc, 0.9622
2025-10-02 03:46:03,680 - root - INFO - new node test loss: 0.3281
2025-10-02 03:46:03,680 - root - INFO - new node test average_precision, 0.9469
2025-10-02 03:46:03,680 - root - INFO - new node test roc_auc, 0.9425
2025-10-02 03:46:21,924 - root - INFO - Epoch: 96, learning rate: 0.0001, train loss: 0.1711
2025-10-02 03:46:21,924 - root - INFO - train average_precision, 0.9774
2025-10-02 03:46:21,924 - root - INFO - train roc_auc, 0.9786
2025-10-02 03:46:21,924 - root - INFO - validate loss: 0.2677
2025-10-02 03:46:21,924 - root - INFO - validate average_precision, 0.9680
2025-10-02 03:46:21,924 - root - INFO - validate roc_auc, 0.9645
2025-10-02 03:46:21,924 - root - INFO - new node validate loss: 0.3708
2025-10-02 03:46:21,925 - root - INFO - new node validate average_precision, 0.9349
2025-10-02 03:46:21,925 - root - INFO - new node validate roc_auc, 0.9264
2025-10-02 03:46:26,555 - root - INFO - test loss: 0.2941
2025-10-02 03:46:26,555 - root - INFO - test average_precision, 0.9627
2025-10-02 03:46:26,556 - root - INFO - best test average_precision: 0.9657
2025-10-02 03:46:26,556 - root - INFO - test roc_auc, 0.9631
2025-10-02 03:46:26,556 - root - INFO - new node test loss: 0.3617
2025-10-02 03:46:26,556 - root - INFO - new node test average_precision, 0.9411
2025-10-02 03:46:26,556 - root - INFO - new node test roc_auc, 0.9414
2025-10-02 03:46:26,556 - root - INFO - save model ./saved_models/JODIE/wikipedia/JODIE_original_seed2/JODIE_original_seed2.pkl
2025-10-02 03:46:45,939 - root - INFO - Epoch: 97, learning rate: 0.0001, train loss: 0.1686
2025-10-02 03:46:45,939 - root - INFO - train average_precision, 0.9783
2025-10-02 03:46:45,940 - root - INFO - train roc_auc, 0.9793
2025-10-02 03:46:45,940 - root - INFO - validate loss: 0.2707
2025-10-02 03:46:45,940 - root - INFO - validate average_precision, 0.9684
2025-10-02 03:46:45,940 - root - INFO - validate roc_auc, 0.9647
2025-10-02 03:46:45,940 - root - INFO - new node validate loss: 0.3763
2025-10-02 03:46:45,940 - root - INFO - new node validate average_precision, 0.9343
2025-10-02 03:46:45,940 - root - INFO - new node validate roc_auc, 0.9255
2025-10-02 03:46:50,564 - root - INFO - test loss: 0.2752
2025-10-02 03:46:50,564 - root - INFO - test average_precision, 0.9650
2025-10-02 03:46:50,564 - root - INFO - best test average_precision: 0.9657
2025-10-02 03:46:50,564 - root - INFO - test roc_auc, 0.9629
2025-10-02 03:46:50,564 - root - INFO - new node test loss: 0.3347
2025-10-02 03:46:50,564 - root - INFO - new node test average_precision, 0.9475
2025-10-02 03:46:50,564 - root - INFO - new node test roc_auc, 0.9425
2025-10-02 03:46:50,564 - root - INFO - save model ./saved_models/JODIE/wikipedia/JODIE_original_seed2/JODIE_original_seed2.pkl
2025-10-02 03:47:10,068 - root - INFO - Epoch: 98, learning rate: 0.0001, train loss: 0.1687
2025-10-02 03:47:10,068 - root - INFO - train average_precision, 0.9779
2025-10-02 03:47:10,068 - root - INFO - train roc_auc, 0.9791
2025-10-02 03:47:10,068 - root - INFO - validate loss: 0.2769
2025-10-02 03:47:10,068 - root - INFO - validate average_precision, 0.9669
2025-10-02 03:47:10,068 - root - INFO - validate roc_auc, 0.9632
2025-10-02 03:47:10,068 - root - INFO - new node validate loss: 0.3727
2025-10-02 03:47:10,069 - root - INFO - new node validate average_precision, 0.9355
2025-10-02 03:47:10,069 - root - INFO - new node validate roc_auc, 0.9269
2025-10-02 03:47:14,778 - root - INFO - test loss: 0.2948
2025-10-02 03:47:14,778 - root - INFO - test average_precision, 0.9610
2025-10-02 03:47:14,778 - root - INFO - best test average_precision: 0.9657
2025-10-02 03:47:14,778 - root - INFO - test roc_auc, 0.9615
2025-10-02 03:47:14,778 - root - INFO - new node test loss: 0.3422
2025-10-02 03:47:14,778 - root - INFO - new node test average_precision, 0.9426
2025-10-02 03:47:14,778 - root - INFO - new node test roc_auc, 0.9425
2025-10-02 03:47:33,087 - root - INFO - Epoch: 99, learning rate: 0.0001, train loss: 0.1682
2025-10-02 03:47:33,087 - root - INFO - train average_precision, 0.9782
2025-10-02 03:47:33,088 - root - INFO - train roc_auc, 0.9793
2025-10-02 03:47:33,088 - root - INFO - validate loss: 0.2817
2025-10-02 03:47:33,088 - root - INFO - validate average_precision, 0.9675
2025-10-02 03:47:33,088 - root - INFO - validate roc_auc, 0.9637
2025-10-02 03:47:33,088 - root - INFO - new node validate loss: 0.3847
2025-10-02 03:47:33,088 - root - INFO - new node validate average_precision, 0.9356
2025-10-02 03:47:33,088 - root - INFO - new node validate roc_auc, 0.9273
2025-10-02 03:47:37,729 - root - INFO - test loss: 0.2774
2025-10-02 03:47:37,729 - root - INFO - test average_precision, 0.9662
2025-10-02 03:47:37,729 - root - INFO - best test average_precision: 0.9662
2025-10-02 03:47:37,729 - root - INFO - test roc_auc, 0.9635
2025-10-02 03:47:37,729 - root - INFO - new node test loss: 0.3336
2025-10-02 03:47:37,729 - root - INFO - new node test average_precision, 0.9489
2025-10-02 03:47:37,729 - root - INFO - new node test roc_auc, 0.9442
2025-10-02 03:47:56,188 - root - INFO - Epoch: 100, learning rate: 0.0001, train loss: 0.1679
2025-10-02 03:47:56,188 - root - INFO - train average_precision, 0.9781
2025-10-02 03:47:56,188 - root - INFO - train roc_auc, 0.9793
2025-10-02 03:47:56,188 - root - INFO - validate loss: 0.2757
2025-10-02 03:47:56,188 - root - INFO - validate average_precision, 0.9674
2025-10-02 03:47:56,188 - root - INFO - validate roc_auc, 0.9637
2025-10-02 03:47:56,188 - root - INFO - new node validate loss: 0.3801
2025-10-02 03:47:56,189 - root - INFO - new node validate average_precision, 0.9344
2025-10-02 03:47:56,189 - root - INFO - new node validate roc_auc, 0.9258
2025-10-02 03:48:00,852 - root - INFO - test loss: 0.2790
2025-10-02 03:48:00,852 - root - INFO - test average_precision, 0.9638
2025-10-02 03:48:00,853 - root - INFO - best test average_precision: 0.9662
2025-10-02 03:48:00,853 - root - INFO - test roc_auc, 0.9618
2025-10-02 03:48:00,853 - root - INFO - new node test loss: 0.3394
2025-10-02 03:48:00,853 - root - INFO - new node test average_precision, 0.9443
2025-10-02 03:48:00,853 - root - INFO - new node test roc_auc, 0.9406
2025-10-02 03:48:00,853 - root - INFO - load model ./saved_models/JODIE/wikipedia/JODIE_original_seed2/JODIE_original_seed2.pkl
2025-10-02 03:48:02,107 - root - INFO - get final performance on dataset wikipedia...
2025-10-02 03:48:07,055 - root - INFO - test loss: 0.2752
2025-10-02 03:48:07,055 - root - INFO - test average_precision, 0.9650
2025-10-02 03:48:07,055 - root - INFO - test roc_auc, 0.9629
2025-10-02 03:48:07,055 - root - INFO - new node test loss: 0.3347
2025-10-02 03:48:07,055 - root - INFO - new node test average_precision, 0.9475
2025-10-02 03:48:07,055 - root - INFO - new node test roc_auc, 0.9425
2025-10-02 03:48:07,055 - root - INFO - Run 3 cost 2355.66 seconds.
