2025-10-01 21:30:20,215 - root - INFO - ********** Run 5 starts. **********
2025-10-01 21:30:20,215 - root - INFO - configuration is Namespace(dataset_name='wikipedia', batch_size=200, model_name='JODIE', gpu=0, num_neighbors=10, sample_neighbor_strategy='uniform', time_scaling_factor=1e-06, num_walk_heads=8, num_heads=2, num_layers=1, walk_length=1, time_gap=2000, time_feat_dim=128, position_feat_dim=172, time_window_mode='fixed_proportion', time_encoder_type='bochner', expert_dim=64, num_mixtures=4, patch_size=1, channel_embedding_dim=50, max_input_sequence_length=32, learning_rate=0.0001, dropout=0.1, gamma=0.5, num_epochs=100, optimizer='Adam', weight_decay=0.0, patience=20, val_ratio=0.15, test_ratio=0.15, num_runs=5, test_interval_epochs=1, negative_sample_strategy='random', max_interaction_times=10, load_best_configs=True, device='cuda:0', seed=4, save_model_name='JODIE_bochner_seed4')
2025-10-01 21:30:20,216 - root - INFO - time encoder type: bochner
2025-10-01 21:30:20,369 - root - INFO - model -> Sequential(
  (0): MemoryModel(
    (time_encoder): TimeEncoder(
      (w): Linear(in_features=1, out_features=128, bias=True)
    )
    (message_aggregator): MessageAggregator()
    (memory_bank): MemoryBank(num_nodes=9228, memory_dim=172)
    (memory_updater): RNNMemoryUpdater(
      (memory_bank): MemoryBank(num_nodes=9228, memory_dim=172)
      (memory_updater): RNNCell(644, 172)
    )
    (embedding_module): TimeProjectionEmbedding(
      (dropout): Dropout(p=0.1, inplace=False)
      (linear_layer): Linear(in_features=1, out_features=172, bias=True)
    )
  )
  (1): MergeLayer(
    (fc1): Linear(in_features=344, out_features=172, bias=True)
    (fc2): Linear(in_features=172, out_features=1, bias=True)
    (act): ReLU()
  )
)
2025-10-01 21:30:20,369 - root - INFO - model name: JODIE, #parameters: 803236 B, 784.41015625 KB, 0.7660255432128906 MB.
2025-10-01 21:30:38,972 - root - INFO - Epoch: 1, learning rate: 0.0001, train loss: 0.5292
2025-10-01 21:30:38,973 - root - INFO - train average_precision, 0.7861
2025-10-01 21:30:38,973 - root - INFO - train roc_auc, 0.8149
2025-10-01 21:30:38,973 - root - INFO - validate loss: 0.4475
2025-10-01 21:30:38,973 - root - INFO - validate average_precision, 0.8718
2025-10-01 21:30:38,973 - root - INFO - validate roc_auc, 0.8764
2025-10-01 21:30:38,973 - root - INFO - new node validate loss: 0.4980
2025-10-01 21:30:38,973 - root - INFO - new node validate average_precision, 0.8438
2025-10-01 21:30:38,974 - root - INFO - new node validate roc_auc, 0.8423
2025-10-01 21:30:43,763 - root - INFO - test loss: 0.4599
2025-10-01 21:30:43,764 - root - INFO - test average_precision, 0.8583
2025-10-01 21:30:43,764 - root - INFO - best test average_precision: 0.8583
2025-10-01 21:30:43,764 - root - INFO - test roc_auc, 0.8685
2025-10-01 21:30:43,764 - root - INFO - new node test loss: 0.5321
2025-10-01 21:30:43,764 - root - INFO - new node test average_precision, 0.8188
2025-10-01 21:30:43,764 - root - INFO - new node test roc_auc, 0.8199
2025-10-01 21:30:43,764 - root - INFO - save model ./saved_models/JODIE/wikipedia/JODIE_bochner_seed4/JODIE_bochner_seed4.pkl
2025-10-01 21:31:03,317 - root - INFO - Epoch: 2, learning rate: 0.0001, train loss: 0.4159
2025-10-01 21:31:03,318 - root - INFO - train average_precision, 0.8841
2025-10-01 21:31:03,318 - root - INFO - train roc_auc, 0.8931
2025-10-01 21:31:03,318 - root - INFO - validate loss: 0.3997
2025-10-01 21:31:03,318 - root - INFO - validate average_precision, 0.9004
2025-10-01 21:31:03,318 - root - INFO - validate roc_auc, 0.9047
2025-10-01 21:31:03,319 - root - INFO - new node validate loss: 0.4493
2025-10-01 21:31:03,319 - root - INFO - new node validate average_precision, 0.8742
2025-10-01 21:31:03,319 - root - INFO - new node validate roc_auc, 0.8705
2025-10-01 21:31:08,088 - root - INFO - test loss: 0.4223
2025-10-01 21:31:08,088 - root - INFO - test average_precision, 0.8826
2025-10-01 21:31:08,088 - root - INFO - best test average_precision: 0.8826
2025-10-01 21:31:08,088 - root - INFO - test roc_auc, 0.8923
2025-10-01 21:31:08,088 - root - INFO - new node test loss: 0.4646
2025-10-01 21:31:08,088 - root - INFO - new node test average_precision, 0.8657
2025-10-01 21:31:08,088 - root - INFO - new node test roc_auc, 0.8660
2025-10-01 21:31:08,089 - root - INFO - save model ./saved_models/JODIE/wikipedia/JODIE_bochner_seed4/JODIE_bochner_seed4.pkl
2025-10-01 21:31:27,809 - root - INFO - Epoch: 3, learning rate: 0.0001, train loss: 0.3882
2025-10-01 21:31:27,809 - root - INFO - train average_precision, 0.9017
2025-10-01 21:31:27,809 - root - INFO - train roc_auc, 0.9074
2025-10-01 21:31:27,810 - root - INFO - validate loss: 0.3679
2025-10-01 21:31:27,810 - root - INFO - validate average_precision, 0.9162
2025-10-01 21:31:27,810 - root - INFO - validate roc_auc, 0.9184
2025-10-01 21:31:27,810 - root - INFO - new node validate loss: 0.4353
2025-10-01 21:31:27,810 - root - INFO - new node validate average_precision, 0.8824
2025-10-01 21:31:27,810 - root - INFO - new node validate roc_auc, 0.8776
2025-10-01 21:31:32,524 - root - INFO - test loss: 0.3815
2025-10-01 21:31:32,524 - root - INFO - test average_precision, 0.9043
2025-10-01 21:31:32,524 - root - INFO - best test average_precision: 0.9043
2025-10-01 21:31:32,524 - root - INFO - test roc_auc, 0.9120
2025-10-01 21:31:32,524 - root - INFO - new node test loss: 0.4464
2025-10-01 21:31:32,524 - root - INFO - new node test average_precision, 0.8748
2025-10-01 21:31:32,524 - root - INFO - new node test roc_auc, 0.8775
2025-10-01 21:31:32,524 - root - INFO - save model ./saved_models/JODIE/wikipedia/JODIE_bochner_seed4/JODIE_bochner_seed4.pkl
2025-10-01 21:31:51,989 - root - INFO - Epoch: 4, learning rate: 0.0001, train loss: 0.3722
2025-10-01 21:31:51,989 - root - INFO - train average_precision, 0.9098
2025-10-01 21:31:51,989 - root - INFO - train roc_auc, 0.9147
2025-10-01 21:31:51,990 - root - INFO - validate loss: 0.3505
2025-10-01 21:31:51,990 - root - INFO - validate average_precision, 0.9252
2025-10-01 21:31:51,990 - root - INFO - validate roc_auc, 0.9258
2025-10-01 21:31:51,990 - root - INFO - new node validate loss: 0.4161
2025-10-01 21:31:51,990 - root - INFO - new node validate average_precision, 0.8931
2025-10-01 21:31:51,990 - root - INFO - new node validate roc_auc, 0.8867
2025-10-01 21:31:56,741 - root - INFO - test loss: 0.3593
2025-10-01 21:31:56,741 - root - INFO - test average_precision, 0.9167
2025-10-01 21:31:56,741 - root - INFO - best test average_precision: 0.9167
2025-10-01 21:31:56,741 - root - INFO - test roc_auc, 0.9218
2025-10-01 21:31:56,741 - root - INFO - new node test loss: 0.4191
2025-10-01 21:31:56,741 - root - INFO - new node test average_precision, 0.8951
2025-10-01 21:31:56,741 - root - INFO - new node test roc_auc, 0.8928
2025-10-01 21:31:56,742 - root - INFO - save model ./saved_models/JODIE/wikipedia/JODIE_bochner_seed4/JODIE_bochner_seed4.pkl
2025-10-01 21:32:16,169 - root - INFO - Epoch: 5, learning rate: 0.0001, train loss: 0.3569
2025-10-01 21:32:16,169 - root - INFO - train average_precision, 0.9198
2025-10-01 21:32:16,169 - root - INFO - train roc_auc, 0.9220
2025-10-01 21:32:16,169 - root - INFO - validate loss: 0.3380
2025-10-01 21:32:16,169 - root - INFO - validate average_precision, 0.9331
2025-10-01 21:32:16,169 - root - INFO - validate roc_auc, 0.9308
2025-10-01 21:32:16,169 - root - INFO - new node validate loss: 0.4019
2025-10-01 21:32:16,169 - root - INFO - new node validate average_precision, 0.8999
2025-10-01 21:32:16,169 - root - INFO - new node validate roc_auc, 0.8914
2025-10-01 21:32:20,934 - root - INFO - test loss: 0.3453
2025-10-01 21:32:20,935 - root - INFO - test average_precision, 0.9279
2025-10-01 21:32:20,935 - root - INFO - best test average_precision: 0.9279
2025-10-01 21:32:20,935 - root - INFO - test roc_auc, 0.9283
2025-10-01 21:32:20,935 - root - INFO - new node test loss: 0.3966
2025-10-01 21:32:20,935 - root - INFO - new node test average_precision, 0.9086
2025-10-01 21:32:20,935 - root - INFO - new node test roc_auc, 0.9039
2025-10-01 21:32:20,935 - root - INFO - save model ./saved_models/JODIE/wikipedia/JODIE_bochner_seed4/JODIE_bochner_seed4.pkl
2025-10-01 21:32:40,250 - root - INFO - Epoch: 6, learning rate: 0.0001, train loss: 0.3428
2025-10-01 21:32:40,251 - root - INFO - train average_precision, 0.9283
2025-10-01 21:32:40,251 - root - INFO - train roc_auc, 0.9277
2025-10-01 21:32:40,251 - root - INFO - validate loss: 0.3418
2025-10-01 21:32:40,251 - root - INFO - validate average_precision, 0.9309
2025-10-01 21:32:40,251 - root - INFO - validate roc_auc, 0.9294
2025-10-01 21:32:40,251 - root - INFO - new node validate loss: 0.4036
2025-10-01 21:32:40,251 - root - INFO - new node validate average_precision, 0.9012
2025-10-01 21:32:40,251 - root - INFO - new node validate roc_auc, 0.8924
2025-10-01 21:32:45,033 - root - INFO - test loss: 0.3784
2025-10-01 21:32:45,033 - root - INFO - test average_precision, 0.9168
2025-10-01 21:32:45,033 - root - INFO - best test average_precision: 0.9279
2025-10-01 21:32:45,033 - root - INFO - test roc_auc, 0.9170
2025-10-01 21:32:45,033 - root - INFO - new node test loss: 0.4216
2025-10-01 21:32:45,033 - root - INFO - new node test average_precision, 0.8959
2025-10-01 21:32:45,033 - root - INFO - new node test roc_auc, 0.8916
2025-10-01 21:33:03,516 - root - INFO - Epoch: 7, learning rate: 0.0001, train loss: 0.3289
2025-10-01 21:33:03,516 - root - INFO - train average_precision, 0.9334
2025-10-01 21:33:03,516 - root - INFO - train roc_auc, 0.9331
2025-10-01 21:33:03,516 - root - INFO - validate loss: 0.3194
2025-10-01 21:33:03,516 - root - INFO - validate average_precision, 0.9417
2025-10-01 21:33:03,516 - root - INFO - validate roc_auc, 0.9379
2025-10-01 21:33:03,516 - root - INFO - new node validate loss: 0.3968
2025-10-01 21:33:03,516 - root - INFO - new node validate average_precision, 0.9071
2025-10-01 21:33:03,517 - root - INFO - new node validate roc_auc, 0.8961
2025-10-01 21:33:08,276 - root - INFO - test loss: 0.3363
2025-10-01 21:33:08,276 - root - INFO - test average_precision, 0.9353
2025-10-01 21:33:08,276 - root - INFO - best test average_precision: 0.9353
2025-10-01 21:33:08,276 - root - INFO - test roc_auc, 0.9333
2025-10-01 21:33:08,276 - root - INFO - new node test loss: 0.3984
2025-10-01 21:33:08,277 - root - INFO - new node test average_precision, 0.9122
2025-10-01 21:33:08,277 - root - INFO - new node test roc_auc, 0.9027
2025-10-01 21:33:08,277 - root - INFO - save model ./saved_models/JODIE/wikipedia/JODIE_bochner_seed4/JODIE_bochner_seed4.pkl
2025-10-01 21:33:28,215 - root - INFO - Epoch: 8, learning rate: 0.0001, train loss: 0.3139
2025-10-01 21:33:28,215 - root - INFO - train average_precision, 0.9407
2025-10-01 21:33:28,215 - root - INFO - train roc_auc, 0.9388
2025-10-01 21:33:28,215 - root - INFO - validate loss: 0.3065
2025-10-01 21:33:28,215 - root - INFO - validate average_precision, 0.9471
2025-10-01 21:33:28,215 - root - INFO - validate roc_auc, 0.9433
2025-10-01 21:33:28,216 - root - INFO - new node validate loss: 0.3894
2025-10-01 21:33:28,216 - root - INFO - new node validate average_precision, 0.9123
2025-10-01 21:33:28,216 - root - INFO - new node validate roc_auc, 0.9005
2025-10-01 21:33:33,046 - root - INFO - test loss: 0.3187
2025-10-01 21:33:33,046 - root - INFO - test average_precision, 0.9425
2025-10-01 21:33:33,046 - root - INFO - best test average_precision: 0.9425
2025-10-01 21:33:33,046 - root - INFO - test roc_auc, 0.9397
2025-10-01 21:33:33,046 - root - INFO - new node test loss: 0.3712
2025-10-01 21:33:33,046 - root - INFO - new node test average_precision, 0.9241
2025-10-01 21:33:33,046 - root - INFO - new node test roc_auc, 0.9158
2025-10-01 21:33:33,047 - root - INFO - save model ./saved_models/JODIE/wikipedia/JODIE_bochner_seed4/JODIE_bochner_seed4.pkl
2025-10-01 21:33:52,862 - root - INFO - Epoch: 9, learning rate: 0.0001, train loss: 0.3025
2025-10-01 21:33:52,863 - root - INFO - train average_precision, 0.9449
2025-10-01 21:33:52,863 - root - INFO - train roc_auc, 0.9431
2025-10-01 21:33:52,863 - root - INFO - validate loss: 0.3017
2025-10-01 21:33:52,863 - root - INFO - validate average_precision, 0.9497
2025-10-01 21:33:52,863 - root - INFO - validate roc_auc, 0.9454
2025-10-01 21:33:52,863 - root - INFO - new node validate loss: 0.3881
2025-10-01 21:33:52,863 - root - INFO - new node validate average_precision, 0.9143
2025-10-01 21:33:52,863 - root - INFO - new node validate roc_auc, 0.9013
2025-10-01 21:33:57,642 - root - INFO - test loss: 0.3098
2025-10-01 21:33:57,642 - root - INFO - test average_precision, 0.9464
2025-10-01 21:33:57,642 - root - INFO - best test average_precision: 0.9464
2025-10-01 21:33:57,642 - root - INFO - test roc_auc, 0.9432
2025-10-01 21:33:57,642 - root - INFO - new node test loss: 0.3644
2025-10-01 21:33:57,642 - root - INFO - new node test average_precision, 0.9273
2025-10-01 21:33:57,642 - root - INFO - new node test roc_auc, 0.9188
2025-10-01 21:33:57,642 - root - INFO - save model ./saved_models/JODIE/wikipedia/JODIE_bochner_seed4/JODIE_bochner_seed4.pkl
2025-10-01 21:34:17,318 - root - INFO - Epoch: 10, learning rate: 0.0001, train loss: 0.3008
2025-10-01 21:34:17,318 - root - INFO - train average_precision, 0.9451
2025-10-01 21:34:17,319 - root - INFO - train roc_auc, 0.9433
2025-10-01 21:34:17,319 - root - INFO - validate loss: 0.3071
2025-10-01 21:34:17,319 - root - INFO - validate average_precision, 0.9479
2025-10-01 21:34:17,319 - root - INFO - validate roc_auc, 0.9437
2025-10-01 21:34:17,319 - root - INFO - new node validate loss: 0.3754
2025-10-01 21:34:17,319 - root - INFO - new node validate average_precision, 0.9175
2025-10-01 21:34:17,319 - root - INFO - new node validate roc_auc, 0.9064
2025-10-01 21:34:22,093 - root - INFO - test loss: 0.3345
2025-10-01 21:34:22,093 - root - INFO - test average_precision, 0.9378
2025-10-01 21:34:22,093 - root - INFO - best test average_precision: 0.9464
2025-10-01 21:34:22,093 - root - INFO - test roc_auc, 0.9344
2025-10-01 21:34:22,093 - root - INFO - new node test loss: 0.3905
2025-10-01 21:34:22,093 - root - INFO - new node test average_precision, 0.9169
2025-10-01 21:34:22,093 - root - INFO - new node test roc_auc, 0.9066
2025-10-01 21:34:40,522 - root - INFO - Epoch: 11, learning rate: 0.0001, train loss: 0.2946
2025-10-01 21:34:40,522 - root - INFO - train average_precision, 0.9476
2025-10-01 21:34:40,522 - root - INFO - train roc_auc, 0.9455
2025-10-01 21:34:40,522 - root - INFO - validate loss: 0.3020
2025-10-01 21:34:40,522 - root - INFO - validate average_precision, 0.9502
2025-10-01 21:34:40,522 - root - INFO - validate roc_auc, 0.9453
2025-10-01 21:34:40,522 - root - INFO - new node validate loss: 0.3789
2025-10-01 21:34:40,522 - root - INFO - new node validate average_precision, 0.9187
2025-10-01 21:34:40,523 - root - INFO - new node validate roc_auc, 0.9060
2025-10-01 21:34:45,310 - root - INFO - test loss: 0.3327
2025-10-01 21:34:45,310 - root - INFO - test average_precision, 0.9393
2025-10-01 21:34:45,310 - root - INFO - best test average_precision: 0.9464
2025-10-01 21:34:45,310 - root - INFO - test roc_auc, 0.9350
2025-10-01 21:34:45,310 - root - INFO - new node test loss: 0.3879
2025-10-01 21:34:45,310 - root - INFO - new node test average_precision, 0.9172
2025-10-01 21:34:45,310 - root - INFO - new node test roc_auc, 0.9066
2025-10-01 21:35:03,850 - root - INFO - Epoch: 12, learning rate: 0.0001, train loss: 0.2884
2025-10-01 21:35:03,850 - root - INFO - train average_precision, 0.9492
2025-10-01 21:35:03,850 - root - INFO - train roc_auc, 0.9475
2025-10-01 21:35:03,850 - root - INFO - validate loss: 0.2997
2025-10-01 21:35:03,850 - root - INFO - validate average_precision, 0.9511
2025-10-01 21:35:03,850 - root - INFO - validate roc_auc, 0.9461
2025-10-01 21:35:03,850 - root - INFO - new node validate loss: 0.3782
2025-10-01 21:35:03,850 - root - INFO - new node validate average_precision, 0.9188
2025-10-01 21:35:03,851 - root - INFO - new node validate roc_auc, 0.9061
2025-10-01 21:35:08,619 - root - INFO - test loss: 0.3207
2025-10-01 21:35:08,619 - root - INFO - test average_precision, 0.9438
2025-10-01 21:35:08,619 - root - INFO - best test average_precision: 0.9464
2025-10-01 21:35:08,619 - root - INFO - test roc_auc, 0.9397
2025-10-01 21:35:08,619 - root - INFO - new node test loss: 0.3663
2025-10-01 21:35:08,619 - root - INFO - new node test average_precision, 0.9263
2025-10-01 21:35:08,619 - root - INFO - new node test roc_auc, 0.9175
2025-10-01 21:35:08,619 - root - INFO - save model ./saved_models/JODIE/wikipedia/JODIE_bochner_seed4/JODIE_bochner_seed4.pkl
2025-10-01 21:35:28,149 - root - INFO - Epoch: 13, learning rate: 0.0001, train loss: 0.2822
2025-10-01 21:35:28,149 - root - INFO - train average_precision, 0.9514
2025-10-01 21:35:28,149 - root - INFO - train roc_auc, 0.9496
2025-10-01 21:35:28,149 - root - INFO - validate loss: 0.2880
2025-10-01 21:35:28,149 - root - INFO - validate average_precision, 0.9545
2025-10-01 21:35:28,149 - root - INFO - validate roc_auc, 0.9500
2025-10-01 21:35:28,149 - root - INFO - new node validate loss: 0.3663
2025-10-01 21:35:28,149 - root - INFO - new node validate average_precision, 0.9215
2025-10-01 21:35:28,149 - root - INFO - new node validate roc_auc, 0.9098
2025-10-01 21:35:32,907 - root - INFO - test loss: 0.3071
2025-10-01 21:35:32,907 - root - INFO - test average_precision, 0.9466
2025-10-01 21:35:32,907 - root - INFO - best test average_precision: 0.9466
2025-10-01 21:35:32,907 - root - INFO - test roc_auc, 0.9438
2025-10-01 21:35:32,908 - root - INFO - new node test loss: 0.3597
2025-10-01 21:35:32,908 - root - INFO - new node test average_precision, 0.9282
2025-10-01 21:35:32,908 - root - INFO - new node test roc_auc, 0.9195
2025-10-01 21:35:32,908 - root - INFO - save model ./saved_models/JODIE/wikipedia/JODIE_bochner_seed4/JODIE_bochner_seed4.pkl
2025-10-01 21:35:52,386 - root - INFO - Epoch: 14, learning rate: 0.0001, train loss: 0.2835
2025-10-01 21:35:52,387 - root - INFO - train average_precision, 0.9507
2025-10-01 21:35:52,387 - root - INFO - train roc_auc, 0.9490
2025-10-01 21:35:52,387 - root - INFO - validate loss: 0.2884
2025-10-01 21:35:52,387 - root - INFO - validate average_precision, 0.9543
2025-10-01 21:35:52,387 - root - INFO - validate roc_auc, 0.9500
2025-10-01 21:35:52,387 - root - INFO - new node validate loss: 0.3718
2025-10-01 21:35:52,387 - root - INFO - new node validate average_precision, 0.9212
2025-10-01 21:35:52,387 - root - INFO - new node validate roc_auc, 0.9091
2025-10-01 21:35:57,147 - root - INFO - test loss: 0.2943
2025-10-01 21:35:57,147 - root - INFO - test average_precision, 0.9522
2025-10-01 21:35:57,147 - root - INFO - best test average_precision: 0.9522
2025-10-01 21:35:57,148 - root - INFO - test roc_auc, 0.9490
2025-10-01 21:35:57,148 - root - INFO - new node test loss: 0.3503
2025-10-01 21:35:57,148 - root - INFO - new node test average_precision, 0.9325
2025-10-01 21:35:57,148 - root - INFO - new node test roc_auc, 0.9249
2025-10-01 21:36:15,379 - root - INFO - Epoch: 15, learning rate: 0.0001, train loss: 0.2772
2025-10-01 21:36:15,379 - root - INFO - train average_precision, 0.9528
2025-10-01 21:36:15,379 - root - INFO - train roc_auc, 0.9513
2025-10-01 21:36:15,379 - root - INFO - validate loss: 0.2850
2025-10-01 21:36:15,379 - root - INFO - validate average_precision, 0.9558
2025-10-01 21:36:15,379 - root - INFO - validate roc_auc, 0.9518
2025-10-01 21:36:15,379 - root - INFO - new node validate loss: 0.3661
2025-10-01 21:36:15,379 - root - INFO - new node validate average_precision, 0.9234
2025-10-01 21:36:15,379 - root - INFO - new node validate roc_auc, 0.9120
2025-10-01 21:36:20,103 - root - INFO - test loss: 0.3036
2025-10-01 21:36:20,103 - root - INFO - test average_precision, 0.9497
2025-10-01 21:36:20,103 - root - INFO - best test average_precision: 0.9522
2025-10-01 21:36:20,103 - root - INFO - test roc_auc, 0.9463
2025-10-01 21:36:20,103 - root - INFO - new node test loss: 0.3558
2025-10-01 21:36:20,103 - root - INFO - new node test average_precision, 0.9303
2025-10-01 21:36:20,104 - root - INFO - new node test roc_auc, 0.9225
2025-10-01 21:36:20,104 - root - INFO - save model ./saved_models/JODIE/wikipedia/JODIE_bochner_seed4/JODIE_bochner_seed4.pkl
2025-10-01 21:36:39,684 - root - INFO - Epoch: 16, learning rate: 0.0001, train loss: 0.2732
2025-10-01 21:36:39,684 - root - INFO - train average_precision, 0.9543
2025-10-01 21:36:39,685 - root - INFO - train roc_auc, 0.9526
2025-10-01 21:36:39,685 - root - INFO - validate loss: 0.2832
2025-10-01 21:36:39,685 - root - INFO - validate average_precision, 0.9566
2025-10-01 21:36:39,685 - root - INFO - validate roc_auc, 0.9520
2025-10-01 21:36:39,685 - root - INFO - new node validate loss: 0.3650
2025-10-01 21:36:39,685 - root - INFO - new node validate average_precision, 0.9235
2025-10-01 21:36:39,685 - root - INFO - new node validate roc_auc, 0.9130
2025-10-01 21:36:44,482 - root - INFO - test loss: 0.2982
2025-10-01 21:36:44,483 - root - INFO - test average_precision, 0.9509
2025-10-01 21:36:44,483 - root - INFO - best test average_precision: 0.9522
2025-10-01 21:36:44,483 - root - INFO - test roc_auc, 0.9474
2025-10-01 21:36:44,483 - root - INFO - new node test loss: 0.3498
2025-10-01 21:36:44,483 - root - INFO - new node test average_precision, 0.9326
2025-10-01 21:36:44,483 - root - INFO - new node test roc_auc, 0.9240
2025-10-01 21:36:44,483 - root - INFO - save model ./saved_models/JODIE/wikipedia/JODIE_bochner_seed4/JODIE_bochner_seed4.pkl
2025-10-01 21:37:04,067 - root - INFO - Epoch: 17, learning rate: 0.0001, train loss: 0.2716
2025-10-01 21:37:04,067 - root - INFO - train average_precision, 0.9545
2025-10-01 21:37:04,067 - root - INFO - train roc_auc, 0.9530
2025-10-01 21:37:04,067 - root - INFO - validate loss: 0.2850
2025-10-01 21:37:04,067 - root - INFO - validate average_precision, 0.9565
2025-10-01 21:37:04,067 - root - INFO - validate roc_auc, 0.9517
2025-10-01 21:37:04,067 - root - INFO - new node validate loss: 0.3783
2025-10-01 21:37:04,067 - root - INFO - new node validate average_precision, 0.9205
2025-10-01 21:37:04,067 - root - INFO - new node validate roc_auc, 0.9083
2025-10-01 21:37:08,837 - root - INFO - test loss: 0.2947
2025-10-01 21:37:08,837 - root - INFO - test average_precision, 0.9528
2025-10-01 21:37:08,837 - root - INFO - best test average_precision: 0.9528
2025-10-01 21:37:08,837 - root - INFO - test roc_auc, 0.9496
2025-10-01 21:37:08,837 - root - INFO - new node test loss: 0.3668
2025-10-01 21:37:08,837 - root - INFO - new node test average_precision, 0.9291
2025-10-01 21:37:08,837 - root - INFO - new node test roc_auc, 0.9188
2025-10-01 21:37:27,113 - root - INFO - Epoch: 18, learning rate: 0.0001, train loss: 0.2702
2025-10-01 21:37:27,113 - root - INFO - train average_precision, 0.9552
2025-10-01 21:37:27,113 - root - INFO - train roc_auc, 0.9534
2025-10-01 21:37:27,113 - root - INFO - validate loss: 0.2818
2025-10-01 21:37:27,113 - root - INFO - validate average_precision, 0.9570
2025-10-01 21:37:27,113 - root - INFO - validate roc_auc, 0.9522
2025-10-01 21:37:27,113 - root - INFO - new node validate loss: 0.3738
2025-10-01 21:37:27,113 - root - INFO - new node validate average_precision, 0.9216
2025-10-01 21:37:27,113 - root - INFO - new node validate roc_auc, 0.9099
2025-10-01 21:37:31,856 - root - INFO - test loss: 0.2898
2025-10-01 21:37:31,857 - root - INFO - test average_precision, 0.9558
2025-10-01 21:37:31,857 - root - INFO - best test average_precision: 0.9558
2025-10-01 21:37:31,857 - root - INFO - test roc_auc, 0.9516
2025-10-01 21:37:31,857 - root - INFO - new node test loss: 0.3551
2025-10-01 21:37:31,857 - root - INFO - new node test average_precision, 0.9331
2025-10-01 21:37:31,857 - root - INFO - new node test roc_auc, 0.9244
2025-10-01 21:37:31,857 - root - INFO - save model ./saved_models/JODIE/wikipedia/JODIE_bochner_seed4/JODIE_bochner_seed4.pkl
2025-10-01 21:37:51,686 - root - INFO - Epoch: 19, learning rate: 0.0001, train loss: 0.2627
2025-10-01 21:37:51,687 - root - INFO - train average_precision, 0.9570
2025-10-01 21:37:51,687 - root - INFO - train roc_auc, 0.9557
2025-10-01 21:37:51,687 - root - INFO - validate loss: 0.2813
2025-10-01 21:37:51,687 - root - INFO - validate average_precision, 0.9579
2025-10-01 21:37:51,687 - root - INFO - validate roc_auc, 0.9530
2025-10-01 21:37:51,687 - root - INFO - new node validate loss: 0.3753
2025-10-01 21:37:51,687 - root - INFO - new node validate average_precision, 0.9228
2025-10-01 21:37:51,687 - root - INFO - new node validate roc_auc, 0.9108
2025-10-01 21:37:56,503 - root - INFO - test loss: 0.2911
2025-10-01 21:37:56,503 - root - INFO - test average_precision, 0.9546
2025-10-01 21:37:56,503 - root - INFO - best test average_precision: 0.9558
2025-10-01 21:37:56,503 - root - INFO - test roc_auc, 0.9510
2025-10-01 21:37:56,503 - root - INFO - new node test loss: 0.3655
2025-10-01 21:37:56,503 - root - INFO - new node test average_precision, 0.9310
2025-10-01 21:37:56,503 - root - INFO - new node test roc_auc, 0.9205
2025-10-01 21:37:56,504 - root - INFO - save model ./saved_models/JODIE/wikipedia/JODIE_bochner_seed4/JODIE_bochner_seed4.pkl
2025-10-01 21:38:16,433 - root - INFO - Epoch: 20, learning rate: 0.0001, train loss: 0.2640
2025-10-01 21:38:16,433 - root - INFO - train average_precision, 0.9572
2025-10-01 21:38:16,433 - root - INFO - train roc_auc, 0.9555
2025-10-01 21:38:16,433 - root - INFO - validate loss: 0.2784
2025-10-01 21:38:16,433 - root - INFO - validate average_precision, 0.9590
2025-10-01 21:38:16,433 - root - INFO - validate roc_auc, 0.9541
2025-10-01 21:38:16,433 - root - INFO - new node validate loss: 0.3707
2025-10-01 21:38:16,433 - root - INFO - new node validate average_precision, 0.9243
2025-10-01 21:38:16,433 - root - INFO - new node validate roc_auc, 0.9130
2025-10-01 21:38:21,282 - root - INFO - test loss: 0.2794
2025-10-01 21:38:21,282 - root - INFO - test average_precision, 0.9579
2025-10-01 21:38:21,282 - root - INFO - best test average_precision: 0.9579
2025-10-01 21:38:21,282 - root - INFO - test roc_auc, 0.9543
2025-10-01 21:38:21,282 - root - INFO - new node test loss: 0.3482
2025-10-01 21:38:21,282 - root - INFO - new node test average_precision, 0.9356
2025-10-01 21:38:21,283 - root - INFO - new node test roc_auc, 0.9266
2025-10-01 21:38:21,283 - root - INFO - save model ./saved_models/JODIE/wikipedia/JODIE_bochner_seed4/JODIE_bochner_seed4.pkl
2025-10-01 21:38:41,098 - root - INFO - Epoch: 21, learning rate: 0.0001, train loss: 0.2579
2025-10-01 21:38:41,098 - root - INFO - train average_precision, 0.9585
2025-10-01 21:38:41,099 - root - INFO - train roc_auc, 0.9572
2025-10-01 21:38:41,099 - root - INFO - validate loss: 0.2791
2025-10-01 21:38:41,099 - root - INFO - validate average_precision, 0.9585
2025-10-01 21:38:41,099 - root - INFO - validate roc_auc, 0.9544
2025-10-01 21:38:41,099 - root - INFO - new node validate loss: 0.3693
2025-10-01 21:38:41,099 - root - INFO - new node validate average_precision, 0.9246
2025-10-01 21:38:41,099 - root - INFO - new node validate roc_auc, 0.9136
2025-10-01 21:38:46,006 - root - INFO - test loss: 0.2856
2025-10-01 21:38:46,007 - root - INFO - test average_precision, 0.9563
2025-10-01 21:38:46,007 - root - INFO - best test average_precision: 0.9579
2025-10-01 21:38:46,007 - root - INFO - test roc_auc, 0.9533
2025-10-01 21:38:46,007 - root - INFO - new node test loss: 0.3556
2025-10-01 21:38:46,007 - root - INFO - new node test average_precision, 0.9342
2025-10-01 21:38:46,007 - root - INFO - new node test roc_auc, 0.9252
2025-10-01 21:39:04,580 - root - INFO - Epoch: 22, learning rate: 0.0001, train loss: 0.2551
2025-10-01 21:39:04,581 - root - INFO - train average_precision, 0.9593
2025-10-01 21:39:04,581 - root - INFO - train roc_auc, 0.9581
2025-10-01 21:39:04,581 - root - INFO - validate loss: 0.2685
2025-10-01 21:39:04,581 - root - INFO - validate average_precision, 0.9610
2025-10-01 21:39:04,581 - root - INFO - validate roc_auc, 0.9567
2025-10-01 21:39:04,581 - root - INFO - new node validate loss: 0.3605
2025-10-01 21:39:04,581 - root - INFO - new node validate average_precision, 0.9269
2025-10-01 21:39:04,581 - root - INFO - new node validate roc_auc, 0.9163
2025-10-01 21:39:09,305 - root - INFO - test loss: 0.2827
2025-10-01 21:39:09,305 - root - INFO - test average_precision, 0.9565
2025-10-01 21:39:09,305 - root - INFO - best test average_precision: 0.9579
2025-10-01 21:39:09,305 - root - INFO - test roc_auc, 0.9530
2025-10-01 21:39:09,305 - root - INFO - new node test loss: 0.3413
2025-10-01 21:39:09,305 - root - INFO - new node test average_precision, 0.9381
2025-10-01 21:39:09,305 - root - INFO - new node test roc_auc, 0.9298
2025-10-01 21:39:09,306 - root - INFO - save model ./saved_models/JODIE/wikipedia/JODIE_bochner_seed4/JODIE_bochner_seed4.pkl
2025-10-01 21:39:29,025 - root - INFO - Epoch: 23, learning rate: 0.0001, train loss: 0.2497
2025-10-01 21:39:29,025 - root - INFO - train average_precision, 0.9611
2025-10-01 21:39:29,026 - root - INFO - train roc_auc, 0.9597
2025-10-01 21:39:29,026 - root - INFO - validate loss: 0.2748
2025-10-01 21:39:29,026 - root - INFO - validate average_precision, 0.9595
2025-10-01 21:39:29,026 - root - INFO - validate roc_auc, 0.9554
2025-10-01 21:39:29,026 - root - INFO - new node validate loss: 0.3604
2025-10-01 21:39:29,026 - root - INFO - new node validate average_precision, 0.9278
2025-10-01 21:39:29,026 - root - INFO - new node validate roc_auc, 0.9176
2025-10-01 21:39:33,792 - root - INFO - test loss: 0.2813
2025-10-01 21:39:33,793 - root - INFO - test average_precision, 0.9564
2025-10-01 21:39:33,793 - root - INFO - best test average_precision: 0.9579
2025-10-01 21:39:33,793 - root - INFO - test roc_auc, 0.9539
2025-10-01 21:39:33,793 - root - INFO - new node test loss: 0.3412
2025-10-01 21:39:33,793 - root - INFO - new node test average_precision, 0.9370
2025-10-01 21:39:33,793 - root - INFO - new node test roc_auc, 0.9299
2025-10-01 21:39:52,209 - root - INFO - Epoch: 24, learning rate: 0.0001, train loss: 0.2469
2025-10-01 21:39:52,210 - root - INFO - train average_precision, 0.9616
2025-10-01 21:39:52,210 - root - INFO - train roc_auc, 0.9604
2025-10-01 21:39:52,210 - root - INFO - validate loss: 0.2681
2025-10-01 21:39:52,210 - root - INFO - validate average_precision, 0.9612
2025-10-01 21:39:52,210 - root - INFO - validate roc_auc, 0.9572
2025-10-01 21:39:52,210 - root - INFO - new node validate loss: 0.3568
2025-10-01 21:39:52,210 - root - INFO - new node validate average_precision, 0.9278
2025-10-01 21:39:52,210 - root - INFO - new node validate roc_auc, 0.9179
2025-10-01 21:39:56,946 - root - INFO - test loss: 0.2670
2025-10-01 21:39:56,946 - root - INFO - test average_precision, 0.9610
2025-10-01 21:39:56,946 - root - INFO - best test average_precision: 0.9610
2025-10-01 21:39:56,946 - root - INFO - test roc_auc, 0.9583
2025-10-01 21:39:56,946 - root - INFO - new node test loss: 0.3364
2025-10-01 21:39:56,946 - root - INFO - new node test average_precision, 0.9389
2025-10-01 21:39:56,946 - root - INFO - new node test roc_auc, 0.9313
2025-10-01 21:39:56,946 - root - INFO - save model ./saved_models/JODIE/wikipedia/JODIE_bochner_seed4/JODIE_bochner_seed4.pkl
2025-10-01 21:40:16,490 - root - INFO - Epoch: 25, learning rate: 0.0001, train loss: 0.2456
2025-10-01 21:40:16,490 - root - INFO - train average_precision, 0.9617
2025-10-01 21:40:16,490 - root - INFO - train roc_auc, 0.9607
2025-10-01 21:40:16,490 - root - INFO - validate loss: 0.2699
2025-10-01 21:40:16,490 - root - INFO - validate average_precision, 0.9608
2025-10-01 21:40:16,490 - root - INFO - validate roc_auc, 0.9568
2025-10-01 21:40:16,490 - root - INFO - new node validate loss: 0.3527
2025-10-01 21:40:16,490 - root - INFO - new node validate average_precision, 0.9293
2025-10-01 21:40:16,491 - root - INFO - new node validate roc_auc, 0.9199
2025-10-01 21:40:21,267 - root - INFO - test loss: 0.2823
2025-10-01 21:40:21,267 - root - INFO - test average_precision, 0.9582
2025-10-01 21:40:21,267 - root - INFO - best test average_precision: 0.9610
2025-10-01 21:40:21,267 - root - INFO - test roc_auc, 0.9544
2025-10-01 21:40:21,267 - root - INFO - new node test loss: 0.3409
2025-10-01 21:40:21,267 - root - INFO - new node test average_precision, 0.9379
2025-10-01 21:40:21,268 - root - INFO - new node test roc_auc, 0.9298
2025-10-01 21:40:39,793 - root - INFO - Epoch: 26, learning rate: 0.0001, train loss: 0.2434
2025-10-01 21:40:39,793 - root - INFO - train average_precision, 0.9623
2025-10-01 21:40:39,793 - root - INFO - train roc_auc, 0.9611
2025-10-01 21:40:39,793 - root - INFO - validate loss: 0.2657
2025-10-01 21:40:39,793 - root - INFO - validate average_precision, 0.9623
2025-10-01 21:40:39,793 - root - INFO - validate roc_auc, 0.9584
2025-10-01 21:40:39,793 - root - INFO - new node validate loss: 0.3545
2025-10-01 21:40:39,793 - root - INFO - new node validate average_precision, 0.9298
2025-10-01 21:40:39,793 - root - INFO - new node validate roc_auc, 0.9205
2025-10-01 21:40:44,632 - root - INFO - test loss: 0.2686
2025-10-01 21:40:44,632 - root - INFO - test average_precision, 0.9614
2025-10-01 21:40:44,632 - root - INFO - best test average_precision: 0.9614
2025-10-01 21:40:44,632 - root - INFO - test roc_auc, 0.9585
2025-10-01 21:40:44,632 - root - INFO - new node test loss: 0.3333
2025-10-01 21:40:44,632 - root - INFO - new node test average_precision, 0.9408
2025-10-01 21:40:44,632 - root - INFO - new node test roc_auc, 0.9337
2025-10-01 21:40:44,632 - root - INFO - save model ./saved_models/JODIE/wikipedia/JODIE_bochner_seed4/JODIE_bochner_seed4.pkl
2025-10-01 21:41:04,254 - root - INFO - Epoch: 27, learning rate: 0.0001, train loss: 0.2448
2025-10-01 21:41:04,254 - root - INFO - train average_precision, 0.9616
2025-10-01 21:41:04,254 - root - INFO - train roc_auc, 0.9608
2025-10-01 21:41:04,254 - root - INFO - validate loss: 0.2671
2025-10-01 21:41:04,254 - root - INFO - validate average_precision, 0.9617
2025-10-01 21:41:04,254 - root - INFO - validate roc_auc, 0.9582
2025-10-01 21:41:04,254 - root - INFO - new node validate loss: 0.3551
2025-10-01 21:41:04,254 - root - INFO - new node validate average_precision, 0.9289
2025-10-01 21:41:04,254 - root - INFO - new node validate roc_auc, 0.9203
2025-10-01 21:41:08,976 - root - INFO - test loss: 0.2743
2025-10-01 21:41:08,976 - root - INFO - test average_precision, 0.9594
2025-10-01 21:41:08,976 - root - INFO - best test average_precision: 0.9614
2025-10-01 21:41:08,976 - root - INFO - test roc_auc, 0.9571
2025-10-01 21:41:08,976 - root - INFO - new node test loss: 0.3395
2025-10-01 21:41:08,976 - root - INFO - new node test average_precision, 0.9390
2025-10-01 21:41:08,976 - root - INFO - new node test roc_auc, 0.9321
2025-10-01 21:41:27,435 - root - INFO - Epoch: 28, learning rate: 0.0001, train loss: 0.2382
2025-10-01 21:41:27,435 - root - INFO - train average_precision, 0.9632
2025-10-01 21:41:27,435 - root - INFO - train roc_auc, 0.9627
2025-10-01 21:41:27,435 - root - INFO - validate loss: 0.2614
2025-10-01 21:41:27,435 - root - INFO - validate average_precision, 0.9627
2025-10-01 21:41:27,436 - root - INFO - validate roc_auc, 0.9590
2025-10-01 21:41:27,436 - root - INFO - new node validate loss: 0.3472
2025-10-01 21:41:27,436 - root - INFO - new node validate average_precision, 0.9302
2025-10-01 21:41:27,436 - root - INFO - new node validate roc_auc, 0.9216
2025-10-01 21:41:32,177 - root - INFO - test loss: 0.2613
2025-10-01 21:41:32,178 - root - INFO - test average_precision, 0.9629
2025-10-01 21:41:32,178 - root - INFO - best test average_precision: 0.9629
2025-10-01 21:41:32,178 - root - INFO - test roc_auc, 0.9598
2025-10-01 21:41:32,178 - root - INFO - new node test loss: 0.3256
2025-10-01 21:41:32,178 - root - INFO - new node test average_precision, 0.9420
2025-10-01 21:41:32,178 - root - INFO - new node test roc_auc, 0.9361
2025-10-01 21:41:32,178 - root - INFO - save model ./saved_models/JODIE/wikipedia/JODIE_bochner_seed4/JODIE_bochner_seed4.pkl
2025-10-01 21:41:51,950 - root - INFO - Epoch: 29, learning rate: 0.0001, train loss: 0.2353
2025-10-01 21:41:51,950 - root - INFO - train average_precision, 0.9645
2025-10-01 21:41:51,950 - root - INFO - train roc_auc, 0.9636
2025-10-01 21:41:51,950 - root - INFO - validate loss: 0.2642
2025-10-01 21:41:51,950 - root - INFO - validate average_precision, 0.9631
2025-10-01 21:41:51,950 - root - INFO - validate roc_auc, 0.9594
2025-10-01 21:41:51,950 - root - INFO - new node validate loss: 0.3529
2025-10-01 21:41:51,950 - root - INFO - new node validate average_precision, 0.9304
2025-10-01 21:41:51,950 - root - INFO - new node validate roc_auc, 0.9220
2025-10-01 21:41:56,733 - root - INFO - test loss: 0.2678
2025-10-01 21:41:56,733 - root - INFO - test average_precision, 0.9611
2025-10-01 21:41:56,734 - root - INFO - best test average_precision: 0.9629
2025-10-01 21:41:56,734 - root - INFO - test roc_auc, 0.9585
2025-10-01 21:41:56,734 - root - INFO - new node test loss: 0.3332
2025-10-01 21:41:56,734 - root - INFO - new node test average_precision, 0.9397
2025-10-01 21:41:56,734 - root - INFO - new node test roc_auc, 0.9337
2025-10-01 21:41:56,734 - root - INFO - save model ./saved_models/JODIE/wikipedia/JODIE_bochner_seed4/JODIE_bochner_seed4.pkl
2025-10-01 21:42:16,393 - root - INFO - Epoch: 30, learning rate: 0.0001, train loss: 0.2347
2025-10-01 21:42:16,393 - root - INFO - train average_precision, 0.9645
2025-10-01 21:42:16,393 - root - INFO - train roc_auc, 0.9638
2025-10-01 21:42:16,393 - root - INFO - validate loss: 0.2623
2025-10-01 21:42:16,393 - root - INFO - validate average_precision, 0.9632
2025-10-01 21:42:16,393 - root - INFO - validate roc_auc, 0.9596
2025-10-01 21:42:16,393 - root - INFO - new node validate loss: 0.3550
2025-10-01 21:42:16,393 - root - INFO - new node validate average_precision, 0.9294
2025-10-01 21:42:16,393 - root - INFO - new node validate roc_auc, 0.9204
2025-10-01 21:42:21,102 - root - INFO - test loss: 0.2677
2025-10-01 21:42:21,102 - root - INFO - test average_precision, 0.9611
2025-10-01 21:42:21,102 - root - INFO - best test average_precision: 0.9629
2025-10-01 21:42:21,102 - root - INFO - test roc_auc, 0.9589
2025-10-01 21:42:21,102 - root - INFO - new node test loss: 0.3338
2025-10-01 21:42:21,102 - root - INFO - new node test average_precision, 0.9407
2025-10-01 21:42:21,102 - root - INFO - new node test roc_auc, 0.9337
2025-10-01 21:42:21,102 - root - INFO - save model ./saved_models/JODIE/wikipedia/JODIE_bochner_seed4/JODIE_bochner_seed4.pkl
2025-10-01 21:42:40,407 - root - INFO - Epoch: 31, learning rate: 0.0001, train loss: 0.2356
2025-10-01 21:42:40,407 - root - INFO - train average_precision, 0.9641
2025-10-01 21:42:40,407 - root - INFO - train roc_auc, 0.9634
2025-10-01 21:42:40,408 - root - INFO - validate loss: 0.2611
2025-10-01 21:42:40,408 - root - INFO - validate average_precision, 0.9625
2025-10-01 21:42:40,408 - root - INFO - validate roc_auc, 0.9593
2025-10-01 21:42:40,408 - root - INFO - new node validate loss: 0.3438
2025-10-01 21:42:40,408 - root - INFO - new node validate average_precision, 0.9306
2025-10-01 21:42:40,408 - root - INFO - new node validate roc_auc, 0.9222
2025-10-01 21:42:45,120 - root - INFO - test loss: 0.2598
2025-10-01 21:42:45,120 - root - INFO - test average_precision, 0.9634
2025-10-01 21:42:45,120 - root - INFO - best test average_precision: 0.9634
2025-10-01 21:42:45,120 - root - INFO - test roc_auc, 0.9608
2025-10-01 21:42:45,120 - root - INFO - new node test loss: 0.3226
2025-10-01 21:42:45,120 - root - INFO - new node test average_precision, 0.9430
2025-10-01 21:42:45,120 - root - INFO - new node test roc_auc, 0.9375
2025-10-01 21:43:03,620 - root - INFO - Epoch: 32, learning rate: 0.0001, train loss: 0.2319
2025-10-01 21:43:03,621 - root - INFO - train average_precision, 0.9651
2025-10-01 21:43:03,621 - root - INFO - train roc_auc, 0.9646
2025-10-01 21:43:03,621 - root - INFO - validate loss: 0.2658
2025-10-01 21:43:03,621 - root - INFO - validate average_precision, 0.9625
2025-10-01 21:43:03,621 - root - INFO - validate roc_auc, 0.9593
2025-10-01 21:43:03,621 - root - INFO - new node validate loss: 0.3560
2025-10-01 21:43:03,621 - root - INFO - new node validate average_precision, 0.9298
2025-10-01 21:43:03,621 - root - INFO - new node validate roc_auc, 0.9209
2025-10-01 21:43:08,227 - root - INFO - test loss: 0.2685
2025-10-01 21:43:08,228 - root - INFO - test average_precision, 0.9624
2025-10-01 21:43:08,228 - root - INFO - best test average_precision: 0.9634
2025-10-01 21:43:08,228 - root - INFO - test roc_auc, 0.9601
2025-10-01 21:43:08,228 - root - INFO - new node test loss: 0.3346
2025-10-01 21:43:08,228 - root - INFO - new node test average_precision, 0.9408
2025-10-01 21:43:08,228 - root - INFO - new node test roc_auc, 0.9362
2025-10-01 21:43:26,637 - root - INFO - Epoch: 33, learning rate: 0.0001, train loss: 0.2303
2025-10-01 21:43:26,637 - root - INFO - train average_precision, 0.9651
2025-10-01 21:43:26,637 - root - INFO - train roc_auc, 0.9649
2025-10-01 21:43:26,637 - root - INFO - validate loss: 0.2617
2025-10-01 21:43:26,637 - root - INFO - validate average_precision, 0.9633
2025-10-01 21:43:26,637 - root - INFO - validate roc_auc, 0.9601
2025-10-01 21:43:26,637 - root - INFO - new node validate loss: 0.3461
2025-10-01 21:43:26,637 - root - INFO - new node validate average_precision, 0.9317
2025-10-01 21:43:26,637 - root - INFO - new node validate roc_auc, 0.9233
2025-10-01 21:43:31,373 - root - INFO - test loss: 0.2620
2025-10-01 21:43:31,373 - root - INFO - test average_precision, 0.9628
2025-10-01 21:43:31,373 - root - INFO - best test average_precision: 0.9634
2025-10-01 21:43:31,373 - root - INFO - test roc_auc, 0.9607
2025-10-01 21:43:31,373 - root - INFO - new node test loss: 0.3279
2025-10-01 21:43:31,373 - root - INFO - new node test average_precision, 0.9416
2025-10-01 21:43:31,373 - root - INFO - new node test roc_auc, 0.9367
2025-10-01 21:43:31,373 - root - INFO - save model ./saved_models/JODIE/wikipedia/JODIE_bochner_seed4/JODIE_bochner_seed4.pkl
2025-10-01 21:43:50,825 - root - INFO - Epoch: 34, learning rate: 0.0001, train loss: 0.2289
2025-10-01 21:43:50,825 - root - INFO - train average_precision, 0.9660
2025-10-01 21:43:50,825 - root - INFO - train roc_auc, 0.9654
2025-10-01 21:43:50,825 - root - INFO - validate loss: 0.2599
2025-10-01 21:43:50,825 - root - INFO - validate average_precision, 0.9641
2025-10-01 21:43:50,825 - root - INFO - validate roc_auc, 0.9604
2025-10-01 21:43:50,825 - root - INFO - new node validate loss: 0.3448
2025-10-01 21:43:50,825 - root - INFO - new node validate average_precision, 0.9332
2025-10-01 21:43:50,825 - root - INFO - new node validate roc_auc, 0.9244
2025-10-01 21:43:55,564 - root - INFO - test loss: 0.2652
2025-10-01 21:43:55,564 - root - INFO - test average_precision, 0.9629
2025-10-01 21:43:55,564 - root - INFO - best test average_precision: 0.9634
2025-10-01 21:43:55,564 - root - INFO - test roc_auc, 0.9599
2025-10-01 21:43:55,564 - root - INFO - new node test loss: 0.3217
2025-10-01 21:43:55,564 - root - INFO - new node test average_precision, 0.9450
2025-10-01 21:43:55,564 - root - INFO - new node test roc_auc, 0.9383
2025-10-01 21:43:55,564 - root - INFO - save model ./saved_models/JODIE/wikipedia/JODIE_bochner_seed4/JODIE_bochner_seed4.pkl
2025-10-01 21:44:15,003 - root - INFO - Epoch: 35, learning rate: 0.0001, train loss: 0.2291
2025-10-01 21:44:15,003 - root - INFO - train average_precision, 0.9654
2025-10-01 21:44:15,003 - root - INFO - train roc_auc, 0.9651
2025-10-01 21:44:15,003 - root - INFO - validate loss: 0.2635
2025-10-01 21:44:15,004 - root - INFO - validate average_precision, 0.9645
2025-10-01 21:44:15,004 - root - INFO - validate roc_auc, 0.9609
2025-10-01 21:44:15,004 - root - INFO - new node validate loss: 0.3487
2025-10-01 21:44:15,004 - root - INFO - new node validate average_precision, 0.9330
2025-10-01 21:44:15,004 - root - INFO - new node validate roc_auc, 0.9246
2025-10-01 21:44:19,700 - root - INFO - test loss: 0.2705
2025-10-01 21:44:19,700 - root - INFO - test average_precision, 0.9621
2025-10-01 21:44:19,700 - root - INFO - best test average_precision: 0.9634
2025-10-01 21:44:19,700 - root - INFO - test roc_auc, 0.9595
2025-10-01 21:44:19,700 - root - INFO - new node test loss: 0.3279
2025-10-01 21:44:19,700 - root - INFO - new node test average_precision, 0.9433
2025-10-01 21:44:19,700 - root - INFO - new node test roc_auc, 0.9377
2025-10-01 21:44:19,700 - root - INFO - save model ./saved_models/JODIE/wikipedia/JODIE_bochner_seed4/JODIE_bochner_seed4.pkl
2025-10-01 21:44:39,185 - root - INFO - Epoch: 36, learning rate: 0.0001, train loss: 0.2247
2025-10-01 21:44:39,186 - root - INFO - train average_precision, 0.9671
2025-10-01 21:44:39,186 - root - INFO - train roc_auc, 0.9663
2025-10-01 21:44:39,186 - root - INFO - validate loss: 0.2594
2025-10-01 21:44:39,186 - root - INFO - validate average_precision, 0.9645
2025-10-01 21:44:39,186 - root - INFO - validate roc_auc, 0.9612
2025-10-01 21:44:39,186 - root - INFO - new node validate loss: 0.3502
2025-10-01 21:44:39,186 - root - INFO - new node validate average_precision, 0.9318
2025-10-01 21:44:39,186 - root - INFO - new node validate roc_auc, 0.9228
2025-10-01 21:44:43,925 - root - INFO - test loss: 0.2654
2025-10-01 21:44:43,926 - root - INFO - test average_precision, 0.9630
2025-10-01 21:44:43,926 - root - INFO - best test average_precision: 0.9634
2025-10-01 21:44:43,926 - root - INFO - test roc_auc, 0.9604
2025-10-01 21:44:43,926 - root - INFO - new node test loss: 0.3381
2025-10-01 21:44:43,926 - root - INFO - new node test average_precision, 0.9407
2025-10-01 21:44:43,926 - root - INFO - new node test roc_auc, 0.9341
2025-10-01 21:44:43,926 - root - INFO - save model ./saved_models/JODIE/wikipedia/JODIE_bochner_seed4/JODIE_bochner_seed4.pkl
2025-10-01 21:45:03,419 - root - INFO - Epoch: 37, learning rate: 0.0001, train loss: 0.2211
2025-10-01 21:45:03,419 - root - INFO - train average_precision, 0.9676
2025-10-01 21:45:03,419 - root - INFO - train roc_auc, 0.9672
2025-10-01 21:45:03,419 - root - INFO - validate loss: 0.2566
2025-10-01 21:45:03,419 - root - INFO - validate average_precision, 0.9645
2025-10-01 21:45:03,419 - root - INFO - validate roc_auc, 0.9616
2025-10-01 21:45:03,419 - root - INFO - new node validate loss: 0.3406
2025-10-01 21:45:03,419 - root - INFO - new node validate average_precision, 0.9333
2025-10-01 21:45:03,419 - root - INFO - new node validate roc_auc, 0.9252
2025-10-01 21:45:08,161 - root - INFO - test loss: 0.2621
2025-10-01 21:45:08,161 - root - INFO - test average_precision, 0.9631
2025-10-01 21:45:08,161 - root - INFO - best test average_precision: 0.9634
2025-10-01 21:45:08,161 - root - INFO - test roc_auc, 0.9607
2025-10-01 21:45:08,161 - root - INFO - new node test loss: 0.3235
2025-10-01 21:45:08,161 - root - INFO - new node test average_precision, 0.9432
2025-10-01 21:45:08,161 - root - INFO - new node test roc_auc, 0.9386
2025-10-01 21:45:26,389 - root - INFO - Epoch: 38, learning rate: 0.0001, train loss: 0.2222
2025-10-01 21:45:26,389 - root - INFO - train average_precision, 0.9675
2025-10-01 21:45:26,389 - root - INFO - train roc_auc, 0.9671
2025-10-01 21:45:26,389 - root - INFO - validate loss: 0.2591
2025-10-01 21:45:26,389 - root - INFO - validate average_precision, 0.9648
2025-10-01 21:45:26,389 - root - INFO - validate roc_auc, 0.9615
2025-10-01 21:45:26,389 - root - INFO - new node validate loss: 0.3443
2025-10-01 21:45:26,389 - root - INFO - new node validate average_precision, 0.9331
2025-10-01 21:45:26,389 - root - INFO - new node validate roc_auc, 0.9246
2025-10-01 21:45:31,075 - root - INFO - test loss: 0.2634
2025-10-01 21:45:31,075 - root - INFO - test average_precision, 0.9635
2025-10-01 21:45:31,075 - root - INFO - best test average_precision: 0.9635
2025-10-01 21:45:31,075 - root - INFO - test roc_auc, 0.9606
2025-10-01 21:45:31,075 - root - INFO - new node test loss: 0.3285
2025-10-01 21:45:31,076 - root - INFO - new node test average_precision, 0.9435
2025-10-01 21:45:31,076 - root - INFO - new node test roc_auc, 0.9373
2025-10-01 21:45:31,076 - root - INFO - save model ./saved_models/JODIE/wikipedia/JODIE_bochner_seed4/JODIE_bochner_seed4.pkl
2025-10-01 21:45:50,725 - root - INFO - Epoch: 39, learning rate: 0.0001, train loss: 0.2219
2025-10-01 21:45:50,725 - root - INFO - train average_precision, 0.9671
2025-10-01 21:45:50,725 - root - INFO - train roc_auc, 0.9670
2025-10-01 21:45:50,725 - root - INFO - validate loss: 0.2585
2025-10-01 21:45:50,725 - root - INFO - validate average_precision, 0.9654
2025-10-01 21:45:50,725 - root - INFO - validate roc_auc, 0.9622
2025-10-01 21:45:50,725 - root - INFO - new node validate loss: 0.3489
2025-10-01 21:45:50,725 - root - INFO - new node validate average_precision, 0.9320
2025-10-01 21:45:50,725 - root - INFO - new node validate roc_auc, 0.9238
2025-10-01 21:45:55,449 - root - INFO - test loss: 0.2638
2025-10-01 21:45:55,449 - root - INFO - test average_precision, 0.9630
2025-10-01 21:45:55,449 - root - INFO - best test average_precision: 0.9635
2025-10-01 21:45:55,449 - root - INFO - test roc_auc, 0.9608
2025-10-01 21:45:55,449 - root - INFO - new node test loss: 0.3356
2025-10-01 21:45:55,449 - root - INFO - new node test average_precision, 0.9408
2025-10-01 21:45:55,449 - root - INFO - new node test roc_auc, 0.9355
2025-10-01 21:45:55,449 - root - INFO - save model ./saved_models/JODIE/wikipedia/JODIE_bochner_seed4/JODIE_bochner_seed4.pkl
2025-10-01 21:46:15,265 - root - INFO - Epoch: 40, learning rate: 0.0001, train loss: 0.2183
2025-10-01 21:46:15,265 - root - INFO - train average_precision, 0.9680
2025-10-01 21:46:15,265 - root - INFO - train roc_auc, 0.9680
2025-10-01 21:46:15,265 - root - INFO - validate loss: 0.2626
2025-10-01 21:46:15,265 - root - INFO - validate average_precision, 0.9645
2025-10-01 21:46:15,265 - root - INFO - validate roc_auc, 0.9612
2025-10-01 21:46:15,265 - root - INFO - new node validate loss: 0.3465
2025-10-01 21:46:15,265 - root - INFO - new node validate average_precision, 0.9337
2025-10-01 21:46:15,265 - root - INFO - new node validate roc_auc, 0.9257
2025-10-01 21:46:20,020 - root - INFO - test loss: 0.2694
2025-10-01 21:46:20,020 - root - INFO - test average_precision, 0.9632
2025-10-01 21:46:20,020 - root - INFO - best test average_precision: 0.9635
2025-10-01 21:46:20,020 - root - INFO - test roc_auc, 0.9603
2025-10-01 21:46:20,020 - root - INFO - new node test loss: 0.3331
2025-10-01 21:46:20,020 - root - INFO - new node test average_precision, 0.9430
2025-10-01 21:46:20,021 - root - INFO - new node test roc_auc, 0.9377
2025-10-01 21:46:38,267 - root - INFO - Epoch: 41, learning rate: 0.0001, train loss: 0.2160
2025-10-01 21:46:38,267 - root - INFO - train average_precision, 0.9684
2025-10-01 21:46:38,267 - root - INFO - train roc_auc, 0.9685
2025-10-01 21:46:38,267 - root - INFO - validate loss: 0.2611
2025-10-01 21:46:38,267 - root - INFO - validate average_precision, 0.9649
2025-10-01 21:46:38,267 - root - INFO - validate roc_auc, 0.9615
2025-10-01 21:46:38,267 - root - INFO - new node validate loss: 0.3479
2025-10-01 21:46:38,268 - root - INFO - new node validate average_precision, 0.9340
2025-10-01 21:46:38,268 - root - INFO - new node validate roc_auc, 0.9251
2025-10-01 21:46:42,955 - root - INFO - test loss: 0.2683
2025-10-01 21:46:42,956 - root - INFO - test average_precision, 0.9623
2025-10-01 21:46:42,956 - root - INFO - best test average_precision: 0.9635
2025-10-01 21:46:42,956 - root - INFO - test roc_auc, 0.9599
2025-10-01 21:46:42,956 - root - INFO - new node test loss: 0.3329
2025-10-01 21:46:42,956 - root - INFO - new node test average_precision, 0.9421
2025-10-01 21:46:42,956 - root - INFO - new node test roc_auc, 0.9369
2025-10-01 21:47:01,301 - root - INFO - Epoch: 42, learning rate: 0.0001, train loss: 0.2143
2025-10-01 21:47:01,301 - root - INFO - train average_precision, 0.9686
2025-10-01 21:47:01,301 - root - INFO - train roc_auc, 0.9689
2025-10-01 21:47:01,301 - root - INFO - validate loss: 0.2571
2025-10-01 21:47:01,301 - root - INFO - validate average_precision, 0.9643
2025-10-01 21:47:01,301 - root - INFO - validate roc_auc, 0.9615
2025-10-01 21:47:01,301 - root - INFO - new node validate loss: 0.3404
2025-10-01 21:47:01,301 - root - INFO - new node validate average_precision, 0.9338
2025-10-01 21:47:01,302 - root - INFO - new node validate roc_auc, 0.9256
2025-10-01 21:47:06,012 - root - INFO - test loss: 0.2614
2025-10-01 21:47:06,012 - root - INFO - test average_precision, 0.9637
2025-10-01 21:47:06,012 - root - INFO - best test average_precision: 0.9637
2025-10-01 21:47:06,012 - root - INFO - test roc_auc, 0.9611
2025-10-01 21:47:06,012 - root - INFO - new node test loss: 0.3236
2025-10-01 21:47:06,012 - root - INFO - new node test average_precision, 0.9440
2025-10-01 21:47:06,012 - root - INFO - new node test roc_auc, 0.9393
2025-10-01 21:47:24,385 - root - INFO - Epoch: 43, learning rate: 0.0001, train loss: 0.2141
2025-10-01 21:47:24,385 - root - INFO - train average_precision, 0.9687
2025-10-01 21:47:24,385 - root - INFO - train roc_auc, 0.9689
2025-10-01 21:47:24,385 - root - INFO - validate loss: 0.2614
2025-10-01 21:47:24,385 - root - INFO - validate average_precision, 0.9646
2025-10-01 21:47:24,385 - root - INFO - validate roc_auc, 0.9613
2025-10-01 21:47:24,385 - root - INFO - new node validate loss: 0.3484
2025-10-01 21:47:24,385 - root - INFO - new node validate average_precision, 0.9330
2025-10-01 21:47:24,386 - root - INFO - new node validate roc_auc, 0.9246
2025-10-01 21:47:29,086 - root - INFO - test loss: 0.2659
2025-10-01 21:47:29,087 - root - INFO - test average_precision, 0.9629
2025-10-01 21:47:29,087 - root - INFO - best test average_precision: 0.9637
2025-10-01 21:47:29,087 - root - INFO - test roc_auc, 0.9606
2025-10-01 21:47:29,087 - root - INFO - new node test loss: 0.3327
2025-10-01 21:47:29,087 - root - INFO - new node test average_precision, 0.9423
2025-10-01 21:47:29,087 - root - INFO - new node test roc_auc, 0.9368
2025-10-01 21:47:47,364 - root - INFO - Epoch: 44, learning rate: 0.0001, train loss: 0.2125
2025-10-01 21:47:47,364 - root - INFO - train average_precision, 0.9694
2025-10-01 21:47:47,364 - root - INFO - train roc_auc, 0.9694
2025-10-01 21:47:47,364 - root - INFO - validate loss: 0.2634
2025-10-01 21:47:47,364 - root - INFO - validate average_precision, 0.9641
2025-10-01 21:47:47,365 - root - INFO - validate roc_auc, 0.9610
2025-10-01 21:47:47,365 - root - INFO - new node validate loss: 0.3501
2025-10-01 21:47:47,365 - root - INFO - new node validate average_precision, 0.9332
2025-10-01 21:47:47,365 - root - INFO - new node validate roc_auc, 0.9249
2025-10-01 21:47:52,051 - root - INFO - test loss: 0.2729
2025-10-01 21:47:52,052 - root - INFO - test average_precision, 0.9613
2025-10-01 21:47:52,052 - root - INFO - best test average_precision: 0.9637
2025-10-01 21:47:52,052 - root - INFO - test roc_auc, 0.9588
2025-10-01 21:47:52,052 - root - INFO - new node test loss: 0.3377
2025-10-01 21:47:52,052 - root - INFO - new node test average_precision, 0.9418
2025-10-01 21:47:52,052 - root - INFO - new node test roc_auc, 0.9357
2025-10-01 21:48:10,428 - root - INFO - Epoch: 45, learning rate: 0.0001, train loss: 0.2110
2025-10-01 21:48:10,428 - root - INFO - train average_precision, 0.9697
2025-10-01 21:48:10,428 - root - INFO - train roc_auc, 0.9698
2025-10-01 21:48:10,428 - root - INFO - validate loss: 0.2596
2025-10-01 21:48:10,428 - root - INFO - validate average_precision, 0.9647
2025-10-01 21:48:10,429 - root - INFO - validate roc_auc, 0.9615
2025-10-01 21:48:10,429 - root - INFO - new node validate loss: 0.3485
2025-10-01 21:48:10,429 - root - INFO - new node validate average_precision, 0.9321
2025-10-01 21:48:10,429 - root - INFO - new node validate roc_auc, 0.9239
2025-10-01 21:48:15,168 - root - INFO - test loss: 0.2661
2025-10-01 21:48:15,168 - root - INFO - test average_precision, 0.9626
2025-10-01 21:48:15,168 - root - INFO - best test average_precision: 0.9637
2025-10-01 21:48:15,168 - root - INFO - test roc_auc, 0.9604
2025-10-01 21:48:15,168 - root - INFO - new node test loss: 0.3311
2025-10-01 21:48:15,168 - root - INFO - new node test average_precision, 0.9419
2025-10-01 21:48:15,168 - root - INFO - new node test roc_auc, 0.9373
2025-10-01 21:48:33,426 - root - INFO - Epoch: 46, learning rate: 0.0001, train loss: 0.2115
2025-10-01 21:48:33,427 - root - INFO - train average_precision, 0.9697
2025-10-01 21:48:33,427 - root - INFO - train roc_auc, 0.9696
2025-10-01 21:48:33,427 - root - INFO - validate loss: 0.2634
2025-10-01 21:48:33,427 - root - INFO - validate average_precision, 0.9653
2025-10-01 21:48:33,427 - root - INFO - validate roc_auc, 0.9621
2025-10-01 21:48:33,427 - root - INFO - new node validate loss: 0.3487
2025-10-01 21:48:33,427 - root - INFO - new node validate average_precision, 0.9353
2025-10-01 21:48:33,427 - root - INFO - new node validate roc_auc, 0.9269
2025-10-01 21:48:38,166 - root - INFO - test loss: 0.2676
2025-10-01 21:48:38,166 - root - INFO - test average_precision, 0.9637
2025-10-01 21:48:38,166 - root - INFO - best test average_precision: 0.9637
2025-10-01 21:48:38,166 - root - INFO - test roc_auc, 0.9614
2025-10-01 21:48:38,166 - root - INFO - new node test loss: 0.3369
2025-10-01 21:48:38,167 - root - INFO - new node test average_precision, 0.9430
2025-10-01 21:48:38,167 - root - INFO - new node test roc_auc, 0.9372
2025-10-01 21:48:56,532 - root - INFO - Epoch: 47, learning rate: 0.0001, train loss: 0.2107
2025-10-01 21:48:56,532 - root - INFO - train average_precision, 0.9699
2025-10-01 21:48:56,532 - root - INFO - train roc_auc, 0.9699
2025-10-01 21:48:56,532 - root - INFO - validate loss: 0.2658
2025-10-01 21:48:56,532 - root - INFO - validate average_precision, 0.9646
2025-10-01 21:48:56,532 - root - INFO - validate roc_auc, 0.9612
2025-10-01 21:48:56,532 - root - INFO - new node validate loss: 0.3505
2025-10-01 21:48:56,532 - root - INFO - new node validate average_precision, 0.9344
2025-10-01 21:48:56,532 - root - INFO - new node validate roc_auc, 0.9260
2025-10-01 21:49:01,263 - root - INFO - test loss: 0.2841
2025-10-01 21:49:01,263 - root - INFO - test average_precision, 0.9587
2025-10-01 21:49:01,263 - root - INFO - best test average_precision: 0.9637
2025-10-01 21:49:01,263 - root - INFO - test roc_auc, 0.9558
2025-10-01 21:49:01,263 - root - INFO - new node test loss: 0.3478
2025-10-01 21:49:01,263 - root - INFO - new node test average_precision, 0.9386
2025-10-01 21:49:01,263 - root - INFO - new node test roc_auc, 0.9321
2025-10-01 21:49:19,475 - root - INFO - Epoch: 48, learning rate: 0.0001, train loss: 0.2068
2025-10-01 21:49:19,475 - root - INFO - train average_precision, 0.9703
2025-10-01 21:49:19,475 - root - INFO - train roc_auc, 0.9709
2025-10-01 21:49:19,475 - root - INFO - validate loss: 0.2605
2025-10-01 21:49:19,475 - root - INFO - validate average_precision, 0.9651
2025-10-01 21:49:19,475 - root - INFO - validate roc_auc, 0.9620
2025-10-01 21:49:19,475 - root - INFO - new node validate loss: 0.3429
2025-10-01 21:49:19,476 - root - INFO - new node validate average_precision, 0.9350
2025-10-01 21:49:19,476 - root - INFO - new node validate roc_auc, 0.9275
2025-10-01 21:49:24,185 - root - INFO - test loss: 0.2709
2025-10-01 21:49:24,185 - root - INFO - test average_precision, 0.9617
2025-10-01 21:49:24,185 - root - INFO - best test average_precision: 0.9637
2025-10-01 21:49:24,185 - root - INFO - test roc_auc, 0.9592
2025-10-01 21:49:24,186 - root - INFO - new node test loss: 0.3274
2025-10-01 21:49:24,186 - root - INFO - new node test average_precision, 0.9437
2025-10-01 21:49:24,186 - root - INFO - new node test roc_auc, 0.9394
2025-10-01 21:49:42,493 - root - INFO - Epoch: 49, learning rate: 0.0001, train loss: 0.2067
2025-10-01 21:49:42,493 - root - INFO - train average_precision, 0.9708
2025-10-01 21:49:42,493 - root - INFO - train roc_auc, 0.9708
2025-10-01 21:49:42,493 - root - INFO - validate loss: 0.2664
2025-10-01 21:49:42,493 - root - INFO - validate average_precision, 0.9647
2025-10-01 21:49:42,493 - root - INFO - validate roc_auc, 0.9614
2025-10-01 21:49:42,493 - root - INFO - new node validate loss: 0.3546
2025-10-01 21:49:42,493 - root - INFO - new node validate average_precision, 0.9328
2025-10-01 21:49:42,493 - root - INFO - new node validate roc_auc, 0.9245
2025-10-01 21:49:47,480 - root - INFO - test loss: 0.2783
2025-10-01 21:49:47,480 - root - INFO - test average_precision, 0.9610
2025-10-01 21:49:47,481 - root - INFO - best test average_precision: 0.9637
2025-10-01 21:49:47,481 - root - INFO - test roc_auc, 0.9583
2025-10-01 21:49:47,481 - root - INFO - new node test loss: 0.3385
2025-10-01 21:49:47,481 - root - INFO - new node test average_precision, 0.9424
2025-10-01 21:49:47,481 - root - INFO - new node test roc_auc, 0.9364
2025-10-01 21:50:05,884 - root - INFO - Epoch: 50, learning rate: 0.0001, train loss: 0.2048
2025-10-01 21:50:05,884 - root - INFO - train average_precision, 0.9712
2025-10-01 21:50:05,884 - root - INFO - train roc_auc, 0.9713
2025-10-01 21:50:05,885 - root - INFO - validate loss: 0.2615
2025-10-01 21:50:05,885 - root - INFO - validate average_precision, 0.9652
2025-10-01 21:50:05,885 - root - INFO - validate roc_auc, 0.9618
2025-10-01 21:50:05,885 - root - INFO - new node validate loss: 0.3462
2025-10-01 21:50:05,885 - root - INFO - new node validate average_precision, 0.9349
2025-10-01 21:50:05,885 - root - INFO - new node validate roc_auc, 0.9264
2025-10-01 21:50:10,611 - root - INFO - test loss: 0.2697
2025-10-01 21:50:10,611 - root - INFO - test average_precision, 0.9630
2025-10-01 21:50:10,611 - root - INFO - best test average_precision: 0.9637
2025-10-01 21:50:10,611 - root - INFO - test roc_auc, 0.9604
2025-10-01 21:50:10,611 - root - INFO - new node test loss: 0.3279
2025-10-01 21:50:10,611 - root - INFO - new node test average_precision, 0.9433
2025-10-01 21:50:10,611 - root - INFO - new node test roc_auc, 0.9383
2025-10-01 21:50:28,823 - root - INFO - Epoch: 51, learning rate: 0.0001, train loss: 0.2032
2025-10-01 21:50:28,823 - root - INFO - train average_precision, 0.9713
2025-10-01 21:50:28,823 - root - INFO - train roc_auc, 0.9717
2025-10-01 21:50:28,823 - root - INFO - validate loss: 0.2637
2025-10-01 21:50:28,823 - root - INFO - validate average_precision, 0.9656
2025-10-01 21:50:28,824 - root - INFO - validate roc_auc, 0.9619
2025-10-01 21:50:28,824 - root - INFO - new node validate loss: 0.3525
2025-10-01 21:50:28,824 - root - INFO - new node validate average_precision, 0.9335
2025-10-01 21:50:28,824 - root - INFO - new node validate roc_auc, 0.9251
2025-10-01 21:50:33,513 - root - INFO - test loss: 0.2639
2025-10-01 21:50:33,513 - root - INFO - test average_precision, 0.9645
2025-10-01 21:50:33,513 - root - INFO - best test average_precision: 0.9645
2025-10-01 21:50:33,513 - root - INFO - test roc_auc, 0.9621
2025-10-01 21:50:33,513 - root - INFO - new node test loss: 0.3346
2025-10-01 21:50:33,513 - root - INFO - new node test average_precision, 0.9424
2025-10-01 21:50:33,513 - root - INFO - new node test roc_auc, 0.9373
2025-10-01 21:50:51,915 - root - INFO - Epoch: 52, learning rate: 0.0001, train loss: 0.2045
2025-10-01 21:50:51,915 - root - INFO - train average_precision, 0.9708
2025-10-01 21:50:51,915 - root - INFO - train roc_auc, 0.9712
2025-10-01 21:50:51,915 - root - INFO - validate loss: 0.2597
2025-10-01 21:50:51,915 - root - INFO - validate average_precision, 0.9657
2025-10-01 21:50:51,915 - root - INFO - validate roc_auc, 0.9624
2025-10-01 21:50:51,915 - root - INFO - new node validate loss: 0.3408
2025-10-01 21:50:51,915 - root - INFO - new node validate average_precision, 0.9359
2025-10-01 21:50:51,915 - root - INFO - new node validate roc_auc, 0.9282
2025-10-01 21:50:56,633 - root - INFO - test loss: 0.2683
2025-10-01 21:50:56,633 - root - INFO - test average_precision, 0.9625
2025-10-01 21:50:56,633 - root - INFO - best test average_precision: 0.9645
2025-10-01 21:50:56,633 - root - INFO - test roc_auc, 0.9602
2025-10-01 21:50:56,633 - root - INFO - new node test loss: 0.3268
2025-10-01 21:50:56,633 - root - INFO - new node test average_precision, 0.9437
2025-10-01 21:50:56,633 - root - INFO - new node test roc_auc, 0.9391
2025-10-01 21:50:56,634 - root - INFO - save model ./saved_models/JODIE/wikipedia/JODIE_bochner_seed4/JODIE_bochner_seed4.pkl
2025-10-01 21:51:16,000 - root - INFO - Epoch: 53, learning rate: 0.0001, train loss: 0.2032
2025-10-01 21:51:16,000 - root - INFO - train average_precision, 0.9715
2025-10-01 21:51:16,000 - root - INFO - train roc_auc, 0.9716
2025-10-01 21:51:16,000 - root - INFO - validate loss: 0.2597
2025-10-01 21:51:16,000 - root - INFO - validate average_precision, 0.9659
2025-10-01 21:51:16,000 - root - INFO - validate roc_auc, 0.9625
2025-10-01 21:51:16,000 - root - INFO - new node validate loss: 0.3473
2025-10-01 21:51:16,000 - root - INFO - new node validate average_precision, 0.9347
2025-10-01 21:51:16,000 - root - INFO - new node validate roc_auc, 0.9265
2025-10-01 21:51:20,740 - root - INFO - test loss: 0.2603
2025-10-01 21:51:20,740 - root - INFO - test average_precision, 0.9648
2025-10-01 21:51:20,741 - root - INFO - best test average_precision: 0.9648
2025-10-01 21:51:20,741 - root - INFO - test roc_auc, 0.9627
2025-10-01 21:51:20,741 - root - INFO - new node test loss: 0.3277
2025-10-01 21:51:20,741 - root - INFO - new node test average_precision, 0.9435
2025-10-01 21:51:20,741 - root - INFO - new node test roc_auc, 0.9391
2025-10-01 21:51:20,741 - root - INFO - save model ./saved_models/JODIE/wikipedia/JODIE_bochner_seed4/JODIE_bochner_seed4.pkl
2025-10-01 21:51:40,232 - root - INFO - Epoch: 54, learning rate: 0.0001, train loss: 0.2044
2025-10-01 21:51:40,232 - root - INFO - train average_precision, 0.9709
2025-10-01 21:51:40,232 - root - INFO - train roc_auc, 0.9713
2025-10-01 21:51:40,232 - root - INFO - validate loss: 0.2632
2025-10-01 21:51:40,232 - root - INFO - validate average_precision, 0.9640
2025-10-01 21:51:40,232 - root - INFO - validate roc_auc, 0.9605
2025-10-01 21:51:40,232 - root - INFO - new node validate loss: 0.3431
2025-10-01 21:51:40,232 - root - INFO - new node validate average_precision, 0.9344
2025-10-01 21:51:40,232 - root - INFO - new node validate roc_auc, 0.9264
2025-10-01 21:51:44,986 - root - INFO - test loss: 0.2742
2025-10-01 21:51:44,986 - root - INFO - test average_precision, 0.9593
2025-10-01 21:51:44,986 - root - INFO - best test average_precision: 0.9648
2025-10-01 21:51:44,986 - root - INFO - test roc_auc, 0.9573
2025-10-01 21:51:44,987 - root - INFO - new node test loss: 0.3332
2025-10-01 21:51:44,987 - root - INFO - new node test average_precision, 0.9394
2025-10-01 21:51:44,987 - root - INFO - new node test roc_auc, 0.9352
2025-10-01 21:52:03,340 - root - INFO - Epoch: 55, learning rate: 0.0001, train loss: 0.2014
2025-10-01 21:52:03,340 - root - INFO - train average_precision, 0.9718
2025-10-01 21:52:03,340 - root - INFO - train roc_auc, 0.9722
2025-10-01 21:52:03,340 - root - INFO - validate loss: 0.2694
2025-10-01 21:52:03,340 - root - INFO - validate average_precision, 0.9654
2025-10-01 21:52:03,340 - root - INFO - validate roc_auc, 0.9620
2025-10-01 21:52:03,340 - root - INFO - new node validate loss: 0.3523
2025-10-01 21:52:03,340 - root - INFO - new node validate average_precision, 0.9358
2025-10-01 21:52:03,340 - root - INFO - new node validate roc_auc, 0.9281
2025-10-01 21:52:08,065 - root - INFO - test loss: 0.2707
2025-10-01 21:52:08,065 - root - INFO - test average_precision, 0.9642
2025-10-01 21:52:08,065 - root - INFO - best test average_precision: 0.9648
2025-10-01 21:52:08,065 - root - INFO - test roc_auc, 0.9617
2025-10-01 21:52:08,065 - root - INFO - new node test loss: 0.3326
2025-10-01 21:52:08,066 - root - INFO - new node test average_precision, 0.9444
2025-10-01 21:52:08,066 - root - INFO - new node test roc_auc, 0.9397
2025-10-01 21:52:26,310 - root - INFO - Epoch: 56, learning rate: 0.0001, train loss: 0.2008
2025-10-01 21:52:26,310 - root - INFO - train average_precision, 0.9719
2025-10-01 21:52:26,311 - root - INFO - train roc_auc, 0.9723
2025-10-01 21:52:26,311 - root - INFO - validate loss: 0.2629
2025-10-01 21:52:26,311 - root - INFO - validate average_precision, 0.9656
2025-10-01 21:52:26,311 - root - INFO - validate roc_auc, 0.9621
2025-10-01 21:52:26,311 - root - INFO - new node validate loss: 0.3446
2025-10-01 21:52:26,311 - root - INFO - new node validate average_precision, 0.9352
2025-10-01 21:52:26,311 - root - INFO - new node validate roc_auc, 0.9271
2025-10-01 21:52:31,050 - root - INFO - test loss: 0.2668
2025-10-01 21:52:31,050 - root - INFO - test average_precision, 0.9631
2025-10-01 21:52:31,050 - root - INFO - best test average_precision: 0.9648
2025-10-01 21:52:31,051 - root - INFO - test roc_auc, 0.9607
2025-10-01 21:52:31,051 - root - INFO - new node test loss: 0.3290
2025-10-01 21:52:31,051 - root - INFO - new node test average_precision, 0.9447
2025-10-01 21:52:31,051 - root - INFO - new node test roc_auc, 0.9388
2025-10-01 21:52:49,806 - root - INFO - Epoch: 57, learning rate: 0.0001, train loss: 0.2006
2025-10-01 21:52:49,806 - root - INFO - train average_precision, 0.9716
2025-10-01 21:52:49,806 - root - INFO - train roc_auc, 0.9723
2025-10-01 21:52:49,806 - root - INFO - validate loss: 0.2625
2025-10-01 21:52:49,806 - root - INFO - validate average_precision, 0.9656
2025-10-01 21:52:49,806 - root - INFO - validate roc_auc, 0.9620
2025-10-01 21:52:49,806 - root - INFO - new node validate loss: 0.3500
2025-10-01 21:52:49,806 - root - INFO - new node validate average_precision, 0.9338
2025-10-01 21:52:49,806 - root - INFO - new node validate roc_auc, 0.9259
2025-10-01 21:52:54,697 - root - INFO - test loss: 0.2665
2025-10-01 21:52:54,698 - root - INFO - test average_precision, 0.9630
2025-10-01 21:52:54,698 - root - INFO - best test average_precision: 0.9648
2025-10-01 21:52:54,698 - root - INFO - test roc_auc, 0.9607
2025-10-01 21:52:54,698 - root - INFO - new node test loss: 0.3311
2025-10-01 21:52:54,698 - root - INFO - new node test average_precision, 0.9422
2025-10-01 21:52:54,698 - root - INFO - new node test roc_auc, 0.9379
2025-10-01 21:53:13,730 - root - INFO - Epoch: 58, learning rate: 0.0001, train loss: 0.1984
2025-10-01 21:53:13,731 - root - INFO - train average_precision, 0.9721
2025-10-01 21:53:13,731 - root - INFO - train roc_auc, 0.9727
2025-10-01 21:53:13,731 - root - INFO - validate loss: 0.2677
2025-10-01 21:53:13,731 - root - INFO - validate average_precision, 0.9646
2025-10-01 21:53:13,731 - root - INFO - validate roc_auc, 0.9610
2025-10-01 21:53:13,731 - root - INFO - new node validate loss: 0.3480
2025-10-01 21:53:13,731 - root - INFO - new node validate average_precision, 0.9357
2025-10-01 21:53:13,731 - root - INFO - new node validate roc_auc, 0.9285
2025-10-01 21:53:18,462 - root - INFO - test loss: 0.2763
2025-10-01 21:53:18,463 - root - INFO - test average_precision, 0.9615
2025-10-01 21:53:18,463 - root - INFO - best test average_precision: 0.9648
2025-10-01 21:53:18,463 - root - INFO - test roc_auc, 0.9584
2025-10-01 21:53:18,463 - root - INFO - new node test loss: 0.3346
2025-10-01 21:53:18,463 - root - INFO - new node test average_precision, 0.9425
2025-10-01 21:53:18,463 - root - INFO - new node test roc_auc, 0.9375
2025-10-01 21:53:36,932 - root - INFO - Epoch: 59, learning rate: 0.0001, train loss: 0.1958
2025-10-01 21:53:36,932 - root - INFO - train average_precision, 0.9733
2025-10-01 21:53:36,932 - root - INFO - train roc_auc, 0.9736
2025-10-01 21:53:36,932 - root - INFO - validate loss: 0.2682
2025-10-01 21:53:36,932 - root - INFO - validate average_precision, 0.9646
2025-10-01 21:53:36,932 - root - INFO - validate roc_auc, 0.9610
2025-10-01 21:53:36,932 - root - INFO - new node validate loss: 0.3550
2025-10-01 21:53:36,932 - root - INFO - new node validate average_precision, 0.9343
2025-10-01 21:53:36,932 - root - INFO - new node validate roc_auc, 0.9260
2025-10-01 21:53:41,622 - root - INFO - test loss: 0.2714
2025-10-01 21:53:41,622 - root - INFO - test average_precision, 0.9624
2025-10-01 21:53:41,622 - root - INFO - best test average_precision: 0.9648
2025-10-01 21:53:41,622 - root - INFO - test roc_auc, 0.9597
2025-10-01 21:53:41,622 - root - INFO - new node test loss: 0.3359
2025-10-01 21:53:41,622 - root - INFO - new node test average_precision, 0.9434
2025-10-01 21:53:41,622 - root - INFO - new node test roc_auc, 0.9372
2025-10-01 21:53:59,866 - root - INFO - Epoch: 60, learning rate: 0.0001, train loss: 0.1956
2025-10-01 21:53:59,866 - root - INFO - train average_precision, 0.9729
2025-10-01 21:53:59,866 - root - INFO - train roc_auc, 0.9733
2025-10-01 21:53:59,867 - root - INFO - validate loss: 0.2593
2025-10-01 21:53:59,867 - root - INFO - validate average_precision, 0.9655
2025-10-01 21:53:59,867 - root - INFO - validate roc_auc, 0.9622
2025-10-01 21:53:59,867 - root - INFO - new node validate loss: 0.3440
2025-10-01 21:53:59,867 - root - INFO - new node validate average_precision, 0.9351
2025-10-01 21:53:59,867 - root - INFO - new node validate roc_auc, 0.9280
2025-10-01 21:54:04,551 - root - INFO - test loss: 0.2635
2025-10-01 21:54:04,551 - root - INFO - test average_precision, 0.9633
2025-10-01 21:54:04,551 - root - INFO - best test average_precision: 0.9648
2025-10-01 21:54:04,551 - root - INFO - test roc_auc, 0.9614
2025-10-01 21:54:04,552 - root - INFO - new node test loss: 0.3225
2025-10-01 21:54:04,552 - root - INFO - new node test average_precision, 0.9448
2025-10-01 21:54:04,552 - root - INFO - new node test roc_auc, 0.9402
2025-10-01 21:54:22,756 - root - INFO - Epoch: 61, learning rate: 0.0001, train loss: 0.1947
2025-10-01 21:54:22,756 - root - INFO - train average_precision, 0.9729
2025-10-01 21:54:22,756 - root - INFO - train roc_auc, 0.9736
2025-10-01 21:54:22,756 - root - INFO - validate loss: 0.2636
2025-10-01 21:54:22,757 - root - INFO - validate average_precision, 0.9661
2025-10-01 21:54:22,757 - root - INFO - validate roc_auc, 0.9627
2025-10-01 21:54:22,757 - root - INFO - new node validate loss: 0.3539
2025-10-01 21:54:22,757 - root - INFO - new node validate average_precision, 0.9347
2025-10-01 21:54:22,757 - root - INFO - new node validate roc_auc, 0.9269
2025-10-01 21:54:27,467 - root - INFO - test loss: 0.2594
2025-10-01 21:54:27,467 - root - INFO - test average_precision, 0.9657
2025-10-01 21:54:27,467 - root - INFO - best test average_precision: 0.9657
2025-10-01 21:54:27,467 - root - INFO - test roc_auc, 0.9637
2025-10-01 21:54:27,467 - root - INFO - new node test loss: 0.3251
2025-10-01 21:54:27,467 - root - INFO - new node test average_precision, 0.9466
2025-10-01 21:54:27,467 - root - INFO - new node test roc_auc, 0.9418
2025-10-01 21:54:27,468 - root - INFO - save model ./saved_models/JODIE/wikipedia/JODIE_bochner_seed4/JODIE_bochner_seed4.pkl
2025-10-01 21:54:46,888 - root - INFO - Epoch: 62, learning rate: 0.0001, train loss: 0.1979
2025-10-01 21:54:46,889 - root - INFO - train average_precision, 0.9719
2025-10-01 21:54:46,889 - root - INFO - train roc_auc, 0.9728
2025-10-01 21:54:46,889 - root - INFO - validate loss: 0.2712
2025-10-01 21:54:46,889 - root - INFO - validate average_precision, 0.9637
2025-10-01 21:54:46,889 - root - INFO - validate roc_auc, 0.9595
2025-10-01 21:54:46,889 - root - INFO - new node validate loss: 0.3519
2025-10-01 21:54:46,889 - root - INFO - new node validate average_precision, 0.9345
2025-10-01 21:54:46,889 - root - INFO - new node validate roc_auc, 0.9264
2025-10-01 21:54:51,606 - root - INFO - test loss: 0.2818
2025-10-01 21:54:51,606 - root - INFO - test average_precision, 0.9590
2025-10-01 21:54:51,606 - root - INFO - best test average_precision: 0.9657
2025-10-01 21:54:51,606 - root - INFO - test roc_auc, 0.9560
2025-10-01 21:54:51,607 - root - INFO - new node test loss: 0.3358
2025-10-01 21:54:51,607 - root - INFO - new node test average_precision, 0.9407
2025-10-01 21:54:51,607 - root - INFO - new node test roc_auc, 0.9351
2025-10-01 21:55:10,069 - root - INFO - Epoch: 63, learning rate: 0.0001, train loss: 0.1938
2025-10-01 21:55:10,069 - root - INFO - train average_precision, 0.9731
2025-10-01 21:55:10,069 - root - INFO - train roc_auc, 0.9739
2025-10-01 21:55:10,069 - root - INFO - validate loss: 0.2667
2025-10-01 21:55:10,070 - root - INFO - validate average_precision, 0.9653
2025-10-01 21:55:10,070 - root - INFO - validate roc_auc, 0.9613
2025-10-01 21:55:10,070 - root - INFO - new node validate loss: 0.3483
2025-10-01 21:55:10,070 - root - INFO - new node validate average_precision, 0.9359
2025-10-01 21:55:10,070 - root - INFO - new node validate roc_auc, 0.9280
2025-10-01 21:55:14,786 - root - INFO - test loss: 0.2668
2025-10-01 21:55:14,786 - root - INFO - test average_precision, 0.9629
2025-10-01 21:55:14,786 - root - INFO - best test average_precision: 0.9657
2025-10-01 21:55:14,786 - root - INFO - test roc_auc, 0.9603
2025-10-01 21:55:14,786 - root - INFO - new node test loss: 0.3275
2025-10-01 21:55:14,786 - root - INFO - new node test average_precision, 0.9441
2025-10-01 21:55:14,786 - root - INFO - new node test roc_auc, 0.9390
2025-10-01 21:55:33,006 - root - INFO - Epoch: 64, learning rate: 0.0001, train loss: 0.1918
2025-10-01 21:55:33,006 - root - INFO - train average_precision, 0.9736
2025-10-01 21:55:33,006 - root - INFO - train roc_auc, 0.9743
2025-10-01 21:55:33,006 - root - INFO - validate loss: 0.2694
2025-10-01 21:55:33,006 - root - INFO - validate average_precision, 0.9648
2025-10-01 21:55:33,006 - root - INFO - validate roc_auc, 0.9608
2025-10-01 21:55:33,007 - root - INFO - new node validate loss: 0.3476
2025-10-01 21:55:33,007 - root - INFO - new node validate average_precision, 0.9359
2025-10-01 21:55:33,007 - root - INFO - new node validate roc_auc, 0.9283
2025-10-01 21:55:37,745 - root - INFO - test loss: 0.2738
2025-10-01 21:55:37,745 - root - INFO - test average_precision, 0.9612
2025-10-01 21:55:37,745 - root - INFO - best test average_precision: 0.9657
2025-10-01 21:55:37,745 - root - INFO - test roc_auc, 0.9586
2025-10-01 21:55:37,745 - root - INFO - new node test loss: 0.3290
2025-10-01 21:55:37,745 - root - INFO - new node test average_precision, 0.9445
2025-10-01 21:55:37,745 - root - INFO - new node test roc_auc, 0.9388
2025-10-01 21:55:56,033 - root - INFO - Epoch: 65, learning rate: 0.0001, train loss: 0.1905
2025-10-01 21:55:56,034 - root - INFO - train average_precision, 0.9740
2025-10-01 21:55:56,034 - root - INFO - train roc_auc, 0.9746
2025-10-01 21:55:56,034 - root - INFO - validate loss: 0.2664
2025-10-01 21:55:56,034 - root - INFO - validate average_precision, 0.9661
2025-10-01 21:55:56,034 - root - INFO - validate roc_auc, 0.9624
2025-10-01 21:55:56,034 - root - INFO - new node validate loss: 0.3583
2025-10-01 21:55:56,034 - root - INFO - new node validate average_precision, 0.9341
2025-10-01 21:55:56,034 - root - INFO - new node validate roc_auc, 0.9262
2025-10-01 21:56:00,806 - root - INFO - test loss: 0.2661
2025-10-01 21:56:00,806 - root - INFO - test average_precision, 0.9637
2025-10-01 21:56:00,806 - root - INFO - best test average_precision: 0.9657
2025-10-01 21:56:00,806 - root - INFO - test roc_auc, 0.9617
2025-10-01 21:56:00,806 - root - INFO - new node test loss: 0.3326
2025-10-01 21:56:00,806 - root - INFO - new node test average_precision, 0.9438
2025-10-01 21:56:00,806 - root - INFO - new node test roc_auc, 0.9388
2025-10-01 21:56:19,121 - root - INFO - Epoch: 66, learning rate: 0.0001, train loss: 0.1890
2025-10-01 21:56:19,122 - root - INFO - train average_precision, 0.9741
2025-10-01 21:56:19,122 - root - INFO - train roc_auc, 0.9748
2025-10-01 21:56:19,122 - root - INFO - validate loss: 0.2692
2025-10-01 21:56:19,122 - root - INFO - validate average_precision, 0.9648
2025-10-01 21:56:19,122 - root - INFO - validate roc_auc, 0.9614
2025-10-01 21:56:19,122 - root - INFO - new node validate loss: 0.3522
2025-10-01 21:56:19,122 - root - INFO - new node validate average_precision, 0.9342
2025-10-01 21:56:19,122 - root - INFO - new node validate roc_auc, 0.9272
2025-10-01 21:56:23,845 - root - INFO - test loss: 0.2733
2025-10-01 21:56:23,845 - root - INFO - test average_precision, 0.9612
2025-10-01 21:56:23,845 - root - INFO - best test average_precision: 0.9657
2025-10-01 21:56:23,845 - root - INFO - test roc_auc, 0.9598
2025-10-01 21:56:23,845 - root - INFO - new node test loss: 0.3356
2025-10-01 21:56:23,845 - root - INFO - new node test average_precision, 0.9426
2025-10-01 21:56:23,845 - root - INFO - new node test roc_auc, 0.9381
2025-10-01 21:56:42,177 - root - INFO - Epoch: 67, learning rate: 0.0001, train loss: 0.1891
2025-10-01 21:56:42,177 - root - INFO - train average_precision, 0.9739
2025-10-01 21:56:42,177 - root - INFO - train roc_auc, 0.9749
2025-10-01 21:56:42,177 - root - INFO - validate loss: 0.2699
2025-10-01 21:56:42,177 - root - INFO - validate average_precision, 0.9646
2025-10-01 21:56:42,177 - root - INFO - validate roc_auc, 0.9611
2025-10-01 21:56:42,177 - root - INFO - new node validate loss: 0.3573
2025-10-01 21:56:42,177 - root - INFO - new node validate average_precision, 0.9339
2025-10-01 21:56:42,177 - root - INFO - new node validate roc_auc, 0.9261
2025-10-01 21:56:46,907 - root - INFO - test loss: 0.2738
2025-10-01 21:56:46,907 - root - INFO - test average_precision, 0.9616
2025-10-01 21:56:46,907 - root - INFO - best test average_precision: 0.9657
2025-10-01 21:56:46,907 - root - INFO - test roc_auc, 0.9596
2025-10-01 21:56:46,907 - root - INFO - new node test loss: 0.3365
2025-10-01 21:56:46,907 - root - INFO - new node test average_precision, 0.9416
2025-10-01 21:56:46,907 - root - INFO - new node test roc_auc, 0.9367
2025-10-01 21:57:05,179 - root - INFO - Epoch: 68, learning rate: 0.0001, train loss: 0.1884
2025-10-01 21:57:05,179 - root - INFO - train average_precision, 0.9740
2025-10-01 21:57:05,179 - root - INFO - train roc_auc, 0.9749
2025-10-01 21:57:05,179 - root - INFO - validate loss: 0.2724
2025-10-01 21:57:05,180 - root - INFO - validate average_precision, 0.9645
2025-10-01 21:57:05,180 - root - INFO - validate roc_auc, 0.9606
2025-10-01 21:57:05,180 - root - INFO - new node validate loss: 0.3593
2025-10-01 21:57:05,180 - root - INFO - new node validate average_precision, 0.9340
2025-10-01 21:57:05,180 - root - INFO - new node validate roc_auc, 0.9261
2025-10-01 21:57:09,993 - root - INFO - test loss: 0.2776
2025-10-01 21:57:09,993 - root - INFO - test average_precision, 0.9598
2025-10-01 21:57:09,993 - root - INFO - best test average_precision: 0.9657
2025-10-01 21:57:09,993 - root - INFO - test roc_auc, 0.9582
2025-10-01 21:57:09,993 - root - INFO - new node test loss: 0.3329
2025-10-01 21:57:09,993 - root - INFO - new node test average_precision, 0.9424
2025-10-01 21:57:09,993 - root - INFO - new node test roc_auc, 0.9375
2025-10-01 21:57:28,374 - root - INFO - Epoch: 69, learning rate: 0.0001, train loss: 0.1879
2025-10-01 21:57:28,374 - root - INFO - train average_precision, 0.9744
2025-10-01 21:57:28,374 - root - INFO - train roc_auc, 0.9752
2025-10-01 21:57:28,375 - root - INFO - validate loss: 0.2721
2025-10-01 21:57:28,375 - root - INFO - validate average_precision, 0.9650
2025-10-01 21:57:28,375 - root - INFO - validate roc_auc, 0.9610
2025-10-01 21:57:28,375 - root - INFO - new node validate loss: 0.3638
2025-10-01 21:57:28,375 - root - INFO - new node validate average_precision, 0.9344
2025-10-01 21:57:28,375 - root - INFO - new node validate roc_auc, 0.9259
2025-10-01 21:57:33,098 - root - INFO - test loss: 0.2689
2025-10-01 21:57:33,098 - root - INFO - test average_precision, 0.9638
2025-10-01 21:57:33,098 - root - INFO - best test average_precision: 0.9657
2025-10-01 21:57:33,098 - root - INFO - test roc_auc, 0.9615
2025-10-01 21:57:33,098 - root - INFO - new node test loss: 0.3391
2025-10-01 21:57:33,098 - root - INFO - new node test average_precision, 0.9423
2025-10-01 21:57:33,098 - root - INFO - new node test roc_auc, 0.9375
2025-10-01 21:57:51,466 - root - INFO - Epoch: 70, learning rate: 0.0001, train loss: 0.1871
2025-10-01 21:57:51,466 - root - INFO - train average_precision, 0.9746
2025-10-01 21:57:51,466 - root - INFO - train roc_auc, 0.9752
2025-10-01 21:57:51,466 - root - INFO - validate loss: 0.2755
2025-10-01 21:57:51,466 - root - INFO - validate average_precision, 0.9644
2025-10-01 21:57:51,466 - root - INFO - validate roc_auc, 0.9604
2025-10-01 21:57:51,466 - root - INFO - new node validate loss: 0.3634
2025-10-01 21:57:51,466 - root - INFO - new node validate average_precision, 0.9330
2025-10-01 21:57:51,466 - root - INFO - new node validate roc_auc, 0.9249
2025-10-01 21:57:56,191 - root - INFO - test loss: 0.2756
2025-10-01 21:57:56,191 - root - INFO - test average_precision, 0.9609
2025-10-01 21:57:56,191 - root - INFO - best test average_precision: 0.9657
2025-10-01 21:57:56,191 - root - INFO - test roc_auc, 0.9591
2025-10-01 21:57:56,191 - root - INFO - new node test loss: 0.3366
2025-10-01 21:57:56,191 - root - INFO - new node test average_precision, 0.9418
2025-10-01 21:57:56,192 - root - INFO - new node test roc_auc, 0.9382
2025-10-01 21:58:14,499 - root - INFO - Epoch: 71, learning rate: 0.0001, train loss: 0.1845
2025-10-01 21:58:14,499 - root - INFO - train average_precision, 0.9751
2025-10-01 21:58:14,499 - root - INFO - train roc_auc, 0.9759
2025-10-01 21:58:14,499 - root - INFO - validate loss: 0.2746
2025-10-01 21:58:14,499 - root - INFO - validate average_precision, 0.9653
2025-10-01 21:58:14,499 - root - INFO - validate roc_auc, 0.9616
2025-10-01 21:58:14,500 - root - INFO - new node validate loss: 0.3666
2025-10-01 21:58:14,500 - root - INFO - new node validate average_precision, 0.9338
2025-10-01 21:58:14,500 - root - INFO - new node validate roc_auc, 0.9257
2025-10-01 21:58:19,251 - root - INFO - test loss: 0.2820
2025-10-01 21:58:19,251 - root - INFO - test average_precision, 0.9606
2025-10-01 21:58:19,251 - root - INFO - best test average_precision: 0.9657
2025-10-01 21:58:19,251 - root - INFO - test roc_auc, 0.9595
2025-10-01 21:58:19,251 - root - INFO - new node test loss: 0.3453
2025-10-01 21:58:19,251 - root - INFO - new node test average_precision, 0.9418
2025-10-01 21:58:19,251 - root - INFO - new node test roc_auc, 0.9372
2025-10-01 21:58:37,643 - root - INFO - Epoch: 72, learning rate: 0.0001, train loss: 0.1878
2025-10-01 21:58:37,643 - root - INFO - train average_precision, 0.9742
2025-10-01 21:58:37,643 - root - INFO - train roc_auc, 0.9752
2025-10-01 21:58:37,643 - root - INFO - validate loss: 0.2821
2025-10-01 21:58:37,643 - root - INFO - validate average_precision, 0.9635
2025-10-01 21:58:37,643 - root - INFO - validate roc_auc, 0.9593
2025-10-01 21:58:37,643 - root - INFO - new node validate loss: 0.3604
2025-10-01 21:58:37,644 - root - INFO - new node validate average_precision, 0.9343
2025-10-01 21:58:37,644 - root - INFO - new node validate roc_auc, 0.9266
2025-10-01 21:58:42,381 - root - INFO - test loss: 0.2863
2025-10-01 21:58:42,381 - root - INFO - test average_precision, 0.9567
2025-10-01 21:58:42,381 - root - INFO - best test average_precision: 0.9657
2025-10-01 21:58:42,381 - root - INFO - test roc_auc, 0.9572
2025-10-01 21:58:42,381 - root - INFO - new node test loss: 0.3399
2025-10-01 21:58:42,381 - root - INFO - new node test average_precision, 0.9415
2025-10-01 21:58:42,381 - root - INFO - new node test roc_auc, 0.9368
2025-10-01 21:59:00,630 - root - INFO - Epoch: 73, learning rate: 0.0001, train loss: 0.1831
2025-10-01 21:59:00,631 - root - INFO - train average_precision, 0.9751
2025-10-01 21:59:00,631 - root - INFO - train roc_auc, 0.9761
2025-10-01 21:59:00,631 - root - INFO - validate loss: 0.2786
2025-10-01 21:59:00,631 - root - INFO - validate average_precision, 0.9646
2025-10-01 21:59:00,631 - root - INFO - validate roc_auc, 0.9605
2025-10-01 21:59:00,631 - root - INFO - new node validate loss: 0.3663
2025-10-01 21:59:00,631 - root - INFO - new node validate average_precision, 0.9335
2025-10-01 21:59:00,631 - root - INFO - new node validate roc_auc, 0.9255
2025-10-01 21:59:05,360 - root - INFO - test loss: 0.2880
2025-10-01 21:59:05,361 - root - INFO - test average_precision, 0.9576
2025-10-01 21:59:05,361 - root - INFO - best test average_precision: 0.9657
2025-10-01 21:59:05,361 - root - INFO - test roc_auc, 0.9576
2025-10-01 21:59:05,361 - root - INFO - new node test loss: 0.3479
2025-10-01 21:59:05,361 - root - INFO - new node test average_precision, 0.9402
2025-10-01 21:59:05,361 - root - INFO - new node test roc_auc, 0.9346
2025-10-01 21:59:23,899 - root - INFO - Epoch: 74, learning rate: 0.0001, train loss: 0.1823
2025-10-01 21:59:23,899 - root - INFO - train average_precision, 0.9758
2025-10-01 21:59:23,899 - root - INFO - train roc_auc, 0.9764
2025-10-01 21:59:23,899 - root - INFO - validate loss: 0.2734
2025-10-01 21:59:23,899 - root - INFO - validate average_precision, 0.9656
2025-10-01 21:59:23,899 - root - INFO - validate roc_auc, 0.9618
2025-10-01 21:59:23,899 - root - INFO - new node validate loss: 0.3693
2025-10-01 21:59:23,899 - root - INFO - new node validate average_precision, 0.9336
2025-10-01 21:59:23,899 - root - INFO - new node validate roc_auc, 0.9256
2025-10-01 21:59:28,652 - root - INFO - test loss: 0.2770
2025-10-01 21:59:28,652 - root - INFO - test average_precision, 0.9624
2025-10-01 21:59:28,652 - root - INFO - best test average_precision: 0.9657
2025-10-01 21:59:28,652 - root - INFO - test roc_auc, 0.9604
2025-10-01 21:59:28,652 - root - INFO - new node test loss: 0.3458
2025-10-01 21:59:28,652 - root - INFO - new node test average_precision, 0.9420
2025-10-01 21:59:28,653 - root - INFO - new node test roc_auc, 0.9374
2025-10-01 21:59:46,932 - root - INFO - Epoch: 75, learning rate: 0.0001, train loss: 0.1836
2025-10-01 21:59:46,932 - root - INFO - train average_precision, 0.9753
2025-10-01 21:59:46,932 - root - INFO - train roc_auc, 0.9761
2025-10-01 21:59:46,932 - root - INFO - validate loss: 0.2788
2025-10-01 21:59:46,932 - root - INFO - validate average_precision, 0.9644
2025-10-01 21:59:46,932 - root - INFO - validate roc_auc, 0.9604
2025-10-01 21:59:46,932 - root - INFO - new node validate loss: 0.3707
2025-10-01 21:59:46,932 - root - INFO - new node validate average_precision, 0.9325
2025-10-01 21:59:46,932 - root - INFO - new node validate roc_auc, 0.9246
2025-10-01 21:59:51,628 - root - INFO - test loss: 0.2816
2025-10-01 21:59:51,628 - root - INFO - test average_precision, 0.9599
2025-10-01 21:59:51,628 - root - INFO - best test average_precision: 0.9657
2025-10-01 21:59:51,628 - root - INFO - test roc_auc, 0.9582
2025-10-01 21:59:51,628 - root - INFO - new node test loss: 0.3489
2025-10-01 21:59:51,628 - root - INFO - new node test average_precision, 0.9417
2025-10-01 21:59:51,628 - root - INFO - new node test roc_auc, 0.9354
2025-10-01 22:00:09,963 - root - INFO - Epoch: 76, learning rate: 0.0001, train loss: 0.1828
2025-10-01 22:00:09,963 - root - INFO - train average_precision, 0.9757
2025-10-01 22:00:09,963 - root - INFO - train roc_auc, 0.9763
2025-10-01 22:00:09,963 - root - INFO - validate loss: 0.2765
2025-10-01 22:00:09,963 - root - INFO - validate average_precision, 0.9648
2025-10-01 22:00:09,963 - root - INFO - validate roc_auc, 0.9607
2025-10-01 22:00:09,963 - root - INFO - new node validate loss: 0.3631
2025-10-01 22:00:09,964 - root - INFO - new node validate average_precision, 0.9332
2025-10-01 22:00:09,964 - root - INFO - new node validate roc_auc, 0.9255
2025-10-01 22:00:14,658 - root - INFO - test loss: 0.2837
2025-10-01 22:00:14,658 - root - INFO - test average_precision, 0.9593
2025-10-01 22:00:14,659 - root - INFO - best test average_precision: 0.9657
2025-10-01 22:00:14,659 - root - INFO - test roc_auc, 0.9577
2025-10-01 22:00:14,659 - root - INFO - new node test loss: 0.3366
2025-10-01 22:00:14,659 - root - INFO - new node test average_precision, 0.9435
2025-10-01 22:00:14,659 - root - INFO - new node test roc_auc, 0.9382
2025-10-01 22:00:32,989 - root - INFO - Epoch: 77, learning rate: 0.0001, train loss: 0.1802
2025-10-01 22:00:32,990 - root - INFO - train average_precision, 0.9763
2025-10-01 22:00:32,990 - root - INFO - train roc_auc, 0.9770
2025-10-01 22:00:32,990 - root - INFO - validate loss: 0.2758
2025-10-01 22:00:32,990 - root - INFO - validate average_precision, 0.9648
2025-10-01 22:00:32,990 - root - INFO - validate roc_auc, 0.9610
2025-10-01 22:00:32,990 - root - INFO - new node validate loss: 0.3665
2025-10-01 22:00:32,990 - root - INFO - new node validate average_precision, 0.9329
2025-10-01 22:00:32,990 - root - INFO - new node validate roc_auc, 0.9254
2025-10-01 22:00:37,738 - root - INFO - test loss: 0.2791
2025-10-01 22:00:37,738 - root - INFO - test average_precision, 0.9608
2025-10-01 22:00:37,738 - root - INFO - best test average_precision: 0.9657
2025-10-01 22:00:37,738 - root - INFO - test roc_auc, 0.9597
2025-10-01 22:00:37,738 - root - INFO - new node test loss: 0.3397
2025-10-01 22:00:37,738 - root - INFO - new node test average_precision, 0.9439
2025-10-01 22:00:37,738 - root - INFO - new node test roc_auc, 0.9388
2025-10-01 22:00:56,155 - root - INFO - Epoch: 78, learning rate: 0.0001, train loss: 0.1780
2025-10-01 22:00:56,156 - root - INFO - train average_precision, 0.9762
2025-10-01 22:00:56,156 - root - INFO - train roc_auc, 0.9772
2025-10-01 22:00:56,156 - root - INFO - validate loss: 0.2808
2025-10-01 22:00:56,156 - root - INFO - validate average_precision, 0.9662
2025-10-01 22:00:56,156 - root - INFO - validate roc_auc, 0.9622
2025-10-01 22:00:56,156 - root - INFO - new node validate loss: 0.3781
2025-10-01 22:00:56,156 - root - INFO - new node validate average_precision, 0.9335
2025-10-01 22:00:56,156 - root - INFO - new node validate roc_auc, 0.9254
2025-10-01 22:01:00,896 - root - INFO - test loss: 0.2779
2025-10-01 22:01:00,896 - root - INFO - test average_precision, 0.9622
2025-10-01 22:01:00,896 - root - INFO - best test average_precision: 0.9657
2025-10-01 22:01:00,896 - root - INFO - test roc_auc, 0.9617
2025-10-01 22:01:00,896 - root - INFO - new node test loss: 0.3423
2025-10-01 22:01:00,896 - root - INFO - new node test average_precision, 0.9444
2025-10-01 22:01:00,896 - root - INFO - new node test roc_auc, 0.9393
2025-10-01 22:01:19,173 - root - INFO - Epoch: 79, learning rate: 0.0001, train loss: 0.1785
2025-10-01 22:01:19,174 - root - INFO - train average_precision, 0.9763
2025-10-01 22:01:19,174 - root - INFO - train roc_auc, 0.9772
2025-10-01 22:01:19,174 - root - INFO - validate loss: 0.2788
2025-10-01 22:01:19,174 - root - INFO - validate average_precision, 0.9653
2025-10-01 22:01:19,174 - root - INFO - validate roc_auc, 0.9612
2025-10-01 22:01:19,174 - root - INFO - new node validate loss: 0.3761
2025-10-01 22:01:19,174 - root - INFO - new node validate average_precision, 0.9328
2025-10-01 22:01:19,174 - root - INFO - new node validate roc_auc, 0.9249
2025-10-01 22:01:23,919 - root - INFO - test loss: 0.2752
2025-10-01 22:01:23,919 - root - INFO - test average_precision, 0.9615
2025-10-01 22:01:23,920 - root - INFO - best test average_precision: 0.9657
2025-10-01 22:01:23,920 - root - INFO - test roc_auc, 0.9607
2025-10-01 22:01:23,920 - root - INFO - new node test loss: 0.3396
2025-10-01 22:01:23,920 - root - INFO - new node test average_precision, 0.9430
2025-10-01 22:01:23,920 - root - INFO - new node test roc_auc, 0.9385
2025-10-01 22:01:42,224 - root - INFO - Epoch: 80, learning rate: 0.0001, train loss: 0.1786
2025-10-01 22:01:42,224 - root - INFO - train average_precision, 0.9762
2025-10-01 22:01:42,225 - root - INFO - train roc_auc, 0.9771
2025-10-01 22:01:42,225 - root - INFO - validate loss: 0.2775
2025-10-01 22:01:42,225 - root - INFO - validate average_precision, 0.9658
2025-10-01 22:01:42,225 - root - INFO - validate roc_auc, 0.9621
2025-10-01 22:01:42,225 - root - INFO - new node validate loss: 0.3752
2025-10-01 22:01:42,225 - root - INFO - new node validate average_precision, 0.9338
2025-10-01 22:01:42,225 - root - INFO - new node validate roc_auc, 0.9258
2025-10-01 22:01:46,994 - root - INFO - test loss: 0.2797
2025-10-01 22:01:46,994 - root - INFO - test average_precision, 0.9609
2025-10-01 22:01:46,994 - root - INFO - best test average_precision: 0.9657
2025-10-01 22:01:46,994 - root - INFO - test roc_auc, 0.9612
2025-10-01 22:01:46,994 - root - INFO - new node test loss: 0.3446
2025-10-01 22:01:46,994 - root - INFO - new node test average_precision, 0.9448
2025-10-01 22:01:46,994 - root - INFO - new node test roc_auc, 0.9395
2025-10-01 22:02:05,420 - root - INFO - Epoch: 81, learning rate: 0.0001, train loss: 0.1779
2025-10-01 22:02:05,420 - root - INFO - train average_precision, 0.9764
2025-10-01 22:02:05,420 - root - INFO - train roc_auc, 0.9773
2025-10-01 22:02:05,420 - root - INFO - validate loss: 0.2788
2025-10-01 22:02:05,420 - root - INFO - validate average_precision, 0.9653
2025-10-01 22:02:05,420 - root - INFO - validate roc_auc, 0.9609
2025-10-01 22:02:05,420 - root - INFO - new node validate loss: 0.3759
2025-10-01 22:02:05,421 - root - INFO - new node validate average_precision, 0.9330
2025-10-01 22:02:05,421 - root - INFO - new node validate roc_auc, 0.9246
2025-10-01 22:02:10,169 - root - INFO - test loss: 0.2793
2025-10-01 22:02:10,169 - root - INFO - test average_precision, 0.9614
2025-10-01 22:02:10,170 - root - INFO - best test average_precision: 0.9657
2025-10-01 22:02:10,170 - root - INFO - test roc_auc, 0.9595
2025-10-01 22:02:10,170 - root - INFO - new node test loss: 0.3444
2025-10-01 22:02:10,170 - root - INFO - new node test average_precision, 0.9434
2025-10-01 22:02:10,170 - root - INFO - new node test roc_auc, 0.9375
2025-10-01 22:02:10,170 - root - INFO - load model ./saved_models/JODIE/wikipedia/JODIE_bochner_seed4/JODIE_bochner_seed4.pkl
2025-10-01 22:02:11,575 - root - INFO - get final performance on dataset wikipedia...
2025-10-01 22:02:16,516 - root - INFO - test loss: 0.2594
2025-10-01 22:02:16,516 - root - INFO - test average_precision, 0.9657
2025-10-01 22:02:16,517 - root - INFO - test roc_auc, 0.9637
2025-10-01 22:02:16,517 - root - INFO - new node test loss: 0.3251
2025-10-01 22:02:16,517 - root - INFO - new node test average_precision, 0.9466
2025-10-01 22:02:16,517 - root - INFO - new node test roc_auc, 0.9418
2025-10-01 22:02:16,517 - root - INFO - Run 5 cost 1916.30 seconds.
2025-10-01 22:02:16,523 - root - INFO - metrics over 5 runs:
2025-10-01 22:02:16,523 - root - INFO - test average_precision, [np.float64(0.9633152478447143), np.float64(0.9613224150614339), np.float64(0.966564116383748), np.float64(0.9666718631691559), np.float64(0.9657302830013728)]
2025-10-01 22:02:16,524 - root - INFO - average test average_precision, 0.9647 ± 0.0023
2025-10-01 22:02:16,524 - root - INFO - test roc_auc, [np.float64(0.9613621848739498), np.float64(0.9625107766916292), np.float64(0.9638579998666136), np.float64(0.9647211103489014), np.float64(0.9636581932773111)]
2025-10-01 22:02:16,524 - root - INFO - average test roc_auc, 0.9632 ± 0.0013
2025-10-01 22:02:16,524 - root - INFO - new node test average_precision, [np.float64(0.9419555186858044), np.float64(0.9456001854670552), np.float64(0.947747199295471), np.float64(0.9449489500184566), np.float64(0.9465864953365443)]
2025-10-01 22:02:16,524 - root - INFO - average new node test average_precision, 0.9454 ± 0.0022
2025-10-01 22:02:16,524 - root - INFO - new node test roc_auc, [np.float64(0.9363723270641761), np.float64(0.940437718272404), np.float64(0.9421025968408573), np.float64(0.9394123530165647), np.float64(0.9418318076960046)]
2025-10-01 22:02:16,524 - root - INFO - average new node test roc_auc, 0.9400 ± 0.0023
