2025-10-02 15:28:43,010 - root - INFO - ********** Run 2 starts. **********
2025-10-02 15:28:43,010 - root - INFO - configuration is Namespace(dataset_name='SocialEvo', batch_size=200, model_name='DyRep', gpu=0, num_neighbors=10, sample_neighbor_strategy='recent', time_scaling_factor=1e-06, num_walk_heads=8, num_heads=2, num_layers=1, walk_length=1, time_gap=2000, time_feat_dim=128, position_feat_dim=172, time_window_mode='fixed_proportion', time_encoder_type='lete', expert_dim=64, num_mixtures=4, patch_size=1, channel_embedding_dim=50, max_input_sequence_length=32, learning_rate=0.0001, dropout=0.1, gamma=0.5, num_epochs=100, optimizer='Adam', weight_decay=0.0, patience=20, val_ratio=0.15, test_ratio=0.15, num_runs=5, test_interval_epochs=1, negative_sample_strategy='random', max_interaction_times=10, load_best_configs=True, device='cuda:0', seed=1, save_model_name='DyRep_lete_seed1')
2025-10-02 15:28:43,012 - root - INFO - time encoder type: lete
2025-10-02 15:28:44,727 - root - INFO - model -> Sequential(
  (0): MemoryModel(
    (time_encoder): TimeEncoder(
      (w): Linear(in_features=1, out_features=128, bias=True)
    )
    (message_aggregator): MessageAggregator()
    (memory_bank): MemoryBank(num_nodes=75, memory_dim=172)
    (memory_updater): RNNMemoryUpdater(
      (memory_bank): MemoryBank(num_nodes=75, memory_dim=172)
      (memory_updater): RNNCell(644, 172)
    )
    (embedding_module): GraphAttentionEmbedding(
      (time_encoder): TimeEncoder(
        (w): Linear(in_features=1, out_features=128, bias=True)
      )
      (temporal_conv_layers): ModuleList(
        (0): MultiHeadAttention(
          (query_projection): Linear(in_features=300, out_features=300, bias=False)
          (key_projection): Linear(in_features=472, out_features=300, bias=False)
          (value_projection): Linear(in_features=472, out_features=300, bias=False)
          (layer_norm): LayerNorm((300,), eps=1e-05, elementwise_affine=True)
          (residual_fc): Linear(in_features=300, out_features=300, bias=True)
          (dropout): Dropout(p=0.1, inplace=False)
        )
      )
      (merge_layers): ModuleList(
        (0): MergeLayer(
          (fc1): Linear(in_features=472, out_features=172, bias=True)
          (fc2): Linear(in_features=172, out_features=172, bias=True)
          (act): ReLU()
        )
      )
    )
  )
  (1): MergeLayer(
    (fc1): Linear(in_features=344, out_features=172, bias=True)
    (fc2): Linear(in_features=172, out_features=1, bias=True)
    (act): ReLU()
  )
)
2025-10-02 15:28:44,728 - root - INFO - model name: DyRep, #parameters: 3102708 B, 3029.98828125 KB, 2.958972930908203 MB.
2025-10-02 15:31:01,940 - root - INFO - Epoch: 1, learning rate: 0.0001, train loss: 0.5579
2025-10-02 15:31:01,941 - root - INFO - train average_precision, 0.7140
2025-10-02 15:31:01,942 - root - INFO - train roc_auc, 0.7648
2025-10-02 15:31:01,942 - root - INFO - validate loss: 0.5446
2025-10-02 15:31:01,943 - root - INFO - validate average_precision, 0.7397
2025-10-02 15:31:01,943 - root - INFO - validate roc_auc, 0.7888
2025-10-02 15:31:01,943 - root - INFO - new node validate loss: 0.6227
2025-10-02 15:31:01,943 - root - INFO - new node validate average_precision, 0.6799
2025-10-02 15:31:01,943 - root - INFO - new node validate roc_auc, 0.7112
2025-10-02 15:31:25,610 - root - INFO - test loss: 0.5502
2025-10-02 15:31:25,611 - root - INFO - test average_precision, 0.7328
2025-10-02 15:31:25,611 - root - INFO - best test average_precision: 0.7328
2025-10-02 15:31:25,611 - root - INFO - test roc_auc, 0.7841
2025-10-02 15:31:25,611 - root - INFO - new node test loss: 0.6191
2025-10-02 15:31:25,611 - root - INFO - new node test average_precision, 0.7119
2025-10-02 15:31:25,612 - root - INFO - new node test roc_auc, 0.7304
2025-10-02 15:31:25,612 - root - INFO - save model ./saved_models/DyRep/SocialEvo/DyRep_lete_seed1/DyRep_lete_seed1.pkl
2025-10-02 15:33:42,210 - root - INFO - Epoch: 2, learning rate: 0.0001, train loss: 0.5087
2025-10-02 15:33:42,211 - root - INFO - train average_precision, 0.7867
2025-10-02 15:33:42,212 - root - INFO - train roc_auc, 0.8278
2025-10-02 15:33:42,212 - root - INFO - validate loss: 0.5153
2025-10-02 15:33:42,212 - root - INFO - validate average_precision, 0.7831
2025-10-02 15:33:42,212 - root - INFO - validate roc_auc, 0.8256
2025-10-02 15:33:42,212 - root - INFO - new node validate loss: 0.5791
2025-10-02 15:33:42,213 - root - INFO - new node validate average_precision, 0.7466
2025-10-02 15:33:42,213 - root - INFO - new node validate roc_auc, 0.7810
2025-10-02 15:34:05,887 - root - INFO - test loss: 0.4986
2025-10-02 15:34:05,887 - root - INFO - test average_precision, 0.7989
2025-10-02 15:34:05,888 - root - INFO - best test average_precision: 0.7989
2025-10-02 15:34:05,888 - root - INFO - test roc_auc, 0.8427
2025-10-02 15:34:05,888 - root - INFO - new node test loss: 0.5858
2025-10-02 15:34:05,888 - root - INFO - new node test average_precision, 0.7651
2025-10-02 15:34:05,888 - root - INFO - new node test roc_auc, 0.7893
2025-10-02 15:34:05,888 - root - INFO - save model ./saved_models/DyRep/SocialEvo/DyRep_lete_seed1/DyRep_lete_seed1.pkl
2025-10-02 15:36:23,037 - root - INFO - Epoch: 3, learning rate: 0.0001, train loss: 0.4818
2025-10-02 15:36:23,039 - root - INFO - train average_precision, 0.8111
2025-10-02 15:36:23,040 - root - INFO - train roc_auc, 0.8482
2025-10-02 15:36:23,040 - root - INFO - validate loss: 0.4803
2025-10-02 15:36:23,040 - root - INFO - validate average_precision, 0.8136
2025-10-02 15:36:23,040 - root - INFO - validate roc_auc, 0.8513
2025-10-02 15:36:23,040 - root - INFO - new node validate loss: 0.5588
2025-10-02 15:36:23,040 - root - INFO - new node validate average_precision, 0.7893
2025-10-02 15:36:23,040 - root - INFO - new node validate roc_auc, 0.8157
2025-10-02 15:36:46,748 - root - INFO - test loss: 0.4640
2025-10-02 15:36:46,748 - root - INFO - test average_precision, 0.8295
2025-10-02 15:36:46,748 - root - INFO - best test average_precision: 0.8295
2025-10-02 15:36:46,749 - root - INFO - test roc_auc, 0.8661
2025-10-02 15:36:46,749 - root - INFO - new node test loss: 0.5441
2025-10-02 15:36:46,749 - root - INFO - new node test average_precision, 0.8135
2025-10-02 15:36:46,749 - root - INFO - new node test roc_auc, 0.8308
2025-10-02 15:36:46,749 - root - INFO - save model ./saved_models/DyRep/SocialEvo/DyRep_lete_seed1/DyRep_lete_seed1.pkl
2025-10-02 15:39:03,835 - root - INFO - Epoch: 4, learning rate: 0.0001, train loss: 0.4662
2025-10-02 15:39:03,837 - root - INFO - train average_precision, 0.8236
2025-10-02 15:39:03,837 - root - INFO - train roc_auc, 0.8581
2025-10-02 15:39:03,838 - root - INFO - validate loss: 0.4737
2025-10-02 15:39:03,838 - root - INFO - validate average_precision, 0.8197
2025-10-02 15:39:03,838 - root - INFO - validate roc_auc, 0.8574
2025-10-02 15:39:03,838 - root - INFO - new node validate loss: 0.6029
2025-10-02 15:39:03,838 - root - INFO - new node validate average_precision, 0.7235
2025-10-02 15:39:03,838 - root - INFO - new node validate roc_auc, 0.7636
2025-10-02 15:39:27,716 - root - INFO - test loss: 0.4758
2025-10-02 15:39:27,716 - root - INFO - test average_precision, 0.8189
2025-10-02 15:39:27,717 - root - INFO - best test average_precision: 0.8295
2025-10-02 15:39:27,717 - root - INFO - test roc_auc, 0.8581
2025-10-02 15:39:27,717 - root - INFO - new node test loss: 0.6086
2025-10-02 15:39:27,717 - root - INFO - new node test average_precision, 0.7348
2025-10-02 15:39:27,717 - root - INFO - new node test roc_auc, 0.7620
2025-10-02 15:39:27,718 - root - INFO - save model ./saved_models/DyRep/SocialEvo/DyRep_lete_seed1/DyRep_lete_seed1.pkl
2025-10-02 15:41:44,516 - root - INFO - Epoch: 5, learning rate: 0.0001, train loss: 0.4602
2025-10-02 15:41:44,517 - root - INFO - train average_precision, 0.8285
2025-10-02 15:41:44,518 - root - INFO - train roc_auc, 0.8624
2025-10-02 15:41:44,518 - root - INFO - validate loss: 0.5027
2025-10-02 15:41:44,519 - root - INFO - validate average_precision, 0.8119
2025-10-02 15:41:44,519 - root - INFO - validate roc_auc, 0.8522
2025-10-02 15:41:44,519 - root - INFO - new node validate loss: 0.6987
2025-10-02 15:41:44,519 - root - INFO - new node validate average_precision, 0.7454
2025-10-02 15:41:44,519 - root - INFO - new node validate roc_auc, 0.7830
2025-10-02 15:42:08,205 - root - INFO - test loss: 0.5050
2025-10-02 15:42:08,206 - root - INFO - test average_precision, 0.8207
2025-10-02 15:42:08,206 - root - INFO - best test average_precision: 0.8295
2025-10-02 15:42:08,206 - root - INFO - test roc_auc, 0.8597
2025-10-02 15:42:08,206 - root - INFO - new node test loss: 0.6935
2025-10-02 15:42:08,206 - root - INFO - new node test average_precision, 0.7821
2025-10-02 15:42:08,206 - root - INFO - new node test roc_auc, 0.8045
2025-10-02 15:44:25,183 - root - INFO - Epoch: 6, learning rate: 0.0001, train loss: 0.4564
2025-10-02 15:44:25,185 - root - INFO - train average_precision, 0.8306
2025-10-02 15:44:25,185 - root - INFO - train roc_auc, 0.8643
2025-10-02 15:44:25,185 - root - INFO - validate loss: 0.5177
2025-10-02 15:44:25,186 - root - INFO - validate average_precision, 0.8006
2025-10-02 15:44:25,186 - root - INFO - validate roc_auc, 0.8423
2025-10-02 15:44:25,186 - root - INFO - new node validate loss: 0.5661
2025-10-02 15:44:25,186 - root - INFO - new node validate average_precision, 0.7748
2025-10-02 15:44:25,186 - root - INFO - new node validate roc_auc, 0.8096
2025-10-02 15:44:48,918 - root - INFO - test loss: 0.4998
2025-10-02 15:44:48,918 - root - INFO - test average_precision, 0.8171
2025-10-02 15:44:48,919 - root - INFO - best test average_precision: 0.8295
2025-10-02 15:44:48,919 - root - INFO - test roc_auc, 0.8572
2025-10-02 15:44:48,919 - root - INFO - new node test loss: 0.5400
2025-10-02 15:44:48,919 - root - INFO - new node test average_precision, 0.8061
2025-10-02 15:44:48,919 - root - INFO - new node test roc_auc, 0.8303
2025-10-02 15:47:06,149 - root - INFO - Epoch: 7, learning rate: 0.0001, train loss: 0.4508
2025-10-02 15:47:06,151 - root - INFO - train average_precision, 0.8329
2025-10-02 15:47:06,152 - root - INFO - train roc_auc, 0.8664
2025-10-02 15:47:06,152 - root - INFO - validate loss: 0.4925
2025-10-02 15:47:06,153 - root - INFO - validate average_precision, 0.8171
2025-10-02 15:47:06,153 - root - INFO - validate roc_auc, 0.8545
2025-10-02 15:47:06,153 - root - INFO - new node validate loss: 0.7000
2025-10-02 15:47:06,153 - root - INFO - new node validate average_precision, 0.7829
2025-10-02 15:47:06,153 - root - INFO - new node validate roc_auc, 0.8159
2025-10-02 15:47:29,952 - root - INFO - test loss: 0.4853
2025-10-02 15:47:29,953 - root - INFO - test average_precision, 0.8286
2025-10-02 15:47:29,953 - root - INFO - best test average_precision: 0.8295
2025-10-02 15:47:29,953 - root - INFO - test roc_auc, 0.8652
2025-10-02 15:47:29,953 - root - INFO - new node test loss: 0.7123
2025-10-02 15:47:29,953 - root - INFO - new node test average_precision, 0.7936
2025-10-02 15:47:29,953 - root - INFO - new node test roc_auc, 0.8177
2025-10-02 15:49:47,010 - root - INFO - Epoch: 8, learning rate: 0.0001, train loss: 0.4492
2025-10-02 15:49:47,012 - root - INFO - train average_precision, 0.8346
2025-10-02 15:49:47,013 - root - INFO - train roc_auc, 0.8673
2025-10-02 15:49:47,013 - root - INFO - validate loss: 0.5100
2025-10-02 15:49:47,013 - root - INFO - validate average_precision, 0.8162
2025-10-02 15:49:47,013 - root - INFO - validate roc_auc, 0.8506
2025-10-02 15:49:47,013 - root - INFO - new node validate loss: 0.6008
2025-10-02 15:49:47,013 - root - INFO - new node validate average_precision, 0.8118
2025-10-02 15:49:47,013 - root - INFO - new node validate roc_auc, 0.8333
2025-10-02 15:50:10,737 - root - INFO - test loss: 0.5181
2025-10-02 15:50:10,737 - root - INFO - test average_precision, 0.8243
2025-10-02 15:50:10,738 - root - INFO - best test average_precision: 0.8295
2025-10-02 15:50:10,738 - root - INFO - test roc_auc, 0.8586
2025-10-02 15:50:10,738 - root - INFO - new node test loss: 0.6074
2025-10-02 15:50:10,738 - root - INFO - new node test average_precision, 0.8151
2025-10-02 15:50:10,738 - root - INFO - new node test roc_auc, 0.8354
2025-10-02 15:52:27,457 - root - INFO - Epoch: 9, learning rate: 0.0001, train loss: 0.4476
2025-10-02 15:52:27,459 - root - INFO - train average_precision, 0.8349
2025-10-02 15:52:27,459 - root - INFO - train roc_auc, 0.8675
2025-10-02 15:52:27,460 - root - INFO - validate loss: 0.4931
2025-10-02 15:52:27,460 - root - INFO - validate average_precision, 0.8074
2025-10-02 15:52:27,460 - root - INFO - validate roc_auc, 0.8452
2025-10-02 15:52:27,460 - root - INFO - new node validate loss: 0.5336
2025-10-02 15:52:27,460 - root - INFO - new node validate average_precision, 0.8133
2025-10-02 15:52:27,460 - root - INFO - new node validate roc_auc, 0.8332
2025-10-02 15:52:51,251 - root - INFO - test loss: 0.4825
2025-10-02 15:52:51,252 - root - INFO - test average_precision, 0.8224
2025-10-02 15:52:51,252 - root - INFO - best test average_precision: 0.8295
2025-10-02 15:52:51,252 - root - INFO - test roc_auc, 0.8577
2025-10-02 15:52:51,252 - root - INFO - new node test loss: 0.5454
2025-10-02 15:52:51,252 - root - INFO - new node test average_precision, 0.8181
2025-10-02 15:52:51,252 - root - INFO - new node test roc_auc, 0.8330
2025-10-02 15:55:08,337 - root - INFO - Epoch: 10, learning rate: 0.0001, train loss: 0.4448
2025-10-02 15:55:08,338 - root - INFO - train average_precision, 0.8370
2025-10-02 15:55:08,339 - root - INFO - train roc_auc, 0.8693
2025-10-02 15:55:08,339 - root - INFO - validate loss: 0.4628
2025-10-02 15:55:08,340 - root - INFO - validate average_precision, 0.8315
2025-10-02 15:55:08,340 - root - INFO - validate roc_auc, 0.8666
2025-10-02 15:55:08,340 - root - INFO - new node validate loss: 0.5316
2025-10-02 15:55:08,340 - root - INFO - new node validate average_precision, 0.7957
2025-10-02 15:55:08,340 - root - INFO - new node validate roc_auc, 0.8187
2025-10-02 15:55:32,145 - root - INFO - test loss: 0.4406
2025-10-02 15:55:32,146 - root - INFO - test average_precision, 0.8444
2025-10-02 15:55:32,146 - root - INFO - best test average_precision: 0.8444
2025-10-02 15:55:32,146 - root - INFO - test roc_auc, 0.8787
2025-10-02 15:55:32,146 - root - INFO - new node test loss: 0.5292
2025-10-02 15:55:32,146 - root - INFO - new node test average_precision, 0.7972
2025-10-02 15:55:32,147 - root - INFO - new node test roc_auc, 0.8190
2025-10-02 15:55:32,147 - root - INFO - save model ./saved_models/DyRep/SocialEvo/DyRep_lete_seed1/DyRep_lete_seed1.pkl
2025-10-02 15:57:48,980 - root - INFO - Epoch: 11, learning rate: 0.0001, train loss: 0.4437
2025-10-02 15:57:48,981 - root - INFO - train average_precision, 0.8367
2025-10-02 15:57:48,982 - root - INFO - train roc_auc, 0.8693
2025-10-02 15:57:48,982 - root - INFO - validate loss: 0.4864
2025-10-02 15:57:48,982 - root - INFO - validate average_precision, 0.8237
2025-10-02 15:57:48,983 - root - INFO - validate roc_auc, 0.8605
2025-10-02 15:57:48,983 - root - INFO - new node validate loss: 0.5154
2025-10-02 15:57:48,983 - root - INFO - new node validate average_precision, 0.8332
2025-10-02 15:57:48,983 - root - INFO - new node validate roc_auc, 0.8530
2025-10-02 15:58:12,863 - root - INFO - test loss: 0.4620
2025-10-02 15:58:12,863 - root - INFO - test average_precision, 0.8394
2025-10-02 15:58:12,864 - root - INFO - best test average_precision: 0.8444
2025-10-02 15:58:12,864 - root - INFO - test roc_auc, 0.8733
2025-10-02 15:58:12,864 - root - INFO - new node test loss: 0.5030
2025-10-02 15:58:12,864 - root - INFO - new node test average_precision, 0.8463
2025-10-02 15:58:12,864 - root - INFO - new node test roc_auc, 0.8645
2025-10-02 16:00:29,703 - root - INFO - Epoch: 12, learning rate: 0.0001, train loss: 0.4373
2025-10-02 16:00:29,704 - root - INFO - train average_precision, 0.8402
2025-10-02 16:00:29,705 - root - INFO - train roc_auc, 0.8723
2025-10-02 16:00:29,705 - root - INFO - validate loss: 0.4580
2025-10-02 16:00:29,706 - root - INFO - validate average_precision, 0.8357
2025-10-02 16:00:29,706 - root - INFO - validate roc_auc, 0.8702
2025-10-02 16:00:29,706 - root - INFO - new node validate loss: 0.5735
2025-10-02 16:00:29,706 - root - INFO - new node validate average_precision, 0.8067
2025-10-02 16:00:29,706 - root - INFO - new node validate roc_auc, 0.8294
2025-10-02 16:00:53,377 - root - INFO - test loss: 0.4417
2025-10-02 16:00:53,377 - root - INFO - test average_precision, 0.8480
2025-10-02 16:00:53,377 - root - INFO - best test average_precision: 0.8480
2025-10-02 16:00:53,378 - root - INFO - test roc_auc, 0.8804
2025-10-02 16:00:53,378 - root - INFO - new node test loss: 0.5915
2025-10-02 16:00:53,378 - root - INFO - new node test average_precision, 0.8188
2025-10-02 16:00:53,378 - root - INFO - new node test roc_auc, 0.8364
2025-10-02 16:00:53,378 - root - INFO - save model ./saved_models/DyRep/SocialEvo/DyRep_lete_seed1/DyRep_lete_seed1.pkl
2025-10-02 16:03:10,352 - root - INFO - Epoch: 13, learning rate: 0.0001, train loss: 0.4381
2025-10-02 16:03:10,353 - root - INFO - train average_precision, 0.8422
2025-10-02 16:03:10,354 - root - INFO - train roc_auc, 0.8730
2025-10-02 16:03:10,354 - root - INFO - validate loss: 0.4882
2025-10-02 16:03:10,354 - root - INFO - validate average_precision, 0.8104
2025-10-02 16:03:10,355 - root - INFO - validate roc_auc, 0.8474
2025-10-02 16:03:10,355 - root - INFO - new node validate loss: 0.6955
2025-10-02 16:03:10,355 - root - INFO - new node validate average_precision, 0.8054
2025-10-02 16:03:10,355 - root - INFO - new node validate roc_auc, 0.8268
2025-10-02 16:03:34,134 - root - INFO - test loss: 0.4856
2025-10-02 16:03:34,134 - root - INFO - test average_precision, 0.8149
2025-10-02 16:03:34,134 - root - INFO - best test average_precision: 0.8480
2025-10-02 16:03:34,135 - root - INFO - test roc_auc, 0.8519
2025-10-02 16:03:34,135 - root - INFO - new node test loss: 0.6981
2025-10-02 16:03:34,135 - root - INFO - new node test average_precision, 0.8213
2025-10-02 16:03:34,135 - root - INFO - new node test roc_auc, 0.8365
2025-10-02 16:05:51,390 - root - INFO - Epoch: 14, learning rate: 0.0001, train loss: 0.4319
2025-10-02 16:05:51,392 - root - INFO - train average_precision, 0.8459
2025-10-02 16:05:51,393 - root - INFO - train roc_auc, 0.8763
2025-10-02 16:05:51,393 - root - INFO - validate loss: 0.4677
2025-10-02 16:05:51,393 - root - INFO - validate average_precision, 0.8362
2025-10-02 16:05:51,394 - root - INFO - validate roc_auc, 0.8708
2025-10-02 16:05:51,394 - root - INFO - new node validate loss: 0.5426
2025-10-02 16:05:51,394 - root - INFO - new node validate average_precision, 0.8185
2025-10-02 16:05:51,394 - root - INFO - new node validate roc_auc, 0.8421
2025-10-02 16:06:15,300 - root - INFO - test loss: 0.4536
2025-10-02 16:06:15,300 - root - INFO - test average_precision, 0.8497
2025-10-02 16:06:15,301 - root - INFO - best test average_precision: 0.8497
2025-10-02 16:06:15,301 - root - INFO - test roc_auc, 0.8821
2025-10-02 16:06:15,301 - root - INFO - new node test loss: 0.5002
2025-10-02 16:06:15,301 - root - INFO - new node test average_precision, 0.8404
2025-10-02 16:06:15,301 - root - INFO - new node test roc_auc, 0.8607
2025-10-02 16:06:15,302 - root - INFO - save model ./saved_models/DyRep/SocialEvo/DyRep_lete_seed1/DyRep_lete_seed1.pkl
2025-10-02 16:08:32,621 - root - INFO - Epoch: 15, learning rate: 0.0001, train loss: 0.4312
2025-10-02 16:08:32,623 - root - INFO - train average_precision, 0.8459
2025-10-02 16:08:32,623 - root - INFO - train roc_auc, 0.8759
2025-10-02 16:08:32,623 - root - INFO - validate loss: 0.4851
2025-10-02 16:08:32,624 - root - INFO - validate average_precision, 0.8416
2025-10-02 16:08:32,624 - root - INFO - validate roc_auc, 0.8737
2025-10-02 16:08:32,624 - root - INFO - new node validate loss: 0.5267
2025-10-02 16:08:32,624 - root - INFO - new node validate average_precision, 0.8220
2025-10-02 16:08:32,624 - root - INFO - new node validate roc_auc, 0.8445
2025-10-02 16:08:56,447 - root - INFO - test loss: 0.4639
2025-10-02 16:08:56,448 - root - INFO - test average_precision, 0.8567
2025-10-02 16:08:56,448 - root - INFO - best test average_precision: 0.8567
2025-10-02 16:08:56,448 - root - INFO - test roc_auc, 0.8864
2025-10-02 16:08:56,448 - root - INFO - new node test loss: 0.5171
2025-10-02 16:08:56,448 - root - INFO - new node test average_precision, 0.8370
2025-10-02 16:08:56,448 - root - INFO - new node test roc_auc, 0.8544
2025-10-02 16:08:56,449 - root - INFO - save model ./saved_models/DyRep/SocialEvo/DyRep_lete_seed1/DyRep_lete_seed1.pkl
2025-10-02 16:11:13,344 - root - INFO - Epoch: 16, learning rate: 0.0001, train loss: 0.4311
2025-10-02 16:11:13,346 - root - INFO - train average_precision, 0.8472
2025-10-02 16:11:13,347 - root - INFO - train roc_auc, 0.8766
2025-10-02 16:11:13,347 - root - INFO - validate loss: 0.4542
2025-10-02 16:11:13,347 - root - INFO - validate average_precision, 0.8321
2025-10-02 16:11:13,347 - root - INFO - validate roc_auc, 0.8676
2025-10-02 16:11:13,347 - root - INFO - new node validate loss: 0.5240
2025-10-02 16:11:13,347 - root - INFO - new node validate average_precision, 0.8278
2025-10-02 16:11:13,347 - root - INFO - new node validate roc_auc, 0.8472
2025-10-02 16:11:37,064 - root - INFO - test loss: 0.4392
2025-10-02 16:11:37,064 - root - INFO - test average_precision, 0.8462
2025-10-02 16:11:37,064 - root - INFO - best test average_precision: 0.8567
2025-10-02 16:11:37,065 - root - INFO - test roc_auc, 0.8790
2025-10-02 16:11:37,065 - root - INFO - new node test loss: 0.5173
2025-10-02 16:11:37,065 - root - INFO - new node test average_precision, 0.8411
2025-10-02 16:11:37,065 - root - INFO - new node test roc_auc, 0.8583
2025-10-02 16:13:53,922 - root - INFO - Epoch: 17, learning rate: 0.0001, train loss: 0.4286
2025-10-02 16:13:53,923 - root - INFO - train average_precision, 0.8487
2025-10-02 16:13:53,924 - root - INFO - train roc_auc, 0.8779
2025-10-02 16:13:53,924 - root - INFO - validate loss: 0.4344
2025-10-02 16:13:53,925 - root - INFO - validate average_precision, 0.8484
2025-10-02 16:13:53,925 - root - INFO - validate roc_auc, 0.8797
2025-10-02 16:13:53,925 - root - INFO - new node validate loss: 0.5636
2025-10-02 16:13:53,925 - root - INFO - new node validate average_precision, 0.8275
2025-10-02 16:13:53,925 - root - INFO - new node validate roc_auc, 0.8453
2025-10-02 16:14:17,584 - root - INFO - test loss: 0.4209
2025-10-02 16:14:17,584 - root - INFO - test average_precision, 0.8594
2025-10-02 16:14:17,584 - root - INFO - best test average_precision: 0.8594
2025-10-02 16:14:17,585 - root - INFO - test roc_auc, 0.8891
2025-10-02 16:14:17,585 - root - INFO - new node test loss: 0.5499
2025-10-02 16:14:17,585 - root - INFO - new node test average_precision, 0.8316
2025-10-02 16:14:17,585 - root - INFO - new node test roc_auc, 0.8484
2025-10-02 16:14:17,585 - root - INFO - save model ./saved_models/DyRep/SocialEvo/DyRep_lete_seed1/DyRep_lete_seed1.pkl
2025-10-02 16:16:34,761 - root - INFO - Epoch: 18, learning rate: 0.0001, train loss: 0.4300
2025-10-02 16:16:34,763 - root - INFO - train average_precision, 0.8482
2025-10-02 16:16:34,764 - root - INFO - train roc_auc, 0.8774
2025-10-02 16:16:34,764 - root - INFO - validate loss: 0.4579
2025-10-02 16:16:34,764 - root - INFO - validate average_precision, 0.8394
2025-10-02 16:16:34,764 - root - INFO - validate roc_auc, 0.8701
2025-10-02 16:16:34,764 - root - INFO - new node validate loss: 0.7011
2025-10-02 16:16:34,764 - root - INFO - new node validate average_precision, 0.8223
2025-10-02 16:16:34,764 - root - INFO - new node validate roc_auc, 0.8406
2025-10-02 16:16:58,560 - root - INFO - test loss: 0.4471
2025-10-02 16:16:58,560 - root - INFO - test average_precision, 0.8499
2025-10-02 16:16:58,560 - root - INFO - best test average_precision: 0.8594
2025-10-02 16:16:58,560 - root - INFO - test roc_auc, 0.8796
2025-10-02 16:16:58,560 - root - INFO - new node test loss: 0.6990
2025-10-02 16:16:58,560 - root - INFO - new node test average_precision, 0.8326
2025-10-02 16:16:58,561 - root - INFO - new node test roc_auc, 0.8469
2025-10-02 16:19:15,683 - root - INFO - Epoch: 19, learning rate: 0.0001, train loss: 0.4287
2025-10-02 16:19:15,685 - root - INFO - train average_precision, 0.8488
2025-10-02 16:19:15,685 - root - INFO - train roc_auc, 0.8776
2025-10-02 16:19:15,686 - root - INFO - validate loss: 0.4420
2025-10-02 16:19:15,686 - root - INFO - validate average_precision, 0.8462
2025-10-02 16:19:15,686 - root - INFO - validate roc_auc, 0.8783
2025-10-02 16:19:15,686 - root - INFO - new node validate loss: 0.7526
2025-10-02 16:19:15,686 - root - INFO - new node validate average_precision, 0.8198
2025-10-02 16:19:15,686 - root - INFO - new node validate roc_auc, 0.8393
2025-10-02 16:19:39,431 - root - INFO - test loss: 0.4385
2025-10-02 16:19:39,432 - root - INFO - test average_precision, 0.8556
2025-10-02 16:19:39,432 - root - INFO - best test average_precision: 0.8594
2025-10-02 16:19:39,432 - root - INFO - test roc_auc, 0.8844
2025-10-02 16:19:39,432 - root - INFO - new node test loss: 0.7454
2025-10-02 16:19:39,432 - root - INFO - new node test average_precision, 0.8371
2025-10-02 16:19:39,432 - root - INFO - new node test roc_auc, 0.8539
2025-10-02 16:21:56,111 - root - INFO - Epoch: 20, learning rate: 0.0001, train loss: 0.4254
2025-10-02 16:21:56,113 - root - INFO - train average_precision, 0.8512
2025-10-02 16:21:56,113 - root - INFO - train roc_auc, 0.8797
2025-10-02 16:21:56,113 - root - INFO - validate loss: 0.4429
2025-10-02 16:21:56,114 - root - INFO - validate average_precision, 0.8457
2025-10-02 16:21:56,114 - root - INFO - validate roc_auc, 0.8767
2025-10-02 16:21:56,114 - root - INFO - new node validate loss: 0.6328
2025-10-02 16:21:56,114 - root - INFO - new node validate average_precision, 0.8113
2025-10-02 16:21:56,114 - root - INFO - new node validate roc_auc, 0.8298
2025-10-02 16:22:19,821 - root - INFO - test loss: 0.4344
2025-10-02 16:22:19,821 - root - INFO - test average_precision, 0.8567
2025-10-02 16:22:19,821 - root - INFO - best test average_precision: 0.8594
2025-10-02 16:22:19,821 - root - INFO - test roc_auc, 0.8852
2025-10-02 16:22:19,822 - root - INFO - new node test loss: 0.6075
2025-10-02 16:22:19,822 - root - INFO - new node test average_precision, 0.8255
2025-10-02 16:22:19,822 - root - INFO - new node test roc_auc, 0.8414
2025-10-02 16:24:36,908 - root - INFO - Epoch: 21, learning rate: 0.0001, train loss: 0.4234
2025-10-02 16:24:36,909 - root - INFO - train average_precision, 0.8531
2025-10-02 16:24:36,910 - root - INFO - train roc_auc, 0.8810
2025-10-02 16:24:36,910 - root - INFO - validate loss: 0.4397
2025-10-02 16:24:36,910 - root - INFO - validate average_precision, 0.8489
2025-10-02 16:24:36,911 - root - INFO - validate roc_auc, 0.8794
2025-10-02 16:24:36,911 - root - INFO - new node validate loss: 0.5023
2025-10-02 16:24:36,911 - root - INFO - new node validate average_precision, 0.8332
2025-10-02 16:24:36,911 - root - INFO - new node validate roc_auc, 0.8463
2025-10-02 16:25:00,765 - root - INFO - test loss: 0.4286
2025-10-02 16:25:00,766 - root - INFO - test average_precision, 0.8589
2025-10-02 16:25:00,766 - root - INFO - best test average_precision: 0.8594
2025-10-02 16:25:00,766 - root - INFO - test roc_auc, 0.8872
2025-10-02 16:25:00,766 - root - INFO - new node test loss: 0.4933
2025-10-02 16:25:00,766 - root - INFO - new node test average_precision, 0.8405
2025-10-02 16:25:00,766 - root - INFO - new node test roc_auc, 0.8513
2025-10-02 16:27:17,880 - root - INFO - Epoch: 22, learning rate: 0.0001, train loss: 0.4180
2025-10-02 16:27:17,882 - root - INFO - train average_precision, 0.8566
2025-10-02 16:27:17,882 - root - INFO - train roc_auc, 0.8837
2025-10-02 16:27:17,883 - root - INFO - validate loss: 0.4550
2025-10-02 16:27:17,883 - root - INFO - validate average_precision, 0.8389
2025-10-02 16:27:17,883 - root - INFO - validate roc_auc, 0.8704
2025-10-02 16:27:17,883 - root - INFO - new node validate loss: 0.4670
2025-10-02 16:27:17,883 - root - INFO - new node validate average_precision, 0.8491
2025-10-02 16:27:17,883 - root - INFO - new node validate roc_auc, 0.8619
2025-10-02 16:27:41,611 - root - INFO - test loss: 0.4421
2025-10-02 16:27:41,612 - root - INFO - test average_precision, 0.8468
2025-10-02 16:27:41,612 - root - INFO - best test average_precision: 0.8594
2025-10-02 16:27:41,612 - root - INFO - test roc_auc, 0.8772
2025-10-02 16:27:41,612 - root - INFO - new node test loss: 0.4597
2025-10-02 16:27:41,612 - root - INFO - new node test average_precision, 0.8512
2025-10-02 16:27:41,612 - root - INFO - new node test roc_auc, 0.8644
2025-10-02 16:29:58,542 - root - INFO - Epoch: 23, learning rate: 0.0001, train loss: 0.4199
2025-10-02 16:29:58,544 - root - INFO - train average_precision, 0.8555
2025-10-02 16:29:58,545 - root - INFO - train roc_auc, 0.8828
2025-10-02 16:29:58,545 - root - INFO - validate loss: 0.4480
2025-10-02 16:29:58,545 - root - INFO - validate average_precision, 0.8508
2025-10-02 16:29:58,545 - root - INFO - validate roc_auc, 0.8797
2025-10-02 16:29:58,545 - root - INFO - new node validate loss: 0.5193
2025-10-02 16:29:58,545 - root - INFO - new node validate average_precision, 0.8405
2025-10-02 16:29:58,545 - root - INFO - new node validate roc_auc, 0.8563
2025-10-02 16:30:22,226 - root - INFO - test loss: 0.4320
2025-10-02 16:30:22,226 - root - INFO - test average_precision, 0.8615
2025-10-02 16:30:22,226 - root - INFO - best test average_precision: 0.8615
2025-10-02 16:30:22,227 - root - INFO - test roc_auc, 0.8890
2025-10-02 16:30:22,227 - root - INFO - new node test loss: 0.5011
2025-10-02 16:30:22,227 - root - INFO - new node test average_precision, 0.8540
2025-10-02 16:30:22,227 - root - INFO - new node test roc_auc, 0.8668
2025-10-02 16:30:22,227 - root - INFO - save model ./saved_models/DyRep/SocialEvo/DyRep_lete_seed1/DyRep_lete_seed1.pkl
2025-10-02 16:32:39,370 - root - INFO - Epoch: 24, learning rate: 0.0001, train loss: 0.4195
2025-10-02 16:32:39,371 - root - INFO - train average_precision, 0.8559
2025-10-02 16:32:39,372 - root - INFO - train roc_auc, 0.8829
2025-10-02 16:32:39,372 - root - INFO - validate loss: 0.4394
2025-10-02 16:32:39,372 - root - INFO - validate average_precision, 0.8487
2025-10-02 16:32:39,373 - root - INFO - validate roc_auc, 0.8790
2025-10-02 16:32:39,373 - root - INFO - new node validate loss: 0.5939
2025-10-02 16:32:39,373 - root - INFO - new node validate average_precision, 0.8458
2025-10-02 16:32:39,373 - root - INFO - new node validate roc_auc, 0.8589
2025-10-02 16:33:03,068 - root - INFO - test loss: 0.4264
2025-10-02 16:33:03,069 - root - INFO - test average_precision, 0.8617
2025-10-02 16:33:03,069 - root - INFO - best test average_precision: 0.8617
2025-10-02 16:33:03,069 - root - INFO - test roc_auc, 0.8895
2025-10-02 16:33:03,069 - root - INFO - new node test loss: 0.5731
2025-10-02 16:33:03,069 - root - INFO - new node test average_precision, 0.8545
2025-10-02 16:33:03,069 - root - INFO - new node test roc_auc, 0.8664
2025-10-02 16:35:20,062 - root - INFO - Epoch: 25, learning rate: 0.0001, train loss: 0.4141
2025-10-02 16:35:20,063 - root - INFO - train average_precision, 0.8586
2025-10-02 16:35:20,064 - root - INFO - train roc_auc, 0.8850
2025-10-02 16:35:20,064 - root - INFO - validate loss: 0.4683
2025-10-02 16:35:20,064 - root - INFO - validate average_precision, 0.8401
2025-10-02 16:35:20,065 - root - INFO - validate roc_auc, 0.8707
2025-10-02 16:35:20,065 - root - INFO - new node validate loss: 0.5099
2025-10-02 16:35:20,065 - root - INFO - new node validate average_precision, 0.8293
2025-10-02 16:35:20,065 - root - INFO - new node validate roc_auc, 0.8418
2025-10-02 16:35:43,824 - root - INFO - test loss: 0.4559
2025-10-02 16:35:43,825 - root - INFO - test average_precision, 0.8498
2025-10-02 16:35:43,825 - root - INFO - best test average_precision: 0.8617
2025-10-02 16:35:43,825 - root - INFO - test roc_auc, 0.8784
2025-10-02 16:35:43,825 - root - INFO - new node test loss: 0.4933
2025-10-02 16:35:43,825 - root - INFO - new node test average_precision, 0.8395
2025-10-02 16:35:43,825 - root - INFO - new node test roc_auc, 0.8496
2025-10-02 16:38:00,828 - root - INFO - Epoch: 26, learning rate: 0.0001, train loss: 0.4149
2025-10-02 16:38:00,829 - root - INFO - train average_precision, 0.8586
2025-10-02 16:38:00,830 - root - INFO - train roc_auc, 0.8851
2025-10-02 16:38:00,830 - root - INFO - validate loss: 0.4471
2025-10-02 16:38:00,831 - root - INFO - validate average_precision, 0.8489
2025-10-02 16:38:00,831 - root - INFO - validate roc_auc, 0.8784
2025-10-02 16:38:00,831 - root - INFO - new node validate loss: 0.4859
2025-10-02 16:38:00,831 - root - INFO - new node validate average_precision, 0.8341
2025-10-02 16:38:00,831 - root - INFO - new node validate roc_auc, 0.8486
2025-10-02 16:38:24,589 - root - INFO - test loss: 0.4310
2025-10-02 16:38:24,590 - root - INFO - test average_precision, 0.8571
2025-10-02 16:38:24,590 - root - INFO - best test average_precision: 0.8617
2025-10-02 16:38:24,590 - root - INFO - test roc_auc, 0.8853
2025-10-02 16:38:24,590 - root - INFO - new node test loss: 0.4742
2025-10-02 16:38:24,590 - root - INFO - new node test average_precision, 0.8453
2025-10-02 16:38:24,590 - root - INFO - new node test roc_auc, 0.8559
2025-10-02 16:40:41,779 - root - INFO - Epoch: 27, learning rate: 0.0001, train loss: 0.4146
2025-10-02 16:40:41,781 - root - INFO - train average_precision, 0.8599
2025-10-02 16:40:41,782 - root - INFO - train roc_auc, 0.8855
2025-10-02 16:40:41,782 - root - INFO - validate loss: 0.4783
2025-10-02 16:40:41,782 - root - INFO - validate average_precision, 0.8472
2025-10-02 16:40:41,782 - root - INFO - validate roc_auc, 0.8755
2025-10-02 16:40:41,782 - root - INFO - new node validate loss: 0.4974
2025-10-02 16:40:41,782 - root - INFO - new node validate average_precision, 0.8369
2025-10-02 16:40:41,782 - root - INFO - new node validate roc_auc, 0.8506
2025-10-02 16:41:05,569 - root - INFO - test loss: 0.4549
2025-10-02 16:41:05,570 - root - INFO - test average_precision, 0.8600
2025-10-02 16:41:05,570 - root - INFO - best test average_precision: 0.8617
2025-10-02 16:41:05,570 - root - INFO - test roc_auc, 0.8866
2025-10-02 16:41:05,570 - root - INFO - new node test loss: 0.4878
2025-10-02 16:41:05,570 - root - INFO - new node test average_precision, 0.8429
2025-10-02 16:41:05,570 - root - INFO - new node test roc_auc, 0.8568
2025-10-02 16:43:22,437 - root - INFO - Epoch: 28, learning rate: 0.0001, train loss: 0.4142
2025-10-02 16:43:22,438 - root - INFO - train average_precision, 0.8609
2025-10-02 16:43:22,439 - root - INFO - train roc_auc, 0.8859
2025-10-02 16:43:22,439 - root - INFO - validate loss: 0.4432
2025-10-02 16:43:22,439 - root - INFO - validate average_precision, 0.8541
2025-10-02 16:43:22,440 - root - INFO - validate roc_auc, 0.8799
2025-10-02 16:43:22,440 - root - INFO - new node validate loss: 0.5211
2025-10-02 16:43:22,440 - root - INFO - new node validate average_precision, 0.8561
2025-10-02 16:43:22,440 - root - INFO - new node validate roc_auc, 0.8706
2025-10-02 16:43:46,135 - root - INFO - test loss: 0.4322
2025-10-02 16:43:46,135 - root - INFO - test average_precision, 0.8649
2025-10-02 16:43:46,136 - root - INFO - best test average_precision: 0.8649
2025-10-02 16:43:46,136 - root - INFO - test roc_auc, 0.8896
2025-10-02 16:43:46,136 - root - INFO - new node test loss: 0.4971
2025-10-02 16:43:46,136 - root - INFO - new node test average_precision, 0.8696
2025-10-02 16:43:46,136 - root - INFO - new node test roc_auc, 0.8822
2025-10-02 16:43:46,137 - root - INFO - save model ./saved_models/DyRep/SocialEvo/DyRep_lete_seed1/DyRep_lete_seed1.pkl
2025-10-02 16:46:03,229 - root - INFO - Epoch: 29, learning rate: 0.0001, train loss: 0.4104
2025-10-02 16:46:03,230 - root - INFO - train average_precision, 0.8636
2025-10-02 16:46:03,231 - root - INFO - train roc_auc, 0.8880
2025-10-02 16:46:03,231 - root - INFO - validate loss: 0.4969
2025-10-02 16:46:03,231 - root - INFO - validate average_precision, 0.8347
2025-10-02 16:46:03,232 - root - INFO - validate roc_auc, 0.8637
2025-10-02 16:46:03,232 - root - INFO - new node validate loss: 0.4704
2025-10-02 16:46:03,232 - root - INFO - new node validate average_precision, 0.8568
2025-10-02 16:46:03,232 - root - INFO - new node validate roc_auc, 0.8670
2025-10-02 16:46:26,937 - root - INFO - test loss: 0.4773
2025-10-02 16:46:26,937 - root - INFO - test average_precision, 0.8474
2025-10-02 16:46:26,938 - root - INFO - best test average_precision: 0.8649
2025-10-02 16:46:26,938 - root - INFO - test roc_auc, 0.8748
2025-10-02 16:46:26,938 - root - INFO - new node test loss: 0.4483
2025-10-02 16:46:26,938 - root - INFO - new node test average_precision, 0.8658
2025-10-02 16:46:26,938 - root - INFO - new node test roc_auc, 0.8788
2025-10-02 16:48:44,211 - root - INFO - Epoch: 30, learning rate: 0.0001, train loss: 0.4098
2025-10-02 16:48:44,212 - root - INFO - train average_precision, 0.8639
2025-10-02 16:48:44,213 - root - INFO - train roc_auc, 0.8884
2025-10-02 16:48:44,213 - root - INFO - validate loss: 0.5043
2025-10-02 16:48:44,214 - root - INFO - validate average_precision, 0.8521
2025-10-02 16:48:44,214 - root - INFO - validate roc_auc, 0.8787
2025-10-02 16:48:44,214 - root - INFO - new node validate loss: 0.4764
2025-10-02 16:48:44,214 - root - INFO - new node validate average_precision, 0.8641
2025-10-02 16:48:44,214 - root - INFO - new node validate roc_auc, 0.8730
2025-10-02 16:49:07,903 - root - INFO - test loss: 0.4858
2025-10-02 16:49:07,903 - root - INFO - test average_precision, 0.8676
2025-10-02 16:49:07,903 - root - INFO - best test average_precision: 0.8676
2025-10-02 16:49:07,903 - root - INFO - test roc_auc, 0.8908
2025-10-02 16:49:07,903 - root - INFO - new node test loss: 0.4621
2025-10-02 16:49:07,904 - root - INFO - new node test average_precision, 0.8690
2025-10-02 16:49:07,904 - root - INFO - new node test roc_auc, 0.8791
2025-10-02 16:51:24,969 - root - INFO - Epoch: 31, learning rate: 0.0001, train loss: 0.4118
2025-10-02 16:51:24,971 - root - INFO - train average_precision, 0.8633
2025-10-02 16:51:24,971 - root - INFO - train roc_auc, 0.8876
2025-10-02 16:51:24,972 - root - INFO - validate loss: 0.4316
2025-10-02 16:51:24,972 - root - INFO - validate average_precision, 0.8582
2025-10-02 16:51:24,972 - root - INFO - validate roc_auc, 0.8834
2025-10-02 16:51:24,972 - root - INFO - new node validate loss: 0.4594
2025-10-02 16:51:24,972 - root - INFO - new node validate average_precision, 0.8608
2025-10-02 16:51:24,972 - root - INFO - new node validate roc_auc, 0.8697
2025-10-02 16:51:48,693 - root - INFO - test loss: 0.4191
2025-10-02 16:51:48,694 - root - INFO - test average_precision, 0.8697
2025-10-02 16:51:48,694 - root - INFO - best test average_precision: 0.8697
2025-10-02 16:51:48,694 - root - INFO - test roc_auc, 0.8918
2025-10-02 16:51:48,694 - root - INFO - new node test loss: 0.4466
2025-10-02 16:51:48,694 - root - INFO - new node test average_precision, 0.8677
2025-10-02 16:51:48,694 - root - INFO - new node test roc_auc, 0.8750
2025-10-02 16:51:48,695 - root - INFO - save model ./saved_models/DyRep/SocialEvo/DyRep_lete_seed1/DyRep_lete_seed1.pkl
2025-10-02 16:54:05,895 - root - INFO - Epoch: 32, learning rate: 0.0001, train loss: 0.4063
2025-10-02 16:54:05,897 - root - INFO - train average_precision, 0.8659
2025-10-02 16:54:05,897 - root - INFO - train roc_auc, 0.8899
2025-10-02 16:54:05,898 - root - INFO - validate loss: 0.4531
2025-10-02 16:54:05,898 - root - INFO - validate average_precision, 0.8503
2025-10-02 16:54:05,898 - root - INFO - validate roc_auc, 0.8774
2025-10-02 16:54:05,898 - root - INFO - new node validate loss: 0.5025
2025-10-02 16:54:05,898 - root - INFO - new node validate average_precision, 0.8569
2025-10-02 16:54:05,898 - root - INFO - new node validate roc_auc, 0.8676
2025-10-02 16:54:29,929 - root - INFO - test loss: 0.4549
2025-10-02 16:54:29,930 - root - INFO - test average_precision, 0.8553
2025-10-02 16:54:29,930 - root - INFO - best test average_precision: 0.8697
2025-10-02 16:54:29,930 - root - INFO - test roc_auc, 0.8800
2025-10-02 16:54:29,930 - root - INFO - new node test loss: 0.4844
2025-10-02 16:54:29,930 - root - INFO - new node test average_precision, 0.8702
2025-10-02 16:54:29,930 - root - INFO - new node test roc_auc, 0.8804
2025-10-02 16:56:47,045 - root - INFO - Epoch: 33, learning rate: 0.0001, train loss: 0.4068
2025-10-02 16:56:47,046 - root - INFO - train average_precision, 0.8666
2025-10-02 16:56:47,047 - root - INFO - train roc_auc, 0.8903
2025-10-02 16:56:47,047 - root - INFO - validate loss: 0.4186
2025-10-02 16:56:47,048 - root - INFO - validate average_precision, 0.8635
2025-10-02 16:56:47,048 - root - INFO - validate roc_auc, 0.8887
2025-10-02 16:56:47,048 - root - INFO - new node validate loss: 0.5024
2025-10-02 16:56:47,048 - root - INFO - new node validate average_precision, 0.8642
2025-10-02 16:56:47,048 - root - INFO - new node validate roc_auc, 0.8741
2025-10-02 16:57:10,733 - root - INFO - test loss: 0.4059
2025-10-02 16:57:10,734 - root - INFO - test average_precision, 0.8734
2025-10-02 16:57:10,734 - root - INFO - best test average_precision: 0.8734
2025-10-02 16:57:10,734 - root - INFO - test roc_auc, 0.8968
2025-10-02 16:57:10,734 - root - INFO - new node test loss: 0.4608
2025-10-02 16:57:10,735 - root - INFO - new node test average_precision, 0.8798
2025-10-02 16:57:10,735 - root - INFO - new node test roc_auc, 0.8896
2025-10-02 16:57:10,735 - root - INFO - save model ./saved_models/DyRep/SocialEvo/DyRep_lete_seed1/DyRep_lete_seed1.pkl
2025-10-02 16:59:28,087 - root - INFO - Epoch: 34, learning rate: 0.0001, train loss: 0.4072
2025-10-02 16:59:28,088 - root - INFO - train average_precision, 0.8676
2025-10-02 16:59:28,089 - root - INFO - train roc_auc, 0.8906
2025-10-02 16:59:28,089 - root - INFO - validate loss: 0.4350
2025-10-02 16:59:28,089 - root - INFO - validate average_precision, 0.8579
2025-10-02 16:59:28,089 - root - INFO - validate roc_auc, 0.8816
2025-10-02 16:59:28,090 - root - INFO - new node validate loss: 0.4585
2025-10-02 16:59:28,090 - root - INFO - new node validate average_precision, 0.8866
2025-10-02 16:59:28,090 - root - INFO - new node validate roc_auc, 0.8943
2025-10-02 16:59:51,853 - root - INFO - test loss: 0.4322
2025-10-02 16:59:51,853 - root - INFO - test average_precision, 0.8625
2025-10-02 16:59:51,854 - root - INFO - best test average_precision: 0.8734
2025-10-02 16:59:51,854 - root - INFO - test roc_auc, 0.8859
2025-10-02 16:59:51,854 - root - INFO - new node test loss: 0.4278
2025-10-02 16:59:51,854 - root - INFO - new node test average_precision, 0.8995
2025-10-02 16:59:51,854 - root - INFO - new node test roc_auc, 0.9072
2025-10-02 17:02:09,004 - root - INFO - Epoch: 35, learning rate: 0.0001, train loss: 0.4049
2025-10-02 17:02:09,006 - root - INFO - train average_precision, 0.8677
2025-10-02 17:02:09,006 - root - INFO - train roc_auc, 0.8908
2025-10-02 17:02:09,007 - root - INFO - validate loss: 0.4373
2025-10-02 17:02:09,007 - root - INFO - validate average_precision, 0.8550
2025-10-02 17:02:09,007 - root - INFO - validate roc_auc, 0.8797
2025-10-02 17:02:09,007 - root - INFO - new node validate loss: 0.4471
2025-10-02 17:02:09,007 - root - INFO - new node validate average_precision, 0.8808
2025-10-02 17:02:09,007 - root - INFO - new node validate roc_auc, 0.8883
2025-10-02 17:02:32,877 - root - INFO - test loss: 0.4136
2025-10-02 17:02:32,878 - root - INFO - test average_precision, 0.8701
2025-10-02 17:02:32,878 - root - INFO - best test average_precision: 0.8734
2025-10-02 17:02:32,878 - root - INFO - test roc_auc, 0.8929
2025-10-02 17:02:32,878 - root - INFO - new node test loss: 0.4272
2025-10-02 17:02:32,878 - root - INFO - new node test average_precision, 0.8929
2025-10-02 17:02:32,878 - root - INFO - new node test roc_auc, 0.9010
2025-10-02 17:04:49,593 - root - INFO - Epoch: 36, learning rate: 0.0001, train loss: 0.4026
2025-10-02 17:04:49,594 - root - INFO - train average_precision, 0.8695
2025-10-02 17:04:49,595 - root - INFO - train roc_auc, 0.8921
2025-10-02 17:04:49,595 - root - INFO - validate loss: 0.4347
2025-10-02 17:04:49,596 - root - INFO - validate average_precision, 0.8604
2025-10-02 17:04:49,596 - root - INFO - validate roc_auc, 0.8849
2025-10-02 17:04:49,596 - root - INFO - new node validate loss: 0.4619
2025-10-02 17:04:49,596 - root - INFO - new node validate average_precision, 0.8854
2025-10-02 17:04:49,596 - root - INFO - new node validate roc_auc, 0.8918
2025-10-02 17:05:13,269 - root - INFO - test loss: 0.4171
2025-10-02 17:05:13,269 - root - INFO - test average_precision, 0.8732
2025-10-02 17:05:13,269 - root - INFO - best test average_precision: 0.8734
2025-10-02 17:05:13,270 - root - INFO - test roc_auc, 0.8951
2025-10-02 17:05:13,270 - root - INFO - new node test loss: 0.4154
2025-10-02 17:05:13,270 - root - INFO - new node test average_precision, 0.9030
2025-10-02 17:05:13,270 - root - INFO - new node test roc_auc, 0.9119
2025-10-02 17:07:30,269 - root - INFO - Epoch: 37, learning rate: 0.0001, train loss: 0.4065
2025-10-02 17:07:30,270 - root - INFO - train average_precision, 0.8675
2025-10-02 17:07:30,271 - root - INFO - train roc_auc, 0.8904
2025-10-02 17:07:30,271 - root - INFO - validate loss: 0.4382
2025-10-02 17:07:30,271 - root - INFO - validate average_precision, 0.8572
2025-10-02 17:07:30,271 - root - INFO - validate roc_auc, 0.8825
2025-10-02 17:07:30,271 - root - INFO - new node validate loss: 0.4456
2025-10-02 17:07:30,272 - root - INFO - new node validate average_precision, 0.8712
2025-10-02 17:07:30,272 - root - INFO - new node validate roc_auc, 0.8809
2025-10-02 17:07:53,932 - root - INFO - test loss: 0.4194
2025-10-02 17:07:53,933 - root - INFO - test average_precision, 0.8695
2025-10-02 17:07:53,933 - root - INFO - best test average_precision: 0.8734
2025-10-02 17:07:53,933 - root - INFO - test roc_auc, 0.8928
2025-10-02 17:07:53,933 - root - INFO - new node test loss: 0.4283
2025-10-02 17:07:53,933 - root - INFO - new node test average_precision, 0.8824
2025-10-02 17:07:53,933 - root - INFO - new node test roc_auc, 0.8898
2025-10-02 17:10:11,176 - root - INFO - Epoch: 38, learning rate: 0.0001, train loss: 0.4037
2025-10-02 17:10:11,177 - root - INFO - train average_precision, 0.8688
2025-10-02 17:10:11,178 - root - INFO - train roc_auc, 0.8915
2025-10-02 17:10:11,178 - root - INFO - validate loss: 0.4467
2025-10-02 17:10:11,178 - root - INFO - validate average_precision, 0.8629
2025-10-02 17:10:11,179 - root - INFO - validate roc_auc, 0.8854
2025-10-02 17:10:11,179 - root - INFO - new node validate loss: 0.4428
2025-10-02 17:10:11,179 - root - INFO - new node validate average_precision, 0.8790
2025-10-02 17:10:11,179 - root - INFO - new node validate roc_auc, 0.8874
2025-10-02 17:10:34,958 - root - INFO - test loss: 0.4292
2025-10-02 17:10:34,959 - root - INFO - test average_precision, 0.8754
2025-10-02 17:10:34,959 - root - INFO - best test average_precision: 0.8754
2025-10-02 17:10:34,959 - root - INFO - test roc_auc, 0.8965
2025-10-02 17:10:34,959 - root - INFO - new node test loss: 0.4136
2025-10-02 17:10:34,959 - root - INFO - new node test average_precision, 0.8888
2025-10-02 17:10:34,959 - root - INFO - new node test roc_auc, 0.8990
2025-10-02 17:12:51,680 - root - INFO - Epoch: 39, learning rate: 0.0001, train loss: 0.4030
2025-10-02 17:12:51,682 - root - INFO - train average_precision, 0.8697
2025-10-02 17:12:51,682 - root - INFO - train roc_auc, 0.8922
2025-10-02 17:12:51,682 - root - INFO - validate loss: 0.4190
2025-10-02 17:12:51,683 - root - INFO - validate average_precision, 0.8656
2025-10-02 17:12:51,683 - root - INFO - validate roc_auc, 0.8896
2025-10-02 17:12:51,683 - root - INFO - new node validate loss: 0.5262
2025-10-02 17:12:51,683 - root - INFO - new node validate average_precision, 0.8753
2025-10-02 17:12:51,683 - root - INFO - new node validate roc_auc, 0.8850
2025-10-02 17:13:15,373 - root - INFO - test loss: 0.4042
2025-10-02 17:13:15,373 - root - INFO - test average_precision, 0.8800
2025-10-02 17:13:15,374 - root - INFO - best test average_precision: 0.8800
2025-10-02 17:13:15,374 - root - INFO - test roc_auc, 0.9016
2025-10-02 17:13:15,374 - root - INFO - new node test loss: 0.4968
2025-10-02 17:13:15,374 - root - INFO - new node test average_precision, 0.8894
2025-10-02 17:13:15,374 - root - INFO - new node test roc_auc, 0.9001
2025-10-02 17:13:15,374 - root - INFO - save model ./saved_models/DyRep/SocialEvo/DyRep_lete_seed1/DyRep_lete_seed1.pkl
2025-10-02 17:15:32,549 - root - INFO - Epoch: 40, learning rate: 0.0001, train loss: 0.4026
2025-10-02 17:15:32,550 - root - INFO - train average_precision, 0.8701
2025-10-02 17:15:32,551 - root - INFO - train roc_auc, 0.8925
2025-10-02 17:15:32,551 - root - INFO - validate loss: 0.4610
2025-10-02 17:15:32,551 - root - INFO - validate average_precision, 0.8529
2025-10-02 17:15:32,552 - root - INFO - validate roc_auc, 0.8764
2025-10-02 17:15:32,552 - root - INFO - new node validate loss: 0.4007
2025-10-02 17:15:32,552 - root - INFO - new node validate average_precision, 0.9072
2025-10-02 17:15:32,552 - root - INFO - new node validate roc_auc, 0.9192
2025-10-02 17:15:56,294 - root - INFO - test loss: 0.4387
2025-10-02 17:15:56,294 - root - INFO - test average_precision, 0.8694
2025-10-02 17:15:56,294 - root - INFO - best test average_precision: 0.8800
2025-10-02 17:15:56,294 - root - INFO - test roc_auc, 0.8898
2025-10-02 17:15:56,294 - root - INFO - new node test loss: 0.4042
2025-10-02 17:15:56,295 - root - INFO - new node test average_precision, 0.9037
2025-10-02 17:15:56,295 - root - INFO - new node test roc_auc, 0.9167
2025-10-02 17:18:13,217 - root - INFO - Epoch: 41, learning rate: 0.0001, train loss: 0.4001
2025-10-02 17:18:13,219 - root - INFO - train average_precision, 0.8717
2025-10-02 17:18:13,220 - root - INFO - train roc_auc, 0.8939
2025-10-02 17:18:13,220 - root - INFO - validate loss: 0.4273
2025-10-02 17:18:13,220 - root - INFO - validate average_precision, 0.8657
2025-10-02 17:18:13,220 - root - INFO - validate roc_auc, 0.8894
2025-10-02 17:18:13,220 - root - INFO - new node validate loss: 0.4701
2025-10-02 17:18:13,220 - root - INFO - new node validate average_precision, 0.8787
2025-10-02 17:18:13,220 - root - INFO - new node validate roc_auc, 0.8881
2025-10-02 17:18:37,023 - root - INFO - test loss: 0.4130
2025-10-02 17:18:37,024 - root - INFO - test average_precision, 0.8779
2025-10-02 17:18:37,024 - root - INFO - best test average_precision: 0.8800
2025-10-02 17:18:37,024 - root - INFO - test roc_auc, 0.8989
2025-10-02 17:18:37,024 - root - INFO - new node test loss: 0.4232
2025-10-02 17:18:37,024 - root - INFO - new node test average_precision, 0.8996
2025-10-02 17:18:37,024 - root - INFO - new node test roc_auc, 0.9087
2025-10-02 17:20:54,329 - root - INFO - Epoch: 42, learning rate: 0.0001, train loss: 0.3998
2025-10-02 17:20:54,331 - root - INFO - train average_precision, 0.8713
2025-10-02 17:20:54,331 - root - INFO - train roc_auc, 0.8936
2025-10-02 17:20:54,332 - root - INFO - validate loss: 0.4187
2025-10-02 17:20:54,332 - root - INFO - validate average_precision, 0.8668
2025-10-02 17:20:54,332 - root - INFO - validate roc_auc, 0.8909
2025-10-02 17:20:54,332 - root - INFO - new node validate loss: 0.4517
2025-10-02 17:20:54,332 - root - INFO - new node validate average_precision, 0.8691
2025-10-02 17:20:54,332 - root - INFO - new node validate roc_auc, 0.8810
2025-10-02 17:21:18,209 - root - INFO - test loss: 0.3997
2025-10-02 17:21:18,210 - root - INFO - test average_precision, 0.8822
2025-10-02 17:21:18,210 - root - INFO - best test average_precision: 0.8822
2025-10-02 17:21:18,210 - root - INFO - test roc_auc, 0.9026
2025-10-02 17:21:18,210 - root - INFO - new node test loss: 0.4249
2025-10-02 17:21:18,210 - root - INFO - new node test average_precision, 0.8834
2025-10-02 17:21:18,210 - root - INFO - new node test roc_auc, 0.8928
2025-10-02 17:21:18,211 - root - INFO - save model ./saved_models/DyRep/SocialEvo/DyRep_lete_seed1/DyRep_lete_seed1.pkl
2025-10-02 17:23:35,402 - root - INFO - Epoch: 43, learning rate: 0.0001, train loss: 0.3995
2025-10-02 17:23:35,403 - root - INFO - train average_precision, 0.8715
2025-10-02 17:23:35,404 - root - INFO - train roc_auc, 0.8938
2025-10-02 17:23:35,404 - root - INFO - validate loss: 0.4509
2025-10-02 17:23:35,404 - root - INFO - validate average_precision, 0.8632
2025-10-02 17:23:35,405 - root - INFO - validate roc_auc, 0.8862
2025-10-02 17:23:35,405 - root - INFO - new node validate loss: 0.4565
2025-10-02 17:23:35,405 - root - INFO - new node validate average_precision, 0.8679
2025-10-02 17:23:35,405 - root - INFO - new node validate roc_auc, 0.8787
2025-10-02 17:23:59,141 - root - INFO - test loss: 0.4290
2025-10-02 17:23:59,141 - root - INFO - test average_precision, 0.8790
2025-10-02 17:23:59,141 - root - INFO - best test average_precision: 0.8822
2025-10-02 17:23:59,141 - root - INFO - test roc_auc, 0.8984
2025-10-02 17:23:59,142 - root - INFO - new node test loss: 0.4302
2025-10-02 17:23:59,142 - root - INFO - new node test average_precision, 0.8780
2025-10-02 17:23:59,142 - root - INFO - new node test roc_auc, 0.8879
2025-10-02 17:26:16,184 - root - INFO - Epoch: 44, learning rate: 0.0001, train loss: 0.3984
2025-10-02 17:26:16,185 - root - INFO - train average_precision, 0.8728
2025-10-02 17:26:16,186 - root - INFO - train roc_auc, 0.8949
2025-10-02 17:26:16,186 - root - INFO - validate loss: 0.4284
2025-10-02 17:26:16,186 - root - INFO - validate average_precision, 0.8650
2025-10-02 17:26:16,186 - root - INFO - validate roc_auc, 0.8867
2025-10-02 17:26:16,186 - root - INFO - new node validate loss: 0.4570
2025-10-02 17:26:16,187 - root - INFO - new node validate average_precision, 0.8736
2025-10-02 17:26:16,187 - root - INFO - new node validate roc_auc, 0.8833
2025-10-02 17:26:39,981 - root - INFO - test loss: 0.4195
2025-10-02 17:26:39,982 - root - INFO - test average_precision, 0.8744
2025-10-02 17:26:39,982 - root - INFO - best test average_precision: 0.8822
2025-10-02 17:26:39,982 - root - INFO - test roc_auc, 0.8938
2025-10-02 17:26:39,982 - root - INFO - new node test loss: 0.3853
2025-10-02 17:26:39,982 - root - INFO - new node test average_precision, 0.9043
2025-10-02 17:26:39,982 - root - INFO - new node test roc_auc, 0.9151
2025-10-02 17:28:56,733 - root - INFO - Epoch: 45, learning rate: 0.0001, train loss: 0.3984
2025-10-02 17:28:56,734 - root - INFO - train average_precision, 0.8724
2025-10-02 17:28:56,735 - root - INFO - train roc_auc, 0.8947
2025-10-02 17:28:56,735 - root - INFO - validate loss: 0.4210
2025-10-02 17:28:56,735 - root - INFO - validate average_precision, 0.8645
2025-10-02 17:28:56,736 - root - INFO - validate roc_auc, 0.8882
2025-10-02 17:28:56,736 - root - INFO - new node validate loss: 0.4605
2025-10-02 17:28:56,736 - root - INFO - new node validate average_precision, 0.8694
2025-10-02 17:28:56,736 - root - INFO - new node validate roc_auc, 0.8795
2025-10-02 17:29:20,389 - root - INFO - test loss: 0.4029
2025-10-02 17:29:20,390 - root - INFO - test average_precision, 0.8761
2025-10-02 17:29:20,390 - root - INFO - best test average_precision: 0.8822
2025-10-02 17:29:20,390 - root - INFO - test roc_auc, 0.8970
2025-10-02 17:29:20,390 - root - INFO - new node test loss: 0.3980
2025-10-02 17:29:20,390 - root - INFO - new node test average_precision, 0.8963
2025-10-02 17:29:20,390 - root - INFO - new node test roc_auc, 0.9108
2025-10-02 17:31:37,142 - root - INFO - Epoch: 46, learning rate: 0.0001, train loss: 0.3959
2025-10-02 17:31:37,143 - root - INFO - train average_precision, 0.8737
2025-10-02 17:31:37,144 - root - INFO - train roc_auc, 0.8958
2025-10-02 17:31:37,144 - root - INFO - validate loss: 0.4211
2025-10-02 17:31:37,145 - root - INFO - validate average_precision, 0.8653
2025-10-02 17:31:37,145 - root - INFO - validate roc_auc, 0.8885
2025-10-02 17:31:37,145 - root - INFO - new node validate loss: 0.4377
2025-10-02 17:31:37,145 - root - INFO - new node validate average_precision, 0.8879
2025-10-02 17:31:37,145 - root - INFO - new node validate roc_auc, 0.8986
2025-10-02 17:32:00,806 - root - INFO - test loss: 0.3974
2025-10-02 17:32:00,806 - root - INFO - test average_precision, 0.8792
2025-10-02 17:32:00,806 - root - INFO - best test average_precision: 0.8822
2025-10-02 17:32:00,807 - root - INFO - test roc_auc, 0.9006
2025-10-02 17:32:00,807 - root - INFO - new node test loss: 0.4316
2025-10-02 17:32:00,807 - root - INFO - new node test average_precision, 0.9029
2025-10-02 17:32:00,807 - root - INFO - new node test roc_auc, 0.9145
2025-10-02 17:34:17,916 - root - INFO - Epoch: 47, learning rate: 0.0001, train loss: 0.4002
2025-10-02 17:34:17,917 - root - INFO - train average_precision, 0.8719
2025-10-02 17:34:17,918 - root - INFO - train roc_auc, 0.8941
2025-10-02 17:34:17,918 - root - INFO - validate loss: 0.4107
2025-10-02 17:34:17,918 - root - INFO - validate average_precision, 0.8714
2025-10-02 17:34:17,918 - root - INFO - validate roc_auc, 0.8936
2025-10-02 17:34:17,919 - root - INFO - new node validate loss: 0.4631
2025-10-02 17:34:17,919 - root - INFO - new node validate average_precision, 0.8820
2025-10-02 17:34:17,919 - root - INFO - new node validate roc_auc, 0.8929
2025-10-02 17:34:41,790 - root - INFO - test loss: 0.3898
2025-10-02 17:34:41,790 - root - INFO - test average_precision, 0.8848
2025-10-02 17:34:41,790 - root - INFO - best test average_precision: 0.8848
2025-10-02 17:34:41,791 - root - INFO - test roc_auc, 0.9045
2025-10-02 17:34:41,791 - root - INFO - new node test loss: 0.4165
2025-10-02 17:34:41,791 - root - INFO - new node test average_precision, 0.9011
2025-10-02 17:34:41,791 - root - INFO - new node test roc_auc, 0.9127
2025-10-02 17:34:41,791 - root - INFO - save model ./saved_models/DyRep/SocialEvo/DyRep_lete_seed1/DyRep_lete_seed1.pkl
2025-10-02 17:36:59,003 - root - INFO - Epoch: 48, learning rate: 0.0001, train loss: 0.3985
2025-10-02 17:36:59,004 - root - INFO - train average_precision, 0.8724
2025-10-02 17:36:59,005 - root - INFO - train roc_auc, 0.8947
2025-10-02 17:36:59,005 - root - INFO - validate loss: 0.4431
2025-10-02 17:36:59,005 - root - INFO - validate average_precision, 0.8640
2025-10-02 17:36:59,006 - root - INFO - validate roc_auc, 0.8887
2025-10-02 17:36:59,006 - root - INFO - new node validate loss: 0.4326
2025-10-02 17:36:59,006 - root - INFO - new node validate average_precision, 0.8828
2025-10-02 17:36:59,006 - root - INFO - new node validate roc_auc, 0.8933
2025-10-02 17:37:22,708 - root - INFO - test loss: 0.4243
2025-10-02 17:37:22,709 - root - INFO - test average_precision, 0.8778
2025-10-02 17:37:22,709 - root - INFO - best test average_precision: 0.8848
2025-10-02 17:37:22,709 - root - INFO - test roc_auc, 0.8997
2025-10-02 17:37:22,709 - root - INFO - new node test loss: 0.3915
2025-10-02 17:37:22,709 - root - INFO - new node test average_precision, 0.9003
2025-10-02 17:37:22,709 - root - INFO - new node test roc_auc, 0.9109
2025-10-02 17:39:39,450 - root - INFO - Epoch: 49, learning rate: 0.0001, train loss: 0.3954
2025-10-02 17:39:39,452 - root - INFO - train average_precision, 0.8734
2025-10-02 17:39:39,453 - root - INFO - train roc_auc, 0.8958
2025-10-02 17:39:39,453 - root - INFO - validate loss: 0.4113
2025-10-02 17:39:39,453 - root - INFO - validate average_precision, 0.8706
2025-10-02 17:39:39,453 - root - INFO - validate roc_auc, 0.8930
2025-10-02 17:39:39,453 - root - INFO - new node validate loss: 0.4972
2025-10-02 17:39:39,453 - root - INFO - new node validate average_precision, 0.8653
2025-10-02 17:39:39,453 - root - INFO - new node validate roc_auc, 0.8761
2025-10-02 17:40:03,125 - root - INFO - test loss: 0.4078
2025-10-02 17:40:03,125 - root - INFO - test average_precision, 0.8785
2025-10-02 17:40:03,126 - root - INFO - best test average_precision: 0.8848
2025-10-02 17:40:03,126 - root - INFO - test roc_auc, 0.8981
2025-10-02 17:40:03,126 - root - INFO - new node test loss: 0.4218
2025-10-02 17:40:03,126 - root - INFO - new node test average_precision, 0.8965
2025-10-02 17:40:03,126 - root - INFO - new node test roc_auc, 0.9080
2025-10-02 17:42:19,799 - root - INFO - Epoch: 50, learning rate: 0.0001, train loss: 0.3990
2025-10-02 17:42:19,801 - root - INFO - train average_precision, 0.8727
2025-10-02 17:42:19,802 - root - INFO - train roc_auc, 0.8943
2025-10-02 17:42:19,802 - root - INFO - validate loss: 0.4442
2025-10-02 17:42:19,802 - root - INFO - validate average_precision, 0.8592
2025-10-02 17:42:19,802 - root - INFO - validate roc_auc, 0.8817
2025-10-02 17:42:19,803 - root - INFO - new node validate loss: 0.4596
2025-10-02 17:42:19,803 - root - INFO - new node validate average_precision, 0.8733
2025-10-02 17:42:19,803 - root - INFO - new node validate roc_auc, 0.8846
2025-10-02 17:42:43,501 - root - INFO - test loss: 0.4229
2025-10-02 17:42:43,501 - root - INFO - test average_precision, 0.8721
2025-10-02 17:42:43,501 - root - INFO - best test average_precision: 0.8848
2025-10-02 17:42:43,502 - root - INFO - test roc_auc, 0.8920
2025-10-02 17:42:43,502 - root - INFO - new node test loss: 0.4007
2025-10-02 17:42:43,502 - root - INFO - new node test average_precision, 0.9035
2025-10-02 17:42:43,502 - root - INFO - new node test roc_auc, 0.9135
2025-10-02 17:45:00,521 - root - INFO - Epoch: 51, learning rate: 0.0001, train loss: 0.3954
2025-10-02 17:45:00,523 - root - INFO - train average_precision, 0.8738
2025-10-02 17:45:00,524 - root - INFO - train roc_auc, 0.8961
2025-10-02 17:45:00,524 - root - INFO - validate loss: 0.4182
2025-10-02 17:45:00,524 - root - INFO - validate average_precision, 0.8697
2025-10-02 17:45:00,524 - root - INFO - validate roc_auc, 0.8925
2025-10-02 17:45:00,524 - root - INFO - new node validate loss: 0.4238
2025-10-02 17:45:00,524 - root - INFO - new node validate average_precision, 0.8985
2025-10-02 17:45:00,524 - root - INFO - new node validate roc_auc, 0.9118
2025-10-02 17:45:24,314 - root - INFO - test loss: 0.3997
2025-10-02 17:45:24,315 - root - INFO - test average_precision, 0.8834
2025-10-02 17:45:24,315 - root - INFO - best test average_precision: 0.8848
2025-10-02 17:45:24,315 - root - INFO - test roc_auc, 0.9029
2025-10-02 17:45:24,315 - root - INFO - new node test loss: 0.4051
2025-10-02 17:45:24,315 - root - INFO - new node test average_precision, 0.9053
2025-10-02 17:45:24,315 - root - INFO - new node test roc_auc, 0.9174
2025-10-02 17:47:41,506 - root - INFO - Epoch: 52, learning rate: 0.0001, train loss: 0.3979
2025-10-02 17:47:41,507 - root - INFO - train average_precision, 0.8734
2025-10-02 17:47:41,508 - root - INFO - train roc_auc, 0.8950
2025-10-02 17:47:41,508 - root - INFO - validate loss: 0.4397
2025-10-02 17:47:41,508 - root - INFO - validate average_precision, 0.8633
2025-10-02 17:47:41,508 - root - INFO - validate roc_auc, 0.8862
2025-10-02 17:47:41,508 - root - INFO - new node validate loss: 0.4189
2025-10-02 17:47:41,509 - root - INFO - new node validate average_precision, 0.8803
2025-10-02 17:47:41,509 - root - INFO - new node validate roc_auc, 0.8894
2025-10-02 17:48:05,260 - root - INFO - test loss: 0.4237
2025-10-02 17:48:05,261 - root - INFO - test average_precision, 0.8801
2025-10-02 17:48:05,261 - root - INFO - best test average_precision: 0.8848
2025-10-02 17:48:05,261 - root - INFO - test roc_auc, 0.8996
2025-10-02 17:48:05,261 - root - INFO - new node test loss: 0.3745
2025-10-02 17:48:05,261 - root - INFO - new node test average_precision, 0.9053
2025-10-02 17:48:05,261 - root - INFO - new node test roc_auc, 0.9145
2025-10-02 17:50:22,225 - root - INFO - Epoch: 53, learning rate: 0.0001, train loss: 0.3959
2025-10-02 17:50:22,226 - root - INFO - train average_precision, 0.8742
2025-10-02 17:50:22,227 - root - INFO - train roc_auc, 0.8959
2025-10-02 17:50:22,227 - root - INFO - validate loss: 0.4254
2025-10-02 17:50:22,227 - root - INFO - validate average_precision, 0.8691
2025-10-02 17:50:22,228 - root - INFO - validate roc_auc, 0.8906
2025-10-02 17:50:22,228 - root - INFO - new node validate loss: 0.4778
2025-10-02 17:50:22,228 - root - INFO - new node validate average_precision, 0.8683
2025-10-02 17:50:22,228 - root - INFO - new node validate roc_auc, 0.8806
2025-10-02 17:50:46,010 - root - INFO - test loss: 0.4021
2025-10-02 17:50:46,011 - root - INFO - test average_precision, 0.8829
2025-10-02 17:50:46,011 - root - INFO - best test average_precision: 0.8848
2025-10-02 17:50:46,011 - root - INFO - test roc_auc, 0.9020
2025-10-02 17:50:46,011 - root - INFO - new node test loss: 0.3966
2025-10-02 17:50:46,011 - root - INFO - new node test average_precision, 0.9048
2025-10-02 17:50:46,011 - root - INFO - new node test roc_auc, 0.9135
2025-10-02 17:53:03,054 - root - INFO - Epoch: 54, learning rate: 0.0001, train loss: 0.3977
2025-10-02 17:53:03,055 - root - INFO - train average_precision, 0.8731
2025-10-02 17:53:03,056 - root - INFO - train roc_auc, 0.8952
2025-10-02 17:53:03,056 - root - INFO - validate loss: 0.4262
2025-10-02 17:53:03,056 - root - INFO - validate average_precision, 0.8629
2025-10-02 17:53:03,057 - root - INFO - validate roc_auc, 0.8870
2025-10-02 17:53:03,057 - root - INFO - new node validate loss: 0.4695
2025-10-02 17:53:03,057 - root - INFO - new node validate average_precision, 0.8742
2025-10-02 17:53:03,057 - root - INFO - new node validate roc_auc, 0.8842
2025-10-02 17:53:26,742 - root - INFO - test loss: 0.4060
2025-10-02 17:53:26,742 - root - INFO - test average_precision, 0.8762
2025-10-02 17:53:26,742 - root - INFO - best test average_precision: 0.8848
2025-10-02 17:53:26,742 - root - INFO - test roc_auc, 0.8971
2025-10-02 17:53:26,742 - root - INFO - new node test loss: 0.4227
2025-10-02 17:53:26,743 - root - INFO - new node test average_precision, 0.8974
2025-10-02 17:53:26,743 - root - INFO - new node test roc_auc, 0.9085
2025-10-02 17:55:43,838 - root - INFO - Epoch: 55, learning rate: 0.0001, train loss: 0.3935
2025-10-02 17:55:43,839 - root - INFO - train average_precision, 0.8750
2025-10-02 17:55:43,840 - root - INFO - train roc_auc, 0.8969
2025-10-02 17:55:43,840 - root - INFO - validate loss: 0.4179
2025-10-02 17:55:43,841 - root - INFO - validate average_precision, 0.8709
2025-10-02 17:55:43,841 - root - INFO - validate roc_auc, 0.8930
2025-10-02 17:55:43,841 - root - INFO - new node validate loss: 0.5054
2025-10-02 17:55:43,841 - root - INFO - new node validate average_precision, 0.8778
2025-10-02 17:55:43,841 - root - INFO - new node validate roc_auc, 0.8889
2025-10-02 17:56:07,637 - root - INFO - test loss: 0.4046
2025-10-02 17:56:07,640 - root - INFO - test average_precision, 0.8830
2025-10-02 17:56:07,640 - root - INFO - best test average_precision: 0.8848
2025-10-02 17:56:07,640 - root - INFO - test roc_auc, 0.9011
2025-10-02 17:56:07,640 - root - INFO - new node test loss: 0.4467
2025-10-02 17:56:07,640 - root - INFO - new node test average_precision, 0.8969
2025-10-02 17:56:07,640 - root - INFO - new node test roc_auc, 0.9090
2025-10-02 17:58:24,731 - root - INFO - Epoch: 56, learning rate: 0.0001, train loss: 0.3954
2025-10-02 17:58:24,733 - root - INFO - train average_precision, 0.8743
2025-10-02 17:58:24,734 - root - INFO - train roc_auc, 0.8961
2025-10-02 17:58:24,734 - root - INFO - validate loss: 0.4274
2025-10-02 17:58:24,734 - root - INFO - validate average_precision, 0.8652
2025-10-02 17:58:24,734 - root - INFO - validate roc_auc, 0.8878
2025-10-02 17:58:24,734 - root - INFO - new node validate loss: 0.5321
2025-10-02 17:58:24,734 - root - INFO - new node validate average_precision, 0.8634
2025-10-02 17:58:24,734 - root - INFO - new node validate roc_auc, 0.8728
2025-10-02 17:58:48,411 - root - INFO - test loss: 0.4079
2025-10-02 17:58:48,411 - root - INFO - test average_precision, 0.8775
2025-10-02 17:58:48,412 - root - INFO - best test average_precision: 0.8848
2025-10-02 17:58:48,412 - root - INFO - test roc_auc, 0.8976
2025-10-02 17:58:48,412 - root - INFO - new node test loss: 0.4204
2025-10-02 17:58:48,412 - root - INFO - new node test average_precision, 0.9026
2025-10-02 17:58:48,412 - root - INFO - new node test roc_auc, 0.9151
2025-10-02 18:01:05,410 - root - INFO - Epoch: 57, learning rate: 0.0001, train loss: 0.3934
2025-10-02 18:01:05,412 - root - INFO - train average_precision, 0.8746
2025-10-02 18:01:05,412 - root - INFO - train roc_auc, 0.8970
2025-10-02 18:01:05,413 - root - INFO - validate loss: 0.4462
2025-10-02 18:01:05,413 - root - INFO - validate average_precision, 0.8692
2025-10-02 18:01:05,413 - root - INFO - validate roc_auc, 0.8916
2025-10-02 18:01:05,413 - root - INFO - new node validate loss: 0.4781
2025-10-02 18:01:05,413 - root - INFO - new node validate average_precision, 0.8665
2025-10-02 18:01:05,413 - root - INFO - new node validate roc_auc, 0.8785
2025-10-02 18:01:29,144 - root - INFO - test loss: 0.4346
2025-10-02 18:01:29,145 - root - INFO - test average_precision, 0.8782
2025-10-02 18:01:29,145 - root - INFO - best test average_precision: 0.8848
2025-10-02 18:01:29,145 - root - INFO - test roc_auc, 0.8983
2025-10-02 18:01:29,145 - root - INFO - new node test loss: 0.4313
2025-10-02 18:01:29,145 - root - INFO - new node test average_precision, 0.8947
2025-10-02 18:01:29,145 - root - INFO - new node test roc_auc, 0.9031
2025-10-02 18:03:46,125 - root - INFO - Epoch: 58, learning rate: 0.0001, train loss: 0.3936
2025-10-02 18:03:46,127 - root - INFO - train average_precision, 0.8755
2025-10-02 18:03:46,127 - root - INFO - train roc_auc, 0.8975
2025-10-02 18:03:46,128 - root - INFO - validate loss: 0.4147
2025-10-02 18:03:46,128 - root - INFO - validate average_precision, 0.8719
2025-10-02 18:03:46,128 - root - INFO - validate roc_auc, 0.8937
2025-10-02 18:03:46,128 - root - INFO - new node validate loss: 0.5075
2025-10-02 18:03:46,128 - root - INFO - new node validate average_precision, 0.8881
2025-10-02 18:03:46,128 - root - INFO - new node validate roc_auc, 0.8974
2025-10-02 18:04:09,799 - root - INFO - test loss: 0.4019
2025-10-02 18:04:09,800 - root - INFO - test average_precision, 0.8834
2025-10-02 18:04:09,800 - root - INFO - best test average_precision: 0.8848
2025-10-02 18:04:09,800 - root - INFO - test roc_auc, 0.9024
2025-10-02 18:04:09,800 - root - INFO - new node test loss: 0.4718
2025-10-02 18:04:09,800 - root - INFO - new node test average_precision, 0.9030
2025-10-02 18:04:09,800 - root - INFO - new node test roc_auc, 0.9147
2025-10-02 18:04:09,801 - root - INFO - save model ./saved_models/DyRep/SocialEvo/DyRep_lete_seed1/DyRep_lete_seed1.pkl
2025-10-02 18:06:27,039 - root - INFO - Epoch: 59, learning rate: 0.0001, train loss: 0.3934
2025-10-02 18:06:27,041 - root - INFO - train average_precision, 0.8749
2025-10-02 18:06:27,042 - root - INFO - train roc_auc, 0.8968
2025-10-02 18:06:27,042 - root - INFO - validate loss: 0.4010
2025-10-02 18:06:27,042 - root - INFO - validate average_precision, 0.8750
2025-10-02 18:06:27,042 - root - INFO - validate roc_auc, 0.8965
2025-10-02 18:06:27,043 - root - INFO - new node validate loss: 0.4441
2025-10-02 18:06:27,043 - root - INFO - new node validate average_precision, 0.8796
2025-10-02 18:06:27,043 - root - INFO - new node validate roc_auc, 0.8893
2025-10-02 18:06:50,702 - root - INFO - test loss: 0.3812
2025-10-02 18:06:50,703 - root - INFO - test average_precision, 0.8874
2025-10-02 18:06:50,703 - root - INFO - best test average_precision: 0.8874
2025-10-02 18:06:50,703 - root - INFO - test roc_auc, 0.9070
2025-10-02 18:06:50,703 - root - INFO - new node test loss: 0.4099
2025-10-02 18:06:50,703 - root - INFO - new node test average_precision, 0.8940
2025-10-02 18:06:50,703 - root - INFO - new node test roc_auc, 0.9041
2025-10-02 18:06:50,704 - root - INFO - save model ./saved_models/DyRep/SocialEvo/DyRep_lete_seed1/DyRep_lete_seed1.pkl
2025-10-02 18:09:07,577 - root - INFO - Epoch: 60, learning rate: 0.0001, train loss: 0.3943
2025-10-02 18:09:07,578 - root - INFO - train average_precision, 0.8754
2025-10-02 18:09:07,579 - root - INFO - train roc_auc, 0.8970
2025-10-02 18:09:07,579 - root - INFO - validate loss: 0.4600
2025-10-02 18:09:07,580 - root - INFO - validate average_precision, 0.8599
2025-10-02 18:09:07,580 - root - INFO - validate roc_auc, 0.8847
2025-10-02 18:09:07,580 - root - INFO - new node validate loss: 0.5358
2025-10-02 18:09:07,580 - root - INFO - new node validate average_precision, 0.8741
2025-10-02 18:09:07,580 - root - INFO - new node validate roc_auc, 0.8839
2025-10-02 18:09:31,290 - root - INFO - test loss: 0.4518
2025-10-02 18:09:31,290 - root - INFO - test average_precision, 0.8708
2025-10-02 18:09:31,290 - root - INFO - best test average_precision: 0.8874
2025-10-02 18:09:31,291 - root - INFO - test roc_auc, 0.8922
2025-10-02 18:09:31,291 - root - INFO - new node test loss: 0.4817
2025-10-02 18:09:31,291 - root - INFO - new node test average_precision, 0.8967
2025-10-02 18:09:31,291 - root - INFO - new node test roc_auc, 0.9083
2025-10-02 18:11:48,432 - root - INFO - Epoch: 61, learning rate: 0.0001, train loss: 0.3918
2025-10-02 18:11:48,433 - root - INFO - train average_precision, 0.8755
2025-10-02 18:11:48,434 - root - INFO - train roc_auc, 0.8977
2025-10-02 18:11:48,434 - root - INFO - validate loss: 0.4131
2025-10-02 18:11:48,434 - root - INFO - validate average_precision, 0.8726
2025-10-02 18:11:48,435 - root - INFO - validate roc_auc, 0.8946
2025-10-02 18:11:48,435 - root - INFO - new node validate loss: 0.4787
2025-10-02 18:11:48,435 - root - INFO - new node validate average_precision, 0.8742
2025-10-02 18:11:48,435 - root - INFO - new node validate roc_auc, 0.8836
2025-10-02 18:12:12,316 - root - INFO - test loss: 0.3964
2025-10-02 18:12:12,316 - root - INFO - test average_precision, 0.8846
2025-10-02 18:12:12,316 - root - INFO - best test average_precision: 0.8874
2025-10-02 18:12:12,316 - root - INFO - test roc_auc, 0.9035
2025-10-02 18:12:12,317 - root - INFO - new node test loss: 0.4239
2025-10-02 18:12:12,317 - root - INFO - new node test average_precision, 0.8991
2025-10-02 18:12:12,317 - root - INFO - new node test roc_auc, 0.9096
2025-10-02 18:14:29,232 - root - INFO - Epoch: 62, learning rate: 0.0001, train loss: 0.3912
2025-10-02 18:14:29,233 - root - INFO - train average_precision, 0.8765
2025-10-02 18:14:29,234 - root - INFO - train roc_auc, 0.8982
2025-10-02 18:14:29,234 - root - INFO - validate loss: 0.4105
2025-10-02 18:14:29,234 - root - INFO - validate average_precision, 0.8728
2025-10-02 18:14:29,234 - root - INFO - validate roc_auc, 0.8944
2025-10-02 18:14:29,234 - root - INFO - new node validate loss: 0.4926
2025-10-02 18:14:29,235 - root - INFO - new node validate average_precision, 0.8733
2025-10-02 18:14:29,235 - root - INFO - new node validate roc_auc, 0.8793
2025-10-02 18:14:52,919 - root - INFO - test loss: 0.3914
2025-10-02 18:14:52,919 - root - INFO - test average_precision, 0.8863
2025-10-02 18:14:52,919 - root - INFO - best test average_precision: 0.8874
2025-10-02 18:14:52,920 - root - INFO - test roc_auc, 0.9044
2025-10-02 18:14:52,920 - root - INFO - new node test loss: 0.4559
2025-10-02 18:14:52,920 - root - INFO - new node test average_precision, 0.8951
2025-10-02 18:14:52,920 - root - INFO - new node test roc_auc, 0.9062
2025-10-02 18:17:09,650 - root - INFO - Epoch: 63, learning rate: 0.0001, train loss: 0.3915
2025-10-02 18:17:09,652 - root - INFO - train average_precision, 0.8764
2025-10-02 18:17:09,653 - root - INFO - train roc_auc, 0.8980
2025-10-02 18:17:09,653 - root - INFO - validate loss: 0.4164
2025-10-02 18:17:09,653 - root - INFO - validate average_precision, 0.8703
2025-10-02 18:17:09,653 - root - INFO - validate roc_auc, 0.8926
2025-10-02 18:17:09,653 - root - INFO - new node validate loss: 0.4415
2025-10-02 18:17:09,653 - root - INFO - new node validate average_precision, 0.8698
2025-10-02 18:17:09,653 - root - INFO - new node validate roc_auc, 0.8801
2025-10-02 18:17:33,333 - root - INFO - test loss: 0.3974
2025-10-02 18:17:33,334 - root - INFO - test average_precision, 0.8838
2025-10-02 18:17:33,334 - root - INFO - best test average_precision: 0.8874
2025-10-02 18:17:33,334 - root - INFO - test roc_auc, 0.9037
2025-10-02 18:17:33,334 - root - INFO - new node test loss: 0.3737
2025-10-02 18:17:33,334 - root - INFO - new node test average_precision, 0.9006
2025-10-02 18:17:33,334 - root - INFO - new node test roc_auc, 0.9136
2025-10-02 18:19:50,621 - root - INFO - Epoch: 64, learning rate: 0.0001, train loss: 0.3912
2025-10-02 18:19:50,623 - root - INFO - train average_precision, 0.8766
2025-10-02 18:19:50,624 - root - INFO - train roc_auc, 0.8981
2025-10-02 18:19:50,624 - root - INFO - validate loss: 0.4104
2025-10-02 18:19:50,624 - root - INFO - validate average_precision, 0.8712
2025-10-02 18:19:50,624 - root - INFO - validate roc_auc, 0.8928
2025-10-02 18:19:50,624 - root - INFO - new node validate loss: 0.4844
2025-10-02 18:19:50,624 - root - INFO - new node validate average_precision, 0.8779
2025-10-02 18:19:50,624 - root - INFO - new node validate roc_auc, 0.8891
2025-10-02 18:20:14,355 - root - INFO - test loss: 0.3955
2025-10-02 18:20:14,355 - root - INFO - test average_precision, 0.8825
2025-10-02 18:20:14,356 - root - INFO - best test average_precision: 0.8874
2025-10-02 18:20:14,356 - root - INFO - test roc_auc, 0.9014
2025-10-02 18:20:14,356 - root - INFO - new node test loss: 0.4559
2025-10-02 18:20:14,356 - root - INFO - new node test average_precision, 0.8942
2025-10-02 18:20:14,356 - root - INFO - new node test roc_auc, 0.9059
2025-10-02 18:22:31,397 - root - INFO - Epoch: 65, learning rate: 0.0001, train loss: 0.3909
2025-10-02 18:22:31,399 - root - INFO - train average_precision, 0.8768
2025-10-02 18:22:31,400 - root - INFO - train roc_auc, 0.8987
2025-10-02 18:22:31,400 - root - INFO - validate loss: 0.4401
2025-10-02 18:22:31,400 - root - INFO - validate average_precision, 0.8601
2025-10-02 18:22:31,400 - root - INFO - validate roc_auc, 0.8832
2025-10-02 18:22:31,400 - root - INFO - new node validate loss: 0.4739
2025-10-02 18:22:31,400 - root - INFO - new node validate average_precision, 0.8711
2025-10-02 18:22:31,400 - root - INFO - new node validate roc_auc, 0.8874
2025-10-02 18:22:55,211 - root - INFO - test loss: 0.4160
2025-10-02 18:22:55,211 - root - INFO - test average_precision, 0.8736
2025-10-02 18:22:55,211 - root - INFO - best test average_precision: 0.8874
2025-10-02 18:22:55,212 - root - INFO - test roc_auc, 0.8935
2025-10-02 18:22:55,212 - root - INFO - new node test loss: 0.4386
2025-10-02 18:22:55,212 - root - INFO - new node test average_precision, 0.8982
2025-10-02 18:22:55,212 - root - INFO - new node test roc_auc, 0.9084
2025-10-02 18:25:12,236 - root - INFO - Epoch: 66, learning rate: 0.0001, train loss: 0.3909
2025-10-02 18:25:12,237 - root - INFO - train average_precision, 0.8766
2025-10-02 18:25:12,238 - root - INFO - train roc_auc, 0.8983
2025-10-02 18:25:12,238 - root - INFO - validate loss: 0.4139
2025-10-02 18:25:12,238 - root - INFO - validate average_precision, 0.8695
2025-10-02 18:25:12,239 - root - INFO - validate roc_auc, 0.8922
2025-10-02 18:25:12,239 - root - INFO - new node validate loss: 0.4194
2025-10-02 18:25:12,239 - root - INFO - new node validate average_precision, 0.8920
2025-10-02 18:25:12,239 - root - INFO - new node validate roc_auc, 0.9018
2025-10-02 18:25:35,927 - root - INFO - test loss: 0.3989
2025-10-02 18:25:35,927 - root - INFO - test average_precision, 0.8810
2025-10-02 18:25:35,928 - root - INFO - best test average_precision: 0.8874
2025-10-02 18:25:35,928 - root - INFO - test roc_auc, 0.9011
2025-10-02 18:25:35,928 - root - INFO - new node test loss: 0.4065
2025-10-02 18:25:35,928 - root - INFO - new node test average_precision, 0.8993
2025-10-02 18:25:35,928 - root - INFO - new node test roc_auc, 0.9107
2025-10-02 18:27:52,882 - root - INFO - Epoch: 67, learning rate: 0.0001, train loss: 0.3895
2025-10-02 18:27:52,884 - root - INFO - train average_precision, 0.8771
2025-10-02 18:27:52,884 - root - INFO - train roc_auc, 0.8989
2025-10-02 18:27:52,884 - root - INFO - validate loss: 0.4285
2025-10-02 18:27:52,885 - root - INFO - validate average_precision, 0.8753
2025-10-02 18:27:52,885 - root - INFO - validate roc_auc, 0.8969
2025-10-02 18:27:52,885 - root - INFO - new node validate loss: 0.5702
2025-10-02 18:27:52,885 - root - INFO - new node validate average_precision, 0.8284
2025-10-02 18:27:52,885 - root - INFO - new node validate roc_auc, 0.8450
2025-10-02 18:28:16,723 - root - INFO - test loss: 0.4187
2025-10-02 18:28:16,724 - root - INFO - test average_precision, 0.8848
2025-10-02 18:28:16,724 - root - INFO - best test average_precision: 0.8874
2025-10-02 18:28:16,724 - root - INFO - test roc_auc, 0.9038
2025-10-02 18:28:16,724 - root - INFO - new node test loss: 0.4403
2025-10-02 18:28:16,724 - root - INFO - new node test average_precision, 0.8940
2025-10-02 18:28:16,724 - root - INFO - new node test roc_auc, 0.9026
2025-10-02 18:28:16,725 - root - INFO - save model ./saved_models/DyRep/SocialEvo/DyRep_lete_seed1/DyRep_lete_seed1.pkl
2025-10-02 18:30:34,087 - root - INFO - Epoch: 68, learning rate: 0.0001, train loss: 0.3906
2025-10-02 18:30:34,089 - root - INFO - train average_precision, 0.8766
2025-10-02 18:30:34,089 - root - INFO - train roc_auc, 0.8982
2025-10-02 18:30:34,089 - root - INFO - validate loss: 0.4149
2025-10-02 18:30:34,090 - root - INFO - validate average_precision, 0.8705
2025-10-02 18:30:34,090 - root - INFO - validate roc_auc, 0.8923
2025-10-02 18:30:34,090 - root - INFO - new node validate loss: 0.4509
2025-10-02 18:30:34,090 - root - INFO - new node validate average_precision, 0.8810
2025-10-02 18:30:34,090 - root - INFO - new node validate roc_auc, 0.8904
2025-10-02 18:30:57,961 - root - INFO - test loss: 0.3941
2025-10-02 18:30:57,961 - root - INFO - test average_precision, 0.8831
2025-10-02 18:30:57,961 - root - INFO - best test average_precision: 0.8874
2025-10-02 18:30:57,962 - root - INFO - test roc_auc, 0.9027
2025-10-02 18:30:57,962 - root - INFO - new node test loss: 0.3920
2025-10-02 18:30:57,962 - root - INFO - new node test average_precision, 0.9017
2025-10-02 18:30:57,962 - root - INFO - new node test roc_auc, 0.9155
2025-10-02 18:33:14,984 - root - INFO - Epoch: 69, learning rate: 0.0001, train loss: 0.3887
2025-10-02 18:33:14,986 - root - INFO - train average_precision, 0.8779
2025-10-02 18:33:14,986 - root - INFO - train roc_auc, 0.8996
2025-10-02 18:33:14,986 - root - INFO - validate loss: 0.4030
2025-10-02 18:33:14,987 - root - INFO - validate average_precision, 0.8741
2025-10-02 18:33:14,987 - root - INFO - validate roc_auc, 0.8957
2025-10-02 18:33:14,987 - root - INFO - new node validate loss: 0.4476
2025-10-02 18:33:14,987 - root - INFO - new node validate average_precision, 0.8759
2025-10-02 18:33:14,987 - root - INFO - new node validate roc_auc, 0.8864
2025-10-02 18:33:39,011 - root - INFO - test loss: 0.3850
2025-10-02 18:33:39,011 - root - INFO - test average_precision, 0.8888
2025-10-02 18:33:39,011 - root - INFO - best test average_precision: 0.8888
2025-10-02 18:33:39,011 - root - INFO - test roc_auc, 0.9071
2025-10-02 18:33:39,012 - root - INFO - new node test loss: 0.3955
2025-10-02 18:33:39,012 - root - INFO - new node test average_precision, 0.9070
2025-10-02 18:33:39,012 - root - INFO - new node test roc_auc, 0.9166
2025-10-02 18:35:55,740 - root - INFO - Epoch: 70, learning rate: 0.0001, train loss: 0.3881
2025-10-02 18:35:55,741 - root - INFO - train average_precision, 0.8790
2025-10-02 18:35:55,742 - root - INFO - train roc_auc, 0.8999
2025-10-02 18:35:55,742 - root - INFO - validate loss: 0.4149
2025-10-02 18:35:55,742 - root - INFO - validate average_precision, 0.8734
2025-10-02 18:35:55,743 - root - INFO - validate roc_auc, 0.8944
2025-10-02 18:35:55,743 - root - INFO - new node validate loss: 0.4677
2025-10-02 18:35:55,743 - root - INFO - new node validate average_precision, 0.8835
2025-10-02 18:35:55,743 - root - INFO - new node validate roc_auc, 0.8931
2025-10-02 18:36:19,425 - root - INFO - test loss: 0.3932
2025-10-02 18:36:19,426 - root - INFO - test average_precision, 0.8871
2025-10-02 18:36:19,426 - root - INFO - best test average_precision: 0.8888
2025-10-02 18:36:19,426 - root - INFO - test roc_auc, 0.9056
2025-10-02 18:36:19,426 - root - INFO - new node test loss: 0.4207
2025-10-02 18:36:19,426 - root - INFO - new node test average_precision, 0.9030
2025-10-02 18:36:19,426 - root - INFO - new node test roc_auc, 0.9131
2025-10-02 18:38:36,563 - root - INFO - Epoch: 71, learning rate: 0.0001, train loss: 0.3867
2025-10-02 18:38:36,564 - root - INFO - train average_precision, 0.8788
2025-10-02 18:38:36,565 - root - INFO - train roc_auc, 0.9003
2025-10-02 18:38:36,565 - root - INFO - validate loss: 0.4153
2025-10-02 18:38:36,566 - root - INFO - validate average_precision, 0.8713
2025-10-02 18:38:36,566 - root - INFO - validate roc_auc, 0.8923
2025-10-02 18:38:36,566 - root - INFO - new node validate loss: 0.4843
2025-10-02 18:38:36,566 - root - INFO - new node validate average_precision, 0.8778
2025-10-02 18:38:36,566 - root - INFO - new node validate roc_auc, 0.8882
2025-10-02 18:39:00,441 - root - INFO - test loss: 0.3940
2025-10-02 18:39:00,442 - root - INFO - test average_precision, 0.8857
2025-10-02 18:39:00,442 - root - INFO - best test average_precision: 0.8888
2025-10-02 18:39:00,442 - root - INFO - test roc_auc, 0.9037
2025-10-02 18:39:00,442 - root - INFO - new node test loss: 0.4603
2025-10-02 18:39:00,442 - root - INFO - new node test average_precision, 0.8912
2025-10-02 18:39:00,442 - root - INFO - new node test roc_auc, 0.9018
2025-10-02 18:41:17,309 - root - INFO - Epoch: 72, learning rate: 0.0001, train loss: 0.3886
2025-10-02 18:41:17,310 - root - INFO - train average_precision, 0.8781
2025-10-02 18:41:17,311 - root - INFO - train roc_auc, 0.8994
2025-10-02 18:41:17,311 - root - INFO - validate loss: 0.3992
2025-10-02 18:41:17,311 - root - INFO - validate average_precision, 0.8771
2025-10-02 18:41:17,311 - root - INFO - validate roc_auc, 0.8983
2025-10-02 18:41:17,311 - root - INFO - new node validate loss: 0.4533
2025-10-02 18:41:17,312 - root - INFO - new node validate average_precision, 0.8805
2025-10-02 18:41:17,312 - root - INFO - new node validate roc_auc, 0.8963
2025-10-02 18:41:41,042 - root - INFO - test loss: 0.3825
2025-10-02 18:41:41,043 - root - INFO - test average_precision, 0.8888
2025-10-02 18:41:41,043 - root - INFO - best test average_precision: 0.8888
2025-10-02 18:41:41,043 - root - INFO - test roc_auc, 0.9073
2025-10-02 18:41:41,043 - root - INFO - new node test loss: 0.4328
2025-10-02 18:41:41,043 - root - INFO - new node test average_precision, 0.8911
2025-10-02 18:41:41,043 - root - INFO - new node test roc_auc, 0.9025
2025-10-02 18:41:41,044 - root - INFO - save model ./saved_models/DyRep/SocialEvo/DyRep_lete_seed1/DyRep_lete_seed1.pkl
2025-10-02 18:43:58,242 - root - INFO - Epoch: 73, learning rate: 0.0001, train loss: 0.3861
2025-10-02 18:43:58,244 - root - INFO - train average_precision, 0.8790
2025-10-02 18:43:58,245 - root - INFO - train roc_auc, 0.9005
2025-10-02 18:43:58,245 - root - INFO - validate loss: 0.4449
2025-10-02 18:43:58,245 - root - INFO - validate average_precision, 0.8633
2025-10-02 18:43:58,245 - root - INFO - validate roc_auc, 0.8830
2025-10-02 18:43:58,245 - root - INFO - new node validate loss: 0.4188
2025-10-02 18:43:58,245 - root - INFO - new node validate average_precision, 0.8896
2025-10-02 18:43:58,246 - root - INFO - new node validate roc_auc, 0.8997
2025-10-02 18:44:22,083 - root - INFO - test loss: 0.4216
2025-10-02 18:44:22,084 - root - INFO - test average_precision, 0.8770
2025-10-02 18:44:22,084 - root - INFO - best test average_precision: 0.8888
2025-10-02 18:44:22,084 - root - INFO - test roc_auc, 0.8952
2025-10-02 18:44:22,084 - root - INFO - new node test loss: 0.4156
2025-10-02 18:44:22,084 - root - INFO - new node test average_precision, 0.8983
2025-10-02 18:44:22,085 - root - INFO - new node test roc_auc, 0.9102
2025-10-02 18:46:39,281 - root - INFO - Epoch: 74, learning rate: 0.0001, train loss: 0.3868
2025-10-02 18:46:39,282 - root - INFO - train average_precision, 0.8785
2025-10-02 18:46:39,283 - root - INFO - train roc_auc, 0.8999
2025-10-02 18:46:39,283 - root - INFO - validate loss: 0.4190
2025-10-02 18:46:39,283 - root - INFO - validate average_precision, 0.8696
2025-10-02 18:46:39,284 - root - INFO - validate roc_auc, 0.8911
2025-10-02 18:46:39,284 - root - INFO - new node validate loss: 0.4705
2025-10-02 18:46:39,284 - root - INFO - new node validate average_precision, 0.8730
2025-10-02 18:46:39,284 - root - INFO - new node validate roc_auc, 0.8814
2025-10-02 18:47:03,060 - root - INFO - test loss: 0.4025
2025-10-02 18:47:03,060 - root - INFO - test average_precision, 0.8820
2025-10-02 18:47:03,061 - root - INFO - best test average_precision: 0.8888
2025-10-02 18:47:03,061 - root - INFO - test roc_auc, 0.9011
2025-10-02 18:47:03,061 - root - INFO - new node test loss: 0.4066
2025-10-02 18:47:03,061 - root - INFO - new node test average_precision, 0.9014
2025-10-02 18:47:03,061 - root - INFO - new node test roc_auc, 0.9119
2025-10-02 18:49:20,193 - root - INFO - Epoch: 75, learning rate: 0.0001, train loss: 0.3864
2025-10-02 18:49:20,194 - root - INFO - train average_precision, 0.8792
2025-10-02 18:49:20,195 - root - INFO - train roc_auc, 0.9005
2025-10-02 18:49:20,195 - root - INFO - validate loss: 0.4191
2025-10-02 18:49:20,195 - root - INFO - validate average_precision, 0.8734
2025-10-02 18:49:20,195 - root - INFO - validate roc_auc, 0.8945
2025-10-02 18:49:20,196 - root - INFO - new node validate loss: 0.4165
2025-10-02 18:49:20,196 - root - INFO - new node validate average_precision, 0.8823
2025-10-02 18:49:20,196 - root - INFO - new node validate roc_auc, 0.8915
2025-10-02 18:49:43,950 - root - INFO - test loss: 0.4012
2025-10-02 18:49:43,951 - root - INFO - test average_precision, 0.8831
2025-10-02 18:49:43,951 - root - INFO - best test average_precision: 0.8888
2025-10-02 18:49:43,951 - root - INFO - test roc_auc, 0.9013
2025-10-02 18:49:43,951 - root - INFO - new node test loss: 0.3743
2025-10-02 18:49:43,951 - root - INFO - new node test average_precision, 0.9000
2025-10-02 18:49:43,951 - root - INFO - new node test roc_auc, 0.9125
2025-10-02 18:52:00,723 - root - INFO - Epoch: 76, learning rate: 0.0001, train loss: 0.3881
2025-10-02 18:52:00,724 - root - INFO - train average_precision, 0.8783
2025-10-02 18:52:00,725 - root - INFO - train roc_auc, 0.8996
2025-10-02 18:52:00,725 - root - INFO - validate loss: 0.4027
2025-10-02 18:52:00,725 - root - INFO - validate average_precision, 0.8744
2025-10-02 18:52:00,726 - root - INFO - validate roc_auc, 0.8964
2025-10-02 18:52:00,726 - root - INFO - new node validate loss: 0.4400
2025-10-02 18:52:00,726 - root - INFO - new node validate average_precision, 0.8803
2025-10-02 18:52:00,726 - root - INFO - new node validate roc_auc, 0.8900
2025-10-02 18:52:24,420 - root - INFO - test loss: 0.3904
2025-10-02 18:52:24,421 - root - INFO - test average_precision, 0.8857
2025-10-02 18:52:24,421 - root - INFO - best test average_precision: 0.8888
2025-10-02 18:52:24,421 - root - INFO - test roc_auc, 0.9042
2025-10-02 18:52:24,421 - root - INFO - new node test loss: 0.4137
2025-10-02 18:52:24,421 - root - INFO - new node test average_precision, 0.8950
2025-10-02 18:52:24,421 - root - INFO - new node test roc_auc, 0.9049
2025-10-02 18:54:41,505 - root - INFO - Epoch: 77, learning rate: 0.0001, train loss: 0.3862
2025-10-02 18:54:41,507 - root - INFO - train average_precision, 0.8796
2025-10-02 18:54:41,507 - root - INFO - train roc_auc, 0.9007
2025-10-02 18:54:41,508 - root - INFO - validate loss: 0.4059
2025-10-02 18:54:41,508 - root - INFO - validate average_precision, 0.8738
2025-10-02 18:54:41,508 - root - INFO - validate roc_auc, 0.8953
2025-10-02 18:54:41,508 - root - INFO - new node validate loss: 0.4257
2025-10-02 18:54:41,508 - root - INFO - new node validate average_precision, 0.8843
2025-10-02 18:54:41,508 - root - INFO - new node validate roc_auc, 0.8938
2025-10-02 18:55:05,229 - root - INFO - test loss: 0.3896
2025-10-02 18:55:05,229 - root - INFO - test average_precision, 0.8834
2025-10-02 18:55:05,230 - root - INFO - best test average_precision: 0.8888
2025-10-02 18:55:05,230 - root - INFO - test roc_auc, 0.9027
2025-10-02 18:55:05,230 - root - INFO - new node test loss: 0.3812
2025-10-02 18:55:05,230 - root - INFO - new node test average_precision, 0.9034
2025-10-02 18:55:05,230 - root - INFO - new node test roc_auc, 0.9138
2025-10-02 18:57:22,448 - root - INFO - Epoch: 78, learning rate: 0.0001, train loss: 0.3865
2025-10-02 18:57:22,450 - root - INFO - train average_precision, 0.8789
2025-10-02 18:57:22,450 - root - INFO - train roc_auc, 0.9005
2025-10-02 18:57:22,450 - root - INFO - validate loss: 0.4013
2025-10-02 18:57:22,451 - root - INFO - validate average_precision, 0.8776
2025-10-02 18:57:22,451 - root - INFO - validate roc_auc, 0.8983
2025-10-02 18:57:22,451 - root - INFO - new node validate loss: 0.4319
2025-10-02 18:57:22,451 - root - INFO - new node validate average_precision, 0.8825
2025-10-02 18:57:22,451 - root - INFO - new node validate roc_auc, 0.8947
2025-10-02 18:57:46,266 - root - INFO - test loss: 0.3801
2025-10-02 18:57:46,266 - root - INFO - test average_precision, 0.8913
2025-10-02 18:57:46,266 - root - INFO - best test average_precision: 0.8913
2025-10-02 18:57:46,267 - root - INFO - test roc_auc, 0.9088
2025-10-02 18:57:46,267 - root - INFO - new node test loss: 0.3761
2025-10-02 18:57:46,267 - root - INFO - new node test average_precision, 0.9039
2025-10-02 18:57:46,267 - root - INFO - new node test roc_auc, 0.9163
2025-10-02 19:00:03,482 - root - INFO - Epoch: 79, learning rate: 0.0001, train loss: 0.3861
2025-10-02 19:00:03,484 - root - INFO - train average_precision, 0.8791
2025-10-02 19:00:03,484 - root - INFO - train roc_auc, 0.9004
2025-10-02 19:00:03,485 - root - INFO - validate loss: 0.3974
2025-10-02 19:00:03,485 - root - INFO - validate average_precision, 0.8773
2025-10-02 19:00:03,485 - root - INFO - validate roc_auc, 0.8989
2025-10-02 19:00:03,485 - root - INFO - new node validate loss: 0.4384
2025-10-02 19:00:03,485 - root - INFO - new node validate average_precision, 0.8867
2025-10-02 19:00:03,485 - root - INFO - new node validate roc_auc, 0.8989
2025-10-02 19:00:27,310 - root - INFO - test loss: 0.3838
2025-10-02 19:00:27,310 - root - INFO - test average_precision, 0.8890
2025-10-02 19:00:27,310 - root - INFO - best test average_precision: 0.8913
2025-10-02 19:00:27,310 - root - INFO - test roc_auc, 0.9073
2025-10-02 19:00:27,310 - root - INFO - new node test loss: 0.3828
2025-10-02 19:00:27,311 - root - INFO - new node test average_precision, 0.9058
2025-10-02 19:00:27,311 - root - INFO - new node test roc_auc, 0.9210
2025-10-02 19:00:27,311 - root - INFO - save model ./saved_models/DyRep/SocialEvo/DyRep_lete_seed1/DyRep_lete_seed1.pkl
2025-10-02 19:02:44,565 - root - INFO - Epoch: 80, learning rate: 0.0001, train loss: 0.3859
2025-10-02 19:02:44,567 - root - INFO - train average_precision, 0.8790
2025-10-02 19:02:44,568 - root - INFO - train roc_auc, 0.9005
2025-10-02 19:02:44,568 - root - INFO - validate loss: 0.4037
2025-10-02 19:02:44,568 - root - INFO - validate average_precision, 0.8759
2025-10-02 19:02:44,568 - root - INFO - validate roc_auc, 0.8969
2025-10-02 19:02:44,568 - root - INFO - new node validate loss: 0.4473
2025-10-02 19:02:44,568 - root - INFO - new node validate average_precision, 0.8920
2025-10-02 19:02:44,569 - root - INFO - new node validate roc_auc, 0.9042
2025-10-02 19:03:08,462 - root - INFO - test loss: 0.3909
2025-10-02 19:03:08,462 - root - INFO - test average_precision, 0.8875
2025-10-02 19:03:08,463 - root - INFO - best test average_precision: 0.8913
2025-10-02 19:03:08,463 - root - INFO - test roc_auc, 0.9053
2025-10-02 19:03:08,463 - root - INFO - new node test loss: 0.4231
2025-10-02 19:03:08,463 - root - INFO - new node test average_precision, 0.8983
2025-10-02 19:03:08,463 - root - INFO - new node test roc_auc, 0.9119
2025-10-02 19:05:25,481 - root - INFO - Epoch: 81, learning rate: 0.0001, train loss: 0.3846
2025-10-02 19:05:25,482 - root - INFO - train average_precision, 0.8800
2025-10-02 19:05:25,483 - root - INFO - train roc_auc, 0.9014
2025-10-02 19:05:25,483 - root - INFO - validate loss: 0.4147
2025-10-02 19:05:25,484 - root - INFO - validate average_precision, 0.8686
2025-10-02 19:05:25,484 - root - INFO - validate roc_auc, 0.8908
2025-10-02 19:05:25,484 - root - INFO - new node validate loss: 0.4558
2025-10-02 19:05:25,484 - root - INFO - new node validate average_precision, 0.8704
2025-10-02 19:05:25,484 - root - INFO - new node validate roc_auc, 0.8780
2025-10-02 19:05:49,280 - root - INFO - test loss: 0.3999
2025-10-02 19:05:49,281 - root - INFO - test average_precision, 0.8789
2025-10-02 19:05:49,281 - root - INFO - best test average_precision: 0.8913
2025-10-02 19:05:49,281 - root - INFO - test roc_auc, 0.8988
2025-10-02 19:05:49,281 - root - INFO - new node test loss: 0.4121
2025-10-02 19:05:49,281 - root - INFO - new node test average_precision, 0.8908
2025-10-02 19:05:49,281 - root - INFO - new node test roc_auc, 0.9006
2025-10-02 19:08:06,186 - root - INFO - Epoch: 82, learning rate: 0.0001, train loss: 0.3860
2025-10-02 19:08:06,187 - root - INFO - train average_precision, 0.8796
2025-10-02 19:08:06,188 - root - INFO - train roc_auc, 0.9006
2025-10-02 19:08:06,188 - root - INFO - validate loss: 0.4473
2025-10-02 19:08:06,188 - root - INFO - validate average_precision, 0.8669
2025-10-02 19:08:06,189 - root - INFO - validate roc_auc, 0.8871
2025-10-02 19:08:06,189 - root - INFO - new node validate loss: 0.4078
2025-10-02 19:08:06,189 - root - INFO - new node validate average_precision, 0.8922
2025-10-02 19:08:06,189 - root - INFO - new node validate roc_auc, 0.9048
2025-10-02 19:08:29,844 - root - INFO - test loss: 0.4278
2025-10-02 19:08:29,844 - root - INFO - test average_precision, 0.8781
2025-10-02 19:08:29,844 - root - INFO - best test average_precision: 0.8913
2025-10-02 19:08:29,845 - root - INFO - test roc_auc, 0.8956
2025-10-02 19:08:29,845 - root - INFO - new node test loss: 0.4302
2025-10-02 19:08:29,845 - root - INFO - new node test average_precision, 0.8997
2025-10-02 19:08:29,845 - root - INFO - new node test roc_auc, 0.9122
2025-10-02 19:10:46,883 - root - INFO - Epoch: 83, learning rate: 0.0001, train loss: 0.3851
2025-10-02 19:10:46,884 - root - INFO - train average_precision, 0.8795
2025-10-02 19:10:46,885 - root - INFO - train roc_auc, 0.9009
2025-10-02 19:10:46,885 - root - INFO - validate loss: 0.4367
2025-10-02 19:10:46,885 - root - INFO - validate average_precision, 0.8712
2025-10-02 19:10:46,886 - root - INFO - validate roc_auc, 0.8931
2025-10-02 19:10:46,886 - root - INFO - new node validate loss: 0.4776
2025-10-02 19:10:46,886 - root - INFO - new node validate average_precision, 0.8908
2025-10-02 19:10:46,886 - root - INFO - new node validate roc_auc, 0.9038
2025-10-02 19:11:10,776 - root - INFO - test loss: 0.4279
2025-10-02 19:11:10,777 - root - INFO - test average_precision, 0.8807
2025-10-02 19:11:10,777 - root - INFO - best test average_precision: 0.8913
2025-10-02 19:11:10,777 - root - INFO - test roc_auc, 0.8996
2025-10-02 19:11:10,777 - root - INFO - new node test loss: 0.4725
2025-10-02 19:11:10,777 - root - INFO - new node test average_precision, 0.8980
2025-10-02 19:11:10,777 - root - INFO - new node test roc_auc, 0.9123
2025-10-02 19:13:27,851 - root - INFO - Epoch: 84, learning rate: 0.0001, train loss: 0.3848
2025-10-02 19:13:27,853 - root - INFO - train average_precision, 0.8798
2025-10-02 19:13:27,853 - root - INFO - train roc_auc, 0.9012
2025-10-02 19:13:27,853 - root - INFO - validate loss: 0.4717
2025-10-02 19:13:27,854 - root - INFO - validate average_precision, 0.8523
2025-10-02 19:13:27,854 - root - INFO - validate roc_auc, 0.8766
2025-10-02 19:13:27,854 - root - INFO - new node validate loss: 0.5150
2025-10-02 19:13:27,854 - root - INFO - new node validate average_precision, 0.8746
2025-10-02 19:13:27,854 - root - INFO - new node validate roc_auc, 0.8847
2025-10-02 19:13:51,695 - root - INFO - test loss: 0.4595
2025-10-02 19:13:51,696 - root - INFO - test average_precision, 0.8656
2025-10-02 19:13:51,696 - root - INFO - best test average_precision: 0.8913
2025-10-02 19:13:51,696 - root - INFO - test roc_auc, 0.8878
2025-10-02 19:13:51,696 - root - INFO - new node test loss: 0.5201
2025-10-02 19:13:51,696 - root - INFO - new node test average_precision, 0.8804
2025-10-02 19:13:51,696 - root - INFO - new node test roc_auc, 0.8893
2025-10-02 19:16:08,796 - root - INFO - Epoch: 85, learning rate: 0.0001, train loss: 0.3830
2025-10-02 19:16:08,797 - root - INFO - train average_precision, 0.8805
2025-10-02 19:16:08,798 - root - INFO - train roc_auc, 0.9020
2025-10-02 19:16:08,798 - root - INFO - validate loss: 0.3992
2025-10-02 19:16:08,798 - root - INFO - validate average_precision, 0.8774
2025-10-02 19:16:08,799 - root - INFO - validate roc_auc, 0.8991
2025-10-02 19:16:08,799 - root - INFO - new node validate loss: 0.4230
2025-10-02 19:16:08,799 - root - INFO - new node validate average_precision, 0.8864
2025-10-02 19:16:08,799 - root - INFO - new node validate roc_auc, 0.8997
2025-10-02 19:16:32,691 - root - INFO - test loss: 0.3785
2025-10-02 19:16:32,691 - root - INFO - test average_precision, 0.8910
2025-10-02 19:16:32,691 - root - INFO - best test average_precision: 0.8913
2025-10-02 19:16:32,691 - root - INFO - test roc_auc, 0.9092
2025-10-02 19:16:32,692 - root - INFO - new node test loss: 0.3697
2025-10-02 19:16:32,692 - root - INFO - new node test average_precision, 0.9063
2025-10-02 19:16:32,692 - root - INFO - new node test roc_auc, 0.9182
2025-10-02 19:16:32,692 - root - INFO - save model ./saved_models/DyRep/SocialEvo/DyRep_lete_seed1/DyRep_lete_seed1.pkl
2025-10-02 19:18:49,818 - root - INFO - Epoch: 86, learning rate: 0.0001, train loss: 0.3824
2025-10-02 19:18:49,820 - root - INFO - train average_precision, 0.8808
2025-10-02 19:18:49,820 - root - INFO - train roc_auc, 0.9023
2025-10-02 19:18:49,821 - root - INFO - validate loss: 0.4010
2025-10-02 19:18:49,821 - root - INFO - validate average_precision, 0.8759
2025-10-02 19:18:49,821 - root - INFO - validate roc_auc, 0.8977
2025-10-02 19:18:49,821 - root - INFO - new node validate loss: 0.4641
2025-10-02 19:18:49,821 - root - INFO - new node validate average_precision, 0.8907
2025-10-02 19:18:49,821 - root - INFO - new node validate roc_auc, 0.9006
2025-10-02 19:19:13,526 - root - INFO - test loss: 0.3797
2025-10-02 19:19:13,526 - root - INFO - test average_precision, 0.8905
2025-10-02 19:19:13,526 - root - INFO - best test average_precision: 0.8913
2025-10-02 19:19:13,526 - root - INFO - test roc_auc, 0.9093
2025-10-02 19:19:13,527 - root - INFO - new node test loss: 0.4373
2025-10-02 19:19:13,527 - root - INFO - new node test average_precision, 0.8915
2025-10-02 19:19:13,527 - root - INFO - new node test roc_auc, 0.9027
2025-10-02 19:21:30,498 - root - INFO - Epoch: 87, learning rate: 0.0001, train loss: 0.3848
2025-10-02 19:21:30,499 - root - INFO - train average_precision, 0.8798
2025-10-02 19:21:30,500 - root - INFO - train roc_auc, 0.9011
2025-10-02 19:21:30,500 - root - INFO - validate loss: 0.4038
2025-10-02 19:21:30,501 - root - INFO - validate average_precision, 0.8749
2025-10-02 19:21:30,501 - root - INFO - validate roc_auc, 0.8969
2025-10-02 19:21:30,501 - root - INFO - new node validate loss: 0.4320
2025-10-02 19:21:30,501 - root - INFO - new node validate average_precision, 0.8883
2025-10-02 19:21:30,501 - root - INFO - new node validate roc_auc, 0.9007
2025-10-02 19:21:54,370 - root - INFO - test loss: 0.3874
2025-10-02 19:21:54,370 - root - INFO - test average_precision, 0.8864
2025-10-02 19:21:54,370 - root - INFO - best test average_precision: 0.8913
2025-10-02 19:21:54,370 - root - INFO - test roc_auc, 0.9053
2025-10-02 19:21:54,370 - root - INFO - new node test loss: 0.3994
2025-10-02 19:21:54,371 - root - INFO - new node test average_precision, 0.8997
2025-10-02 19:21:54,371 - root - INFO - new node test roc_auc, 0.9104
2025-10-02 19:24:11,309 - root - INFO - Epoch: 88, learning rate: 0.0001, train loss: 0.3833
2025-10-02 19:24:11,310 - root - INFO - train average_precision, 0.8811
2025-10-02 19:24:11,311 - root - INFO - train roc_auc, 0.9020
2025-10-02 19:24:11,311 - root - INFO - validate loss: 0.4146
2025-10-02 19:24:11,312 - root - INFO - validate average_precision, 0.8713
2025-10-02 19:24:11,312 - root - INFO - validate roc_auc, 0.8930
2025-10-02 19:24:11,312 - root - INFO - new node validate loss: 0.4445
2025-10-02 19:24:11,312 - root - INFO - new node validate average_precision, 0.8927
2025-10-02 19:24:11,312 - root - INFO - new node validate roc_auc, 0.9018
2025-10-02 19:24:35,225 - root - INFO - test loss: 0.4009
2025-10-02 19:24:35,225 - root - INFO - test average_precision, 0.8811
2025-10-02 19:24:35,225 - root - INFO - best test average_precision: 0.8913
2025-10-02 19:24:35,226 - root - INFO - test roc_auc, 0.9007
2025-10-02 19:24:35,226 - root - INFO - new node test loss: 0.4131
2025-10-02 19:24:35,226 - root - INFO - new node test average_precision, 0.8968
2025-10-02 19:24:35,226 - root - INFO - new node test roc_auc, 0.9114
2025-10-02 19:26:52,410 - root - INFO - Epoch: 89, learning rate: 0.0001, train loss: 0.3844
2025-10-02 19:26:52,412 - root - INFO - train average_precision, 0.8797
2025-10-02 19:26:52,413 - root - INFO - train roc_auc, 0.9012
2025-10-02 19:26:52,413 - root - INFO - validate loss: 0.4218
2025-10-02 19:26:52,413 - root - INFO - validate average_precision, 0.8744
2025-10-02 19:26:52,413 - root - INFO - validate roc_auc, 0.8955
2025-10-02 19:26:52,413 - root - INFO - new node validate loss: 0.4566
2025-10-02 19:26:52,413 - root - INFO - new node validate average_precision, 0.8913
2025-10-02 19:26:52,413 - root - INFO - new node validate roc_auc, 0.9053
2025-10-02 19:27:16,188 - root - INFO - test loss: 0.4062
2025-10-02 19:27:16,189 - root - INFO - test average_precision, 0.8872
2025-10-02 19:27:16,189 - root - INFO - best test average_precision: 0.8913
2025-10-02 19:27:16,189 - root - INFO - test roc_auc, 0.9046
2025-10-02 19:27:16,189 - root - INFO - new node test loss: 0.4368
2025-10-02 19:27:16,189 - root - INFO - new node test average_precision, 0.9042
2025-10-02 19:27:16,189 - root - INFO - new node test roc_auc, 0.9166
2025-10-02 19:29:33,422 - root - INFO - Epoch: 90, learning rate: 0.0001, train loss: 0.3826
2025-10-02 19:29:33,424 - root - INFO - train average_precision, 0.8808
2025-10-02 19:29:33,424 - root - INFO - train roc_auc, 0.9020
2025-10-02 19:29:33,424 - root - INFO - validate loss: 0.3999
2025-10-02 19:29:33,425 - root - INFO - validate average_precision, 0.8756
2025-10-02 19:29:33,425 - root - INFO - validate roc_auc, 0.8976
2025-10-02 19:29:33,425 - root - INFO - new node validate loss: 0.4262
2025-10-02 19:29:33,425 - root - INFO - new node validate average_precision, 0.8859
2025-10-02 19:29:33,425 - root - INFO - new node validate roc_auc, 0.8974
2025-10-02 19:29:57,227 - root - INFO - test loss: 0.3849
2025-10-02 19:29:57,227 - root - INFO - test average_precision, 0.8884
2025-10-02 19:29:57,228 - root - INFO - best test average_precision: 0.8913
2025-10-02 19:29:57,228 - root - INFO - test roc_auc, 0.9069
2025-10-02 19:29:57,228 - root - INFO - new node test loss: 0.3843
2025-10-02 19:29:57,228 - root - INFO - new node test average_precision, 0.9070
2025-10-02 19:29:57,228 - root - INFO - new node test roc_auc, 0.9216
2025-10-02 19:32:14,295 - root - INFO - Epoch: 91, learning rate: 0.0001, train loss: 0.3840
2025-10-02 19:32:14,297 - root - INFO - train average_precision, 0.8804
2025-10-02 19:32:14,297 - root - INFO - train roc_auc, 0.9017
2025-10-02 19:32:14,297 - root - INFO - validate loss: 0.4014
2025-10-02 19:32:14,298 - root - INFO - validate average_precision, 0.8768
2025-10-02 19:32:14,298 - root - INFO - validate roc_auc, 0.8973
2025-10-02 19:32:14,298 - root - INFO - new node validate loss: 0.4881
2025-10-02 19:32:14,298 - root - INFO - new node validate average_precision, 0.8804
2025-10-02 19:32:14,298 - root - INFO - new node validate roc_auc, 0.8905
2025-10-02 19:32:37,997 - root - INFO - test loss: 0.3830
2025-10-02 19:32:37,997 - root - INFO - test average_precision, 0.8892
2025-10-02 19:32:37,997 - root - INFO - best test average_precision: 0.8913
2025-10-02 19:32:37,998 - root - INFO - test roc_auc, 0.9069
2025-10-02 19:32:37,998 - root - INFO - new node test loss: 0.4401
2025-10-02 19:32:37,998 - root - INFO - new node test average_precision, 0.8939
2025-10-02 19:32:37,998 - root - INFO - new node test roc_auc, 0.9057
2025-10-02 19:34:54,970 - root - INFO - Epoch: 92, learning rate: 0.0001, train loss: 0.3829
2025-10-02 19:34:54,972 - root - INFO - train average_precision, 0.8802
2025-10-02 19:34:54,972 - root - INFO - train roc_auc, 0.9017
2025-10-02 19:34:54,973 - root - INFO - validate loss: 0.4103
2025-10-02 19:34:54,973 - root - INFO - validate average_precision, 0.8771
2025-10-02 19:34:54,973 - root - INFO - validate roc_auc, 0.8972
2025-10-02 19:34:54,973 - root - INFO - new node validate loss: 0.4323
2025-10-02 19:34:54,973 - root - INFO - new node validate average_precision, 0.8866
2025-10-02 19:34:54,973 - root - INFO - new node validate roc_auc, 0.8996
2025-10-02 19:35:18,859 - root - INFO - test loss: 0.3949
2025-10-02 19:35:18,860 - root - INFO - test average_precision, 0.8893
2025-10-02 19:35:18,860 - root - INFO - best test average_precision: 0.8913
2025-10-02 19:35:18,860 - root - INFO - test roc_auc, 0.9062
2025-10-02 19:35:18,860 - root - INFO - new node test loss: 0.3997
2025-10-02 19:35:18,860 - root - INFO - new node test average_precision, 0.8999
2025-10-02 19:35:18,860 - root - INFO - new node test roc_auc, 0.9139
2025-10-02 19:37:35,991 - root - INFO - Epoch: 93, learning rate: 0.0001, train loss: 0.3832
2025-10-02 19:37:35,992 - root - INFO - train average_precision, 0.8801
2025-10-02 19:37:35,993 - root - INFO - train roc_auc, 0.9016
2025-10-02 19:37:35,993 - root - INFO - validate loss: 0.4052
2025-10-02 19:37:35,993 - root - INFO - validate average_precision, 0.8755
2025-10-02 19:37:35,993 - root - INFO - validate roc_auc, 0.8966
2025-10-02 19:37:35,993 - root - INFO - new node validate loss: 0.4266
2025-10-02 19:37:35,993 - root - INFO - new node validate average_precision, 0.8870
2025-10-02 19:37:35,994 - root - INFO - new node validate roc_auc, 0.9011
2025-10-02 19:37:59,809 - root - INFO - test loss: 0.3856
2025-10-02 19:37:59,809 - root - INFO - test average_precision, 0.8883
2025-10-02 19:37:59,809 - root - INFO - best test average_precision: 0.8913
2025-10-02 19:37:59,809 - root - INFO - test roc_auc, 0.9067
2025-10-02 19:37:59,810 - root - INFO - new node test loss: 0.3923
2025-10-02 19:37:59,810 - root - INFO - new node test average_precision, 0.9002
2025-10-02 19:37:59,810 - root - INFO - new node test roc_auc, 0.9133
2025-10-02 19:40:16,454 - root - INFO - Epoch: 94, learning rate: 0.0001, train loss: 0.3820
2025-10-02 19:40:16,456 - root - INFO - train average_precision, 0.8818
2025-10-02 19:40:16,457 - root - INFO - train roc_auc, 0.9028
2025-10-02 19:40:16,457 - root - INFO - validate loss: 0.4016
2025-10-02 19:40:16,457 - root - INFO - validate average_precision, 0.8785
2025-10-02 19:40:16,457 - root - INFO - validate roc_auc, 0.8991
2025-10-02 19:40:16,458 - root - INFO - new node validate loss: 0.4123
2025-10-02 19:40:16,458 - root - INFO - new node validate average_precision, 0.8865
2025-10-02 19:40:16,458 - root - INFO - new node validate roc_auc, 0.8970
2025-10-02 19:40:40,145 - root - INFO - test loss: 0.3822
2025-10-02 19:40:40,146 - root - INFO - test average_precision, 0.8902
2025-10-02 19:40:40,146 - root - INFO - best test average_precision: 0.8913
2025-10-02 19:40:40,146 - root - INFO - test roc_auc, 0.9078
2025-10-02 19:40:40,146 - root - INFO - new node test loss: 0.3846
2025-10-02 19:40:40,146 - root - INFO - new node test average_precision, 0.9008
2025-10-02 19:40:40,146 - root - INFO - new node test roc_auc, 0.9102
2025-10-02 19:42:56,845 - root - INFO - Epoch: 95, learning rate: 0.0001, train loss: 0.3806
2025-10-02 19:42:56,847 - root - INFO - train average_precision, 0.8821
2025-10-02 19:42:56,848 - root - INFO - train roc_auc, 0.9033
2025-10-02 19:42:56,848 - root - INFO - validate loss: 0.4068
2025-10-02 19:42:56,848 - root - INFO - validate average_precision, 0.8771
2025-10-02 19:42:56,848 - root - INFO - validate roc_auc, 0.8974
2025-10-02 19:42:56,848 - root - INFO - new node validate loss: 0.4212
2025-10-02 19:42:56,848 - root - INFO - new node validate average_precision, 0.8887
2025-10-02 19:42:56,848 - root - INFO - new node validate roc_auc, 0.9004
2025-10-02 19:43:20,537 - root - INFO - test loss: 0.3915
2025-10-02 19:43:20,538 - root - INFO - test average_precision, 0.8887
2025-10-02 19:43:20,538 - root - INFO - best test average_precision: 0.8913
2025-10-02 19:43:20,538 - root - INFO - test roc_auc, 0.9060
2025-10-02 19:43:20,538 - root - INFO - new node test loss: 0.4036
2025-10-02 19:43:20,538 - root - INFO - new node test average_precision, 0.8981
2025-10-02 19:43:20,538 - root - INFO - new node test roc_auc, 0.9076
2025-10-02 19:45:37,544 - root - INFO - Epoch: 96, learning rate: 0.0001, train loss: 0.3825
2025-10-02 19:45:37,545 - root - INFO - train average_precision, 0.8808
2025-10-02 19:45:37,546 - root - INFO - train roc_auc, 0.9023
2025-10-02 19:45:37,546 - root - INFO - validate loss: 0.4052
2025-10-02 19:45:37,547 - root - INFO - validate average_precision, 0.8767
2025-10-02 19:45:37,547 - root - INFO - validate roc_auc, 0.8976
2025-10-02 19:45:37,547 - root - INFO - new node validate loss: 0.4309
2025-10-02 19:45:37,547 - root - INFO - new node validate average_precision, 0.8880
2025-10-02 19:45:37,547 - root - INFO - new node validate roc_auc, 0.8988
2025-10-02 19:46:01,237 - root - INFO - test loss: 0.3878
2025-10-02 19:46:01,238 - root - INFO - test average_precision, 0.8881
2025-10-02 19:46:01,238 - root - INFO - best test average_precision: 0.8913
2025-10-02 19:46:01,238 - root - INFO - test roc_auc, 0.9067
2025-10-02 19:46:01,238 - root - INFO - new node test loss: 0.4229
2025-10-02 19:46:01,238 - root - INFO - new node test average_precision, 0.8936
2025-10-02 19:46:01,238 - root - INFO - new node test roc_auc, 0.9044
2025-10-02 19:48:18,113 - root - INFO - Epoch: 97, learning rate: 0.0001, train loss: 0.3804
2025-10-02 19:48:18,115 - root - INFO - train average_precision, 0.8817
2025-10-02 19:48:18,116 - root - INFO - train roc_auc, 0.9032
2025-10-02 19:48:18,116 - root - INFO - validate loss: 0.4058
2025-10-02 19:48:18,116 - root - INFO - validate average_precision, 0.8769
2025-10-02 19:48:18,116 - root - INFO - validate roc_auc, 0.8984
2025-10-02 19:48:18,116 - root - INFO - new node validate loss: 0.4416
2025-10-02 19:48:18,116 - root - INFO - new node validate average_precision, 0.8867
2025-10-02 19:48:18,116 - root - INFO - new node validate roc_auc, 0.8975
2025-10-02 19:48:41,802 - root - INFO - test loss: 0.3910
2025-10-02 19:48:41,803 - root - INFO - test average_precision, 0.8874
2025-10-02 19:48:41,803 - root - INFO - best test average_precision: 0.8913
2025-10-02 19:48:41,803 - root - INFO - test roc_auc, 0.9059
2025-10-02 19:48:41,803 - root - INFO - new node test loss: 0.4145
2025-10-02 19:48:41,803 - root - INFO - new node test average_precision, 0.8995
2025-10-02 19:48:41,803 - root - INFO - new node test roc_auc, 0.9117
2025-10-02 19:50:58,822 - root - INFO - Epoch: 98, learning rate: 0.0001, train loss: 0.3809
2025-10-02 19:50:58,823 - root - INFO - train average_precision, 0.8814
2025-10-02 19:50:58,824 - root - INFO - train roc_auc, 0.9031
2025-10-02 19:50:58,824 - root - INFO - validate loss: 0.4038
2025-10-02 19:50:58,825 - root - INFO - validate average_precision, 0.8750
2025-10-02 19:50:58,825 - root - INFO - validate roc_auc, 0.8963
2025-10-02 19:50:58,825 - root - INFO - new node validate loss: 0.4036
2025-10-02 19:50:58,825 - root - INFO - new node validate average_precision, 0.8920
2025-10-02 19:50:58,825 - root - INFO - new node validate roc_auc, 0.9032
2025-10-02 19:51:22,528 - root - INFO - test loss: 0.3887
2025-10-02 19:51:22,529 - root - INFO - test average_precision, 0.8865
2025-10-02 19:51:22,529 - root - INFO - best test average_precision: 0.8913
2025-10-02 19:51:22,529 - root - INFO - test roc_auc, 0.9047
2025-10-02 19:51:22,529 - root - INFO - new node test loss: 0.3974
2025-10-02 19:51:22,529 - root - INFO - new node test average_precision, 0.8962
2025-10-02 19:51:22,529 - root - INFO - new node test roc_auc, 0.9069
2025-10-02 19:53:39,580 - root - INFO - Epoch: 99, learning rate: 0.0001, train loss: 0.3807
2025-10-02 19:53:39,582 - root - INFO - train average_precision, 0.8816
2025-10-02 19:53:39,582 - root - INFO - train roc_auc, 0.9031
2025-10-02 19:53:39,583 - root - INFO - validate loss: 0.4083
2025-10-02 19:53:39,583 - root - INFO - validate average_precision, 0.8753
2025-10-02 19:53:39,583 - root - INFO - validate roc_auc, 0.8956
2025-10-02 19:53:39,583 - root - INFO - new node validate loss: 0.4899
2025-10-02 19:53:39,583 - root - INFO - new node validate average_precision, 0.8796
2025-10-02 19:53:39,583 - root - INFO - new node validate roc_auc, 0.8889
2025-10-02 19:54:03,397 - root - INFO - test loss: 0.3888
2025-10-02 19:54:03,397 - root - INFO - test average_precision, 0.8893
2025-10-02 19:54:03,398 - root - INFO - best test average_precision: 0.8913
2025-10-02 19:54:03,398 - root - INFO - test roc_auc, 0.9073
2025-10-02 19:54:03,398 - root - INFO - new node test loss: 0.4715
2025-10-02 19:54:03,398 - root - INFO - new node test average_precision, 0.8869
2025-10-02 19:54:03,398 - root - INFO - new node test roc_auc, 0.9000
2025-10-02 19:56:20,511 - root - INFO - Epoch: 100, learning rate: 0.0001, train loss: 0.3815
2025-10-02 19:56:20,513 - root - INFO - train average_precision, 0.8815
2025-10-02 19:56:20,514 - root - INFO - train roc_auc, 0.9029
2025-10-02 19:56:20,514 - root - INFO - validate loss: 0.4119
2025-10-02 19:56:20,514 - root - INFO - validate average_precision, 0.8729
2025-10-02 19:56:20,514 - root - INFO - validate roc_auc, 0.8936
2025-10-02 19:56:20,514 - root - INFO - new node validate loss: 0.4120
2025-10-02 19:56:20,515 - root - INFO - new node validate average_precision, 0.8877
2025-10-02 19:56:20,515 - root - INFO - new node validate roc_auc, 0.8974
2025-10-02 19:56:44,272 - root - INFO - test loss: 0.3949
2025-10-02 19:56:44,272 - root - INFO - test average_precision, 0.8855
2025-10-02 19:56:44,273 - root - INFO - best test average_precision: 0.8913
2025-10-02 19:56:44,273 - root - INFO - test roc_auc, 0.9033
2025-10-02 19:56:44,273 - root - INFO - new node test loss: 0.4028
2025-10-02 19:56:44,273 - root - INFO - new node test average_precision, 0.8955
2025-10-02 19:56:44,273 - root - INFO - new node test roc_auc, 0.9083
2025-10-02 19:56:44,273 - root - INFO - load model ./saved_models/DyRep/SocialEvo/DyRep_lete_seed1/DyRep_lete_seed1.pkl
2025-10-02 19:56:44,330 - root - INFO - get final performance on dataset SocialEvo...
2025-10-02 19:57:08,108 - root - INFO - test loss: 0.3785
2025-10-02 19:57:08,109 - root - INFO - test average_precision, 0.8910
2025-10-02 19:57:08,109 - root - INFO - test roc_auc, 0.9092
2025-10-02 19:57:08,109 - root - INFO - new node test loss: 0.3697
2025-10-02 19:57:08,109 - root - INFO - new node test average_precision, 0.9063
2025-10-02 19:57:08,109 - root - INFO - new node test roc_auc, 0.9182
2025-10-02 19:57:08,109 - root - INFO - Run 2 cost 16105.10 seconds.
