2025-10-02 10:09:11,568 - root - INFO - ********** Run 1 starts. **********
2025-10-02 10:09:11,568 - root - INFO - configuration is Namespace(dataset_name='enron', batch_size=200, model_name='DyRep', gpu=0, num_neighbors=10, sample_neighbor_strategy='recent', time_scaling_factor=1e-06, num_walk_heads=8, num_heads=2, num_layers=1, walk_length=1, time_gap=2000, time_feat_dim=128, position_feat_dim=172, time_window_mode='fixed_proportion', time_encoder_type='lete', expert_dim=64, num_mixtures=4, patch_size=1, channel_embedding_dim=50, max_input_sequence_length=32, learning_rate=0.0001, dropout=0.0, gamma=0.5, num_epochs=100, optimizer='Adam', weight_decay=0.0, patience=20, val_ratio=0.15, test_ratio=0.15, num_runs=5, test_interval_epochs=1, negative_sample_strategy='random', max_interaction_times=10, load_best_configs=True, device='cuda:0', seed=0, save_model_name='DyRep_lete_seed0')
2025-10-02 10:09:11,570 - root - INFO - time encoder type: lete
2025-10-02 10:09:11,855 - root - INFO - model -> Sequential(
  (0): MemoryModel(
    (time_encoder): TimeEncoder(
      (w): Linear(in_features=1, out_features=128, bias=True)
    )
    (message_aggregator): MessageAggregator()
    (memory_bank): MemoryBank(num_nodes=185, memory_dim=172)
    (memory_updater): RNNMemoryUpdater(
      (memory_bank): MemoryBank(num_nodes=185, memory_dim=172)
      (memory_updater): RNNCell(644, 172)
    )
    (embedding_module): GraphAttentionEmbedding(
      (time_encoder): TimeEncoder(
        (w): Linear(in_features=1, out_features=128, bias=True)
      )
      (temporal_conv_layers): ModuleList(
        (0): MultiHeadAttention(
          (query_projection): Linear(in_features=300, out_features=300, bias=False)
          (key_projection): Linear(in_features=472, out_features=300, bias=False)
          (value_projection): Linear(in_features=472, out_features=300, bias=False)
          (layer_norm): LayerNorm((300,), eps=1e-05, elementwise_affine=True)
          (residual_fc): Linear(in_features=300, out_features=300, bias=True)
          (dropout): Dropout(p=0.0, inplace=False)
        )
      )
      (merge_layers): ModuleList(
        (0): MergeLayer(
          (fc1): Linear(in_features=472, out_features=172, bias=True)
          (fc2): Linear(in_features=172, out_features=172, bias=True)
          (act): ReLU()
        )
      )
    )
  )
  (1): MergeLayer(
    (fc1): Linear(in_features=344, out_features=172, bias=True)
    (fc2): Linear(in_features=172, out_features=1, bias=True)
    (act): ReLU()
  )
)
2025-10-02 10:09:11,855 - root - INFO - model name: DyRep, #parameters: 3102708 B, 3029.98828125 KB, 2.958972930908203 MB.
2025-10-02 10:09:22,089 - root - INFO - Epoch: 1, learning rate: 0.0001, train loss: 0.5491
2025-10-02 10:09:22,089 - root - INFO - train average_precision, 0.7506
2025-10-02 10:09:22,089 - root - INFO - train roc_auc, 0.8008
2025-10-02 10:09:22,089 - root - INFO - validate loss: 0.6639
2025-10-02 10:09:22,089 - root - INFO - validate average_precision, 0.6027
2025-10-02 10:09:22,089 - root - INFO - validate roc_auc, 0.6534
2025-10-02 10:09:22,089 - root - INFO - new node validate loss: 0.6852
2025-10-02 10:09:22,089 - root - INFO - new node validate average_precision, 0.5991
2025-10-02 10:09:22,090 - root - INFO - new node validate roc_auc, 0.6055
2025-10-02 10:09:23,665 - root - INFO - test loss: 0.6684
2025-10-02 10:09:23,666 - root - INFO - test average_precision, 0.6002
2025-10-02 10:09:23,666 - root - INFO - best test average_precision: 0.6002
2025-10-02 10:09:23,666 - root - INFO - test roc_auc, 0.6384
2025-10-02 10:09:23,666 - root - INFO - new node test loss: 0.6839
2025-10-02 10:09:23,666 - root - INFO - new node test average_precision, 0.5623
2025-10-02 10:09:23,666 - root - INFO - new node test roc_auc, 0.5689
2025-10-02 10:09:23,666 - root - INFO - save model ./saved_models/DyRep/enron/DyRep_lete_seed0/DyRep_lete_seed0.pkl
2025-10-02 10:09:32,168 - root - INFO - Epoch: 2, learning rate: 0.0001, train loss: 0.4869
2025-10-02 10:09:32,168 - root - INFO - train average_precision, 0.7986
2025-10-02 10:09:32,168 - root - INFO - train roc_auc, 0.8422
2025-10-02 10:09:32,168 - root - INFO - validate loss: 0.6439
2025-10-02 10:09:32,168 - root - INFO - validate average_precision, 0.7029
2025-10-02 10:09:32,168 - root - INFO - validate roc_auc, 0.7121
2025-10-02 10:09:32,168 - root - INFO - new node validate loss: 0.7512
2025-10-02 10:09:32,168 - root - INFO - new node validate average_precision, 0.5905
2025-10-02 10:09:32,168 - root - INFO - new node validate roc_auc, 0.6023
2025-10-02 10:09:33,746 - root - INFO - test loss: 0.6708
2025-10-02 10:09:33,746 - root - INFO - test average_precision, 0.6907
2025-10-02 10:09:33,746 - root - INFO - best test average_precision: 0.6907
2025-10-02 10:09:33,747 - root - INFO - test roc_auc, 0.6943
2025-10-02 10:09:33,747 - root - INFO - new node test loss: 0.6741
2025-10-02 10:09:33,747 - root - INFO - new node test average_precision, 0.6610
2025-10-02 10:09:33,747 - root - INFO - new node test roc_auc, 0.6501
2025-10-02 10:09:33,747 - root - INFO - save model ./saved_models/DyRep/enron/DyRep_lete_seed0/DyRep_lete_seed0.pkl
2025-10-02 10:09:42,285 - root - INFO - Epoch: 3, learning rate: 0.0001, train loss: 0.4401
2025-10-02 10:09:42,285 - root - INFO - train average_precision, 0.8480
2025-10-02 10:09:42,285 - root - INFO - train roc_auc, 0.8714
2025-10-02 10:09:42,285 - root - INFO - validate loss: 0.5877
2025-10-02 10:09:42,285 - root - INFO - validate average_precision, 0.7365
2025-10-02 10:09:42,285 - root - INFO - validate roc_auc, 0.7515
2025-10-02 10:09:42,285 - root - INFO - new node validate loss: 0.7368
2025-10-02 10:09:42,285 - root - INFO - new node validate average_precision, 0.6029
2025-10-02 10:09:42,285 - root - INFO - new node validate roc_auc, 0.6167
2025-10-02 10:09:43,865 - root - INFO - test loss: 0.6180
2025-10-02 10:09:43,865 - root - INFO - test average_precision, 0.7163
2025-10-02 10:09:43,865 - root - INFO - best test average_precision: 0.7163
2025-10-02 10:09:43,865 - root - INFO - test roc_auc, 0.7254
2025-10-02 10:09:43,865 - root - INFO - new node test loss: 0.6392
2025-10-02 10:09:43,865 - root - INFO - new node test average_precision, 0.6717
2025-10-02 10:09:43,865 - root - INFO - new node test roc_auc, 0.6829
2025-10-02 10:09:43,865 - root - INFO - save model ./saved_models/DyRep/enron/DyRep_lete_seed0/DyRep_lete_seed0.pkl
2025-10-02 10:09:52,380 - root - INFO - Epoch: 4, learning rate: 0.0001, train loss: 0.4053
2025-10-02 10:09:52,380 - root - INFO - train average_precision, 0.8696
2025-10-02 10:09:52,380 - root - INFO - train roc_auc, 0.8926
2025-10-02 10:09:52,380 - root - INFO - validate loss: 0.5910
2025-10-02 10:09:52,380 - root - INFO - validate average_precision, 0.7510
2025-10-02 10:09:52,380 - root - INFO - validate roc_auc, 0.7675
2025-10-02 10:09:52,380 - root - INFO - new node validate loss: 0.7678
2025-10-02 10:09:52,380 - root - INFO - new node validate average_precision, 0.6061
2025-10-02 10:09:52,380 - root - INFO - new node validate roc_auc, 0.6148
2025-10-02 10:09:53,957 - root - INFO - test loss: 0.6458
2025-10-02 10:09:53,957 - root - INFO - test average_precision, 0.6928
2025-10-02 10:09:53,957 - root - INFO - best test average_precision: 0.7163
2025-10-02 10:09:53,957 - root - INFO - test roc_auc, 0.7123
2025-10-02 10:09:53,957 - root - INFO - new node test loss: 0.7073
2025-10-02 10:09:53,957 - root - INFO - new node test average_precision, 0.6470
2025-10-02 10:09:53,957 - root - INFO - new node test roc_auc, 0.6494
2025-10-02 10:09:53,957 - root - INFO - save model ./saved_models/DyRep/enron/DyRep_lete_seed0/DyRep_lete_seed0.pkl
2025-10-02 10:10:02,500 - root - INFO - Epoch: 5, learning rate: 0.0001, train loss: 0.4199
2025-10-02 10:10:02,500 - root - INFO - train average_precision, 0.8601
2025-10-02 10:10:02,500 - root - INFO - train roc_auc, 0.8852
2025-10-02 10:10:02,500 - root - INFO - validate loss: 0.6116
2025-10-02 10:10:02,500 - root - INFO - validate average_precision, 0.7517
2025-10-02 10:10:02,500 - root - INFO - validate roc_auc, 0.7654
2025-10-02 10:10:02,500 - root - INFO - new node validate loss: 0.7140
2025-10-02 10:10:02,500 - root - INFO - new node validate average_precision, 0.6333
2025-10-02 10:10:02,501 - root - INFO - new node validate roc_auc, 0.6388
2025-10-02 10:10:04,210 - root - INFO - test loss: 0.5906
2025-10-02 10:10:04,210 - root - INFO - test average_precision, 0.7538
2025-10-02 10:10:04,210 - root - INFO - best test average_precision: 0.7538
2025-10-02 10:10:04,210 - root - INFO - test roc_auc, 0.7907
2025-10-02 10:10:04,210 - root - INFO - new node test loss: 0.6770
2025-10-02 10:10:04,210 - root - INFO - new node test average_precision, 0.6770
2025-10-02 10:10:04,210 - root - INFO - new node test roc_auc, 0.7104
2025-10-02 10:10:12,601 - root - INFO - Epoch: 6, learning rate: 0.0001, train loss: 0.4133
2025-10-02 10:10:12,601 - root - INFO - train average_precision, 0.8657
2025-10-02 10:10:12,602 - root - INFO - train roc_auc, 0.8894
2025-10-02 10:10:12,602 - root - INFO - validate loss: 0.6557
2025-10-02 10:10:12,602 - root - INFO - validate average_precision, 0.7114
2025-10-02 10:10:12,602 - root - INFO - validate roc_auc, 0.7615
2025-10-02 10:10:12,602 - root - INFO - new node validate loss: 0.7638
2025-10-02 10:10:12,602 - root - INFO - new node validate average_precision, 0.6685
2025-10-02 10:10:12,602 - root - INFO - new node validate roc_auc, 0.6740
2025-10-02 10:10:14,171 - root - INFO - test loss: 0.7332
2025-10-02 10:10:14,171 - root - INFO - test average_precision, 0.6609
2025-10-02 10:10:14,171 - root - INFO - best test average_precision: 0.7538
2025-10-02 10:10:14,171 - root - INFO - test roc_auc, 0.7140
2025-10-02 10:10:14,171 - root - INFO - new node test loss: 0.8494
2025-10-02 10:10:14,171 - root - INFO - new node test average_precision, 0.5626
2025-10-02 10:10:14,171 - root - INFO - new node test roc_auc, 0.5703
2025-10-02 10:10:22,565 - root - INFO - Epoch: 7, learning rate: 0.0001, train loss: 0.3908
2025-10-02 10:10:22,565 - root - INFO - train average_precision, 0.8827
2025-10-02 10:10:22,565 - root - INFO - train roc_auc, 0.9012
2025-10-02 10:10:22,565 - root - INFO - validate loss: 0.6188
2025-10-02 10:10:22,566 - root - INFO - validate average_precision, 0.7349
2025-10-02 10:10:22,566 - root - INFO - validate roc_auc, 0.7730
2025-10-02 10:10:22,566 - root - INFO - new node validate loss: 0.6967
2025-10-02 10:10:22,566 - root - INFO - new node validate average_precision, 0.6329
2025-10-02 10:10:22,566 - root - INFO - new node validate roc_auc, 0.6372
2025-10-02 10:10:24,150 - root - INFO - test loss: 0.6423
2025-10-02 10:10:24,150 - root - INFO - test average_precision, 0.6976
2025-10-02 10:10:24,150 - root - INFO - best test average_precision: 0.7538
2025-10-02 10:10:24,151 - root - INFO - test roc_auc, 0.7446
2025-10-02 10:10:24,151 - root - INFO - new node test loss: 0.7177
2025-10-02 10:10:24,151 - root - INFO - new node test average_precision, 0.5904
2025-10-02 10:10:24,151 - root - INFO - new node test roc_auc, 0.5904
2025-10-02 10:10:32,551 - root - INFO - Epoch: 8, learning rate: 0.0001, train loss: 0.4031
2025-10-02 10:10:32,551 - root - INFO - train average_precision, 0.8710
2025-10-02 10:10:32,551 - root - INFO - train roc_auc, 0.8939
2025-10-02 10:10:32,551 - root - INFO - validate loss: 0.6224
2025-10-02 10:10:32,551 - root - INFO - validate average_precision, 0.7176
2025-10-02 10:10:32,551 - root - INFO - validate roc_auc, 0.7588
2025-10-02 10:10:32,551 - root - INFO - new node validate loss: 0.6887
2025-10-02 10:10:32,552 - root - INFO - new node validate average_precision, 0.6591
2025-10-02 10:10:32,552 - root - INFO - new node validate roc_auc, 0.6664
2025-10-02 10:10:34,131 - root - INFO - test loss: 0.6766
2025-10-02 10:10:34,131 - root - INFO - test average_precision, 0.6680
2025-10-02 10:10:34,131 - root - INFO - best test average_precision: 0.7538
2025-10-02 10:10:34,131 - root - INFO - test roc_auc, 0.7138
2025-10-02 10:10:34,131 - root - INFO - new node test loss: 0.8014
2025-10-02 10:10:34,131 - root - INFO - new node test average_precision, 0.5410
2025-10-02 10:10:34,131 - root - INFO - new node test roc_auc, 0.5383
2025-10-02 10:10:42,509 - root - INFO - Epoch: 9, learning rate: 0.0001, train loss: 0.4123
2025-10-02 10:10:42,509 - root - INFO - train average_precision, 0.8654
2025-10-02 10:10:42,509 - root - INFO - train roc_auc, 0.8882
2025-10-02 10:10:42,509 - root - INFO - validate loss: 0.9861
2025-10-02 10:10:42,509 - root - INFO - validate average_precision, 0.7355
2025-10-02 10:10:42,509 - root - INFO - validate roc_auc, 0.7685
2025-10-02 10:10:42,509 - root - INFO - new node validate loss: 0.7946
2025-10-02 10:10:42,509 - root - INFO - new node validate average_precision, 0.6950
2025-10-02 10:10:42,509 - root - INFO - new node validate roc_auc, 0.7023
2025-10-02 10:10:44,082 - root - INFO - test loss: 1.1682
2025-10-02 10:10:44,083 - root - INFO - test average_precision, 0.6967
2025-10-02 10:10:44,083 - root - INFO - best test average_precision: 0.7538
2025-10-02 10:10:44,083 - root - INFO - test roc_auc, 0.7272
2025-10-02 10:10:44,083 - root - INFO - new node test loss: 1.2010
2025-10-02 10:10:44,083 - root - INFO - new node test average_precision, 0.5715
2025-10-02 10:10:44,083 - root - INFO - new node test roc_auc, 0.5661
2025-10-02 10:10:52,457 - root - INFO - Epoch: 10, learning rate: 0.0001, train loss: 0.4298
2025-10-02 10:10:52,458 - root - INFO - train average_precision, 0.8601
2025-10-02 10:10:52,458 - root - INFO - train roc_auc, 0.8839
2025-10-02 10:10:52,458 - root - INFO - validate loss: 0.5918
2025-10-02 10:10:52,458 - root - INFO - validate average_precision, 0.7718
2025-10-02 10:10:52,458 - root - INFO - validate roc_auc, 0.8029
2025-10-02 10:10:52,458 - root - INFO - new node validate loss: 0.8000
2025-10-02 10:10:52,458 - root - INFO - new node validate average_precision, 0.6357
2025-10-02 10:10:52,458 - root - INFO - new node validate roc_auc, 0.6511
2025-10-02 10:10:54,026 - root - INFO - test loss: 0.6566
2025-10-02 10:10:54,026 - root - INFO - test average_precision, 0.7388
2025-10-02 10:10:54,026 - root - INFO - best test average_precision: 0.7538
2025-10-02 10:10:54,026 - root - INFO - test roc_auc, 0.7715
2025-10-02 10:10:54,026 - root - INFO - new node test loss: 0.5927
2025-10-02 10:10:54,026 - root - INFO - new node test average_precision, 0.7116
2025-10-02 10:10:54,027 - root - INFO - new node test roc_auc, 0.7537
2025-10-02 10:10:54,027 - root - INFO - save model ./saved_models/DyRep/enron/DyRep_lete_seed0/DyRep_lete_seed0.pkl
2025-10-02 10:11:02,478 - root - INFO - Epoch: 11, learning rate: 0.0001, train loss: 0.3923
2025-10-02 10:11:02,479 - root - INFO - train average_precision, 0.8751
2025-10-02 10:11:02,479 - root - INFO - train roc_auc, 0.8991
2025-10-02 10:11:02,479 - root - INFO - validate loss: 0.6779
2025-10-02 10:11:02,479 - root - INFO - validate average_precision, 0.7051
2025-10-02 10:11:02,479 - root - INFO - validate roc_auc, 0.7471
2025-10-02 10:11:02,479 - root - INFO - new node validate loss: 0.7533
2025-10-02 10:11:02,479 - root - INFO - new node validate average_precision, 0.6541
2025-10-02 10:11:02,479 - root - INFO - new node validate roc_auc, 0.6663
2025-10-02 10:11:04,050 - root - INFO - test loss: 0.7578
2025-10-02 10:11:04,050 - root - INFO - test average_precision, 0.6373
2025-10-02 10:11:04,050 - root - INFO - best test average_precision: 0.7538
2025-10-02 10:11:04,050 - root - INFO - test roc_auc, 0.6849
2025-10-02 10:11:04,050 - root - INFO - new node test loss: 0.8534
2025-10-02 10:11:04,050 - root - INFO - new node test average_precision, 0.5608
2025-10-02 10:11:04,050 - root - INFO - new node test roc_auc, 0.5520
2025-10-02 10:11:12,638 - root - INFO - Epoch: 12, learning rate: 0.0001, train loss: 0.3960
2025-10-02 10:11:12,639 - root - INFO - train average_precision, 0.8786
2025-10-02 10:11:12,639 - root - INFO - train roc_auc, 0.8992
2025-10-02 10:11:12,639 - root - INFO - validate loss: 0.5314
2025-10-02 10:11:12,639 - root - INFO - validate average_precision, 0.7912
2025-10-02 10:11:12,639 - root - INFO - validate roc_auc, 0.8113
2025-10-02 10:11:12,639 - root - INFO - new node validate loss: 0.7084
2025-10-02 10:11:12,639 - root - INFO - new node validate average_precision, 0.6608
2025-10-02 10:11:12,639 - root - INFO - new node validate roc_auc, 0.6768
2025-10-02 10:11:14,219 - root - INFO - test loss: 0.5652
2025-10-02 10:11:14,220 - root - INFO - test average_precision, 0.7678
2025-10-02 10:11:14,220 - root - INFO - best test average_precision: 0.7678
2025-10-02 10:11:14,220 - root - INFO - test roc_auc, 0.7971
2025-10-02 10:11:14,220 - root - INFO - new node test loss: 0.6061
2025-10-02 10:11:14,220 - root - INFO - new node test average_precision, 0.7227
2025-10-02 10:11:14,220 - root - INFO - new node test roc_auc, 0.7559
2025-10-02 10:11:14,220 - root - INFO - save model ./saved_models/DyRep/enron/DyRep_lete_seed0/DyRep_lete_seed0.pkl
2025-10-02 10:11:22,725 - root - INFO - Epoch: 13, learning rate: 0.0001, train loss: 0.4050
2025-10-02 10:11:22,725 - root - INFO - train average_precision, 0.8794
2025-10-02 10:11:22,725 - root - INFO - train roc_auc, 0.8951
2025-10-02 10:11:22,725 - root - INFO - validate loss: 0.6197
2025-10-02 10:11:22,725 - root - INFO - validate average_precision, 0.6793
2025-10-02 10:11:22,725 - root - INFO - validate roc_auc, 0.7284
2025-10-02 10:11:22,726 - root - INFO - new node validate loss: 0.6985
2025-10-02 10:11:22,726 - root - INFO - new node validate average_precision, 0.6653
2025-10-02 10:11:22,726 - root - INFO - new node validate roc_auc, 0.6808
2025-10-02 10:11:24,293 - root - INFO - test loss: 0.6593
2025-10-02 10:11:24,294 - root - INFO - test average_precision, 0.6400
2025-10-02 10:11:24,294 - root - INFO - best test average_precision: 0.7678
2025-10-02 10:11:24,294 - root - INFO - test roc_auc, 0.6922
2025-10-02 10:11:24,294 - root - INFO - new node test loss: 0.7689
2025-10-02 10:11:24,294 - root - INFO - new node test average_precision, 0.6024
2025-10-02 10:11:24,294 - root - INFO - new node test roc_auc, 0.5828
2025-10-02 10:11:32,692 - root - INFO - Epoch: 14, learning rate: 0.0001, train loss: 0.3880
2025-10-02 10:11:32,692 - root - INFO - train average_precision, 0.8851
2025-10-02 10:11:32,692 - root - INFO - train roc_auc, 0.9033
2025-10-02 10:11:32,692 - root - INFO - validate loss: 0.5881
2025-10-02 10:11:32,692 - root - INFO - validate average_precision, 0.7710
2025-10-02 10:11:32,692 - root - INFO - validate roc_auc, 0.7833
2025-10-02 10:11:32,692 - root - INFO - new node validate loss: 0.7947
2025-10-02 10:11:32,692 - root - INFO - new node validate average_precision, 0.6396
2025-10-02 10:11:32,692 - root - INFO - new node validate roc_auc, 0.6522
2025-10-02 10:11:34,276 - root - INFO - test loss: 0.6601
2025-10-02 10:11:34,276 - root - INFO - test average_precision, 0.7036
2025-10-02 10:11:34,277 - root - INFO - best test average_precision: 0.7678
2025-10-02 10:11:34,277 - root - INFO - test roc_auc, 0.7256
2025-10-02 10:11:34,277 - root - INFO - new node test loss: 0.6996
2025-10-02 10:11:34,277 - root - INFO - new node test average_precision, 0.6668
2025-10-02 10:11:34,277 - root - INFO - new node test roc_auc, 0.6894
2025-10-02 10:11:42,676 - root - INFO - Epoch: 15, learning rate: 0.0001, train loss: 0.3950
2025-10-02 10:11:42,676 - root - INFO - train average_precision, 0.8817
2025-10-02 10:11:42,676 - root - INFO - train roc_auc, 0.8991
2025-10-02 10:11:42,676 - root - INFO - validate loss: 0.6612
2025-10-02 10:11:42,676 - root - INFO - validate average_precision, 0.7320
2025-10-02 10:11:42,676 - root - INFO - validate roc_auc, 0.7710
2025-10-02 10:11:42,676 - root - INFO - new node validate loss: 0.7201
2025-10-02 10:11:42,676 - root - INFO - new node validate average_precision, 0.6849
2025-10-02 10:11:42,677 - root - INFO - new node validate roc_auc, 0.6930
2025-10-02 10:11:44,251 - root - INFO - test loss: 0.7290
2025-10-02 10:11:44,251 - root - INFO - test average_precision, 0.6943
2025-10-02 10:11:44,251 - root - INFO - best test average_precision: 0.7678
2025-10-02 10:11:44,251 - root - INFO - test roc_auc, 0.7365
2025-10-02 10:11:44,251 - root - INFO - new node test loss: 0.8522
2025-10-02 10:11:44,251 - root - INFO - new node test average_precision, 0.5767
2025-10-02 10:11:44,252 - root - INFO - new node test roc_auc, 0.5813
2025-10-02 10:11:52,628 - root - INFO - Epoch: 16, learning rate: 0.0001, train loss: 0.3807
2025-10-02 10:11:52,628 - root - INFO - train average_precision, 0.8936
2025-10-02 10:11:52,629 - root - INFO - train roc_auc, 0.9078
2025-10-02 10:11:52,629 - root - INFO - validate loss: 0.6502
2025-10-02 10:11:52,629 - root - INFO - validate average_precision, 0.6430
2025-10-02 10:11:52,629 - root - INFO - validate roc_auc, 0.6859
2025-10-02 10:11:52,629 - root - INFO - new node validate loss: 0.8133
2025-10-02 10:11:52,629 - root - INFO - new node validate average_precision, 0.5826
2025-10-02 10:11:52,629 - root - INFO - new node validate roc_auc, 0.6016
2025-10-02 10:11:54,207 - root - INFO - test loss: 0.7346
2025-10-02 10:11:54,207 - root - INFO - test average_precision, 0.5556
2025-10-02 10:11:54,207 - root - INFO - best test average_precision: 0.7678
2025-10-02 10:11:54,207 - root - INFO - test roc_auc, 0.5937
2025-10-02 10:11:54,208 - root - INFO - new node test loss: 0.8659
2025-10-02 10:11:54,208 - root - INFO - new node test average_precision, 0.5573
2025-10-02 10:11:54,208 - root - INFO - new node test roc_auc, 0.5484
2025-10-02 10:12:02,633 - root - INFO - Epoch: 17, learning rate: 0.0001, train loss: 0.3968
2025-10-02 10:12:02,633 - root - INFO - train average_precision, 0.8839
2025-10-02 10:12:02,633 - root - INFO - train roc_auc, 0.9010
2025-10-02 10:12:02,634 - root - INFO - validate loss: 0.6885
2025-10-02 10:12:02,634 - root - INFO - validate average_precision, 0.7569
2025-10-02 10:12:02,634 - root - INFO - validate roc_auc, 0.7871
2025-10-02 10:12:02,634 - root - INFO - new node validate loss: 0.7041
2025-10-02 10:12:02,634 - root - INFO - new node validate average_precision, 0.7021
2025-10-02 10:12:02,634 - root - INFO - new node validate roc_auc, 0.7162
2025-10-02 10:12:04,203 - root - INFO - test loss: 0.8307
2025-10-02 10:12:04,203 - root - INFO - test average_precision, 0.7213
2025-10-02 10:12:04,203 - root - INFO - best test average_precision: 0.7678
2025-10-02 10:12:04,203 - root - INFO - test roc_auc, 0.7643
2025-10-02 10:12:04,203 - root - INFO - new node test loss: 0.9571
2025-10-02 10:12:04,204 - root - INFO - new node test average_precision, 0.6218
2025-10-02 10:12:04,204 - root - INFO - new node test roc_auc, 0.6445
2025-10-02 10:12:12,725 - root - INFO - Epoch: 18, learning rate: 0.0001, train loss: 0.3747
2025-10-02 10:12:12,725 - root - INFO - train average_precision, 0.8983
2025-10-02 10:12:12,725 - root - INFO - train roc_auc, 0.9107
2025-10-02 10:12:12,725 - root - INFO - validate loss: 0.5968
2025-10-02 10:12:12,725 - root - INFO - validate average_precision, 0.7704
2025-10-02 10:12:12,726 - root - INFO - validate roc_auc, 0.8023
2025-10-02 10:12:12,726 - root - INFO - new node validate loss: 0.7311
2025-10-02 10:12:12,726 - root - INFO - new node validate average_precision, 0.6753
2025-10-02 10:12:12,726 - root - INFO - new node validate roc_auc, 0.6892
2025-10-02 10:12:14,297 - root - INFO - test loss: 0.7031
2025-10-02 10:12:14,297 - root - INFO - test average_precision, 0.7319
2025-10-02 10:12:14,297 - root - INFO - best test average_precision: 0.7678
2025-10-02 10:12:14,297 - root - INFO - test roc_auc, 0.7754
2025-10-02 10:12:14,297 - root - INFO - new node test loss: 0.8140
2025-10-02 10:12:14,297 - root - INFO - new node test average_precision, 0.6610
2025-10-02 10:12:14,297 - root - INFO - new node test roc_auc, 0.6752
2025-10-02 10:12:22,717 - root - INFO - Epoch: 19, learning rate: 0.0001, train loss: 0.3922
2025-10-02 10:12:22,717 - root - INFO - train average_precision, 0.8846
2025-10-02 10:12:22,718 - root - INFO - train roc_auc, 0.9013
2025-10-02 10:12:22,718 - root - INFO - validate loss: 0.5417
2025-10-02 10:12:22,718 - root - INFO - validate average_precision, 0.7789
2025-10-02 10:12:22,718 - root - INFO - validate roc_auc, 0.8087
2025-10-02 10:12:22,718 - root - INFO - new node validate loss: 0.6631
2025-10-02 10:12:22,718 - root - INFO - new node validate average_precision, 0.7222
2025-10-02 10:12:22,718 - root - INFO - new node validate roc_auc, 0.7336
2025-10-02 10:12:24,285 - root - INFO - test loss: 0.5888
2025-10-02 10:12:24,285 - root - INFO - test average_precision, 0.7407
2025-10-02 10:12:24,285 - root - INFO - best test average_precision: 0.7678
2025-10-02 10:12:24,285 - root - INFO - test roc_auc, 0.7782
2025-10-02 10:12:24,285 - root - INFO - new node test loss: 0.6964
2025-10-02 10:12:24,285 - root - INFO - new node test average_precision, 0.6824
2025-10-02 10:12:24,285 - root - INFO - new node test roc_auc, 0.6836
2025-10-02 10:12:32,635 - root - INFO - Epoch: 20, learning rate: 0.0001, train loss: 0.3627
2025-10-02 10:12:32,635 - root - INFO - train average_precision, 0.9038
2025-10-02 10:12:32,635 - root - INFO - train roc_auc, 0.9167
2025-10-02 10:12:32,635 - root - INFO - validate loss: 0.6665
2025-10-02 10:12:32,635 - root - INFO - validate average_precision, 0.7669
2025-10-02 10:12:32,635 - root - INFO - validate roc_auc, 0.7954
2025-10-02 10:12:32,635 - root - INFO - new node validate loss: 0.7066
2025-10-02 10:12:32,635 - root - INFO - new node validate average_precision, 0.6671
2025-10-02 10:12:32,635 - root - INFO - new node validate roc_auc, 0.6763
2025-10-02 10:12:34,209 - root - INFO - test loss: 0.7857
2025-10-02 10:12:34,209 - root - INFO - test average_precision, 0.7227
2025-10-02 10:12:34,209 - root - INFO - best test average_precision: 0.7678
2025-10-02 10:12:34,209 - root - INFO - test roc_auc, 0.7623
2025-10-02 10:12:34,209 - root - INFO - new node test loss: 0.8514
2025-10-02 10:12:34,209 - root - INFO - new node test average_precision, 0.6559
2025-10-02 10:12:34,209 - root - INFO - new node test roc_auc, 0.6582
2025-10-02 10:12:42,628 - root - INFO - Epoch: 21, learning rate: 0.0001, train loss: 0.3884
2025-10-02 10:12:42,629 - root - INFO - train average_precision, 0.8885
2025-10-02 10:12:42,629 - root - INFO - train roc_auc, 0.9028
2025-10-02 10:12:42,629 - root - INFO - validate loss: 0.5789
2025-10-02 10:12:42,629 - root - INFO - validate average_precision, 0.7215
2025-10-02 10:12:42,629 - root - INFO - validate roc_auc, 0.7684
2025-10-02 10:12:42,629 - root - INFO - new node validate loss: 0.7297
2025-10-02 10:12:42,629 - root - INFO - new node validate average_precision, 0.6798
2025-10-02 10:12:42,629 - root - INFO - new node validate roc_auc, 0.6664
2025-10-02 10:12:44,197 - root - INFO - test loss: 0.6315
2025-10-02 10:12:44,197 - root - INFO - test average_precision, 0.6543
2025-10-02 10:12:44,197 - root - INFO - best test average_precision: 0.7678
2025-10-02 10:12:44,197 - root - INFO - test roc_auc, 0.7051
2025-10-02 10:12:44,197 - root - INFO - new node test loss: 0.7240
2025-10-02 10:12:44,197 - root - INFO - new node test average_precision, 0.5950
2025-10-02 10:12:44,198 - root - INFO - new node test roc_auc, 0.6021
2025-10-02 10:12:52,537 - root - INFO - Epoch: 22, learning rate: 0.0001, train loss: 0.4075
2025-10-02 10:12:52,537 - root - INFO - train average_precision, 0.8782
2025-10-02 10:12:52,537 - root - INFO - train roc_auc, 0.8947
2025-10-02 10:12:52,537 - root - INFO - validate loss: 0.5844
2025-10-02 10:12:52,537 - root - INFO - validate average_precision, 0.7289
2025-10-02 10:12:52,537 - root - INFO - validate roc_auc, 0.7724
2025-10-02 10:12:52,537 - root - INFO - new node validate loss: 0.7167
2025-10-02 10:12:52,538 - root - INFO - new node validate average_precision, 0.6599
2025-10-02 10:12:52,538 - root - INFO - new node validate roc_auc, 0.6601
2025-10-02 10:12:54,106 - root - INFO - test loss: 0.6169
2025-10-02 10:12:54,106 - root - INFO - test average_precision, 0.6911
2025-10-02 10:12:54,106 - root - INFO - best test average_precision: 0.7678
2025-10-02 10:12:54,106 - root - INFO - test roc_auc, 0.7355
2025-10-02 10:12:54,106 - root - INFO - new node test loss: 0.7049
2025-10-02 10:12:54,106 - root - INFO - new node test average_precision, 0.6354
2025-10-02 10:12:54,106 - root - INFO - new node test roc_auc, 0.6226
2025-10-02 10:13:02,448 - root - INFO - Epoch: 23, learning rate: 0.0001, train loss: 0.3869
2025-10-02 10:13:02,448 - root - INFO - train average_precision, 0.8834
2025-10-02 10:13:02,448 - root - INFO - train roc_auc, 0.9027
2025-10-02 10:13:02,448 - root - INFO - validate loss: 0.5070
2025-10-02 10:13:02,448 - root - INFO - validate average_precision, 0.8012
2025-10-02 10:13:02,448 - root - INFO - validate roc_auc, 0.8338
2025-10-02 10:13:02,448 - root - INFO - new node validate loss: 0.6803
2025-10-02 10:13:02,449 - root - INFO - new node validate average_precision, 0.6988
2025-10-02 10:13:02,449 - root - INFO - new node validate roc_auc, 0.7105
2025-10-02 10:13:04,030 - root - INFO - test loss: 0.5713
2025-10-02 10:13:04,030 - root - INFO - test average_precision, 0.7571
2025-10-02 10:13:04,030 - root - INFO - best test average_precision: 0.7678
2025-10-02 10:13:04,030 - root - INFO - test roc_auc, 0.7910
2025-10-02 10:13:04,030 - root - INFO - new node test loss: 0.6519
2025-10-02 10:13:04,030 - root - INFO - new node test average_precision, 0.6754
2025-10-02 10:13:04,030 - root - INFO - new node test roc_auc, 0.6848
2025-10-02 10:13:04,030 - root - INFO - save model ./saved_models/DyRep/enron/DyRep_lete_seed0/DyRep_lete_seed0.pkl
2025-10-02 10:13:12,714 - root - INFO - Epoch: 24, learning rate: 0.0001, train loss: 0.3826
2025-10-02 10:13:12,715 - root - INFO - train average_precision, 0.8907
2025-10-02 10:13:12,715 - root - INFO - train roc_auc, 0.9058
2025-10-02 10:13:12,715 - root - INFO - validate loss: 0.5868
2025-10-02 10:13:12,715 - root - INFO - validate average_precision, 0.7596
2025-10-02 10:13:12,715 - root - INFO - validate roc_auc, 0.7988
2025-10-02 10:13:12,715 - root - INFO - new node validate loss: 0.7060
2025-10-02 10:13:12,715 - root - INFO - new node validate average_precision, 0.7058
2025-10-02 10:13:12,715 - root - INFO - new node validate roc_auc, 0.7127
2025-10-02 10:13:14,282 - root - INFO - test loss: 0.6607
2025-10-02 10:13:14,282 - root - INFO - test average_precision, 0.7346
2025-10-02 10:13:14,282 - root - INFO - best test average_precision: 0.7678
2025-10-02 10:13:14,282 - root - INFO - test roc_auc, 0.7758
2025-10-02 10:13:14,282 - root - INFO - new node test loss: 0.8242
2025-10-02 10:13:14,282 - root - INFO - new node test average_precision, 0.6866
2025-10-02 10:13:14,282 - root - INFO - new node test roc_auc, 0.6923
2025-10-02 10:13:22,673 - root - INFO - Epoch: 25, learning rate: 0.0001, train loss: 0.3700
2025-10-02 10:13:22,674 - root - INFO - train average_precision, 0.8960
2025-10-02 10:13:22,674 - root - INFO - train roc_auc, 0.9110
2025-10-02 10:13:22,674 - root - INFO - validate loss: 0.5827
2025-10-02 10:13:22,674 - root - INFO - validate average_precision, 0.7160
2025-10-02 10:13:22,674 - root - INFO - validate roc_auc, 0.7516
2025-10-02 10:13:22,674 - root - INFO - new node validate loss: 0.7000
2025-10-02 10:13:22,674 - root - INFO - new node validate average_precision, 0.6736
2025-10-02 10:13:22,674 - root - INFO - new node validate roc_auc, 0.6921
2025-10-02 10:13:24,249 - root - INFO - test loss: 0.6054
2025-10-02 10:13:24,249 - root - INFO - test average_precision, 0.7010
2025-10-02 10:13:24,249 - root - INFO - best test average_precision: 0.7678
2025-10-02 10:13:24,249 - root - INFO - test roc_auc, 0.7300
2025-10-02 10:13:24,249 - root - INFO - new node test loss: 0.6689
2025-10-02 10:13:24,249 - root - INFO - new node test average_precision, 0.6532
2025-10-02 10:13:24,249 - root - INFO - new node test roc_auc, 0.6449
2025-10-02 10:13:32,659 - root - INFO - Epoch: 26, learning rate: 0.0001, train loss: 0.3630
2025-10-02 10:13:32,659 - root - INFO - train average_precision, 0.9059
2025-10-02 10:13:32,659 - root - INFO - train roc_auc, 0.9177
2025-10-02 10:13:32,659 - root - INFO - validate loss: 0.5229
2025-10-02 10:13:32,659 - root - INFO - validate average_precision, 0.7803
2025-10-02 10:13:32,659 - root - INFO - validate roc_auc, 0.8227
2025-10-02 10:13:32,659 - root - INFO - new node validate loss: 0.6648
2025-10-02 10:13:32,659 - root - INFO - new node validate average_precision, 0.7160
2025-10-02 10:13:32,659 - root - INFO - new node validate roc_auc, 0.7275
2025-10-02 10:13:34,233 - root - INFO - test loss: 0.6421
2025-10-02 10:13:34,233 - root - INFO - test average_precision, 0.7029
2025-10-02 10:13:34,233 - root - INFO - best test average_precision: 0.7678
2025-10-02 10:13:34,233 - root - INFO - test roc_auc, 0.7587
2025-10-02 10:13:34,233 - root - INFO - new node test loss: 0.7803
2025-10-02 10:13:34,233 - root - INFO - new node test average_precision, 0.6461
2025-10-02 10:13:34,233 - root - INFO - new node test roc_auc, 0.6601
2025-10-02 10:13:42,595 - root - INFO - Epoch: 27, learning rate: 0.0001, train loss: 0.3339
2025-10-02 10:13:42,595 - root - INFO - train average_precision, 0.9178
2025-10-02 10:13:42,595 - root - INFO - train roc_auc, 0.9286
2025-10-02 10:13:42,595 - root - INFO - validate loss: 0.5380
2025-10-02 10:13:42,595 - root - INFO - validate average_precision, 0.8121
2025-10-02 10:13:42,595 - root - INFO - validate roc_auc, 0.8428
2025-10-02 10:13:42,595 - root - INFO - new node validate loss: 0.7077
2025-10-02 10:13:42,595 - root - INFO - new node validate average_precision, 0.7044
2025-10-02 10:13:42,595 - root - INFO - new node validate roc_auc, 0.7067
2025-10-02 10:13:44,160 - root - INFO - test loss: 0.7056
2025-10-02 10:13:44,160 - root - INFO - test average_precision, 0.7426
2025-10-02 10:13:44,160 - root - INFO - best test average_precision: 0.7678
2025-10-02 10:13:44,160 - root - INFO - test roc_auc, 0.7876
2025-10-02 10:13:44,160 - root - INFO - new node test loss: 0.8188
2025-10-02 10:13:44,160 - root - INFO - new node test average_precision, 0.6729
2025-10-02 10:13:44,160 - root - INFO - new node test roc_auc, 0.6886
2025-10-02 10:13:44,160 - root - INFO - save model ./saved_models/DyRep/enron/DyRep_lete_seed0/DyRep_lete_seed0.pkl
2025-10-02 10:13:52,652 - root - INFO - Epoch: 28, learning rate: 0.0001, train loss: 0.3496
2025-10-02 10:13:52,652 - root - INFO - train average_precision, 0.9100
2025-10-02 10:13:52,652 - root - INFO - train roc_auc, 0.9214
2025-10-02 10:13:52,653 - root - INFO - validate loss: 0.5367
2025-10-02 10:13:52,653 - root - INFO - validate average_precision, 0.8018
2025-10-02 10:13:52,653 - root - INFO - validate roc_auc, 0.8314
2025-10-02 10:13:52,653 - root - INFO - new node validate loss: 0.7508
2025-10-02 10:13:52,653 - root - INFO - new node validate average_precision, 0.7048
2025-10-02 10:13:52,653 - root - INFO - new node validate roc_auc, 0.6998
2025-10-02 10:13:54,231 - root - INFO - test loss: 0.7039
2025-10-02 10:13:54,231 - root - INFO - test average_precision, 0.7198
2025-10-02 10:13:54,231 - root - INFO - best test average_precision: 0.7678
2025-10-02 10:13:54,231 - root - INFO - test roc_auc, 0.7639
2025-10-02 10:13:54,231 - root - INFO - new node test loss: 0.7416
2025-10-02 10:13:54,231 - root - INFO - new node test average_precision, 0.6770
2025-10-02 10:13:54,231 - root - INFO - new node test roc_auc, 0.7035
2025-10-02 10:14:02,779 - root - INFO - Epoch: 29, learning rate: 0.0001, train loss: 0.3569
2025-10-02 10:14:02,779 - root - INFO - train average_precision, 0.9071
2025-10-02 10:14:02,780 - root - INFO - train roc_auc, 0.9175
2025-10-02 10:14:02,780 - root - INFO - validate loss: 0.5349
2025-10-02 10:14:02,780 - root - INFO - validate average_precision, 0.7813
2025-10-02 10:14:02,780 - root - INFO - validate roc_auc, 0.8099
2025-10-02 10:14:02,780 - root - INFO - new node validate loss: 0.7294
2025-10-02 10:14:02,780 - root - INFO - new node validate average_precision, 0.6843
2025-10-02 10:14:02,780 - root - INFO - new node validate roc_auc, 0.6836
2025-10-02 10:14:04,354 - root - INFO - test loss: 0.5805
2025-10-02 10:14:04,354 - root - INFO - test average_precision, 0.7344
2025-10-02 10:14:04,355 - root - INFO - best test average_precision: 0.7678
2025-10-02 10:14:04,355 - root - INFO - test roc_auc, 0.7798
2025-10-02 10:14:04,355 - root - INFO - new node test loss: 0.6492
2025-10-02 10:14:04,355 - root - INFO - new node test average_precision, 0.6879
2025-10-02 10:14:04,355 - root - INFO - new node test roc_auc, 0.7084
2025-10-02 10:14:12,741 - root - INFO - Epoch: 30, learning rate: 0.0001, train loss: 0.3897
2025-10-02 10:14:12,742 - root - INFO - train average_precision, 0.8884
2025-10-02 10:14:12,742 - root - INFO - train roc_auc, 0.9028
2025-10-02 10:14:12,742 - root - INFO - validate loss: 0.6528
2025-10-02 10:14:12,742 - root - INFO - validate average_precision, 0.7449
2025-10-02 10:14:12,742 - root - INFO - validate roc_auc, 0.7793
2025-10-02 10:14:12,742 - root - INFO - new node validate loss: 0.6847
2025-10-02 10:14:12,742 - root - INFO - new node validate average_precision, 0.6723
2025-10-02 10:14:12,742 - root - INFO - new node validate roc_auc, 0.6723
2025-10-02 10:14:14,324 - root - INFO - test loss: 0.7847
2025-10-02 10:14:14,324 - root - INFO - test average_precision, 0.7014
2025-10-02 10:14:14,324 - root - INFO - best test average_precision: 0.7678
2025-10-02 10:14:14,324 - root - INFO - test roc_auc, 0.7499
2025-10-02 10:14:14,324 - root - INFO - new node test loss: 0.9647
2025-10-02 10:14:14,324 - root - INFO - new node test average_precision, 0.5972
2025-10-02 10:14:14,324 - root - INFO - new node test roc_auc, 0.6000
2025-10-02 10:14:22,753 - root - INFO - Epoch: 31, learning rate: 0.0001, train loss: 0.3784
2025-10-02 10:14:22,753 - root - INFO - train average_precision, 0.8995
2025-10-02 10:14:22,753 - root - INFO - train roc_auc, 0.9095
2025-10-02 10:14:22,753 - root - INFO - validate loss: 0.5654
2025-10-02 10:14:22,753 - root - INFO - validate average_precision, 0.7748
2025-10-02 10:14:22,753 - root - INFO - validate roc_auc, 0.7983
2025-10-02 10:14:22,753 - root - INFO - new node validate loss: 0.7201
2025-10-02 10:14:22,753 - root - INFO - new node validate average_precision, 0.6392
2025-10-02 10:14:22,753 - root - INFO - new node validate roc_auc, 0.6483
2025-10-02 10:14:24,326 - root - INFO - test loss: 0.6158
2025-10-02 10:14:24,326 - root - INFO - test average_precision, 0.7606
2025-10-02 10:14:24,326 - root - INFO - best test average_precision: 0.7678
2025-10-02 10:14:24,326 - root - INFO - test roc_auc, 0.7850
2025-10-02 10:14:24,326 - root - INFO - new node test loss: 0.7008
2025-10-02 10:14:24,326 - root - INFO - new node test average_precision, 0.6880
2025-10-02 10:14:24,326 - root - INFO - new node test roc_auc, 0.6905
2025-10-02 10:14:32,708 - root - INFO - Epoch: 32, learning rate: 0.0001, train loss: 0.3814
2025-10-02 10:14:32,708 - root - INFO - train average_precision, 0.8934
2025-10-02 10:14:32,708 - root - INFO - train roc_auc, 0.9069
2025-10-02 10:14:32,708 - root - INFO - validate loss: 0.5461
2025-10-02 10:14:32,708 - root - INFO - validate average_precision, 0.7925
2025-10-02 10:14:32,708 - root - INFO - validate roc_auc, 0.8204
2025-10-02 10:14:32,708 - root - INFO - new node validate loss: 0.7061
2025-10-02 10:14:32,709 - root - INFO - new node validate average_precision, 0.6764
2025-10-02 10:14:32,709 - root - INFO - new node validate roc_auc, 0.6846
2025-10-02 10:14:34,282 - root - INFO - test loss: 0.6457
2025-10-02 10:14:34,282 - root - INFO - test average_precision, 0.7472
2025-10-02 10:14:34,282 - root - INFO - best test average_precision: 0.7678
2025-10-02 10:14:34,283 - root - INFO - test roc_auc, 0.7851
2025-10-02 10:14:34,283 - root - INFO - new node test loss: 0.7533
2025-10-02 10:14:34,283 - root - INFO - new node test average_precision, 0.6848
2025-10-02 10:14:34,283 - root - INFO - new node test roc_auc, 0.6947
2025-10-02 10:14:42,705 - root - INFO - Epoch: 33, learning rate: 0.0001, train loss: 0.3917
2025-10-02 10:14:42,705 - root - INFO - train average_precision, 0.8919
2025-10-02 10:14:42,705 - root - INFO - train roc_auc, 0.9035
2025-10-02 10:14:42,705 - root - INFO - validate loss: 0.5509
2025-10-02 10:14:42,705 - root - INFO - validate average_precision, 0.7926
2025-10-02 10:14:42,705 - root - INFO - validate roc_auc, 0.8075
2025-10-02 10:14:42,705 - root - INFO - new node validate loss: 0.7129
2025-10-02 10:14:42,705 - root - INFO - new node validate average_precision, 0.7450
2025-10-02 10:14:42,706 - root - INFO - new node validate roc_auc, 0.7369
2025-10-02 10:14:44,281 - root - INFO - test loss: 0.5727
2025-10-02 10:14:44,281 - root - INFO - test average_precision, 0.7996
2025-10-02 10:14:44,282 - root - INFO - best test average_precision: 0.7996
2025-10-02 10:14:44,282 - root - INFO - test roc_auc, 0.8106
2025-10-02 10:14:44,282 - root - INFO - new node test loss: 0.6663
2025-10-02 10:14:44,282 - root - INFO - new node test average_precision, 0.7370
2025-10-02 10:14:44,282 - root - INFO - new node test roc_auc, 0.7301
2025-10-02 10:14:52,690 - root - INFO - Epoch: 34, learning rate: 0.0001, train loss: 0.3870
2025-10-02 10:14:52,690 - root - INFO - train average_precision, 0.8976
2025-10-02 10:14:52,690 - root - INFO - train roc_auc, 0.9067
2025-10-02 10:14:52,690 - root - INFO - validate loss: 0.5856
2025-10-02 10:14:52,690 - root - INFO - validate average_precision, 0.7354
2025-10-02 10:14:52,691 - root - INFO - validate roc_auc, 0.7626
2025-10-02 10:14:52,691 - root - INFO - new node validate loss: 0.7130
2025-10-02 10:14:52,691 - root - INFO - new node validate average_precision, 0.6644
2025-10-02 10:14:52,691 - root - INFO - new node validate roc_auc, 0.6660
2025-10-02 10:14:54,273 - root - INFO - test loss: 0.5579
2025-10-02 10:14:54,274 - root - INFO - test average_precision, 0.7498
2025-10-02 10:14:54,274 - root - INFO - best test average_precision: 0.7996
2025-10-02 10:14:54,274 - root - INFO - test roc_auc, 0.7655
2025-10-02 10:14:54,274 - root - INFO - new node test loss: 0.6179
2025-10-02 10:14:54,274 - root - INFO - new node test average_precision, 0.7452
2025-10-02 10:14:54,274 - root - INFO - new node test roc_auc, 0.7429
2025-10-02 10:15:02,702 - root - INFO - Epoch: 35, learning rate: 0.0001, train loss: 0.3707
2025-10-02 10:15:02,702 - root - INFO - train average_precision, 0.9021
2025-10-02 10:15:02,702 - root - INFO - train roc_auc, 0.9126
2025-10-02 10:15:02,702 - root - INFO - validate loss: 0.5424
2025-10-02 10:15:02,703 - root - INFO - validate average_precision, 0.8172
2025-10-02 10:15:02,703 - root - INFO - validate roc_auc, 0.8356
2025-10-02 10:15:02,703 - root - INFO - new node validate loss: 0.6822
2025-10-02 10:15:02,703 - root - INFO - new node validate average_precision, 0.7377
2025-10-02 10:15:02,703 - root - INFO - new node validate roc_auc, 0.7485
2025-10-02 10:15:04,272 - root - INFO - test loss: 0.6680
2025-10-02 10:15:04,272 - root - INFO - test average_precision, 0.7743
2025-10-02 10:15:04,272 - root - INFO - best test average_precision: 0.7996
2025-10-02 10:15:04,272 - root - INFO - test roc_auc, 0.8032
2025-10-02 10:15:04,272 - root - INFO - new node test loss: 0.6936
2025-10-02 10:15:04,272 - root - INFO - new node test average_precision, 0.7171
2025-10-02 10:15:04,272 - root - INFO - new node test roc_auc, 0.7351
2025-10-02 10:15:12,777 - root - INFO - Epoch: 36, learning rate: 0.0001, train loss: 0.3600
2025-10-02 10:15:12,777 - root - INFO - train average_precision, 0.9096
2025-10-02 10:15:12,777 - root - INFO - train roc_auc, 0.9172
2025-10-02 10:15:12,778 - root - INFO - validate loss: 0.5948
2025-10-02 10:15:12,778 - root - INFO - validate average_precision, 0.7011
2025-10-02 10:15:12,778 - root - INFO - validate roc_auc, 0.7362
2025-10-02 10:15:12,778 - root - INFO - new node validate loss: 0.7347
2025-10-02 10:15:12,778 - root - INFO - new node validate average_precision, 0.6463
2025-10-02 10:15:12,778 - root - INFO - new node validate roc_auc, 0.6581
2025-10-02 10:15:14,347 - root - INFO - test loss: 0.5597
2025-10-02 10:15:14,347 - root - INFO - test average_precision, 0.7455
2025-10-02 10:15:14,347 - root - INFO - best test average_precision: 0.7996
2025-10-02 10:15:14,347 - root - INFO - test roc_auc, 0.7728
2025-10-02 10:15:14,347 - root - INFO - new node test loss: 0.5863
2025-10-02 10:15:14,347 - root - INFO - new node test average_precision, 0.7614
2025-10-02 10:15:14,347 - root - INFO - new node test roc_auc, 0.7725
2025-10-02 10:15:22,768 - root - INFO - Epoch: 37, learning rate: 0.0001, train loss: 0.3672
2025-10-02 10:15:22,768 - root - INFO - train average_precision, 0.9025
2025-10-02 10:15:22,768 - root - INFO - train roc_auc, 0.9151
2025-10-02 10:15:22,768 - root - INFO - validate loss: 0.5211
2025-10-02 10:15:22,768 - root - INFO - validate average_precision, 0.8059
2025-10-02 10:15:22,769 - root - INFO - validate roc_auc, 0.8445
2025-10-02 10:15:22,769 - root - INFO - new node validate loss: 0.7421
2025-10-02 10:15:22,769 - root - INFO - new node validate average_precision, 0.7040
2025-10-02 10:15:22,769 - root - INFO - new node validate roc_auc, 0.7220
2025-10-02 10:15:24,339 - root - INFO - test loss: 0.6442
2025-10-02 10:15:24,339 - root - INFO - test average_precision, 0.7134
2025-10-02 10:15:24,339 - root - INFO - best test average_precision: 0.7996
2025-10-02 10:15:24,339 - root - INFO - test roc_auc, 0.7670
2025-10-02 10:15:24,339 - root - INFO - new node test loss: 0.7838
2025-10-02 10:15:24,339 - root - INFO - new node test average_precision, 0.7065
2025-10-02 10:15:24,339 - root - INFO - new node test roc_auc, 0.7022
2025-10-02 10:15:32,787 - root - INFO - Epoch: 38, learning rate: 0.0001, train loss: 0.3575
2025-10-02 10:15:32,787 - root - INFO - train average_precision, 0.9072
2025-10-02 10:15:32,787 - root - INFO - train roc_auc, 0.9189
2025-10-02 10:15:32,788 - root - INFO - validate loss: 0.6751
2025-10-02 10:15:32,788 - root - INFO - validate average_precision, 0.7240
2025-10-02 10:15:32,788 - root - INFO - validate roc_auc, 0.7572
2025-10-02 10:15:32,788 - root - INFO - new node validate loss: 0.7844
2025-10-02 10:15:32,788 - root - INFO - new node validate average_precision, 0.6723
2025-10-02 10:15:32,788 - root - INFO - new node validate roc_auc, 0.6798
2025-10-02 10:15:34,369 - root - INFO - test loss: 0.7509
2025-10-02 10:15:34,369 - root - INFO - test average_precision, 0.6850
2025-10-02 10:15:34,370 - root - INFO - best test average_precision: 0.7996
2025-10-02 10:15:34,370 - root - INFO - test roc_auc, 0.7222
2025-10-02 10:15:34,370 - root - INFO - new node test loss: 0.8915
2025-10-02 10:15:34,370 - root - INFO - new node test average_precision, 0.6965
2025-10-02 10:15:34,370 - root - INFO - new node test roc_auc, 0.6870
2025-10-02 10:15:42,802 - root - INFO - Epoch: 39, learning rate: 0.0001, train loss: 0.3667
2025-10-02 10:15:42,802 - root - INFO - train average_precision, 0.9051
2025-10-02 10:15:42,802 - root - INFO - train roc_auc, 0.9150
2025-10-02 10:15:42,802 - root - INFO - validate loss: 0.6455
2025-10-02 10:15:42,802 - root - INFO - validate average_precision, 0.7873
2025-10-02 10:15:42,802 - root - INFO - validate roc_auc, 0.8139
2025-10-02 10:15:42,802 - root - INFO - new node validate loss: 0.6875
2025-10-02 10:15:42,802 - root - INFO - new node validate average_precision, 0.7483
2025-10-02 10:15:42,802 - root - INFO - new node validate roc_auc, 0.7403
2025-10-02 10:15:44,378 - root - INFO - test loss: 0.7469
2025-10-02 10:15:44,378 - root - INFO - test average_precision, 0.7517
2025-10-02 10:15:44,378 - root - INFO - best test average_precision: 0.7996
2025-10-02 10:15:44,378 - root - INFO - test roc_auc, 0.7863
2025-10-02 10:15:44,378 - root - INFO - new node test loss: 0.8969
2025-10-02 10:15:44,378 - root - INFO - new node test average_precision, 0.6257
2025-10-02 10:15:44,378 - root - INFO - new node test roc_auc, 0.6333
2025-10-02 10:15:52,777 - root - INFO - Epoch: 40, learning rate: 0.0001, train loss: 0.3803
2025-10-02 10:15:52,777 - root - INFO - train average_precision, 0.8974
2025-10-02 10:15:52,777 - root - INFO - train roc_auc, 0.9098
2025-10-02 10:15:52,777 - root - INFO - validate loss: 0.5930
2025-10-02 10:15:52,777 - root - INFO - validate average_precision, 0.7870
2025-10-02 10:15:52,777 - root - INFO - validate roc_auc, 0.8145
2025-10-02 10:15:52,777 - root - INFO - new node validate loss: 0.7056
2025-10-02 10:15:52,777 - root - INFO - new node validate average_precision, 0.7348
2025-10-02 10:15:52,777 - root - INFO - new node validate roc_auc, 0.7295
2025-10-02 10:15:54,349 - root - INFO - test loss: 0.7185
2025-10-02 10:15:54,349 - root - INFO - test average_precision, 0.7436
2025-10-02 10:15:54,349 - root - INFO - best test average_precision: 0.7996
2025-10-02 10:15:54,349 - root - INFO - test roc_auc, 0.7820
2025-10-02 10:15:54,349 - root - INFO - new node test loss: 0.8428
2025-10-02 10:15:54,349 - root - INFO - new node test average_precision, 0.6649
2025-10-02 10:15:54,349 - root - INFO - new node test roc_auc, 0.6725
2025-10-02 10:16:02,761 - root - INFO - Epoch: 41, learning rate: 0.0001, train loss: 0.3540
2025-10-02 10:16:02,761 - root - INFO - train average_precision, 0.9096
2025-10-02 10:16:02,762 - root - INFO - train roc_auc, 0.9196
2025-10-02 10:16:02,762 - root - INFO - validate loss: 0.5077
2025-10-02 10:16:02,762 - root - INFO - validate average_precision, 0.8348
2025-10-02 10:16:02,762 - root - INFO - validate roc_auc, 0.8425
2025-10-02 10:16:02,762 - root - INFO - new node validate loss: 0.6645
2025-10-02 10:16:02,762 - root - INFO - new node validate average_precision, 0.7509
2025-10-02 10:16:02,762 - root - INFO - new node validate roc_auc, 0.7555
2025-10-02 10:16:04,341 - root - INFO - test loss: 0.5299
2025-10-02 10:16:04,341 - root - INFO - test average_precision, 0.8162
2025-10-02 10:16:04,341 - root - INFO - best test average_precision: 0.8162
2025-10-02 10:16:04,341 - root - INFO - test roc_auc, 0.8250
2025-10-02 10:16:04,341 - root - INFO - new node test loss: 0.5916
2025-10-02 10:16:04,341 - root - INFO - new node test average_precision, 0.7769
2025-10-02 10:16:04,341 - root - INFO - new node test roc_auc, 0.7821
2025-10-02 10:16:12,866 - root - INFO - Epoch: 42, learning rate: 0.0001, train loss: 0.3433
2025-10-02 10:16:12,866 - root - INFO - train average_precision, 0.9131
2025-10-02 10:16:12,867 - root - INFO - train roc_auc, 0.9234
2025-10-02 10:16:12,867 - root - INFO - validate loss: 0.5092
2025-10-02 10:16:12,867 - root - INFO - validate average_precision, 0.8407
2025-10-02 10:16:12,867 - root - INFO - validate roc_auc, 0.8506
2025-10-02 10:16:12,867 - root - INFO - new node validate loss: 0.8241
2025-10-02 10:16:12,867 - root - INFO - new node validate average_precision, 0.7191
2025-10-02 10:16:12,867 - root - INFO - new node validate roc_auc, 0.7157
2025-10-02 10:16:14,447 - root - INFO - test loss: 0.6113
2025-10-02 10:16:14,447 - root - INFO - test average_precision, 0.8120
2025-10-02 10:16:14,447 - root - INFO - best test average_precision: 0.8162
2025-10-02 10:16:14,447 - root - INFO - test roc_auc, 0.8320
2025-10-02 10:16:14,447 - root - INFO - new node test loss: 0.6762
2025-10-02 10:16:14,447 - root - INFO - new node test average_precision, 0.7398
2025-10-02 10:16:14,448 - root - INFO - new node test roc_auc, 0.7444
2025-10-02 10:16:14,448 - root - INFO - save model ./saved_models/DyRep/enron/DyRep_lete_seed0/DyRep_lete_seed0.pkl
2025-10-02 10:16:22,958 - root - INFO - Epoch: 43, learning rate: 0.0001, train loss: 0.3791
2025-10-02 10:16:22,959 - root - INFO - train average_precision, 0.8966
2025-10-02 10:16:22,959 - root - INFO - train roc_auc, 0.9085
2025-10-02 10:16:22,959 - root - INFO - validate loss: 0.4875
2025-10-02 10:16:22,959 - root - INFO - validate average_precision, 0.8286
2025-10-02 10:16:22,959 - root - INFO - validate roc_auc, 0.8508
2025-10-02 10:16:22,959 - root - INFO - new node validate loss: 0.7029
2025-10-02 10:16:22,959 - root - INFO - new node validate average_precision, 0.7443
2025-10-02 10:16:22,959 - root - INFO - new node validate roc_auc, 0.7370
2025-10-02 10:16:24,530 - root - INFO - test loss: 0.5216
2025-10-02 10:16:24,530 - root - INFO - test average_precision, 0.7770
2025-10-02 10:16:24,530 - root - INFO - best test average_precision: 0.8162
2025-10-02 10:16:24,530 - root - INFO - test roc_auc, 0.8139
2025-10-02 10:16:24,530 - root - INFO - new node test loss: 0.6320
2025-10-02 10:16:24,530 - root - INFO - new node test average_precision, 0.7053
2025-10-02 10:16:24,530 - root - INFO - new node test roc_auc, 0.7195
2025-10-02 10:16:32,918 - root - INFO - Epoch: 44, learning rate: 0.0001, train loss: 0.3390
2025-10-02 10:16:32,918 - root - INFO - train average_precision, 0.9158
2025-10-02 10:16:32,918 - root - INFO - train roc_auc, 0.9264
2025-10-02 10:16:32,918 - root - INFO - validate loss: 0.7236
2025-10-02 10:16:32,918 - root - INFO - validate average_precision, 0.7418
2025-10-02 10:16:32,918 - root - INFO - validate roc_auc, 0.7759
2025-10-02 10:16:32,918 - root - INFO - new node validate loss: 0.7498
2025-10-02 10:16:32,918 - root - INFO - new node validate average_precision, 0.7276
2025-10-02 10:16:32,918 - root - INFO - new node validate roc_auc, 0.7279
2025-10-02 10:16:34,494 - root - INFO - test loss: 0.8108
2025-10-02 10:16:34,494 - root - INFO - test average_precision, 0.7036
2025-10-02 10:16:34,494 - root - INFO - best test average_precision: 0.8162
2025-10-02 10:16:34,494 - root - INFO - test roc_auc, 0.7373
2025-10-02 10:16:34,494 - root - INFO - new node test loss: 0.9659
2025-10-02 10:16:34,494 - root - INFO - new node test average_precision, 0.6554
2025-10-02 10:16:34,494 - root - INFO - new node test roc_auc, 0.6514
2025-10-02 10:16:42,911 - root - INFO - Epoch: 45, learning rate: 0.0001, train loss: 0.3653
2025-10-02 10:16:42,911 - root - INFO - train average_precision, 0.9004
2025-10-02 10:16:42,911 - root - INFO - train roc_auc, 0.9135
2025-10-02 10:16:42,912 - root - INFO - validate loss: 0.5176
2025-10-02 10:16:42,912 - root - INFO - validate average_precision, 0.8328
2025-10-02 10:16:42,912 - root - INFO - validate roc_auc, 0.8501
2025-10-02 10:16:42,912 - root - INFO - new node validate loss: 0.6950
2025-10-02 10:16:42,912 - root - INFO - new node validate average_precision, 0.7591
2025-10-02 10:16:42,912 - root - INFO - new node validate roc_auc, 0.7559
2025-10-02 10:16:44,484 - root - INFO - test loss: 0.5843
2025-10-02 10:16:44,485 - root - INFO - test average_precision, 0.8157
2025-10-02 10:16:44,485 - root - INFO - best test average_precision: 0.8162
2025-10-02 10:16:44,485 - root - INFO - test roc_auc, 0.8421
2025-10-02 10:16:44,485 - root - INFO - new node test loss: 0.6477
2025-10-02 10:16:44,485 - root - INFO - new node test average_precision, 0.7326
2025-10-02 10:16:44,485 - root - INFO - new node test roc_auc, 0.7474
2025-10-02 10:16:52,896 - root - INFO - Epoch: 46, learning rate: 0.0001, train loss: 0.3419
2025-10-02 10:16:52,896 - root - INFO - train average_precision, 0.9140
2025-10-02 10:16:52,896 - root - INFO - train roc_auc, 0.9250
2025-10-02 10:16:52,896 - root - INFO - validate loss: 0.5810
2025-10-02 10:16:52,896 - root - INFO - validate average_precision, 0.8072
2025-10-02 10:16:52,896 - root - INFO - validate roc_auc, 0.8237
2025-10-02 10:16:52,896 - root - INFO - new node validate loss: 0.7495
2025-10-02 10:16:52,896 - root - INFO - new node validate average_precision, 0.7127
2025-10-02 10:16:52,896 - root - INFO - new node validate roc_auc, 0.7205
2025-10-02 10:16:54,473 - root - INFO - test loss: 0.6306
2025-10-02 10:16:54,473 - root - INFO - test average_precision, 0.7955
2025-10-02 10:16:54,473 - root - INFO - best test average_precision: 0.8162
2025-10-02 10:16:54,474 - root - INFO - test roc_auc, 0.8150
2025-10-02 10:16:54,474 - root - INFO - new node test loss: 0.7316
2025-10-02 10:16:54,474 - root - INFO - new node test average_precision, 0.7109
2025-10-02 10:16:54,474 - root - INFO - new node test roc_auc, 0.7205
2025-10-02 10:17:02,882 - root - INFO - Epoch: 47, learning rate: 0.0001, train loss: 0.3615
2025-10-02 10:17:02,882 - root - INFO - train average_precision, 0.9047
2025-10-02 10:17:02,882 - root - INFO - train roc_auc, 0.9162
2025-10-02 10:17:02,882 - root - INFO - validate loss: 0.6629
2025-10-02 10:17:02,882 - root - INFO - validate average_precision, 0.7759
2025-10-02 10:17:02,882 - root - INFO - validate roc_auc, 0.8085
2025-10-02 10:17:02,882 - root - INFO - new node validate loss: 0.7167
2025-10-02 10:17:02,883 - root - INFO - new node validate average_precision, 0.7579
2025-10-02 10:17:02,883 - root - INFO - new node validate roc_auc, 0.7507
2025-10-02 10:17:04,593 - root - INFO - test loss: 0.7687
2025-10-02 10:17:04,593 - root - INFO - test average_precision, 0.7364
2025-10-02 10:17:04,593 - root - INFO - best test average_precision: 0.8162
2025-10-02 10:17:04,594 - root - INFO - test roc_auc, 0.7696
2025-10-02 10:17:04,594 - root - INFO - new node test loss: 0.8740
2025-10-02 10:17:04,594 - root - INFO - new node test average_precision, 0.7011
2025-10-02 10:17:04,594 - root - INFO - new node test roc_auc, 0.7175
2025-10-02 10:17:12,995 - root - INFO - Epoch: 48, learning rate: 0.0001, train loss: 0.3430
2025-10-02 10:17:12,995 - root - INFO - train average_precision, 0.9150
2025-10-02 10:17:12,995 - root - INFO - train roc_auc, 0.9261
2025-10-02 10:17:12,995 - root - INFO - validate loss: 0.5914
2025-10-02 10:17:12,995 - root - INFO - validate average_precision, 0.7424
2025-10-02 10:17:12,995 - root - INFO - validate roc_auc, 0.7816
2025-10-02 10:17:12,995 - root - INFO - new node validate loss: 0.7366
2025-10-02 10:17:12,995 - root - INFO - new node validate average_precision, 0.7030
2025-10-02 10:17:12,995 - root - INFO - new node validate roc_auc, 0.7114
2025-10-02 10:17:14,571 - root - INFO - test loss: 0.7039
2025-10-02 10:17:14,571 - root - INFO - test average_precision, 0.6821
2025-10-02 10:17:14,571 - root - INFO - best test average_precision: 0.8162
2025-10-02 10:17:14,571 - root - INFO - test roc_auc, 0.7212
2025-10-02 10:17:14,571 - root - INFO - new node test loss: 0.8489
2025-10-02 10:17:14,571 - root - INFO - new node test average_precision, 0.6750
2025-10-02 10:17:14,571 - root - INFO - new node test roc_auc, 0.6826
2025-10-02 10:17:22,992 - root - INFO - Epoch: 49, learning rate: 0.0001, train loss: 0.3622
2025-10-02 10:17:22,992 - root - INFO - train average_precision, 0.9076
2025-10-02 10:17:22,992 - root - INFO - train roc_auc, 0.9178
2025-10-02 10:17:22,992 - root - INFO - validate loss: 0.5814
2025-10-02 10:17:22,992 - root - INFO - validate average_precision, 0.7556
2025-10-02 10:17:22,992 - root - INFO - validate roc_auc, 0.7822
2025-10-02 10:17:22,992 - root - INFO - new node validate loss: 0.7048
2025-10-02 10:17:22,992 - root - INFO - new node validate average_precision, 0.7128
2025-10-02 10:17:22,992 - root - INFO - new node validate roc_auc, 0.7163
2025-10-02 10:17:24,559 - root - INFO - test loss: 0.6197
2025-10-02 10:17:24,559 - root - INFO - test average_precision, 0.7181
2025-10-02 10:17:24,559 - root - INFO - best test average_precision: 0.8162
2025-10-02 10:17:24,560 - root - INFO - test roc_auc, 0.7520
2025-10-02 10:17:24,560 - root - INFO - new node test loss: 0.7025
2025-10-02 10:17:24,560 - root - INFO - new node test average_precision, 0.7123
2025-10-02 10:17:24,560 - root - INFO - new node test roc_auc, 0.7124
2025-10-02 10:17:32,953 - root - INFO - Epoch: 50, learning rate: 0.0001, train loss: 0.3450
2025-10-02 10:17:32,954 - root - INFO - train average_precision, 0.9121
2025-10-02 10:17:32,954 - root - INFO - train roc_auc, 0.9239
2025-10-02 10:17:32,954 - root - INFO - validate loss: 0.5881
2025-10-02 10:17:32,954 - root - INFO - validate average_precision, 0.7531
2025-10-02 10:17:32,954 - root - INFO - validate roc_auc, 0.7923
2025-10-02 10:17:32,954 - root - INFO - new node validate loss: 0.7862
2025-10-02 10:17:32,954 - root - INFO - new node validate average_precision, 0.6991
2025-10-02 10:17:32,954 - root - INFO - new node validate roc_auc, 0.7153
2025-10-02 10:17:34,527 - root - INFO - test loss: 0.6198
2025-10-02 10:17:34,527 - root - INFO - test average_precision, 0.7319
2025-10-02 10:17:34,527 - root - INFO - best test average_precision: 0.8162
2025-10-02 10:17:34,527 - root - INFO - test roc_auc, 0.7809
2025-10-02 10:17:34,527 - root - INFO - new node test loss: 0.9628
2025-10-02 10:17:34,527 - root - INFO - new node test average_precision, 0.6763
2025-10-02 10:17:34,527 - root - INFO - new node test roc_auc, 0.6844
2025-10-02 10:17:42,910 - root - INFO - Epoch: 51, learning rate: 0.0001, train loss: 0.3447
2025-10-02 10:17:42,910 - root - INFO - train average_precision, 0.9124
2025-10-02 10:17:42,910 - root - INFO - train roc_auc, 0.9243
2025-10-02 10:17:42,910 - root - INFO - validate loss: 0.6318
2025-10-02 10:17:42,910 - root - INFO - validate average_precision, 0.7728
2025-10-02 10:17:42,910 - root - INFO - validate roc_auc, 0.8107
2025-10-02 10:17:42,910 - root - INFO - new node validate loss: 0.7269
2025-10-02 10:17:42,911 - root - INFO - new node validate average_precision, 0.7301
2025-10-02 10:17:42,911 - root - INFO - new node validate roc_auc, 0.7361
2025-10-02 10:17:44,489 - root - INFO - test loss: 0.8421
2025-10-02 10:17:44,489 - root - INFO - test average_precision, 0.7089
2025-10-02 10:17:44,489 - root - INFO - best test average_precision: 0.8162
2025-10-02 10:17:44,489 - root - INFO - test roc_auc, 0.7521
2025-10-02 10:17:44,489 - root - INFO - new node test loss: 1.0326
2025-10-02 10:17:44,489 - root - INFO - new node test average_precision, 0.6505
2025-10-02 10:17:44,489 - root - INFO - new node test roc_auc, 0.6498
2025-10-02 10:17:52,885 - root - INFO - Epoch: 52, learning rate: 0.0001, train loss: 0.3307
2025-10-02 10:17:52,885 - root - INFO - train average_precision, 0.9192
2025-10-02 10:17:52,885 - root - INFO - train roc_auc, 0.9295
2025-10-02 10:17:52,885 - root - INFO - validate loss: 0.4820
2025-10-02 10:17:52,885 - root - INFO - validate average_precision, 0.8379
2025-10-02 10:17:52,886 - root - INFO - validate roc_auc, 0.8557
2025-10-02 10:17:52,886 - root - INFO - new node validate loss: 0.6980
2025-10-02 10:17:52,886 - root - INFO - new node validate average_precision, 0.7387
2025-10-02 10:17:52,886 - root - INFO - new node validate roc_auc, 0.7350
2025-10-02 10:17:54,467 - root - INFO - test loss: 0.5136
2025-10-02 10:17:54,467 - root - INFO - test average_precision, 0.8140
2025-10-02 10:17:54,467 - root - INFO - best test average_precision: 0.8162
2025-10-02 10:17:54,467 - root - INFO - test roc_auc, 0.8354
2025-10-02 10:17:54,467 - root - INFO - new node test loss: 0.5779
2025-10-02 10:17:54,467 - root - INFO - new node test average_precision, 0.7824
2025-10-02 10:17:54,467 - root - INFO - new node test roc_auc, 0.7978
2025-10-02 10:18:02,851 - root - INFO - Epoch: 53, learning rate: 0.0001, train loss: 0.3474
2025-10-02 10:18:02,851 - root - INFO - train average_precision, 0.9122
2025-10-02 10:18:02,851 - root - INFO - train roc_auc, 0.9236
2025-10-02 10:18:02,851 - root - INFO - validate loss: 0.5667
2025-10-02 10:18:02,851 - root - INFO - validate average_precision, 0.7840
2025-10-02 10:18:02,851 - root - INFO - validate roc_auc, 0.8176
2025-10-02 10:18:02,851 - root - INFO - new node validate loss: 0.7058
2025-10-02 10:18:02,851 - root - INFO - new node validate average_precision, 0.7565
2025-10-02 10:18:02,851 - root - INFO - new node validate roc_auc, 0.7550
2025-10-02 10:18:04,420 - root - INFO - test loss: 0.7310
2025-10-02 10:18:04,420 - root - INFO - test average_precision, 0.7437
2025-10-02 10:18:04,420 - root - INFO - best test average_precision: 0.8162
2025-10-02 10:18:04,420 - root - INFO - test roc_auc, 0.7814
2025-10-02 10:18:04,420 - root - INFO - new node test loss: 0.8912
2025-10-02 10:18:04,420 - root - INFO - new node test average_precision, 0.6603
2025-10-02 10:18:04,420 - root - INFO - new node test roc_auc, 0.6697
2025-10-02 10:18:12,768 - root - INFO - Epoch: 54, learning rate: 0.0001, train loss: 0.3306
2025-10-02 10:18:12,768 - root - INFO - train average_precision, 0.9213
2025-10-02 10:18:12,769 - root - INFO - train roc_auc, 0.9306
2025-10-02 10:18:12,769 - root - INFO - validate loss: 0.7381
2025-10-02 10:18:12,769 - root - INFO - validate average_precision, 0.7986
2025-10-02 10:18:12,769 - root - INFO - validate roc_auc, 0.8289
2025-10-02 10:18:12,769 - root - INFO - new node validate loss: 0.6992
2025-10-02 10:18:12,769 - root - INFO - new node validate average_precision, 0.7624
2025-10-02 10:18:12,769 - root - INFO - new node validate roc_auc, 0.7641
2025-10-02 10:18:14,480 - root - INFO - test loss: 0.9143
2025-10-02 10:18:14,480 - root - INFO - test average_precision, 0.7537
2025-10-02 10:18:14,480 - root - INFO - best test average_precision: 0.8162
2025-10-02 10:18:14,480 - root - INFO - test roc_auc, 0.7941
2025-10-02 10:18:14,480 - root - INFO - new node test loss: 1.1142
2025-10-02 10:18:14,480 - root - INFO - new node test average_precision, 0.6956
2025-10-02 10:18:14,480 - root - INFO - new node test roc_auc, 0.7159
2025-10-02 10:18:22,891 - root - INFO - Epoch: 55, learning rate: 0.0001, train loss: 0.3337
2025-10-02 10:18:22,892 - root - INFO - train average_precision, 0.9164
2025-10-02 10:18:22,892 - root - INFO - train roc_auc, 0.9270
2025-10-02 10:18:22,892 - root - INFO - validate loss: 0.4753
2025-10-02 10:18:22,892 - root - INFO - validate average_precision, 0.8467
2025-10-02 10:18:22,892 - root - INFO - validate roc_auc, 0.8612
2025-10-02 10:18:22,892 - root - INFO - new node validate loss: 0.6673
2025-10-02 10:18:22,892 - root - INFO - new node validate average_precision, 0.7565
2025-10-02 10:18:22,892 - root - INFO - new node validate roc_auc, 0.7511
2025-10-02 10:18:24,477 - root - INFO - test loss: 0.5011
2025-10-02 10:18:24,477 - root - INFO - test average_precision, 0.8400
2025-10-02 10:18:24,477 - root - INFO - best test average_precision: 0.8400
2025-10-02 10:18:24,477 - root - INFO - test roc_auc, 0.8524
2025-10-02 10:18:24,477 - root - INFO - new node test loss: 0.5563
2025-10-02 10:18:24,477 - root - INFO - new node test average_precision, 0.8120
2025-10-02 10:18:24,477 - root - INFO - new node test roc_auc, 0.8091
2025-10-02 10:18:24,477 - root - INFO - save model ./saved_models/DyRep/enron/DyRep_lete_seed0/DyRep_lete_seed0.pkl
2025-10-02 10:18:32,956 - root - INFO - Epoch: 56, learning rate: 0.0001, train loss: 0.3368
2025-10-02 10:18:32,957 - root - INFO - train average_precision, 0.9147
2025-10-02 10:18:32,957 - root - INFO - train roc_auc, 0.9262
2025-10-02 10:18:32,957 - root - INFO - validate loss: 0.8025
2025-10-02 10:18:32,957 - root - INFO - validate average_precision, 0.7655
2025-10-02 10:18:32,957 - root - INFO - validate roc_auc, 0.8023
2025-10-02 10:18:32,957 - root - INFO - new node validate loss: 0.8259
2025-10-02 10:18:32,957 - root - INFO - new node validate average_precision, 0.7380
2025-10-02 10:18:32,957 - root - INFO - new node validate roc_auc, 0.7436
2025-10-02 10:18:34,528 - root - INFO - test loss: 0.9334
2025-10-02 10:18:34,528 - root - INFO - test average_precision, 0.7468
2025-10-02 10:18:34,528 - root - INFO - best test average_precision: 0.8400
2025-10-02 10:18:34,528 - root - INFO - test roc_auc, 0.7867
2025-10-02 10:18:34,528 - root - INFO - new node test loss: 1.1651
2025-10-02 10:18:34,528 - root - INFO - new node test average_precision, 0.7083
2025-10-02 10:18:34,528 - root - INFO - new node test roc_auc, 0.7138
2025-10-02 10:18:42,871 - root - INFO - Epoch: 57, learning rate: 0.0001, train loss: 0.3451
2025-10-02 10:18:42,871 - root - INFO - train average_precision, 0.9144
2025-10-02 10:18:42,871 - root - INFO - train roc_auc, 0.9231
2025-10-02 10:18:42,871 - root - INFO - validate loss: 0.7434
2025-10-02 10:18:42,871 - root - INFO - validate average_precision, 0.7573
2025-10-02 10:18:42,871 - root - INFO - validate roc_auc, 0.7871
2025-10-02 10:18:42,871 - root - INFO - new node validate loss: 0.7067
2025-10-02 10:18:42,871 - root - INFO - new node validate average_precision, 0.7530
2025-10-02 10:18:42,872 - root - INFO - new node validate roc_auc, 0.7513
2025-10-02 10:18:44,443 - root - INFO - test loss: 0.9039
2025-10-02 10:18:44,443 - root - INFO - test average_precision, 0.7262
2025-10-02 10:18:44,444 - root - INFO - best test average_precision: 0.8400
2025-10-02 10:18:44,444 - root - INFO - test roc_auc, 0.7665
2025-10-02 10:18:44,444 - root - INFO - new node test loss: 1.0737
2025-10-02 10:18:44,444 - root - INFO - new node test average_precision, 0.6417
2025-10-02 10:18:44,444 - root - INFO - new node test roc_auc, 0.6439
2025-10-02 10:18:52,845 - root - INFO - Epoch: 58, learning rate: 0.0001, train loss: 0.3243
2025-10-02 10:18:52,846 - root - INFO - train average_precision, 0.9224
2025-10-02 10:18:52,846 - root - INFO - train roc_auc, 0.9321
2025-10-02 10:18:52,846 - root - INFO - validate loss: 0.5177
2025-10-02 10:18:52,846 - root - INFO - validate average_precision, 0.8367
2025-10-02 10:18:52,846 - root - INFO - validate roc_auc, 0.8563
2025-10-02 10:18:52,846 - root - INFO - new node validate loss: 0.6892
2025-10-02 10:18:52,846 - root - INFO - new node validate average_precision, 0.7376
2025-10-02 10:18:52,846 - root - INFO - new node validate roc_auc, 0.7377
2025-10-02 10:18:54,429 - root - INFO - test loss: 0.5064
2025-10-02 10:18:54,429 - root - INFO - test average_precision, 0.8419
2025-10-02 10:18:54,429 - root - INFO - best test average_precision: 0.8419
2025-10-02 10:18:54,429 - root - INFO - test roc_auc, 0.8591
2025-10-02 10:18:54,429 - root - INFO - new node test loss: 0.6164
2025-10-02 10:18:54,429 - root - INFO - new node test average_precision, 0.7742
2025-10-02 10:18:54,430 - root - INFO - new node test roc_auc, 0.7889
2025-10-02 10:19:02,814 - root - INFO - Epoch: 59, learning rate: 0.0001, train loss: 0.3266
2025-10-02 10:19:02,815 - root - INFO - train average_precision, 0.9193
2025-10-02 10:19:02,815 - root - INFO - train roc_auc, 0.9305
2025-10-02 10:19:02,815 - root - INFO - validate loss: 0.4699
2025-10-02 10:19:02,815 - root - INFO - validate average_precision, 0.8421
2025-10-02 10:19:02,815 - root - INFO - validate roc_auc, 0.8580
2025-10-02 10:19:02,815 - root - INFO - new node validate loss: 0.6468
2025-10-02 10:19:02,815 - root - INFO - new node validate average_precision, 0.7617
2025-10-02 10:19:02,815 - root - INFO - new node validate roc_auc, 0.7595
2025-10-02 10:19:04,392 - root - INFO - test loss: 0.4772
2025-10-02 10:19:04,392 - root - INFO - test average_precision, 0.8338
2025-10-02 10:19:04,393 - root - INFO - best test average_precision: 0.8419
2025-10-02 10:19:04,393 - root - INFO - test roc_auc, 0.8582
2025-10-02 10:19:04,393 - root - INFO - new node test loss: 0.5893
2025-10-02 10:19:04,393 - root - INFO - new node test average_precision, 0.7760
2025-10-02 10:19:04,393 - root - INFO - new node test roc_auc, 0.7868
2025-10-02 10:19:12,956 - root - INFO - Epoch: 60, learning rate: 0.0001, train loss: 0.3233
2025-10-02 10:19:12,956 - root - INFO - train average_precision, 0.9202
2025-10-02 10:19:12,956 - root - INFO - train roc_auc, 0.9315
2025-10-02 10:19:12,956 - root - INFO - validate loss: 0.4895
2025-10-02 10:19:12,957 - root - INFO - validate average_precision, 0.8454
2025-10-02 10:19:12,957 - root - INFO - validate roc_auc, 0.8522
2025-10-02 10:19:12,957 - root - INFO - new node validate loss: 0.6480
2025-10-02 10:19:12,957 - root - INFO - new node validate average_precision, 0.7651
2025-10-02 10:19:12,957 - root - INFO - new node validate roc_auc, 0.7612
2025-10-02 10:19:14,544 - root - INFO - test loss: 0.6801
2025-10-02 10:19:14,544 - root - INFO - test average_precision, 0.7863
2025-10-02 10:19:14,544 - root - INFO - best test average_precision: 0.8419
2025-10-02 10:19:14,544 - root - INFO - test roc_auc, 0.8110
2025-10-02 10:19:14,544 - root - INFO - new node test loss: 0.7121
2025-10-02 10:19:14,544 - root - INFO - new node test average_precision, 0.7054
2025-10-02 10:19:14,544 - root - INFO - new node test roc_auc, 0.7239
2025-10-02 10:19:22,973 - root - INFO - Epoch: 61, learning rate: 0.0001, train loss: 0.3394
2025-10-02 10:19:22,973 - root - INFO - train average_precision, 0.9140
2025-10-02 10:19:22,973 - root - INFO - train roc_auc, 0.9242
2025-10-02 10:19:22,973 - root - INFO - validate loss: 0.4970
2025-10-02 10:19:22,973 - root - INFO - validate average_precision, 0.8272
2025-10-02 10:19:22,974 - root - INFO - validate roc_auc, 0.8434
2025-10-02 10:19:22,974 - root - INFO - new node validate loss: 0.7113
2025-10-02 10:19:22,974 - root - INFO - new node validate average_precision, 0.7428
2025-10-02 10:19:22,974 - root - INFO - new node validate roc_auc, 0.7380
2025-10-02 10:19:24,544 - root - INFO - test loss: 0.5876
2025-10-02 10:19:24,544 - root - INFO - test average_precision, 0.7882
2025-10-02 10:19:24,544 - root - INFO - best test average_precision: 0.8419
2025-10-02 10:19:24,544 - root - INFO - test roc_auc, 0.8130
2025-10-02 10:19:24,544 - root - INFO - new node test loss: 0.6822
2025-10-02 10:19:24,544 - root - INFO - new node test average_precision, 0.7214
2025-10-02 10:19:24,544 - root - INFO - new node test roc_auc, 0.7292
2025-10-02 10:19:32,903 - root - INFO - Epoch: 62, learning rate: 0.0001, train loss: 0.3377
2025-10-02 10:19:32,903 - root - INFO - train average_precision, 0.9171
2025-10-02 10:19:32,903 - root - INFO - train roc_auc, 0.9259
2025-10-02 10:19:32,903 - root - INFO - validate loss: 0.6611
2025-10-02 10:19:32,903 - root - INFO - validate average_precision, 0.7704
2025-10-02 10:19:32,903 - root - INFO - validate roc_auc, 0.7975
2025-10-02 10:19:32,903 - root - INFO - new node validate loss: 0.6554
2025-10-02 10:19:32,904 - root - INFO - new node validate average_precision, 0.7347
2025-10-02 10:19:32,904 - root - INFO - new node validate roc_auc, 0.7395
2025-10-02 10:19:34,482 - root - INFO - test loss: 0.7630
2025-10-02 10:19:34,482 - root - INFO - test average_precision, 0.7360
2025-10-02 10:19:34,482 - root - INFO - best test average_precision: 0.8419
2025-10-02 10:19:34,482 - root - INFO - test roc_auc, 0.7757
2025-10-02 10:19:34,482 - root - INFO - new node test loss: 0.9064
2025-10-02 10:19:34,482 - root - INFO - new node test average_precision, 0.6355
2025-10-02 10:19:34,482 - root - INFO - new node test roc_auc, 0.6353
2025-10-02 10:19:42,915 - root - INFO - Epoch: 63, learning rate: 0.0001, train loss: 0.3454
2025-10-02 10:19:42,915 - root - INFO - train average_precision, 0.9139
2025-10-02 10:19:42,915 - root - INFO - train roc_auc, 0.9239
2025-10-02 10:19:42,915 - root - INFO - validate loss: 0.5730
2025-10-02 10:19:42,915 - root - INFO - validate average_precision, 0.7972
2025-10-02 10:19:42,915 - root - INFO - validate roc_auc, 0.8166
2025-10-02 10:19:42,915 - root - INFO - new node validate loss: 0.7115
2025-10-02 10:19:42,915 - root - INFO - new node validate average_precision, 0.7328
2025-10-02 10:19:42,915 - root - INFO - new node validate roc_auc, 0.7372
2025-10-02 10:19:44,488 - root - INFO - test loss: 0.6747
2025-10-02 10:19:44,488 - root - INFO - test average_precision, 0.7404
2025-10-02 10:19:44,488 - root - INFO - best test average_precision: 0.8419
2025-10-02 10:19:44,488 - root - INFO - test roc_auc, 0.7692
2025-10-02 10:19:44,488 - root - INFO - new node test loss: 0.8196
2025-10-02 10:19:44,488 - root - INFO - new node test average_precision, 0.6931
2025-10-02 10:19:44,488 - root - INFO - new node test roc_auc, 0.7048
2025-10-02 10:19:52,888 - root - INFO - Epoch: 64, learning rate: 0.0001, train loss: 0.3442
2025-10-02 10:19:52,888 - root - INFO - train average_precision, 0.9129
2025-10-02 10:19:52,888 - root - INFO - train roc_auc, 0.9248
2025-10-02 10:19:52,888 - root - INFO - validate loss: 0.4867
2025-10-02 10:19:52,888 - root - INFO - validate average_precision, 0.8253
2025-10-02 10:19:52,888 - root - INFO - validate roc_auc, 0.8434
2025-10-02 10:19:52,888 - root - INFO - new node validate loss: 0.6674
2025-10-02 10:19:52,889 - root - INFO - new node validate average_precision, 0.7660
2025-10-02 10:19:52,889 - root - INFO - new node validate roc_auc, 0.7652
2025-10-02 10:19:54,460 - root - INFO - test loss: 0.4610
2025-10-02 10:19:54,460 - root - INFO - test average_precision, 0.8394
2025-10-02 10:19:54,460 - root - INFO - best test average_precision: 0.8419
2025-10-02 10:19:54,460 - root - INFO - test roc_auc, 0.8616
2025-10-02 10:19:54,460 - root - INFO - new node test loss: 0.5924
2025-10-02 10:19:54,460 - root - INFO - new node test average_precision, 0.7785
2025-10-02 10:19:54,460 - root - INFO - new node test roc_auc, 0.7941
2025-10-02 10:20:02,943 - root - INFO - Epoch: 65, learning rate: 0.0001, train loss: 0.3373
2025-10-02 10:20:02,944 - root - INFO - train average_precision, 0.9165
2025-10-02 10:20:02,944 - root - INFO - train roc_auc, 0.9264
2025-10-02 10:20:02,944 - root - INFO - validate loss: 0.4863
2025-10-02 10:20:02,944 - root - INFO - validate average_precision, 0.8381
2025-10-02 10:20:02,944 - root - INFO - validate roc_auc, 0.8492
2025-10-02 10:20:02,944 - root - INFO - new node validate loss: 0.6498
2025-10-02 10:20:02,944 - root - INFO - new node validate average_precision, 0.7759
2025-10-02 10:20:02,944 - root - INFO - new node validate roc_auc, 0.7772
2025-10-02 10:20:04,521 - root - INFO - test loss: 0.5216
2025-10-02 10:20:04,521 - root - INFO - test average_precision, 0.8151
2025-10-02 10:20:04,521 - root - INFO - best test average_precision: 0.8419
2025-10-02 10:20:04,521 - root - INFO - test roc_auc, 0.8312
2025-10-02 10:20:04,521 - root - INFO - new node test loss: 0.6576
2025-10-02 10:20:04,521 - root - INFO - new node test average_precision, 0.7356
2025-10-02 10:20:04,521 - root - INFO - new node test roc_auc, 0.7397
2025-10-02 10:20:13,041 - root - INFO - Epoch: 66, learning rate: 0.0001, train loss: 0.3345
2025-10-02 10:20:13,041 - root - INFO - train average_precision, 0.9188
2025-10-02 10:20:13,041 - root - INFO - train roc_auc, 0.9279
2025-10-02 10:20:13,041 - root - INFO - validate loss: 0.5389
2025-10-02 10:20:13,041 - root - INFO - validate average_precision, 0.7964
2025-10-02 10:20:13,041 - root - INFO - validate roc_auc, 0.8142
2025-10-02 10:20:13,041 - root - INFO - new node validate loss: 0.6972
2025-10-02 10:20:13,041 - root - INFO - new node validate average_precision, 0.7205
2025-10-02 10:20:13,042 - root - INFO - new node validate roc_auc, 0.7182
2025-10-02 10:20:14,621 - root - INFO - test loss: 0.5790
2025-10-02 10:20:14,621 - root - INFO - test average_precision, 0.7527
2025-10-02 10:20:14,621 - root - INFO - best test average_precision: 0.8419
2025-10-02 10:20:14,621 - root - INFO - test roc_auc, 0.7756
2025-10-02 10:20:14,621 - root - INFO - new node test loss: 0.6565
2025-10-02 10:20:14,621 - root - INFO - new node test average_precision, 0.7150
2025-10-02 10:20:14,621 - root - INFO - new node test roc_auc, 0.7231
2025-10-02 10:20:23,047 - root - INFO - Epoch: 67, learning rate: 0.0001, train loss: 0.3425
2025-10-02 10:20:23,048 - root - INFO - train average_precision, 0.9176
2025-10-02 10:20:23,048 - root - INFO - train roc_auc, 0.9254
2025-10-02 10:20:23,048 - root - INFO - validate loss: 0.4868
2025-10-02 10:20:23,048 - root - INFO - validate average_precision, 0.8324
2025-10-02 10:20:23,048 - root - INFO - validate roc_auc, 0.8529
2025-10-02 10:20:23,048 - root - INFO - new node validate loss: 0.7421
2025-10-02 10:20:23,048 - root - INFO - new node validate average_precision, 0.7278
2025-10-02 10:20:23,048 - root - INFO - new node validate roc_auc, 0.7313
2025-10-02 10:20:24,625 - root - INFO - test loss: 0.4885
2025-10-02 10:20:24,625 - root - INFO - test average_precision, 0.8341
2025-10-02 10:20:24,625 - root - INFO - best test average_precision: 0.8419
2025-10-02 10:20:24,625 - root - INFO - test roc_auc, 0.8563
2025-10-02 10:20:24,625 - root - INFO - new node test loss: 0.6743
2025-10-02 10:20:24,625 - root - INFO - new node test average_precision, 0.7470
2025-10-02 10:20:24,625 - root - INFO - new node test roc_auc, 0.7530
2025-10-02 10:20:32,995 - root - INFO - Epoch: 68, learning rate: 0.0001, train loss: 0.3390
2025-10-02 10:20:32,995 - root - INFO - train average_precision, 0.9173
2025-10-02 10:20:32,995 - root - INFO - train roc_auc, 0.9258
2025-10-02 10:20:32,995 - root - INFO - validate loss: 0.4649
2025-10-02 10:20:32,995 - root - INFO - validate average_precision, 0.8404
2025-10-02 10:20:32,995 - root - INFO - validate roc_auc, 0.8591
2025-10-02 10:20:32,995 - root - INFO - new node validate loss: 0.6630
2025-10-02 10:20:32,995 - root - INFO - new node validate average_precision, 0.7421
2025-10-02 10:20:32,995 - root - INFO - new node validate roc_auc, 0.7447
2025-10-02 10:20:34,565 - root - INFO - test loss: 0.5318
2025-10-02 10:20:34,565 - root - INFO - test average_precision, 0.7748
2025-10-02 10:20:34,565 - root - INFO - best test average_precision: 0.8419
2025-10-02 10:20:34,565 - root - INFO - test roc_auc, 0.8057
2025-10-02 10:20:34,565 - root - INFO - new node test loss: 0.6180
2025-10-02 10:20:34,565 - root - INFO - new node test average_precision, 0.7314
2025-10-02 10:20:34,565 - root - INFO - new node test roc_auc, 0.7305
2025-10-02 10:20:43,005 - root - INFO - Epoch: 69, learning rate: 0.0001, train loss: 0.3140
2025-10-02 10:20:43,005 - root - INFO - train average_precision, 0.9252
2025-10-02 10:20:43,006 - root - INFO - train roc_auc, 0.9356
2025-10-02 10:20:43,006 - root - INFO - validate loss: 0.6035
2025-10-02 10:20:43,006 - root - INFO - validate average_precision, 0.8095
2025-10-02 10:20:43,006 - root - INFO - validate roc_auc, 0.8382
2025-10-02 10:20:43,006 - root - INFO - new node validate loss: 0.6847
2025-10-02 10:20:43,006 - root - INFO - new node validate average_precision, 0.7784
2025-10-02 10:20:43,006 - root - INFO - new node validate roc_auc, 0.7756
2025-10-02 10:20:44,584 - root - INFO - test loss: 0.8671
2025-10-02 10:20:44,584 - root - INFO - test average_precision, 0.7352
2025-10-02 10:20:44,584 - root - INFO - best test average_precision: 0.8419
2025-10-02 10:20:44,584 - root - INFO - test roc_auc, 0.7774
2025-10-02 10:20:44,584 - root - INFO - new node test loss: 1.0661
2025-10-02 10:20:44,584 - root - INFO - new node test average_precision, 0.7180
2025-10-02 10:20:44,584 - root - INFO - new node test roc_auc, 0.7316
2025-10-02 10:20:52,964 - root - INFO - Epoch: 70, learning rate: 0.0001, train loss: 0.3229
2025-10-02 10:20:52,964 - root - INFO - train average_precision, 0.9206
2025-10-02 10:20:52,964 - root - INFO - train roc_auc, 0.9311
2025-10-02 10:20:52,964 - root - INFO - validate loss: 0.5142
2025-10-02 10:20:52,964 - root - INFO - validate average_precision, 0.8034
2025-10-02 10:20:52,964 - root - INFO - validate roc_auc, 0.8235
2025-10-02 10:20:52,964 - root - INFO - new node validate loss: 0.6107
2025-10-02 10:20:52,964 - root - INFO - new node validate average_precision, 0.7610
2025-10-02 10:20:52,964 - root - INFO - new node validate roc_auc, 0.7660
2025-10-02 10:20:54,544 - root - INFO - test loss: 0.6281
2025-10-02 10:20:54,544 - root - INFO - test average_precision, 0.7158
2025-10-02 10:20:54,544 - root - INFO - best test average_precision: 0.8419
2025-10-02 10:20:54,544 - root - INFO - test roc_auc, 0.7430
2025-10-02 10:20:54,544 - root - INFO - new node test loss: 0.6822
2025-10-02 10:20:54,545 - root - INFO - new node test average_precision, 0.7132
2025-10-02 10:20:54,545 - root - INFO - new node test roc_auc, 0.7264
2025-10-02 10:21:02,954 - root - INFO - Epoch: 71, learning rate: 0.0001, train loss: 0.3235
2025-10-02 10:21:02,954 - root - INFO - train average_precision, 0.9208
2025-10-02 10:21:02,955 - root - INFO - train roc_auc, 0.9312
2025-10-02 10:21:02,955 - root - INFO - validate loss: 0.6985
2025-10-02 10:21:02,955 - root - INFO - validate average_precision, 0.7901
2025-10-02 10:21:02,955 - root - INFO - validate roc_auc, 0.8232
2025-10-02 10:21:02,955 - root - INFO - new node validate loss: 0.7280
2025-10-02 10:21:02,955 - root - INFO - new node validate average_precision, 0.7484
2025-10-02 10:21:02,955 - root - INFO - new node validate roc_auc, 0.7534
2025-10-02 10:21:04,533 - root - INFO - test loss: 0.7863
2025-10-02 10:21:04,533 - root - INFO - test average_precision, 0.7615
2025-10-02 10:21:04,533 - root - INFO - best test average_precision: 0.8419
2025-10-02 10:21:04,533 - root - INFO - test roc_auc, 0.8000
2025-10-02 10:21:04,533 - root - INFO - new node test loss: 0.9726
2025-10-02 10:21:04,533 - root - INFO - new node test average_precision, 0.6849
2025-10-02 10:21:04,533 - root - INFO - new node test roc_auc, 0.7016
2025-10-02 10:21:13,062 - root - INFO - Epoch: 72, learning rate: 0.0001, train loss: 0.3284
2025-10-02 10:21:13,062 - root - INFO - train average_precision, 0.9191
2025-10-02 10:21:13,062 - root - INFO - train roc_auc, 0.9296
2025-10-02 10:21:13,062 - root - INFO - validate loss: 0.4532
2025-10-02 10:21:13,062 - root - INFO - validate average_precision, 0.8524
2025-10-02 10:21:13,062 - root - INFO - validate roc_auc, 0.8700
2025-10-02 10:21:13,062 - root - INFO - new node validate loss: 0.6493
2025-10-02 10:21:13,062 - root - INFO - new node validate average_precision, 0.7660
2025-10-02 10:21:13,062 - root - INFO - new node validate roc_auc, 0.7668
2025-10-02 10:21:14,628 - root - INFO - test loss: 0.5913
2025-10-02 10:21:14,628 - root - INFO - test average_precision, 0.7891
2025-10-02 10:21:14,628 - root - INFO - best test average_precision: 0.8419
2025-10-02 10:21:14,629 - root - INFO - test roc_auc, 0.8228
2025-10-02 10:21:14,629 - root - INFO - new node test loss: 0.6509
2025-10-02 10:21:14,629 - root - INFO - new node test average_precision, 0.7322
2025-10-02 10:21:14,629 - root - INFO - new node test roc_auc, 0.7539
2025-10-02 10:21:14,629 - root - INFO - save model ./saved_models/DyRep/enron/DyRep_lete_seed0/DyRep_lete_seed0.pkl
2025-10-02 10:21:23,144 - root - INFO - Epoch: 73, learning rate: 0.0001, train loss: 0.3238
2025-10-02 10:21:23,144 - root - INFO - train average_precision, 0.9201
2025-10-02 10:21:23,144 - root - INFO - train roc_auc, 0.9310
2025-10-02 10:21:23,144 - root - INFO - validate loss: 0.4662
2025-10-02 10:21:23,144 - root - INFO - validate average_precision, 0.8413
2025-10-02 10:21:23,144 - root - INFO - validate roc_auc, 0.8637
2025-10-02 10:21:23,144 - root - INFO - new node validate loss: 0.6405
2025-10-02 10:21:23,144 - root - INFO - new node validate average_precision, 0.7756
2025-10-02 10:21:23,144 - root - INFO - new node validate roc_auc, 0.7748
2025-10-02 10:21:24,728 - root - INFO - test loss: 0.5062
2025-10-02 10:21:24,728 - root - INFO - test average_precision, 0.8092
2025-10-02 10:21:24,728 - root - INFO - best test average_precision: 0.8419
2025-10-02 10:21:24,728 - root - INFO - test roc_auc, 0.8417
2025-10-02 10:21:24,728 - root - INFO - new node test loss: 0.6963
2025-10-02 10:21:24,728 - root - INFO - new node test average_precision, 0.7242
2025-10-02 10:21:24,728 - root - INFO - new node test roc_auc, 0.7385
2025-10-02 10:21:33,075 - root - INFO - Epoch: 74, learning rate: 0.0001, train loss: 0.3208
2025-10-02 10:21:33,075 - root - INFO - train average_precision, 0.9238
2025-10-02 10:21:33,075 - root - INFO - train roc_auc, 0.9335
2025-10-02 10:21:33,075 - root - INFO - validate loss: 0.6084
2025-10-02 10:21:33,075 - root - INFO - validate average_precision, 0.7397
2025-10-02 10:21:33,075 - root - INFO - validate roc_auc, 0.7641
2025-10-02 10:21:33,075 - root - INFO - new node validate loss: 0.6838
2025-10-02 10:21:33,075 - root - INFO - new node validate average_precision, 0.7378
2025-10-02 10:21:33,075 - root - INFO - new node validate roc_auc, 0.7358
2025-10-02 10:21:34,644 - root - INFO - test loss: 0.6618
2025-10-02 10:21:34,644 - root - INFO - test average_precision, 0.7226
2025-10-02 10:21:34,644 - root - INFO - best test average_precision: 0.8419
2025-10-02 10:21:34,644 - root - INFO - test roc_auc, 0.7517
2025-10-02 10:21:34,644 - root - INFO - new node test loss: 0.7210
2025-10-02 10:21:34,644 - root - INFO - new node test average_precision, 0.7185
2025-10-02 10:21:34,644 - root - INFO - new node test roc_auc, 0.7229
2025-10-02 10:21:42,980 - root - INFO - Epoch: 75, learning rate: 0.0001, train loss: 0.3402
2025-10-02 10:21:42,980 - root - INFO - train average_precision, 0.9133
2025-10-02 10:21:42,980 - root - INFO - train roc_auc, 0.9254
2025-10-02 10:21:42,980 - root - INFO - validate loss: 0.7514
2025-10-02 10:21:42,980 - root - INFO - validate average_precision, 0.7830
2025-10-02 10:21:42,980 - root - INFO - validate roc_auc, 0.8153
2025-10-02 10:21:42,980 - root - INFO - new node validate loss: 0.7684
2025-10-02 10:21:42,980 - root - INFO - new node validate average_precision, 0.7429
2025-10-02 10:21:42,980 - root - INFO - new node validate roc_auc, 0.7419
2025-10-02 10:21:44,552 - root - INFO - test loss: 0.8557
2025-10-02 10:21:44,552 - root - INFO - test average_precision, 0.7666
2025-10-02 10:21:44,552 - root - INFO - best test average_precision: 0.8419
2025-10-02 10:21:44,552 - root - INFO - test roc_auc, 0.8008
2025-10-02 10:21:44,552 - root - INFO - new node test loss: 0.9973
2025-10-02 10:21:44,552 - root - INFO - new node test average_precision, 0.6937
2025-10-02 10:21:44,552 - root - INFO - new node test roc_auc, 0.7013
2025-10-02 10:21:52,952 - root - INFO - Epoch: 76, learning rate: 0.0001, train loss: 0.3204
2025-10-02 10:21:52,952 - root - INFO - train average_precision, 0.9231
2025-10-02 10:21:52,952 - root - INFO - train roc_auc, 0.9329
2025-10-02 10:21:52,952 - root - INFO - validate loss: 0.5608
2025-10-02 10:21:52,952 - root - INFO - validate average_precision, 0.8161
2025-10-02 10:21:52,952 - root - INFO - validate roc_auc, 0.8407
2025-10-02 10:21:52,952 - root - INFO - new node validate loss: 0.7029
2025-10-02 10:21:52,952 - root - INFO - new node validate average_precision, 0.7588
2025-10-02 10:21:52,952 - root - INFO - new node validate roc_auc, 0.7581
2025-10-02 10:21:54,524 - root - INFO - test loss: 0.7024
2025-10-02 10:21:54,524 - root - INFO - test average_precision, 0.7664
2025-10-02 10:21:54,524 - root - INFO - best test average_precision: 0.8419
2025-10-02 10:21:54,524 - root - INFO - test roc_auc, 0.7979
2025-10-02 10:21:54,524 - root - INFO - new node test loss: 0.7935
2025-10-02 10:21:54,524 - root - INFO - new node test average_precision, 0.7556
2025-10-02 10:21:54,524 - root - INFO - new node test roc_auc, 0.7707
2025-10-02 10:22:02,910 - root - INFO - Epoch: 77, learning rate: 0.0001, train loss: 0.3169
2025-10-02 10:22:02,910 - root - INFO - train average_precision, 0.9245
2025-10-02 10:22:02,910 - root - INFO - train roc_auc, 0.9347
2025-10-02 10:22:02,910 - root - INFO - validate loss: 0.6777
2025-10-02 10:22:02,910 - root - INFO - validate average_precision, 0.7968
2025-10-02 10:22:02,910 - root - INFO - validate roc_auc, 0.8238
2025-10-02 10:22:02,910 - root - INFO - new node validate loss: 0.7349
2025-10-02 10:22:02,910 - root - INFO - new node validate average_precision, 0.7652
2025-10-02 10:22:02,911 - root - INFO - new node validate roc_auc, 0.7634
2025-10-02 10:22:04,488 - root - INFO - test loss: 0.8200
2025-10-02 10:22:04,488 - root - INFO - test average_precision, 0.7629
2025-10-02 10:22:04,488 - root - INFO - best test average_precision: 0.8419
2025-10-02 10:22:04,488 - root - INFO - test roc_auc, 0.7971
2025-10-02 10:22:04,488 - root - INFO - new node test loss: 0.9207
2025-10-02 10:22:04,488 - root - INFO - new node test average_precision, 0.6748
2025-10-02 10:22:04,488 - root - INFO - new node test roc_auc, 0.6798
2025-10-02 10:22:12,997 - root - INFO - Epoch: 78, learning rate: 0.0001, train loss: 0.3017
2025-10-02 10:22:12,998 - root - INFO - train average_precision, 0.9284
2025-10-02 10:22:12,998 - root - INFO - train roc_auc, 0.9395
2025-10-02 10:22:12,998 - root - INFO - validate loss: 0.4246
2025-10-02 10:22:12,998 - root - INFO - validate average_precision, 0.8649
2025-10-02 10:22:12,998 - root - INFO - validate roc_auc, 0.8815
2025-10-02 10:22:12,998 - root - INFO - new node validate loss: 0.6988
2025-10-02 10:22:12,998 - root - INFO - new node validate average_precision, 0.7728
2025-10-02 10:22:12,998 - root - INFO - new node validate roc_auc, 0.7759
2025-10-02 10:22:14,569 - root - INFO - test loss: 0.4385
2025-10-02 10:22:14,569 - root - INFO - test average_precision, 0.8622
2025-10-02 10:22:14,569 - root - INFO - best test average_precision: 0.8622
2025-10-02 10:22:14,569 - root - INFO - test roc_auc, 0.8744
2025-10-02 10:22:14,569 - root - INFO - new node test loss: 0.5865
2025-10-02 10:22:14,569 - root - INFO - new node test average_precision, 0.7895
2025-10-02 10:22:14,569 - root - INFO - new node test roc_auc, 0.7960
2025-10-02 10:22:14,569 - root - INFO - save model ./saved_models/DyRep/enron/DyRep_lete_seed0/DyRep_lete_seed0.pkl
2025-10-02 10:22:23,097 - root - INFO - Epoch: 79, learning rate: 0.0001, train loss: 0.3072
2025-10-02 10:22:23,097 - root - INFO - train average_precision, 0.9270
2025-10-02 10:22:23,098 - root - INFO - train roc_auc, 0.9379
2025-10-02 10:22:23,098 - root - INFO - validate loss: 0.5260
2025-10-02 10:22:23,098 - root - INFO - validate average_precision, 0.8308
2025-10-02 10:22:23,098 - root - INFO - validate roc_auc, 0.8524
2025-10-02 10:22:23,098 - root - INFO - new node validate loss: 0.6927
2025-10-02 10:22:23,098 - root - INFO - new node validate average_precision, 0.7655
2025-10-02 10:22:23,098 - root - INFO - new node validate roc_auc, 0.7717
2025-10-02 10:22:24,672 - root - INFO - test loss: 0.6030
2025-10-02 10:22:24,672 - root - INFO - test average_precision, 0.7871
2025-10-02 10:22:24,672 - root - INFO - best test average_precision: 0.8622
2025-10-02 10:22:24,672 - root - INFO - test roc_auc, 0.8187
2025-10-02 10:22:24,672 - root - INFO - new node test loss: 0.7349
2025-10-02 10:22:24,672 - root - INFO - new node test average_precision, 0.7380
2025-10-02 10:22:24,673 - root - INFO - new node test roc_auc, 0.7479
2025-10-02 10:22:33,024 - root - INFO - Epoch: 80, learning rate: 0.0001, train loss: 0.3160
2025-10-02 10:22:33,024 - root - INFO - train average_precision, 0.9234
2025-10-02 10:22:33,024 - root - INFO - train roc_auc, 0.9343
2025-10-02 10:22:33,024 - root - INFO - validate loss: 0.5211
2025-10-02 10:22:33,024 - root - INFO - validate average_precision, 0.8185
2025-10-02 10:22:33,024 - root - INFO - validate roc_auc, 0.8473
2025-10-02 10:22:33,024 - root - INFO - new node validate loss: 0.6888
2025-10-02 10:22:33,024 - root - INFO - new node validate average_precision, 0.7731
2025-10-02 10:22:33,024 - root - INFO - new node validate roc_auc, 0.7705
2025-10-02 10:22:34,600 - root - INFO - test loss: 0.5167
2025-10-02 10:22:34,600 - root - INFO - test average_precision, 0.8208
2025-10-02 10:22:34,600 - root - INFO - best test average_precision: 0.8622
2025-10-02 10:22:34,600 - root - INFO - test roc_auc, 0.8520
2025-10-02 10:22:34,600 - root - INFO - new node test loss: 0.7302
2025-10-02 10:22:34,600 - root - INFO - new node test average_precision, 0.7673
2025-10-02 10:22:34,600 - root - INFO - new node test roc_auc, 0.7815
2025-10-02 10:22:42,980 - root - INFO - Epoch: 81, learning rate: 0.0001, train loss: 0.3244
2025-10-02 10:22:42,980 - root - INFO - train average_precision, 0.9213
2025-10-02 10:22:42,980 - root - INFO - train roc_auc, 0.9317
2025-10-02 10:22:42,980 - root - INFO - validate loss: 0.7388
2025-10-02 10:22:42,980 - root - INFO - validate average_precision, 0.7556
2025-10-02 10:22:42,980 - root - INFO - validate roc_auc, 0.7872
2025-10-02 10:22:42,980 - root - INFO - new node validate loss: 0.7267
2025-10-02 10:22:42,980 - root - INFO - new node validate average_precision, 0.7363
2025-10-02 10:22:42,980 - root - INFO - new node validate roc_auc, 0.7399
2025-10-02 10:22:44,549 - root - INFO - test loss: 0.8780
2025-10-02 10:22:44,549 - root - INFO - test average_precision, 0.7211
2025-10-02 10:22:44,549 - root - INFO - best test average_precision: 0.8622
2025-10-02 10:22:44,549 - root - INFO - test roc_auc, 0.7553
2025-10-02 10:22:44,549 - root - INFO - new node test loss: 1.1382
2025-10-02 10:22:44,549 - root - INFO - new node test average_precision, 0.6377
2025-10-02 10:22:44,549 - root - INFO - new node test roc_auc, 0.6374
2025-10-02 10:22:52,952 - root - INFO - Epoch: 82, learning rate: 0.0001, train loss: 0.3179
2025-10-02 10:22:52,952 - root - INFO - train average_precision, 0.9210
2025-10-02 10:22:52,952 - root - INFO - train roc_auc, 0.9333
2025-10-02 10:22:52,952 - root - INFO - validate loss: 0.6099
2025-10-02 10:22:52,952 - root - INFO - validate average_precision, 0.8094
2025-10-02 10:22:52,952 - root - INFO - validate roc_auc, 0.8321
2025-10-02 10:22:52,952 - root - INFO - new node validate loss: 0.6630
2025-10-02 10:22:52,952 - root - INFO - new node validate average_precision, 0.7815
2025-10-02 10:22:52,952 - root - INFO - new node validate roc_auc, 0.7837
2025-10-02 10:22:54,522 - root - INFO - test loss: 0.7045
2025-10-02 10:22:54,522 - root - INFO - test average_precision, 0.7827
2025-10-02 10:22:54,522 - root - INFO - best test average_precision: 0.8622
2025-10-02 10:22:54,522 - root - INFO - test roc_auc, 0.8088
2025-10-02 10:22:54,522 - root - INFO - new node test loss: 0.8044
2025-10-02 10:22:54,522 - root - INFO - new node test average_precision, 0.7127
2025-10-02 10:22:54,522 - root - INFO - new node test roc_auc, 0.7206
2025-10-02 10:23:02,897 - root - INFO - Epoch: 83, learning rate: 0.0001, train loss: 0.3118
2025-10-02 10:23:02,897 - root - INFO - train average_precision, 0.9244
2025-10-02 10:23:02,897 - root - INFO - train roc_auc, 0.9356
2025-10-02 10:23:02,897 - root - INFO - validate loss: 0.5061
2025-10-02 10:23:02,897 - root - INFO - validate average_precision, 0.8213
2025-10-02 10:23:02,897 - root - INFO - validate roc_auc, 0.8404
2025-10-02 10:23:02,897 - root - INFO - new node validate loss: 0.6630
2025-10-02 10:23:02,897 - root - INFO - new node validate average_precision, 0.7588
2025-10-02 10:23:02,897 - root - INFO - new node validate roc_auc, 0.7629
2025-10-02 10:23:04,468 - root - INFO - test loss: 0.4864
2025-10-02 10:23:04,468 - root - INFO - test average_precision, 0.8331
2025-10-02 10:23:04,468 - root - INFO - best test average_precision: 0.8622
2025-10-02 10:23:04,468 - root - INFO - test roc_auc, 0.8516
2025-10-02 10:23:04,468 - root - INFO - new node test loss: 0.6059
2025-10-02 10:23:04,469 - root - INFO - new node test average_precision, 0.7742
2025-10-02 10:23:04,469 - root - INFO - new node test roc_auc, 0.7681
2025-10-02 10:23:12,997 - root - INFO - Epoch: 84, learning rate: 0.0001, train loss: 0.3137
2025-10-02 10:23:12,997 - root - INFO - train average_precision, 0.9243
2025-10-02 10:23:12,997 - root - INFO - train roc_auc, 0.9348
2025-10-02 10:23:12,997 - root - INFO - validate loss: 0.5007
2025-10-02 10:23:12,997 - root - INFO - validate average_precision, 0.8222
2025-10-02 10:23:12,997 - root - INFO - validate roc_auc, 0.8419
2025-10-02 10:23:12,997 - root - INFO - new node validate loss: 0.6342
2025-10-02 10:23:12,997 - root - INFO - new node validate average_precision, 0.7801
2025-10-02 10:23:12,997 - root - INFO - new node validate roc_auc, 0.7790
2025-10-02 10:23:14,576 - root - INFO - test loss: 0.4974
2025-10-02 10:23:14,576 - root - INFO - test average_precision, 0.8207
2025-10-02 10:23:14,576 - root - INFO - best test average_precision: 0.8622
2025-10-02 10:23:14,576 - root - INFO - test roc_auc, 0.8405
2025-10-02 10:23:14,576 - root - INFO - new node test loss: 0.6261
2025-10-02 10:23:14,576 - root - INFO - new node test average_precision, 0.7473
2025-10-02 10:23:14,577 - root - INFO - new node test roc_auc, 0.7473
2025-10-02 10:23:22,906 - root - INFO - Epoch: 85, learning rate: 0.0001, train loss: 0.3179
2025-10-02 10:23:22,907 - root - INFO - train average_precision, 0.9211
2025-10-02 10:23:22,907 - root - INFO - train roc_auc, 0.9331
2025-10-02 10:23:22,907 - root - INFO - validate loss: 0.5722
2025-10-02 10:23:22,907 - root - INFO - validate average_precision, 0.8284
2025-10-02 10:23:22,907 - root - INFO - validate roc_auc, 0.8486
2025-10-02 10:23:22,907 - root - INFO - new node validate loss: 0.6763
2025-10-02 10:23:22,907 - root - INFO - new node validate average_precision, 0.7820
2025-10-02 10:23:22,907 - root - INFO - new node validate roc_auc, 0.7933
2025-10-02 10:23:24,473 - root - INFO - test loss: 0.7543
2025-10-02 10:23:24,473 - root - INFO - test average_precision, 0.7748
2025-10-02 10:23:24,473 - root - INFO - best test average_precision: 0.8622
2025-10-02 10:23:24,473 - root - INFO - test roc_auc, 0.8026
2025-10-02 10:23:24,473 - root - INFO - new node test loss: 0.9102
2025-10-02 10:23:24,473 - root - INFO - new node test average_precision, 0.7055
2025-10-02 10:23:24,473 - root - INFO - new node test roc_auc, 0.7145
2025-10-02 10:23:32,869 - root - INFO - Epoch: 86, learning rate: 0.0001, train loss: 0.2935
2025-10-02 10:23:32,869 - root - INFO - train average_precision, 0.9318
2025-10-02 10:23:32,869 - root - INFO - train roc_auc, 0.9427
2025-10-02 10:23:32,869 - root - INFO - validate loss: 0.4777
2025-10-02 10:23:32,869 - root - INFO - validate average_precision, 0.8430
2025-10-02 10:23:32,869 - root - INFO - validate roc_auc, 0.8584
2025-10-02 10:23:32,869 - root - INFO - new node validate loss: 0.6129
2025-10-02 10:23:32,869 - root - INFO - new node validate average_precision, 0.7765
2025-10-02 10:23:32,870 - root - INFO - new node validate roc_auc, 0.7901
2025-10-02 10:23:34,443 - root - INFO - test loss: 0.5984
2025-10-02 10:23:34,444 - root - INFO - test average_precision, 0.8052
2025-10-02 10:23:34,444 - root - INFO - best test average_precision: 0.8622
2025-10-02 10:23:34,444 - root - INFO - test roc_auc, 0.8363
2025-10-02 10:23:34,444 - root - INFO - new node test loss: 0.7775
2025-10-02 10:23:34,444 - root - INFO - new node test average_precision, 0.6883
2025-10-02 10:23:34,444 - root - INFO - new node test roc_auc, 0.7104
2025-10-02 10:23:42,808 - root - INFO - Epoch: 87, learning rate: 0.0001, train loss: 0.2987
2025-10-02 10:23:42,808 - root - INFO - train average_precision, 0.9311
2025-10-02 10:23:42,808 - root - INFO - train roc_auc, 0.9411
2025-10-02 10:23:42,808 - root - INFO - validate loss: 0.7152
2025-10-02 10:23:42,808 - root - INFO - validate average_precision, 0.7877
2025-10-02 10:23:42,808 - root - INFO - validate roc_auc, 0.8107
2025-10-02 10:23:42,808 - root - INFO - new node validate loss: 0.7198
2025-10-02 10:23:42,808 - root - INFO - new node validate average_precision, 0.7446
2025-10-02 10:23:42,808 - root - INFO - new node validate roc_auc, 0.7527
2025-10-02 10:23:44,375 - root - INFO - test loss: 0.8130
2025-10-02 10:23:44,375 - root - INFO - test average_precision, 0.7631
2025-10-02 10:23:44,375 - root - INFO - best test average_precision: 0.8622
2025-10-02 10:23:44,375 - root - INFO - test roc_auc, 0.7865
2025-10-02 10:23:44,375 - root - INFO - new node test loss: 0.9720
2025-10-02 10:23:44,375 - root - INFO - new node test average_precision, 0.7298
2025-10-02 10:23:44,375 - root - INFO - new node test roc_auc, 0.7269
2025-10-02 10:23:52,795 - root - INFO - Epoch: 88, learning rate: 0.0001, train loss: 0.3042
2025-10-02 10:23:52,796 - root - INFO - train average_precision, 0.9273
2025-10-02 10:23:52,796 - root - INFO - train roc_auc, 0.9388
2025-10-02 10:23:52,796 - root - INFO - validate loss: 0.5521
2025-10-02 10:23:52,796 - root - INFO - validate average_precision, 0.8157
2025-10-02 10:23:52,796 - root - INFO - validate roc_auc, 0.8364
2025-10-02 10:23:52,796 - root - INFO - new node validate loss: 0.6705
2025-10-02 10:23:52,796 - root - INFO - new node validate average_precision, 0.7630
2025-10-02 10:23:52,796 - root - INFO - new node validate roc_auc, 0.7712
2025-10-02 10:23:54,381 - root - INFO - test loss: 0.6058
2025-10-02 10:23:54,381 - root - INFO - test average_precision, 0.7935
2025-10-02 10:23:54,381 - root - INFO - best test average_precision: 0.8622
2025-10-02 10:23:54,381 - root - INFO - test roc_auc, 0.8191
2025-10-02 10:23:54,381 - root - INFO - new node test loss: 0.7385
2025-10-02 10:23:54,381 - root - INFO - new node test average_precision, 0.7314
2025-10-02 10:23:54,382 - root - INFO - new node test roc_auc, 0.7412
2025-10-02 10:24:02,772 - root - INFO - Epoch: 89, learning rate: 0.0001, train loss: 0.3081
2025-10-02 10:24:02,772 - root - INFO - train average_precision, 0.9269
2025-10-02 10:24:02,772 - root - INFO - train roc_auc, 0.9372
2025-10-02 10:24:02,772 - root - INFO - validate loss: 0.8399
2025-10-02 10:24:02,772 - root - INFO - validate average_precision, 0.7689
2025-10-02 10:24:02,773 - root - INFO - validate roc_auc, 0.8018
2025-10-02 10:24:02,773 - root - INFO - new node validate loss: 0.7556
2025-10-02 10:24:02,773 - root - INFO - new node validate average_precision, 0.7789
2025-10-02 10:24:02,773 - root - INFO - new node validate roc_auc, 0.7744
2025-10-02 10:24:04,338 - root - INFO - test loss: 1.0566
2025-10-02 10:24:04,338 - root - INFO - test average_precision, 0.7378
2025-10-02 10:24:04,338 - root - INFO - best test average_precision: 0.8622
2025-10-02 10:24:04,338 - root - INFO - test roc_auc, 0.7767
2025-10-02 10:24:04,338 - root - INFO - new node test loss: 1.2614
2025-10-02 10:24:04,338 - root - INFO - new node test average_precision, 0.6725
2025-10-02 10:24:04,338 - root - INFO - new node test roc_auc, 0.6724
2025-10-02 10:24:12,717 - root - INFO - Epoch: 90, learning rate: 0.0001, train loss: 0.2917
2025-10-02 10:24:12,718 - root - INFO - train average_precision, 0.9327
2025-10-02 10:24:12,718 - root - INFO - train roc_auc, 0.9432
2025-10-02 10:24:12,718 - root - INFO - validate loss: 0.6078
2025-10-02 10:24:12,718 - root - INFO - validate average_precision, 0.8211
2025-10-02 10:24:12,718 - root - INFO - validate roc_auc, 0.8428
2025-10-02 10:24:12,718 - root - INFO - new node validate loss: 0.6913
2025-10-02 10:24:12,718 - root - INFO - new node validate average_precision, 0.7660
2025-10-02 10:24:12,718 - root - INFO - new node validate roc_auc, 0.7708
2025-10-02 10:24:14,296 - root - INFO - test loss: 0.5916
2025-10-02 10:24:14,297 - root - INFO - test average_precision, 0.8199
2025-10-02 10:24:14,297 - root - INFO - best test average_precision: 0.8622
2025-10-02 10:24:14,297 - root - INFO - test roc_auc, 0.8447
2025-10-02 10:24:14,297 - root - INFO - new node test loss: 0.8444
2025-10-02 10:24:14,297 - root - INFO - new node test average_precision, 0.6920
2025-10-02 10:24:14,297 - root - INFO - new node test roc_auc, 0.7073
2025-10-02 10:24:22,836 - root - INFO - Epoch: 91, learning rate: 0.0001, train loss: 0.3026
2025-10-02 10:24:22,836 - root - INFO - train average_precision, 0.9291
2025-10-02 10:24:22,836 - root - INFO - train roc_auc, 0.9397
2025-10-02 10:24:22,836 - root - INFO - validate loss: 0.4402
2025-10-02 10:24:22,836 - root - INFO - validate average_precision, 0.8586
2025-10-02 10:24:22,836 - root - INFO - validate roc_auc, 0.8759
2025-10-02 10:24:22,836 - root - INFO - new node validate loss: 0.6282
2025-10-02 10:24:22,836 - root - INFO - new node validate average_precision, 0.7706
2025-10-02 10:24:22,836 - root - INFO - new node validate roc_auc, 0.7849
2025-10-02 10:24:24,408 - root - INFO - test loss: 0.4847
2025-10-02 10:24:24,408 - root - INFO - test average_precision, 0.8391
2025-10-02 10:24:24,408 - root - INFO - best test average_precision: 0.8622
2025-10-02 10:24:24,408 - root - INFO - test roc_auc, 0.8540
2025-10-02 10:24:24,408 - root - INFO - new node test loss: 0.5550
2025-10-02 10:24:24,408 - root - INFO - new node test average_precision, 0.7865
2025-10-02 10:24:24,409 - root - INFO - new node test roc_auc, 0.8089
2025-10-02 10:24:32,823 - root - INFO - Epoch: 92, learning rate: 0.0001, train loss: 0.3119
2025-10-02 10:24:32,823 - root - INFO - train average_precision, 0.9247
2025-10-02 10:24:32,823 - root - INFO - train roc_auc, 0.9355
2025-10-02 10:24:32,823 - root - INFO - validate loss: 0.5111
2025-10-02 10:24:32,823 - root - INFO - validate average_precision, 0.8145
2025-10-02 10:24:32,823 - root - INFO - validate roc_auc, 0.8303
2025-10-02 10:24:32,823 - root - INFO - new node validate loss: 0.6407
2025-10-02 10:24:32,823 - root - INFO - new node validate average_precision, 0.7726
2025-10-02 10:24:32,823 - root - INFO - new node validate roc_auc, 0.7733
2025-10-02 10:24:34,401 - root - INFO - test loss: 0.5256
2025-10-02 10:24:34,401 - root - INFO - test average_precision, 0.7991
2025-10-02 10:24:34,401 - root - INFO - best test average_precision: 0.8622
2025-10-02 10:24:34,401 - root - INFO - test roc_auc, 0.8214
2025-10-02 10:24:34,401 - root - INFO - new node test loss: 0.6014
2025-10-02 10:24:34,401 - root - INFO - new node test average_precision, 0.7649
2025-10-02 10:24:34,401 - root - INFO - new node test roc_auc, 0.7739
2025-10-02 10:24:42,800 - root - INFO - Epoch: 93, learning rate: 0.0001, train loss: 0.3096
2025-10-02 10:24:42,800 - root - INFO - train average_precision, 0.9243
2025-10-02 10:24:42,800 - root - INFO - train roc_auc, 0.9367
2025-10-02 10:24:42,800 - root - INFO - validate loss: 0.5462
2025-10-02 10:24:42,801 - root - INFO - validate average_precision, 0.8229
2025-10-02 10:24:42,801 - root - INFO - validate roc_auc, 0.8406
2025-10-02 10:24:42,801 - root - INFO - new node validate loss: 0.6569
2025-10-02 10:24:42,801 - root - INFO - new node validate average_precision, 0.7726
2025-10-02 10:24:42,801 - root - INFO - new node validate roc_auc, 0.7879
2025-10-02 10:24:44,370 - root - INFO - test loss: 0.6306
2025-10-02 10:24:44,370 - root - INFO - test average_precision, 0.7942
2025-10-02 10:24:44,370 - root - INFO - best test average_precision: 0.8622
2025-10-02 10:24:44,370 - root - INFO - test roc_auc, 0.8141
2025-10-02 10:24:44,370 - root - INFO - new node test loss: 0.7231
2025-10-02 10:24:44,370 - root - INFO - new node test average_precision, 0.7419
2025-10-02 10:24:44,370 - root - INFO - new node test roc_auc, 0.7464
2025-10-02 10:24:52,812 - root - INFO - Epoch: 94, learning rate: 0.0001, train loss: 0.2968
2025-10-02 10:24:52,812 - root - INFO - train average_precision, 0.9287
2025-10-02 10:24:52,812 - root - INFO - train roc_auc, 0.9412
2025-10-02 10:24:52,812 - root - INFO - validate loss: 0.5025
2025-10-02 10:24:52,812 - root - INFO - validate average_precision, 0.8275
2025-10-02 10:24:52,812 - root - INFO - validate roc_auc, 0.8441
2025-10-02 10:24:52,812 - root - INFO - new node validate loss: 0.6301
2025-10-02 10:24:52,812 - root - INFO - new node validate average_precision, 0.7698
2025-10-02 10:24:52,812 - root - INFO - new node validate roc_auc, 0.7809
2025-10-02 10:24:54,379 - root - INFO - test loss: 0.5158
2025-10-02 10:24:54,379 - root - INFO - test average_precision, 0.8119
2025-10-02 10:24:54,380 - root - INFO - best test average_precision: 0.8622
2025-10-02 10:24:54,380 - root - INFO - test roc_auc, 0.8367
2025-10-02 10:24:54,380 - root - INFO - new node test loss: 0.6246
2025-10-02 10:24:54,380 - root - INFO - new node test average_precision, 0.7616
2025-10-02 10:24:54,380 - root - INFO - new node test roc_auc, 0.7631
2025-10-02 10:25:02,737 - root - INFO - Epoch: 95, learning rate: 0.0001, train loss: 0.2983
2025-10-02 10:25:02,737 - root - INFO - train average_precision, 0.9299
2025-10-02 10:25:02,737 - root - INFO - train roc_auc, 0.9411
2025-10-02 10:25:02,737 - root - INFO - validate loss: 0.5186
2025-10-02 10:25:02,737 - root - INFO - validate average_precision, 0.8425
2025-10-02 10:25:02,737 - root - INFO - validate roc_auc, 0.8638
2025-10-02 10:25:02,737 - root - INFO - new node validate loss: 0.7678
2025-10-02 10:25:02,737 - root - INFO - new node validate average_precision, 0.7838
2025-10-02 10:25:02,737 - root - INFO - new node validate roc_auc, 0.7827
2025-10-02 10:25:04,307 - root - INFO - test loss: 0.5518
2025-10-02 10:25:04,307 - root - INFO - test average_precision, 0.8327
2025-10-02 10:25:04,307 - root - INFO - best test average_precision: 0.8622
2025-10-02 10:25:04,307 - root - INFO - test roc_auc, 0.8514
2025-10-02 10:25:04,307 - root - INFO - new node test loss: 0.6229
2025-10-02 10:25:04,307 - root - INFO - new node test average_precision, 0.7982
2025-10-02 10:25:04,307 - root - INFO - new node test roc_auc, 0.7992
2025-10-02 10:25:12,731 - root - INFO - Epoch: 96, learning rate: 0.0001, train loss: 0.3016
2025-10-02 10:25:12,731 - root - INFO - train average_precision, 0.9290
2025-10-02 10:25:12,731 - root - INFO - train roc_auc, 0.9396
2025-10-02 10:25:12,731 - root - INFO - validate loss: 0.5984
2025-10-02 10:25:12,731 - root - INFO - validate average_precision, 0.8332
2025-10-02 10:25:12,731 - root - INFO - validate roc_auc, 0.8550
2025-10-02 10:25:12,731 - root - INFO - new node validate loss: 0.7290
2025-10-02 10:25:12,731 - root - INFO - new node validate average_precision, 0.7855
2025-10-02 10:25:12,731 - root - INFO - new node validate roc_auc, 0.7942
2025-10-02 10:25:14,438 - root - INFO - test loss: 0.7947
2025-10-02 10:25:14,438 - root - INFO - test average_precision, 0.7625
2025-10-02 10:25:14,438 - root - INFO - best test average_precision: 0.8622
2025-10-02 10:25:14,438 - root - INFO - test roc_auc, 0.7964
2025-10-02 10:25:14,438 - root - INFO - new node test loss: 0.9136
2025-10-02 10:25:14,438 - root - INFO - new node test average_precision, 0.7144
2025-10-02 10:25:14,438 - root - INFO - new node test roc_auc, 0.7352
2025-10-02 10:25:22,822 - root - INFO - Epoch: 97, learning rate: 0.0001, train loss: 0.3035
2025-10-02 10:25:22,822 - root - INFO - train average_precision, 0.9275
2025-10-02 10:25:22,822 - root - INFO - train roc_auc, 0.9389
2025-10-02 10:25:22,822 - root - INFO - validate loss: 0.4912
2025-10-02 10:25:22,822 - root - INFO - validate average_precision, 0.8336
2025-10-02 10:25:22,822 - root - INFO - validate roc_auc, 0.8485
2025-10-02 10:25:22,822 - root - INFO - new node validate loss: 0.6534
2025-10-02 10:25:22,822 - root - INFO - new node validate average_precision, 0.7583
2025-10-02 10:25:22,822 - root - INFO - new node validate roc_auc, 0.7623
2025-10-02 10:25:24,391 - root - INFO - test loss: 0.5225
2025-10-02 10:25:24,391 - root - INFO - test average_precision, 0.8186
2025-10-02 10:25:24,391 - root - INFO - best test average_precision: 0.8622
2025-10-02 10:25:24,391 - root - INFO - test roc_auc, 0.8348
2025-10-02 10:25:24,392 - root - INFO - new node test loss: 0.5847
2025-10-02 10:25:24,392 - root - INFO - new node test average_precision, 0.7832
2025-10-02 10:25:24,392 - root - INFO - new node test roc_auc, 0.7837
2025-10-02 10:25:32,799 - root - INFO - Epoch: 98, learning rate: 0.0001, train loss: 0.2973
2025-10-02 10:25:32,800 - root - INFO - train average_precision, 0.9285
2025-10-02 10:25:32,800 - root - INFO - train roc_auc, 0.9409
2025-10-02 10:25:32,800 - root - INFO - validate loss: 0.5618
2025-10-02 10:25:32,800 - root - INFO - validate average_precision, 0.7963
2025-10-02 10:25:32,800 - root - INFO - validate roc_auc, 0.8173
2025-10-02 10:25:32,800 - root - INFO - new node validate loss: 0.6814
2025-10-02 10:25:32,800 - root - INFO - new node validate average_precision, 0.7403
2025-10-02 10:25:32,800 - root - INFO - new node validate roc_auc, 0.7399
2025-10-02 10:25:34,380 - root - INFO - test loss: 0.6315
2025-10-02 10:25:34,380 - root - INFO - test average_precision, 0.7629
2025-10-02 10:25:34,380 - root - INFO - best test average_precision: 0.8622
2025-10-02 10:25:34,380 - root - INFO - test roc_auc, 0.7829
2025-10-02 10:25:34,380 - root - INFO - new node test loss: 0.7071
2025-10-02 10:25:34,380 - root - INFO - new node test average_precision, 0.7261
2025-10-02 10:25:34,380 - root - INFO - new node test roc_auc, 0.7393
2025-10-02 10:25:34,380 - root - INFO - load model ./saved_models/DyRep/enron/DyRep_lete_seed0/DyRep_lete_seed0.pkl
2025-10-02 10:25:34,511 - root - INFO - get final performance on dataset enron...
2025-10-02 10:25:36,091 - root - INFO - test loss: 0.4385
2025-10-02 10:25:36,091 - root - INFO - test average_precision, 0.8622
2025-10-02 10:25:36,091 - root - INFO - test roc_auc, 0.8744
2025-10-02 10:25:36,091 - root - INFO - new node test loss: 0.5865
2025-10-02 10:25:36,092 - root - INFO - new node test average_precision, 0.7895
2025-10-02 10:25:36,092 - root - INFO - new node test roc_auc, 0.7960
2025-10-02 10:25:36,092 - root - INFO - Run 1 cost 984.52 seconds.
