2025-10-02 03:23:36,200 - root - INFO - ********** Run 1 starts. **********
2025-10-02 03:23:36,200 - root - INFO - configuration is Namespace(dataset_name='wikipedia', batch_size=200, model_name='JODIE', gpu=0, num_neighbors=10, sample_neighbor_strategy='uniform', time_scaling_factor=1e-06, num_walk_heads=8, num_heads=2, num_layers=1, walk_length=1, time_gap=2000, time_feat_dim=128, position_feat_dim=172, time_window_mode='fixed_proportion', time_encoder_type='time2vec', expert_dim=64, num_mixtures=4, patch_size=1, channel_embedding_dim=50, max_input_sequence_length=32, learning_rate=0.0001, dropout=0.1, gamma=0.5, num_epochs=100, optimizer='Adam', weight_decay=0.0, patience=20, val_ratio=0.15, test_ratio=0.15, num_runs=5, test_interval_epochs=1, negative_sample_strategy='random', max_interaction_times=10, load_best_configs=True, device='cuda:0', seed=0, save_model_name='JODIE_time2vec_seed0')
2025-10-02 03:23:36,201 - root - INFO - time encoder type: time2vec
2025-10-02 03:23:36,491 - root - INFO - model -> Sequential(
  (0): MemoryModel(
    (time_encoder): TimeEncoder(
      (w): Linear(in_features=1, out_features=128, bias=True)
    )
    (message_aggregator): MessageAggregator()
    (memory_bank): MemoryBank(num_nodes=9228, memory_dim=172)
    (memory_updater): RNNMemoryUpdater(
      (memory_bank): MemoryBank(num_nodes=9228, memory_dim=172)
      (memory_updater): RNNCell(644, 172)
    )
    (embedding_module): TimeProjectionEmbedding(
      (dropout): Dropout(p=0.1, inplace=False)
      (linear_layer): Linear(in_features=1, out_features=172, bias=True)
    )
  )
  (1): MergeLayer(
    (fc1): Linear(in_features=344, out_features=172, bias=True)
    (fc2): Linear(in_features=172, out_features=1, bias=True)
    (act): ReLU()
  )
)
2025-10-02 03:23:36,491 - root - INFO - model name: JODIE, #parameters: 803236 B, 784.41015625 KB, 0.7660255432128906 MB.
2025-10-02 03:23:55,431 - root - INFO - Epoch: 1, learning rate: 0.0001, train loss: 0.5251
2025-10-02 03:23:55,432 - root - INFO - train average_precision, 0.7899
2025-10-02 03:23:55,432 - root - INFO - train roc_auc, 0.8193
2025-10-02 03:23:55,432 - root - INFO - validate loss: 0.4311
2025-10-02 03:23:55,432 - root - INFO - validate average_precision, 0.8783
2025-10-02 03:23:55,432 - root - INFO - validate roc_auc, 0.8842
2025-10-02 03:23:55,432 - root - INFO - new node validate loss: 0.4794
2025-10-02 03:23:55,432 - root - INFO - new node validate average_precision, 0.8522
2025-10-02 03:23:55,432 - root - INFO - new node validate roc_auc, 0.8519
2025-10-02 03:23:59,993 - root - INFO - test loss: 0.4386
2025-10-02 03:23:59,993 - root - INFO - test average_precision, 0.8702
2025-10-02 03:23:59,993 - root - INFO - best test average_precision: 0.8702
2025-10-02 03:23:59,993 - root - INFO - test roc_auc, 0.8791
2025-10-02 03:23:59,993 - root - INFO - new node test loss: 0.5139
2025-10-02 03:23:59,993 - root - INFO - new node test average_precision, 0.8263
2025-10-02 03:23:59,993 - root - INFO - new node test roc_auc, 0.8294
2025-10-02 03:23:59,994 - root - INFO - save model ./saved_models/JODIE/wikipedia/JODIE_time2vec_seed0/JODIE_time2vec_seed0.pkl
2025-10-02 03:24:19,285 - root - INFO - Epoch: 2, learning rate: 0.0001, train loss: 0.4085
2025-10-02 03:24:19,286 - root - INFO - train average_precision, 0.8887
2025-10-02 03:24:19,286 - root - INFO - train roc_auc, 0.8966
2025-10-02 03:24:19,286 - root - INFO - validate loss: 0.3960
2025-10-02 03:24:19,286 - root - INFO - validate average_precision, 0.8972
2025-10-02 03:24:19,286 - root - INFO - validate roc_auc, 0.9053
2025-10-02 03:24:19,286 - root - INFO - new node validate loss: 0.4398
2025-10-02 03:24:19,286 - root - INFO - new node validate average_precision, 0.8784
2025-10-02 03:24:19,286 - root - INFO - new node validate roc_auc, 0.8745
2025-10-02 03:24:23,919 - root - INFO - test loss: 0.4312
2025-10-02 03:24:23,920 - root - INFO - test average_precision, 0.8750
2025-10-02 03:24:23,920 - root - INFO - best test average_precision: 0.8750
2025-10-02 03:24:23,920 - root - INFO - test roc_auc, 0.8922
2025-10-02 03:24:23,920 - root - INFO - new node test loss: 0.4550
2025-10-02 03:24:23,920 - root - INFO - new node test average_precision, 0.8704
2025-10-02 03:24:23,920 - root - INFO - new node test roc_auc, 0.8750
2025-10-02 03:24:23,920 - root - INFO - save model ./saved_models/JODIE/wikipedia/JODIE_time2vec_seed0/JODIE_time2vec_seed0.pkl
2025-10-02 03:24:43,148 - root - INFO - Epoch: 3, learning rate: 0.0001, train loss: 0.3795
2025-10-02 03:24:43,149 - root - INFO - train average_precision, 0.9075
2025-10-02 03:24:43,149 - root - INFO - train roc_auc, 0.9116
2025-10-02 03:24:43,149 - root - INFO - validate loss: 0.3621
2025-10-02 03:24:43,149 - root - INFO - validate average_precision, 0.9146
2025-10-02 03:24:43,149 - root - INFO - validate roc_auc, 0.9209
2025-10-02 03:24:43,149 - root - INFO - new node validate loss: 0.4207
2025-10-02 03:24:43,149 - root - INFO - new node validate average_precision, 0.8907
2025-10-02 03:24:43,149 - root - INFO - new node validate roc_auc, 0.8850
2025-10-02 03:24:47,739 - root - INFO - test loss: 0.3839
2025-10-02 03:24:47,740 - root - INFO - test average_precision, 0.9027
2025-10-02 03:24:47,740 - root - INFO - best test average_precision: 0.9027
2025-10-02 03:24:47,740 - root - INFO - test roc_auc, 0.9134
2025-10-02 03:24:47,740 - root - INFO - new node test loss: 0.4366
2025-10-02 03:24:47,740 - root - INFO - new node test average_precision, 0.8854
2025-10-02 03:24:47,740 - root - INFO - new node test roc_auc, 0.8871
2025-10-02 03:24:47,740 - root - INFO - save model ./saved_models/JODIE/wikipedia/JODIE_time2vec_seed0/JODIE_time2vec_seed0.pkl
2025-10-02 03:25:06,906 - root - INFO - Epoch: 4, learning rate: 0.0001, train loss: 0.3632
2025-10-02 03:25:06,906 - root - INFO - train average_precision, 0.9161
2025-10-02 03:25:06,907 - root - INFO - train roc_auc, 0.9189
2025-10-02 03:25:06,907 - root - INFO - validate loss: 0.3513
2025-10-02 03:25:06,907 - root - INFO - validate average_precision, 0.9206
2025-10-02 03:25:06,907 - root - INFO - validate roc_auc, 0.9258
2025-10-02 03:25:06,907 - root - INFO - new node validate loss: 0.4132
2025-10-02 03:25:06,907 - root - INFO - new node validate average_precision, 0.8953
2025-10-02 03:25:06,907 - root - INFO - new node validate roc_auc, 0.8894
2025-10-02 03:25:11,531 - root - INFO - test loss: 0.3712
2025-10-02 03:25:11,531 - root - INFO - test average_precision, 0.9102
2025-10-02 03:25:11,531 - root - INFO - best test average_precision: 0.9102
2025-10-02 03:25:11,531 - root - INFO - test roc_auc, 0.9190
2025-10-02 03:25:11,531 - root - INFO - new node test loss: 0.4269
2025-10-02 03:25:11,531 - root - INFO - new node test average_precision, 0.8909
2025-10-02 03:25:11,531 - root - INFO - new node test roc_auc, 0.8907
2025-10-02 03:25:11,532 - root - INFO - save model ./saved_models/JODIE/wikipedia/JODIE_time2vec_seed0/JODIE_time2vec_seed0.pkl
2025-10-02 03:25:30,842 - root - INFO - Epoch: 5, learning rate: 0.0001, train loss: 0.3545
2025-10-02 03:25:30,842 - root - INFO - train average_precision, 0.9200
2025-10-02 03:25:30,842 - root - INFO - train roc_auc, 0.9228
2025-10-02 03:25:30,842 - root - INFO - validate loss: 0.3410
2025-10-02 03:25:30,842 - root - INFO - validate average_precision, 0.9264
2025-10-02 03:25:30,842 - root - INFO - validate roc_auc, 0.9301
2025-10-02 03:25:30,842 - root - INFO - new node validate loss: 0.4054
2025-10-02 03:25:30,842 - root - INFO - new node validate average_precision, 0.8994
2025-10-02 03:25:30,842 - root - INFO - new node validate roc_auc, 0.8933
2025-10-02 03:25:35,442 - root - INFO - test loss: 0.3613
2025-10-02 03:25:35,442 - root - INFO - test average_precision, 0.9151
2025-10-02 03:25:35,442 - root - INFO - best test average_precision: 0.9151
2025-10-02 03:25:35,442 - root - INFO - test roc_auc, 0.9225
2025-10-02 03:25:35,442 - root - INFO - new node test loss: 0.4182
2025-10-02 03:25:35,442 - root - INFO - new node test average_precision, 0.8950
2025-10-02 03:25:35,442 - root - INFO - new node test roc_auc, 0.8938
2025-10-02 03:25:35,442 - root - INFO - save model ./saved_models/JODIE/wikipedia/JODIE_time2vec_seed0/JODIE_time2vec_seed0.pkl
2025-10-02 03:25:54,776 - root - INFO - Epoch: 6, learning rate: 0.0001, train loss: 0.3454
2025-10-02 03:25:54,777 - root - INFO - train average_precision, 0.9245
2025-10-02 03:25:54,777 - root - INFO - train roc_auc, 0.9266
2025-10-02 03:25:54,777 - root - INFO - validate loss: 0.3312
2025-10-02 03:25:54,777 - root - INFO - validate average_precision, 0.9324
2025-10-02 03:25:54,777 - root - INFO - validate roc_auc, 0.9339
2025-10-02 03:25:54,777 - root - INFO - new node validate loss: 0.4021
2025-10-02 03:25:54,777 - root - INFO - new node validate average_precision, 0.9048
2025-10-02 03:25:54,777 - root - INFO - new node validate roc_auc, 0.8960
2025-10-02 03:25:59,395 - root - INFO - test loss: 0.3527
2025-10-02 03:25:59,395 - root - INFO - test average_precision, 0.9216
2025-10-02 03:25:59,395 - root - INFO - best test average_precision: 0.9216
2025-10-02 03:25:59,395 - root - INFO - test roc_auc, 0.9248
2025-10-02 03:25:59,395 - root - INFO - new node test loss: 0.4151
2025-10-02 03:25:59,395 - root - INFO - new node test average_precision, 0.9007
2025-10-02 03:25:59,395 - root - INFO - new node test roc_auc, 0.8948
2025-10-02 03:25:59,395 - root - INFO - save model ./saved_models/JODIE/wikipedia/JODIE_time2vec_seed0/JODIE_time2vec_seed0.pkl
2025-10-02 03:26:18,698 - root - INFO - Epoch: 7, learning rate: 0.0001, train loss: 0.3364
2025-10-02 03:26:18,699 - root - INFO - train average_precision, 0.9285
2025-10-02 03:26:18,699 - root - INFO - train roc_auc, 0.9299
2025-10-02 03:26:18,699 - root - INFO - validate loss: 0.3231
2025-10-02 03:26:18,699 - root - INFO - validate average_precision, 0.9377
2025-10-02 03:26:18,699 - root - INFO - validate roc_auc, 0.9373
2025-10-02 03:26:18,699 - root - INFO - new node validate loss: 0.4004
2025-10-02 03:26:18,699 - root - INFO - new node validate average_precision, 0.9055
2025-10-02 03:26:18,699 - root - INFO - new node validate roc_auc, 0.8967
2025-10-02 03:26:23,336 - root - INFO - test loss: 0.3444
2025-10-02 03:26:23,336 - root - INFO - test average_precision, 0.9266
2025-10-02 03:26:23,336 - root - INFO - best test average_precision: 0.9266
2025-10-02 03:26:23,336 - root - INFO - test roc_auc, 0.9297
2025-10-02 03:26:23,336 - root - INFO - new node test loss: 0.4001
2025-10-02 03:26:23,336 - root - INFO - new node test average_precision, 0.9052
2025-10-02 03:26:23,336 - root - INFO - new node test roc_auc, 0.9025
2025-10-02 03:26:23,336 - root - INFO - save model ./saved_models/JODIE/wikipedia/JODIE_time2vec_seed0/JODIE_time2vec_seed0.pkl
2025-10-02 03:26:42,715 - root - INFO - Epoch: 8, learning rate: 0.0001, train loss: 0.3352
2025-10-02 03:26:42,715 - root - INFO - train average_precision, 0.9312
2025-10-02 03:26:42,715 - root - INFO - train roc_auc, 0.9304
2025-10-02 03:26:42,715 - root - INFO - validate loss: 0.3104
2025-10-02 03:26:42,715 - root - INFO - validate average_precision, 0.9447
2025-10-02 03:26:42,715 - root - INFO - validate roc_auc, 0.9415
2025-10-02 03:26:42,715 - root - INFO - new node validate loss: 0.3856
2025-10-02 03:26:42,715 - root - INFO - new node validate average_precision, 0.9116
2025-10-02 03:26:42,716 - root - INFO - new node validate roc_auc, 0.9015
2025-10-02 03:26:47,314 - root - INFO - test loss: 0.3158
2025-10-02 03:26:47,314 - root - INFO - test average_precision, 0.9411
2025-10-02 03:26:47,314 - root - INFO - best test average_precision: 0.9411
2025-10-02 03:26:47,314 - root - INFO - test roc_auc, 0.9401
2025-10-02 03:26:47,314 - root - INFO - new node test loss: 0.3757
2025-10-02 03:26:47,314 - root - INFO - new node test average_precision, 0.9202
2025-10-02 03:26:47,314 - root - INFO - new node test roc_auc, 0.9134
2025-10-02 03:26:47,314 - root - INFO - save model ./saved_models/JODIE/wikipedia/JODIE_time2vec_seed0/JODIE_time2vec_seed0.pkl
2025-10-02 03:27:06,673 - root - INFO - Epoch: 9, learning rate: 0.0001, train loss: 0.3223
2025-10-02 03:27:06,674 - root - INFO - train average_precision, 0.9368
2025-10-02 03:27:06,674 - root - INFO - train roc_auc, 0.9356
2025-10-02 03:27:06,674 - root - INFO - validate loss: 0.3066
2025-10-02 03:27:06,674 - root - INFO - validate average_precision, 0.9455
2025-10-02 03:27:06,674 - root - INFO - validate roc_auc, 0.9431
2025-10-02 03:27:06,674 - root - INFO - new node validate loss: 0.3826
2025-10-02 03:27:06,674 - root - INFO - new node validate average_precision, 0.9134
2025-10-02 03:27:06,674 - root - INFO - new node validate roc_auc, 0.9028
2025-10-02 03:27:11,300 - root - INFO - test loss: 0.3210
2025-10-02 03:27:11,300 - root - INFO - test average_precision, 0.9372
2025-10-02 03:27:11,300 - root - INFO - best test average_precision: 0.9411
2025-10-02 03:27:11,300 - root - INFO - test roc_auc, 0.9377
2025-10-02 03:27:11,300 - root - INFO - new node test loss: 0.3772
2025-10-02 03:27:11,300 - root - INFO - new node test average_precision, 0.9183
2025-10-02 03:27:11,300 - root - INFO - new node test roc_auc, 0.9120
2025-10-02 03:27:11,301 - root - INFO - save model ./saved_models/JODIE/wikipedia/JODIE_time2vec_seed0/JODIE_time2vec_seed0.pkl
2025-10-02 03:27:30,806 - root - INFO - Epoch: 10, learning rate: 0.0001, train loss: 0.3133
2025-10-02 03:27:30,807 - root - INFO - train average_precision, 0.9408
2025-10-02 03:27:30,807 - root - INFO - train roc_auc, 0.9393
2025-10-02 03:27:30,807 - root - INFO - validate loss: 0.3130
2025-10-02 03:27:30,807 - root - INFO - validate average_precision, 0.9436
2025-10-02 03:27:30,807 - root - INFO - validate roc_auc, 0.9410
2025-10-02 03:27:30,807 - root - INFO - new node validate loss: 0.3976
2025-10-02 03:27:30,807 - root - INFO - new node validate average_precision, 0.9082
2025-10-02 03:27:30,807 - root - INFO - new node validate roc_auc, 0.8967
2025-10-02 03:27:35,487 - root - INFO - test loss: 0.3468
2025-10-02 03:27:35,487 - root - INFO - test average_precision, 0.9330
2025-10-02 03:27:35,487 - root - INFO - best test average_precision: 0.9411
2025-10-02 03:27:35,487 - root - INFO - test roc_auc, 0.9317
2025-10-02 03:27:35,488 - root - INFO - new node test loss: 0.4153
2025-10-02 03:27:35,488 - root - INFO - new node test average_precision, 0.9049
2025-10-02 03:27:35,488 - root - INFO - new node test roc_auc, 0.8961
2025-10-02 03:27:53,713 - root - INFO - Epoch: 11, learning rate: 0.0001, train loss: 0.2993
2025-10-02 03:27:53,714 - root - INFO - train average_precision, 0.9453
2025-10-02 03:27:53,714 - root - INFO - train roc_auc, 0.9442
2025-10-02 03:27:53,714 - root - INFO - validate loss: 0.2859
2025-10-02 03:27:53,714 - root - INFO - validate average_precision, 0.9532
2025-10-02 03:27:53,714 - root - INFO - validate roc_auc, 0.9503
2025-10-02 03:27:53,714 - root - INFO - new node validate loss: 0.3710
2025-10-02 03:27:53,714 - root - INFO - new node validate average_precision, 0.9200
2025-10-02 03:27:53,714 - root - INFO - new node validate roc_auc, 0.9080
2025-10-02 03:27:58,359 - root - INFO - test loss: 0.2993
2025-10-02 03:27:58,359 - root - INFO - test average_precision, 0.9477
2025-10-02 03:27:58,359 - root - INFO - best test average_precision: 0.9477
2025-10-02 03:27:58,359 - root - INFO - test roc_auc, 0.9467
2025-10-02 03:27:58,359 - root - INFO - new node test loss: 0.3643
2025-10-02 03:27:58,359 - root - INFO - new node test average_precision, 0.9272
2025-10-02 03:27:58,359 - root - INFO - new node test roc_auc, 0.9194
2025-10-02 03:27:58,359 - root - INFO - save model ./saved_models/JODIE/wikipedia/JODIE_time2vec_seed0/JODIE_time2vec_seed0.pkl
2025-10-02 03:28:17,706 - root - INFO - Epoch: 12, learning rate: 0.0001, train loss: 0.2940
2025-10-02 03:28:17,707 - root - INFO - train average_precision, 0.9480
2025-10-02 03:28:17,707 - root - INFO - train roc_auc, 0.9461
2025-10-02 03:28:17,707 - root - INFO - validate loss: 0.2869
2025-10-02 03:28:17,707 - root - INFO - validate average_precision, 0.9532
2025-10-02 03:28:17,707 - root - INFO - validate roc_auc, 0.9504
2025-10-02 03:28:17,707 - root - INFO - new node validate loss: 0.3766
2025-10-02 03:28:17,707 - root - INFO - new node validate average_precision, 0.9182
2025-10-02 03:28:17,707 - root - INFO - new node validate roc_auc, 0.9059
2025-10-02 03:28:22,386 - root - INFO - test loss: 0.2990
2025-10-02 03:28:22,386 - root - INFO - test average_precision, 0.9495
2025-10-02 03:28:22,386 - root - INFO - best test average_precision: 0.9495
2025-10-02 03:28:22,386 - root - INFO - test roc_auc, 0.9474
2025-10-02 03:28:22,386 - root - INFO - new node test loss: 0.3657
2025-10-02 03:28:22,386 - root - INFO - new node test average_precision, 0.9267
2025-10-02 03:28:22,386 - root - INFO - new node test roc_auc, 0.9189
2025-10-02 03:28:40,577 - root - INFO - Epoch: 13, learning rate: 0.0001, train loss: 0.2872
2025-10-02 03:28:40,577 - root - INFO - train average_precision, 0.9495
2025-10-02 03:28:40,577 - root - INFO - train roc_auc, 0.9481
2025-10-02 03:28:40,577 - root - INFO - validate loss: 0.2827
2025-10-02 03:28:40,578 - root - INFO - validate average_precision, 0.9545
2025-10-02 03:28:40,578 - root - INFO - validate roc_auc, 0.9517
2025-10-02 03:28:40,578 - root - INFO - new node validate loss: 0.3716
2025-10-02 03:28:40,578 - root - INFO - new node validate average_precision, 0.9191
2025-10-02 03:28:40,578 - root - INFO - new node validate roc_auc, 0.9078
2025-10-02 03:28:45,240 - root - INFO - test loss: 0.2913
2025-10-02 03:28:45,240 - root - INFO - test average_precision, 0.9499
2025-10-02 03:28:45,240 - root - INFO - best test average_precision: 0.9499
2025-10-02 03:28:45,240 - root - INFO - test roc_auc, 0.9494
2025-10-02 03:28:45,241 - root - INFO - new node test loss: 0.3625
2025-10-02 03:28:45,241 - root - INFO - new node test average_precision, 0.9279
2025-10-02 03:28:45,241 - root - INFO - new node test roc_auc, 0.9201
2025-10-02 03:28:45,241 - root - INFO - save model ./saved_models/JODIE/wikipedia/JODIE_time2vec_seed0/JODIE_time2vec_seed0.pkl
2025-10-02 03:29:04,647 - root - INFO - Epoch: 14, learning rate: 0.0001, train loss: 0.2870
2025-10-02 03:29:04,647 - root - INFO - train average_precision, 0.9498
2025-10-02 03:29:04,647 - root - INFO - train roc_auc, 0.9484
2025-10-02 03:29:04,647 - root - INFO - validate loss: 0.2826
2025-10-02 03:29:04,647 - root - INFO - validate average_precision, 0.9552
2025-10-02 03:29:04,647 - root - INFO - validate roc_auc, 0.9515
2025-10-02 03:29:04,647 - root - INFO - new node validate loss: 0.3717
2025-10-02 03:29:04,647 - root - INFO - new node validate average_precision, 0.9203
2025-10-02 03:29:04,647 - root - INFO - new node validate roc_auc, 0.9084
2025-10-02 03:29:09,255 - root - INFO - test loss: 0.2912
2025-10-02 03:29:09,255 - root - INFO - test average_precision, 0.9507
2025-10-02 03:29:09,255 - root - INFO - best test average_precision: 0.9507
2025-10-02 03:29:09,255 - root - INFO - test roc_auc, 0.9495
2025-10-02 03:29:09,255 - root - INFO - new node test loss: 0.3582
2025-10-02 03:29:09,255 - root - INFO - new node test average_precision, 0.9300
2025-10-02 03:29:09,256 - root - INFO - new node test roc_auc, 0.9216
2025-10-02 03:29:27,452 - root - INFO - Epoch: 15, learning rate: 0.0001, train loss: 0.2816
2025-10-02 03:29:27,452 - root - INFO - train average_precision, 0.9514
2025-10-02 03:29:27,452 - root - INFO - train roc_auc, 0.9499
2025-10-02 03:29:27,452 - root - INFO - validate loss: 0.2790
2025-10-02 03:29:27,452 - root - INFO - validate average_precision, 0.9553
2025-10-02 03:29:27,452 - root - INFO - validate roc_auc, 0.9528
2025-10-02 03:29:27,452 - root - INFO - new node validate loss: 0.3693
2025-10-02 03:29:27,452 - root - INFO - new node validate average_precision, 0.9212
2025-10-02 03:29:27,452 - root - INFO - new node validate roc_auc, 0.9100
2025-10-02 03:29:32,088 - root - INFO - test loss: 0.2841
2025-10-02 03:29:32,089 - root - INFO - test average_precision, 0.9525
2025-10-02 03:29:32,089 - root - INFO - best test average_precision: 0.9525
2025-10-02 03:29:32,089 - root - INFO - test roc_auc, 0.9522
2025-10-02 03:29:32,089 - root - INFO - new node test loss: 0.3535
2025-10-02 03:29:32,089 - root - INFO - new node test average_precision, 0.9310
2025-10-02 03:29:32,089 - root - INFO - new node test roc_auc, 0.9239
2025-10-02 03:29:32,089 - root - INFO - save model ./saved_models/JODIE/wikipedia/JODIE_time2vec_seed0/JODIE_time2vec_seed0.pkl
2025-10-02 03:29:51,502 - root - INFO - Epoch: 16, learning rate: 0.0001, train loss: 0.2745
2025-10-02 03:29:51,503 - root - INFO - train average_precision, 0.9535
2025-10-02 03:29:51,503 - root - INFO - train roc_auc, 0.9522
2025-10-02 03:29:51,503 - root - INFO - validate loss: 0.2882
2025-10-02 03:29:51,503 - root - INFO - validate average_precision, 0.9541
2025-10-02 03:29:51,503 - root - INFO - validate roc_auc, 0.9505
2025-10-02 03:29:51,503 - root - INFO - new node validate loss: 0.3748
2025-10-02 03:29:51,503 - root - INFO - new node validate average_precision, 0.9196
2025-10-02 03:29:51,503 - root - INFO - new node validate roc_auc, 0.9086
2025-10-02 03:29:56,180 - root - INFO - test loss: 0.3212
2025-10-02 03:29:56,180 - root - INFO - test average_precision, 0.9425
2025-10-02 03:29:56,180 - root - INFO - best test average_precision: 0.9525
2025-10-02 03:29:56,180 - root - INFO - test roc_auc, 0.9418
2025-10-02 03:29:56,181 - root - INFO - new node test loss: 0.3772
2025-10-02 03:29:56,181 - root - INFO - new node test average_precision, 0.9232
2025-10-02 03:29:56,181 - root - INFO - new node test roc_auc, 0.9139
2025-10-02 03:30:14,342 - root - INFO - Epoch: 17, learning rate: 0.0001, train loss: 0.2718
2025-10-02 03:30:14,342 - root - INFO - train average_precision, 0.9544
2025-10-02 03:30:14,342 - root - INFO - train roc_auc, 0.9529
2025-10-02 03:30:14,342 - root - INFO - validate loss: 0.2801
2025-10-02 03:30:14,342 - root - INFO - validate average_precision, 0.9571
2025-10-02 03:30:14,342 - root - INFO - validate roc_auc, 0.9532
2025-10-02 03:30:14,342 - root - INFO - new node validate loss: 0.3782
2025-10-02 03:30:14,343 - root - INFO - new node validate average_precision, 0.9203
2025-10-02 03:30:14,343 - root - INFO - new node validate roc_auc, 0.9077
2025-10-02 03:30:19,009 - root - INFO - test loss: 0.2933
2025-10-02 03:30:19,010 - root - INFO - test average_precision, 0.9540
2025-10-02 03:30:19,010 - root - INFO - best test average_precision: 0.9540
2025-10-02 03:30:19,010 - root - INFO - test roc_auc, 0.9509
2025-10-02 03:30:19,010 - root - INFO - new node test loss: 0.3601
2025-10-02 03:30:19,010 - root - INFO - new node test average_precision, 0.9309
2025-10-02 03:30:19,010 - root - INFO - new node test roc_auc, 0.9228
2025-10-02 03:30:19,010 - root - INFO - save model ./saved_models/JODIE/wikipedia/JODIE_time2vec_seed0/JODIE_time2vec_seed0.pkl
2025-10-02 03:30:38,344 - root - INFO - Epoch: 18, learning rate: 0.0001, train loss: 0.2703
2025-10-02 03:30:38,344 - root - INFO - train average_precision, 0.9549
2025-10-02 03:30:38,344 - root - INFO - train roc_auc, 0.9533
2025-10-02 03:30:38,344 - root - INFO - validate loss: 0.2720
2025-10-02 03:30:38,344 - root - INFO - validate average_precision, 0.9590
2025-10-02 03:30:38,344 - root - INFO - validate roc_auc, 0.9549
2025-10-02 03:30:38,344 - root - INFO - new node validate loss: 0.3671
2025-10-02 03:30:38,344 - root - INFO - new node validate average_precision, 0.9232
2025-10-02 03:30:38,344 - root - INFO - new node validate roc_auc, 0.9117
2025-10-02 03:30:42,934 - root - INFO - test loss: 0.2755
2025-10-02 03:30:42,934 - root - INFO - test average_precision, 0.9573
2025-10-02 03:30:42,935 - root - INFO - best test average_precision: 0.9573
2025-10-02 03:30:42,935 - root - INFO - test roc_auc, 0.9545
2025-10-02 03:30:42,935 - root - INFO - new node test loss: 0.3369
2025-10-02 03:30:42,935 - root - INFO - new node test average_precision, 0.9372
2025-10-02 03:30:42,935 - root - INFO - new node test roc_auc, 0.9300
2025-10-02 03:30:42,935 - root - INFO - save model ./saved_models/JODIE/wikipedia/JODIE_time2vec_seed0/JODIE_time2vec_seed0.pkl
2025-10-02 03:31:02,316 - root - INFO - Epoch: 19, learning rate: 0.0001, train loss: 0.2635
2025-10-02 03:31:02,316 - root - INFO - train average_precision, 0.9569
2025-10-02 03:31:02,317 - root - INFO - train roc_auc, 0.9554
2025-10-02 03:31:02,317 - root - INFO - validate loss: 0.2727
2025-10-02 03:31:02,317 - root - INFO - validate average_precision, 0.9600
2025-10-02 03:31:02,317 - root - INFO - validate roc_auc, 0.9557
2025-10-02 03:31:02,317 - root - INFO - new node validate loss: 0.3693
2025-10-02 03:31:02,317 - root - INFO - new node validate average_precision, 0.9243
2025-10-02 03:31:02,317 - root - INFO - new node validate roc_auc, 0.9133
2025-10-02 03:31:06,937 - root - INFO - test loss: 0.2740
2025-10-02 03:31:06,937 - root - INFO - test average_precision, 0.9580
2025-10-02 03:31:06,937 - root - INFO - best test average_precision: 0.9580
2025-10-02 03:31:06,937 - root - INFO - test roc_auc, 0.9559
2025-10-02 03:31:06,937 - root - INFO - new node test loss: 0.3491
2025-10-02 03:31:06,937 - root - INFO - new node test average_precision, 0.9342
2025-10-02 03:31:06,938 - root - INFO - new node test roc_auc, 0.9266
2025-10-02 03:31:06,938 - root - INFO - save model ./saved_models/JODIE/wikipedia/JODIE_time2vec_seed0/JODIE_time2vec_seed0.pkl
2025-10-02 03:31:26,142 - root - INFO - Epoch: 20, learning rate: 0.0001, train loss: 0.2598
2025-10-02 03:31:26,142 - root - INFO - train average_precision, 0.9575
2025-10-02 03:31:26,142 - root - INFO - train roc_auc, 0.9565
2025-10-02 03:31:26,142 - root - INFO - validate loss: 0.2732
2025-10-02 03:31:26,142 - root - INFO - validate average_precision, 0.9589
2025-10-02 03:31:26,142 - root - INFO - validate roc_auc, 0.9550
2025-10-02 03:31:26,142 - root - INFO - new node validate loss: 0.3714
2025-10-02 03:31:26,142 - root - INFO - new node validate average_precision, 0.9229
2025-10-02 03:31:26,142 - root - INFO - new node validate roc_auc, 0.9114
2025-10-02 03:31:30,782 - root - INFO - test loss: 0.2790
2025-10-02 03:31:30,782 - root - INFO - test average_precision, 0.9557
2025-10-02 03:31:30,782 - root - INFO - best test average_precision: 0.9580
2025-10-02 03:31:30,782 - root - INFO - test roc_auc, 0.9547
2025-10-02 03:31:30,782 - root - INFO - new node test loss: 0.3466
2025-10-02 03:31:30,783 - root - INFO - new node test average_precision, 0.9333
2025-10-02 03:31:30,783 - root - INFO - new node test roc_auc, 0.9271
2025-10-02 03:31:49,110 - root - INFO - Epoch: 21, learning rate: 0.0001, train loss: 0.2596
2025-10-02 03:31:49,110 - root - INFO - train average_precision, 0.9575
2025-10-02 03:31:49,110 - root - INFO - train roc_auc, 0.9565
2025-10-02 03:31:49,110 - root - INFO - validate loss: 0.2782
2025-10-02 03:31:49,110 - root - INFO - validate average_precision, 0.9586
2025-10-02 03:31:49,110 - root - INFO - validate roc_auc, 0.9541
2025-10-02 03:31:49,110 - root - INFO - new node validate loss: 0.3771
2025-10-02 03:31:49,110 - root - INFO - new node validate average_precision, 0.9217
2025-10-02 03:31:49,110 - root - INFO - new node validate roc_auc, 0.9093
2025-10-02 03:31:53,719 - root - INFO - test loss: 0.2897
2025-10-02 03:31:53,719 - root - INFO - test average_precision, 0.9550
2025-10-02 03:31:53,719 - root - INFO - best test average_precision: 0.9580
2025-10-02 03:31:53,719 - root - INFO - test roc_auc, 0.9519
2025-10-02 03:31:53,719 - root - INFO - new node test loss: 0.3545
2025-10-02 03:31:53,719 - root - INFO - new node test average_precision, 0.9328
2025-10-02 03:31:53,719 - root - INFO - new node test roc_auc, 0.9248
2025-10-02 03:32:11,978 - root - INFO - Epoch: 22, learning rate: 0.0001, train loss: 0.2586
2025-10-02 03:32:11,978 - root - INFO - train average_precision, 0.9579
2025-10-02 03:32:11,979 - root - INFO - train roc_auc, 0.9567
2025-10-02 03:32:11,979 - root - INFO - validate loss: 0.2651
2025-10-02 03:32:11,979 - root - INFO - validate average_precision, 0.9616
2025-10-02 03:32:11,979 - root - INFO - validate roc_auc, 0.9579
2025-10-02 03:32:11,979 - root - INFO - new node validate loss: 0.3662
2025-10-02 03:32:11,979 - root - INFO - new node validate average_precision, 0.9253
2025-10-02 03:32:11,979 - root - INFO - new node validate roc_auc, 0.9135
2025-10-02 03:32:16,628 - root - INFO - test loss: 0.2625
2025-10-02 03:32:16,628 - root - INFO - test average_precision, 0.9615
2025-10-02 03:32:16,628 - root - INFO - best test average_precision: 0.9615
2025-10-02 03:32:16,628 - root - INFO - test roc_auc, 0.9594
2025-10-02 03:32:16,628 - root - INFO - new node test loss: 0.3347
2025-10-02 03:32:16,628 - root - INFO - new node test average_precision, 0.9390
2025-10-02 03:32:16,628 - root - INFO - new node test roc_auc, 0.9319
2025-10-02 03:32:16,628 - root - INFO - save model ./saved_models/JODIE/wikipedia/JODIE_time2vec_seed0/JODIE_time2vec_seed0.pkl
2025-10-02 03:32:35,850 - root - INFO - Epoch: 23, learning rate: 0.0001, train loss: 0.2528
2025-10-02 03:32:35,850 - root - INFO - train average_precision, 0.9597
2025-10-02 03:32:35,850 - root - INFO - train roc_auc, 0.9585
2025-10-02 03:32:35,850 - root - INFO - validate loss: 0.2616
2025-10-02 03:32:35,851 - root - INFO - validate average_precision, 0.9623
2025-10-02 03:32:35,851 - root - INFO - validate roc_auc, 0.9586
2025-10-02 03:32:35,851 - root - INFO - new node validate loss: 0.3625
2025-10-02 03:32:35,851 - root - INFO - new node validate average_precision, 0.9261
2025-10-02 03:32:35,851 - root - INFO - new node validate roc_auc, 0.9142
2025-10-02 03:32:40,467 - root - INFO - test loss: 0.2652
2025-10-02 03:32:40,467 - root - INFO - test average_precision, 0.9605
2025-10-02 03:32:40,467 - root - INFO - best test average_precision: 0.9615
2025-10-02 03:32:40,467 - root - INFO - test roc_auc, 0.9582
2025-10-02 03:32:40,467 - root - INFO - new node test loss: 0.3273
2025-10-02 03:32:40,468 - root - INFO - new node test average_precision, 0.9413
2025-10-02 03:32:40,468 - root - INFO - new node test roc_auc, 0.9346
2025-10-02 03:32:40,468 - root - INFO - save model ./saved_models/JODIE/wikipedia/JODIE_time2vec_seed0/JODIE_time2vec_seed0.pkl
2025-10-02 03:32:59,816 - root - INFO - Epoch: 24, learning rate: 0.0001, train loss: 0.2481
2025-10-02 03:32:59,816 - root - INFO - train average_precision, 0.9612
2025-10-02 03:32:59,816 - root - INFO - train roc_auc, 0.9601
2025-10-02 03:32:59,816 - root - INFO - validate loss: 0.2666
2025-10-02 03:32:59,816 - root - INFO - validate average_precision, 0.9605
2025-10-02 03:32:59,816 - root - INFO - validate roc_auc, 0.9572
2025-10-02 03:32:59,816 - root - INFO - new node validate loss: 0.3638
2025-10-02 03:32:59,816 - root - INFO - new node validate average_precision, 0.9257
2025-10-02 03:32:59,816 - root - INFO - new node validate roc_auc, 0.9141
2025-10-02 03:33:04,429 - root - INFO - test loss: 0.2780
2025-10-02 03:33:04,430 - root - INFO - test average_precision, 0.9567
2025-10-02 03:33:04,430 - root - INFO - best test average_precision: 0.9615
2025-10-02 03:33:04,430 - root - INFO - test roc_auc, 0.9553
2025-10-02 03:33:04,430 - root - INFO - new node test loss: 0.3378
2025-10-02 03:33:04,430 - root - INFO - new node test average_precision, 0.9377
2025-10-02 03:33:04,430 - root - INFO - new node test roc_auc, 0.9311
2025-10-02 03:33:22,657 - root - INFO - Epoch: 25, learning rate: 0.0001, train loss: 0.2468
2025-10-02 03:33:22,657 - root - INFO - train average_precision, 0.9614
2025-10-02 03:33:22,657 - root - INFO - train roc_auc, 0.9604
2025-10-02 03:33:22,657 - root - INFO - validate loss: 0.2685
2025-10-02 03:33:22,657 - root - INFO - validate average_precision, 0.9610
2025-10-02 03:33:22,657 - root - INFO - validate roc_auc, 0.9571
2025-10-02 03:33:22,657 - root - INFO - new node validate loss: 0.3631
2025-10-02 03:33:22,658 - root - INFO - new node validate average_precision, 0.9265
2025-10-02 03:33:22,658 - root - INFO - new node validate roc_auc, 0.9151
2025-10-02 03:33:27,325 - root - INFO - test loss: 0.2864
2025-10-02 03:33:27,325 - root - INFO - test average_precision, 0.9545
2025-10-02 03:33:27,325 - root - INFO - best test average_precision: 0.9615
2025-10-02 03:33:27,325 - root - INFO - test roc_auc, 0.9524
2025-10-02 03:33:27,325 - root - INFO - new node test loss: 0.3481
2025-10-02 03:33:27,325 - root - INFO - new node test average_precision, 0.9333
2025-10-02 03:33:27,325 - root - INFO - new node test roc_auc, 0.9260
2025-10-02 03:33:45,530 - root - INFO - Epoch: 26, learning rate: 0.0001, train loss: 0.2465
2025-10-02 03:33:45,530 - root - INFO - train average_precision, 0.9610
2025-10-02 03:33:45,530 - root - INFO - train roc_auc, 0.9602
2025-10-02 03:33:45,530 - root - INFO - validate loss: 0.2634
2025-10-02 03:33:45,530 - root - INFO - validate average_precision, 0.9627
2025-10-02 03:33:45,530 - root - INFO - validate roc_auc, 0.9585
2025-10-02 03:33:45,530 - root - INFO - new node validate loss: 0.3641
2025-10-02 03:33:45,530 - root - INFO - new node validate average_precision, 0.9266
2025-10-02 03:33:45,530 - root - INFO - new node validate roc_auc, 0.9150
2025-10-02 03:33:50,194 - root - INFO - test loss: 0.2730
2025-10-02 03:33:50,195 - root - INFO - test average_precision, 0.9589
2025-10-02 03:33:50,195 - root - INFO - best test average_precision: 0.9615
2025-10-02 03:33:50,195 - root - INFO - test roc_auc, 0.9561
2025-10-02 03:33:50,195 - root - INFO - new node test loss: 0.3342
2025-10-02 03:33:50,195 - root - INFO - new node test average_precision, 0.9384
2025-10-02 03:33:50,195 - root - INFO - new node test roc_auc, 0.9314
2025-10-02 03:34:08,429 - root - INFO - Epoch: 27, learning rate: 0.0001, train loss: 0.2443
2025-10-02 03:34:08,429 - root - INFO - train average_precision, 0.9616
2025-10-02 03:34:08,429 - root - INFO - train roc_auc, 0.9609
2025-10-02 03:34:08,429 - root - INFO - validate loss: 0.2593
2025-10-02 03:34:08,430 - root - INFO - validate average_precision, 0.9631
2025-10-02 03:34:08,430 - root - INFO - validate roc_auc, 0.9599
2025-10-02 03:34:08,430 - root - INFO - new node validate loss: 0.3600
2025-10-02 03:34:08,430 - root - INFO - new node validate average_precision, 0.9275
2025-10-02 03:34:08,430 - root - INFO - new node validate roc_auc, 0.9173
2025-10-02 03:34:13,098 - root - INFO - test loss: 0.2635
2025-10-02 03:34:13,098 - root - INFO - test average_precision, 0.9620
2025-10-02 03:34:13,098 - root - INFO - best test average_precision: 0.9620
2025-10-02 03:34:13,098 - root - INFO - test roc_auc, 0.9596
2025-10-02 03:34:13,098 - root - INFO - new node test loss: 0.3293
2025-10-02 03:34:13,098 - root - INFO - new node test average_precision, 0.9402
2025-10-02 03:34:13,098 - root - INFO - new node test roc_auc, 0.9343
2025-10-02 03:34:13,098 - root - INFO - save model ./saved_models/JODIE/wikipedia/JODIE_time2vec_seed0/JODIE_time2vec_seed0.pkl
2025-10-02 03:34:32,506 - root - INFO - Epoch: 28, learning rate: 0.0001, train loss: 0.2428
2025-10-02 03:34:32,506 - root - INFO - train average_precision, 0.9618
2025-10-02 03:34:32,506 - root - INFO - train roc_auc, 0.9612
2025-10-02 03:34:32,506 - root - INFO - validate loss: 0.2608
2025-10-02 03:34:32,506 - root - INFO - validate average_precision, 0.9637
2025-10-02 03:34:32,506 - root - INFO - validate roc_auc, 0.9599
2025-10-02 03:34:32,506 - root - INFO - new node validate loss: 0.3571
2025-10-02 03:34:32,507 - root - INFO - new node validate average_precision, 0.9286
2025-10-02 03:34:32,507 - root - INFO - new node validate roc_auc, 0.9182
2025-10-02 03:34:37,121 - root - INFO - test loss: 0.2690
2025-10-02 03:34:37,122 - root - INFO - test average_precision, 0.9600
2025-10-02 03:34:37,122 - root - INFO - best test average_precision: 0.9620
2025-10-02 03:34:37,122 - root - INFO - test roc_auc, 0.9577
2025-10-02 03:34:37,122 - root - INFO - new node test loss: 0.3273
2025-10-02 03:34:37,122 - root - INFO - new node test average_precision, 0.9409
2025-10-02 03:34:37,122 - root - INFO - new node test roc_auc, 0.9348
2025-10-02 03:34:37,122 - root - INFO - save model ./saved_models/JODIE/wikipedia/JODIE_time2vec_seed0/JODIE_time2vec_seed0.pkl
2025-10-02 03:34:56,470 - root - INFO - Epoch: 29, learning rate: 0.0001, train loss: 0.2383
2025-10-02 03:34:56,470 - root - INFO - train average_precision, 0.9630
2025-10-02 03:34:56,470 - root - INFO - train roc_auc, 0.9626
2025-10-02 03:34:56,470 - root - INFO - validate loss: 0.2681
2025-10-02 03:34:56,470 - root - INFO - validate average_precision, 0.9619
2025-10-02 03:34:56,471 - root - INFO - validate roc_auc, 0.9580
2025-10-02 03:34:56,471 - root - INFO - new node validate loss: 0.3629
2025-10-02 03:34:56,471 - root - INFO - new node validate average_precision, 0.9262
2025-10-02 03:34:56,471 - root - INFO - new node validate roc_auc, 0.9157
2025-10-02 03:35:01,100 - root - INFO - test loss: 0.2786
2025-10-02 03:35:01,101 - root - INFO - test average_precision, 0.9567
2025-10-02 03:35:01,101 - root - INFO - best test average_precision: 0.9620
2025-10-02 03:35:01,101 - root - INFO - test roc_auc, 0.9544
2025-10-02 03:35:01,101 - root - INFO - new node test loss: 0.3342
2025-10-02 03:35:01,101 - root - INFO - new node test average_precision, 0.9379
2025-10-02 03:35:01,101 - root - INFO - new node test roc_auc, 0.9321
2025-10-02 03:35:19,297 - root - INFO - Epoch: 30, learning rate: 0.0001, train loss: 0.2409
2025-10-02 03:35:19,297 - root - INFO - train average_precision, 0.9625
2025-10-02 03:35:19,297 - root - INFO - train roc_auc, 0.9618
2025-10-02 03:35:19,297 - root - INFO - validate loss: 0.2601
2025-10-02 03:35:19,297 - root - INFO - validate average_precision, 0.9628
2025-10-02 03:35:19,297 - root - INFO - validate roc_auc, 0.9593
2025-10-02 03:35:19,297 - root - INFO - new node validate loss: 0.3497
2025-10-02 03:35:19,297 - root - INFO - new node validate average_precision, 0.9286
2025-10-02 03:35:19,297 - root - INFO - new node validate roc_auc, 0.9192
2025-10-02 03:35:23,957 - root - INFO - test loss: 0.2730
2025-10-02 03:35:23,957 - root - INFO - test average_precision, 0.9599
2025-10-02 03:35:23,957 - root - INFO - best test average_precision: 0.9620
2025-10-02 03:35:23,957 - root - INFO - test roc_auc, 0.9568
2025-10-02 03:35:23,957 - root - INFO - new node test loss: 0.3253
2025-10-02 03:35:23,958 - root - INFO - new node test average_precision, 0.9410
2025-10-02 03:35:23,958 - root - INFO - new node test roc_auc, 0.9359
2025-10-02 03:35:42,149 - root - INFO - Epoch: 31, learning rate: 0.0001, train loss: 0.2401
2025-10-02 03:35:42,150 - root - INFO - train average_precision, 0.9624
2025-10-02 03:35:42,150 - root - INFO - train roc_auc, 0.9621
2025-10-02 03:35:42,150 - root - INFO - validate loss: 0.2656
2025-10-02 03:35:42,150 - root - INFO - validate average_precision, 0.9618
2025-10-02 03:35:42,150 - root - INFO - validate roc_auc, 0.9584
2025-10-02 03:35:42,150 - root - INFO - new node validate loss: 0.3527
2025-10-02 03:35:42,150 - root - INFO - new node validate average_precision, 0.9289
2025-10-02 03:35:42,150 - root - INFO - new node validate roc_auc, 0.9201
2025-10-02 03:35:46,774 - root - INFO - test loss: 0.2689
2025-10-02 03:35:46,774 - root - INFO - test average_precision, 0.9601
2025-10-02 03:35:46,775 - root - INFO - best test average_precision: 0.9620
2025-10-02 03:35:46,775 - root - INFO - test roc_auc, 0.9579
2025-10-02 03:35:46,775 - root - INFO - new node test loss: 0.3222
2025-10-02 03:35:46,775 - root - INFO - new node test average_precision, 0.9427
2025-10-02 03:35:46,775 - root - INFO - new node test roc_auc, 0.9373
2025-10-02 03:36:05,011 - root - INFO - Epoch: 32, learning rate: 0.0001, train loss: 0.2351
2025-10-02 03:36:05,011 - root - INFO - train average_precision, 0.9640
2025-10-02 03:36:05,011 - root - INFO - train roc_auc, 0.9634
2025-10-02 03:36:05,011 - root - INFO - validate loss: 0.2553
2025-10-02 03:36:05,011 - root - INFO - validate average_precision, 0.9640
2025-10-02 03:36:05,011 - root - INFO - validate roc_auc, 0.9611
2025-10-02 03:36:05,011 - root - INFO - new node validate loss: 0.3499
2025-10-02 03:36:05,011 - root - INFO - new node validate average_precision, 0.9303
2025-10-02 03:36:05,011 - root - INFO - new node validate roc_auc, 0.9213
2025-10-02 03:36:09,654 - root - INFO - test loss: 0.2600
2025-10-02 03:36:09,654 - root - INFO - test average_precision, 0.9627
2025-10-02 03:36:09,655 - root - INFO - best test average_precision: 0.9627
2025-10-02 03:36:09,655 - root - INFO - test roc_auc, 0.9606
2025-10-02 03:36:09,655 - root - INFO - new node test loss: 0.3201
2025-10-02 03:36:09,655 - root - INFO - new node test average_precision, 0.9436
2025-10-02 03:36:09,655 - root - INFO - new node test roc_auc, 0.9386
2025-10-02 03:36:09,655 - root - INFO - save model ./saved_models/JODIE/wikipedia/JODIE_time2vec_seed0/JODIE_time2vec_seed0.pkl
2025-10-02 03:36:28,984 - root - INFO - Epoch: 33, learning rate: 0.0001, train loss: 0.2369
2025-10-02 03:36:28,984 - root - INFO - train average_precision, 0.9637
2025-10-02 03:36:28,984 - root - INFO - train roc_auc, 0.9630
2025-10-02 03:36:28,984 - root - INFO - validate loss: 0.2630
2025-10-02 03:36:28,984 - root - INFO - validate average_precision, 0.9624
2025-10-02 03:36:28,984 - root - INFO - validate roc_auc, 0.9590
2025-10-02 03:36:28,984 - root - INFO - new node validate loss: 0.3542
2025-10-02 03:36:28,984 - root - INFO - new node validate average_precision, 0.9293
2025-10-02 03:36:28,984 - root - INFO - new node validate roc_auc, 0.9198
2025-10-02 03:36:33,625 - root - INFO - test loss: 0.2661
2025-10-02 03:36:33,625 - root - INFO - test average_precision, 0.9610
2025-10-02 03:36:33,625 - root - INFO - best test average_precision: 0.9627
2025-10-02 03:36:33,625 - root - INFO - test roc_auc, 0.9586
2025-10-02 03:36:33,625 - root - INFO - new node test loss: 0.3279
2025-10-02 03:36:33,625 - root - INFO - new node test average_precision, 0.9414
2025-10-02 03:36:33,625 - root - INFO - new node test roc_auc, 0.9359
2025-10-02 03:36:51,803 - root - INFO - Epoch: 34, learning rate: 0.0001, train loss: 0.2336
2025-10-02 03:36:51,803 - root - INFO - train average_precision, 0.9643
2025-10-02 03:36:51,803 - root - INFO - train roc_auc, 0.9638
2025-10-02 03:36:51,803 - root - INFO - validate loss: 0.2631
2025-10-02 03:36:51,803 - root - INFO - validate average_precision, 0.9635
2025-10-02 03:36:51,803 - root - INFO - validate roc_auc, 0.9599
2025-10-02 03:36:51,803 - root - INFO - new node validate loss: 0.3534
2025-10-02 03:36:51,803 - root - INFO - new node validate average_precision, 0.9305
2025-10-02 03:36:51,804 - root - INFO - new node validate roc_auc, 0.9211
2025-10-02 03:36:56,445 - root - INFO - test loss: 0.2676
2025-10-02 03:36:56,446 - root - INFO - test average_precision, 0.9608
2025-10-02 03:36:56,446 - root - INFO - best test average_precision: 0.9627
2025-10-02 03:36:56,446 - root - INFO - test roc_auc, 0.9590
2025-10-02 03:36:56,446 - root - INFO - new node test loss: 0.3319
2025-10-02 03:36:56,446 - root - INFO - new node test average_precision, 0.9407
2025-10-02 03:36:56,446 - root - INFO - new node test roc_auc, 0.9348
2025-10-02 03:37:14,782 - root - INFO - Epoch: 35, learning rate: 0.0001, train loss: 0.2423
2025-10-02 03:37:14,782 - root - INFO - train average_precision, 0.9623
2025-10-02 03:37:14,783 - root - INFO - train roc_auc, 0.9614
2025-10-02 03:37:14,783 - root - INFO - validate loss: 0.2663
2025-10-02 03:37:14,783 - root - INFO - validate average_precision, 0.9611
2025-10-02 03:37:14,783 - root - INFO - validate roc_auc, 0.9574
2025-10-02 03:37:14,783 - root - INFO - new node validate loss: 0.3405
2025-10-02 03:37:14,783 - root - INFO - new node validate average_precision, 0.9305
2025-10-02 03:37:14,783 - root - INFO - new node validate roc_auc, 0.9218
2025-10-02 03:37:19,446 - root - INFO - test loss: 0.2803
2025-10-02 03:37:19,446 - root - INFO - test average_precision, 0.9564
2025-10-02 03:37:19,446 - root - INFO - best test average_precision: 0.9627
2025-10-02 03:37:19,446 - root - INFO - test roc_auc, 0.9539
2025-10-02 03:37:19,446 - root - INFO - new node test loss: 0.3236
2025-10-02 03:37:19,446 - root - INFO - new node test average_precision, 0.9409
2025-10-02 03:37:19,446 - root - INFO - new node test roc_auc, 0.9350
2025-10-02 03:37:37,660 - root - INFO - Epoch: 36, learning rate: 0.0001, train loss: 0.2335
2025-10-02 03:37:37,661 - root - INFO - train average_precision, 0.9643
2025-10-02 03:37:37,661 - root - INFO - train roc_auc, 0.9638
2025-10-02 03:37:37,661 - root - INFO - validate loss: 0.2753
2025-10-02 03:37:37,661 - root - INFO - validate average_precision, 0.9615
2025-10-02 03:37:37,661 - root - INFO - validate roc_auc, 0.9571
2025-10-02 03:37:37,661 - root - INFO - new node validate loss: 0.3505
2025-10-02 03:37:37,661 - root - INFO - new node validate average_precision, 0.9299
2025-10-02 03:37:37,661 - root - INFO - new node validate roc_auc, 0.9212
2025-10-02 03:37:42,316 - root - INFO - test loss: 0.3131
2025-10-02 03:37:42,316 - root - INFO - test average_precision, 0.9493
2025-10-02 03:37:42,316 - root - INFO - best test average_precision: 0.9627
2025-10-02 03:37:42,316 - root - INFO - test roc_auc, 0.9453
2025-10-02 03:37:42,316 - root - INFO - new node test loss: 0.3763
2025-10-02 03:37:42,316 - root - INFO - new node test average_precision, 0.9269
2025-10-02 03:37:42,316 - root - INFO - new node test roc_auc, 0.9177
2025-10-02 03:38:00,479 - root - INFO - Epoch: 37, learning rate: 0.0001, train loss: 0.2334
2025-10-02 03:38:00,479 - root - INFO - train average_precision, 0.9641
2025-10-02 03:38:00,479 - root - INFO - train roc_auc, 0.9638
2025-10-02 03:38:00,479 - root - INFO - validate loss: 0.2689
2025-10-02 03:38:00,479 - root - INFO - validate average_precision, 0.9611
2025-10-02 03:38:00,479 - root - INFO - validate roc_auc, 0.9576
2025-10-02 03:38:00,479 - root - INFO - new node validate loss: 0.3457
2025-10-02 03:38:00,479 - root - INFO - new node validate average_precision, 0.9303
2025-10-02 03:38:00,479 - root - INFO - new node validate roc_auc, 0.9218
2025-10-02 03:38:05,102 - root - INFO - test loss: 0.2739
2025-10-02 03:38:05,102 - root - INFO - test average_precision, 0.9591
2025-10-02 03:38:05,102 - root - INFO - best test average_precision: 0.9627
2025-10-02 03:38:05,103 - root - INFO - test roc_auc, 0.9567
2025-10-02 03:38:05,103 - root - INFO - new node test loss: 0.3313
2025-10-02 03:38:05,103 - root - INFO - new node test average_precision, 0.9403
2025-10-02 03:38:05,103 - root - INFO - new node test roc_auc, 0.9342
2025-10-02 03:38:23,314 - root - INFO - Epoch: 38, learning rate: 0.0001, train loss: 0.2291
2025-10-02 03:38:23,314 - root - INFO - train average_precision, 0.9651
2025-10-02 03:38:23,314 - root - INFO - train roc_auc, 0.9651
2025-10-02 03:38:23,314 - root - INFO - validate loss: 0.2662
2025-10-02 03:38:23,314 - root - INFO - validate average_precision, 0.9630
2025-10-02 03:38:23,314 - root - INFO - validate roc_auc, 0.9595
2025-10-02 03:38:23,314 - root - INFO - new node validate loss: 0.3498
2025-10-02 03:38:23,314 - root - INFO - new node validate average_precision, 0.9306
2025-10-02 03:38:23,314 - root - INFO - new node validate roc_auc, 0.9222
2025-10-02 03:38:27,951 - root - INFO - test loss: 0.2741
2025-10-02 03:38:27,951 - root - INFO - test average_precision, 0.9593
2025-10-02 03:38:27,951 - root - INFO - best test average_precision: 0.9627
2025-10-02 03:38:27,951 - root - INFO - test roc_auc, 0.9576
2025-10-02 03:38:27,951 - root - INFO - new node test loss: 0.3293
2025-10-02 03:38:27,951 - root - INFO - new node test average_precision, 0.9421
2025-10-02 03:38:27,951 - root - INFO - new node test roc_auc, 0.9356
2025-10-02 03:38:46,195 - root - INFO - Epoch: 39, learning rate: 0.0001, train loss: 0.2293
2025-10-02 03:38:46,195 - root - INFO - train average_precision, 0.9651
2025-10-02 03:38:46,195 - root - INFO - train roc_auc, 0.9650
2025-10-02 03:38:46,195 - root - INFO - validate loss: 0.2694
2025-10-02 03:38:46,196 - root - INFO - validate average_precision, 0.9624
2025-10-02 03:38:46,196 - root - INFO - validate roc_auc, 0.9589
2025-10-02 03:38:46,196 - root - INFO - new node validate loss: 0.3484
2025-10-02 03:38:46,196 - root - INFO - new node validate average_precision, 0.9316
2025-10-02 03:38:46,196 - root - INFO - new node validate roc_auc, 0.9232
2025-10-02 03:38:50,866 - root - INFO - test loss: 0.2846
2025-10-02 03:38:50,866 - root - INFO - test average_precision, 0.9563
2025-10-02 03:38:50,866 - root - INFO - best test average_precision: 0.9627
2025-10-02 03:38:50,866 - root - INFO - test roc_auc, 0.9548
2025-10-02 03:38:50,866 - root - INFO - new node test loss: 0.3407
2025-10-02 03:38:50,866 - root - INFO - new node test average_precision, 0.9394
2025-10-02 03:38:50,866 - root - INFO - new node test roc_auc, 0.9327
2025-10-02 03:39:09,035 - root - INFO - Epoch: 40, learning rate: 0.0001, train loss: 0.2260
2025-10-02 03:39:09,035 - root - INFO - train average_precision, 0.9661
2025-10-02 03:39:09,036 - root - INFO - train roc_auc, 0.9659
2025-10-02 03:39:09,036 - root - INFO - validate loss: 0.2622
2025-10-02 03:39:09,036 - root - INFO - validate average_precision, 0.9641
2025-10-02 03:39:09,036 - root - INFO - validate roc_auc, 0.9609
2025-10-02 03:39:09,036 - root - INFO - new node validate loss: 0.3466
2025-10-02 03:39:09,036 - root - INFO - new node validate average_precision, 0.9318
2025-10-02 03:39:09,036 - root - INFO - new node validate roc_auc, 0.9235
2025-10-02 03:39:13,668 - root - INFO - test loss: 0.2577
2025-10-02 03:39:13,668 - root - INFO - test average_precision, 0.9642
2025-10-02 03:39:13,668 - root - INFO - best test average_precision: 0.9642
2025-10-02 03:39:13,668 - root - INFO - test roc_auc, 0.9621
2025-10-02 03:39:13,668 - root - INFO - new node test loss: 0.3239
2025-10-02 03:39:13,668 - root - INFO - new node test average_precision, 0.9450
2025-10-02 03:39:13,669 - root - INFO - new node test roc_auc, 0.9397
2025-10-02 03:39:31,909 - root - INFO - Epoch: 41, learning rate: 0.0001, train loss: 0.2242
2025-10-02 03:39:31,909 - root - INFO - train average_precision, 0.9661
2025-10-02 03:39:31,909 - root - INFO - train roc_auc, 0.9662
2025-10-02 03:39:31,910 - root - INFO - validate loss: 0.2684
2025-10-02 03:39:31,910 - root - INFO - validate average_precision, 0.9628
2025-10-02 03:39:31,910 - root - INFO - validate roc_auc, 0.9591
2025-10-02 03:39:31,910 - root - INFO - new node validate loss: 0.3488
2025-10-02 03:39:31,910 - root - INFO - new node validate average_precision, 0.9316
2025-10-02 03:39:31,910 - root - INFO - new node validate roc_auc, 0.9237
2025-10-02 03:39:36,573 - root - INFO - test loss: 0.2750
2025-10-02 03:39:36,573 - root - INFO - test average_precision, 0.9594
2025-10-02 03:39:36,573 - root - INFO - best test average_precision: 0.9642
2025-10-02 03:39:36,573 - root - INFO - test roc_auc, 0.9567
2025-10-02 03:39:36,573 - root - INFO - new node test loss: 0.3335
2025-10-02 03:39:36,573 - root - INFO - new node test average_precision, 0.9408
2025-10-02 03:39:36,574 - root - INFO - new node test roc_auc, 0.9354
2025-10-02 03:39:54,813 - root - INFO - Epoch: 42, learning rate: 0.0001, train loss: 0.2240
2025-10-02 03:39:54,813 - root - INFO - train average_precision, 0.9661
2025-10-02 03:39:54,813 - root - INFO - train roc_auc, 0.9662
2025-10-02 03:39:54,813 - root - INFO - validate loss: 0.2627
2025-10-02 03:39:54,813 - root - INFO - validate average_precision, 0.9640
2025-10-02 03:39:54,813 - root - INFO - validate roc_auc, 0.9604
2025-10-02 03:39:54,813 - root - INFO - new node validate loss: 0.3469
2025-10-02 03:39:54,813 - root - INFO - new node validate average_precision, 0.9320
2025-10-02 03:39:54,813 - root - INFO - new node validate roc_auc, 0.9236
2025-10-02 03:39:59,483 - root - INFO - test loss: 0.2739
2025-10-02 03:39:59,483 - root - INFO - test average_precision, 0.9589
2025-10-02 03:39:59,483 - root - INFO - best test average_precision: 0.9642
2025-10-02 03:39:59,483 - root - INFO - test roc_auc, 0.9571
2025-10-02 03:39:59,483 - root - INFO - new node test loss: 0.3353
2025-10-02 03:39:59,483 - root - INFO - new node test average_precision, 0.9405
2025-10-02 03:39:59,483 - root - INFO - new node test roc_auc, 0.9341
2025-10-02 03:40:17,679 - root - INFO - Epoch: 43, learning rate: 0.0001, train loss: 0.2201
2025-10-02 03:40:17,679 - root - INFO - train average_precision, 0.9676
2025-10-02 03:40:17,679 - root - INFO - train roc_auc, 0.9675
2025-10-02 03:40:17,679 - root - INFO - validate loss: 0.2646
2025-10-02 03:40:17,679 - root - INFO - validate average_precision, 0.9641
2025-10-02 03:40:17,679 - root - INFO - validate roc_auc, 0.9609
2025-10-02 03:40:17,679 - root - INFO - new node validate loss: 0.3481
2025-10-02 03:40:17,679 - root - INFO - new node validate average_precision, 0.9323
2025-10-02 03:40:17,679 - root - INFO - new node validate roc_auc, 0.9237
2025-10-02 03:40:22,314 - root - INFO - test loss: 0.2663
2025-10-02 03:40:22,315 - root - INFO - test average_precision, 0.9630
2025-10-02 03:40:22,315 - root - INFO - best test average_precision: 0.9642
2025-10-02 03:40:22,315 - root - INFO - test roc_auc, 0.9606
2025-10-02 03:40:22,315 - root - INFO - new node test loss: 0.3270
2025-10-02 03:40:22,315 - root - INFO - new node test average_precision, 0.9443
2025-10-02 03:40:22,315 - root - INFO - new node test roc_auc, 0.9389
2025-10-02 03:40:40,513 - root - INFO - Epoch: 44, learning rate: 0.0001, train loss: 0.2195
2025-10-02 03:40:40,513 - root - INFO - train average_precision, 0.9676
2025-10-02 03:40:40,513 - root - INFO - train roc_auc, 0.9676
2025-10-02 03:40:40,513 - root - INFO - validate loss: 0.2549
2025-10-02 03:40:40,513 - root - INFO - validate average_precision, 0.9654
2025-10-02 03:40:40,513 - root - INFO - validate roc_auc, 0.9622
2025-10-02 03:40:40,513 - root - INFO - new node validate loss: 0.3370
2025-10-02 03:40:40,514 - root - INFO - new node validate average_precision, 0.9342
2025-10-02 03:40:40,514 - root - INFO - new node validate roc_auc, 0.9261
2025-10-02 03:40:45,158 - root - INFO - test loss: 0.2603
2025-10-02 03:40:45,159 - root - INFO - test average_precision, 0.9623
2025-10-02 03:40:45,159 - root - INFO - best test average_precision: 0.9642
2025-10-02 03:40:45,159 - root - INFO - test roc_auc, 0.9610
2025-10-02 03:40:45,159 - root - INFO - new node test loss: 0.3207
2025-10-02 03:40:45,159 - root - INFO - new node test average_precision, 0.9457
2025-10-02 03:40:45,159 - root - INFO - new node test roc_auc, 0.9403
2025-10-02 03:40:45,159 - root - INFO - save model ./saved_models/JODIE/wikipedia/JODIE_time2vec_seed0/JODIE_time2vec_seed0.pkl
2025-10-02 03:41:04,553 - root - INFO - Epoch: 45, learning rate: 0.0001, train loss: 0.2184
2025-10-02 03:41:04,554 - root - INFO - train average_precision, 0.9685
2025-10-02 03:41:04,554 - root - INFO - train roc_auc, 0.9681
2025-10-02 03:41:04,554 - root - INFO - validate loss: 0.2605
2025-10-02 03:41:04,554 - root - INFO - validate average_precision, 0.9637
2025-10-02 03:41:04,554 - root - INFO - validate roc_auc, 0.9603
2025-10-02 03:41:04,554 - root - INFO - new node validate loss: 0.3394
2025-10-02 03:41:04,554 - root - INFO - new node validate average_precision, 0.9328
2025-10-02 03:41:04,554 - root - INFO - new node validate roc_auc, 0.9248
2025-10-02 03:41:09,226 - root - INFO - test loss: 0.2667
2025-10-02 03:41:09,226 - root - INFO - test average_precision, 0.9603
2025-10-02 03:41:09,226 - root - INFO - best test average_precision: 0.9642
2025-10-02 03:41:09,226 - root - INFO - test roc_auc, 0.9587
2025-10-02 03:41:09,226 - root - INFO - new node test loss: 0.3222
2025-10-02 03:41:09,226 - root - INFO - new node test average_precision, 0.9445
2025-10-02 03:41:09,226 - root - INFO - new node test roc_auc, 0.9382
2025-10-02 03:41:27,376 - root - INFO - Epoch: 46, learning rate: 0.0001, train loss: 0.2177
2025-10-02 03:41:27,376 - root - INFO - train average_precision, 0.9683
2025-10-02 03:41:27,376 - root - INFO - train roc_auc, 0.9681
2025-10-02 03:41:27,376 - root - INFO - validate loss: 0.2673
2025-10-02 03:41:27,376 - root - INFO - validate average_precision, 0.9634
2025-10-02 03:41:27,376 - root - INFO - validate roc_auc, 0.9598
2025-10-02 03:41:27,376 - root - INFO - new node validate loss: 0.3468
2025-10-02 03:41:27,376 - root - INFO - new node validate average_precision, 0.9324
2025-10-02 03:41:27,376 - root - INFO - new node validate roc_auc, 0.9250
2025-10-02 03:41:32,006 - root - INFO - test loss: 0.2798
2025-10-02 03:41:32,006 - root - INFO - test average_precision, 0.9574
2025-10-02 03:41:32,006 - root - INFO - best test average_precision: 0.9642
2025-10-02 03:41:32,006 - root - INFO - test roc_auc, 0.9555
2025-10-02 03:41:32,006 - root - INFO - new node test loss: 0.3366
2025-10-02 03:41:32,006 - root - INFO - new node test average_precision, 0.9399
2025-10-02 03:41:32,006 - root - INFO - new node test roc_auc, 0.9340
2025-10-02 03:41:50,216 - root - INFO - Epoch: 47, learning rate: 0.0001, train loss: 0.2154
2025-10-02 03:41:50,216 - root - INFO - train average_precision, 0.9685
2025-10-02 03:41:50,216 - root - INFO - train roc_auc, 0.9687
2025-10-02 03:41:50,216 - root - INFO - validate loss: 0.2672
2025-10-02 03:41:50,216 - root - INFO - validate average_precision, 0.9628
2025-10-02 03:41:50,216 - root - INFO - validate roc_auc, 0.9590
2025-10-02 03:41:50,216 - root - INFO - new node validate loss: 0.3432
2025-10-02 03:41:50,216 - root - INFO - new node validate average_precision, 0.9332
2025-10-02 03:41:50,217 - root - INFO - new node validate roc_auc, 0.9249
2025-10-02 03:41:54,842 - root - INFO - test loss: 0.3016
2025-10-02 03:41:54,843 - root - INFO - test average_precision, 0.9513
2025-10-02 03:41:54,843 - root - INFO - best test average_precision: 0.9642
2025-10-02 03:41:54,843 - root - INFO - test roc_auc, 0.9488
2025-10-02 03:41:54,843 - root - INFO - new node test loss: 0.3600
2025-10-02 03:41:54,843 - root - INFO - new node test average_precision, 0.9323
2025-10-02 03:41:54,843 - root - INFO - new node test roc_auc, 0.9240
2025-10-02 03:42:13,058 - root - INFO - Epoch: 48, learning rate: 0.0001, train loss: 0.2143
2025-10-02 03:42:13,058 - root - INFO - train average_precision, 0.9687
2025-10-02 03:42:13,058 - root - INFO - train roc_auc, 0.9688
2025-10-02 03:42:13,058 - root - INFO - validate loss: 0.2635
2025-10-02 03:42:13,058 - root - INFO - validate average_precision, 0.9639
2025-10-02 03:42:13,058 - root - INFO - validate roc_auc, 0.9602
2025-10-02 03:42:13,059 - root - INFO - new node validate loss: 0.3427
2025-10-02 03:42:13,059 - root - INFO - new node validate average_precision, 0.9332
2025-10-02 03:42:13,059 - root - INFO - new node validate roc_auc, 0.9252
2025-10-02 03:42:17,715 - root - INFO - test loss: 0.2847
2025-10-02 03:42:17,715 - root - INFO - test average_precision, 0.9564
2025-10-02 03:42:17,715 - root - INFO - best test average_precision: 0.9642
2025-10-02 03:42:17,715 - root - INFO - test roc_auc, 0.9539
2025-10-02 03:42:17,715 - root - INFO - new node test loss: 0.3340
2025-10-02 03:42:17,715 - root - INFO - new node test average_precision, 0.9407
2025-10-02 03:42:17,715 - root - INFO - new node test roc_auc, 0.9340
2025-10-02 03:42:35,915 - root - INFO - Epoch: 49, learning rate: 0.0001, train loss: 0.2134
2025-10-02 03:42:35,916 - root - INFO - train average_precision, 0.9692
2025-10-02 03:42:35,916 - root - INFO - train roc_auc, 0.9692
2025-10-02 03:42:35,916 - root - INFO - validate loss: 0.2604
2025-10-02 03:42:35,916 - root - INFO - validate average_precision, 0.9650
2025-10-02 03:42:35,916 - root - INFO - validate roc_auc, 0.9612
2025-10-02 03:42:35,916 - root - INFO - new node validate loss: 0.3414
2025-10-02 03:42:35,916 - root - INFO - new node validate average_precision, 0.9336
2025-10-02 03:42:35,916 - root - INFO - new node validate roc_auc, 0.9256
2025-10-02 03:42:40,539 - root - INFO - test loss: 0.2749
2025-10-02 03:42:40,539 - root - INFO - test average_precision, 0.9595
2025-10-02 03:42:40,540 - root - INFO - best test average_precision: 0.9642
2025-10-02 03:42:40,540 - root - INFO - test roc_auc, 0.9570
2025-10-02 03:42:40,540 - root - INFO - new node test loss: 0.3316
2025-10-02 03:42:40,540 - root - INFO - new node test average_precision, 0.9423
2025-10-02 03:42:40,540 - root - INFO - new node test roc_auc, 0.9351
2025-10-02 03:42:58,730 - root - INFO - Epoch: 50, learning rate: 0.0001, train loss: 0.2134
2025-10-02 03:42:58,731 - root - INFO - train average_precision, 0.9688
2025-10-02 03:42:58,731 - root - INFO - train roc_auc, 0.9690
2025-10-02 03:42:58,731 - root - INFO - validate loss: 0.2639
2025-10-02 03:42:58,731 - root - INFO - validate average_precision, 0.9645
2025-10-02 03:42:58,731 - root - INFO - validate roc_auc, 0.9599
2025-10-02 03:42:58,731 - root - INFO - new node validate loss: 0.3473
2025-10-02 03:42:58,731 - root - INFO - new node validate average_precision, 0.9325
2025-10-02 03:42:58,731 - root - INFO - new node validate roc_auc, 0.9237
2025-10-02 03:43:03,349 - root - INFO - test loss: 0.2774
2025-10-02 03:43:03,349 - root - INFO - test average_precision, 0.9595
2025-10-02 03:43:03,349 - root - INFO - best test average_precision: 0.9642
2025-10-02 03:43:03,349 - root - INFO - test roc_auc, 0.9564
2025-10-02 03:43:03,349 - root - INFO - new node test loss: 0.3334
2025-10-02 03:43:03,349 - root - INFO - new node test average_precision, 0.9411
2025-10-02 03:43:03,349 - root - INFO - new node test roc_auc, 0.9339
2025-10-02 03:43:21,674 - root - INFO - Epoch: 51, learning rate: 0.0001, train loss: 0.2120
2025-10-02 03:43:21,674 - root - INFO - train average_precision, 0.9695
2025-10-02 03:43:21,674 - root - INFO - train roc_auc, 0.9695
2025-10-02 03:43:21,674 - root - INFO - validate loss: 0.2642
2025-10-02 03:43:21,674 - root - INFO - validate average_precision, 0.9642
2025-10-02 03:43:21,674 - root - INFO - validate roc_auc, 0.9599
2025-10-02 03:43:21,675 - root - INFO - new node validate loss: 0.3437
2025-10-02 03:43:21,675 - root - INFO - new node validate average_precision, 0.9328
2025-10-02 03:43:21,675 - root - INFO - new node validate roc_auc, 0.9245
2025-10-02 03:43:26,308 - root - INFO - test loss: 0.2836
2025-10-02 03:43:26,309 - root - INFO - test average_precision, 0.9573
2025-10-02 03:43:26,309 - root - INFO - best test average_precision: 0.9642
2025-10-02 03:43:26,309 - root - INFO - test roc_auc, 0.9542
2025-10-02 03:43:26,309 - root - INFO - new node test loss: 0.3348
2025-10-02 03:43:26,309 - root - INFO - new node test average_precision, 0.9421
2025-10-02 03:43:26,309 - root - INFO - new node test roc_auc, 0.9356
2025-10-02 03:43:44,465 - root - INFO - Epoch: 52, learning rate: 0.0001, train loss: 0.2121
2025-10-02 03:43:44,465 - root - INFO - train average_precision, 0.9694
2025-10-02 03:43:44,466 - root - INFO - train roc_auc, 0.9693
2025-10-02 03:43:44,466 - root - INFO - validate loss: 0.2671
2025-10-02 03:43:44,466 - root - INFO - validate average_precision, 0.9638
2025-10-02 03:43:44,466 - root - INFO - validate roc_auc, 0.9597
2025-10-02 03:43:44,466 - root - INFO - new node validate loss: 0.3470
2025-10-02 03:43:44,466 - root - INFO - new node validate average_precision, 0.9323
2025-10-02 03:43:44,466 - root - INFO - new node validate roc_auc, 0.9241
2025-10-02 03:43:49,095 - root - INFO - test loss: 0.2914
2025-10-02 03:43:49,095 - root - INFO - test average_precision, 0.9553
2025-10-02 03:43:49,095 - root - INFO - best test average_precision: 0.9642
2025-10-02 03:43:49,095 - root - INFO - test roc_auc, 0.9519
2025-10-02 03:43:49,095 - root - INFO - new node test loss: 0.3480
2025-10-02 03:43:49,095 - root - INFO - new node test average_precision, 0.9362
2025-10-02 03:43:49,096 - root - INFO - new node test roc_auc, 0.9286
2025-10-02 03:44:07,279 - root - INFO - Epoch: 53, learning rate: 0.0001, train loss: 0.2088
2025-10-02 03:44:07,279 - root - INFO - train average_precision, 0.9701
2025-10-02 03:44:07,280 - root - INFO - train roc_auc, 0.9704
2025-10-02 03:44:07,280 - root - INFO - validate loss: 0.2635
2025-10-02 03:44:07,280 - root - INFO - validate average_precision, 0.9651
2025-10-02 03:44:07,280 - root - INFO - validate roc_auc, 0.9611
2025-10-02 03:44:07,280 - root - INFO - new node validate loss: 0.3560
2025-10-02 03:44:07,280 - root - INFO - new node validate average_precision, 0.9316
2025-10-02 03:44:07,280 - root - INFO - new node validate roc_auc, 0.9219
2025-10-02 03:44:11,890 - root - INFO - test loss: 0.2726
2025-10-02 03:44:11,891 - root - INFO - test average_precision, 0.9615
2025-10-02 03:44:11,891 - root - INFO - best test average_precision: 0.9642
2025-10-02 03:44:11,891 - root - INFO - test roc_auc, 0.9582
2025-10-02 03:44:11,891 - root - INFO - new node test loss: 0.3342
2025-10-02 03:44:11,891 - root - INFO - new node test average_precision, 0.9424
2025-10-02 03:44:11,891 - root - INFO - new node test roc_auc, 0.9350
2025-10-02 03:44:30,181 - root - INFO - Epoch: 54, learning rate: 0.0001, train loss: 0.2085
2025-10-02 03:44:30,182 - root - INFO - train average_precision, 0.9702
2025-10-02 03:44:30,182 - root - INFO - train roc_auc, 0.9702
2025-10-02 03:44:30,182 - root - INFO - validate loss: 0.2599
2025-10-02 03:44:30,182 - root - INFO - validate average_precision, 0.9652
2025-10-02 03:44:30,182 - root - INFO - validate roc_auc, 0.9615
2025-10-02 03:44:30,182 - root - INFO - new node validate loss: 0.3464
2025-10-02 03:44:30,182 - root - INFO - new node validate average_precision, 0.9325
2025-10-02 03:44:30,182 - root - INFO - new node validate roc_auc, 0.9235
2025-10-02 03:44:34,825 - root - INFO - test loss: 0.2813
2025-10-02 03:44:34,825 - root - INFO - test average_precision, 0.9589
2025-10-02 03:44:34,826 - root - INFO - best test average_precision: 0.9642
2025-10-02 03:44:34,826 - root - INFO - test roc_auc, 0.9556
2025-10-02 03:44:34,826 - root - INFO - new node test loss: 0.3480
2025-10-02 03:44:34,826 - root - INFO - new node test average_precision, 0.9375
2025-10-02 03:44:34,826 - root - INFO - new node test roc_auc, 0.9301
2025-10-02 03:44:53,017 - root - INFO - Epoch: 55, learning rate: 0.0001, train loss: 0.2076
2025-10-02 03:44:53,017 - root - INFO - train average_precision, 0.9700
2025-10-02 03:44:53,018 - root - INFO - train roc_auc, 0.9705
2025-10-02 03:44:53,018 - root - INFO - validate loss: 0.2519
2025-10-02 03:44:53,018 - root - INFO - validate average_precision, 0.9668
2025-10-02 03:44:53,018 - root - INFO - validate roc_auc, 0.9632
2025-10-02 03:44:53,018 - root - INFO - new node validate loss: 0.3420
2025-10-02 03:44:53,018 - root - INFO - new node validate average_precision, 0.9328
2025-10-02 03:44:53,018 - root - INFO - new node validate roc_auc, 0.9243
2025-10-02 03:44:57,625 - root - INFO - test loss: 0.2685
2025-10-02 03:44:57,625 - root - INFO - test average_precision, 0.9615
2025-10-02 03:44:57,625 - root - INFO - best test average_precision: 0.9642
2025-10-02 03:44:57,625 - root - INFO - test roc_auc, 0.9586
2025-10-02 03:44:57,626 - root - INFO - new node test loss: 0.3223
2025-10-02 03:44:57,626 - root - INFO - new node test average_precision, 0.9444
2025-10-02 03:44:57,626 - root - INFO - new node test roc_auc, 0.9379
2025-10-02 03:44:57,626 - root - INFO - save model ./saved_models/JODIE/wikipedia/JODIE_time2vec_seed0/JODIE_time2vec_seed0.pkl
2025-10-02 03:45:16,875 - root - INFO - Epoch: 56, learning rate: 0.0001, train loss: 0.2044
2025-10-02 03:45:16,876 - root - INFO - train average_precision, 0.9710
2025-10-02 03:45:16,876 - root - INFO - train roc_auc, 0.9712
2025-10-02 03:45:16,876 - root - INFO - validate loss: 0.2688
2025-10-02 03:45:16,876 - root - INFO - validate average_precision, 0.9646
2025-10-02 03:45:16,876 - root - INFO - validate roc_auc, 0.9608
2025-10-02 03:45:16,876 - root - INFO - new node validate loss: 0.3546
2025-10-02 03:45:16,876 - root - INFO - new node validate average_precision, 0.9326
2025-10-02 03:45:16,876 - root - INFO - new node validate roc_auc, 0.9235
2025-10-02 03:45:21,519 - root - INFO - test loss: 0.2792
2025-10-02 03:45:21,519 - root - INFO - test average_precision, 0.9601
2025-10-02 03:45:21,519 - root - INFO - best test average_precision: 0.9642
2025-10-02 03:45:21,519 - root - INFO - test roc_auc, 0.9578
2025-10-02 03:45:21,519 - root - INFO - new node test loss: 0.3378
2025-10-02 03:45:21,519 - root - INFO - new node test average_precision, 0.9425
2025-10-02 03:45:21,519 - root - INFO - new node test roc_auc, 0.9368
2025-10-02 03:45:39,660 - root - INFO - Epoch: 57, learning rate: 0.0001, train loss: 0.2031
2025-10-02 03:45:39,660 - root - INFO - train average_precision, 0.9714
2025-10-02 03:45:39,660 - root - INFO - train roc_auc, 0.9716
2025-10-02 03:45:39,660 - root - INFO - validate loss: 0.2642
2025-10-02 03:45:39,660 - root - INFO - validate average_precision, 0.9647
2025-10-02 03:45:39,660 - root - INFO - validate roc_auc, 0.9605
2025-10-02 03:45:39,660 - root - INFO - new node validate loss: 0.3509
2025-10-02 03:45:39,660 - root - INFO - new node validate average_precision, 0.9317
2025-10-02 03:45:39,660 - root - INFO - new node validate roc_auc, 0.9228
2025-10-02 03:45:44,304 - root - INFO - test loss: 0.2808
2025-10-02 03:45:44,304 - root - INFO - test average_precision, 0.9592
2025-10-02 03:45:44,304 - root - INFO - best test average_precision: 0.9642
2025-10-02 03:45:44,304 - root - INFO - test roc_auc, 0.9564
2025-10-02 03:45:44,304 - root - INFO - new node test loss: 0.3322
2025-10-02 03:45:44,304 - root - INFO - new node test average_precision, 0.9419
2025-10-02 03:45:44,304 - root - INFO - new node test roc_auc, 0.9354
2025-10-02 03:46:02,539 - root - INFO - Epoch: 58, learning rate: 0.0001, train loss: 0.2014
2025-10-02 03:46:02,540 - root - INFO - train average_precision, 0.9716
2025-10-02 03:46:02,540 - root - INFO - train roc_auc, 0.9719
2025-10-02 03:46:02,540 - root - INFO - validate loss: 0.2631
2025-10-02 03:46:02,540 - root - INFO - validate average_precision, 0.9647
2025-10-02 03:46:02,540 - root - INFO - validate roc_auc, 0.9607
2025-10-02 03:46:02,540 - root - INFO - new node validate loss: 0.3520
2025-10-02 03:46:02,540 - root - INFO - new node validate average_precision, 0.9324
2025-10-02 03:46:02,540 - root - INFO - new node validate roc_auc, 0.9234
2025-10-02 03:46:07,184 - root - INFO - test loss: 0.2699
2025-10-02 03:46:07,184 - root - INFO - test average_precision, 0.9627
2025-10-02 03:46:07,184 - root - INFO - best test average_precision: 0.9642
2025-10-02 03:46:07,184 - root - INFO - test roc_auc, 0.9598
2025-10-02 03:46:07,184 - root - INFO - new node test loss: 0.3204
2025-10-02 03:46:07,184 - root - INFO - new node test average_precision, 0.9465
2025-10-02 03:46:07,184 - root - INFO - new node test roc_auc, 0.9405
2025-10-02 03:46:25,387 - root - INFO - Epoch: 59, learning rate: 0.0001, train loss: 0.2025
2025-10-02 03:46:25,387 - root - INFO - train average_precision, 0.9713
2025-10-02 03:46:25,387 - root - INFO - train roc_auc, 0.9716
2025-10-02 03:46:25,387 - root - INFO - validate loss: 0.2644
2025-10-02 03:46:25,387 - root - INFO - validate average_precision, 0.9659
2025-10-02 03:46:25,387 - root - INFO - validate roc_auc, 0.9618
2025-10-02 03:46:25,387 - root - INFO - new node validate loss: 0.3554
2025-10-02 03:46:25,387 - root - INFO - new node validate average_precision, 0.9328
2025-10-02 03:46:25,387 - root - INFO - new node validate roc_auc, 0.9242
2025-10-02 03:46:30,070 - root - INFO - test loss: 0.2808
2025-10-02 03:46:30,070 - root - INFO - test average_precision, 0.9602
2025-10-02 03:46:30,070 - root - INFO - best test average_precision: 0.9642
2025-10-02 03:46:30,070 - root - INFO - test roc_auc, 0.9575
2025-10-02 03:46:30,070 - root - INFO - new node test loss: 0.3308
2025-10-02 03:46:30,071 - root - INFO - new node test average_precision, 0.9432
2025-10-02 03:46:30,071 - root - INFO - new node test roc_auc, 0.9369
2025-10-02 03:46:48,512 - root - INFO - Epoch: 60, learning rate: 0.0001, train loss: 0.1987
2025-10-02 03:46:48,513 - root - INFO - train average_precision, 0.9724
2025-10-02 03:46:48,513 - root - INFO - train roc_auc, 0.9727
2025-10-02 03:46:48,513 - root - INFO - validate loss: 0.2625
2025-10-02 03:46:48,513 - root - INFO - validate average_precision, 0.9652
2025-10-02 03:46:48,513 - root - INFO - validate roc_auc, 0.9616
2025-10-02 03:46:48,513 - root - INFO - new node validate loss: 0.3515
2025-10-02 03:46:48,513 - root - INFO - new node validate average_precision, 0.9322
2025-10-02 03:46:48,513 - root - INFO - new node validate roc_auc, 0.9241
2025-10-02 03:46:53,169 - root - INFO - test loss: 0.2726
2025-10-02 03:46:53,169 - root - INFO - test average_precision, 0.9610
2025-10-02 03:46:53,169 - root - INFO - best test average_precision: 0.9642
2025-10-02 03:46:53,169 - root - INFO - test roc_auc, 0.9591
2025-10-02 03:46:53,170 - root - INFO - new node test loss: 0.3295
2025-10-02 03:46:53,170 - root - INFO - new node test average_precision, 0.9429
2025-10-02 03:46:53,170 - root - INFO - new node test roc_auc, 0.9378
2025-10-02 03:47:11,435 - root - INFO - Epoch: 61, learning rate: 0.0001, train loss: 0.1994
2025-10-02 03:47:11,435 - root - INFO - train average_precision, 0.9719
2025-10-02 03:47:11,435 - root - INFO - train roc_auc, 0.9725
2025-10-02 03:47:11,435 - root - INFO - validate loss: 0.2715
2025-10-02 03:47:11,435 - root - INFO - validate average_precision, 0.9638
2025-10-02 03:47:11,435 - root - INFO - validate roc_auc, 0.9600
2025-10-02 03:47:11,435 - root - INFO - new node validate loss: 0.3511
2025-10-02 03:47:11,435 - root - INFO - new node validate average_precision, 0.9335
2025-10-02 03:47:11,435 - root - INFO - new node validate roc_auc, 0.9256
2025-10-02 03:47:16,082 - root - INFO - test loss: 0.2791
2025-10-02 03:47:16,082 - root - INFO - test average_precision, 0.9594
2025-10-02 03:47:16,083 - root - INFO - best test average_precision: 0.9642
2025-10-02 03:47:16,083 - root - INFO - test roc_auc, 0.9574
2025-10-02 03:47:16,083 - root - INFO - new node test loss: 0.3308
2025-10-02 03:47:16,083 - root - INFO - new node test average_precision, 0.9425
2025-10-02 03:47:16,083 - root - INFO - new node test roc_auc, 0.9379
2025-10-02 03:47:34,272 - root - INFO - Epoch: 62, learning rate: 0.0001, train loss: 0.1958
2025-10-02 03:47:34,273 - root - INFO - train average_precision, 0.9728
2025-10-02 03:47:34,273 - root - INFO - train roc_auc, 0.9734
2025-10-02 03:47:34,273 - root - INFO - validate loss: 0.2828
2025-10-02 03:47:34,273 - root - INFO - validate average_precision, 0.9612
2025-10-02 03:47:34,273 - root - INFO - validate roc_auc, 0.9565
2025-10-02 03:47:34,273 - root - INFO - new node validate loss: 0.3622
2025-10-02 03:47:34,273 - root - INFO - new node validate average_precision, 0.9302
2025-10-02 03:47:34,273 - root - INFO - new node validate roc_auc, 0.9207
2025-10-02 03:47:38,903 - root - INFO - test loss: 0.3157
2025-10-02 03:47:38,903 - root - INFO - test average_precision, 0.9499
2025-10-02 03:47:38,903 - root - INFO - best test average_precision: 0.9642
2025-10-02 03:47:38,903 - root - INFO - test roc_auc, 0.9472
2025-10-02 03:47:38,903 - root - INFO - new node test loss: 0.3718
2025-10-02 03:47:38,903 - root - INFO - new node test average_precision, 0.9298
2025-10-02 03:47:38,903 - root - INFO - new node test roc_auc, 0.9226
2025-10-02 03:47:57,145 - root - INFO - Epoch: 63, learning rate: 0.0001, train loss: 0.1990
2025-10-02 03:47:57,146 - root - INFO - train average_precision, 0.9719
2025-10-02 03:47:57,146 - root - INFO - train roc_auc, 0.9725
2025-10-02 03:47:57,146 - root - INFO - validate loss: 0.2637
2025-10-02 03:47:57,146 - root - INFO - validate average_precision, 0.9649
2025-10-02 03:47:57,146 - root - INFO - validate roc_auc, 0.9611
2025-10-02 03:47:57,146 - root - INFO - new node validate loss: 0.3517
2025-10-02 03:47:57,146 - root - INFO - new node validate average_precision, 0.9329
2025-10-02 03:47:57,146 - root - INFO - new node validate roc_auc, 0.9247
2025-10-02 03:48:01,799 - root - INFO - test loss: 0.2795
2025-10-02 03:48:01,800 - root - INFO - test average_precision, 0.9601
2025-10-02 03:48:01,800 - root - INFO - best test average_precision: 0.9642
2025-10-02 03:48:01,800 - root - INFO - test roc_auc, 0.9571
2025-10-02 03:48:01,800 - root - INFO - new node test loss: 0.3254
2025-10-02 03:48:01,800 - root - INFO - new node test average_precision, 0.9433
2025-10-02 03:48:01,800 - root - INFO - new node test roc_auc, 0.9377
2025-10-02 03:48:19,998 - root - INFO - Epoch: 64, learning rate: 0.0001, train loss: 0.1964
2025-10-02 03:48:19,999 - root - INFO - train average_precision, 0.9727
2025-10-02 03:48:19,999 - root - INFO - train roc_auc, 0.9733
2025-10-02 03:48:19,999 - root - INFO - validate loss: 0.2673
2025-10-02 03:48:19,999 - root - INFO - validate average_precision, 0.9648
2025-10-02 03:48:19,999 - root - INFO - validate roc_auc, 0.9609
2025-10-02 03:48:19,999 - root - INFO - new node validate loss: 0.3566
2025-10-02 03:48:19,999 - root - INFO - new node validate average_precision, 0.9331
2025-10-02 03:48:19,999 - root - INFO - new node validate roc_auc, 0.9245
2025-10-02 03:48:24,633 - root - INFO - test loss: 0.2770
2025-10-02 03:48:24,633 - root - INFO - test average_precision, 0.9608
2025-10-02 03:48:24,633 - root - INFO - best test average_precision: 0.9642
2025-10-02 03:48:24,633 - root - INFO - test roc_auc, 0.9583
2025-10-02 03:48:24,633 - root - INFO - new node test loss: 0.3253
2025-10-02 03:48:24,633 - root - INFO - new node test average_precision, 0.9458
2025-10-02 03:48:24,633 - root - INFO - new node test roc_auc, 0.9398
2025-10-02 03:48:42,851 - root - INFO - Epoch: 65, learning rate: 0.0001, train loss: 0.1934
2025-10-02 03:48:42,851 - root - INFO - train average_precision, 0.9736
2025-10-02 03:48:42,851 - root - INFO - train roc_auc, 0.9739
2025-10-02 03:48:42,851 - root - INFO - validate loss: 0.2713
2025-10-02 03:48:42,851 - root - INFO - validate average_precision, 0.9642
2025-10-02 03:48:42,852 - root - INFO - validate roc_auc, 0.9604
2025-10-02 03:48:42,852 - root - INFO - new node validate loss: 0.3545
2025-10-02 03:48:42,852 - root - INFO - new node validate average_precision, 0.9320
2025-10-02 03:48:42,852 - root - INFO - new node validate roc_auc, 0.9245
2025-10-02 03:48:47,496 - root - INFO - test loss: 0.2979
2025-10-02 03:48:47,496 - root - INFO - test average_precision, 0.9550
2025-10-02 03:48:47,496 - root - INFO - best test average_precision: 0.9642
2025-10-02 03:48:47,496 - root - INFO - test roc_auc, 0.9527
2025-10-02 03:48:47,496 - root - INFO - new node test loss: 0.3483
2025-10-02 03:48:47,496 - root - INFO - new node test average_precision, 0.9378
2025-10-02 03:48:47,496 - root - INFO - new node test roc_auc, 0.9311
2025-10-02 03:49:05,715 - root - INFO - Epoch: 66, learning rate: 0.0001, train loss: 0.1955
2025-10-02 03:49:05,716 - root - INFO - train average_precision, 0.9732
2025-10-02 03:49:05,716 - root - INFO - train roc_auc, 0.9734
2025-10-02 03:49:05,716 - root - INFO - validate loss: 0.2606
2025-10-02 03:49:05,716 - root - INFO - validate average_precision, 0.9652
2025-10-02 03:49:05,716 - root - INFO - validate roc_auc, 0.9614
2025-10-02 03:49:05,716 - root - INFO - new node validate loss: 0.3485
2025-10-02 03:49:05,716 - root - INFO - new node validate average_precision, 0.9322
2025-10-02 03:49:05,716 - root - INFO - new node validate roc_auc, 0.9239
2025-10-02 03:49:10,366 - root - INFO - test loss: 0.2790
2025-10-02 03:49:10,366 - root - INFO - test average_precision, 0.9591
2025-10-02 03:49:10,366 - root - INFO - best test average_precision: 0.9642
2025-10-02 03:49:10,366 - root - INFO - test roc_auc, 0.9569
2025-10-02 03:49:10,366 - root - INFO - new node test loss: 0.3324
2025-10-02 03:49:10,367 - root - INFO - new node test average_precision, 0.9430
2025-10-02 03:49:10,367 - root - INFO - new node test roc_auc, 0.9371
2025-10-02 03:49:28,654 - root - INFO - Epoch: 67, learning rate: 0.0001, train loss: 0.1945
2025-10-02 03:49:28,654 - root - INFO - train average_precision, 0.9734
2025-10-02 03:49:28,654 - root - INFO - train roc_auc, 0.9738
2025-10-02 03:49:28,654 - root - INFO - validate loss: 0.2605
2025-10-02 03:49:28,654 - root - INFO - validate average_precision, 0.9661
2025-10-02 03:49:28,654 - root - INFO - validate roc_auc, 0.9624
2025-10-02 03:49:28,654 - root - INFO - new node validate loss: 0.3547
2025-10-02 03:49:28,654 - root - INFO - new node validate average_precision, 0.9326
2025-10-02 03:49:28,654 - root - INFO - new node validate roc_auc, 0.9243
2025-10-02 03:49:33,347 - root - INFO - test loss: 0.2697
2025-10-02 03:49:33,347 - root - INFO - test average_precision, 0.9632
2025-10-02 03:49:33,348 - root - INFO - best test average_precision: 0.9642
2025-10-02 03:49:33,348 - root - INFO - test roc_auc, 0.9608
2025-10-02 03:49:33,348 - root - INFO - new node test loss: 0.3306
2025-10-02 03:49:33,348 - root - INFO - new node test average_precision, 0.9448
2025-10-02 03:49:33,348 - root - INFO - new node test roc_auc, 0.9383
2025-10-02 03:49:51,582 - root - INFO - Epoch: 68, learning rate: 0.0001, train loss: 0.1928
2025-10-02 03:49:51,582 - root - INFO - train average_precision, 0.9734
2025-10-02 03:49:51,582 - root - INFO - train roc_auc, 0.9741
2025-10-02 03:49:51,582 - root - INFO - validate loss: 0.2607
2025-10-02 03:49:51,582 - root - INFO - validate average_precision, 0.9672
2025-10-02 03:49:51,582 - root - INFO - validate roc_auc, 0.9638
2025-10-02 03:49:51,582 - root - INFO - new node validate loss: 0.3560
2025-10-02 03:49:51,583 - root - INFO - new node validate average_precision, 0.9329
2025-10-02 03:49:51,583 - root - INFO - new node validate roc_auc, 0.9250
2025-10-02 03:49:56,240 - root - INFO - test loss: 0.2738
2025-10-02 03:49:56,240 - root - INFO - test average_precision, 0.9620
2025-10-02 03:49:56,240 - root - INFO - best test average_precision: 0.9642
2025-10-02 03:49:56,240 - root - INFO - test roc_auc, 0.9600
2025-10-02 03:49:56,240 - root - INFO - new node test loss: 0.3247
2025-10-02 03:49:56,240 - root - INFO - new node test average_precision, 0.9455
2025-10-02 03:49:56,241 - root - INFO - new node test roc_auc, 0.9400
2025-10-02 03:49:56,241 - root - INFO - save model ./saved_models/JODIE/wikipedia/JODIE_time2vec_seed0/JODIE_time2vec_seed0.pkl
2025-10-02 03:50:15,649 - root - INFO - Epoch: 69, learning rate: 0.0001, train loss: 0.1892
2025-10-02 03:50:15,649 - root - INFO - train average_precision, 0.9742
2025-10-02 03:50:15,649 - root - INFO - train roc_auc, 0.9749
2025-10-02 03:50:15,649 - root - INFO - validate loss: 0.2643
2025-10-02 03:50:15,649 - root - INFO - validate average_precision, 0.9656
2025-10-02 03:50:15,649 - root - INFO - validate roc_auc, 0.9619
2025-10-02 03:50:15,650 - root - INFO - new node validate loss: 0.3608
2025-10-02 03:50:15,650 - root - INFO - new node validate average_precision, 0.9313
2025-10-02 03:50:15,650 - root - INFO - new node validate roc_auc, 0.9222
2025-10-02 03:50:20,272 - root - INFO - test loss: 0.2868
2025-10-02 03:50:20,273 - root - INFO - test average_precision, 0.9595
2025-10-02 03:50:20,273 - root - INFO - best test average_precision: 0.9642
2025-10-02 03:50:20,273 - root - INFO - test roc_auc, 0.9565
2025-10-02 03:50:20,273 - root - INFO - new node test loss: 0.3524
2025-10-02 03:50:20,273 - root - INFO - new node test average_precision, 0.9390
2025-10-02 03:50:20,273 - root - INFO - new node test roc_auc, 0.9311
2025-10-02 03:50:38,459 - root - INFO - Epoch: 70, learning rate: 0.0001, train loss: 0.1906
2025-10-02 03:50:38,459 - root - INFO - train average_precision, 0.9743
2025-10-02 03:50:38,459 - root - INFO - train roc_auc, 0.9746
2025-10-02 03:50:38,459 - root - INFO - validate loss: 0.2620
2025-10-02 03:50:38,459 - root - INFO - validate average_precision, 0.9663
2025-10-02 03:50:38,459 - root - INFO - validate roc_auc, 0.9630
2025-10-02 03:50:38,459 - root - INFO - new node validate loss: 0.3610
2025-10-02 03:50:38,459 - root - INFO - new node validate average_precision, 0.9322
2025-10-02 03:50:38,459 - root - INFO - new node validate roc_auc, 0.9237
2025-10-02 03:50:43,100 - root - INFO - test loss: 0.2782
2025-10-02 03:50:43,100 - root - INFO - test average_precision, 0.9619
2025-10-02 03:50:43,100 - root - INFO - best test average_precision: 0.9642
2025-10-02 03:50:43,100 - root - INFO - test roc_auc, 0.9588
2025-10-02 03:50:43,100 - root - INFO - new node test loss: 0.3354
2025-10-02 03:50:43,100 - root - INFO - new node test average_precision, 0.9430
2025-10-02 03:50:43,101 - root - INFO - new node test roc_auc, 0.9369
2025-10-02 03:51:01,301 - root - INFO - Epoch: 71, learning rate: 0.0001, train loss: 0.1899
2025-10-02 03:51:01,302 - root - INFO - train average_precision, 0.9739
2025-10-02 03:51:01,302 - root - INFO - train roc_auc, 0.9747
2025-10-02 03:51:01,302 - root - INFO - validate loss: 0.2677
2025-10-02 03:51:01,302 - root - INFO - validate average_precision, 0.9657
2025-10-02 03:51:01,302 - root - INFO - validate roc_auc, 0.9618
2025-10-02 03:51:01,302 - root - INFO - new node validate loss: 0.3607
2025-10-02 03:51:01,302 - root - INFO - new node validate average_precision, 0.9322
2025-10-02 03:51:01,302 - root - INFO - new node validate roc_auc, 0.9240
2025-10-02 03:51:05,914 - root - INFO - test loss: 0.2760
2025-10-02 03:51:05,914 - root - INFO - test average_precision, 0.9613
2025-10-02 03:51:05,914 - root - INFO - best test average_precision: 0.9642
2025-10-02 03:51:05,914 - root - INFO - test roc_auc, 0.9594
2025-10-02 03:51:05,914 - root - INFO - new node test loss: 0.3231
2025-10-02 03:51:05,914 - root - INFO - new node test average_precision, 0.9461
2025-10-02 03:51:05,914 - root - INFO - new node test roc_auc, 0.9409
2025-10-02 03:51:24,298 - root - INFO - Epoch: 72, learning rate: 0.0001, train loss: 0.1865
2025-10-02 03:51:24,298 - root - INFO - train average_precision, 0.9748
2025-10-02 03:51:24,298 - root - INFO - train roc_auc, 0.9755
2025-10-02 03:51:24,299 - root - INFO - validate loss: 0.2603
2025-10-02 03:51:24,299 - root - INFO - validate average_precision, 0.9676
2025-10-02 03:51:24,299 - root - INFO - validate roc_auc, 0.9641
2025-10-02 03:51:24,299 - root - INFO - new node validate loss: 0.3631
2025-10-02 03:51:24,299 - root - INFO - new node validate average_precision, 0.9317
2025-10-02 03:51:24,299 - root - INFO - new node validate roc_auc, 0.9233
2025-10-02 03:51:28,954 - root - INFO - test loss: 0.2677
2025-10-02 03:51:28,954 - root - INFO - test average_precision, 0.9654
2025-10-02 03:51:28,954 - root - INFO - best test average_precision: 0.9654
2025-10-02 03:51:28,954 - root - INFO - test roc_auc, 0.9627
2025-10-02 03:51:28,954 - root - INFO - new node test loss: 0.3241
2025-10-02 03:51:28,954 - root - INFO - new node test average_precision, 0.9466
2025-10-02 03:51:28,954 - root - INFO - new node test roc_auc, 0.9414
2025-10-02 03:51:28,954 - root - INFO - save model ./saved_models/JODIE/wikipedia/JODIE_time2vec_seed0/JODIE_time2vec_seed0.pkl
2025-10-02 03:51:48,337 - root - INFO - Epoch: 73, learning rate: 0.0001, train loss: 0.1855
2025-10-02 03:51:48,337 - root - INFO - train average_precision, 0.9748
2025-10-02 03:51:48,337 - root - INFO - train roc_auc, 0.9755
2025-10-02 03:51:48,337 - root - INFO - validate loss: 0.2601
2025-10-02 03:51:48,337 - root - INFO - validate average_precision, 0.9672
2025-10-02 03:51:48,337 - root - INFO - validate roc_auc, 0.9637
2025-10-02 03:51:48,337 - root - INFO - new node validate loss: 0.3568
2025-10-02 03:51:48,337 - root - INFO - new node validate average_precision, 0.9334
2025-10-02 03:51:48,337 - root - INFO - new node validate roc_auc, 0.9251
2025-10-02 03:51:53,058 - root - INFO - test loss: 0.2767
2025-10-02 03:51:53,059 - root - INFO - test average_precision, 0.9632
2025-10-02 03:51:53,059 - root - INFO - best test average_precision: 0.9654
2025-10-02 03:51:53,059 - root - INFO - test roc_auc, 0.9605
2025-10-02 03:51:53,059 - root - INFO - new node test loss: 0.3187
2025-10-02 03:51:53,059 - root - INFO - new node test average_precision, 0.9482
2025-10-02 03:51:53,059 - root - INFO - new node test roc_auc, 0.9434
2025-10-02 03:52:11,422 - root - INFO - Epoch: 74, learning rate: 0.0001, train loss: 0.1860
2025-10-02 03:52:11,422 - root - INFO - train average_precision, 0.9748
2025-10-02 03:52:11,422 - root - INFO - train roc_auc, 0.9755
2025-10-02 03:52:11,422 - root - INFO - validate loss: 0.2699
2025-10-02 03:52:11,422 - root - INFO - validate average_precision, 0.9665
2025-10-02 03:52:11,422 - root - INFO - validate roc_auc, 0.9628
2025-10-02 03:52:11,422 - root - INFO - new node validate loss: 0.3721
2025-10-02 03:52:11,422 - root - INFO - new node validate average_precision, 0.9326
2025-10-02 03:52:11,422 - root - INFO - new node validate roc_auc, 0.9237
2025-10-02 03:52:16,092 - root - INFO - test loss: 0.2816
2025-10-02 03:52:16,092 - root - INFO - test average_precision, 0.9635
2025-10-02 03:52:16,092 - root - INFO - best test average_precision: 0.9654
2025-10-02 03:52:16,092 - root - INFO - test roc_auc, 0.9608
2025-10-02 03:52:16,092 - root - INFO - new node test loss: 0.3354
2025-10-02 03:52:16,092 - root - INFO - new node test average_precision, 0.9467
2025-10-02 03:52:16,092 - root - INFO - new node test roc_auc, 0.9407
2025-10-02 03:52:34,359 - root - INFO - Epoch: 75, learning rate: 0.0001, train loss: 0.1846
2025-10-02 03:52:34,359 - root - INFO - train average_precision, 0.9752
2025-10-02 03:52:34,359 - root - INFO - train roc_auc, 0.9760
2025-10-02 03:52:34,359 - root - INFO - validate loss: 0.2769
2025-10-02 03:52:34,359 - root - INFO - validate average_precision, 0.9645
2025-10-02 03:52:34,359 - root - INFO - validate roc_auc, 0.9607
2025-10-02 03:52:34,359 - root - INFO - new node validate loss: 0.3758
2025-10-02 03:52:34,359 - root - INFO - new node validate average_precision, 0.9296
2025-10-02 03:52:34,359 - root - INFO - new node validate roc_auc, 0.9210
2025-10-02 03:52:39,053 - root - INFO - test loss: 0.2950
2025-10-02 03:52:39,053 - root - INFO - test average_precision, 0.9578
2025-10-02 03:52:39,053 - root - INFO - best test average_precision: 0.9654
2025-10-02 03:52:39,053 - root - INFO - test roc_auc, 0.9565
2025-10-02 03:52:39,053 - root - INFO - new node test loss: 0.3387
2025-10-02 03:52:39,053 - root - INFO - new node test average_precision, 0.9428
2025-10-02 03:52:39,053 - root - INFO - new node test roc_auc, 0.9375
2025-10-02 03:52:57,478 - root - INFO - Epoch: 76, learning rate: 0.0001, train loss: 0.1864
2025-10-02 03:52:57,478 - root - INFO - train average_precision, 0.9747
2025-10-02 03:52:57,478 - root - INFO - train roc_auc, 0.9754
2025-10-02 03:52:57,478 - root - INFO - validate loss: 0.2688
2025-10-02 03:52:57,478 - root - INFO - validate average_precision, 0.9658
2025-10-02 03:52:57,478 - root - INFO - validate roc_auc, 0.9619
2025-10-02 03:52:57,478 - root - INFO - new node validate loss: 0.3671
2025-10-02 03:52:57,479 - root - INFO - new node validate average_precision, 0.9318
2025-10-02 03:52:57,479 - root - INFO - new node validate roc_auc, 0.9229
2025-10-02 03:53:02,156 - root - INFO - test loss: 0.2849
2025-10-02 03:53:02,156 - root - INFO - test average_precision, 0.9603
2025-10-02 03:53:02,156 - root - INFO - best test average_precision: 0.9654
2025-10-02 03:53:02,156 - root - INFO - test roc_auc, 0.9585
2025-10-02 03:53:02,156 - root - INFO - new node test loss: 0.3203
2025-10-02 03:53:02,157 - root - INFO - new node test average_precision, 0.9479
2025-10-02 03:53:02,157 - root - INFO - new node test roc_auc, 0.9429
2025-10-02 03:53:20,448 - root - INFO - Epoch: 77, learning rate: 0.0001, train loss: 0.1846
2025-10-02 03:53:20,448 - root - INFO - train average_precision, 0.9747
2025-10-02 03:53:20,448 - root - INFO - train roc_auc, 0.9758
2025-10-02 03:53:20,448 - root - INFO - validate loss: 0.2699
2025-10-02 03:53:20,448 - root - INFO - validate average_precision, 0.9657
2025-10-02 03:53:20,449 - root - INFO - validate roc_auc, 0.9618
2025-10-02 03:53:20,449 - root - INFO - new node validate loss: 0.3697
2025-10-02 03:53:20,449 - root - INFO - new node validate average_precision, 0.9317
2025-10-02 03:53:20,449 - root - INFO - new node validate roc_auc, 0.9228
2025-10-02 03:53:25,077 - root - INFO - test loss: 0.2740
2025-10-02 03:53:25,077 - root - INFO - test average_precision, 0.9637
2025-10-02 03:53:25,077 - root - INFO - best test average_precision: 0.9654
2025-10-02 03:53:25,077 - root - INFO - test roc_auc, 0.9610
2025-10-02 03:53:25,077 - root - INFO - new node test loss: 0.3239
2025-10-02 03:53:25,077 - root - INFO - new node test average_precision, 0.9475
2025-10-02 03:53:25,077 - root - INFO - new node test roc_auc, 0.9420
2025-10-02 03:53:43,337 - root - INFO - Epoch: 78, learning rate: 0.0001, train loss: 0.1845
2025-10-02 03:53:43,337 - root - INFO - train average_precision, 0.9755
2025-10-02 03:53:43,337 - root - INFO - train roc_auc, 0.9760
2025-10-02 03:53:43,337 - root - INFO - validate loss: 0.2742
2025-10-02 03:53:43,338 - root - INFO - validate average_precision, 0.9655
2025-10-02 03:53:43,338 - root - INFO - validate roc_auc, 0.9620
2025-10-02 03:53:43,338 - root - INFO - new node validate loss: 0.3655
2025-10-02 03:53:43,338 - root - INFO - new node validate average_precision, 0.9320
2025-10-02 03:53:43,338 - root - INFO - new node validate roc_auc, 0.9241
2025-10-02 03:53:48,000 - root - INFO - test loss: 0.2824
2025-10-02 03:53:48,000 - root - INFO - test average_precision, 0.9624
2025-10-02 03:53:48,000 - root - INFO - best test average_precision: 0.9654
2025-10-02 03:53:48,000 - root - INFO - test roc_auc, 0.9601
2025-10-02 03:53:48,000 - root - INFO - new node test loss: 0.3234
2025-10-02 03:53:48,000 - root - INFO - new node test average_precision, 0.9484
2025-10-02 03:53:48,000 - root - INFO - new node test roc_auc, 0.9440
2025-10-02 03:54:06,224 - root - INFO - Epoch: 79, learning rate: 0.0001, train loss: 0.1830
2025-10-02 03:54:06,224 - root - INFO - train average_precision, 0.9755
2025-10-02 03:54:06,224 - root - INFO - train roc_auc, 0.9762
2025-10-02 03:54:06,224 - root - INFO - validate loss: 0.2621
2025-10-02 03:54:06,224 - root - INFO - validate average_precision, 0.9678
2025-10-02 03:54:06,224 - root - INFO - validate roc_auc, 0.9642
2025-10-02 03:54:06,224 - root - INFO - new node validate loss: 0.3628
2025-10-02 03:54:06,224 - root - INFO - new node validate average_precision, 0.9325
2025-10-02 03:54:06,224 - root - INFO - new node validate roc_auc, 0.9242
2025-10-02 03:54:10,845 - root - INFO - test loss: 0.2771
2025-10-02 03:54:10,845 - root - INFO - test average_precision, 0.9619
2025-10-02 03:54:10,845 - root - INFO - best test average_precision: 0.9654
2025-10-02 03:54:10,845 - root - INFO - test roc_auc, 0.9598
2025-10-02 03:54:10,845 - root - INFO - new node test loss: 0.3329
2025-10-02 03:54:10,845 - root - INFO - new node test average_precision, 0.9445
2025-10-02 03:54:10,845 - root - INFO - new node test roc_auc, 0.9394
2025-10-02 03:54:10,846 - root - INFO - save model ./saved_models/JODIE/wikipedia/JODIE_time2vec_seed0/JODIE_time2vec_seed0.pkl
2025-10-02 03:54:30,140 - root - INFO - Epoch: 80, learning rate: 0.0001, train loss: 0.1851
2025-10-02 03:54:30,140 - root - INFO - train average_precision, 0.9750
2025-10-02 03:54:30,140 - root - INFO - train roc_auc, 0.9757
2025-10-02 03:54:30,141 - root - INFO - validate loss: 0.2733
2025-10-02 03:54:30,141 - root - INFO - validate average_precision, 0.9658
2025-10-02 03:54:30,141 - root - INFO - validate roc_auc, 0.9621
2025-10-02 03:54:30,141 - root - INFO - new node validate loss: 0.3706
2025-10-02 03:54:30,141 - root - INFO - new node validate average_precision, 0.9318
2025-10-02 03:54:30,141 - root - INFO - new node validate roc_auc, 0.9235
2025-10-02 03:54:34,816 - root - INFO - test loss: 0.2864
2025-10-02 03:54:34,816 - root - INFO - test average_precision, 0.9617
2025-10-02 03:54:34,816 - root - INFO - best test average_precision: 0.9654
2025-10-02 03:54:34,816 - root - INFO - test roc_auc, 0.9591
2025-10-02 03:54:34,816 - root - INFO - new node test loss: 0.3512
2025-10-02 03:54:34,816 - root - INFO - new node test average_precision, 0.9441
2025-10-02 03:54:34,816 - root - INFO - new node test roc_auc, 0.9375
2025-10-02 03:54:53,178 - root - INFO - Epoch: 81, learning rate: 0.0001, train loss: 0.1805
2025-10-02 03:54:53,178 - root - INFO - train average_precision, 0.9761
2025-10-02 03:54:53,178 - root - INFO - train roc_auc, 0.9769
2025-10-02 03:54:53,178 - root - INFO - validate loss: 0.2710
2025-10-02 03:54:53,178 - root - INFO - validate average_precision, 0.9652
2025-10-02 03:54:53,178 - root - INFO - validate roc_auc, 0.9615
2025-10-02 03:54:53,178 - root - INFO - new node validate loss: 0.3662
2025-10-02 03:54:53,178 - root - INFO - new node validate average_precision, 0.9318
2025-10-02 03:54:53,178 - root - INFO - new node validate roc_auc, 0.9231
2025-10-02 03:54:57,799 - root - INFO - test loss: 0.2882
2025-10-02 03:54:57,799 - root - INFO - test average_precision, 0.9595
2025-10-02 03:54:57,799 - root - INFO - best test average_precision: 0.9654
2025-10-02 03:54:57,799 - root - INFO - test roc_auc, 0.9567
2025-10-02 03:54:57,799 - root - INFO - new node test loss: 0.3461
2025-10-02 03:54:57,799 - root - INFO - new node test average_precision, 0.9428
2025-10-02 03:54:57,799 - root - INFO - new node test roc_auc, 0.9363
2025-10-02 03:55:16,059 - root - INFO - Epoch: 82, learning rate: 0.0001, train loss: 0.1797
2025-10-02 03:55:16,059 - root - INFO - train average_precision, 0.9762
2025-10-02 03:55:16,059 - root - INFO - train roc_auc, 0.9769
2025-10-02 03:55:16,059 - root - INFO - validate loss: 0.2708
2025-10-02 03:55:16,059 - root - INFO - validate average_precision, 0.9662
2025-10-02 03:55:16,059 - root - INFO - validate roc_auc, 0.9628
2025-10-02 03:55:16,059 - root - INFO - new node validate loss: 0.3684
2025-10-02 03:55:16,059 - root - INFO - new node validate average_precision, 0.9314
2025-10-02 03:55:16,059 - root - INFO - new node validate roc_auc, 0.9234
2025-10-02 03:55:20,692 - root - INFO - test loss: 0.2777
2025-10-02 03:55:20,692 - root - INFO - test average_precision, 0.9643
2025-10-02 03:55:20,692 - root - INFO - best test average_precision: 0.9654
2025-10-02 03:55:20,692 - root - INFO - test roc_auc, 0.9615
2025-10-02 03:55:20,693 - root - INFO - new node test loss: 0.3386
2025-10-02 03:55:20,693 - root - INFO - new node test average_precision, 0.9465
2025-10-02 03:55:20,693 - root - INFO - new node test roc_auc, 0.9404
2025-10-02 03:55:38,871 - root - INFO - Epoch: 83, learning rate: 0.0001, train loss: 0.1785
2025-10-02 03:55:38,872 - root - INFO - train average_precision, 0.9764
2025-10-02 03:55:38,872 - root - INFO - train roc_auc, 0.9771
2025-10-02 03:55:38,872 - root - INFO - validate loss: 0.2722
2025-10-02 03:55:38,872 - root - INFO - validate average_precision, 0.9663
2025-10-02 03:55:38,872 - root - INFO - validate roc_auc, 0.9627
2025-10-02 03:55:38,872 - root - INFO - new node validate loss: 0.3698
2025-10-02 03:55:38,872 - root - INFO - new node validate average_precision, 0.9313
2025-10-02 03:55:38,872 - root - INFO - new node validate roc_auc, 0.9239
2025-10-02 03:55:43,493 - root - INFO - test loss: 0.2811
2025-10-02 03:55:43,494 - root - INFO - test average_precision, 0.9619
2025-10-02 03:55:43,494 - root - INFO - best test average_precision: 0.9654
2025-10-02 03:55:43,494 - root - INFO - test roc_auc, 0.9601
2025-10-02 03:55:43,494 - root - INFO - new node test loss: 0.3244
2025-10-02 03:55:43,494 - root - INFO - new node test average_precision, 0.9476
2025-10-02 03:55:43,494 - root - INFO - new node test roc_auc, 0.9430
2025-10-02 03:56:01,777 - root - INFO - Epoch: 84, learning rate: 0.0001, train loss: 0.1787
2025-10-02 03:56:01,777 - root - INFO - train average_precision, 0.9763
2025-10-02 03:56:01,777 - root - INFO - train roc_auc, 0.9771
2025-10-02 03:56:01,777 - root - INFO - validate loss: 0.2691
2025-10-02 03:56:01,777 - root - INFO - validate average_precision, 0.9659
2025-10-02 03:56:01,777 - root - INFO - validate roc_auc, 0.9620
2025-10-02 03:56:01,777 - root - INFO - new node validate loss: 0.3735
2025-10-02 03:56:01,777 - root - INFO - new node validate average_precision, 0.9298
2025-10-02 03:56:01,777 - root - INFO - new node validate roc_auc, 0.9211
2025-10-02 03:56:06,413 - root - INFO - test loss: 0.2831
2025-10-02 03:56:06,413 - root - INFO - test average_precision, 0.9594
2025-10-02 03:56:06,413 - root - INFO - best test average_precision: 0.9654
2025-10-02 03:56:06,414 - root - INFO - test roc_auc, 0.9574
2025-10-02 03:56:06,414 - root - INFO - new node test loss: 0.3365
2025-10-02 03:56:06,414 - root - INFO - new node test average_precision, 0.9433
2025-10-02 03:56:06,414 - root - INFO - new node test roc_auc, 0.9370
2025-10-02 03:56:24,589 - root - INFO - Epoch: 85, learning rate: 0.0001, train loss: 0.1782
2025-10-02 03:56:24,589 - root - INFO - train average_precision, 0.9766
2025-10-02 03:56:24,589 - root - INFO - train roc_auc, 0.9773
2025-10-02 03:56:24,589 - root - INFO - validate loss: 0.2720
2025-10-02 03:56:24,589 - root - INFO - validate average_precision, 0.9657
2025-10-02 03:56:24,589 - root - INFO - validate roc_auc, 0.9620
2025-10-02 03:56:24,589 - root - INFO - new node validate loss: 0.3758
2025-10-02 03:56:24,589 - root - INFO - new node validate average_precision, 0.9313
2025-10-02 03:56:24,589 - root - INFO - new node validate roc_auc, 0.9226
2025-10-02 03:56:29,205 - root - INFO - test loss: 0.2909
2025-10-02 03:56:29,206 - root - INFO - test average_precision, 0.9595
2025-10-02 03:56:29,206 - root - INFO - best test average_precision: 0.9654
2025-10-02 03:56:29,206 - root - INFO - test roc_auc, 0.9572
2025-10-02 03:56:29,206 - root - INFO - new node test loss: 0.3486
2025-10-02 03:56:29,206 - root - INFO - new node test average_precision, 0.9429
2025-10-02 03:56:29,206 - root - INFO - new node test roc_auc, 0.9361
2025-10-02 03:56:47,405 - root - INFO - Epoch: 86, learning rate: 0.0001, train loss: 0.1772
2025-10-02 03:56:47,406 - root - INFO - train average_precision, 0.9767
2025-10-02 03:56:47,406 - root - INFO - train roc_auc, 0.9776
2025-10-02 03:56:47,406 - root - INFO - validate loss: 0.2755
2025-10-02 03:56:47,406 - root - INFO - validate average_precision, 0.9655
2025-10-02 03:56:47,406 - root - INFO - validate roc_auc, 0.9617
2025-10-02 03:56:47,406 - root - INFO - new node validate loss: 0.3731
2025-10-02 03:56:47,406 - root - INFO - new node validate average_precision, 0.9319
2025-10-02 03:56:47,406 - root - INFO - new node validate roc_auc, 0.9233
2025-10-02 03:56:52,036 - root - INFO - test loss: 0.2959
2025-10-02 03:56:52,036 - root - INFO - test average_precision, 0.9597
2025-10-02 03:56:52,036 - root - INFO - best test average_precision: 0.9654
2025-10-02 03:56:52,036 - root - INFO - test roc_auc, 0.9575
2025-10-02 03:56:52,036 - root - INFO - new node test loss: 0.3403
2025-10-02 03:56:52,036 - root - INFO - new node test average_precision, 0.9445
2025-10-02 03:56:52,036 - root - INFO - new node test roc_auc, 0.9396
2025-10-02 03:57:10,291 - root - INFO - Epoch: 87, learning rate: 0.0001, train loss: 0.1768
2025-10-02 03:57:10,291 - root - INFO - train average_precision, 0.9766
2025-10-02 03:57:10,291 - root - INFO - train roc_auc, 0.9775
2025-10-02 03:57:10,291 - root - INFO - validate loss: 0.2705
2025-10-02 03:57:10,291 - root - INFO - validate average_precision, 0.9658
2025-10-02 03:57:10,291 - root - INFO - validate roc_auc, 0.9621
2025-10-02 03:57:10,291 - root - INFO - new node validate loss: 0.3704
2025-10-02 03:57:10,291 - root - INFO - new node validate average_precision, 0.9311
2025-10-02 03:57:10,291 - root - INFO - new node validate roc_auc, 0.9228
2025-10-02 03:57:14,923 - root - INFO - test loss: 0.2932
2025-10-02 03:57:14,923 - root - INFO - test average_precision, 0.9584
2025-10-02 03:57:14,923 - root - INFO - best test average_precision: 0.9654
2025-10-02 03:57:14,923 - root - INFO - test roc_auc, 0.9561
2025-10-02 03:57:14,923 - root - INFO - new node test loss: 0.3417
2025-10-02 03:57:14,923 - root - INFO - new node test average_precision, 0.9433
2025-10-02 03:57:14,923 - root - INFO - new node test roc_auc, 0.9372
2025-10-02 03:57:33,128 - root - INFO - Epoch: 88, learning rate: 0.0001, train loss: 0.1807
2025-10-02 03:57:33,128 - root - INFO - train average_precision, 0.9760
2025-10-02 03:57:33,128 - root - INFO - train roc_auc, 0.9769
2025-10-02 03:57:33,128 - root - INFO - validate loss: 0.2688
2025-10-02 03:57:33,129 - root - INFO - validate average_precision, 0.9655
2025-10-02 03:57:33,129 - root - INFO - validate roc_auc, 0.9618
2025-10-02 03:57:33,129 - root - INFO - new node validate loss: 0.3685
2025-10-02 03:57:33,129 - root - INFO - new node validate average_precision, 0.9323
2025-10-02 03:57:33,129 - root - INFO - new node validate roc_auc, 0.9237
2025-10-02 03:57:37,769 - root - INFO - test loss: 0.2945
2025-10-02 03:57:37,770 - root - INFO - test average_precision, 0.9581
2025-10-02 03:57:37,770 - root - INFO - best test average_precision: 0.9654
2025-10-02 03:57:37,770 - root - INFO - test roc_auc, 0.9562
2025-10-02 03:57:37,770 - root - INFO - new node test loss: 0.3378
2025-10-02 03:57:37,770 - root - INFO - new node test average_precision, 0.9451
2025-10-02 03:57:37,770 - root - INFO - new node test roc_auc, 0.9389
2025-10-02 03:57:56,005 - root - INFO - Epoch: 89, learning rate: 0.0001, train loss: 0.1787
2025-10-02 03:57:56,006 - root - INFO - train average_precision, 0.9764
2025-10-02 03:57:56,006 - root - INFO - train roc_auc, 0.9773
2025-10-02 03:57:56,006 - root - INFO - validate loss: 0.2734
2025-10-02 03:57:56,006 - root - INFO - validate average_precision, 0.9656
2025-10-02 03:57:56,006 - root - INFO - validate roc_auc, 0.9618
2025-10-02 03:57:56,006 - root - INFO - new node validate loss: 0.3803
2025-10-02 03:57:56,006 - root - INFO - new node validate average_precision, 0.9304
2025-10-02 03:57:56,006 - root - INFO - new node validate roc_auc, 0.9217
2025-10-02 03:58:00,648 - root - INFO - test loss: 0.2886
2025-10-02 03:58:00,648 - root - INFO - test average_precision, 0.9594
2025-10-02 03:58:00,648 - root - INFO - best test average_precision: 0.9654
2025-10-02 03:58:00,648 - root - INFO - test roc_auc, 0.9577
2025-10-02 03:58:00,648 - root - INFO - new node test loss: 0.3428
2025-10-02 03:58:00,648 - root - INFO - new node test average_precision, 0.9436
2025-10-02 03:58:00,648 - root - INFO - new node test roc_auc, 0.9368
2025-10-02 03:58:18,911 - root - INFO - Epoch: 90, learning rate: 0.0001, train loss: 0.1770
2025-10-02 03:58:18,911 - root - INFO - train average_precision, 0.9768
2025-10-02 03:58:18,911 - root - INFO - train roc_auc, 0.9777
2025-10-02 03:58:18,911 - root - INFO - validate loss: 0.2685
2025-10-02 03:58:18,911 - root - INFO - validate average_precision, 0.9664
2025-10-02 03:58:18,911 - root - INFO - validate roc_auc, 0.9626
2025-10-02 03:58:18,911 - root - INFO - new node validate loss: 0.3680
2025-10-02 03:58:18,911 - root - INFO - new node validate average_precision, 0.9328
2025-10-02 03:58:18,911 - root - INFO - new node validate roc_auc, 0.9243
2025-10-02 03:58:23,569 - root - INFO - test loss: 0.2915
2025-10-02 03:58:23,569 - root - INFO - test average_precision, 0.9592
2025-10-02 03:58:23,569 - root - INFO - best test average_precision: 0.9654
2025-10-02 03:58:23,569 - root - INFO - test roc_auc, 0.9571
2025-10-02 03:58:23,569 - root - INFO - new node test loss: 0.3393
2025-10-02 03:58:23,569 - root - INFO - new node test average_precision, 0.9459
2025-10-02 03:58:23,570 - root - INFO - new node test roc_auc, 0.9391
2025-10-02 03:58:41,793 - root - INFO - Epoch: 91, learning rate: 0.0001, train loss: 0.1766
2025-10-02 03:58:41,793 - root - INFO - train average_precision, 0.9767
2025-10-02 03:58:41,793 - root - INFO - train roc_auc, 0.9777
2025-10-02 03:58:41,793 - root - INFO - validate loss: 0.2768
2025-10-02 03:58:41,793 - root - INFO - validate average_precision, 0.9659
2025-10-02 03:58:41,793 - root - INFO - validate roc_auc, 0.9622
2025-10-02 03:58:41,793 - root - INFO - new node validate loss: 0.3741
2025-10-02 03:58:41,793 - root - INFO - new node validate average_precision, 0.9325
2025-10-02 03:58:41,793 - root - INFO - new node validate roc_auc, 0.9245
2025-10-02 03:58:46,432 - root - INFO - test loss: 0.2938
2025-10-02 03:58:46,432 - root - INFO - test average_precision, 0.9602
2025-10-02 03:58:46,432 - root - INFO - best test average_precision: 0.9654
2025-10-02 03:58:46,432 - root - INFO - test roc_auc, 0.9583
2025-10-02 03:58:46,433 - root - INFO - new node test loss: 0.3414
2025-10-02 03:58:46,433 - root - INFO - new node test average_precision, 0.9451
2025-10-02 03:58:46,433 - root - INFO - new node test roc_auc, 0.9392
2025-10-02 03:59:04,675 - root - INFO - Epoch: 92, learning rate: 0.0001, train loss: 0.1741
2025-10-02 03:59:04,676 - root - INFO - train average_precision, 0.9770
2025-10-02 03:59:04,676 - root - INFO - train roc_auc, 0.9781
2025-10-02 03:59:04,676 - root - INFO - validate loss: 0.2717
2025-10-02 03:59:04,676 - root - INFO - validate average_precision, 0.9660
2025-10-02 03:59:04,676 - root - INFO - validate roc_auc, 0.9626
2025-10-02 03:59:04,676 - root - INFO - new node validate loss: 0.3699
2025-10-02 03:59:04,676 - root - INFO - new node validate average_precision, 0.9318
2025-10-02 03:59:04,676 - root - INFO - new node validate roc_auc, 0.9240
2025-10-02 03:59:09,323 - root - INFO - test loss: 0.2919
2025-10-02 03:59:09,323 - root - INFO - test average_precision, 0.9602
2025-10-02 03:59:09,323 - root - INFO - best test average_precision: 0.9654
2025-10-02 03:59:09,323 - root - INFO - test roc_auc, 0.9583
2025-10-02 03:59:09,323 - root - INFO - new node test loss: 0.3352
2025-10-02 03:59:09,323 - root - INFO - new node test average_precision, 0.9462
2025-10-02 03:59:09,323 - root - INFO - new node test roc_auc, 0.9407
2025-10-02 03:59:27,545 - root - INFO - Epoch: 93, learning rate: 0.0001, train loss: 0.1751
2025-10-02 03:59:27,545 - root - INFO - train average_precision, 0.9767
2025-10-02 03:59:27,545 - root - INFO - train roc_auc, 0.9778
2025-10-02 03:59:27,545 - root - INFO - validate loss: 0.2703
2025-10-02 03:59:27,545 - root - INFO - validate average_precision, 0.9668
2025-10-02 03:59:27,545 - root - INFO - validate roc_auc, 0.9629
2025-10-02 03:59:27,545 - root - INFO - new node validate loss: 0.3722
2025-10-02 03:59:27,546 - root - INFO - new node validate average_precision, 0.9324
2025-10-02 03:59:27,546 - root - INFO - new node validate roc_auc, 0.9246
2025-10-02 03:59:32,209 - root - INFO - test loss: 0.2879
2025-10-02 03:59:32,209 - root - INFO - test average_precision, 0.9603
2025-10-02 03:59:32,209 - root - INFO - best test average_precision: 0.9654
2025-10-02 03:59:32,209 - root - INFO - test roc_auc, 0.9578
2025-10-02 03:59:32,209 - root - INFO - new node test loss: 0.3342
2025-10-02 03:59:32,209 - root - INFO - new node test average_precision, 0.9469
2025-10-02 03:59:32,209 - root - INFO - new node test roc_auc, 0.9407
2025-10-02 03:59:50,559 - root - INFO - Epoch: 94, learning rate: 0.0001, train loss: 0.1718
2025-10-02 03:59:50,559 - root - INFO - train average_precision, 0.9776
2025-10-02 03:59:50,559 - root - INFO - train roc_auc, 0.9785
2025-10-02 03:59:50,559 - root - INFO - validate loss: 0.2792
2025-10-02 03:59:50,559 - root - INFO - validate average_precision, 0.9660
2025-10-02 03:59:50,559 - root - INFO - validate roc_auc, 0.9624
2025-10-02 03:59:50,559 - root - INFO - new node validate loss: 0.3846
2025-10-02 03:59:50,559 - root - INFO - new node validate average_precision, 0.9320
2025-10-02 03:59:50,559 - root - INFO - new node validate roc_auc, 0.9240
2025-10-02 03:59:55,206 - root - INFO - test loss: 0.2939
2025-10-02 03:59:55,206 - root - INFO - test average_precision, 0.9589
2025-10-02 03:59:55,206 - root - INFO - best test average_precision: 0.9654
2025-10-02 03:59:55,206 - root - INFO - test roc_auc, 0.9573
2025-10-02 03:59:55,206 - root - INFO - new node test loss: 0.3427
2025-10-02 03:59:55,206 - root - INFO - new node test average_precision, 0.9448
2025-10-02 03:59:55,206 - root - INFO - new node test roc_auc, 0.9386
2025-10-02 04:00:13,357 - root - INFO - Epoch: 95, learning rate: 0.0001, train loss: 0.1719
2025-10-02 04:00:13,357 - root - INFO - train average_precision, 0.9777
2025-10-02 04:00:13,358 - root - INFO - train roc_auc, 0.9787
2025-10-02 04:00:13,358 - root - INFO - validate loss: 0.2778
2025-10-02 04:00:13,358 - root - INFO - validate average_precision, 0.9664
2025-10-02 04:00:13,358 - root - INFO - validate roc_auc, 0.9626
2025-10-02 04:00:13,358 - root - INFO - new node validate loss: 0.3824
2025-10-02 04:00:13,358 - root - INFO - new node validate average_precision, 0.9315
2025-10-02 04:00:13,358 - root - INFO - new node validate roc_auc, 0.9229
2025-10-02 04:00:18,004 - root - INFO - test loss: 0.2828
2025-10-02 04:00:18,004 - root - INFO - test average_precision, 0.9627
2025-10-02 04:00:18,004 - root - INFO - best test average_precision: 0.9654
2025-10-02 04:00:18,004 - root - INFO - test roc_auc, 0.9610
2025-10-02 04:00:18,005 - root - INFO - new node test loss: 0.3472
2025-10-02 04:00:18,005 - root - INFO - new node test average_precision, 0.9460
2025-10-02 04:00:18,005 - root - INFO - new node test roc_auc, 0.9400
2025-10-02 04:00:36,279 - root - INFO - Epoch: 96, learning rate: 0.0001, train loss: 0.1712
2025-10-02 04:00:36,280 - root - INFO - train average_precision, 0.9775
2025-10-02 04:00:36,280 - root - INFO - train roc_auc, 0.9787
2025-10-02 04:00:36,280 - root - INFO - validate loss: 0.2733
2025-10-02 04:00:36,280 - root - INFO - validate average_precision, 0.9663
2025-10-02 04:00:36,280 - root - INFO - validate roc_auc, 0.9624
2025-10-02 04:00:36,280 - root - INFO - new node validate loss: 0.3788
2025-10-02 04:00:36,280 - root - INFO - new node validate average_precision, 0.9313
2025-10-02 04:00:36,280 - root - INFO - new node validate roc_auc, 0.9229
2025-10-02 04:00:40,922 - root - INFO - test loss: 0.2901
2025-10-02 04:00:40,922 - root - INFO - test average_precision, 0.9598
2025-10-02 04:00:40,922 - root - INFO - best test average_precision: 0.9654
2025-10-02 04:00:40,922 - root - INFO - test roc_auc, 0.9576
2025-10-02 04:00:40,922 - root - INFO - new node test loss: 0.3490
2025-10-02 04:00:40,922 - root - INFO - new node test average_precision, 0.9439
2025-10-02 04:00:40,922 - root - INFO - new node test roc_auc, 0.9368
2025-10-02 04:00:59,172 - root - INFO - Epoch: 97, learning rate: 0.0001, train loss: 0.1699
2025-10-02 04:00:59,173 - root - INFO - train average_precision, 0.9778
2025-10-02 04:00:59,173 - root - INFO - train roc_auc, 0.9790
2025-10-02 04:00:59,173 - root - INFO - validate loss: 0.2708
2025-10-02 04:00:59,173 - root - INFO - validate average_precision, 0.9674
2025-10-02 04:00:59,173 - root - INFO - validate roc_auc, 0.9640
2025-10-02 04:00:59,173 - root - INFO - new node validate loss: 0.3818
2025-10-02 04:00:59,173 - root - INFO - new node validate average_precision, 0.9319
2025-10-02 04:00:59,173 - root - INFO - new node validate roc_auc, 0.9235
2025-10-02 04:01:03,826 - root - INFO - test loss: 0.2875
2025-10-02 04:01:03,826 - root - INFO - test average_precision, 0.9615
2025-10-02 04:01:03,826 - root - INFO - best test average_precision: 0.9654
2025-10-02 04:01:03,826 - root - INFO - test roc_auc, 0.9596
2025-10-02 04:01:03,826 - root - INFO - new node test loss: 0.3432
2025-10-02 04:01:03,826 - root - INFO - new node test average_precision, 0.9453
2025-10-02 04:01:03,826 - root - INFO - new node test roc_auc, 0.9394
2025-10-02 04:01:22,090 - root - INFO - Epoch: 98, learning rate: 0.0001, train loss: 0.1697
2025-10-02 04:01:22,090 - root - INFO - train average_precision, 0.9780
2025-10-02 04:01:22,090 - root - INFO - train roc_auc, 0.9790
2025-10-02 04:01:22,090 - root - INFO - validate loss: 0.2790
2025-10-02 04:01:22,090 - root - INFO - validate average_precision, 0.9657
2025-10-02 04:01:22,090 - root - INFO - validate roc_auc, 0.9616
2025-10-02 04:01:22,090 - root - INFO - new node validate loss: 0.3835
2025-10-02 04:01:22,090 - root - INFO - new node validate average_precision, 0.9300
2025-10-02 04:01:22,091 - root - INFO - new node validate roc_auc, 0.9215
2025-10-02 04:01:26,695 - root - INFO - test loss: 0.2941
2025-10-02 04:01:26,695 - root - INFO - test average_precision, 0.9597
2025-10-02 04:01:26,695 - root - INFO - best test average_precision: 0.9654
2025-10-02 04:01:26,695 - root - INFO - test roc_auc, 0.9576
2025-10-02 04:01:26,695 - root - INFO - new node test loss: 0.3466
2025-10-02 04:01:26,695 - root - INFO - new node test average_precision, 0.9444
2025-10-02 04:01:26,695 - root - INFO - new node test roc_auc, 0.9375
2025-10-02 04:01:44,943 - root - INFO - Epoch: 99, learning rate: 0.0001, train loss: 0.1688
2025-10-02 04:01:44,943 - root - INFO - train average_precision, 0.9783
2025-10-02 04:01:44,943 - root - INFO - train roc_auc, 0.9794
2025-10-02 04:01:44,943 - root - INFO - validate loss: 0.2799
2025-10-02 04:01:44,943 - root - INFO - validate average_precision, 0.9654
2025-10-02 04:01:44,943 - root - INFO - validate roc_auc, 0.9618
2025-10-02 04:01:44,944 - root - INFO - new node validate loss: 0.3871
2025-10-02 04:01:44,944 - root - INFO - new node validate average_precision, 0.9307
2025-10-02 04:01:44,944 - root - INFO - new node validate roc_auc, 0.9220
2025-10-02 04:01:49,574 - root - INFO - test loss: 0.3087
2025-10-02 04:01:49,574 - root - INFO - test average_precision, 0.9546
2025-10-02 04:01:49,574 - root - INFO - best test average_precision: 0.9654
2025-10-02 04:01:49,574 - root - INFO - test roc_auc, 0.9530
2025-10-02 04:01:49,574 - root - INFO - new node test loss: 0.3656
2025-10-02 04:01:49,574 - root - INFO - new node test average_precision, 0.9393
2025-10-02 04:01:49,575 - root - INFO - new node test roc_auc, 0.9311
2025-10-02 04:01:49,575 - root - INFO - load model ./saved_models/JODIE/wikipedia/JODIE_time2vec_seed0/JODIE_time2vec_seed0.pkl
2025-10-02 04:01:50,962 - root - INFO - get final performance on dataset wikipedia...
2025-10-02 04:01:55,752 - root - INFO - test loss: 0.2771
2025-10-02 04:01:55,752 - root - INFO - test average_precision, 0.9619
2025-10-02 04:01:55,752 - root - INFO - test roc_auc, 0.9598
2025-10-02 04:01:55,752 - root - INFO - new node test loss: 0.3329
2025-10-02 04:01:55,752 - root - INFO - new node test average_precision, 0.9445
2025-10-02 04:01:55,752 - root - INFO - new node test roc_auc, 0.9394
2025-10-02 04:01:55,752 - root - INFO - Run 1 cost 2299.55 seconds.
