2025-10-02 14:38:32,300 - root - INFO - ********** Run 1 starts. **********
2025-10-02 14:38:32,300 - root - INFO - configuration is Namespace(dataset_name='SocialEvo', batch_size=200, model_name='JODIE', gpu=0, num_neighbors=10, sample_neighbor_strategy='uniform', time_scaling_factor=1e-06, num_walk_heads=8, num_heads=2, num_layers=1, walk_length=1, time_gap=2000, time_feat_dim=128, position_feat_dim=172, time_window_mode='fixed_proportion', time_encoder_type='kan_mammote', expert_dim=64, num_mixtures=4, patch_size=1, channel_embedding_dim=50, max_input_sequence_length=32, learning_rate=0.0001, dropout=0.1, gamma=0.5, num_epochs=100, optimizer='Adam', weight_decay=0.0, patience=20, val_ratio=0.15, test_ratio=0.15, num_runs=1, test_interval_epochs=1, negative_sample_strategy='random', max_interaction_times=10, load_best_configs=True, device='cuda:0', seed=0, save_model_name='JODIE_kan_mammote_seed0')
2025-10-02 14:38:32,324 - root - INFO - time encoder type: kan_mammote
2025-10-02 14:38:34,229 - root - INFO - model -> Sequential(
  (0): MemoryModel(
    (time_encoder): TimeEncoder(
      (w): Linear(in_features=1, out_features=128, bias=True)
    )
    (message_aggregator): MessageAggregator()
    (memory_bank): MemoryBank(num_nodes=75, memory_dim=172)
    (memory_updater): RNNMemoryUpdater(
      (memory_bank): MemoryBank(num_nodes=75, memory_dim=172)
      (memory_updater): RNNCell(644, 172)
    )
    (embedding_module): TimeProjectionEmbedding(
      (dropout): Dropout(p=0.1, inplace=False)
      (linear_layer): Linear(in_features=1, out_features=172, bias=True)
    )
  )
  (1): MergeLayer(
    (fc1): Linear(in_features=344, out_features=172, bias=True)
    (fc2): Linear(in_features=172, out_features=1, bias=True)
    (act): ReLU()
  )
)
2025-10-02 14:38:34,229 - root - INFO - model name: JODIE, #parameters: 803236 B, 784.41015625 KB, 0.7660255432128906 MB.
2025-10-02 14:39:59,265 - root - INFO - Epoch: 1, learning rate: 0.0001, train loss: 0.5164
2025-10-02 14:39:59,266 - root - INFO - train average_precision, 0.7348
2025-10-02 14:39:59,267 - root - INFO - train roc_auc, 0.7980
2025-10-02 14:39:59,267 - root - INFO - validate loss: 0.5058
2025-10-02 14:39:59,267 - root - INFO - validate average_precision, 0.7567
2025-10-02 14:39:59,267 - root - INFO - validate roc_auc, 0.8134
2025-10-02 14:39:59,267 - root - INFO - new node validate loss: 0.5779
2025-10-02 14:39:59,268 - root - INFO - new node validate average_precision, 0.8024
2025-10-02 14:39:59,268 - root - INFO - new node validate roc_auc, 0.8498
2025-10-02 14:40:11,435 - root - INFO - test loss: 0.4974
2025-10-02 14:40:11,435 - root - INFO - test average_precision, 0.7671
2025-10-02 14:40:11,436 - root - INFO - best test average_precision: 0.7671
2025-10-02 14:40:11,436 - root - INFO - test roc_auc, 0.8251
2025-10-02 14:40:11,436 - root - INFO - new node test loss: 0.5913
2025-10-02 14:40:11,436 - root - INFO - new node test average_precision, 0.8215
2025-10-02 14:40:11,436 - root - INFO - new node test roc_auc, 0.8666
2025-10-02 14:40:11,436 - root - INFO - save model ./saved_models/JODIE/SocialEvo/JODIE_kan_mammote_seed0/JODIE_kan_mammote_seed0.pkl
2025-10-02 14:41:35,582 - root - INFO - Epoch: 2, learning rate: 0.0001, train loss: 0.4902
2025-10-02 14:41:35,583 - root - INFO - train average_precision, 0.7701
2025-10-02 14:41:35,584 - root - INFO - train roc_auc, 0.8244
2025-10-02 14:41:35,584 - root - INFO - validate loss: 0.5225
2025-10-02 14:41:35,584 - root - INFO - validate average_precision, 0.7273
2025-10-02 14:41:35,584 - root - INFO - validate roc_auc, 0.7866
2025-10-02 14:41:35,584 - root - INFO - new node validate loss: 0.4952
2025-10-02 14:41:35,584 - root - INFO - new node validate average_precision, 0.8259
2025-10-02 14:41:35,585 - root - INFO - new node validate roc_auc, 0.8643
2025-10-02 14:41:47,742 - root - INFO - test loss: 0.5032
2025-10-02 14:41:47,742 - root - INFO - test average_precision, 0.7459
2025-10-02 14:41:47,742 - root - INFO - best test average_precision: 0.7671
2025-10-02 14:41:47,743 - root - INFO - test roc_auc, 0.8057
2025-10-02 14:41:47,743 - root - INFO - new node test loss: 0.5021
2025-10-02 14:41:47,743 - root - INFO - new node test average_precision, 0.8442
2025-10-02 14:41:47,743 - root - INFO - new node test roc_auc, 0.8814
2025-10-02 14:43:12,318 - root - INFO - Epoch: 3, learning rate: 0.0001, train loss: 0.4753
2025-10-02 14:43:12,319 - root - INFO - train average_precision, 0.7902
2025-10-02 14:43:12,320 - root - INFO - train roc_auc, 0.8395
2025-10-02 14:43:12,320 - root - INFO - validate loss: 0.4810
2025-10-02 14:43:12,320 - root - INFO - validate average_precision, 0.8048
2025-10-02 14:43:12,321 - root - INFO - validate roc_auc, 0.8478
2025-10-02 14:43:12,321 - root - INFO - new node validate loss: 0.4656
2025-10-02 14:43:12,321 - root - INFO - new node validate average_precision, 0.8501
2025-10-02 14:43:12,321 - root - INFO - new node validate roc_auc, 0.8829
2025-10-02 14:43:24,544 - root - INFO - test loss: 0.4526
2025-10-02 14:43:24,545 - root - INFO - test average_precision, 0.8202
2025-10-02 14:43:24,545 - root - INFO - best test average_precision: 0.8202
2025-10-02 14:43:24,545 - root - INFO - test roc_auc, 0.8615
2025-10-02 14:43:24,545 - root - INFO - new node test loss: 0.4699
2025-10-02 14:43:24,545 - root - INFO - new node test average_precision, 0.8610
2025-10-02 14:43:24,545 - root - INFO - new node test roc_auc, 0.8934
2025-10-02 14:43:24,546 - root - INFO - save model ./saved_models/JODIE/SocialEvo/JODIE_kan_mammote_seed0/JODIE_kan_mammote_seed0.pkl
2025-10-02 14:44:48,593 - root - INFO - Epoch: 4, learning rate: 0.0001, train loss: 0.4573
2025-10-02 14:44:48,595 - root - INFO - train average_precision, 0.8175
2025-10-02 14:44:48,596 - root - INFO - train roc_auc, 0.8574
2025-10-02 14:44:48,596 - root - INFO - validate loss: 0.4606
2025-10-02 14:44:48,596 - root - INFO - validate average_precision, 0.8128
2025-10-02 14:44:48,596 - root - INFO - validate roc_auc, 0.8504
2025-10-02 14:44:48,596 - root - INFO - new node validate loss: 0.3784
2025-10-02 14:44:48,596 - root - INFO - new node validate average_precision, 0.8889
2025-10-02 14:44:48,596 - root - INFO - new node validate roc_auc, 0.9152
2025-10-02 14:45:00,751 - root - INFO - test loss: 0.4459
2025-10-02 14:45:00,752 - root - INFO - test average_precision, 0.8252
2025-10-02 14:45:00,752 - root - INFO - best test average_precision: 0.8252
2025-10-02 14:45:00,752 - root - INFO - test roc_auc, 0.8615
2025-10-02 14:45:00,752 - root - INFO - new node test loss: 0.3669
2025-10-02 14:45:00,752 - root - INFO - new node test average_precision, 0.9058
2025-10-02 14:45:00,752 - root - INFO - new node test roc_auc, 0.9296
2025-10-02 14:45:00,753 - root - INFO - save model ./saved_models/JODIE/SocialEvo/JODIE_kan_mammote_seed0/JODIE_kan_mammote_seed0.pkl
2025-10-02 14:46:25,052 - root - INFO - Epoch: 5, learning rate: 0.0001, train loss: 0.4481
2025-10-02 14:46:25,053 - root - INFO - train average_precision, 0.8228
2025-10-02 14:46:25,054 - root - INFO - train roc_auc, 0.8618
2025-10-02 14:46:25,054 - root - INFO - validate loss: 0.4822
2025-10-02 14:46:25,054 - root - INFO - validate average_precision, 0.7857
2025-10-02 14:46:25,054 - root - INFO - validate roc_auc, 0.8333
2025-10-02 14:46:25,054 - root - INFO - new node validate loss: 0.3989
2025-10-02 14:46:25,054 - root - INFO - new node validate average_precision, 0.8865
2025-10-02 14:46:25,054 - root - INFO - new node validate roc_auc, 0.9105
2025-10-02 14:46:37,356 - root - INFO - test loss: 0.4709
2025-10-02 14:46:37,356 - root - INFO - test average_precision, 0.8065
2025-10-02 14:46:37,356 - root - INFO - best test average_precision: 0.8252
2025-10-02 14:46:37,357 - root - INFO - test roc_auc, 0.8521
2025-10-02 14:46:37,357 - root - INFO - new node test loss: 0.4039
2025-10-02 14:46:37,357 - root - INFO - new node test average_precision, 0.8836
2025-10-02 14:46:37,357 - root - INFO - new node test roc_auc, 0.9131
2025-10-02 14:48:02,059 - root - INFO - Epoch: 6, learning rate: 0.0001, train loss: 0.4388
2025-10-02 14:48:02,061 - root - INFO - train average_precision, 0.8308
2025-10-02 14:48:02,062 - root - INFO - train roc_auc, 0.8679
2025-10-02 14:48:02,062 - root - INFO - validate loss: 0.5117
2025-10-02 14:48:02,062 - root - INFO - validate average_precision, 0.7313
2025-10-02 14:48:02,062 - root - INFO - validate roc_auc, 0.7930
2025-10-02 14:48:02,062 - root - INFO - new node validate loss: 0.3760
2025-10-02 14:48:02,063 - root - INFO - new node validate average_precision, 0.9058
2025-10-02 14:48:02,063 - root - INFO - new node validate roc_auc, 0.9245
2025-10-02 14:48:14,287 - root - INFO - test loss: 0.4921
2025-10-02 14:48:14,287 - root - INFO - test average_precision, 0.7479
2025-10-02 14:48:14,288 - root - INFO - best test average_precision: 0.8252
2025-10-02 14:48:14,288 - root - INFO - test roc_auc, 0.8106
2025-10-02 14:48:14,288 - root - INFO - new node test loss: 0.3753
2025-10-02 14:48:14,288 - root - INFO - new node test average_precision, 0.9102
2025-10-02 14:48:14,288 - root - INFO - new node test roc_auc, 0.9298
2025-10-02 14:49:38,846 - root - INFO - Epoch: 7, learning rate: 0.0001, train loss: 0.4278
2025-10-02 14:49:38,848 - root - INFO - train average_precision, 0.8419
2025-10-02 14:49:38,848 - root - INFO - train roc_auc, 0.8759
2025-10-02 14:49:38,848 - root - INFO - validate loss: 0.5187
2025-10-02 14:49:38,849 - root - INFO - validate average_precision, 0.8173
2025-10-02 14:49:38,849 - root - INFO - validate roc_auc, 0.8564
2025-10-02 14:49:38,849 - root - INFO - new node validate loss: 0.4224
2025-10-02 14:49:38,849 - root - INFO - new node validate average_precision, 0.8726
2025-10-02 14:49:38,849 - root - INFO - new node validate roc_auc, 0.8989
2025-10-02 14:49:50,994 - root - INFO - test loss: 0.4895
2025-10-02 14:49:50,994 - root - INFO - test average_precision, 0.8324
2025-10-02 14:49:50,995 - root - INFO - best test average_precision: 0.8324
2025-10-02 14:49:50,995 - root - INFO - test roc_auc, 0.8694
2025-10-02 14:49:50,995 - root - INFO - new node test loss: 0.3732
2025-10-02 14:49:50,995 - root - INFO - new node test average_precision, 0.8978
2025-10-02 14:49:50,995 - root - INFO - new node test roc_auc, 0.9226
2025-10-02 14:49:50,996 - root - INFO - save model ./saved_models/JODIE/SocialEvo/JODIE_kan_mammote_seed0/JODIE_kan_mammote_seed0.pkl
2025-10-02 14:51:15,442 - root - INFO - Epoch: 8, learning rate: 0.0001, train loss: 0.4281
2025-10-02 14:51:15,443 - root - INFO - train average_precision, 0.8415
2025-10-02 14:51:15,444 - root - INFO - train roc_auc, 0.8754
2025-10-02 14:51:15,444 - root - INFO - validate loss: 0.4435
2025-10-02 14:51:15,444 - root - INFO - validate average_precision, 0.8374
2025-10-02 14:51:15,444 - root - INFO - validate roc_auc, 0.8705
2025-10-02 14:51:15,444 - root - INFO - new node validate loss: 0.3963
2025-10-02 14:51:15,444 - root - INFO - new node validate average_precision, 0.8849
2025-10-02 14:51:15,445 - root - INFO - new node validate roc_auc, 0.9109
2025-10-02 14:51:27,639 - root - INFO - test loss: 0.4160
2025-10-02 14:51:27,639 - root - INFO - test average_precision, 0.8525
2025-10-02 14:51:27,639 - root - INFO - best test average_precision: 0.8525
2025-10-02 14:51:27,639 - root - INFO - test roc_auc, 0.8848
2025-10-02 14:51:27,639 - root - INFO - new node test loss: 0.3901
2025-10-02 14:51:27,640 - root - INFO - new node test average_precision, 0.8966
2025-10-02 14:51:27,640 - root - INFO - new node test roc_auc, 0.9211
2025-10-02 14:51:27,640 - root - INFO - save model ./saved_models/JODIE/SocialEvo/JODIE_kan_mammote_seed0/JODIE_kan_mammote_seed0.pkl
2025-10-02 14:52:52,236 - root - INFO - Epoch: 9, learning rate: 0.0001, train loss: 0.4211
2025-10-02 14:52:52,238 - root - INFO - train average_precision, 0.8470
2025-10-02 14:52:52,239 - root - INFO - train roc_auc, 0.8795
2025-10-02 14:52:52,239 - root - INFO - validate loss: 0.4881
2025-10-02 14:52:52,239 - root - INFO - validate average_precision, 0.8191
2025-10-02 14:52:52,239 - root - INFO - validate roc_auc, 0.8559
2025-10-02 14:52:52,239 - root - INFO - new node validate loss: 0.3765
2025-10-02 14:52:52,239 - root - INFO - new node validate average_precision, 0.8985
2025-10-02 14:52:52,239 - root - INFO - new node validate roc_auc, 0.9171
2025-10-02 14:53:04,555 - root - INFO - test loss: 0.4560
2025-10-02 14:53:04,556 - root - INFO - test average_precision, 0.8379
2025-10-02 14:53:04,556 - root - INFO - best test average_precision: 0.8525
2025-10-02 14:53:04,556 - root - INFO - test roc_auc, 0.8713
2025-10-02 14:53:04,556 - root - INFO - new node test loss: 0.3653
2025-10-02 14:53:04,556 - root - INFO - new node test average_precision, 0.9079
2025-10-02 14:53:04,556 - root - INFO - new node test roc_auc, 0.9282
2025-10-02 14:54:29,233 - root - INFO - Epoch: 10, learning rate: 0.0001, train loss: 0.4153
2025-10-02 14:54:29,234 - root - INFO - train average_precision, 0.8528
2025-10-02 14:54:29,235 - root - INFO - train roc_auc, 0.8835
2025-10-02 14:54:29,235 - root - INFO - validate loss: 0.4489
2025-10-02 14:54:29,235 - root - INFO - validate average_precision, 0.8356
2025-10-02 14:54:29,235 - root - INFO - validate roc_auc, 0.8664
2025-10-02 14:54:29,235 - root - INFO - new node validate loss: 0.3914
2025-10-02 14:54:29,235 - root - INFO - new node validate average_precision, 0.8933
2025-10-02 14:54:29,235 - root - INFO - new node validate roc_auc, 0.9144
2025-10-02 14:54:41,399 - root - INFO - test loss: 0.4230
2025-10-02 14:54:41,399 - root - INFO - test average_precision, 0.8565
2025-10-02 14:54:41,399 - root - INFO - best test average_precision: 0.8565
2025-10-02 14:54:41,399 - root - INFO - test roc_auc, 0.8842
2025-10-02 14:54:41,399 - root - INFO - new node test loss: 0.3796
2025-10-02 14:54:41,399 - root - INFO - new node test average_precision, 0.9098
2025-10-02 14:54:41,400 - root - INFO - new node test roc_auc, 0.9289
2025-10-02 14:56:06,196 - root - INFO - Epoch: 11, learning rate: 0.0001, train loss: 0.4089
2025-10-02 14:56:06,197 - root - INFO - train average_precision, 0.8597
2025-10-02 14:56:06,198 - root - INFO - train roc_auc, 0.8884
2025-10-02 14:56:06,198 - root - INFO - validate loss: 0.4204
2025-10-02 14:56:06,198 - root - INFO - validate average_precision, 0.8588
2025-10-02 14:56:06,199 - root - INFO - validate roc_auc, 0.8871
2025-10-02 14:56:06,199 - root - INFO - new node validate loss: 0.4035
2025-10-02 14:56:06,199 - root - INFO - new node validate average_precision, 0.8879
2025-10-02 14:56:06,199 - root - INFO - new node validate roc_auc, 0.9069
2025-10-02 14:56:18,586 - root - INFO - test loss: 0.3976
2025-10-02 14:56:18,586 - root - INFO - test average_precision, 0.8730
2025-10-02 14:56:18,586 - root - INFO - best test average_precision: 0.8730
2025-10-02 14:56:18,587 - root - INFO - test roc_auc, 0.8992
2025-10-02 14:56:18,587 - root - INFO - new node test loss: 0.3786
2025-10-02 14:56:18,587 - root - INFO - new node test average_precision, 0.9034
2025-10-02 14:56:18,587 - root - INFO - new node test roc_auc, 0.9225
2025-10-02 14:56:18,587 - root - INFO - save model ./saved_models/JODIE/SocialEvo/JODIE_kan_mammote_seed0/JODIE_kan_mammote_seed0.pkl
2025-10-02 14:57:43,135 - root - INFO - Epoch: 12, learning rate: 0.0001, train loss: 0.4080
2025-10-02 14:57:43,136 - root - INFO - train average_precision, 0.8611
2025-10-02 14:57:43,137 - root - INFO - train roc_auc, 0.8890
2025-10-02 14:57:43,137 - root - INFO - validate loss: 0.5870
2025-10-02 14:57:43,137 - root - INFO - validate average_precision, 0.7987
2025-10-02 14:57:43,137 - root - INFO - validate roc_auc, 0.8390
2025-10-02 14:57:43,137 - root - INFO - new node validate loss: 0.3728
2025-10-02 14:57:43,137 - root - INFO - new node validate average_precision, 0.8980
2025-10-02 14:57:43,137 - root - INFO - new node validate roc_auc, 0.9185
2025-10-02 14:57:55,317 - root - INFO - test loss: 0.5253
2025-10-02 14:57:55,317 - root - INFO - test average_precision, 0.8255
2025-10-02 14:57:55,317 - root - INFO - best test average_precision: 0.8730
2025-10-02 14:57:55,317 - root - INFO - test roc_auc, 0.8609
2025-10-02 14:57:55,317 - root - INFO - new node test loss: 0.3699
2025-10-02 14:57:55,317 - root - INFO - new node test average_precision, 0.9051
2025-10-02 14:57:55,317 - root - INFO - new node test roc_auc, 0.9259
2025-10-02 14:59:18,869 - root - INFO - Epoch: 13, learning rate: 0.0001, train loss: 0.4006
2025-10-02 14:59:18,870 - root - INFO - train average_precision, 0.8655
2025-10-02 14:59:18,871 - root - INFO - train roc_auc, 0.8924
2025-10-02 14:59:18,871 - root - INFO - validate loss: 0.4186
2025-10-02 14:59:18,871 - root - INFO - validate average_precision, 0.8644
2025-10-02 14:59:18,872 - root - INFO - validate roc_auc, 0.8915
2025-10-02 14:59:18,872 - root - INFO - new node validate loss: 0.3768
2025-10-02 14:59:18,872 - root - INFO - new node validate average_precision, 0.8988
2025-10-02 14:59:18,872 - root - INFO - new node validate roc_auc, 0.9165
2025-10-02 14:59:31,144 - root - INFO - test loss: 0.3848
2025-10-02 14:59:31,144 - root - INFO - test average_precision, 0.8814
2025-10-02 14:59:31,144 - root - INFO - best test average_precision: 0.8814
2025-10-02 14:59:31,145 - root - INFO - test roc_auc, 0.9062
2025-10-02 14:59:31,145 - root - INFO - new node test loss: 0.3624
2025-10-02 14:59:31,145 - root - INFO - new node test average_precision, 0.9082
2025-10-02 14:59:31,145 - root - INFO - new node test roc_auc, 0.9267
2025-10-02 14:59:31,145 - root - INFO - save model ./saved_models/JODIE/SocialEvo/JODIE_kan_mammote_seed0/JODIE_kan_mammote_seed0.pkl
2025-10-02 15:00:55,661 - root - INFO - Epoch: 14, learning rate: 0.0001, train loss: 0.4011
2025-10-02 15:00:55,662 - root - INFO - train average_precision, 0.8656
2025-10-02 15:00:55,663 - root - INFO - train roc_auc, 0.8925
2025-10-02 15:00:55,663 - root - INFO - validate loss: 0.4401
2025-10-02 15:00:55,664 - root - INFO - validate average_precision, 0.8519
2025-10-02 15:00:55,664 - root - INFO - validate roc_auc, 0.8809
2025-10-02 15:00:55,664 - root - INFO - new node validate loss: 0.3985
2025-10-02 15:00:55,664 - root - INFO - new node validate average_precision, 0.8964
2025-10-02 15:00:55,664 - root - INFO - new node validate roc_auc, 0.9150
2025-10-02 15:01:07,935 - root - INFO - test loss: 0.4093
2025-10-02 15:01:07,935 - root - INFO - test average_precision, 0.8668
2025-10-02 15:01:07,936 - root - INFO - best test average_precision: 0.8814
2025-10-02 15:01:07,936 - root - INFO - test roc_auc, 0.8936
2025-10-02 15:01:07,936 - root - INFO - new node test loss: 0.3560
2025-10-02 15:01:07,936 - root - INFO - new node test average_precision, 0.9139
2025-10-02 15:01:07,936 - root - INFO - new node test roc_auc, 0.9310
2025-10-02 15:02:32,135 - root - INFO - Epoch: 15, learning rate: 0.0001, train loss: 0.3996
2025-10-02 15:02:32,136 - root - INFO - train average_precision, 0.8669
2025-10-02 15:02:32,137 - root - INFO - train roc_auc, 0.8933
2025-10-02 15:02:32,137 - root - INFO - validate loss: 0.4874
2025-10-02 15:02:32,138 - root - INFO - validate average_precision, 0.8446
2025-10-02 15:02:32,138 - root - INFO - validate roc_auc, 0.8748
2025-10-02 15:02:32,138 - root - INFO - new node validate loss: 0.3691
2025-10-02 15:02:32,138 - root - INFO - new node validate average_precision, 0.9089
2025-10-02 15:02:32,138 - root - INFO - new node validate roc_auc, 0.9241
2025-10-02 15:02:44,289 - root - INFO - test loss: 0.4342
2025-10-02 15:02:44,289 - root - INFO - test average_precision, 0.8666
2025-10-02 15:02:44,290 - root - INFO - best test average_precision: 0.8814
2025-10-02 15:02:44,290 - root - INFO - test roc_auc, 0.8936
2025-10-02 15:02:44,290 - root - INFO - new node test loss: 0.3603
2025-10-02 15:02:44,290 - root - INFO - new node test average_precision, 0.9090
2025-10-02 15:02:44,290 - root - INFO - new node test roc_auc, 0.9283
2025-10-02 15:04:08,834 - root - INFO - Epoch: 16, learning rate: 0.0001, train loss: 0.3982
2025-10-02 15:04:08,836 - root - INFO - train average_precision, 0.8684
2025-10-02 15:04:08,836 - root - INFO - train roc_auc, 0.8944
2025-10-02 15:04:08,836 - root - INFO - validate loss: 0.4329
2025-10-02 15:04:08,837 - root - INFO - validate average_precision, 0.8626
2025-10-02 15:04:08,837 - root - INFO - validate roc_auc, 0.8888
2025-10-02 15:04:08,837 - root - INFO - new node validate loss: 0.3985
2025-10-02 15:04:08,837 - root - INFO - new node validate average_precision, 0.8984
2025-10-02 15:04:08,837 - root - INFO - new node validate roc_auc, 0.9153
2025-10-02 15:04:21,036 - root - INFO - test loss: 0.4003
2025-10-02 15:04:21,036 - root - INFO - test average_precision, 0.8749
2025-10-02 15:04:21,037 - root - INFO - best test average_precision: 0.8814
2025-10-02 15:04:21,037 - root - INFO - test roc_auc, 0.8999
2025-10-02 15:04:21,037 - root - INFO - new node test loss: 0.3729
2025-10-02 15:04:21,037 - root - INFO - new node test average_precision, 0.9018
2025-10-02 15:04:21,037 - root - INFO - new node test roc_auc, 0.9250
2025-10-02 15:05:45,602 - root - INFO - Epoch: 17, learning rate: 0.0001, train loss: 0.3950
2025-10-02 15:05:45,603 - root - INFO - train average_precision, 0.8692
2025-10-02 15:05:45,604 - root - INFO - train roc_auc, 0.8955
2025-10-02 15:05:45,604 - root - INFO - validate loss: 0.4014
2025-10-02 15:05:45,604 - root - INFO - validate average_precision, 0.8724
2025-10-02 15:05:45,604 - root - INFO - validate roc_auc, 0.8974
2025-10-02 15:05:45,604 - root - INFO - new node validate loss: 0.3665
2025-10-02 15:05:45,604 - root - INFO - new node validate average_precision, 0.9085
2025-10-02 15:05:45,605 - root - INFO - new node validate roc_auc, 0.9242
2025-10-02 15:05:57,755 - root - INFO - test loss: 0.3784
2025-10-02 15:05:57,755 - root - INFO - test average_precision, 0.8858
2025-10-02 15:05:57,755 - root - INFO - best test average_precision: 0.8858
2025-10-02 15:05:57,756 - root - INFO - test roc_auc, 0.9090
2025-10-02 15:05:57,756 - root - INFO - new node test loss: 0.3589
2025-10-02 15:05:57,756 - root - INFO - new node test average_precision, 0.9070
2025-10-02 15:05:57,756 - root - INFO - new node test roc_auc, 0.9277
2025-10-02 15:05:57,756 - root - INFO - save model ./saved_models/JODIE/SocialEvo/JODIE_kan_mammote_seed0/JODIE_kan_mammote_seed0.pkl
2025-10-02 15:07:22,653 - root - INFO - Epoch: 18, learning rate: 0.0001, train loss: 0.3926
2025-10-02 15:07:22,655 - root - INFO - train average_precision, 0.8712
2025-10-02 15:07:22,656 - root - INFO - train roc_auc, 0.8969
2025-10-02 15:07:22,656 - root - INFO - validate loss: 0.4047
2025-10-02 15:07:22,656 - root - INFO - validate average_precision, 0.8700
2025-10-02 15:07:22,656 - root - INFO - validate roc_auc, 0.8947
2025-10-02 15:07:22,656 - root - INFO - new node validate loss: 0.3666
2025-10-02 15:07:22,656 - root - INFO - new node validate average_precision, 0.9106
2025-10-02 15:07:22,656 - root - INFO - new node validate roc_auc, 0.9222
2025-10-02 15:07:34,875 - root - INFO - test loss: 0.3801
2025-10-02 15:07:34,876 - root - INFO - test average_precision, 0.8846
2025-10-02 15:07:34,876 - root - INFO - best test average_precision: 0.8858
2025-10-02 15:07:34,876 - root - INFO - test roc_auc, 0.9077
2025-10-02 15:07:34,876 - root - INFO - new node test loss: 0.3616
2025-10-02 15:07:34,876 - root - INFO - new node test average_precision, 0.9058
2025-10-02 15:07:34,876 - root - INFO - new node test roc_auc, 0.9245
2025-10-02 15:08:59,101 - root - INFO - Epoch: 19, learning rate: 0.0001, train loss: 0.3919
2025-10-02 15:08:59,102 - root - INFO - train average_precision, 0.8722
2025-10-02 15:08:59,103 - root - INFO - train roc_auc, 0.8978
2025-10-02 15:08:59,103 - root - INFO - validate loss: 0.4031
2025-10-02 15:08:59,103 - root - INFO - validate average_precision, 0.8716
2025-10-02 15:08:59,103 - root - INFO - validate roc_auc, 0.8969
2025-10-02 15:08:59,103 - root - INFO - new node validate loss: 0.3519
2025-10-02 15:08:59,103 - root - INFO - new node validate average_precision, 0.9149
2025-10-02 15:08:59,103 - root - INFO - new node validate roc_auc, 0.9269
2025-10-02 15:09:11,310 - root - INFO - test loss: 0.3735
2025-10-02 15:09:11,310 - root - INFO - test average_precision, 0.8867
2025-10-02 15:09:11,311 - root - INFO - best test average_precision: 0.8867
2025-10-02 15:09:11,311 - root - INFO - test roc_auc, 0.9099
2025-10-02 15:09:11,311 - root - INFO - new node test loss: 0.3514
2025-10-02 15:09:11,311 - root - INFO - new node test average_precision, 0.9103
2025-10-02 15:09:11,311 - root - INFO - new node test roc_auc, 0.9279
2025-10-02 15:10:35,353 - root - INFO - Epoch: 20, learning rate: 0.0001, train loss: 0.3895
2025-10-02 15:10:35,355 - root - INFO - train average_precision, 0.8731
2025-10-02 15:10:35,356 - root - INFO - train roc_auc, 0.8984
2025-10-02 15:10:35,356 - root - INFO - validate loss: 0.4003
2025-10-02 15:10:35,356 - root - INFO - validate average_precision, 0.8720
2025-10-02 15:10:35,356 - root - INFO - validate roc_auc, 0.8968
2025-10-02 15:10:35,356 - root - INFO - new node validate loss: 0.3553
2025-10-02 15:10:35,356 - root - INFO - new node validate average_precision, 0.9038
2025-10-02 15:10:35,356 - root - INFO - new node validate roc_auc, 0.9241
2025-10-02 15:10:47,497 - root - INFO - test loss: 0.3828
2025-10-02 15:10:47,497 - root - INFO - test average_precision, 0.8834
2025-10-02 15:10:47,498 - root - INFO - best test average_precision: 0.8867
2025-10-02 15:10:47,498 - root - INFO - test roc_auc, 0.9073
2025-10-02 15:10:47,498 - root - INFO - new node test loss: 0.3420
2025-10-02 15:10:47,498 - root - INFO - new node test average_precision, 0.9106
2025-10-02 15:10:47,498 - root - INFO - new node test roc_auc, 0.9312
2025-10-02 15:12:12,086 - root - INFO - Epoch: 21, learning rate: 0.0001, train loss: 0.3903
2025-10-02 15:12:12,087 - root - INFO - train average_precision, 0.8732
2025-10-02 15:12:12,088 - root - INFO - train roc_auc, 0.8984
2025-10-02 15:12:12,088 - root - INFO - validate loss: 0.3956
2025-10-02 15:12:12,088 - root - INFO - validate average_precision, 0.8735
2025-10-02 15:12:12,088 - root - INFO - validate roc_auc, 0.8984
2025-10-02 15:12:12,088 - root - INFO - new node validate loss: 0.3694
2025-10-02 15:12:12,088 - root - INFO - new node validate average_precision, 0.9094
2025-10-02 15:12:12,088 - root - INFO - new node validate roc_auc, 0.9208
2025-10-02 15:12:24,294 - root - INFO - test loss: 0.3727
2025-10-02 15:12:24,295 - root - INFO - test average_precision, 0.8880
2025-10-02 15:12:24,295 - root - INFO - best test average_precision: 0.8880
2025-10-02 15:12:24,295 - root - INFO - test roc_auc, 0.9105
2025-10-02 15:12:24,295 - root - INFO - new node test loss: 0.3501
2025-10-02 15:12:24,295 - root - INFO - new node test average_precision, 0.9016
2025-10-02 15:12:24,296 - root - INFO - new node test roc_auc, 0.9269
2025-10-02 15:12:24,296 - root - INFO - save model ./saved_models/JODIE/SocialEvo/JODIE_kan_mammote_seed0/JODIE_kan_mammote_seed0.pkl
2025-10-02 15:13:48,823 - root - INFO - Epoch: 22, learning rate: 0.0001, train loss: 0.3888
2025-10-02 15:13:48,824 - root - INFO - train average_precision, 0.8741
2025-10-02 15:13:48,825 - root - INFO - train roc_auc, 0.8989
2025-10-02 15:13:48,825 - root - INFO - validate loss: 0.4051
2025-10-02 15:13:48,825 - root - INFO - validate average_precision, 0.8722
2025-10-02 15:13:48,825 - root - INFO - validate roc_auc, 0.8969
2025-10-02 15:13:48,825 - root - INFO - new node validate loss: 0.3801
2025-10-02 15:13:48,825 - root - INFO - new node validate average_precision, 0.8951
2025-10-02 15:13:48,825 - root - INFO - new node validate roc_auc, 0.9144
2025-10-02 15:14:01,124 - root - INFO - test loss: 0.3729
2025-10-02 15:14:01,125 - root - INFO - test average_precision, 0.8884
2025-10-02 15:14:01,125 - root - INFO - best test average_precision: 0.8884
2025-10-02 15:14:01,125 - root - INFO - test roc_auc, 0.9108
2025-10-02 15:14:01,125 - root - INFO - new node test loss: 0.3540
2025-10-02 15:14:01,125 - root - INFO - new node test average_precision, 0.9093
2025-10-02 15:14:01,125 - root - INFO - new node test roc_auc, 0.9275
2025-10-02 15:15:25,984 - root - INFO - Epoch: 23, learning rate: 0.0001, train loss: 0.3887
2025-10-02 15:15:25,986 - root - INFO - train average_precision, 0.8743
2025-10-02 15:15:25,986 - root - INFO - train roc_auc, 0.8993
2025-10-02 15:15:25,986 - root - INFO - validate loss: 0.4102
2025-10-02 15:15:25,987 - root - INFO - validate average_precision, 0.8700
2025-10-02 15:15:25,987 - root - INFO - validate roc_auc, 0.8954
2025-10-02 15:15:25,987 - root - INFO - new node validate loss: 0.3658
2025-10-02 15:15:25,987 - root - INFO - new node validate average_precision, 0.9080
2025-10-02 15:15:25,987 - root - INFO - new node validate roc_auc, 0.9181
2025-10-02 15:15:38,150 - root - INFO - test loss: 0.3866
2025-10-02 15:15:38,150 - root - INFO - test average_precision, 0.8819
2025-10-02 15:15:38,151 - root - INFO - best test average_precision: 0.8884
2025-10-02 15:15:38,151 - root - INFO - test roc_auc, 0.9054
2025-10-02 15:15:38,151 - root - INFO - new node test loss: 0.3570
2025-10-02 15:15:38,151 - root - INFO - new node test average_precision, 0.9060
2025-10-02 15:15:38,151 - root - INFO - new node test roc_auc, 0.9288
2025-10-02 15:17:02,480 - root - INFO - Epoch: 24, learning rate: 0.0001, train loss: 0.3875
2025-10-02 15:17:02,482 - root - INFO - train average_precision, 0.8753
2025-10-02 15:17:02,483 - root - INFO - train roc_auc, 0.8997
2025-10-02 15:17:02,483 - root - INFO - validate loss: 0.3888
2025-10-02 15:17:02,483 - root - INFO - validate average_precision, 0.8778
2025-10-02 15:17:02,483 - root - INFO - validate roc_auc, 0.9021
2025-10-02 15:17:02,483 - root - INFO - new node validate loss: 0.3972
2025-10-02 15:17:02,483 - root - INFO - new node validate average_precision, 0.8999
2025-10-02 15:17:02,483 - root - INFO - new node validate roc_auc, 0.9157
2025-10-02 15:17:14,689 - root - INFO - test loss: 0.3628
2025-10-02 15:17:14,689 - root - INFO - test average_precision, 0.8922
2025-10-02 15:17:14,690 - root - INFO - best test average_precision: 0.8922
2025-10-02 15:17:14,690 - root - INFO - test roc_auc, 0.9142
2025-10-02 15:17:14,690 - root - INFO - new node test loss: 0.3677
2025-10-02 15:17:14,690 - root - INFO - new node test average_precision, 0.9082
2025-10-02 15:17:14,690 - root - INFO - new node test roc_auc, 0.9254
2025-10-02 15:17:14,690 - root - INFO - save model ./saved_models/JODIE/SocialEvo/JODIE_kan_mammote_seed0/JODIE_kan_mammote_seed0.pkl
2025-10-02 15:18:39,414 - root - INFO - Epoch: 25, learning rate: 0.0001, train loss: 0.3853
2025-10-02 15:18:39,415 - root - INFO - train average_precision, 0.8765
2025-10-02 15:18:39,416 - root - INFO - train roc_auc, 0.9009
2025-10-02 15:18:39,416 - root - INFO - validate loss: 0.4008
2025-10-02 15:18:39,416 - root - INFO - validate average_precision, 0.8789
2025-10-02 15:18:39,417 - root - INFO - validate roc_auc, 0.9033
2025-10-02 15:18:39,417 - root - INFO - new node validate loss: 0.3836
2025-10-02 15:18:39,417 - root - INFO - new node validate average_precision, 0.9089
2025-10-02 15:18:39,417 - root - INFO - new node validate roc_auc, 0.9220
2025-10-02 15:18:51,624 - root - INFO - test loss: 0.3723
2025-10-02 15:18:51,624 - root - INFO - test average_precision, 0.8914
2025-10-02 15:18:51,624 - root - INFO - best test average_precision: 0.8922
2025-10-02 15:18:51,625 - root - INFO - test roc_auc, 0.9136
2025-10-02 15:18:51,625 - root - INFO - new node test loss: 0.3566
2025-10-02 15:18:51,625 - root - INFO - new node test average_precision, 0.9136
2025-10-02 15:18:51,625 - root - INFO - new node test roc_auc, 0.9305
2025-10-02 15:18:51,625 - root - INFO - save model ./saved_models/JODIE/SocialEvo/JODIE_kan_mammote_seed0/JODIE_kan_mammote_seed0.pkl
2025-10-02 15:20:16,491 - root - INFO - Epoch: 26, learning rate: 0.0001, train loss: 0.3846
2025-10-02 15:20:16,492 - root - INFO - train average_precision, 0.8769
2025-10-02 15:20:16,493 - root - INFO - train roc_auc, 0.9012
2025-10-02 15:20:16,493 - root - INFO - validate loss: 0.3994
2025-10-02 15:20:16,493 - root - INFO - validate average_precision, 0.8750
2025-10-02 15:20:16,494 - root - INFO - validate roc_auc, 0.8993
2025-10-02 15:20:16,494 - root - INFO - new node validate loss: 0.3661
2025-10-02 15:20:16,494 - root - INFO - new node validate average_precision, 0.9105
2025-10-02 15:20:16,494 - root - INFO - new node validate roc_auc, 0.9225
2025-10-02 15:20:28,757 - root - INFO - test loss: 0.3789
2025-10-02 15:20:28,757 - root - INFO - test average_precision, 0.8888
2025-10-02 15:20:28,757 - root - INFO - best test average_precision: 0.8922
2025-10-02 15:20:28,757 - root - INFO - test roc_auc, 0.9107
2025-10-02 15:20:28,757 - root - INFO - new node test loss: 0.3594
2025-10-02 15:20:28,757 - root - INFO - new node test average_precision, 0.9098
2025-10-02 15:20:28,757 - root - INFO - new node test roc_auc, 0.9266
2025-10-02 15:21:53,148 - root - INFO - Epoch: 27, learning rate: 0.0001, train loss: 0.3865
2025-10-02 15:21:53,149 - root - INFO - train average_precision, 0.8759
2025-10-02 15:21:53,150 - root - INFO - train roc_auc, 0.9005
2025-10-02 15:21:53,150 - root - INFO - validate loss: 0.4006
2025-10-02 15:21:53,150 - root - INFO - validate average_precision, 0.8709
2025-10-02 15:21:53,150 - root - INFO - validate roc_auc, 0.8952
2025-10-02 15:21:53,150 - root - INFO - new node validate loss: 0.3683
2025-10-02 15:21:53,150 - root - INFO - new node validate average_precision, 0.9106
2025-10-02 15:21:53,150 - root - INFO - new node validate roc_auc, 0.9238
2025-10-02 15:22:05,433 - root - INFO - test loss: 0.3730
2025-10-02 15:22:05,433 - root - INFO - test average_precision, 0.8859
2025-10-02 15:22:05,434 - root - INFO - best test average_precision: 0.8922
2025-10-02 15:22:05,434 - root - INFO - test roc_auc, 0.9080
2025-10-02 15:22:05,434 - root - INFO - new node test loss: 0.3534
2025-10-02 15:22:05,434 - root - INFO - new node test average_precision, 0.9117
2025-10-02 15:22:05,434 - root - INFO - new node test roc_auc, 0.9281
2025-10-02 15:23:30,130 - root - INFO - Epoch: 28, learning rate: 0.0001, train loss: 0.3852
2025-10-02 15:23:30,132 - root - INFO - train average_precision, 0.8767
2025-10-02 15:23:30,133 - root - INFO - train roc_auc, 0.9010
2025-10-02 15:23:30,133 - root - INFO - validate loss: 0.3897
2025-10-02 15:23:30,133 - root - INFO - validate average_precision, 0.8783
2025-10-02 15:23:30,133 - root - INFO - validate roc_auc, 0.9019
2025-10-02 15:23:30,133 - root - INFO - new node validate loss: 0.3899
2025-10-02 15:23:30,133 - root - INFO - new node validate average_precision, 0.9055
2025-10-02 15:23:30,133 - root - INFO - new node validate roc_auc, 0.9168
2025-10-02 15:23:42,362 - root - INFO - test loss: 0.3758
2025-10-02 15:23:42,362 - root - INFO - test average_precision, 0.8861
2025-10-02 15:23:42,362 - root - INFO - best test average_precision: 0.8922
2025-10-02 15:23:42,362 - root - INFO - test roc_auc, 0.9092
2025-10-02 15:23:42,362 - root - INFO - new node test loss: 0.3503
2025-10-02 15:23:42,362 - root - INFO - new node test average_precision, 0.9086
2025-10-02 15:23:42,363 - root - INFO - new node test roc_auc, 0.9311
2025-10-02 15:25:06,622 - root - INFO - Epoch: 29, learning rate: 0.0001, train loss: 0.3834
2025-10-02 15:25:06,623 - root - INFO - train average_precision, 0.8773
2025-10-02 15:25:06,624 - root - INFO - train roc_auc, 0.9019
2025-10-02 15:25:06,624 - root - INFO - validate loss: 0.3869
2025-10-02 15:25:06,624 - root - INFO - validate average_precision, 0.8794
2025-10-02 15:25:06,624 - root - INFO - validate roc_auc, 0.9027
2025-10-02 15:25:06,624 - root - INFO - new node validate loss: 0.3633
2025-10-02 15:25:06,624 - root - INFO - new node validate average_precision, 0.9139
2025-10-02 15:25:06,625 - root - INFO - new node validate roc_auc, 0.9256
2025-10-02 15:25:18,864 - root - INFO - test loss: 0.3646
2025-10-02 15:25:18,865 - root - INFO - test average_precision, 0.8929
2025-10-02 15:25:18,865 - root - INFO - best test average_precision: 0.8929
2025-10-02 15:25:18,865 - root - INFO - test roc_auc, 0.9142
2025-10-02 15:25:18,865 - root - INFO - new node test loss: 0.3394
2025-10-02 15:25:18,865 - root - INFO - new node test average_precision, 0.9181
2025-10-02 15:25:18,865 - root - INFO - new node test roc_auc, 0.9335
2025-10-02 15:26:43,436 - root - INFO - Epoch: 30, learning rate: 0.0001, train loss: 0.3821
2025-10-02 15:26:43,437 - root - INFO - train average_precision, 0.8781
2025-10-02 15:26:43,438 - root - INFO - train roc_auc, 0.9025
2025-10-02 15:26:43,438 - root - INFO - validate loss: 0.3888
2025-10-02 15:26:43,438 - root - INFO - validate average_precision, 0.8785
2025-10-02 15:26:43,438 - root - INFO - validate roc_auc, 0.9022
2025-10-02 15:26:43,439 - root - INFO - new node validate loss: 0.3936
2025-10-02 15:26:43,439 - root - INFO - new node validate average_precision, 0.9080
2025-10-02 15:26:43,439 - root - INFO - new node validate roc_auc, 0.9221
2025-10-02 15:26:55,572 - root - INFO - test loss: 0.3668
2025-10-02 15:26:55,572 - root - INFO - test average_precision, 0.8915
2025-10-02 15:26:55,572 - root - INFO - best test average_precision: 0.8929
2025-10-02 15:26:55,572 - root - INFO - test roc_auc, 0.9129
2025-10-02 15:26:55,572 - root - INFO - new node test loss: 0.3635
2025-10-02 15:26:55,572 - root - INFO - new node test average_precision, 0.9109
2025-10-02 15:26:55,573 - root - INFO - new node test roc_auc, 0.9270
2025-10-02 15:28:20,113 - root - INFO - Epoch: 31, learning rate: 0.0001, train loss: 0.3801
2025-10-02 15:28:20,114 - root - INFO - train average_precision, 0.8788
2025-10-02 15:28:20,115 - root - INFO - train roc_auc, 0.9031
2025-10-02 15:28:20,115 - root - INFO - validate loss: 0.4037
2025-10-02 15:28:20,115 - root - INFO - validate average_precision, 0.8780
2025-10-02 15:28:20,115 - root - INFO - validate roc_auc, 0.9014
2025-10-02 15:28:20,115 - root - INFO - new node validate loss: 0.3626
2025-10-02 15:28:20,115 - root - INFO - new node validate average_precision, 0.9072
2025-10-02 15:28:20,116 - root - INFO - new node validate roc_auc, 0.9198
2025-10-02 15:28:32,330 - root - INFO - test loss: 0.3880
2025-10-02 15:28:32,330 - root - INFO - test average_precision, 0.8906
2025-10-02 15:28:32,330 - root - INFO - best test average_precision: 0.8929
2025-10-02 15:28:32,330 - root - INFO - test roc_auc, 0.9127
2025-10-02 15:28:32,331 - root - INFO - new node test loss: 0.3352
2025-10-02 15:28:32,331 - root - INFO - new node test average_precision, 0.9163
2025-10-02 15:28:32,331 - root - INFO - new node test roc_auc, 0.9337
2025-10-02 15:29:56,954 - root - INFO - Epoch: 32, learning rate: 0.0001, train loss: 0.3807
2025-10-02 15:29:56,955 - root - INFO - train average_precision, 0.8792
2025-10-02 15:29:56,956 - root - INFO - train roc_auc, 0.9031
2025-10-02 15:29:56,956 - root - INFO - validate loss: 0.4554
2025-10-02 15:29:56,956 - root - INFO - validate average_precision, 0.8367
2025-10-02 15:29:56,956 - root - INFO - validate roc_auc, 0.8668
2025-10-02 15:29:56,957 - root - INFO - new node validate loss: 0.3650
2025-10-02 15:29:56,957 - root - INFO - new node validate average_precision, 0.9111
2025-10-02 15:29:56,957 - root - INFO - new node validate roc_auc, 0.9247
2025-10-02 15:30:09,100 - root - INFO - test loss: 0.3932
2025-10-02 15:30:09,100 - root - INFO - test average_precision, 0.8732
2025-10-02 15:30:09,100 - root - INFO - best test average_precision: 0.8929
2025-10-02 15:30:09,101 - root - INFO - test roc_auc, 0.8988
2025-10-02 15:30:09,101 - root - INFO - new node test loss: 0.7010
2025-10-02 15:30:09,101 - root - INFO - new node test average_precision, 0.8780
2025-10-02 15:30:09,101 - root - INFO - new node test roc_auc, 0.9031
2025-10-02 15:31:33,524 - root - INFO - Epoch: 33, learning rate: 0.0001, train loss: 0.3809
2025-10-02 15:31:33,525 - root - INFO - train average_precision, 0.8793
2025-10-02 15:31:33,526 - root - INFO - train roc_auc, 0.9033
2025-10-02 15:31:33,526 - root - INFO - validate loss: 0.3873
2025-10-02 15:31:33,526 - root - INFO - validate average_precision, 0.8813
2025-10-02 15:31:33,527 - root - INFO - validate roc_auc, 0.9057
2025-10-02 15:31:33,527 - root - INFO - new node validate loss: 0.3788
2025-10-02 15:31:33,527 - root - INFO - new node validate average_precision, 0.9014
2025-10-02 15:31:33,527 - root - INFO - new node validate roc_auc, 0.9195
2025-10-02 15:31:45,709 - root - INFO - test loss: 0.3547
2025-10-02 15:31:45,709 - root - INFO - test average_precision, 0.8959
2025-10-02 15:31:45,710 - root - INFO - best test average_precision: 0.8959
2025-10-02 15:31:45,710 - root - INFO - test roc_auc, 0.9180
2025-10-02 15:31:45,710 - root - INFO - new node test loss: 0.3409
2025-10-02 15:31:45,710 - root - INFO - new node test average_precision, 0.9213
2025-10-02 15:31:45,710 - root - INFO - new node test roc_auc, 0.9360
2025-10-02 15:31:45,711 - root - INFO - save model ./saved_models/JODIE/SocialEvo/JODIE_kan_mammote_seed0/JODIE_kan_mammote_seed0.pkl
2025-10-02 15:33:10,525 - root - INFO - Epoch: 34, learning rate: 0.0001, train loss: 0.3802
2025-10-02 15:33:10,527 - root - INFO - train average_precision, 0.8791
2025-10-02 15:33:10,527 - root - INFO - train roc_auc, 0.9034
2025-10-02 15:33:10,527 - root - INFO - validate loss: 0.3805
2025-10-02 15:33:10,528 - root - INFO - validate average_precision, 0.8827
2025-10-02 15:33:10,528 - root - INFO - validate roc_auc, 0.9066
2025-10-02 15:33:10,528 - root - INFO - new node validate loss: 0.3531
2025-10-02 15:33:10,528 - root - INFO - new node validate average_precision, 0.9131
2025-10-02 15:33:10,528 - root - INFO - new node validate roc_auc, 0.9269
2025-10-02 15:33:22,694 - root - INFO - test loss: 0.3573
2025-10-02 15:33:22,694 - root - INFO - test average_precision, 0.8947
2025-10-02 15:33:22,694 - root - INFO - best test average_precision: 0.8959
2025-10-02 15:33:22,694 - root - INFO - test roc_auc, 0.9171
2025-10-02 15:33:22,694 - root - INFO - new node test loss: 0.3476
2025-10-02 15:33:22,695 - root - INFO - new node test average_precision, 0.9108
2025-10-02 15:33:22,695 - root - INFO - new node test roc_auc, 0.9311
2025-10-02 15:33:22,695 - root - INFO - save model ./saved_models/JODIE/SocialEvo/JODIE_kan_mammote_seed0/JODIE_kan_mammote_seed0.pkl
2025-10-02 15:34:47,630 - root - INFO - Epoch: 35, learning rate: 0.0001, train loss: 0.3793
2025-10-02 15:34:47,632 - root - INFO - train average_precision, 0.8794
2025-10-02 15:34:47,632 - root - INFO - train roc_auc, 0.9034
2025-10-02 15:34:47,633 - root - INFO - validate loss: 0.3857
2025-10-02 15:34:47,633 - root - INFO - validate average_precision, 0.8810
2025-10-02 15:34:47,633 - root - INFO - validate roc_auc, 0.9045
2025-10-02 15:34:47,633 - root - INFO - new node validate loss: 0.3587
2025-10-02 15:34:47,633 - root - INFO - new node validate average_precision, 0.9147
2025-10-02 15:34:47,633 - root - INFO - new node validate roc_auc, 0.9266
2025-10-02 15:34:59,840 - root - INFO - test loss: 0.3606
2025-10-02 15:34:59,840 - root - INFO - test average_precision, 0.8928
2025-10-02 15:34:59,840 - root - INFO - best test average_precision: 0.8959
2025-10-02 15:34:59,841 - root - INFO - test roc_auc, 0.9149
2025-10-02 15:34:59,841 - root - INFO - new node test loss: 0.3385
2025-10-02 15:34:59,841 - root - INFO - new node test average_precision, 0.9222
2025-10-02 15:34:59,841 - root - INFO - new node test roc_auc, 0.9366
2025-10-02 15:36:24,587 - root - INFO - Epoch: 36, learning rate: 0.0001, train loss: 0.3792
2025-10-02 15:36:24,588 - root - INFO - train average_precision, 0.8796
2025-10-02 15:36:24,589 - root - INFO - train roc_auc, 0.9037
2025-10-02 15:36:24,589 - root - INFO - validate loss: 0.3860
2025-10-02 15:36:24,589 - root - INFO - validate average_precision, 0.8804
2025-10-02 15:36:24,589 - root - INFO - validate roc_auc, 0.9042
2025-10-02 15:36:24,589 - root - INFO - new node validate loss: 0.3915
2025-10-02 15:36:24,589 - root - INFO - new node validate average_precision, 0.8979
2025-10-02 15:36:24,590 - root - INFO - new node validate roc_auc, 0.9141
2025-10-02 15:36:36,750 - root - INFO - test loss: 0.3682
2025-10-02 15:36:36,750 - root - INFO - test average_precision, 0.8887
2025-10-02 15:36:36,750 - root - INFO - best test average_precision: 0.8959
2025-10-02 15:36:36,750 - root - INFO - test roc_auc, 0.9124
2025-10-02 15:36:36,750 - root - INFO - new node test loss: 0.3753
2025-10-02 15:36:36,750 - root - INFO - new node test average_precision, 0.9062
2025-10-02 15:36:36,750 - root - INFO - new node test roc_auc, 0.9220
2025-10-02 15:38:01,409 - root - INFO - Epoch: 37, learning rate: 0.0001, train loss: 0.3776
2025-10-02 15:38:01,411 - root - INFO - train average_precision, 0.8811
2025-10-02 15:38:01,411 - root - INFO - train roc_auc, 0.9047
2025-10-02 15:38:01,411 - root - INFO - validate loss: 0.3850
2025-10-02 15:38:01,412 - root - INFO - validate average_precision, 0.8815
2025-10-02 15:38:01,412 - root - INFO - validate roc_auc, 0.9052
2025-10-02 15:38:01,412 - root - INFO - new node validate loss: 0.3610
2025-10-02 15:38:01,412 - root - INFO - new node validate average_precision, 0.9122
2025-10-02 15:38:01,412 - root - INFO - new node validate roc_auc, 0.9261
2025-10-02 15:38:13,676 - root - INFO - test loss: 0.3676
2025-10-02 15:38:13,677 - root - INFO - test average_precision, 0.8911
2025-10-02 15:38:13,677 - root - INFO - best test average_precision: 0.8959
2025-10-02 15:38:13,677 - root - INFO - test roc_auc, 0.9133
2025-10-02 15:38:13,677 - root - INFO - new node test loss: 0.3406
2025-10-02 15:38:13,677 - root - INFO - new node test average_precision, 0.9185
2025-10-02 15:38:13,677 - root - INFO - new node test roc_auc, 0.9357
2025-10-02 15:39:37,931 - root - INFO - Epoch: 38, learning rate: 0.0001, train loss: 0.3790
2025-10-02 15:39:37,932 - root - INFO - train average_precision, 0.8802
2025-10-02 15:39:37,933 - root - INFO - train roc_auc, 0.9039
2025-10-02 15:39:37,933 - root - INFO - validate loss: 0.3843
2025-10-02 15:39:37,933 - root - INFO - validate average_precision, 0.8820
2025-10-02 15:39:37,934 - root - INFO - validate roc_auc, 0.9059
2025-10-02 15:39:37,934 - root - INFO - new node validate loss: 0.3946
2025-10-02 15:39:37,934 - root - INFO - new node validate average_precision, 0.9029
2025-10-02 15:39:37,934 - root - INFO - new node validate roc_auc, 0.9187
2025-10-02 15:39:50,086 - root - INFO - test loss: 0.3566
2025-10-02 15:39:50,086 - root - INFO - test average_precision, 0.8958
2025-10-02 15:39:50,086 - root - INFO - best test average_precision: 0.8959
2025-10-02 15:39:50,087 - root - INFO - test roc_auc, 0.9175
2025-10-02 15:39:50,087 - root - INFO - new node test loss: 0.3633
2025-10-02 15:39:50,087 - root - INFO - new node test average_precision, 0.9145
2025-10-02 15:39:50,087 - root - INFO - new node test roc_auc, 0.9313
2025-10-02 15:41:14,492 - root - INFO - Epoch: 39, learning rate: 0.0001, train loss: 0.3766
2025-10-02 15:41:14,493 - root - INFO - train average_precision, 0.8810
2025-10-02 15:41:14,494 - root - INFO - train roc_auc, 0.9048
2025-10-02 15:41:14,494 - root - INFO - validate loss: 0.3803
2025-10-02 15:41:14,494 - root - INFO - validate average_precision, 0.8824
2025-10-02 15:41:14,494 - root - INFO - validate roc_auc, 0.9063
2025-10-02 15:41:14,495 - root - INFO - new node validate loss: 0.3992
2025-10-02 15:41:14,495 - root - INFO - new node validate average_precision, 0.9073
2025-10-02 15:41:14,495 - root - INFO - new node validate roc_auc, 0.9198
2025-10-02 15:41:26,659 - root - INFO - test loss: 0.3613
2025-10-02 15:41:26,660 - root - INFO - test average_precision, 0.8907
2025-10-02 15:41:26,660 - root - INFO - best test average_precision: 0.8959
2025-10-02 15:41:26,660 - root - INFO - test roc_auc, 0.9150
2025-10-02 15:41:26,660 - root - INFO - new node test loss: 0.3727
2025-10-02 15:41:26,660 - root - INFO - new node test average_precision, 0.8961
2025-10-02 15:41:26,660 - root - INFO - new node test roc_auc, 0.9228
2025-10-02 15:42:51,087 - root - INFO - Epoch: 40, learning rate: 0.0001, train loss: 0.3772
2025-10-02 15:42:51,088 - root - INFO - train average_precision, 0.8810
2025-10-02 15:42:51,089 - root - INFO - train roc_auc, 0.9050
2025-10-02 15:42:51,089 - root - INFO - validate loss: 0.3807
2025-10-02 15:42:51,089 - root - INFO - validate average_precision, 0.8836
2025-10-02 15:42:51,090 - root - INFO - validate roc_auc, 0.9069
2025-10-02 15:42:51,090 - root - INFO - new node validate loss: 0.3614
2025-10-02 15:42:51,090 - root - INFO - new node validate average_precision, 0.9111
2025-10-02 15:42:51,090 - root - INFO - new node validate roc_auc, 0.9255
2025-10-02 15:43:03,246 - root - INFO - test loss: 0.3504
2025-10-02 15:43:03,246 - root - INFO - test average_precision, 0.8977
2025-10-02 15:43:03,246 - root - INFO - best test average_precision: 0.8977
2025-10-02 15:43:03,247 - root - INFO - test roc_auc, 0.9193
2025-10-02 15:43:03,247 - root - INFO - new node test loss: 0.3446
2025-10-02 15:43:03,247 - root - INFO - new node test average_precision, 0.9179
2025-10-02 15:43:03,247 - root - INFO - new node test roc_auc, 0.9356
2025-10-02 15:43:03,247 - root - INFO - save model ./saved_models/JODIE/SocialEvo/JODIE_kan_mammote_seed0/JODIE_kan_mammote_seed0.pkl
2025-10-02 15:44:27,844 - root - INFO - Epoch: 41, learning rate: 0.0001, train loss: 0.3771
2025-10-02 15:44:27,845 - root - INFO - train average_precision, 0.8802
2025-10-02 15:44:27,846 - root - INFO - train roc_auc, 0.9045
2025-10-02 15:44:27,846 - root - INFO - validate loss: 0.3818
2025-10-02 15:44:27,846 - root - INFO - validate average_precision, 0.8828
2025-10-02 15:44:27,847 - root - INFO - validate roc_auc, 0.9063
2025-10-02 15:44:27,847 - root - INFO - new node validate loss: 0.3636
2025-10-02 15:44:27,847 - root - INFO - new node validate average_precision, 0.9081
2025-10-02 15:44:27,847 - root - INFO - new node validate roc_auc, 0.9208
2025-10-02 15:44:40,102 - root - INFO - test loss: 0.3594
2025-10-02 15:44:40,102 - root - INFO - test average_precision, 0.8959
2025-10-02 15:44:40,102 - root - INFO - best test average_precision: 0.8977
2025-10-02 15:44:40,102 - root - INFO - test roc_auc, 0.9172
2025-10-02 15:44:40,103 - root - INFO - new node test loss: 0.3427
2025-10-02 15:44:40,103 - root - INFO - new node test average_precision, 0.9155
2025-10-02 15:44:40,103 - root - INFO - new node test roc_auc, 0.9341
2025-10-02 15:46:04,670 - root - INFO - Epoch: 42, learning rate: 0.0001, train loss: 0.3754
2025-10-02 15:46:04,671 - root - INFO - train average_precision, 0.8812
2025-10-02 15:46:04,672 - root - INFO - train roc_auc, 0.9052
2025-10-02 15:46:04,672 - root - INFO - validate loss: 0.3867
2025-10-02 15:46:04,672 - root - INFO - validate average_precision, 0.8809
2025-10-02 15:46:04,672 - root - INFO - validate roc_auc, 0.9057
2025-10-02 15:46:04,672 - root - INFO - new node validate loss: 0.3606
2025-10-02 15:46:04,672 - root - INFO - new node validate average_precision, 0.9075
2025-10-02 15:46:04,673 - root - INFO - new node validate roc_auc, 0.9219
2025-10-02 15:46:16,931 - root - INFO - test loss: 0.3555
2025-10-02 15:46:16,932 - root - INFO - test average_precision, 0.8954
2025-10-02 15:46:16,932 - root - INFO - best test average_precision: 0.8977
2025-10-02 15:46:16,932 - root - INFO - test roc_auc, 0.9180
2025-10-02 15:46:16,932 - root - INFO - new node test loss: 0.3377
2025-10-02 15:46:16,932 - root - INFO - new node test average_precision, 0.9149
2025-10-02 15:46:16,932 - root - INFO - new node test roc_auc, 0.9338
2025-10-02 15:47:41,613 - root - INFO - Epoch: 43, learning rate: 0.0001, train loss: 0.3757
2025-10-02 15:47:41,614 - root - INFO - train average_precision, 0.8823
2025-10-02 15:47:41,615 - root - INFO - train roc_auc, 0.9057
2025-10-02 15:47:41,615 - root - INFO - validate loss: 0.3807
2025-10-02 15:47:41,615 - root - INFO - validate average_precision, 0.8819
2025-10-02 15:47:41,615 - root - INFO - validate roc_auc, 0.9060
2025-10-02 15:47:41,615 - root - INFO - new node validate loss: 0.4109
2025-10-02 15:47:41,616 - root - INFO - new node validate average_precision, 0.8853
2025-10-02 15:47:41,616 - root - INFO - new node validate roc_auc, 0.9043
2025-10-02 15:47:53,785 - root - INFO - test loss: 0.3537
2025-10-02 15:47:53,785 - root - INFO - test average_precision, 0.8957
2025-10-02 15:47:53,785 - root - INFO - best test average_precision: 0.8977
2025-10-02 15:47:53,786 - root - INFO - test roc_auc, 0.9182
2025-10-02 15:47:53,786 - root - INFO - new node test loss: 0.3623
2025-10-02 15:47:53,786 - root - INFO - new node test average_precision, 0.9058
2025-10-02 15:47:53,786 - root - INFO - new node test roc_auc, 0.9276
2025-10-02 15:49:18,442 - root - INFO - Epoch: 44, learning rate: 0.0001, train loss: 0.3736
2025-10-02 15:49:18,443 - root - INFO - train average_precision, 0.8830
2025-10-02 15:49:18,444 - root - INFO - train roc_auc, 0.9064
2025-10-02 15:49:18,444 - root - INFO - validate loss: 0.3778
2025-10-02 15:49:18,445 - root - INFO - validate average_precision, 0.8836
2025-10-02 15:49:18,445 - root - INFO - validate roc_auc, 0.9069
2025-10-02 15:49:18,445 - root - INFO - new node validate loss: 0.3853
2025-10-02 15:49:18,445 - root - INFO - new node validate average_precision, 0.9046
2025-10-02 15:49:18,445 - root - INFO - new node validate roc_auc, 0.9166
2025-10-02 15:49:30,697 - root - INFO - test loss: 0.3526
2025-10-02 15:49:30,698 - root - INFO - test average_precision, 0.8980
2025-10-02 15:49:30,698 - root - INFO - best test average_precision: 0.8980
2025-10-02 15:49:30,698 - root - INFO - test roc_auc, 0.9194
2025-10-02 15:49:30,698 - root - INFO - new node test loss: 0.3502
2025-10-02 15:49:30,698 - root - INFO - new node test average_precision, 0.9080
2025-10-02 15:49:30,698 - root - INFO - new node test roc_auc, 0.9300
2025-10-02 15:50:55,224 - root - INFO - Epoch: 45, learning rate: 0.0001, train loss: 0.3742
2025-10-02 15:50:55,225 - root - INFO - train average_precision, 0.8820
2025-10-02 15:50:55,226 - root - INFO - train roc_auc, 0.9059
2025-10-02 15:50:55,226 - root - INFO - validate loss: 0.3799
2025-10-02 15:50:55,226 - root - INFO - validate average_precision, 0.8839
2025-10-02 15:50:55,227 - root - INFO - validate roc_auc, 0.9069
2025-10-02 15:50:55,227 - root - INFO - new node validate loss: 0.3952
2025-10-02 15:50:55,227 - root - INFO - new node validate average_precision, 0.9043
2025-10-02 15:50:55,227 - root - INFO - new node validate roc_auc, 0.9152
2025-10-02 15:51:07,465 - root - INFO - test loss: 0.3610
2025-10-02 15:51:07,465 - root - INFO - test average_precision, 0.8953
2025-10-02 15:51:07,465 - root - INFO - best test average_precision: 0.8980
2025-10-02 15:51:07,466 - root - INFO - test roc_auc, 0.9165
2025-10-02 15:51:07,466 - root - INFO - new node test loss: 0.4470
2025-10-02 15:51:07,466 - root - INFO - new node test average_precision, 0.9041
2025-10-02 15:51:07,466 - root - INFO - new node test roc_auc, 0.9290
2025-10-02 15:51:07,466 - root - INFO - save model ./saved_models/JODIE/SocialEvo/JODIE_kan_mammote_seed0/JODIE_kan_mammote_seed0.pkl
2025-10-02 15:52:32,052 - root - INFO - Epoch: 46, learning rate: 0.0001, train loss: 0.3734
2025-10-02 15:52:32,054 - root - INFO - train average_precision, 0.8826
2025-10-02 15:52:32,054 - root - INFO - train roc_auc, 0.9062
2025-10-02 15:52:32,055 - root - INFO - validate loss: 0.3795
2025-10-02 15:52:32,055 - root - INFO - validate average_precision, 0.8833
2025-10-02 15:52:32,055 - root - INFO - validate roc_auc, 0.9065
2025-10-02 15:52:32,055 - root - INFO - new node validate loss: 0.3609
2025-10-02 15:52:32,055 - root - INFO - new node validate average_precision, 0.9148
2025-10-02 15:52:32,055 - root - INFO - new node validate roc_auc, 0.9269
2025-10-02 15:52:44,215 - root - INFO - test loss: 0.3619
2025-10-02 15:52:44,215 - root - INFO - test average_precision, 0.8916
2025-10-02 15:52:44,215 - root - INFO - best test average_precision: 0.8980
2025-10-02 15:52:44,215 - root - INFO - test roc_auc, 0.9146
2025-10-02 15:52:44,215 - root - INFO - new node test loss: 0.3595
2025-10-02 15:52:44,215 - root - INFO - new node test average_precision, 0.9080
2025-10-02 15:52:44,216 - root - INFO - new node test roc_auc, 0.9295
2025-10-02 15:54:08,373 - root - INFO - Epoch: 47, learning rate: 0.0001, train loss: 0.3746
2025-10-02 15:54:08,375 - root - INFO - train average_precision, 0.8828
2025-10-02 15:54:08,375 - root - INFO - train roc_auc, 0.9063
2025-10-02 15:54:08,376 - root - INFO - validate loss: 0.3823
2025-10-02 15:54:08,376 - root - INFO - validate average_precision, 0.8837
2025-10-02 15:54:08,376 - root - INFO - validate roc_auc, 0.9062
2025-10-02 15:54:08,376 - root - INFO - new node validate loss: 0.3432
2025-10-02 15:54:08,376 - root - INFO - new node validate average_precision, 0.9162
2025-10-02 15:54:08,376 - root - INFO - new node validate roc_auc, 0.9299
2025-10-02 15:54:20,583 - root - INFO - test loss: 0.3523
2025-10-02 15:54:20,584 - root - INFO - test average_precision, 0.8975
2025-10-02 15:54:20,584 - root - INFO - best test average_precision: 0.8980
2025-10-02 15:54:20,584 - root - INFO - test roc_auc, 0.9190
2025-10-02 15:54:20,584 - root - INFO - new node test loss: 0.3271
2025-10-02 15:54:20,584 - root - INFO - new node test average_precision, 0.9220
2025-10-02 15:54:20,584 - root - INFO - new node test roc_auc, 0.9385
2025-10-02 15:55:45,005 - root - INFO - Epoch: 48, learning rate: 0.0001, train loss: 0.3754
2025-10-02 15:55:45,007 - root - INFO - train average_precision, 0.8822
2025-10-02 15:55:45,008 - root - INFO - train roc_auc, 0.9058
2025-10-02 15:55:45,008 - root - INFO - validate loss: 0.3797
2025-10-02 15:55:45,008 - root - INFO - validate average_precision, 0.8834
2025-10-02 15:55:45,008 - root - INFO - validate roc_auc, 0.9070
2025-10-02 15:55:45,008 - root - INFO - new node validate loss: 0.3834
2025-10-02 15:55:45,008 - root - INFO - new node validate average_precision, 0.9143
2025-10-02 15:55:45,008 - root - INFO - new node validate roc_auc, 0.9244
2025-10-02 15:55:57,238 - root - INFO - test loss: 0.3549
2025-10-02 15:55:57,239 - root - INFO - test average_precision, 0.8952
2025-10-02 15:55:57,239 - root - INFO - best test average_precision: 0.8980
2025-10-02 15:55:57,239 - root - INFO - test roc_auc, 0.9179
2025-10-02 15:55:57,239 - root - INFO - new node test loss: 0.3715
2025-10-02 15:55:57,239 - root - INFO - new node test average_precision, 0.8993
2025-10-02 15:55:57,239 - root - INFO - new node test roc_auc, 0.9260
2025-10-02 15:57:21,492 - root - INFO - Epoch: 49, learning rate: 0.0001, train loss: 0.3735
2025-10-02 15:57:21,494 - root - INFO - train average_precision, 0.8826
2025-10-02 15:57:21,494 - root - INFO - train roc_auc, 0.9062
2025-10-02 15:57:21,495 - root - INFO - validate loss: 0.3749
2025-10-02 15:57:21,495 - root - INFO - validate average_precision, 0.8864
2025-10-02 15:57:21,495 - root - INFO - validate roc_auc, 0.9101
2025-10-02 15:57:21,495 - root - INFO - new node validate loss: 0.3494
2025-10-02 15:57:21,495 - root - INFO - new node validate average_precision, 0.9102
2025-10-02 15:57:21,495 - root - INFO - new node validate roc_auc, 0.9235
2025-10-02 15:57:33,696 - root - INFO - test loss: 0.3525
2025-10-02 15:57:33,696 - root - INFO - test average_precision, 0.8977
2025-10-02 15:57:33,696 - root - INFO - best test average_precision: 0.8980
2025-10-02 15:57:33,697 - root - INFO - test roc_auc, 0.9191
2025-10-02 15:57:33,697 - root - INFO - new node test loss: 0.3146
2025-10-02 15:57:33,697 - root - INFO - new node test average_precision, 0.9217
2025-10-02 15:57:33,697 - root - INFO - new node test roc_auc, 0.9398
2025-10-02 15:57:33,697 - root - INFO - save model ./saved_models/JODIE/SocialEvo/JODIE_kan_mammote_seed0/JODIE_kan_mammote_seed0.pkl
2025-10-02 15:58:58,683 - root - INFO - Epoch: 50, learning rate: 0.0001, train loss: 0.3718
2025-10-02 15:58:58,684 - root - INFO - train average_precision, 0.8843
2025-10-02 15:58:58,684 - root - INFO - train roc_auc, 0.9073
2025-10-02 15:58:58,685 - root - INFO - validate loss: 0.3749
2025-10-02 15:58:58,685 - root - INFO - validate average_precision, 0.8865
2025-10-02 15:58:58,685 - root - INFO - validate roc_auc, 0.9098
2025-10-02 15:58:58,685 - root - INFO - new node validate loss: 0.3715
2025-10-02 15:58:58,685 - root - INFO - new node validate average_precision, 0.9117
2025-10-02 15:58:58,685 - root - INFO - new node validate roc_auc, 0.9261
2025-10-02 15:59:11,003 - root - INFO - test loss: 0.3501
2025-10-02 15:59:11,003 - root - INFO - test average_precision, 0.8984
2025-10-02 15:59:11,003 - root - INFO - best test average_precision: 0.8984
2025-10-02 15:59:11,003 - root - INFO - test roc_auc, 0.9200
2025-10-02 15:59:11,003 - root - INFO - new node test loss: 0.3451
2025-10-02 15:59:11,004 - root - INFO - new node test average_precision, 0.9187
2025-10-02 15:59:11,004 - root - INFO - new node test roc_auc, 0.9358
2025-10-02 16:00:35,694 - root - INFO - Epoch: 51, learning rate: 0.0001, train loss: 0.3732
2025-10-02 16:00:35,695 - root - INFO - train average_precision, 0.8838
2025-10-02 16:00:35,696 - root - INFO - train roc_auc, 0.9068
2025-10-02 16:00:35,696 - root - INFO - validate loss: 0.3779
2025-10-02 16:00:35,696 - root - INFO - validate average_precision, 0.8844
2025-10-02 16:00:35,697 - root - INFO - validate roc_auc, 0.9076
2025-10-02 16:00:35,697 - root - INFO - new node validate loss: 0.3735
2025-10-02 16:00:35,697 - root - INFO - new node validate average_precision, 0.9037
2025-10-02 16:00:35,697 - root - INFO - new node validate roc_auc, 0.9215
2025-10-02 16:00:47,875 - root - INFO - test loss: 0.3536
2025-10-02 16:00:47,875 - root - INFO - test average_precision, 0.8995
2025-10-02 16:00:47,876 - root - INFO - best test average_precision: 0.8995
2025-10-02 16:00:47,876 - root - INFO - test roc_auc, 0.9200
2025-10-02 16:00:47,876 - root - INFO - new node test loss: 0.3129
2025-10-02 16:00:47,876 - root - INFO - new node test average_precision, 0.9260
2025-10-02 16:00:47,876 - root - INFO - new node test roc_auc, 0.9398
2025-10-02 16:02:12,327 - root - INFO - Epoch: 52, learning rate: 0.0001, train loss: 0.3737
2025-10-02 16:02:12,329 - root - INFO - train average_precision, 0.8838
2025-10-02 16:02:12,329 - root - INFO - train roc_auc, 0.9068
2025-10-02 16:02:12,329 - root - INFO - validate loss: 0.3720
2025-10-02 16:02:12,330 - root - INFO - validate average_precision, 0.8869
2025-10-02 16:02:12,330 - root - INFO - validate roc_auc, 0.9101
2025-10-02 16:02:12,330 - root - INFO - new node validate loss: 0.3411
2025-10-02 16:02:12,330 - root - INFO - new node validate average_precision, 0.9087
2025-10-02 16:02:12,330 - root - INFO - new node validate roc_auc, 0.9247
2025-10-02 16:02:24,486 - root - INFO - test loss: 0.3473
2025-10-02 16:02:24,486 - root - INFO - test average_precision, 0.8994
2025-10-02 16:02:24,486 - root - INFO - best test average_precision: 0.8995
2025-10-02 16:02:24,487 - root - INFO - test roc_auc, 0.9208
2025-10-02 16:02:24,487 - root - INFO - new node test loss: 0.3265
2025-10-02 16:02:24,487 - root - INFO - new node test average_precision, 0.9159
2025-10-02 16:02:24,487 - root - INFO - new node test roc_auc, 0.9357
2025-10-02 16:02:24,487 - root - INFO - save model ./saved_models/JODIE/SocialEvo/JODIE_kan_mammote_seed0/JODIE_kan_mammote_seed0.pkl
2025-10-02 16:03:49,111 - root - INFO - Epoch: 53, learning rate: 0.0001, train loss: 0.3730
2025-10-02 16:03:49,112 - root - INFO - train average_precision, 0.8837
2025-10-02 16:03:49,113 - root - INFO - train roc_auc, 0.9067
2025-10-02 16:03:49,113 - root - INFO - validate loss: 0.3748
2025-10-02 16:03:49,113 - root - INFO - validate average_precision, 0.8874
2025-10-02 16:03:49,113 - root - INFO - validate roc_auc, 0.9099
2025-10-02 16:03:49,113 - root - INFO - new node validate loss: 0.3642
2025-10-02 16:03:49,114 - root - INFO - new node validate average_precision, 0.9001
2025-10-02 16:03:49,114 - root - INFO - new node validate roc_auc, 0.9213
2025-10-02 16:04:01,279 - root - INFO - test loss: 0.3546
2025-10-02 16:04:01,279 - root - INFO - test average_precision, 0.8981
2025-10-02 16:04:01,279 - root - INFO - best test average_precision: 0.8995
2025-10-02 16:04:01,280 - root - INFO - test roc_auc, 0.9191
2025-10-02 16:04:01,280 - root - INFO - new node test loss: 0.3369
2025-10-02 16:04:01,280 - root - INFO - new node test average_precision, 0.9092
2025-10-02 16:04:01,280 - root - INFO - new node test roc_auc, 0.9296
2025-10-02 16:05:25,683 - root - INFO - Epoch: 54, learning rate: 0.0001, train loss: 0.3719
2025-10-02 16:05:25,684 - root - INFO - train average_precision, 0.8840
2025-10-02 16:05:25,685 - root - INFO - train roc_auc, 0.9073
2025-10-02 16:05:25,685 - root - INFO - validate loss: 0.3716
2025-10-02 16:05:25,685 - root - INFO - validate average_precision, 0.8871
2025-10-02 16:05:25,686 - root - INFO - validate roc_auc, 0.9104
2025-10-02 16:05:25,686 - root - INFO - new node validate loss: 0.3628
2025-10-02 16:05:25,686 - root - INFO - new node validate average_precision, 0.9141
2025-10-02 16:05:25,686 - root - INFO - new node validate roc_auc, 0.9255
2025-10-02 16:05:37,914 - root - INFO - test loss: 0.3509
2025-10-02 16:05:37,914 - root - INFO - test average_precision, 0.8991
2025-10-02 16:05:37,914 - root - INFO - best test average_precision: 0.8995
2025-10-02 16:05:37,914 - root - INFO - test roc_auc, 0.9203
2025-10-02 16:05:37,914 - root - INFO - new node test loss: 0.3394
2025-10-02 16:05:37,915 - root - INFO - new node test average_precision, 0.9187
2025-10-02 16:05:37,915 - root - INFO - new node test roc_auc, 0.9346
2025-10-02 16:05:37,915 - root - INFO - save model ./saved_models/JODIE/SocialEvo/JODIE_kan_mammote_seed0/JODIE_kan_mammote_seed0.pkl
2025-10-02 16:07:02,317 - root - INFO - Epoch: 55, learning rate: 0.0001, train loss: 0.3728
2025-10-02 16:07:02,319 - root - INFO - train average_precision, 0.8834
2025-10-02 16:07:02,319 - root - INFO - train roc_auc, 0.9067
2025-10-02 16:07:02,320 - root - INFO - validate loss: 0.3744
2025-10-02 16:07:02,320 - root - INFO - validate average_precision, 0.8854
2025-10-02 16:07:02,320 - root - INFO - validate roc_auc, 0.9086
2025-10-02 16:07:02,320 - root - INFO - new node validate loss: 0.3707
2025-10-02 16:07:02,320 - root - INFO - new node validate average_precision, 0.9143
2025-10-02 16:07:02,320 - root - INFO - new node validate roc_auc, 0.9239
2025-10-02 16:07:14,553 - root - INFO - test loss: 0.3498
2025-10-02 16:07:14,553 - root - INFO - test average_precision, 0.8982
2025-10-02 16:07:14,553 - root - INFO - best test average_precision: 0.8995
2025-10-02 16:07:14,553 - root - INFO - test roc_auc, 0.9195
2025-10-02 16:07:14,553 - root - INFO - new node test loss: 0.3565
2025-10-02 16:07:14,553 - root - INFO - new node test average_precision, 0.9059
2025-10-02 16:07:14,553 - root - INFO - new node test roc_auc, 0.9304
2025-10-02 16:08:39,223 - root - INFO - Epoch: 56, learning rate: 0.0001, train loss: 0.3724
2025-10-02 16:08:39,224 - root - INFO - train average_precision, 0.8839
2025-10-02 16:08:39,225 - root - INFO - train roc_auc, 0.9073
2025-10-02 16:08:39,225 - root - INFO - validate loss: 0.3748
2025-10-02 16:08:39,225 - root - INFO - validate average_precision, 0.8864
2025-10-02 16:08:39,225 - root - INFO - validate roc_auc, 0.9089
2025-10-02 16:08:39,225 - root - INFO - new node validate loss: 0.3725
2025-10-02 16:08:39,225 - root - INFO - new node validate average_precision, 0.9118
2025-10-02 16:08:39,225 - root - INFO - new node validate roc_auc, 0.9247
2025-10-02 16:08:51,368 - root - INFO - test loss: 0.3737
2025-10-02 16:08:51,369 - root - INFO - test average_precision, 0.8716
2025-10-02 16:08:51,369 - root - INFO - best test average_precision: 0.8995
2025-10-02 16:08:51,369 - root - INFO - test roc_auc, 0.9094
2025-10-02 16:08:51,369 - root - INFO - new node test loss: 0.3636
2025-10-02 16:08:51,369 - root - INFO - new node test average_precision, 0.9027
2025-10-02 16:08:51,369 - root - INFO - new node test roc_auc, 0.9259
2025-10-02 16:10:15,828 - root - INFO - Epoch: 57, learning rate: 0.0001, train loss: 0.3725
2025-10-02 16:10:15,829 - root - INFO - train average_precision, 0.8841
2025-10-02 16:10:15,830 - root - INFO - train roc_auc, 0.9070
2025-10-02 16:10:15,830 - root - INFO - validate loss: 0.3884
2025-10-02 16:10:15,830 - root - INFO - validate average_precision, 0.8847
2025-10-02 16:10:15,830 - root - INFO - validate roc_auc, 0.9081
2025-10-02 16:10:15,830 - root - INFO - new node validate loss: 0.4003
2025-10-02 16:10:15,830 - root - INFO - new node validate average_precision, 0.9088
2025-10-02 16:10:15,831 - root - INFO - new node validate roc_auc, 0.9214
2025-10-02 16:10:27,976 - root - INFO - test loss: 0.3548
2025-10-02 16:10:27,977 - root - INFO - test average_precision, 0.8992
2025-10-02 16:10:27,977 - root - INFO - best test average_precision: 0.8995
2025-10-02 16:10:27,977 - root - INFO - test roc_auc, 0.9207
2025-10-02 16:10:27,977 - root - INFO - new node test loss: 0.3858
2025-10-02 16:10:27,977 - root - INFO - new node test average_precision, 0.9038
2025-10-02 16:10:27,977 - root - INFO - new node test roc_auc, 0.9254
2025-10-02 16:11:52,499 - root - INFO - Epoch: 58, learning rate: 0.0001, train loss: 0.3721
2025-10-02 16:11:52,501 - root - INFO - train average_precision, 0.8837
2025-10-02 16:11:52,501 - root - INFO - train roc_auc, 0.9071
2025-10-02 16:11:52,501 - root - INFO - validate loss: 0.3712
2025-10-02 16:11:52,502 - root - INFO - validate average_precision, 0.8860
2025-10-02 16:11:52,502 - root - INFO - validate roc_auc, 0.9098
2025-10-02 16:11:52,502 - root - INFO - new node validate loss: 0.3543
2025-10-02 16:11:52,502 - root - INFO - new node validate average_precision, 0.9152
2025-10-02 16:11:52,502 - root - INFO - new node validate roc_auc, 0.9271
2025-10-02 16:12:04,755 - root - INFO - test loss: 0.3471
2025-10-02 16:12:04,755 - root - INFO - test average_precision, 0.8994
2025-10-02 16:12:04,755 - root - INFO - best test average_precision: 0.8995
2025-10-02 16:12:04,756 - root - INFO - test roc_auc, 0.9207
2025-10-02 16:12:04,756 - root - INFO - new node test loss: 0.3302
2025-10-02 16:12:04,756 - root - INFO - new node test average_precision, 0.9220
2025-10-02 16:12:04,756 - root - INFO - new node test roc_auc, 0.9371
2025-10-02 16:13:29,142 - root - INFO - Epoch: 59, learning rate: 0.0001, train loss: 0.3699
2025-10-02 16:13:29,144 - root - INFO - train average_precision, 0.8846
2025-10-02 16:13:29,145 - root - INFO - train roc_auc, 0.9079
2025-10-02 16:13:29,145 - root - INFO - validate loss: 0.3762
2025-10-02 16:13:29,145 - root - INFO - validate average_precision, 0.8865
2025-10-02 16:13:29,145 - root - INFO - validate roc_auc, 0.9096
2025-10-02 16:13:29,145 - root - INFO - new node validate loss: 0.3462
2025-10-02 16:13:29,145 - root - INFO - new node validate average_precision, 0.9064
2025-10-02 16:13:29,145 - root - INFO - new node validate roc_auc, 0.9244
2025-10-02 16:13:41,360 - root - INFO - test loss: 0.3513
2025-10-02 16:13:41,360 - root - INFO - test average_precision, 0.9005
2025-10-02 16:13:41,361 - root - INFO - best test average_precision: 0.9005
2025-10-02 16:13:41,361 - root - INFO - test roc_auc, 0.9213
2025-10-02 16:13:41,361 - root - INFO - new node test loss: 0.3381
2025-10-02 16:13:41,361 - root - INFO - new node test average_precision, 0.9184
2025-10-02 16:13:41,361 - root - INFO - new node test roc_auc, 0.9351
2025-10-02 16:15:05,966 - root - INFO - Epoch: 60, learning rate: 0.0001, train loss: 0.3691
2025-10-02 16:15:05,967 - root - INFO - train average_precision, 0.8848
2025-10-02 16:15:05,968 - root - INFO - train roc_auc, 0.9081
2025-10-02 16:15:05,968 - root - INFO - validate loss: 0.3750
2025-10-02 16:15:05,968 - root - INFO - validate average_precision, 0.8863
2025-10-02 16:15:05,968 - root - INFO - validate roc_auc, 0.9089
2025-10-02 16:15:05,968 - root - INFO - new node validate loss: 0.3870
2025-10-02 16:15:05,969 - root - INFO - new node validate average_precision, 0.9083
2025-10-02 16:15:05,969 - root - INFO - new node validate roc_auc, 0.9216
2025-10-02 16:15:18,118 - root - INFO - test loss: 0.3551
2025-10-02 16:15:18,118 - root - INFO - test average_precision, 0.8973
2025-10-02 16:15:18,118 - root - INFO - best test average_precision: 0.9005
2025-10-02 16:15:18,119 - root - INFO - test roc_auc, 0.9183
2025-10-02 16:15:18,119 - root - INFO - new node test loss: 0.3272
2025-10-02 16:15:18,119 - root - INFO - new node test average_precision, 0.9197
2025-10-02 16:15:18,119 - root - INFO - new node test roc_auc, 0.9349
2025-10-02 16:16:42,855 - root - INFO - Epoch: 61, learning rate: 0.0001, train loss: 0.3711
2025-10-02 16:16:42,857 - root - INFO - train average_precision, 0.8843
2025-10-02 16:16:42,857 - root - INFO - train roc_auc, 0.9076
2025-10-02 16:16:42,858 - root - INFO - validate loss: 0.3939
2025-10-02 16:16:42,858 - root - INFO - validate average_precision, 0.8662
2025-10-02 16:16:42,858 - root - INFO - validate roc_auc, 0.9020
2025-10-02 16:16:42,858 - root - INFO - new node validate loss: 0.3603
2025-10-02 16:16:42,858 - root - INFO - new node validate average_precision, 0.9057
2025-10-02 16:16:42,858 - root - INFO - new node validate roc_auc, 0.9220
2025-10-02 16:16:55,350 - root - INFO - test loss: 0.4721
2025-10-02 16:16:55,351 - root - INFO - test average_precision, 0.8488
2025-10-02 16:16:55,351 - root - INFO - best test average_precision: 0.9005
2025-10-02 16:16:55,351 - root - INFO - test roc_auc, 0.9054
2025-10-02 16:16:55,351 - root - INFO - new node test loss: 0.3194
2025-10-02 16:16:55,351 - root - INFO - new node test average_precision, 0.9270
2025-10-02 16:16:55,351 - root - INFO - new node test roc_auc, 0.9397
2025-10-02 16:18:20,252 - root - INFO - Epoch: 62, learning rate: 0.0001, train loss: 0.3688
2025-10-02 16:18:20,253 - root - INFO - train average_precision, 0.8858
2025-10-02 16:18:20,254 - root - INFO - train roc_auc, 0.9090
2025-10-02 16:18:20,254 - root - INFO - validate loss: 0.3762
2025-10-02 16:18:20,254 - root - INFO - validate average_precision, 0.8869
2025-10-02 16:18:20,254 - root - INFO - validate roc_auc, 0.9096
2025-10-02 16:18:20,254 - root - INFO - new node validate loss: 0.3921
2025-10-02 16:18:20,254 - root - INFO - new node validate average_precision, 0.9156
2025-10-02 16:18:20,254 - root - INFO - new node validate roc_auc, 0.9273
2025-10-02 16:18:32,569 - root - INFO - test loss: 0.3586
2025-10-02 16:18:32,570 - root - INFO - test average_precision, 0.8933
2025-10-02 16:18:32,570 - root - INFO - best test average_precision: 0.9005
2025-10-02 16:18:32,570 - root - INFO - test roc_auc, 0.9174
2025-10-02 16:18:32,570 - root - INFO - new node test loss: 0.3778
2025-10-02 16:18:32,570 - root - INFO - new node test average_precision, 0.8988
2025-10-02 16:18:32,570 - root - INFO - new node test roc_auc, 0.9262
2025-10-02 16:19:57,305 - root - INFO - Epoch: 63, learning rate: 0.0001, train loss: 0.3692
2025-10-02 16:19:57,307 - root - INFO - train average_precision, 0.8850
2025-10-02 16:19:57,307 - root - INFO - train roc_auc, 0.9084
2025-10-02 16:19:57,308 - root - INFO - validate loss: 0.3780
2025-10-02 16:19:57,308 - root - INFO - validate average_precision, 0.8862
2025-10-02 16:19:57,308 - root - INFO - validate roc_auc, 0.9086
2025-10-02 16:19:57,308 - root - INFO - new node validate loss: 0.3574
2025-10-02 16:19:57,308 - root - INFO - new node validate average_precision, 0.9094
2025-10-02 16:19:57,308 - root - INFO - new node validate roc_auc, 0.9241
2025-10-02 16:20:09,598 - root - INFO - test loss: 0.3695
2025-10-02 16:20:09,598 - root - INFO - test average_precision, 0.8793
2025-10-02 16:20:09,598 - root - INFO - best test average_precision: 0.9005
2025-10-02 16:20:09,598 - root - INFO - test roc_auc, 0.9120
2025-10-02 16:20:09,598 - root - INFO - new node test loss: 0.3468
2025-10-02 16:20:09,599 - root - INFO - new node test average_precision, 0.9147
2025-10-02 16:20:09,599 - root - INFO - new node test roc_auc, 0.9331
2025-10-02 16:21:33,774 - root - INFO - Epoch: 64, learning rate: 0.0001, train loss: 0.3704
2025-10-02 16:21:33,775 - root - INFO - train average_precision, 0.8849
2025-10-02 16:21:33,776 - root - INFO - train roc_auc, 0.9079
2025-10-02 16:21:33,776 - root - INFO - validate loss: 0.3780
2025-10-02 16:21:33,777 - root - INFO - validate average_precision, 0.8842
2025-10-02 16:21:33,777 - root - INFO - validate roc_auc, 0.9076
2025-10-02 16:21:33,777 - root - INFO - new node validate loss: 0.4131
2025-10-02 16:21:33,777 - root - INFO - new node validate average_precision, 0.8906
2025-10-02 16:21:33,777 - root - INFO - new node validate roc_auc, 0.9111
2025-10-02 16:21:45,902 - root - INFO - test loss: 0.4000
2025-10-02 16:21:45,902 - root - INFO - test average_precision, 0.8481
2025-10-02 16:21:45,902 - root - INFO - best test average_precision: 0.9005
2025-10-02 16:21:45,902 - root - INFO - test roc_auc, 0.9029
2025-10-02 16:21:45,902 - root - INFO - new node test loss: 0.3219
2025-10-02 16:21:45,903 - root - INFO - new node test average_precision, 0.9235
2025-10-02 16:21:45,903 - root - INFO - new node test roc_auc, 0.9400
2025-10-02 16:23:10,337 - root - INFO - Epoch: 65, learning rate: 0.0001, train loss: 0.3683
2025-10-02 16:23:10,338 - root - INFO - train average_precision, 0.8858
2025-10-02 16:23:10,339 - root - INFO - train roc_auc, 0.9089
2025-10-02 16:23:10,339 - root - INFO - validate loss: 0.3918
2025-10-02 16:23:10,339 - root - INFO - validate average_precision, 0.8840
2025-10-02 16:23:10,339 - root - INFO - validate roc_auc, 0.9071
2025-10-02 16:23:10,339 - root - INFO - new node validate loss: 0.3775
2025-10-02 16:23:10,340 - root - INFO - new node validate average_precision, 0.9111
2025-10-02 16:23:10,340 - root - INFO - new node validate roc_auc, 0.9234
2025-10-02 16:23:22,525 - root - INFO - test loss: 0.3873
2025-10-02 16:23:22,525 - root - INFO - test average_precision, 0.8657
2025-10-02 16:23:22,525 - root - INFO - best test average_precision: 0.9005
2025-10-02 16:23:22,525 - root - INFO - test roc_auc, 0.9082
2025-10-02 16:23:22,525 - root - INFO - new node test loss: 0.3751
2025-10-02 16:23:22,525 - root - INFO - new node test average_precision, 0.9070
2025-10-02 16:23:22,526 - root - INFO - new node test roc_auc, 0.9278
2025-10-02 16:24:46,972 - root - INFO - Epoch: 66, learning rate: 0.0001, train loss: 0.3691
2025-10-02 16:24:46,973 - root - INFO - train average_precision, 0.8850
2025-10-02 16:24:46,974 - root - INFO - train roc_auc, 0.9082
2025-10-02 16:24:46,974 - root - INFO - validate loss: 0.3919
2025-10-02 16:24:46,974 - root - INFO - validate average_precision, 0.8693
2025-10-02 16:24:46,975 - root - INFO - validate roc_auc, 0.9018
2025-10-02 16:24:46,975 - root - INFO - new node validate loss: 0.4006
2025-10-02 16:24:46,975 - root - INFO - new node validate average_precision, 0.9011
2025-10-02 16:24:46,975 - root - INFO - new node validate roc_auc, 0.9150
2025-10-02 16:24:59,131 - root - INFO - test loss: 0.4464
2025-10-02 16:24:59,132 - root - INFO - test average_precision, 0.8466
2025-10-02 16:24:59,132 - root - INFO - best test average_precision: 0.9005
2025-10-02 16:24:59,132 - root - INFO - test roc_auc, 0.9038
2025-10-02 16:24:59,132 - root - INFO - new node test loss: 0.3464
2025-10-02 16:24:59,132 - root - INFO - new node test average_precision, 0.9153
2025-10-02 16:24:59,132 - root - INFO - new node test roc_auc, 0.9319
2025-10-02 16:26:23,850 - root - INFO - Epoch: 67, learning rate: 0.0001, train loss: 0.3689
2025-10-02 16:26:23,851 - root - INFO - train average_precision, 0.8852
2025-10-02 16:26:23,852 - root - INFO - train roc_auc, 0.9085
2025-10-02 16:26:23,852 - root - INFO - validate loss: 0.3689
2025-10-02 16:26:23,853 - root - INFO - validate average_precision, 0.8882
2025-10-02 16:26:23,853 - root - INFO - validate roc_auc, 0.9110
2025-10-02 16:26:23,853 - root - INFO - new node validate loss: 0.3807
2025-10-02 16:26:23,853 - root - INFO - new node validate average_precision, 0.9091
2025-10-02 16:26:23,853 - root - INFO - new node validate roc_auc, 0.9233
2025-10-02 16:26:36,009 - root - INFO - test loss: 0.3464
2025-10-02 16:26:36,009 - root - INFO - test average_precision, 0.9012
2025-10-02 16:26:36,009 - root - INFO - best test average_precision: 0.9012
2025-10-02 16:26:36,010 - root - INFO - test roc_auc, 0.9217
2025-10-02 16:26:36,010 - root - INFO - new node test loss: 0.3447
2025-10-02 16:26:36,010 - root - INFO - new node test average_precision, 0.9151
2025-10-02 16:26:36,010 - root - INFO - new node test roc_auc, 0.9326
2025-10-02 16:26:36,010 - root - INFO - save model ./saved_models/JODIE/SocialEvo/JODIE_kan_mammote_seed0/JODIE_kan_mammote_seed0.pkl
2025-10-02 16:28:00,448 - root - INFO - Epoch: 68, learning rate: 0.0001, train loss: 0.3687
2025-10-02 16:28:00,449 - root - INFO - train average_precision, 0.8856
2025-10-02 16:28:00,450 - root - INFO - train roc_auc, 0.9085
2025-10-02 16:28:00,450 - root - INFO - validate loss: 0.3877
2025-10-02 16:28:00,450 - root - INFO - validate average_precision, 0.8688
2025-10-02 16:28:00,450 - root - INFO - validate roc_auc, 0.9048
2025-10-02 16:28:00,450 - root - INFO - new node validate loss: 0.3882
2025-10-02 16:28:00,450 - root - INFO - new node validate average_precision, 0.8945
2025-10-02 16:28:00,450 - root - INFO - new node validate roc_auc, 0.9174
2025-10-02 16:28:12,705 - root - INFO - test loss: 0.5186
2025-10-02 16:28:12,705 - root - INFO - test average_precision, 0.8448
2025-10-02 16:28:12,705 - root - INFO - best test average_precision: 0.9012
2025-10-02 16:28:12,705 - root - INFO - test roc_auc, 0.9035
2025-10-02 16:28:12,706 - root - INFO - new node test loss: 0.3547
2025-10-02 16:28:12,706 - root - INFO - new node test average_precision, 0.9093
2025-10-02 16:28:12,706 - root - INFO - new node test roc_auc, 0.9306
2025-10-02 16:29:37,179 - root - INFO - Epoch: 69, learning rate: 0.0001, train loss: 0.3699
2025-10-02 16:29:37,180 - root - INFO - train average_precision, 0.8848
2025-10-02 16:29:37,181 - root - INFO - train roc_auc, 0.9080
2025-10-02 16:29:37,181 - root - INFO - validate loss: 0.4136
2025-10-02 16:29:37,181 - root - INFO - validate average_precision, 0.8559
2025-10-02 16:29:37,181 - root - INFO - validate roc_auc, 0.9014
2025-10-02 16:29:37,181 - root - INFO - new node validate loss: 0.4200
2025-10-02 16:29:37,181 - root - INFO - new node validate average_precision, 0.8871
2025-10-02 16:29:37,181 - root - INFO - new node validate roc_auc, 0.9111
2025-10-02 16:29:49,339 - root - INFO - test loss: 0.9399
2025-10-02 16:29:49,340 - root - INFO - test average_precision, 0.8402
2025-10-02 16:29:49,340 - root - INFO - best test average_precision: 0.9012
2025-10-02 16:29:49,340 - root - INFO - test roc_auc, 0.9011
2025-10-02 16:29:49,340 - root - INFO - new node test loss: 0.3541
2025-10-02 16:29:49,340 - root - INFO - new node test average_precision, 0.9054
2025-10-02 16:29:49,340 - root - INFO - new node test roc_auc, 0.9272
2025-10-02 16:31:14,250 - root - INFO - Epoch: 70, learning rate: 0.0001, train loss: 0.3688
2025-10-02 16:31:14,251 - root - INFO - train average_precision, 0.8853
2025-10-02 16:31:14,252 - root - INFO - train roc_auc, 0.9085
2025-10-02 16:31:14,252 - root - INFO - validate loss: 0.3705
2025-10-02 16:31:14,252 - root - INFO - validate average_precision, 0.8889
2025-10-02 16:31:14,252 - root - INFO - validate roc_auc, 0.9116
2025-10-02 16:31:14,252 - root - INFO - new node validate loss: 0.3617
2025-10-02 16:31:14,252 - root - INFO - new node validate average_precision, 0.9082
2025-10-02 16:31:14,253 - root - INFO - new node validate roc_auc, 0.9230
2025-10-02 16:31:26,529 - root - INFO - test loss: 0.3473
2025-10-02 16:31:26,530 - root - INFO - test average_precision, 0.9022
2025-10-02 16:31:26,530 - root - INFO - best test average_precision: 0.9022
2025-10-02 16:31:26,530 - root - INFO - test roc_auc, 0.9228
2025-10-02 16:31:26,530 - root - INFO - new node test loss: 0.3129
2025-10-02 16:31:26,530 - root - INFO - new node test average_precision, 0.9227
2025-10-02 16:31:26,531 - root - INFO - new node test roc_auc, 0.9389
2025-10-02 16:31:26,531 - root - INFO - save model ./saved_models/JODIE/SocialEvo/JODIE_kan_mammote_seed0/JODIE_kan_mammote_seed0.pkl
2025-10-02 16:32:51,017 - root - INFO - Epoch: 71, learning rate: 0.0001, train loss: 0.3679
2025-10-02 16:32:51,018 - root - INFO - train average_precision, 0.8857
2025-10-02 16:32:51,019 - root - INFO - train roc_auc, 0.9087
2025-10-02 16:32:51,019 - root - INFO - validate loss: 0.3726
2025-10-02 16:32:51,019 - root - INFO - validate average_precision, 0.8868
2025-10-02 16:32:51,020 - root - INFO - validate roc_auc, 0.9097
2025-10-02 16:32:51,020 - root - INFO - new node validate loss: 0.3747
2025-10-02 16:32:51,020 - root - INFO - new node validate average_precision, 0.9084
2025-10-02 16:32:51,020 - root - INFO - new node validate roc_auc, 0.9244
2025-10-02 16:33:03,248 - root - INFO - test loss: 0.3611
2025-10-02 16:33:03,249 - root - INFO - test average_precision, 0.8909
2025-10-02 16:33:03,249 - root - INFO - best test average_precision: 0.9022
2025-10-02 16:33:03,249 - root - INFO - test roc_auc, 0.9158
2025-10-02 16:33:03,249 - root - INFO - new node test loss: 0.3435
2025-10-02 16:33:03,249 - root - INFO - new node test average_precision, 0.9166
2025-10-02 16:33:03,249 - root - INFO - new node test roc_auc, 0.9351
2025-10-02 16:34:27,871 - root - INFO - Epoch: 72, learning rate: 0.0001, train loss: 0.3689
2025-10-02 16:34:27,872 - root - INFO - train average_precision, 0.8859
2025-10-02 16:34:27,873 - root - INFO - train roc_auc, 0.9087
2025-10-02 16:34:27,873 - root - INFO - validate loss: 0.3858
2025-10-02 16:34:27,873 - root - INFO - validate average_precision, 0.8713
2025-10-02 16:34:27,874 - root - INFO - validate roc_auc, 0.9034
2025-10-02 16:34:27,874 - root - INFO - new node validate loss: 0.4102
2025-10-02 16:34:27,874 - root - INFO - new node validate average_precision, 0.8947
2025-10-02 16:34:27,874 - root - INFO - new node validate roc_auc, 0.9157
2025-10-02 16:34:40,102 - root - INFO - test loss: 0.4647
2025-10-02 16:34:40,102 - root - INFO - test average_precision, 0.8339
2025-10-02 16:34:40,103 - root - INFO - best test average_precision: 0.9022
2025-10-02 16:34:40,103 - root - INFO - test roc_auc, 0.8981
2025-10-02 16:34:40,103 - root - INFO - new node test loss: 0.3742
2025-10-02 16:34:40,103 - root - INFO - new node test average_precision, 0.9009
2025-10-02 16:34:40,103 - root - INFO - new node test roc_auc, 0.9270
2025-10-02 16:36:04,210 - root - INFO - Epoch: 73, learning rate: 0.0001, train loss: 0.3659
2025-10-02 16:36:04,211 - root - INFO - train average_precision, 0.8866
2025-10-02 16:36:04,212 - root - INFO - train roc_auc, 0.9097
2025-10-02 16:36:04,212 - root - INFO - validate loss: 0.3734
2025-10-02 16:36:04,212 - root - INFO - validate average_precision, 0.8873
2025-10-02 16:36:04,213 - root - INFO - validate roc_auc, 0.9105
2025-10-02 16:36:04,213 - root - INFO - new node validate loss: 0.3551
2025-10-02 16:36:04,213 - root - INFO - new node validate average_precision, 0.9122
2025-10-02 16:36:04,213 - root - INFO - new node validate roc_auc, 0.9262
2025-10-02 16:36:16,512 - root - INFO - test loss: 0.3507
2025-10-02 16:36:16,513 - root - INFO - test average_precision, 0.8975
2025-10-02 16:36:16,513 - root - INFO - best test average_precision: 0.9022
2025-10-02 16:36:16,513 - root - INFO - test roc_auc, 0.9199
2025-10-02 16:36:16,513 - root - INFO - new node test loss: 0.3654
2025-10-02 16:36:16,513 - root - INFO - new node test average_precision, 0.9048
2025-10-02 16:36:16,513 - root - INFO - new node test roc_auc, 0.9239
2025-10-02 16:37:41,196 - root - INFO - Epoch: 74, learning rate: 0.0001, train loss: 0.3680
2025-10-02 16:37:41,198 - root - INFO - train average_precision, 0.8864
2025-10-02 16:37:41,198 - root - INFO - train roc_auc, 0.9090
2025-10-02 16:37:41,198 - root - INFO - validate loss: 0.3736
2025-10-02 16:37:41,199 - root - INFO - validate average_precision, 0.8841
2025-10-02 16:37:41,199 - root - INFO - validate roc_auc, 0.9089
2025-10-02 16:37:41,199 - root - INFO - new node validate loss: 0.3607
2025-10-02 16:37:41,199 - root - INFO - new node validate average_precision, 0.9124
2025-10-02 16:37:41,199 - root - INFO - new node validate roc_auc, 0.9261
2025-10-02 16:37:53,424 - root - INFO - test loss: 0.3929
2025-10-02 16:37:53,424 - root - INFO - test average_precision, 0.8537
2025-10-02 16:37:53,424 - root - INFO - best test average_precision: 0.9022
2025-10-02 16:37:53,424 - root - INFO - test roc_auc, 0.9074
2025-10-02 16:37:53,424 - root - INFO - new node test loss: 0.3363
2025-10-02 16:37:53,424 - root - INFO - new node test average_precision, 0.9140
2025-10-02 16:37:53,424 - root - INFO - new node test roc_auc, 0.9335
2025-10-02 16:39:17,942 - root - INFO - Epoch: 75, learning rate: 0.0001, train loss: 0.3677
2025-10-02 16:39:17,943 - root - INFO - train average_precision, 0.8864
2025-10-02 16:39:17,944 - root - INFO - train roc_auc, 0.9092
2025-10-02 16:39:17,944 - root - INFO - validate loss: 0.3736
2025-10-02 16:39:17,945 - root - INFO - validate average_precision, 0.8875
2025-10-02 16:39:17,945 - root - INFO - validate roc_auc, 0.9110
2025-10-02 16:39:17,945 - root - INFO - new node validate loss: 0.3676
2025-10-02 16:39:17,945 - root - INFO - new node validate average_precision, 0.9123
2025-10-02 16:39:17,945 - root - INFO - new node validate roc_auc, 0.9261
2025-10-02 16:39:30,089 - root - INFO - test loss: 0.3517
2025-10-02 16:39:30,090 - root - INFO - test average_precision, 0.8996
2025-10-02 16:39:30,090 - root - INFO - best test average_precision: 0.9022
2025-10-02 16:39:30,090 - root - INFO - test roc_auc, 0.9211
2025-10-02 16:39:30,090 - root - INFO - new node test loss: 0.3235
2025-10-02 16:39:30,090 - root - INFO - new node test average_precision, 0.9196
2025-10-02 16:39:30,090 - root - INFO - new node test roc_auc, 0.9359
2025-10-02 16:40:54,527 - root - INFO - Epoch: 76, learning rate: 0.0001, train loss: 0.3676
2025-10-02 16:40:54,529 - root - INFO - train average_precision, 0.8861
2025-10-02 16:40:54,529 - root - INFO - train roc_auc, 0.9091
2025-10-02 16:40:54,529 - root - INFO - validate loss: 0.3795
2025-10-02 16:40:54,530 - root - INFO - validate average_precision, 0.8864
2025-10-02 16:40:54,530 - root - INFO - validate roc_auc, 0.9094
2025-10-02 16:40:54,530 - root - INFO - new node validate loss: 0.3456
2025-10-02 16:40:54,530 - root - INFO - new node validate average_precision, 0.9105
2025-10-02 16:40:54,530 - root - INFO - new node validate roc_auc, 0.9263
2025-10-02 16:41:06,783 - root - INFO - test loss: 0.3575
2025-10-02 16:41:06,783 - root - INFO - test average_precision, 0.8990
2025-10-02 16:41:06,783 - root - INFO - best test average_precision: 0.9022
2025-10-02 16:41:06,784 - root - INFO - test roc_auc, 0.9203
2025-10-02 16:41:06,784 - root - INFO - new node test loss: 0.3370
2025-10-02 16:41:06,784 - root - INFO - new node test average_precision, 0.9133
2025-10-02 16:41:06,784 - root - INFO - new node test roc_auc, 0.9326
2025-10-02 16:42:31,581 - root - INFO - Epoch: 77, learning rate: 0.0001, train loss: 0.3683
2025-10-02 16:42:31,583 - root - INFO - train average_precision, 0.8857
2025-10-02 16:42:31,584 - root - INFO - train roc_auc, 0.9087
2025-10-02 16:42:31,584 - root - INFO - validate loss: 0.3880
2025-10-02 16:42:31,584 - root - INFO - validate average_precision, 0.8675
2025-10-02 16:42:31,584 - root - INFO - validate roc_auc, 0.9038
2025-10-02 16:42:31,584 - root - INFO - new node validate loss: 0.3884
2025-10-02 16:42:31,584 - root - INFO - new node validate average_precision, 0.8918
2025-10-02 16:42:31,584 - root - INFO - new node validate roc_auc, 0.9147
2025-10-02 16:42:43,790 - root - INFO - test loss: 0.5306
2025-10-02 16:42:43,790 - root - INFO - test average_precision, 0.8404
2025-10-02 16:42:43,790 - root - INFO - best test average_precision: 0.9022
2025-10-02 16:42:43,791 - root - INFO - test roc_auc, 0.9008
2025-10-02 16:42:43,791 - root - INFO - new node test loss: 0.3227
2025-10-02 16:42:43,791 - root - INFO - new node test average_precision, 0.9137
2025-10-02 16:42:43,791 - root - INFO - new node test roc_auc, 0.9354
2025-10-02 16:44:08,587 - root - INFO - Epoch: 78, learning rate: 0.0001, train loss: 0.3680
2025-10-02 16:44:08,589 - root - INFO - train average_precision, 0.8858
2025-10-02 16:44:08,589 - root - INFO - train roc_auc, 0.9089
2025-10-02 16:44:08,589 - root - INFO - validate loss: 0.3717
2025-10-02 16:44:08,590 - root - INFO - validate average_precision, 0.8880
2025-10-02 16:44:08,590 - root - INFO - validate roc_auc, 0.9104
2025-10-02 16:44:08,590 - root - INFO - new node validate loss: 0.3609
2025-10-02 16:44:08,590 - root - INFO - new node validate average_precision, 0.9138
2025-10-02 16:44:08,590 - root - INFO - new node validate roc_auc, 0.9268
2025-10-02 16:44:20,899 - root - INFO - test loss: 0.3549
2025-10-02 16:44:20,899 - root - INFO - test average_precision, 0.8963
2025-10-02 16:44:20,899 - root - INFO - best test average_precision: 0.9022
2025-10-02 16:44:20,899 - root - INFO - test roc_auc, 0.9183
2025-10-02 16:44:20,899 - root - INFO - new node test loss: 0.3403
2025-10-02 16:44:20,900 - root - INFO - new node test average_precision, 0.9160
2025-10-02 16:44:20,900 - root - INFO - new node test roc_auc, 0.9324
2025-10-02 16:45:45,371 - root - INFO - Epoch: 79, learning rate: 0.0001, train loss: 0.3657
2025-10-02 16:45:45,372 - root - INFO - train average_precision, 0.8864
2025-10-02 16:45:45,373 - root - INFO - train roc_auc, 0.9095
2025-10-02 16:45:45,373 - root - INFO - validate loss: 0.3692
2025-10-02 16:45:45,373 - root - INFO - validate average_precision, 0.8886
2025-10-02 16:45:45,374 - root - INFO - validate roc_auc, 0.9114
2025-10-02 16:45:45,374 - root - INFO - new node validate loss: 0.3762
2025-10-02 16:45:45,374 - root - INFO - new node validate average_precision, 0.9014
2025-10-02 16:45:45,374 - root - INFO - new node validate roc_auc, 0.9198
2025-10-02 16:45:57,609 - root - INFO - test loss: 0.3585
2025-10-02 16:45:57,609 - root - INFO - test average_precision, 0.8910
2025-10-02 16:45:57,609 - root - INFO - best test average_precision: 0.9022
2025-10-02 16:45:57,609 - root - INFO - test roc_auc, 0.9171
2025-10-02 16:45:57,609 - root - INFO - new node test loss: 0.3343
2025-10-02 16:45:57,609 - root - INFO - new node test average_precision, 0.9189
2025-10-02 16:45:57,610 - root - INFO - new node test roc_auc, 0.9361
2025-10-02 16:47:22,319 - root - INFO - Epoch: 80, learning rate: 0.0001, train loss: 0.3674
2025-10-02 16:47:22,320 - root - INFO - train average_precision, 0.8857
2025-10-02 16:47:22,321 - root - INFO - train roc_auc, 0.9091
2025-10-02 16:47:22,321 - root - INFO - validate loss: 0.3885
2025-10-02 16:47:22,321 - root - INFO - validate average_precision, 0.8848
2025-10-02 16:47:22,321 - root - INFO - validate roc_auc, 0.9081
2025-10-02 16:47:22,321 - root - INFO - new node validate loss: 0.3426
2025-10-02 16:47:22,321 - root - INFO - new node validate average_precision, 0.9141
2025-10-02 16:47:22,322 - root - INFO - new node validate roc_auc, 0.9289
2025-10-02 16:47:34,503 - root - INFO - test loss: 0.4709
2025-10-02 16:47:34,504 - root - INFO - test average_precision, 0.8185
2025-10-02 16:47:34,504 - root - INFO - best test average_precision: 0.9022
2025-10-02 16:47:34,504 - root - INFO - test roc_auc, 0.8878
2025-10-02 16:47:34,504 - root - INFO - new node test loss: 0.3289
2025-10-02 16:47:34,504 - root - INFO - new node test average_precision, 0.9125
2025-10-02 16:47:34,504 - root - INFO - new node test roc_auc, 0.9339
2025-10-02 16:48:58,949 - root - INFO - Epoch: 81, learning rate: 0.0001, train loss: 0.3658
2025-10-02 16:48:58,951 - root - INFO - train average_precision, 0.8867
2025-10-02 16:48:58,952 - root - INFO - train roc_auc, 0.9097
2025-10-02 16:48:58,952 - root - INFO - validate loss: 0.3757
2025-10-02 16:48:58,952 - root - INFO - validate average_precision, 0.8867
2025-10-02 16:48:58,952 - root - INFO - validate roc_auc, 0.9093
2025-10-02 16:48:58,952 - root - INFO - new node validate loss: 0.4093
2025-10-02 16:48:58,952 - root - INFO - new node validate average_precision, 0.9036
2025-10-02 16:48:58,952 - root - INFO - new node validate roc_auc, 0.9160
2025-10-02 16:49:11,129 - root - INFO - test loss: 0.3503
2025-10-02 16:49:11,130 - root - INFO - test average_precision, 0.8995
2025-10-02 16:49:11,130 - root - INFO - best test average_precision: 0.9022
2025-10-02 16:49:11,130 - root - INFO - test roc_auc, 0.9205
2025-10-02 16:49:11,130 - root - INFO - new node test loss: 0.3553
2025-10-02 16:49:11,130 - root - INFO - new node test average_precision, 0.9159
2025-10-02 16:49:11,130 - root - INFO - new node test roc_auc, 0.9317
2025-10-02 16:50:35,727 - root - INFO - Epoch: 82, learning rate: 0.0001, train loss: 0.3670
2025-10-02 16:50:35,729 - root - INFO - train average_precision, 0.8863
2025-10-02 16:50:35,729 - root - INFO - train roc_auc, 0.9094
2025-10-02 16:50:35,729 - root - INFO - validate loss: 0.3654
2025-10-02 16:50:35,730 - root - INFO - validate average_precision, 0.8898
2025-10-02 16:50:35,730 - root - INFO - validate roc_auc, 0.9128
2025-10-02 16:50:35,730 - root - INFO - new node validate loss: 0.3675
2025-10-02 16:50:35,730 - root - INFO - new node validate average_precision, 0.9004
2025-10-02 16:50:35,730 - root - INFO - new node validate roc_auc, 0.9231
2025-10-02 16:50:47,957 - root - INFO - test loss: 0.3619
2025-10-02 16:50:47,957 - root - INFO - test average_precision, 0.8892
2025-10-02 16:50:47,958 - root - INFO - best test average_precision: 0.9022
2025-10-02 16:50:47,958 - root - INFO - test roc_auc, 0.9154
2025-10-02 16:50:47,958 - root - INFO - new node test loss: 0.3487
2025-10-02 16:50:47,958 - root - INFO - new node test average_precision, 0.9057
2025-10-02 16:50:47,958 - root - INFO - new node test roc_auc, 0.9273
2025-10-02 16:50:47,958 - root - INFO - save model ./saved_models/JODIE/SocialEvo/JODIE_kan_mammote_seed0/JODIE_kan_mammote_seed0.pkl
2025-10-02 16:52:12,667 - root - INFO - Epoch: 83, learning rate: 0.0001, train loss: 0.3655
2025-10-02 16:52:12,669 - root - INFO - train average_precision, 0.8868
2025-10-02 16:52:12,669 - root - INFO - train roc_auc, 0.9099
2025-10-02 16:52:12,669 - root - INFO - validate loss: 0.3704
2025-10-02 16:52:12,670 - root - INFO - validate average_precision, 0.8886
2025-10-02 16:52:12,670 - root - INFO - validate roc_auc, 0.9112
2025-10-02 16:52:12,670 - root - INFO - new node validate loss: 0.3395
2025-10-02 16:52:12,670 - root - INFO - new node validate average_precision, 0.9171
2025-10-02 16:52:12,670 - root - INFO - new node validate roc_auc, 0.9305
2025-10-02 16:52:24,835 - root - INFO - test loss: 0.3661
2025-10-02 16:52:24,836 - root - INFO - test average_precision, 0.8798
2025-10-02 16:52:24,836 - root - INFO - best test average_precision: 0.9022
2025-10-02 16:52:24,836 - root - INFO - test roc_auc, 0.9132
2025-10-02 16:52:24,836 - root - INFO - new node test loss: 0.3226
2025-10-02 16:52:24,836 - root - INFO - new node test average_precision, 0.9185
2025-10-02 16:52:24,836 - root - INFO - new node test roc_auc, 0.9364
2025-10-02 16:53:49,177 - root - INFO - Epoch: 84, learning rate: 0.0001, train loss: 0.3660
2025-10-02 16:53:49,178 - root - INFO - train average_precision, 0.8865
2025-10-02 16:53:49,179 - root - INFO - train roc_auc, 0.9097
2025-10-02 16:53:49,179 - root - INFO - validate loss: 0.3725
2025-10-02 16:53:49,179 - root - INFO - validate average_precision, 0.8879
2025-10-02 16:53:49,179 - root - INFO - validate roc_auc, 0.9106
2025-10-02 16:53:49,180 - root - INFO - new node validate loss: 0.3707
2025-10-02 16:53:49,180 - root - INFO - new node validate average_precision, 0.8999
2025-10-02 16:53:49,180 - root - INFO - new node validate roc_auc, 0.9233
2025-10-02 16:54:01,342 - root - INFO - test loss: 0.3561
2025-10-02 16:54:01,343 - root - INFO - test average_precision, 0.8964
2025-10-02 16:54:01,343 - root - INFO - best test average_precision: 0.9022
2025-10-02 16:54:01,343 - root - INFO - test roc_auc, 0.9192
2025-10-02 16:54:01,343 - root - INFO - new node test loss: 0.3209
2025-10-02 16:54:01,343 - root - INFO - new node test average_precision, 0.9186
2025-10-02 16:54:01,343 - root - INFO - new node test roc_auc, 0.9366
2025-10-02 16:55:25,670 - root - INFO - Epoch: 85, learning rate: 0.0001, train loss: 0.3661
2025-10-02 16:55:25,672 - root - INFO - train average_precision, 0.8866
2025-10-02 16:55:25,673 - root - INFO - train roc_auc, 0.9096
2025-10-02 16:55:25,673 - root - INFO - validate loss: 0.3733
2025-10-02 16:55:25,673 - root - INFO - validate average_precision, 0.8872
2025-10-02 16:55:25,673 - root - INFO - validate roc_auc, 0.9094
2025-10-02 16:55:25,673 - root - INFO - new node validate loss: 0.3154
2025-10-02 16:55:25,673 - root - INFO - new node validate average_precision, 0.9191
2025-10-02 16:55:25,673 - root - INFO - new node validate roc_auc, 0.9336
2025-10-02 16:55:37,897 - root - INFO - test loss: 0.3451
2025-10-02 16:55:37,897 - root - INFO - test average_precision, 0.9005
2025-10-02 16:55:37,897 - root - INFO - best test average_precision: 0.9022
2025-10-02 16:55:37,897 - root - INFO - test roc_auc, 0.9215
2025-10-02 16:55:37,897 - root - INFO - new node test loss: 0.3011
2025-10-02 16:55:37,897 - root - INFO - new node test average_precision, 0.9245
2025-10-02 16:55:37,897 - root - INFO - new node test roc_auc, 0.9414
2025-10-02 16:57:02,733 - root - INFO - Epoch: 86, learning rate: 0.0001, train loss: 0.3661
2025-10-02 16:57:02,735 - root - INFO - train average_precision, 0.8870
2025-10-02 16:57:02,735 - root - INFO - train roc_auc, 0.9099
2025-10-02 16:57:02,736 - root - INFO - validate loss: 0.3753
2025-10-02 16:57:02,736 - root - INFO - validate average_precision, 0.8851
2025-10-02 16:57:02,736 - root - INFO - validate roc_auc, 0.9089
2025-10-02 16:57:02,736 - root - INFO - new node validate loss: 0.3547
2025-10-02 16:57:02,736 - root - INFO - new node validate average_precision, 0.9099
2025-10-02 16:57:02,736 - root - INFO - new node validate roc_auc, 0.9247
2025-10-02 16:57:14,962 - root - INFO - test loss: 0.4194
2025-10-02 16:57:14,963 - root - INFO - test average_precision, 0.8370
2025-10-02 16:57:14,963 - root - INFO - best test average_precision: 0.9022
2025-10-02 16:57:14,963 - root - INFO - test roc_auc, 0.8982
2025-10-02 16:57:14,963 - root - INFO - new node test loss: 0.3580
2025-10-02 16:57:14,963 - root - INFO - new node test average_precision, 0.9165
2025-10-02 16:57:14,963 - root - INFO - new node test roc_auc, 0.9324
2025-10-02 16:58:39,503 - root - INFO - Epoch: 87, learning rate: 0.0001, train loss: 0.3651
2025-10-02 16:58:39,504 - root - INFO - train average_precision, 0.8869
2025-10-02 16:58:39,505 - root - INFO - train roc_auc, 0.9100
2025-10-02 16:58:39,505 - root - INFO - validate loss: 0.3696
2025-10-02 16:58:39,506 - root - INFO - validate average_precision, 0.8885
2025-10-02 16:58:39,506 - root - INFO - validate roc_auc, 0.9115
2025-10-02 16:58:39,506 - root - INFO - new node validate loss: 0.3301
2025-10-02 16:58:39,506 - root - INFO - new node validate average_precision, 0.9155
2025-10-02 16:58:39,506 - root - INFO - new node validate roc_auc, 0.9314
2025-10-02 16:58:51,743 - root - INFO - test loss: 0.3429
2025-10-02 16:58:51,744 - root - INFO - test average_precision, 0.9021
2025-10-02 16:58:51,744 - root - INFO - best test average_precision: 0.9022
2025-10-02 16:58:51,744 - root - INFO - test roc_auc, 0.9232
2025-10-02 16:58:51,744 - root - INFO - new node test loss: 0.3154
2025-10-02 16:58:51,744 - root - INFO - new node test average_precision, 0.9218
2025-10-02 16:58:51,744 - root - INFO - new node test roc_auc, 0.9379
2025-10-02 17:00:16,100 - root - INFO - Epoch: 88, learning rate: 0.0001, train loss: 0.3659
2025-10-02 17:00:16,101 - root - INFO - train average_precision, 0.8870
2025-10-02 17:00:16,102 - root - INFO - train roc_auc, 0.9098
2025-10-02 17:00:16,102 - root - INFO - validate loss: 0.3770
2025-10-02 17:00:16,102 - root - INFO - validate average_precision, 0.8847
2025-10-02 17:00:16,102 - root - INFO - validate roc_auc, 0.9083
2025-10-02 17:00:16,103 - root - INFO - new node validate loss: 0.3662
2025-10-02 17:00:16,103 - root - INFO - new node validate average_precision, 0.9033
2025-10-02 17:00:16,103 - root - INFO - new node validate roc_auc, 0.9212
2025-10-02 17:00:28,351 - root - INFO - test loss: 0.3944
2025-10-02 17:00:28,355 - root - INFO - test average_precision, 0.8535
2025-10-02 17:00:28,355 - root - INFO - best test average_precision: 0.9022
2025-10-02 17:00:28,355 - root - INFO - test roc_auc, 0.9070
2025-10-02 17:00:28,356 - root - INFO - new node test loss: 0.3242
2025-10-02 17:00:28,356 - root - INFO - new node test average_precision, 0.9174
2025-10-02 17:00:28,356 - root - INFO - new node test roc_auc, 0.9346
2025-10-02 17:01:53,165 - root - INFO - Epoch: 89, learning rate: 0.0001, train loss: 0.3658
2025-10-02 17:01:53,166 - root - INFO - train average_precision, 0.8871
2025-10-02 17:01:53,167 - root - INFO - train roc_auc, 0.9099
2025-10-02 17:01:53,167 - root - INFO - validate loss: 0.3857
2025-10-02 17:01:53,167 - root - INFO - validate average_precision, 0.8765
2025-10-02 17:01:53,167 - root - INFO - validate roc_auc, 0.9055
2025-10-02 17:01:53,168 - root - INFO - new node validate loss: 0.3761
2025-10-02 17:01:53,168 - root - INFO - new node validate average_precision, 0.9098
2025-10-02 17:01:53,168 - root - INFO - new node validate roc_auc, 0.9251
2025-10-02 17:02:05,662 - root - INFO - test loss: 0.4287
2025-10-02 17:02:05,663 - root - INFO - test average_precision, 0.8492
2025-10-02 17:02:05,663 - root - INFO - best test average_precision: 0.9022
2025-10-02 17:02:05,663 - root - INFO - test roc_auc, 0.9061
2025-10-02 17:02:05,663 - root - INFO - new node test loss: 0.3441
2025-10-02 17:02:05,663 - root - INFO - new node test average_precision, 0.9140
2025-10-02 17:02:05,663 - root - INFO - new node test roc_auc, 0.9340
2025-10-02 17:03:30,200 - root - INFO - Epoch: 90, learning rate: 0.0001, train loss: 0.3641
2025-10-02 17:03:30,201 - root - INFO - train average_precision, 0.8877
2025-10-02 17:03:30,202 - root - INFO - train roc_auc, 0.9106
2025-10-02 17:03:30,202 - root - INFO - validate loss: 0.3732
2025-10-02 17:03:30,202 - root - INFO - validate average_precision, 0.8871
2025-10-02 17:03:30,202 - root - INFO - validate roc_auc, 0.9098
2025-10-02 17:03:30,202 - root - INFO - new node validate loss: 0.3514
2025-10-02 17:03:30,202 - root - INFO - new node validate average_precision, 0.9168
2025-10-02 17:03:30,202 - root - INFO - new node validate roc_auc, 0.9297
2025-10-02 17:03:42,416 - root - INFO - test loss: 0.3481
2025-10-02 17:03:42,417 - root - INFO - test average_precision, 0.8993
2025-10-02 17:03:42,417 - root - INFO - best test average_precision: 0.9022
2025-10-02 17:03:42,417 - root - INFO - test roc_auc, 0.9206
2025-10-02 17:03:42,417 - root - INFO - new node test loss: 0.3275
2025-10-02 17:03:42,417 - root - INFO - new node test average_precision, 0.9147
2025-10-02 17:03:42,417 - root - INFO - new node test roc_auc, 0.9338
2025-10-02 17:05:06,854 - root - INFO - Epoch: 91, learning rate: 0.0001, train loss: 0.3640
2025-10-02 17:05:06,855 - root - INFO - train average_precision, 0.8871
2025-10-02 17:05:06,856 - root - INFO - train roc_auc, 0.9104
2025-10-02 17:05:06,856 - root - INFO - validate loss: 0.3749
2025-10-02 17:05:06,856 - root - INFO - validate average_precision, 0.8861
2025-10-02 17:05:06,857 - root - INFO - validate roc_auc, 0.9096
2025-10-02 17:05:06,857 - root - INFO - new node validate loss: 0.3268
2025-10-02 17:05:06,857 - root - INFO - new node validate average_precision, 0.9191
2025-10-02 17:05:06,857 - root - INFO - new node validate roc_auc, 0.9316
2025-10-02 17:05:19,003 - root - INFO - test loss: 0.3516
2025-10-02 17:05:19,004 - root - INFO - test average_precision, 0.8983
2025-10-02 17:05:19,004 - root - INFO - best test average_precision: 0.9022
2025-10-02 17:05:19,004 - root - INFO - test roc_auc, 0.9199
2025-10-02 17:05:19,004 - root - INFO - new node test loss: 0.3136
2025-10-02 17:05:19,004 - root - INFO - new node test average_precision, 0.9248
2025-10-02 17:05:19,004 - root - INFO - new node test roc_auc, 0.9397
2025-10-02 17:06:44,006 - root - INFO - Epoch: 92, learning rate: 0.0001, train loss: 0.3647
2025-10-02 17:06:44,008 - root - INFO - train average_precision, 0.8874
2025-10-02 17:06:44,008 - root - INFO - train roc_auc, 0.9103
2025-10-02 17:06:44,008 - root - INFO - validate loss: 0.3713
2025-10-02 17:06:44,009 - root - INFO - validate average_precision, 0.8894
2025-10-02 17:06:44,009 - root - INFO - validate roc_auc, 0.9119
2025-10-02 17:06:44,009 - root - INFO - new node validate loss: 0.3753
2025-10-02 17:06:44,009 - root - INFO - new node validate average_precision, 0.8938
2025-10-02 17:06:44,009 - root - INFO - new node validate roc_auc, 0.9195
2025-10-02 17:06:56,280 - root - INFO - test loss: 0.3792
2025-10-02 17:06:56,280 - root - INFO - test average_precision, 0.8680
2025-10-02 17:06:56,281 - root - INFO - best test average_precision: 0.9022
2025-10-02 17:06:56,281 - root - INFO - test roc_auc, 0.9099
2025-10-02 17:06:56,281 - root - INFO - new node test loss: 0.3537
2025-10-02 17:06:56,281 - root - INFO - new node test average_precision, 0.8996
2025-10-02 17:06:56,281 - root - INFO - new node test roc_auc, 0.9270
2025-10-02 17:08:20,561 - root - INFO - Epoch: 93, learning rate: 0.0001, train loss: 0.3645
2025-10-02 17:08:20,563 - root - INFO - train average_precision, 0.8873
2025-10-02 17:08:20,564 - root - INFO - train roc_auc, 0.9103
2025-10-02 17:08:20,564 - root - INFO - validate loss: 0.3786
2025-10-02 17:08:20,564 - root - INFO - validate average_precision, 0.8877
2025-10-02 17:08:20,564 - root - INFO - validate roc_auc, 0.9102
2025-10-02 17:08:20,564 - root - INFO - new node validate loss: 0.3809
2025-10-02 17:08:20,564 - root - INFO - new node validate average_precision, 0.9086
2025-10-02 17:08:20,564 - root - INFO - new node validate roc_auc, 0.9234
2025-10-02 17:08:32,711 - root - INFO - test loss: 0.3529
2025-10-02 17:08:32,711 - root - INFO - test average_precision, 0.9003
2025-10-02 17:08:32,712 - root - INFO - best test average_precision: 0.9022
2025-10-02 17:08:32,712 - root - INFO - test roc_auc, 0.9212
2025-10-02 17:08:32,712 - root - INFO - new node test loss: 0.3058
2025-10-02 17:08:32,712 - root - INFO - new node test average_precision, 0.9196
2025-10-02 17:08:32,712 - root - INFO - new node test roc_auc, 0.9387
2025-10-02 17:09:57,189 - root - INFO - Epoch: 94, learning rate: 0.0001, train loss: 0.3649
2025-10-02 17:09:57,191 - root - INFO - train average_precision, 0.8873
2025-10-02 17:09:57,191 - root - INFO - train roc_auc, 0.9102
2025-10-02 17:09:57,191 - root - INFO - validate loss: 0.3776
2025-10-02 17:09:57,192 - root - INFO - validate average_precision, 0.8773
2025-10-02 17:09:57,192 - root - INFO - validate roc_auc, 0.9073
2025-10-02 17:09:57,192 - root - INFO - new node validate loss: 0.3426
2025-10-02 17:09:57,192 - root - INFO - new node validate average_precision, 0.9049
2025-10-02 17:09:57,192 - root - INFO - new node validate roc_auc, 0.9255
2025-10-02 17:10:09,485 - root - INFO - test loss: 0.4764
2025-10-02 17:10:09,485 - root - INFO - test average_precision, 0.8428
2025-10-02 17:10:09,485 - root - INFO - best test average_precision: 0.9022
2025-10-02 17:10:09,485 - root - INFO - test roc_auc, 0.9035
2025-10-02 17:10:09,485 - root - INFO - new node test loss: 0.3171
2025-10-02 17:10:09,485 - root - INFO - new node test average_precision, 0.9160
2025-10-02 17:10:09,485 - root - INFO - new node test roc_auc, 0.9352
2025-10-02 17:11:33,844 - root - INFO - Epoch: 95, learning rate: 0.0001, train loss: 0.3642
2025-10-02 17:11:33,846 - root - INFO - train average_precision, 0.8873
2025-10-02 17:11:33,847 - root - INFO - train roc_auc, 0.9103
2025-10-02 17:11:33,847 - root - INFO - validate loss: 0.3876
2025-10-02 17:11:33,847 - root - INFO - validate average_precision, 0.8673
2025-10-02 17:11:33,847 - root - INFO - validate roc_auc, 0.9050
2025-10-02 17:11:33,847 - root - INFO - new node validate loss: 0.3576
2025-10-02 17:11:33,848 - root - INFO - new node validate average_precision, 0.9048
2025-10-02 17:11:33,848 - root - INFO - new node validate roc_auc, 0.9223
2025-10-02 17:11:46,035 - root - INFO - test loss: 0.6069
2025-10-02 17:11:46,035 - root - INFO - test average_precision, 0.8502
2025-10-02 17:11:46,035 - root - INFO - best test average_precision: 0.9022
2025-10-02 17:11:46,035 - root - INFO - test roc_auc, 0.9072
2025-10-02 17:11:46,035 - root - INFO - new node test loss: 0.3168
2025-10-02 17:11:46,035 - root - INFO - new node test average_precision, 0.9150
2025-10-02 17:11:46,035 - root - INFO - new node test roc_auc, 0.9370
2025-10-02 17:13:10,676 - root - INFO - Epoch: 96, learning rate: 0.0001, train loss: 0.3637
2025-10-02 17:13:10,678 - root - INFO - train average_precision, 0.8877
2025-10-02 17:13:10,678 - root - INFO - train roc_auc, 0.9106
2025-10-02 17:13:10,678 - root - INFO - validate loss: 0.3769
2025-10-02 17:13:10,679 - root - INFO - validate average_precision, 0.8833
2025-10-02 17:13:10,679 - root - INFO - validate roc_auc, 0.9101
2025-10-02 17:13:10,679 - root - INFO - new node validate loss: 0.3398
2025-10-02 17:13:10,679 - root - INFO - new node validate average_precision, 0.9176
2025-10-02 17:13:10,679 - root - INFO - new node validate roc_auc, 0.9307
2025-10-02 17:13:22,980 - root - INFO - test loss: 0.4064
2025-10-02 17:13:22,980 - root - INFO - test average_precision, 0.8525
2025-10-02 17:13:22,980 - root - INFO - best test average_precision: 0.9022
2025-10-02 17:13:22,980 - root - INFO - test roc_auc, 0.9085
2025-10-02 17:13:22,980 - root - INFO - new node test loss: 0.3160
2025-10-02 17:13:22,981 - root - INFO - new node test average_precision, 0.9234
2025-10-02 17:13:22,981 - root - INFO - new node test roc_auc, 0.9394
2025-10-02 17:14:47,163 - root - INFO - Epoch: 97, learning rate: 0.0001, train loss: 0.3643
2025-10-02 17:14:47,164 - root - INFO - train average_precision, 0.8873
2025-10-02 17:14:47,165 - root - INFO - train roc_auc, 0.9104
2025-10-02 17:14:47,165 - root - INFO - validate loss: 0.3815
2025-10-02 17:14:47,165 - root - INFO - validate average_precision, 0.8732
2025-10-02 17:14:47,166 - root - INFO - validate roc_auc, 0.9060
2025-10-02 17:14:47,166 - root - INFO - new node validate loss: 0.3451
2025-10-02 17:14:47,166 - root - INFO - new node validate average_precision, 0.9052
2025-10-02 17:14:47,166 - root - INFO - new node validate roc_auc, 0.9255
2025-10-02 17:14:59,459 - root - INFO - test loss: 0.4735
2025-10-02 17:14:59,460 - root - INFO - test average_precision, 0.8504
2025-10-02 17:14:59,460 - root - INFO - best test average_precision: 0.9022
2025-10-02 17:14:59,460 - root - INFO - test roc_auc, 0.9075
2025-10-02 17:14:59,460 - root - INFO - new node test loss: 0.3123
2025-10-02 17:14:59,460 - root - INFO - new node test average_precision, 0.9226
2025-10-02 17:14:59,460 - root - INFO - new node test roc_auc, 0.9395
2025-10-02 17:16:23,990 - root - INFO - Epoch: 98, learning rate: 0.0001, train loss: 0.3642
2025-10-02 17:16:23,991 - root - INFO - train average_precision, 0.8877
2025-10-02 17:16:23,992 - root - INFO - train roc_auc, 0.9105
2025-10-02 17:16:23,992 - root - INFO - validate loss: 0.3662
2025-10-02 17:16:23,992 - root - INFO - validate average_precision, 0.8902
2025-10-02 17:16:23,992 - root - INFO - validate roc_auc, 0.9127
2025-10-02 17:16:23,992 - root - INFO - new node validate loss: 0.3837
2025-10-02 17:16:23,993 - root - INFO - new node validate average_precision, 0.9043
2025-10-02 17:16:23,993 - root - INFO - new node validate roc_auc, 0.9210
2025-10-02 17:16:36,155 - root - INFO - test loss: 0.3778
2025-10-02 17:16:36,156 - root - INFO - test average_precision, 0.8643
2025-10-02 17:16:36,156 - root - INFO - best test average_precision: 0.9022
2025-10-02 17:16:36,156 - root - INFO - test roc_auc, 0.9088
2025-10-02 17:16:36,156 - root - INFO - new node test loss: 0.3220
2025-10-02 17:16:36,156 - root - INFO - new node test average_precision, 0.9222
2025-10-02 17:16:36,156 - root - INFO - new node test roc_auc, 0.9394
2025-10-02 17:18:01,032 - root - INFO - Epoch: 99, learning rate: 0.0001, train loss: 0.3648
2025-10-02 17:18:01,034 - root - INFO - train average_precision, 0.8873
2025-10-02 17:18:01,035 - root - INFO - train roc_auc, 0.9102
2025-10-02 17:18:01,035 - root - INFO - validate loss: 0.3651
2025-10-02 17:18:01,035 - root - INFO - validate average_precision, 0.8897
2025-10-02 17:18:01,035 - root - INFO - validate roc_auc, 0.9129
2025-10-02 17:18:01,035 - root - INFO - new node validate loss: 0.3870
2025-10-02 17:18:01,035 - root - INFO - new node validate average_precision, 0.9040
2025-10-02 17:18:01,035 - root - INFO - new node validate roc_auc, 0.9199
2025-10-02 17:18:13,278 - root - INFO - test loss: 0.3493
2025-10-02 17:18:13,278 - root - INFO - test average_precision, 0.8990
2025-10-02 17:18:13,278 - root - INFO - best test average_precision: 0.9022
2025-10-02 17:18:13,278 - root - INFO - test roc_auc, 0.9212
2025-10-02 17:18:13,278 - root - INFO - new node test loss: 0.3209
2025-10-02 17:18:13,278 - root - INFO - new node test average_precision, 0.9144
2025-10-02 17:18:13,278 - root - INFO - new node test roc_auc, 0.9363
2025-10-02 17:19:37,700 - root - INFO - Epoch: 100, learning rate: 0.0001, train loss: 0.3649
2025-10-02 17:19:37,701 - root - INFO - train average_precision, 0.8873
2025-10-02 17:19:37,702 - root - INFO - train roc_auc, 0.9103
2025-10-02 17:19:37,702 - root - INFO - validate loss: 0.3853
2025-10-02 17:19:37,702 - root - INFO - validate average_precision, 0.8671
2025-10-02 17:19:37,702 - root - INFO - validate roc_auc, 0.9049
2025-10-02 17:19:37,702 - root - INFO - new node validate loss: 0.3673
2025-10-02 17:19:37,702 - root - INFO - new node validate average_precision, 0.9097
2025-10-02 17:19:37,702 - root - INFO - new node validate roc_auc, 0.9254
2025-10-02 17:19:49,938 - root - INFO - test loss: 0.6159
2025-10-02 17:19:49,939 - root - INFO - test average_precision, 0.8511
2025-10-02 17:19:49,939 - root - INFO - best test average_precision: 0.9022
2025-10-02 17:19:49,939 - root - INFO - test roc_auc, 0.9082
2025-10-02 17:19:49,939 - root - INFO - new node test loss: 0.3639
2025-10-02 17:19:49,939 - root - INFO - new node test average_precision, 0.9035
2025-10-02 17:19:49,939 - root - INFO - new node test roc_auc, 0.9254
2025-10-02 17:19:49,940 - root - INFO - load model ./saved_models/JODIE/SocialEvo/JODIE_kan_mammote_seed0/JODIE_kan_mammote_seed0.pkl
2025-10-02 17:19:50,002 - root - INFO - get final performance on dataset SocialEvo...
2025-10-02 17:20:02,257 - root - INFO - test loss: 0.3619
2025-10-02 17:20:02,257 - root - INFO - test average_precision, 0.8892
2025-10-02 17:20:02,257 - root - INFO - test roc_auc, 0.9154
2025-10-02 17:20:02,257 - root - INFO - new node test loss: 0.3487
2025-10-02 17:20:02,257 - root - INFO - new node test average_precision, 0.9057
2025-10-02 17:20:02,257 - root - INFO - new node test roc_auc, 0.9273
2025-10-02 17:20:02,257 - root - INFO - Run 1 cost 9689.96 seconds.
2025-10-02 17:20:02,265 - root - INFO - metrics over 1 runs:
2025-10-02 17:20:02,265 - root - INFO - test average_precision, [np.float64(0.8891820387395198)]
2025-10-02 17:20:02,265 - root - INFO - average test average_precision, 0.8892 ± nan
2025-10-02 17:20:02,265 - root - INFO - test roc_auc, [np.float64(0.9154343020828172)]
2025-10-02 17:20:02,266 - root - INFO - average test roc_auc, 0.9154 ± nan
2025-10-02 17:20:02,266 - root - INFO - new node test average_precision, [np.float64(0.9056960749193659)]
2025-10-02 17:20:02,266 - root - INFO - average new node test average_precision, 0.9057 ± nan
2025-10-02 17:20:02,266 - root - INFO - new node test roc_auc, [np.float64(0.9272715836716776)]
2025-10-02 17:20:02,266 - root - INFO - average new node test roc_auc, 0.9273 ± nan
