2025-09-30 23:41:58,258 - root - INFO - ********** Run 3 starts. **********
2025-09-30 23:41:58,258 - root - INFO - configuration is Namespace(dataset_name='SocialEvo', batch_size=200, model_name='JODIE', gpu=0, num_neighbors=10, sample_neighbor_strategy='uniform', time_scaling_factor=1e-06, num_walk_heads=8, num_heads=2, num_layers=1, walk_length=1, time_gap=2000, time_feat_dim=128, position_feat_dim=172, time_window_mode='fixed_proportion', time_encoder_type='lete', expert_dim=64, num_mixtures=4, patch_size=1, channel_embedding_dim=50, max_input_sequence_length=32, learning_rate=0.0001, dropout=0.1, gamma=0.5, num_epochs=100, optimizer='Adam', weight_decay=0.0, patience=20, val_ratio=0.15, test_ratio=0.15, num_runs=5, test_interval_epochs=1, negative_sample_strategy='random', max_interaction_times=10, load_best_configs=True, device='cuda:0', seed=2, save_model_name='JODIE_seed2')
2025-09-30 23:41:58,260 - root - INFO - time encoder type: lete
2025-09-30 23:42:00,036 - root - INFO - model -> Sequential(
  (0): MemoryModel(
    (time_encoder): TimeEncoder(
      (w): Linear(in_features=1, out_features=128, bias=True)
    )
    (message_aggregator): MessageAggregator()
    (memory_bank): MemoryBank(num_nodes=75, memory_dim=172)
    (memory_updater): RNNMemoryUpdater(
      (memory_bank): MemoryBank(num_nodes=75, memory_dim=172)
      (memory_updater): RNNCell(644, 172)
    )
    (embedding_module): TimeProjectionEmbedding(
      (dropout): Dropout(p=0.1, inplace=False)
      (linear_layer): Linear(in_features=1, out_features=172, bias=True)
    )
  )
  (1): MergeLayer(
    (fc1): Linear(in_features=344, out_features=172, bias=True)
    (fc2): Linear(in_features=172, out_features=1, bias=True)
    (act): ReLU()
  )
)
2025-09-30 23:42:00,036 - root - INFO - model name: JODIE, #parameters: 803236 B, 784.41015625 KB, 0.7660255432128906 MB.
2025-09-30 23:43:21,328 - root - INFO - Epoch: 1, learning rate: 0.0001, train loss: 0.5148
2025-09-30 23:43:21,329 - root - INFO - train average_precision, 0.7316
2025-09-30 23:43:21,330 - root - INFO - train roc_auc, 0.7957
2025-09-30 23:43:21,330 - root - INFO - validate loss: 0.5197
2025-09-30 23:43:21,330 - root - INFO - validate average_precision, 0.7255
2025-09-30 23:43:21,331 - root - INFO - validate roc_auc, 0.7881
2025-09-30 23:43:21,331 - root - INFO - new node validate loss: 0.4980
2025-09-30 23:43:21,331 - root - INFO - new node validate average_precision, 0.8075
2025-09-30 23:43:21,331 - root - INFO - new node validate roc_auc, 0.8515
2025-09-30 23:43:33,705 - root - INFO - test loss: 0.5030
2025-09-30 23:43:33,706 - root - INFO - test average_precision, 0.7421
2025-09-30 23:43:33,706 - root - INFO - best test average_precision: 0.7421
2025-09-30 23:43:33,706 - root - INFO - test roc_auc, 0.8056
2025-09-30 23:43:33,706 - root - INFO - new node test loss: 0.5145
2025-09-30 23:43:33,706 - root - INFO - new node test average_precision, 0.8259
2025-09-30 23:43:33,706 - root - INFO - new node test roc_auc, 0.8672
2025-09-30 23:43:33,707 - root - INFO - save model ./saved_models/JODIE/SocialEvo/JODIE_seed2/JODIE_seed2.pkl
2025-09-30 23:44:54,754 - root - INFO - Epoch: 2, learning rate: 0.0001, train loss: 0.4904
2025-09-30 23:44:54,756 - root - INFO - train average_precision, 0.7694
2025-09-30 23:44:54,756 - root - INFO - train roc_auc, 0.8244
2025-09-30 23:44:54,757 - root - INFO - validate loss: 0.4748
2025-09-30 23:44:54,757 - root - INFO - validate average_precision, 0.7993
2025-09-30 23:44:54,757 - root - INFO - validate roc_auc, 0.8462
2025-09-30 23:44:54,757 - root - INFO - new node validate loss: 0.4751
2025-09-30 23:44:54,757 - root - INFO - new node validate average_precision, 0.8169
2025-09-30 23:44:54,757 - root - INFO - new node validate roc_auc, 0.8593
2025-09-30 23:45:06,938 - root - INFO - test loss: 0.4571
2025-09-30 23:45:06,938 - root - INFO - test average_precision, 0.8062
2025-09-30 23:45:06,938 - root - INFO - best test average_precision: 0.8062
2025-09-30 23:45:06,939 - root - INFO - test roc_auc, 0.8544
2025-09-30 23:45:06,939 - root - INFO - new node test loss: 0.4654
2025-09-30 23:45:06,939 - root - INFO - new node test average_precision, 0.8378
2025-09-30 23:45:06,939 - root - INFO - new node test roc_auc, 0.8773
2025-09-30 23:45:06,939 - root - INFO - save model ./saved_models/JODIE/SocialEvo/JODIE_seed2/JODIE_seed2.pkl
2025-09-30 23:46:28,038 - root - INFO - Epoch: 3, learning rate: 0.0001, train loss: 0.4757
2025-09-30 23:46:28,040 - root - INFO - train average_precision, 0.7899
2025-09-30 23:46:28,040 - root - INFO - train roc_auc, 0.8402
2025-09-30 23:46:28,041 - root - INFO - validate loss: 0.4784
2025-09-30 23:46:28,041 - root - INFO - validate average_precision, 0.8148
2025-09-30 23:46:28,041 - root - INFO - validate roc_auc, 0.8561
2025-09-30 23:46:28,041 - root - INFO - new node validate loss: 0.4606
2025-09-30 23:46:28,041 - root - INFO - new node validate average_precision, 0.8548
2025-09-30 23:46:28,041 - root - INFO - new node validate roc_auc, 0.8833
2025-09-30 23:46:40,188 - root - INFO - test loss: 0.4601
2025-09-30 23:46:40,189 - root - INFO - test average_precision, 0.8257
2025-09-30 23:46:40,189 - root - INFO - best test average_precision: 0.8257
2025-09-30 23:46:40,189 - root - INFO - test roc_auc, 0.8675
2025-09-30 23:46:40,189 - root - INFO - new node test loss: 0.4578
2025-09-30 23:46:40,189 - root - INFO - new node test average_precision, 0.8699
2025-09-30 23:46:40,189 - root - INFO - new node test roc_auc, 0.8976
2025-09-30 23:46:40,190 - root - INFO - save model ./saved_models/JODIE/SocialEvo/JODIE_seed2/JODIE_seed2.pkl
2025-09-30 23:48:01,236 - root - INFO - Epoch: 4, learning rate: 0.0001, train loss: 0.4560
2025-09-30 23:48:01,237 - root - INFO - train average_precision, 0.8164
2025-09-30 23:48:01,238 - root - INFO - train roc_auc, 0.8583
2025-09-30 23:48:01,238 - root - INFO - validate loss: 0.5182
2025-09-30 23:48:01,238 - root - INFO - validate average_precision, 0.8022
2025-09-30 23:48:01,238 - root - INFO - validate roc_auc, 0.8470
2025-09-30 23:48:01,238 - root - INFO - new node validate loss: 0.4093
2025-09-30 23:48:01,239 - root - INFO - new node validate average_precision, 0.8970
2025-09-30 23:48:01,239 - root - INFO - new node validate roc_auc, 0.9158
2025-09-30 23:48:13,401 - root - INFO - test loss: 0.4958
2025-09-30 23:48:13,401 - root - INFO - test average_precision, 0.8207
2025-09-30 23:48:13,402 - root - INFO - best test average_precision: 0.8257
2025-09-30 23:48:13,402 - root - INFO - test roc_auc, 0.8631
2025-09-30 23:48:13,402 - root - INFO - new node test loss: 0.4053
2025-09-30 23:48:13,402 - root - INFO - new node test average_precision, 0.9081
2025-09-30 23:48:13,402 - root - INFO - new node test roc_auc, 0.9255
2025-09-30 23:49:34,873 - root - INFO - Epoch: 5, learning rate: 0.0001, train loss: 0.4452
2025-09-30 23:49:34,875 - root - INFO - train average_precision, 0.8265
2025-09-30 23:49:34,875 - root - INFO - train roc_auc, 0.8645
2025-09-30 23:49:34,876 - root - INFO - validate loss: 0.4795
2025-09-30 23:49:34,876 - root - INFO - validate average_precision, 0.8067
2025-09-30 23:49:34,876 - root - INFO - validate roc_auc, 0.8467
2025-09-30 23:49:34,876 - root - INFO - new node validate loss: 0.3907
2025-09-30 23:49:34,876 - root - INFO - new node validate average_precision, 0.8932
2025-09-30 23:49:34,876 - root - INFO - new node validate roc_auc, 0.9143
2025-09-30 23:49:47,120 - root - INFO - test loss: 0.4584
2025-09-30 23:49:47,120 - root - INFO - test average_precision, 0.8289
2025-09-30 23:49:47,121 - root - INFO - best test average_precision: 0.8289
2025-09-30 23:49:47,121 - root - INFO - test roc_auc, 0.8651
2025-09-30 23:49:47,121 - root - INFO - new node test loss: 0.3859
2025-09-30 23:49:47,121 - root - INFO - new node test average_precision, 0.9023
2025-09-30 23:49:47,121 - root - INFO - new node test roc_auc, 0.9236
2025-09-30 23:51:08,434 - root - INFO - Epoch: 6, learning rate: 0.0001, train loss: 0.4420
2025-09-30 23:51:08,435 - root - INFO - train average_precision, 0.8291
2025-09-30 23:51:08,436 - root - INFO - train roc_auc, 0.8661
2025-09-30 23:51:08,436 - root - INFO - validate loss: 0.5160
2025-09-30 23:51:08,436 - root - INFO - validate average_precision, 0.7423
2025-09-30 23:51:08,437 - root - INFO - validate roc_auc, 0.8006
2025-09-30 23:51:08,437 - root - INFO - new node validate loss: 0.4297
2025-09-30 23:51:08,437 - root - INFO - new node validate average_precision, 0.8705
2025-09-30 23:51:08,437 - root - INFO - new node validate roc_auc, 0.8983
2025-09-30 23:51:20,702 - root - INFO - test loss: 0.4911
2025-09-30 23:51:20,702 - root - INFO - test average_precision, 0.7650
2025-09-30 23:51:20,702 - root - INFO - best test average_precision: 0.8289
2025-09-30 23:51:20,702 - root - INFO - test roc_auc, 0.8191
2025-09-30 23:51:20,702 - root - INFO - new node test loss: 0.4092
2025-09-30 23:51:20,703 - root - INFO - new node test average_precision, 0.8937
2025-09-30 23:51:20,703 - root - INFO - new node test roc_auc, 0.9183
2025-09-30 23:52:41,959 - root - INFO - Epoch: 7, learning rate: 0.0001, train loss: 0.4369
2025-09-30 23:52:41,961 - root - INFO - train average_precision, 0.8325
2025-09-30 23:52:41,961 - root - INFO - train roc_auc, 0.8689
2025-09-30 23:52:41,961 - root - INFO - validate loss: 0.5214
2025-09-30 23:52:41,962 - root - INFO - validate average_precision, 0.7720
2025-09-30 23:52:41,962 - root - INFO - validate roc_auc, 0.8238
2025-09-30 23:52:41,962 - root - INFO - new node validate loss: 0.4281
2025-09-30 23:52:41,962 - root - INFO - new node validate average_precision, 0.8663
2025-09-30 23:52:41,962 - root - INFO - new node validate roc_auc, 0.8947
2025-09-30 23:52:54,259 - root - INFO - test loss: 0.4916
2025-09-30 23:52:54,260 - root - INFO - test average_precision, 0.7912
2025-09-30 23:52:54,260 - root - INFO - best test average_precision: 0.8289
2025-09-30 23:52:54,260 - root - INFO - test roc_auc, 0.8402
2025-09-30 23:52:54,260 - root - INFO - new node test loss: 0.3938
2025-09-30 23:52:54,260 - root - INFO - new node test average_precision, 0.8961
2025-09-30 23:52:54,260 - root - INFO - new node test roc_auc, 0.9198
2025-09-30 23:54:15,517 - root - INFO - Epoch: 8, learning rate: 0.0001, train loss: 0.4283
2025-09-30 23:54:15,519 - root - INFO - train average_precision, 0.8385
2025-09-30 23:54:15,519 - root - INFO - train roc_auc, 0.8740
2025-09-30 23:54:15,520 - root - INFO - validate loss: 0.5334
2025-09-30 23:54:15,520 - root - INFO - validate average_precision, 0.7807
2025-09-30 23:54:15,520 - root - INFO - validate roc_auc, 0.8275
2025-09-30 23:54:15,520 - root - INFO - new node validate loss: 0.3967
2025-09-30 23:54:15,520 - root - INFO - new node validate average_precision, 0.8923
2025-09-30 23:54:15,520 - root - INFO - new node validate roc_auc, 0.9130
2025-09-30 23:54:27,791 - root - INFO - test loss: 0.4990
2025-09-30 23:54:27,791 - root - INFO - test average_precision, 0.7989
2025-09-30 23:54:27,791 - root - INFO - best test average_precision: 0.8289
2025-09-30 23:54:27,791 - root - INFO - test roc_auc, 0.8443
2025-09-30 23:54:27,792 - root - INFO - new node test loss: 0.3945
2025-09-30 23:54:27,792 - root - INFO - new node test average_precision, 0.8954
2025-09-30 23:54:27,792 - root - INFO - new node test roc_auc, 0.9183
2025-09-30 23:55:51,060 - root - INFO - Epoch: 9, learning rate: 0.0001, train loss: 0.4268
2025-09-30 23:55:51,062 - root - INFO - train average_precision, 0.8413
2025-09-30 23:55:51,063 - root - INFO - train roc_auc, 0.8755
2025-09-30 23:55:51,063 - root - INFO - validate loss: 0.4478
2025-09-30 23:55:51,063 - root - INFO - validate average_precision, 0.8305
2025-09-30 23:55:51,063 - root - INFO - validate roc_auc, 0.8625
2025-09-30 23:55:51,063 - root - INFO - new node validate loss: 0.4132
2025-09-30 23:55:51,063 - root - INFO - new node validate average_precision, 0.8742
2025-09-30 23:55:51,063 - root - INFO - new node validate roc_auc, 0.8997
2025-09-30 23:56:03,250 - root - INFO - test loss: 0.4197
2025-09-30 23:56:03,251 - root - INFO - test average_precision, 0.8489
2025-09-30 23:56:03,251 - root - INFO - best test average_precision: 0.8489
2025-09-30 23:56:03,251 - root - INFO - test roc_auc, 0.8793
2025-09-30 23:56:03,251 - root - INFO - new node test loss: 0.3766
2025-09-30 23:56:03,251 - root - INFO - new node test average_precision, 0.9000
2025-09-30 23:56:03,252 - root - INFO - new node test roc_auc, 0.9225
2025-09-30 23:56:03,252 - root - INFO - save model ./saved_models/JODIE/SocialEvo/JODIE_seed2/JODIE_seed2.pkl
2025-09-30 23:57:27,465 - root - INFO - Epoch: 10, learning rate: 0.0001, train loss: 0.4188
2025-09-30 23:57:27,467 - root - INFO - train average_precision, 0.8492
2025-09-30 23:57:27,468 - root - INFO - train roc_auc, 0.8814
2025-09-30 23:57:27,468 - root - INFO - validate loss: 0.5403
2025-09-30 23:57:27,468 - root - INFO - validate average_precision, 0.7439
2025-09-30 23:57:27,468 - root - INFO - validate roc_auc, 0.8047
2025-09-30 23:57:27,468 - root - INFO - new node validate loss: 0.4035
2025-09-30 23:57:27,468 - root - INFO - new node validate average_precision, 0.8814
2025-09-30 23:57:27,468 - root - INFO - new node validate roc_auc, 0.9049
2025-09-30 23:57:39,894 - root - INFO - test loss: 0.5102
2025-09-30 23:57:39,895 - root - INFO - test average_precision, 0.7612
2025-09-30 23:57:39,895 - root - INFO - best test average_precision: 0.8489
2025-09-30 23:57:39,895 - root - INFO - test roc_auc, 0.8203
2025-09-30 23:57:39,895 - root - INFO - new node test loss: 0.3761
2025-09-30 23:57:39,895 - root - INFO - new node test average_precision, 0.9022
2025-09-30 23:57:39,895 - root - INFO - new node test roc_auc, 0.9235
2025-09-30 23:59:03,957 - root - INFO - Epoch: 11, learning rate: 0.0001, train loss: 0.4169
2025-09-30 23:59:03,958 - root - INFO - train average_precision, 0.8521
2025-09-30 23:59:03,959 - root - INFO - train roc_auc, 0.8828
2025-09-30 23:59:03,959 - root - INFO - validate loss: 0.4329
2025-09-30 23:59:03,960 - root - INFO - validate average_precision, 0.8479
2025-09-30 23:59:03,960 - root - INFO - validate roc_auc, 0.8773
2025-09-30 23:59:03,960 - root - INFO - new node validate loss: 0.3658
2025-09-30 23:59:03,960 - root - INFO - new node validate average_precision, 0.9022
2025-09-30 23:59:03,960 - root - INFO - new node validate roc_auc, 0.9201
2025-09-30 23:59:16,175 - root - INFO - test loss: 0.4023
2025-09-30 23:59:16,175 - root - INFO - test average_precision, 0.8665
2025-09-30 23:59:16,175 - root - INFO - best test average_precision: 0.8665
2025-09-30 23:59:16,175 - root - INFO - test roc_auc, 0.8938
2025-09-30 23:59:16,175 - root - INFO - new node test loss: 0.3538
2025-09-30 23:59:16,176 - root - INFO - new node test average_precision, 0.9095
2025-09-30 23:59:16,176 - root - INFO - new node test roc_auc, 0.9293
2025-09-30 23:59:16,176 - root - INFO - save model ./saved_models/JODIE/SocialEvo/JODIE_seed2/JODIE_seed2.pkl
2025-10-01 00:00:40,584 - root - INFO - Epoch: 12, learning rate: 0.0001, train loss: 0.4080
2025-10-01 00:00:40,585 - root - INFO - train average_precision, 0.8583
2025-10-01 00:00:40,586 - root - INFO - train roc_auc, 0.8878
2025-10-01 00:00:40,586 - root - INFO - validate loss: 0.4571
2025-10-01 00:00:40,586 - root - INFO - validate average_precision, 0.8589
2025-10-01 00:00:40,587 - root - INFO - validate roc_auc, 0.8867
2025-10-01 00:00:40,587 - root - INFO - new node validate loss: 0.3788
2025-10-01 00:00:40,587 - root - INFO - new node validate average_precision, 0.8842
2025-10-01 00:00:40,587 - root - INFO - new node validate roc_auc, 0.9133
2025-10-01 00:00:52,895 - root - INFO - test loss: 0.4425
2025-10-01 00:00:52,896 - root - INFO - test average_precision, 0.8719
2025-10-01 00:00:52,896 - root - INFO - best test average_precision: 0.8719
2025-10-01 00:00:52,896 - root - INFO - test roc_auc, 0.8977
2025-10-01 00:00:52,896 - root - INFO - new node test loss: 0.3670
2025-10-01 00:00:52,896 - root - INFO - new node test average_precision, 0.8964
2025-10-01 00:00:52,897 - root - INFO - new node test roc_auc, 0.9234
2025-10-01 00:00:52,897 - root - INFO - save model ./saved_models/JODIE/SocialEvo/JODIE_seed2/JODIE_seed2.pkl
2025-10-01 00:02:17,268 - root - INFO - Epoch: 13, learning rate: 0.0001, train loss: 0.4063
2025-10-01 00:02:17,269 - root - INFO - train average_precision, 0.8609
2025-10-01 00:02:17,270 - root - INFO - train roc_auc, 0.8893
2025-10-01 00:02:17,270 - root - INFO - validate loss: 0.4271
2025-10-01 00:02:17,270 - root - INFO - validate average_precision, 0.8574
2025-10-01 00:02:17,270 - root - INFO - validate roc_auc, 0.8842
2025-10-01 00:02:17,271 - root - INFO - new node validate loss: 0.3632
2025-10-01 00:02:17,271 - root - INFO - new node validate average_precision, 0.9056
2025-10-01 00:02:17,271 - root - INFO - new node validate roc_auc, 0.9226
2025-10-01 00:02:29,520 - root - INFO - test loss: 0.4014
2025-10-01 00:02:29,520 - root - INFO - test average_precision, 0.8726
2025-10-01 00:02:29,520 - root - INFO - best test average_precision: 0.8726
2025-10-01 00:02:29,521 - root - INFO - test roc_auc, 0.8979
2025-10-01 00:02:29,521 - root - INFO - new node test loss: 0.3515
2025-10-01 00:02:29,521 - root - INFO - new node test average_precision, 0.9138
2025-10-01 00:02:29,521 - root - INFO - new node test roc_auc, 0.9318
2025-10-01 00:03:53,491 - root - INFO - Epoch: 14, learning rate: 0.0001, train loss: 0.4064
2025-10-01 00:03:53,492 - root - INFO - train average_precision, 0.8606
2025-10-01 00:03:53,493 - root - INFO - train roc_auc, 0.8890
2025-10-01 00:03:53,493 - root - INFO - validate loss: 0.4163
2025-10-01 00:03:53,493 - root - INFO - validate average_precision, 0.8598
2025-10-01 00:03:53,493 - root - INFO - validate roc_auc, 0.8870
2025-10-01 00:03:53,493 - root - INFO - new node validate loss: 0.3672
2025-10-01 00:03:53,493 - root - INFO - new node validate average_precision, 0.8887
2025-10-01 00:03:53,493 - root - INFO - new node validate roc_auc, 0.9171
2025-10-01 00:04:05,696 - root - INFO - test loss: 0.3911
2025-10-01 00:04:05,696 - root - INFO - test average_precision, 0.8739
2025-10-01 00:04:05,697 - root - INFO - best test average_precision: 0.8739
2025-10-01 00:04:05,697 - root - INFO - test roc_auc, 0.8994
2025-10-01 00:04:05,697 - root - INFO - new node test loss: 0.3603
2025-10-01 00:04:05,697 - root - INFO - new node test average_precision, 0.9055
2025-10-01 00:04:05,697 - root - INFO - new node test roc_auc, 0.9253
2025-10-01 00:04:05,697 - root - INFO - save model ./saved_models/JODIE/SocialEvo/JODIE_seed2/JODIE_seed2.pkl
2025-10-01 00:05:29,949 - root - INFO - Epoch: 15, learning rate: 0.0001, train loss: 0.4010
2025-10-01 00:05:29,951 - root - INFO - train average_precision, 0.8647
2025-10-01 00:05:29,952 - root - INFO - train roc_auc, 0.8921
2025-10-01 00:05:29,952 - root - INFO - validate loss: 0.4145
2025-10-01 00:05:29,952 - root - INFO - validate average_precision, 0.8662
2025-10-01 00:05:29,952 - root - INFO - validate roc_auc, 0.8927
2025-10-01 00:05:29,952 - root - INFO - new node validate loss: 0.3673
2025-10-01 00:05:29,952 - root - INFO - new node validate average_precision, 0.8957
2025-10-01 00:05:29,952 - root - INFO - new node validate roc_auc, 0.9185
2025-10-01 00:05:42,178 - root - INFO - test loss: 0.3949
2025-10-01 00:05:42,178 - root - INFO - test average_precision, 0.8798
2025-10-01 00:05:42,179 - root - INFO - best test average_precision: 0.8798
2025-10-01 00:05:42,179 - root - INFO - test roc_auc, 0.9040
2025-10-01 00:05:42,179 - root - INFO - new node test loss: 0.3619
2025-10-01 00:05:42,179 - root - INFO - new node test average_precision, 0.9055
2025-10-01 00:05:42,179 - root - INFO - new node test roc_auc, 0.9280
2025-10-01 00:05:42,180 - root - INFO - save model ./saved_models/JODIE/SocialEvo/JODIE_seed2/JODIE_seed2.pkl
2025-10-01 00:07:06,965 - root - INFO - Epoch: 16, learning rate: 0.0001, train loss: 0.3987
2025-10-01 00:07:06,967 - root - INFO - train average_precision, 0.8664
2025-10-01 00:07:06,967 - root - INFO - train roc_auc, 0.8934
2025-10-01 00:07:06,967 - root - INFO - validate loss: 0.4037
2025-10-01 00:07:06,968 - root - INFO - validate average_precision, 0.8679
2025-10-01 00:07:06,968 - root - INFO - validate roc_auc, 0.8945
2025-10-01 00:07:06,968 - root - INFO - new node validate loss: 0.3913
2025-10-01 00:07:06,968 - root - INFO - new node validate average_precision, 0.8732
2025-10-01 00:07:06,968 - root - INFO - new node validate roc_auc, 0.9044
2025-10-01 00:07:19,235 - root - INFO - test loss: 0.3793
2025-10-01 00:07:19,235 - root - INFO - test average_precision, 0.8821
2025-10-01 00:07:19,236 - root - INFO - best test average_precision: 0.8821
2025-10-01 00:07:19,236 - root - INFO - test roc_auc, 0.9062
2025-10-01 00:07:19,236 - root - INFO - new node test loss: 0.3652
2025-10-01 00:07:19,236 - root - INFO - new node test average_precision, 0.8895
2025-10-01 00:07:19,236 - root - INFO - new node test roc_auc, 0.9205
2025-10-01 00:07:19,237 - root - INFO - save model ./saved_models/JODIE/SocialEvo/JODIE_seed2/JODIE_seed2.pkl
2025-10-01 00:08:43,529 - root - INFO - Epoch: 17, learning rate: 0.0001, train loss: 0.3991
2025-10-01 00:08:43,531 - root - INFO - train average_precision, 0.8673
2025-10-01 00:08:43,531 - root - INFO - train roc_auc, 0.8940
2025-10-01 00:08:43,532 - root - INFO - validate loss: 0.4035
2025-10-01 00:08:43,532 - root - INFO - validate average_precision, 0.8702
2025-10-01 00:08:43,532 - root - INFO - validate roc_auc, 0.8959
2025-10-01 00:08:43,532 - root - INFO - new node validate loss: 0.3588
2025-10-01 00:08:43,532 - root - INFO - new node validate average_precision, 0.9070
2025-10-01 00:08:43,532 - root - INFO - new node validate roc_auc, 0.9223
2025-10-01 00:08:55,765 - root - INFO - test loss: 0.3799
2025-10-01 00:08:55,765 - root - INFO - test average_precision, 0.8837
2025-10-01 00:08:55,766 - root - INFO - best test average_precision: 0.8837
2025-10-01 00:08:55,766 - root - INFO - test roc_auc, 0.9073
2025-10-01 00:08:55,766 - root - INFO - new node test loss: 0.3613
2025-10-01 00:08:55,766 - root - INFO - new node test average_precision, 0.8975
2025-10-01 00:08:55,766 - root - INFO - new node test roc_auc, 0.9233
2025-10-01 00:08:55,766 - root - INFO - save model ./saved_models/JODIE/SocialEvo/JODIE_seed2/JODIE_seed2.pkl
2025-10-01 00:10:20,102 - root - INFO - Epoch: 18, learning rate: 0.0001, train loss: 0.3961
2025-10-01 00:10:20,104 - root - INFO - train average_precision, 0.8695
2025-10-01 00:10:20,104 - root - INFO - train roc_auc, 0.8953
2025-10-01 00:10:20,104 - root - INFO - validate loss: 0.4053
2025-10-01 00:10:20,105 - root - INFO - validate average_precision, 0.8686
2025-10-01 00:10:20,105 - root - INFO - validate roc_auc, 0.8943
2025-10-01 00:10:20,105 - root - INFO - new node validate loss: 0.3716
2025-10-01 00:10:20,105 - root - INFO - new node validate average_precision, 0.8898
2025-10-01 00:10:20,105 - root - INFO - new node validate roc_auc, 0.9144
2025-10-01 00:10:32,384 - root - INFO - test loss: 0.3799
2025-10-01 00:10:32,385 - root - INFO - test average_precision, 0.8821
2025-10-01 00:10:32,385 - root - INFO - best test average_precision: 0.8837
2025-10-01 00:10:32,385 - root - INFO - test roc_auc, 0.9063
2025-10-01 00:10:32,385 - root - INFO - new node test loss: 0.3523
2025-10-01 00:10:32,385 - root - INFO - new node test average_precision, 0.9012
2025-10-01 00:10:32,385 - root - INFO - new node test roc_auc, 0.9258
2025-10-01 00:11:56,407 - root - INFO - Epoch: 19, learning rate: 0.0001, train loss: 0.3940
2025-10-01 00:11:56,409 - root - INFO - train average_precision, 0.8706
2025-10-01 00:11:56,410 - root - INFO - train roc_auc, 0.8966
2025-10-01 00:11:56,410 - root - INFO - validate loss: 0.3945
2025-10-01 00:11:56,410 - root - INFO - validate average_precision, 0.8741
2025-10-01 00:11:56,410 - root - INFO - validate roc_auc, 0.8990
2025-10-01 00:11:56,410 - root - INFO - new node validate loss: 0.3687
2025-10-01 00:11:56,410 - root - INFO - new node validate average_precision, 0.8879
2025-10-01 00:11:56,410 - root - INFO - new node validate roc_auc, 0.9144
2025-10-01 00:12:08,575 - root - INFO - test loss: 0.3661
2025-10-01 00:12:08,576 - root - INFO - test average_precision, 0.8899
2025-10-01 00:12:08,576 - root - INFO - best test average_precision: 0.8899
2025-10-01 00:12:08,576 - root - INFO - test roc_auc, 0.9124
2025-10-01 00:12:08,576 - root - INFO - new node test loss: 0.3455
2025-10-01 00:12:08,576 - root - INFO - new node test average_precision, 0.9047
2025-10-01 00:12:08,576 - root - INFO - new node test roc_auc, 0.9288
2025-10-01 00:12:08,577 - root - INFO - save model ./saved_models/JODIE/SocialEvo/JODIE_seed2/JODIE_seed2.pkl
2025-10-01 00:13:32,818 - root - INFO - Epoch: 20, learning rate: 0.0001, train loss: 0.3937
2025-10-01 00:13:32,820 - root - INFO - train average_precision, 0.8708
2025-10-01 00:13:32,821 - root - INFO - train roc_auc, 0.8965
2025-10-01 00:13:32,821 - root - INFO - validate loss: 0.4113
2025-10-01 00:13:32,821 - root - INFO - validate average_precision, 0.8709
2025-10-01 00:13:32,821 - root - INFO - validate roc_auc, 0.8966
2025-10-01 00:13:32,821 - root - INFO - new node validate loss: 0.3667
2025-10-01 00:13:32,821 - root - INFO - new node validate average_precision, 0.9082
2025-10-01 00:13:32,821 - root - INFO - new node validate roc_auc, 0.9233
2025-10-01 00:13:45,051 - root - INFO - test loss: 0.3794
2025-10-01 00:13:45,051 - root - INFO - test average_precision, 0.8852
2025-10-01 00:13:45,052 - root - INFO - best test average_precision: 0.8899
2025-10-01 00:13:45,052 - root - INFO - test roc_auc, 0.9088
2025-10-01 00:13:45,052 - root - INFO - new node test loss: 0.3507
2025-10-01 00:13:45,052 - root - INFO - new node test average_precision, 0.9089
2025-10-01 00:13:45,052 - root - INFO - new node test roc_auc, 0.9305
2025-10-01 00:15:09,361 - root - INFO - Epoch: 21, learning rate: 0.0001, train loss: 0.3925
2025-10-01 00:15:09,362 - root - INFO - train average_precision, 0.8707
2025-10-01 00:15:09,363 - root - INFO - train roc_auc, 0.8967
2025-10-01 00:15:09,363 - root - INFO - validate loss: 0.4175
2025-10-01 00:15:09,363 - root - INFO - validate average_precision, 0.8671
2025-10-01 00:15:09,364 - root - INFO - validate roc_auc, 0.8932
2025-10-01 00:15:09,364 - root - INFO - new node validate loss: 0.3846
2025-10-01 00:15:09,364 - root - INFO - new node validate average_precision, 0.9054
2025-10-01 00:15:09,364 - root - INFO - new node validate roc_auc, 0.9198
2025-10-01 00:15:21,775 - root - INFO - test loss: 0.3800
2025-10-01 00:15:21,775 - root - INFO - test average_precision, 0.8840
2025-10-01 00:15:21,775 - root - INFO - best test average_precision: 0.8899
2025-10-01 00:15:21,776 - root - INFO - test roc_auc, 0.9078
2025-10-01 00:15:21,776 - root - INFO - new node test loss: 0.3639
2025-10-01 00:15:21,776 - root - INFO - new node test average_precision, 0.9123
2025-10-01 00:15:21,776 - root - INFO - new node test roc_auc, 0.9290
2025-10-01 00:16:45,828 - root - INFO - Epoch: 22, learning rate: 0.0001, train loss: 0.3926
2025-10-01 00:16:45,830 - root - INFO - train average_precision, 0.8712
2025-10-01 00:16:45,831 - root - INFO - train roc_auc, 0.8972
2025-10-01 00:16:45,831 - root - INFO - validate loss: 0.3907
2025-10-01 00:16:45,831 - root - INFO - validate average_precision, 0.8755
2025-10-01 00:16:45,831 - root - INFO - validate roc_auc, 0.9003
2025-10-01 00:16:45,831 - root - INFO - new node validate loss: 0.3663
2025-10-01 00:16:45,831 - root - INFO - new node validate average_precision, 0.9057
2025-10-01 00:16:45,831 - root - INFO - new node validate roc_auc, 0.9224
2025-10-01 00:16:58,119 - root - INFO - test loss: 0.3671
2025-10-01 00:16:58,119 - root - INFO - test average_precision, 0.8882
2025-10-01 00:16:58,119 - root - INFO - best test average_precision: 0.8899
2025-10-01 00:16:58,119 - root - INFO - test roc_auc, 0.9113
2025-10-01 00:16:58,119 - root - INFO - new node test loss: 0.3594
2025-10-01 00:16:58,120 - root - INFO - new node test average_precision, 0.9038
2025-10-01 00:16:58,120 - root - INFO - new node test roc_auc, 0.9261
2025-10-01 00:16:58,120 - root - INFO - save model ./saved_models/JODIE/SocialEvo/JODIE_seed2/JODIE_seed2.pkl
2025-10-01 00:18:22,370 - root - INFO - Epoch: 23, learning rate: 0.0001, train loss: 0.3898
2025-10-01 00:18:22,372 - root - INFO - train average_precision, 0.8727
2025-10-01 00:18:22,372 - root - INFO - train roc_auc, 0.8982
2025-10-01 00:18:22,373 - root - INFO - validate loss: 0.4041
2025-10-01 00:18:22,373 - root - INFO - validate average_precision, 0.8698
2025-10-01 00:18:22,373 - root - INFO - validate roc_auc, 0.8950
2025-10-01 00:18:22,373 - root - INFO - new node validate loss: 0.3549
2025-10-01 00:18:22,373 - root - INFO - new node validate average_precision, 0.9077
2025-10-01 00:18:22,373 - root - INFO - new node validate roc_auc, 0.9239
2025-10-01 00:18:34,543 - root - INFO - test loss: 0.3744
2025-10-01 00:18:34,544 - root - INFO - test average_precision, 0.8856
2025-10-01 00:18:34,544 - root - INFO - best test average_precision: 0.8899
2025-10-01 00:18:34,544 - root - INFO - test roc_auc, 0.9090
2025-10-01 00:18:34,544 - root - INFO - new node test loss: 0.3439
2025-10-01 00:18:34,544 - root - INFO - new node test average_precision, 0.9163
2025-10-01 00:18:34,544 - root - INFO - new node test roc_auc, 0.9339
2025-10-01 00:19:58,965 - root - INFO - Epoch: 24, learning rate: 0.0001, train loss: 0.3887
2025-10-01 00:19:58,966 - root - INFO - train average_precision, 0.8739
2025-10-01 00:19:58,967 - root - INFO - train roc_auc, 0.8991
2025-10-01 00:19:58,967 - root - INFO - validate loss: 0.3949
2025-10-01 00:19:58,967 - root - INFO - validate average_precision, 0.8755
2025-10-01 00:19:58,967 - root - INFO - validate roc_auc, 0.9005
2025-10-01 00:19:58,968 - root - INFO - new node validate loss: 0.3769
2025-10-01 00:19:58,968 - root - INFO - new node validate average_precision, 0.8967
2025-10-01 00:19:58,968 - root - INFO - new node validate roc_auc, 0.9167
2025-10-01 00:20:11,155 - root - INFO - test loss: 0.3706
2025-10-01 00:20:11,155 - root - INFO - test average_precision, 0.8904
2025-10-01 00:20:11,155 - root - INFO - best test average_precision: 0.8904
2025-10-01 00:20:11,155 - root - INFO - test roc_auc, 0.9131
2025-10-01 00:20:11,155 - root - INFO - new node test loss: 0.3646
2025-10-01 00:20:11,156 - root - INFO - new node test average_precision, 0.8993
2025-10-01 00:20:11,156 - root - INFO - new node test roc_auc, 0.9240
2025-10-01 00:20:11,156 - root - INFO - save model ./saved_models/JODIE/SocialEvo/JODIE_seed2/JODIE_seed2.pkl
2025-10-01 00:21:35,487 - root - INFO - Epoch: 25, learning rate: 0.0001, train loss: 0.3874
2025-10-01 00:21:35,488 - root - INFO - train average_precision, 0.8747
2025-10-01 00:21:35,489 - root - INFO - train roc_auc, 0.8998
2025-10-01 00:21:35,489 - root - INFO - validate loss: 0.3903
2025-10-01 00:21:35,489 - root - INFO - validate average_precision, 0.8771
2025-10-01 00:21:35,490 - root - INFO - validate roc_auc, 0.9013
2025-10-01 00:21:35,490 - root - INFO - new node validate loss: 0.3565
2025-10-01 00:21:35,490 - root - INFO - new node validate average_precision, 0.9098
2025-10-01 00:21:35,490 - root - INFO - new node validate roc_auc, 0.9235
2025-10-01 00:21:47,793 - root - INFO - test loss: 0.3632
2025-10-01 00:21:47,794 - root - INFO - test average_precision, 0.8911
2025-10-01 00:21:47,794 - root - INFO - best test average_precision: 0.8911
2025-10-01 00:21:47,794 - root - INFO - test roc_auc, 0.9135
2025-10-01 00:21:47,794 - root - INFO - new node test loss: 0.3698
2025-10-01 00:21:47,794 - root - INFO - new node test average_precision, 0.9054
2025-10-01 00:21:47,794 - root - INFO - new node test roc_auc, 0.9273
2025-10-01 00:21:47,795 - root - INFO - save model ./saved_models/JODIE/SocialEvo/JODIE_seed2/JODIE_seed2.pkl
2025-10-01 00:23:11,812 - root - INFO - Epoch: 26, learning rate: 0.0001, train loss: 0.3884
2025-10-01 00:23:11,814 - root - INFO - train average_precision, 0.8730
2025-10-01 00:23:11,814 - root - INFO - train roc_auc, 0.8985
2025-10-01 00:23:11,815 - root - INFO - validate loss: 0.3914
2025-10-01 00:23:11,815 - root - INFO - validate average_precision, 0.8759
2025-10-01 00:23:11,815 - root - INFO - validate roc_auc, 0.9003
2025-10-01 00:23:11,815 - root - INFO - new node validate loss: 0.3607
2025-10-01 00:23:11,815 - root - INFO - new node validate average_precision, 0.9055
2025-10-01 00:23:11,815 - root - INFO - new node validate roc_auc, 0.9210
2025-10-01 00:23:24,009 - root - INFO - test loss: 0.3630
2025-10-01 00:23:24,009 - root - INFO - test average_precision, 0.8907
2025-10-01 00:23:24,009 - root - INFO - best test average_precision: 0.8911
2025-10-01 00:23:24,010 - root - INFO - test roc_auc, 0.9130
2025-10-01 00:23:24,010 - root - INFO - new node test loss: 0.3392
2025-10-01 00:23:24,010 - root - INFO - new node test average_precision, 0.9157
2025-10-01 00:23:24,010 - root - INFO - new node test roc_auc, 0.9334
2025-10-01 00:24:48,077 - root - INFO - Epoch: 27, learning rate: 0.0001, train loss: 0.3870
2025-10-01 00:24:48,079 - root - INFO - train average_precision, 0.8747
2025-10-01 00:24:48,079 - root - INFO - train roc_auc, 0.8999
2025-10-01 00:24:48,079 - root - INFO - validate loss: 0.3929
2025-10-01 00:24:48,080 - root - INFO - validate average_precision, 0.8763
2025-10-01 00:24:48,080 - root - INFO - validate roc_auc, 0.9002
2025-10-01 00:24:48,080 - root - INFO - new node validate loss: 0.3597
2025-10-01 00:24:48,080 - root - INFO - new node validate average_precision, 0.9036
2025-10-01 00:24:48,080 - root - INFO - new node validate roc_auc, 0.9220
2025-10-01 00:25:00,317 - root - INFO - test loss: 0.3642
2025-10-01 00:25:00,317 - root - INFO - test average_precision, 0.8910
2025-10-01 00:25:00,317 - root - INFO - best test average_precision: 0.8911
2025-10-01 00:25:00,317 - root - INFO - test roc_auc, 0.9134
2025-10-01 00:25:00,318 - root - INFO - new node test loss: 0.3444
2025-10-01 00:25:00,318 - root - INFO - new node test average_precision, 0.9118
2025-10-01 00:25:00,318 - root - INFO - new node test roc_auc, 0.9309
2025-10-01 00:26:24,167 - root - INFO - Epoch: 28, learning rate: 0.0001, train loss: 0.3876
2025-10-01 00:26:24,168 - root - INFO - train average_precision, 0.8746
2025-10-01 00:26:24,169 - root - INFO - train roc_auc, 0.8996
2025-10-01 00:26:24,169 - root - INFO - validate loss: 0.4195
2025-10-01 00:26:24,169 - root - INFO - validate average_precision, 0.8725
2025-10-01 00:26:24,170 - root - INFO - validate roc_auc, 0.8984
2025-10-01 00:26:24,170 - root - INFO - new node validate loss: 0.3668
2025-10-01 00:26:24,170 - root - INFO - new node validate average_precision, 0.9075
2025-10-01 00:26:24,170 - root - INFO - new node validate roc_auc, 0.9213
2025-10-01 00:26:36,365 - root - INFO - test loss: 0.3843
2025-10-01 00:26:36,365 - root - INFO - test average_precision, 0.8869
2025-10-01 00:26:36,365 - root - INFO - best test average_precision: 0.8911
2025-10-01 00:26:36,366 - root - INFO - test roc_auc, 0.9106
2025-10-01 00:26:36,366 - root - INFO - new node test loss: 0.3413
2025-10-01 00:26:36,366 - root - INFO - new node test average_precision, 0.9182
2025-10-01 00:26:36,366 - root - INFO - new node test roc_auc, 0.9336
2025-10-01 00:28:00,764 - root - INFO - Epoch: 29, learning rate: 0.0001, train loss: 0.3873
2025-10-01 00:28:00,766 - root - INFO - train average_precision, 0.8748
2025-10-01 00:28:00,767 - root - INFO - train roc_auc, 0.8999
2025-10-01 00:28:00,767 - root - INFO - validate loss: 0.4056
2025-10-01 00:28:00,767 - root - INFO - validate average_precision, 0.8748
2025-10-01 00:28:00,767 - root - INFO - validate roc_auc, 0.8992
2025-10-01 00:28:00,767 - root - INFO - new node validate loss: 0.3722
2025-10-01 00:28:00,767 - root - INFO - new node validate average_precision, 0.8997
2025-10-01 00:28:00,767 - root - INFO - new node validate roc_auc, 0.9181
2025-10-01 00:28:13,039 - root - INFO - test loss: 0.3828
2025-10-01 00:28:13,039 - root - INFO - test average_precision, 0.8892
2025-10-01 00:28:13,040 - root - INFO - best test average_precision: 0.8911
2025-10-01 00:28:13,040 - root - INFO - test roc_auc, 0.9114
2025-10-01 00:28:13,040 - root - INFO - new node test loss: 0.3491
2025-10-01 00:28:13,040 - root - INFO - new node test average_precision, 0.9115
2025-10-01 00:28:13,040 - root - INFO - new node test roc_auc, 0.9328
2025-10-01 00:29:37,658 - root - INFO - Epoch: 30, learning rate: 0.0001, train loss: 0.3852
2025-10-01 00:29:37,660 - root - INFO - train average_precision, 0.8759
2025-10-01 00:29:37,661 - root - INFO - train roc_auc, 0.9007
2025-10-01 00:29:37,661 - root - INFO - validate loss: 0.4108
2025-10-01 00:29:37,661 - root - INFO - validate average_precision, 0.8722
2025-10-01 00:29:37,661 - root - INFO - validate roc_auc, 0.8974
2025-10-01 00:29:37,661 - root - INFO - new node validate loss: 0.4239
2025-10-01 00:29:37,661 - root - INFO - new node validate average_precision, 0.8839
2025-10-01 00:29:37,661 - root - INFO - new node validate roc_auc, 0.9077
2025-10-01 00:29:49,859 - root - INFO - test loss: 0.3830
2025-10-01 00:29:49,859 - root - INFO - test average_precision, 0.8854
2025-10-01 00:29:49,860 - root - INFO - best test average_precision: 0.8911
2025-10-01 00:29:49,860 - root - INFO - test roc_auc, 0.9090
2025-10-01 00:29:49,860 - root - INFO - new node test loss: 0.3742
2025-10-01 00:29:49,860 - root - INFO - new node test average_precision, 0.8974
2025-10-01 00:29:49,860 - root - INFO - new node test roc_auc, 0.9236
2025-10-01 00:31:13,873 - root - INFO - Epoch: 31, learning rate: 0.0001, train loss: 0.3853
2025-10-01 00:31:13,874 - root - INFO - train average_precision, 0.8758
2025-10-01 00:31:13,875 - root - INFO - train roc_auc, 0.9007
2025-10-01 00:31:13,875 - root - INFO - validate loss: 0.3880
2025-10-01 00:31:13,876 - root - INFO - validate average_precision, 0.8811
2025-10-01 00:31:13,876 - root - INFO - validate roc_auc, 0.9052
2025-10-01 00:31:13,876 - root - INFO - new node validate loss: 0.3806
2025-10-01 00:31:13,876 - root - INFO - new node validate average_precision, 0.8977
2025-10-01 00:31:13,876 - root - INFO - new node validate roc_auc, 0.9161
2025-10-01 00:31:26,137 - root - INFO - test loss: 0.3681
2025-10-01 00:31:26,137 - root - INFO - test average_precision, 0.8945
2025-10-01 00:31:26,138 - root - INFO - best test average_precision: 0.8945
2025-10-01 00:31:26,138 - root - INFO - test roc_auc, 0.9162
2025-10-01 00:31:26,138 - root - INFO - new node test loss: 0.3748
2025-10-01 00:31:26,138 - root - INFO - new node test average_precision, 0.9018
2025-10-01 00:31:26,138 - root - INFO - new node test roc_auc, 0.9245
2025-10-01 00:31:26,138 - root - INFO - save model ./saved_models/JODIE/SocialEvo/JODIE_seed2/JODIE_seed2.pkl
2025-10-01 00:32:50,191 - root - INFO - Epoch: 32, learning rate: 0.0001, train loss: 0.3856
2025-10-01 00:32:50,192 - root - INFO - train average_precision, 0.8756
2025-10-01 00:32:50,193 - root - INFO - train roc_auc, 0.9003
2025-10-01 00:32:50,193 - root - INFO - validate loss: 0.4094
2025-10-01 00:32:50,193 - root - INFO - validate average_precision, 0.8665
2025-10-01 00:32:50,194 - root - INFO - validate roc_auc, 0.8927
2025-10-01 00:32:50,194 - root - INFO - new node validate loss: 0.3548
2025-10-01 00:32:50,194 - root - INFO - new node validate average_precision, 0.9112
2025-10-01 00:32:50,194 - root - INFO - new node validate roc_auc, 0.9247
2025-10-01 00:33:02,557 - root - INFO - test loss: 0.3765
2025-10-01 00:33:02,557 - root - INFO - test average_precision, 0.8835
2025-10-01 00:33:02,557 - root - INFO - best test average_precision: 0.8945
2025-10-01 00:33:02,557 - root - INFO - test roc_auc, 0.9074
2025-10-01 00:33:02,557 - root - INFO - new node test loss: 0.3468
2025-10-01 00:33:02,558 - root - INFO - new node test average_precision, 0.9184
2025-10-01 00:33:02,558 - root - INFO - new node test roc_auc, 0.9345
2025-10-01 00:34:26,758 - root - INFO - Epoch: 33, learning rate: 0.0001, train loss: 0.3836
2025-10-01 00:34:26,760 - root - INFO - train average_precision, 0.8759
2025-10-01 00:34:26,761 - root - INFO - train roc_auc, 0.9009
2025-10-01 00:34:26,761 - root - INFO - validate loss: 0.4114
2025-10-01 00:34:26,761 - root - INFO - validate average_precision, 0.8705
2025-10-01 00:34:26,761 - root - INFO - validate roc_auc, 0.8959
2025-10-01 00:34:26,761 - root - INFO - new node validate loss: 0.3545
2025-10-01 00:34:26,761 - root - INFO - new node validate average_precision, 0.9140
2025-10-01 00:34:26,761 - root - INFO - new node validate roc_auc, 0.9257
2025-10-01 00:34:39,019 - root - INFO - test loss: 0.4042
2025-10-01 00:34:39,019 - root - INFO - test average_precision, 0.8749
2025-10-01 00:34:39,019 - root - INFO - best test average_precision: 0.8945
2025-10-01 00:34:39,020 - root - INFO - test roc_auc, 0.9016
2025-10-01 00:34:39,020 - root - INFO - new node test loss: 0.3298
2025-10-01 00:34:39,020 - root - INFO - new node test average_precision, 0.9171
2025-10-01 00:34:39,020 - root - INFO - new node test roc_auc, 0.9342
2025-10-01 00:36:03,136 - root - INFO - Epoch: 34, learning rate: 0.0001, train loss: 0.3819
2025-10-01 00:36:03,138 - root - INFO - train average_precision, 0.8780
2025-10-01 00:36:03,138 - root - INFO - train roc_auc, 0.9024
2025-10-01 00:36:03,139 - root - INFO - validate loss: 0.4048
2025-10-01 00:36:03,139 - root - INFO - validate average_precision, 0.8770
2025-10-01 00:36:03,139 - root - INFO - validate roc_auc, 0.9013
2025-10-01 00:36:03,139 - root - INFO - new node validate loss: 0.3866
2025-10-01 00:36:03,139 - root - INFO - new node validate average_precision, 0.9027
2025-10-01 00:36:03,139 - root - INFO - new node validate roc_auc, 0.9178
2025-10-01 00:36:15,292 - root - INFO - test loss: 0.3800
2025-10-01 00:36:15,292 - root - INFO - test average_precision, 0.8939
2025-10-01 00:36:15,292 - root - INFO - best test average_precision: 0.8945
2025-10-01 00:36:15,293 - root - INFO - test roc_auc, 0.9153
2025-10-01 00:36:15,293 - root - INFO - new node test loss: 0.3661
2025-10-01 00:36:15,293 - root - INFO - new node test average_precision, 0.9186
2025-10-01 00:36:15,293 - root - INFO - new node test roc_auc, 0.9341
2025-10-01 00:37:39,728 - root - INFO - Epoch: 35, learning rate: 0.0001, train loss: 0.3800
2025-10-01 00:37:39,729 - root - INFO - train average_precision, 0.8782
2025-10-01 00:37:39,730 - root - INFO - train roc_auc, 0.9030
2025-10-01 00:37:39,730 - root - INFO - validate loss: 0.3901
2025-10-01 00:37:39,730 - root - INFO - validate average_precision, 0.8767
2025-10-01 00:37:39,731 - root - INFO - validate roc_auc, 0.9006
2025-10-01 00:37:39,731 - root - INFO - new node validate loss: 0.3729
2025-10-01 00:37:39,731 - root - INFO - new node validate average_precision, 0.9022
2025-10-01 00:37:39,731 - root - INFO - new node validate roc_auc, 0.9173
2025-10-01 00:37:51,864 - root - INFO - test loss: 0.3597
2025-10-01 00:37:51,864 - root - INFO - test average_precision, 0.8920
2025-10-01 00:37:51,865 - root - INFO - best test average_precision: 0.8945
2025-10-01 00:37:51,865 - root - INFO - test roc_auc, 0.9143
2025-10-01 00:37:51,865 - root - INFO - new node test loss: 0.3427
2025-10-01 00:37:51,865 - root - INFO - new node test average_precision, 0.9142
2025-10-01 00:37:51,865 - root - INFO - new node test roc_auc, 0.9313
2025-10-01 00:39:15,616 - root - INFO - Epoch: 36, learning rate: 0.0001, train loss: 0.3802
2025-10-01 00:39:15,617 - root - INFO - train average_precision, 0.8782
2025-10-01 00:39:15,618 - root - INFO - train roc_auc, 0.9026
2025-10-01 00:39:15,618 - root - INFO - validate loss: 0.3983
2025-10-01 00:39:15,618 - root - INFO - validate average_precision, 0.8777
2025-10-01 00:39:15,618 - root - INFO - validate roc_auc, 0.9027
2025-10-01 00:39:15,619 - root - INFO - new node validate loss: 0.3759
2025-10-01 00:39:15,619 - root - INFO - new node validate average_precision, 0.9032
2025-10-01 00:39:15,619 - root - INFO - new node validate roc_auc, 0.9195
2025-10-01 00:39:27,895 - root - INFO - test loss: 0.3653
2025-10-01 00:39:27,895 - root - INFO - test average_precision, 0.8914
2025-10-01 00:39:27,895 - root - INFO - best test average_precision: 0.8945
2025-10-01 00:39:27,896 - root - INFO - test roc_auc, 0.9146
2025-10-01 00:39:27,896 - root - INFO - new node test loss: 0.3747
2025-10-01 00:39:27,896 - root - INFO - new node test average_precision, 0.9080
2025-10-01 00:39:27,896 - root - INFO - new node test roc_auc, 0.9268
2025-10-01 00:40:51,938 - root - INFO - Epoch: 37, learning rate: 0.0001, train loss: 0.3805
2025-10-01 00:40:51,940 - root - INFO - train average_precision, 0.8794
2025-10-01 00:40:51,940 - root - INFO - train roc_auc, 0.9035
2025-10-01 00:40:51,940 - root - INFO - validate loss: 0.4018
2025-10-01 00:40:51,941 - root - INFO - validate average_precision, 0.8765
2025-10-01 00:40:51,941 - root - INFO - validate roc_auc, 0.9007
2025-10-01 00:40:51,941 - root - INFO - new node validate loss: 0.4094
2025-10-01 00:40:51,941 - root - INFO - new node validate average_precision, 0.8980
2025-10-01 00:40:51,941 - root - INFO - new node validate roc_auc, 0.9163
2025-10-01 00:41:04,091 - root - INFO - test loss: 0.3685
2025-10-01 00:41:04,092 - root - INFO - test average_precision, 0.8922
2025-10-01 00:41:04,092 - root - INFO - best test average_precision: 0.8945
2025-10-01 00:41:04,092 - root - INFO - test roc_auc, 0.9142
2025-10-01 00:41:04,092 - root - INFO - new node test loss: 0.4045
2025-10-01 00:41:04,092 - root - INFO - new node test average_precision, 0.9005
2025-10-01 00:41:04,092 - root - INFO - new node test roc_auc, 0.9212
2025-10-01 00:42:28,519 - root - INFO - Epoch: 38, learning rate: 0.0001, train loss: 0.3817
2025-10-01 00:42:28,521 - root - INFO - train average_precision, 0.8777
2025-10-01 00:42:28,522 - root - INFO - train roc_auc, 0.9022
2025-10-01 00:42:28,522 - root - INFO - validate loss: 0.4159
2025-10-01 00:42:28,522 - root - INFO - validate average_precision, 0.8771
2025-10-01 00:42:28,522 - root - INFO - validate roc_auc, 0.9009
2025-10-01 00:42:28,522 - root - INFO - new node validate loss: 0.3846
2025-10-01 00:42:28,522 - root - INFO - new node validate average_precision, 0.8919
2025-10-01 00:42:28,523 - root - INFO - new node validate roc_auc, 0.9114
2025-10-01 00:42:40,675 - root - INFO - test loss: 0.3948
2025-10-01 00:42:40,675 - root - INFO - test average_precision, 0.8931
2025-10-01 00:42:40,675 - root - INFO - best test average_precision: 0.8945
2025-10-01 00:42:40,675 - root - INFO - test roc_auc, 0.9143
2025-10-01 00:42:40,675 - root - INFO - new node test loss: 0.3206
2025-10-01 00:42:40,676 - root - INFO - new node test average_precision, 0.9209
2025-10-01 00:42:40,676 - root - INFO - new node test roc_auc, 0.9379
2025-10-01 00:44:04,681 - root - INFO - Epoch: 39, learning rate: 0.0001, train loss: 0.3783
2025-10-01 00:44:04,682 - root - INFO - train average_precision, 0.8797
2025-10-01 00:44:04,683 - root - INFO - train roc_auc, 0.9040
2025-10-01 00:44:04,683 - root - INFO - validate loss: 0.3908
2025-10-01 00:44:04,683 - root - INFO - validate average_precision, 0.8791
2025-10-01 00:44:04,684 - root - INFO - validate roc_auc, 0.9027
2025-10-01 00:44:04,684 - root - INFO - new node validate loss: 0.3859
2025-10-01 00:44:04,684 - root - INFO - new node validate average_precision, 0.8999
2025-10-01 00:44:04,684 - root - INFO - new node validate roc_auc, 0.9139
2025-10-01 00:44:16,928 - root - INFO - test loss: 0.3727
2025-10-01 00:44:16,928 - root - INFO - test average_precision, 0.8898
2025-10-01 00:44:16,928 - root - INFO - best test average_precision: 0.8945
2025-10-01 00:44:16,929 - root - INFO - test roc_auc, 0.9119
2025-10-01 00:44:16,929 - root - INFO - new node test loss: 0.3606
2025-10-01 00:44:16,929 - root - INFO - new node test average_precision, 0.9121
2025-10-01 00:44:16,929 - root - INFO - new node test roc_auc, 0.9317
2025-10-01 00:45:40,961 - root - INFO - Epoch: 40, learning rate: 0.0001, train loss: 0.3799
2025-10-01 00:45:40,962 - root - INFO - train average_precision, 0.8791
2025-10-01 00:45:40,963 - root - INFO - train roc_auc, 0.9033
2025-10-01 00:45:40,963 - root - INFO - validate loss: 0.4043
2025-10-01 00:45:40,963 - root - INFO - validate average_precision, 0.8790
2025-10-01 00:45:40,964 - root - INFO - validate roc_auc, 0.9028
2025-10-01 00:45:40,964 - root - INFO - new node validate loss: 0.3560
2025-10-01 00:45:40,964 - root - INFO - new node validate average_precision, 0.9049
2025-10-01 00:45:40,964 - root - INFO - new node validate roc_auc, 0.9210
2025-10-01 00:45:53,241 - root - INFO - test loss: 0.3766
2025-10-01 00:45:53,241 - root - INFO - test average_precision, 0.8946
2025-10-01 00:45:53,242 - root - INFO - best test average_precision: 0.8946
2025-10-01 00:45:53,242 - root - INFO - test roc_auc, 0.9164
2025-10-01 00:45:53,242 - root - INFO - new node test loss: 0.3352
2025-10-01 00:45:53,242 - root - INFO - new node test average_precision, 0.9126
2025-10-01 00:45:53,242 - root - INFO - new node test roc_auc, 0.9326
2025-10-01 00:47:17,828 - root - INFO - Epoch: 41, learning rate: 0.0001, train loss: 0.3810
2025-10-01 00:47:17,829 - root - INFO - train average_precision, 0.8784
2025-10-01 00:47:17,830 - root - INFO - train roc_auc, 0.9027
2025-10-01 00:47:17,830 - root - INFO - validate loss: 0.3815
2025-10-01 00:47:17,830 - root - INFO - validate average_precision, 0.8822
2025-10-01 00:47:17,831 - root - INFO - validate roc_auc, 0.9057
2025-10-01 00:47:17,831 - root - INFO - new node validate loss: 0.3774
2025-10-01 00:47:17,831 - root - INFO - new node validate average_precision, 0.9104
2025-10-01 00:47:17,831 - root - INFO - new node validate roc_auc, 0.9248
2025-10-01 00:47:30,084 - root - INFO - test loss: 0.3556
2025-10-01 00:47:30,085 - root - INFO - test average_precision, 0.8967
2025-10-01 00:47:30,085 - root - INFO - best test average_precision: 0.8967
2025-10-01 00:47:30,085 - root - INFO - test roc_auc, 0.9181
2025-10-01 00:47:30,085 - root - INFO - new node test loss: 0.3513
2025-10-01 00:47:30,085 - root - INFO - new node test average_precision, 0.9151
2025-10-01 00:47:30,085 - root - INFO - new node test roc_auc, 0.9341
2025-10-01 00:47:30,086 - root - INFO - save model ./saved_models/JODIE/SocialEvo/JODIE_seed2/JODIE_seed2.pkl
2025-10-01 00:48:54,401 - root - INFO - Epoch: 42, learning rate: 0.0001, train loss: 0.3775
2025-10-01 00:48:54,402 - root - INFO - train average_precision, 0.8802
2025-10-01 00:48:54,403 - root - INFO - train roc_auc, 0.9043
2025-10-01 00:48:54,403 - root - INFO - validate loss: 0.4139
2025-10-01 00:48:54,403 - root - INFO - validate average_precision, 0.8550
2025-10-01 00:48:54,403 - root - INFO - validate roc_auc, 0.8962
2025-10-01 00:48:54,403 - root - INFO - new node validate loss: 0.3691
2025-10-01 00:48:54,404 - root - INFO - new node validate average_precision, 0.9114
2025-10-01 00:48:54,404 - root - INFO - new node validate roc_auc, 0.9259
2025-10-01 00:49:06,555 - root - INFO - test loss: 0.7319
2025-10-01 00:49:06,555 - root - INFO - test average_precision, 0.8434
2025-10-01 00:49:06,555 - root - INFO - best test average_precision: 0.8967
2025-10-01 00:49:06,556 - root - INFO - test roc_auc, 0.9006
2025-10-01 00:49:06,556 - root - INFO - new node test loss: 0.3378
2025-10-01 00:49:06,556 - root - INFO - new node test average_precision, 0.9144
2025-10-01 00:49:06,556 - root - INFO - new node test roc_auc, 0.9349
2025-10-01 00:50:30,974 - root - INFO - Epoch: 43, learning rate: 0.0001, train loss: 0.3772
2025-10-01 00:50:30,975 - root - INFO - train average_precision, 0.8811
2025-10-01 00:50:30,976 - root - INFO - train roc_auc, 0.9048
2025-10-01 00:50:30,976 - root - INFO - validate loss: 0.3875
2025-10-01 00:50:30,976 - root - INFO - validate average_precision, 0.8802
2025-10-01 00:50:30,977 - root - INFO - validate roc_auc, 0.9039
2025-10-01 00:50:30,977 - root - INFO - new node validate loss: 0.3912
2025-10-01 00:50:30,977 - root - INFO - new node validate average_precision, 0.8976
2025-10-01 00:50:30,977 - root - INFO - new node validate roc_auc, 0.9147
2025-10-01 00:50:43,248 - root - INFO - test loss: 0.3603
2025-10-01 00:50:43,249 - root - INFO - test average_precision, 0.8944
2025-10-01 00:50:43,249 - root - INFO - best test average_precision: 0.8967
2025-10-01 00:50:43,249 - root - INFO - test roc_auc, 0.9162
2025-10-01 00:50:43,249 - root - INFO - new node test loss: 0.3565
2025-10-01 00:50:43,249 - root - INFO - new node test average_precision, 0.9174
2025-10-01 00:50:43,249 - root - INFO - new node test roc_auc, 0.9352
2025-10-01 00:52:07,725 - root - INFO - Epoch: 44, learning rate: 0.0001, train loss: 0.3762
2025-10-01 00:52:07,727 - root - INFO - train average_precision, 0.8810
2025-10-01 00:52:07,728 - root - INFO - train roc_auc, 0.9050
2025-10-01 00:52:07,728 - root - INFO - validate loss: 0.3994
2025-10-01 00:52:07,728 - root - INFO - validate average_precision, 0.8812
2025-10-01 00:52:07,729 - root - INFO - validate roc_auc, 0.9046
2025-10-01 00:52:07,729 - root - INFO - new node validate loss: 0.4022
2025-10-01 00:52:07,729 - root - INFO - new node validate average_precision, 0.9075
2025-10-01 00:52:07,729 - root - INFO - new node validate roc_auc, 0.9213
2025-10-01 00:52:19,873 - root - INFO - test loss: 0.3709
2025-10-01 00:52:19,873 - root - INFO - test average_precision, 0.8957
2025-10-01 00:52:19,874 - root - INFO - best test average_precision: 0.8967
2025-10-01 00:52:19,874 - root - INFO - test roc_auc, 0.9176
2025-10-01 00:52:19,874 - root - INFO - new node test loss: 0.3588
2025-10-01 00:52:19,874 - root - INFO - new node test average_precision, 0.9175
2025-10-01 00:52:19,874 - root - INFO - new node test roc_auc, 0.9340
2025-10-01 00:53:43,814 - root - INFO - Epoch: 45, learning rate: 0.0001, train loss: 0.3755
2025-10-01 00:53:43,816 - root - INFO - train average_precision, 0.8808
2025-10-01 00:53:43,817 - root - INFO - train roc_auc, 0.9050
2025-10-01 00:53:43,817 - root - INFO - validate loss: 0.3855
2025-10-01 00:53:43,817 - root - INFO - validate average_precision, 0.8811
2025-10-01 00:53:43,817 - root - INFO - validate roc_auc, 0.9049
2025-10-01 00:53:43,817 - root - INFO - new node validate loss: 0.3744
2025-10-01 00:53:43,817 - root - INFO - new node validate average_precision, 0.9064
2025-10-01 00:53:43,817 - root - INFO - new node validate roc_auc, 0.9238
2025-10-01 00:53:56,029 - root - INFO - test loss: 0.3584
2025-10-01 00:53:56,029 - root - INFO - test average_precision, 0.8946
2025-10-01 00:53:56,029 - root - INFO - best test average_precision: 0.8967
2025-10-01 00:53:56,029 - root - INFO - test roc_auc, 0.9164
2025-10-01 00:53:56,029 - root - INFO - new node test loss: 0.3633
2025-10-01 00:53:56,030 - root - INFO - new node test average_precision, 0.9086
2025-10-01 00:53:56,030 - root - INFO - new node test roc_auc, 0.9299
2025-10-01 00:55:20,414 - root - INFO - Epoch: 46, learning rate: 0.0001, train loss: 0.3742
2025-10-01 00:55:20,416 - root - INFO - train average_precision, 0.8816
2025-10-01 00:55:20,416 - root - INFO - train roc_auc, 0.9056
2025-10-01 00:55:20,416 - root - INFO - validate loss: 0.3782
2025-10-01 00:55:20,417 - root - INFO - validate average_precision, 0.8839
2025-10-01 00:55:20,417 - root - INFO - validate roc_auc, 0.9074
2025-10-01 00:55:20,417 - root - INFO - new node validate loss: 0.3647
2025-10-01 00:55:20,417 - root - INFO - new node validate average_precision, 0.9035
2025-10-01 00:55:20,417 - root - INFO - new node validate roc_auc, 0.9234
2025-10-01 00:55:32,694 - root - INFO - test loss: 0.3537
2025-10-01 00:55:32,695 - root - INFO - test average_precision, 0.8968
2025-10-01 00:55:32,695 - root - INFO - best test average_precision: 0.8968
2025-10-01 00:55:32,695 - root - INFO - test roc_auc, 0.9183
2025-10-01 00:55:32,695 - root - INFO - new node test loss: 0.4000
2025-10-01 00:55:32,695 - root - INFO - new node test average_precision, 0.9003
2025-10-01 00:55:32,695 - root - INFO - new node test roc_auc, 0.9207
2025-10-01 00:55:32,696 - root - INFO - save model ./saved_models/JODIE/SocialEvo/JODIE_seed2/JODIE_seed2.pkl
2025-10-01 00:56:57,123 - root - INFO - Epoch: 47, learning rate: 0.0001, train loss: 0.3752
2025-10-01 00:56:57,124 - root - INFO - train average_precision, 0.8817
2025-10-01 00:56:57,125 - root - INFO - train roc_auc, 0.9052
2025-10-01 00:56:57,125 - root - INFO - validate loss: 0.3863
2025-10-01 00:56:57,126 - root - INFO - validate average_precision, 0.8804
2025-10-01 00:56:57,126 - root - INFO - validate roc_auc, 0.9046
2025-10-01 00:56:57,126 - root - INFO - new node validate loss: 0.3661
2025-10-01 00:56:57,126 - root - INFO - new node validate average_precision, 0.9113
2025-10-01 00:56:57,126 - root - INFO - new node validate roc_auc, 0.9260
2025-10-01 00:57:09,284 - root - INFO - test loss: 0.3639
2025-10-01 00:57:09,285 - root - INFO - test average_precision, 0.8917
2025-10-01 00:57:09,285 - root - INFO - best test average_precision: 0.8968
2025-10-01 00:57:09,285 - root - INFO - test roc_auc, 0.9142
2025-10-01 00:57:09,285 - root - INFO - new node test loss: 0.3177
2025-10-01 00:57:09,285 - root - INFO - new node test average_precision, 0.9239
2025-10-01 00:57:09,285 - root - INFO - new node test roc_auc, 0.9406
2025-10-01 00:58:33,328 - root - INFO - Epoch: 48, learning rate: 0.0001, train loss: 0.3758
2025-10-01 00:58:33,330 - root - INFO - train average_precision, 0.8814
2025-10-01 00:58:33,331 - root - INFO - train roc_auc, 0.9053
2025-10-01 00:58:33,331 - root - INFO - validate loss: 0.3966
2025-10-01 00:58:33,331 - root - INFO - validate average_precision, 0.8800
2025-10-01 00:58:33,331 - root - INFO - validate roc_auc, 0.9036
2025-10-01 00:58:33,331 - root - INFO - new node validate loss: 0.4050
2025-10-01 00:58:33,331 - root - INFO - new node validate average_precision, 0.9044
2025-10-01 00:58:33,331 - root - INFO - new node validate roc_auc, 0.9177
2025-10-01 00:58:45,532 - root - INFO - test loss: 0.3616
2025-10-01 00:58:45,532 - root - INFO - test average_precision, 0.8957
2025-10-01 00:58:45,533 - root - INFO - best test average_precision: 0.8968
2025-10-01 00:58:45,533 - root - INFO - test roc_auc, 0.9170
2025-10-01 00:58:45,533 - root - INFO - new node test loss: 0.3483
2025-10-01 00:58:45,533 - root - INFO - new node test average_precision, 0.9115
2025-10-01 00:58:45,533 - root - INFO - new node test roc_auc, 0.9330
2025-10-01 01:00:09,793 - root - INFO - Epoch: 49, learning rate: 0.0001, train loss: 0.3762
2025-10-01 01:00:09,794 - root - INFO - train average_precision, 0.8806
2025-10-01 01:00:09,795 - root - INFO - train roc_auc, 0.9046
2025-10-01 01:00:09,795 - root - INFO - validate loss: 0.3996
2025-10-01 01:00:09,795 - root - INFO - validate average_precision, 0.8792
2025-10-01 01:00:09,795 - root - INFO - validate roc_auc, 0.9037
2025-10-01 01:00:09,795 - root - INFO - new node validate loss: 0.3697
2025-10-01 01:00:09,795 - root - INFO - new node validate average_precision, 0.9093
2025-10-01 01:00:09,796 - root - INFO - new node validate roc_auc, 0.9212
2025-10-01 01:00:22,032 - root - INFO - test loss: 0.3754
2025-10-01 01:00:22,033 - root - INFO - test average_precision, 0.8920
2025-10-01 01:00:22,033 - root - INFO - best test average_precision: 0.8968
2025-10-01 01:00:22,033 - root - INFO - test roc_auc, 0.9144
2025-10-01 01:00:22,033 - root - INFO - new node test loss: 0.3389
2025-10-01 01:00:22,033 - root - INFO - new node test average_precision, 0.9181
2025-10-01 01:00:22,033 - root - INFO - new node test roc_auc, 0.9336
2025-10-01 01:01:46,557 - root - INFO - Epoch: 50, learning rate: 0.0001, train loss: 0.3753
2025-10-01 01:01:46,559 - root - INFO - train average_precision, 0.8815
2025-10-01 01:01:46,559 - root - INFO - train roc_auc, 0.9055
2025-10-01 01:01:46,559 - root - INFO - validate loss: 0.4693
2025-10-01 01:01:46,560 - root - INFO - validate average_precision, 0.8656
2025-10-01 01:01:46,560 - root - INFO - validate roc_auc, 0.8926
2025-10-01 01:01:46,560 - root - INFO - new node validate loss: 0.3960
2025-10-01 01:01:46,560 - root - INFO - new node validate average_precision, 0.8985
2025-10-01 01:01:46,560 - root - INFO - new node validate roc_auc, 0.9168
2025-10-01 01:01:58,795 - root - INFO - test loss: 0.4362
2025-10-01 01:01:58,796 - root - INFO - test average_precision, 0.8792
2025-10-01 01:01:58,796 - root - INFO - best test average_precision: 0.8968
2025-10-01 01:01:58,796 - root - INFO - test roc_auc, 0.9038
2025-10-01 01:01:58,796 - root - INFO - new node test loss: 0.3593
2025-10-01 01:01:58,796 - root - INFO - new node test average_precision, 0.9063
2025-10-01 01:01:58,796 - root - INFO - new node test roc_auc, 0.9304
2025-10-01 01:03:22,056 - root - INFO - Epoch: 51, learning rate: 0.0001, train loss: 0.3762
2025-10-01 01:03:22,057 - root - INFO - train average_precision, 0.8810
2025-10-01 01:03:22,058 - root - INFO - train roc_auc, 0.9050
2025-10-01 01:03:22,058 - root - INFO - validate loss: 0.3837
2025-10-01 01:03:22,058 - root - INFO - validate average_precision, 0.8815
2025-10-01 01:03:22,059 - root - INFO - validate roc_auc, 0.9056
2025-10-01 01:03:22,059 - root - INFO - new node validate loss: 0.3837
2025-10-01 01:03:22,059 - root - INFO - new node validate average_precision, 0.9029
2025-10-01 01:03:22,059 - root - INFO - new node validate roc_auc, 0.9172
2025-10-01 01:03:34,182 - root - INFO - test loss: 0.3529
2025-10-01 01:03:34,182 - root - INFO - test average_precision, 0.8974
2025-10-01 01:03:34,182 - root - INFO - best test average_precision: 0.8974
2025-10-01 01:03:34,183 - root - INFO - test roc_auc, 0.9189
2025-10-01 01:03:34,183 - root - INFO - new node test loss: 0.3561
2025-10-01 01:03:34,183 - root - INFO - new node test average_precision, 0.9116
2025-10-01 01:03:34,183 - root - INFO - new node test roc_auc, 0.9302
2025-10-01 01:04:57,028 - root - INFO - Epoch: 52, learning rate: 0.0001, train loss: 0.3731
2025-10-01 01:04:57,029 - root - INFO - train average_precision, 0.8829
2025-10-01 01:04:57,030 - root - INFO - train roc_auc, 0.9065
2025-10-01 01:04:57,030 - root - INFO - validate loss: 0.3959
2025-10-01 01:04:57,030 - root - INFO - validate average_precision, 0.8753
2025-10-01 01:04:57,031 - root - INFO - validate roc_auc, 0.8995
2025-10-01 01:04:57,031 - root - INFO - new node validate loss: 0.3684
2025-10-01 01:04:57,031 - root - INFO - new node validate average_precision, 0.9072
2025-10-01 01:04:57,031 - root - INFO - new node validate roc_auc, 0.9208
2025-10-01 01:05:09,265 - root - INFO - test loss: 0.3647
2025-10-01 01:05:09,266 - root - INFO - test average_precision, 0.8911
2025-10-01 01:05:09,266 - root - INFO - best test average_precision: 0.8974
2025-10-01 01:05:09,266 - root - INFO - test roc_auc, 0.9123
2025-10-01 01:05:09,266 - root - INFO - new node test loss: 0.3420
2025-10-01 01:05:09,266 - root - INFO - new node test average_precision, 0.9162
2025-10-01 01:05:09,267 - root - INFO - new node test roc_auc, 0.9340
2025-10-01 01:06:31,478 - root - INFO - Epoch: 53, learning rate: 0.0001, train loss: 0.3738
2025-10-01 01:06:31,480 - root - INFO - train average_precision, 0.8822
2025-10-01 01:06:31,480 - root - INFO - train roc_auc, 0.9060
2025-10-01 01:06:31,481 - root - INFO - validate loss: 0.3829
2025-10-01 01:06:31,481 - root - INFO - validate average_precision, 0.8832
2025-10-01 01:06:31,481 - root - INFO - validate roc_auc, 0.9069
2025-10-01 01:06:31,481 - root - INFO - new node validate loss: 0.3763
2025-10-01 01:06:31,481 - root - INFO - new node validate average_precision, 0.9075
2025-10-01 01:06:31,481 - root - INFO - new node validate roc_auc, 0.9214
2025-10-01 01:06:43,671 - root - INFO - test loss: 0.3596
2025-10-01 01:06:43,671 - root - INFO - test average_precision, 0.8958
2025-10-01 01:06:43,671 - root - INFO - best test average_precision: 0.8974
2025-10-01 01:06:43,672 - root - INFO - test roc_auc, 0.9171
2025-10-01 01:06:43,672 - root - INFO - new node test loss: 0.3354
2025-10-01 01:06:43,672 - root - INFO - new node test average_precision, 0.9162
2025-10-01 01:06:43,672 - root - INFO - new node test roc_auc, 0.9338
2025-10-01 01:08:05,844 - root - INFO - Epoch: 54, learning rate: 0.0001, train loss: 0.3750
2025-10-01 01:08:05,846 - root - INFO - train average_precision, 0.8818
2025-10-01 01:08:05,846 - root - INFO - train roc_auc, 0.9055
2025-10-01 01:08:05,847 - root - INFO - validate loss: 0.3783
2025-10-01 01:08:05,847 - root - INFO - validate average_precision, 0.8857
2025-10-01 01:08:05,847 - root - INFO - validate roc_auc, 0.9090
2025-10-01 01:08:05,847 - root - INFO - new node validate loss: 0.3892
2025-10-01 01:08:05,847 - root - INFO - new node validate average_precision, 0.9053
2025-10-01 01:08:05,847 - root - INFO - new node validate roc_auc, 0.9189
2025-10-01 01:08:18,060 - root - INFO - test loss: 0.3567
2025-10-01 01:08:18,061 - root - INFO - test average_precision, 0.8976
2025-10-01 01:08:18,061 - root - INFO - best test average_precision: 0.8976
2025-10-01 01:08:18,061 - root - INFO - test roc_auc, 0.9191
2025-10-01 01:08:18,061 - root - INFO - new node test loss: 0.3300
2025-10-01 01:08:18,061 - root - INFO - new node test average_precision, 0.9187
2025-10-01 01:08:18,061 - root - INFO - new node test roc_auc, 0.9362
2025-10-01 01:08:18,062 - root - INFO - save model ./saved_models/JODIE/SocialEvo/JODIE_seed2/JODIE_seed2.pkl
2025-10-01 01:09:40,599 - root - INFO - Epoch: 55, learning rate: 0.0001, train loss: 0.3724
2025-10-01 01:09:40,600 - root - INFO - train average_precision, 0.8825
2025-10-01 01:09:40,601 - root - INFO - train roc_auc, 0.9066
2025-10-01 01:09:40,601 - root - INFO - validate loss: 0.4744
2025-10-01 01:09:40,602 - root - INFO - validate average_precision, 0.8625
2025-10-01 01:09:40,602 - root - INFO - validate roc_auc, 0.8882
2025-10-01 01:09:40,602 - root - INFO - new node validate loss: 0.4018
2025-10-01 01:09:40,602 - root - INFO - new node validate average_precision, 0.9048
2025-10-01 01:09:40,602 - root - INFO - new node validate roc_auc, 0.9206
2025-10-01 01:09:52,874 - root - INFO - test loss: 0.4237
2025-10-01 01:09:52,875 - root - INFO - test average_precision, 0.8805
2025-10-01 01:09:52,875 - root - INFO - best test average_precision: 0.8976
2025-10-01 01:09:52,875 - root - INFO - test roc_auc, 0.9046
2025-10-01 01:09:52,875 - root - INFO - new node test loss: 0.3561
2025-10-01 01:09:52,875 - root - INFO - new node test average_precision, 0.9233
2025-10-01 01:09:52,875 - root - INFO - new node test roc_auc, 0.9387
2025-10-01 01:11:15,325 - root - INFO - Epoch: 56, learning rate: 0.0001, train loss: 0.3732
2025-10-01 01:11:15,327 - root - INFO - train average_precision, 0.8831
2025-10-01 01:11:15,328 - root - INFO - train roc_auc, 0.9066
2025-10-01 01:11:15,328 - root - INFO - validate loss: 0.3994
2025-10-01 01:11:15,328 - root - INFO - validate average_precision, 0.8754
2025-10-01 01:11:15,328 - root - INFO - validate roc_auc, 0.9005
2025-10-01 01:11:15,328 - root - INFO - new node validate loss: 0.4118
2025-10-01 01:11:15,329 - root - INFO - new node validate average_precision, 0.9097
2025-10-01 01:11:15,329 - root - INFO - new node validate roc_auc, 0.9221
2025-10-01 01:11:27,567 - root - INFO - test loss: 0.3738
2025-10-01 01:11:27,567 - root - INFO - test average_precision, 0.8883
2025-10-01 01:11:27,567 - root - INFO - best test average_precision: 0.8976
2025-10-01 01:11:27,568 - root - INFO - test roc_auc, 0.9114
2025-10-01 01:11:27,568 - root - INFO - new node test loss: 0.3660
2025-10-01 01:11:27,568 - root - INFO - new node test average_precision, 0.9155
2025-10-01 01:11:27,568 - root - INFO - new node test roc_auc, 0.9325
2025-10-01 01:12:50,260 - root - INFO - Epoch: 57, learning rate: 0.0001, train loss: 0.3723
2025-10-01 01:12:50,261 - root - INFO - train average_precision, 0.8836
2025-10-01 01:12:50,262 - root - INFO - train roc_auc, 0.9071
2025-10-01 01:12:50,262 - root - INFO - validate loss: 0.3758
2025-10-01 01:12:50,262 - root - INFO - validate average_precision, 0.8839
2025-10-01 01:12:50,263 - root - INFO - validate roc_auc, 0.9078
2025-10-01 01:12:50,263 - root - INFO - new node validate loss: 0.3926
2025-10-01 01:12:50,263 - root - INFO - new node validate average_precision, 0.9079
2025-10-01 01:12:50,263 - root - INFO - new node validate roc_auc, 0.9213
2025-10-01 01:13:02,607 - root - INFO - test loss: 0.3545
2025-10-01 01:13:02,608 - root - INFO - test average_precision, 0.8951
2025-10-01 01:13:02,608 - root - INFO - best test average_precision: 0.8976
2025-10-01 01:13:02,608 - root - INFO - test roc_auc, 0.9173
2025-10-01 01:13:02,608 - root - INFO - new node test loss: 0.3752
2025-10-01 01:13:02,608 - root - INFO - new node test average_precision, 0.9142
2025-10-01 01:13:02,609 - root - INFO - new node test roc_auc, 0.9315
2025-10-01 01:14:25,479 - root - INFO - Epoch: 58, learning rate: 0.0001, train loss: 0.3720
2025-10-01 01:14:25,481 - root - INFO - train average_precision, 0.8835
2025-10-01 01:14:25,481 - root - INFO - train roc_auc, 0.9071
2025-10-01 01:14:25,481 - root - INFO - validate loss: 0.4048
2025-10-01 01:14:25,482 - root - INFO - validate average_precision, 0.8772
2025-10-01 01:14:25,482 - root - INFO - validate roc_auc, 0.9013
2025-10-01 01:14:25,482 - root - INFO - new node validate loss: 0.3939
2025-10-01 01:14:25,482 - root - INFO - new node validate average_precision, 0.8985
2025-10-01 01:14:25,482 - root - INFO - new node validate roc_auc, 0.9159
2025-10-01 01:14:37,786 - root - INFO - test loss: 0.3766
2025-10-01 01:14:37,786 - root - INFO - test average_precision, 0.8916
2025-10-01 01:14:37,787 - root - INFO - best test average_precision: 0.8976
2025-10-01 01:14:37,787 - root - INFO - test roc_auc, 0.9133
2025-10-01 01:14:37,787 - root - INFO - new node test loss: 0.3395
2025-10-01 01:14:37,787 - root - INFO - new node test average_precision, 0.9150
2025-10-01 01:14:37,787 - root - INFO - new node test roc_auc, 0.9329
2025-10-01 01:15:59,397 - root - INFO - Epoch: 59, learning rate: 0.0001, train loss: 0.3731
2025-10-01 01:15:59,398 - root - INFO - train average_precision, 0.8826
2025-10-01 01:15:59,399 - root - INFO - train roc_auc, 0.9065
2025-10-01 01:15:59,399 - root - INFO - validate loss: 0.3903
2025-10-01 01:15:59,400 - root - INFO - validate average_precision, 0.8818
2025-10-01 01:15:59,400 - root - INFO - validate roc_auc, 0.9051
2025-10-01 01:15:59,400 - root - INFO - new node validate loss: 0.3593
2025-10-01 01:15:59,400 - root - INFO - new node validate average_precision, 0.9098
2025-10-01 01:15:59,400 - root - INFO - new node validate roc_auc, 0.9261
2025-10-01 01:16:11,638 - root - INFO - test loss: 0.3624
2025-10-01 01:16:11,639 - root - INFO - test average_precision, 0.8950
2025-10-01 01:16:11,639 - root - INFO - best test average_precision: 0.8976
2025-10-01 01:16:11,639 - root - INFO - test roc_auc, 0.9165
2025-10-01 01:16:11,639 - root - INFO - new node test loss: 0.3773
2025-10-01 01:16:11,639 - root - INFO - new node test average_precision, 0.9076
2025-10-01 01:16:11,640 - root - INFO - new node test roc_auc, 0.9258
2025-10-01 01:17:33,519 - root - INFO - Epoch: 60, learning rate: 0.0001, train loss: 0.3712
2025-10-01 01:17:33,520 - root - INFO - train average_precision, 0.8837
2025-10-01 01:17:33,521 - root - INFO - train roc_auc, 0.9073
2025-10-01 01:17:33,521 - root - INFO - validate loss: 0.3788
2025-10-01 01:17:33,522 - root - INFO - validate average_precision, 0.8845
2025-10-01 01:17:33,522 - root - INFO - validate roc_auc, 0.9077
2025-10-01 01:17:33,522 - root - INFO - new node validate loss: 0.3898
2025-10-01 01:17:33,522 - root - INFO - new node validate average_precision, 0.9009
2025-10-01 01:17:33,522 - root - INFO - new node validate roc_auc, 0.9186
2025-10-01 01:17:45,945 - root - INFO - test loss: 0.3802
2025-10-01 01:17:45,946 - root - INFO - test average_precision, 0.8703
2025-10-01 01:17:45,946 - root - INFO - best test average_precision: 0.8976
2025-10-01 01:17:45,946 - root - INFO - test roc_auc, 0.9085
2025-10-01 01:17:45,946 - root - INFO - new node test loss: 0.3982
2025-10-01 01:17:45,946 - root - INFO - new node test average_precision, 0.9006
2025-10-01 01:17:45,946 - root - INFO - new node test roc_auc, 0.9260
2025-10-01 01:19:07,220 - root - INFO - Epoch: 61, learning rate: 0.0001, train loss: 0.3731
2025-10-01 01:19:07,222 - root - INFO - train average_precision, 0.8830
2025-10-01 01:19:07,222 - root - INFO - train roc_auc, 0.9066
2025-10-01 01:19:07,222 - root - INFO - validate loss: 0.3890
2025-10-01 01:19:07,223 - root - INFO - validate average_precision, 0.8803
2025-10-01 01:19:07,223 - root - INFO - validate roc_auc, 0.9034
2025-10-01 01:19:07,223 - root - INFO - new node validate loss: 0.3859
2025-10-01 01:19:07,223 - root - INFO - new node validate average_precision, 0.9042
2025-10-01 01:19:07,223 - root - INFO - new node validate roc_auc, 0.9225
2025-10-01 01:19:19,437 - root - INFO - test loss: 0.3939
2025-10-01 01:19:19,437 - root - INFO - test average_precision, 0.8627
2025-10-01 01:19:19,437 - root - INFO - best test average_precision: 0.8976
2025-10-01 01:19:19,437 - root - INFO - test roc_auc, 0.9017
2025-10-01 01:19:19,437 - root - INFO - new node test loss: 0.3293
2025-10-01 01:19:19,438 - root - INFO - new node test average_precision, 0.9177
2025-10-01 01:19:19,438 - root - INFO - new node test roc_auc, 0.9367
2025-10-01 01:20:42,441 - root - INFO - Epoch: 62, learning rate: 0.0001, train loss: 0.3703
2025-10-01 01:20:42,443 - root - INFO - train average_precision, 0.8839
2025-10-01 01:20:42,444 - root - INFO - train roc_auc, 0.9076
2025-10-01 01:20:42,444 - root - INFO - validate loss: 0.3753
2025-10-01 01:20:42,444 - root - INFO - validate average_precision, 0.8860
2025-10-01 01:20:42,444 - root - INFO - validate roc_auc, 0.9094
2025-10-01 01:20:42,444 - root - INFO - new node validate loss: 0.3572
2025-10-01 01:20:42,444 - root - INFO - new node validate average_precision, 0.9051
2025-10-01 01:20:42,444 - root - INFO - new node validate roc_auc, 0.9221
2025-10-01 01:20:54,607 - root - INFO - test loss: 0.3495
2025-10-01 01:20:54,608 - root - INFO - test average_precision, 0.8991
2025-10-01 01:20:54,608 - root - INFO - best test average_precision: 0.8991
2025-10-01 01:20:54,608 - root - INFO - test roc_auc, 0.9205
2025-10-01 01:20:54,608 - root - INFO - new node test loss: 0.3328
2025-10-01 01:20:54,608 - root - INFO - new node test average_precision, 0.9115
2025-10-01 01:20:54,608 - root - INFO - new node test roc_auc, 0.9348
2025-10-01 01:20:54,609 - root - INFO - save model ./saved_models/JODIE/SocialEvo/JODIE_seed2/JODIE_seed2.pkl
2025-10-01 01:22:17,751 - root - INFO - Epoch: 63, learning rate: 0.0001, train loss: 0.3700
2025-10-01 01:22:17,752 - root - INFO - train average_precision, 0.8841
2025-10-01 01:22:17,753 - root - INFO - train roc_auc, 0.9075
2025-10-01 01:22:17,753 - root - INFO - validate loss: 0.3818
2025-10-01 01:22:17,753 - root - INFO - validate average_precision, 0.8798
2025-10-01 01:22:17,753 - root - INFO - validate roc_auc, 0.9049
2025-10-01 01:22:17,754 - root - INFO - new node validate loss: 0.3894
2025-10-01 01:22:17,754 - root - INFO - new node validate average_precision, 0.8986
2025-10-01 01:22:17,754 - root - INFO - new node validate roc_auc, 0.9201
2025-10-01 01:22:30,032 - root - INFO - test loss: 0.3970
2025-10-01 01:22:30,032 - root - INFO - test average_precision, 0.8523
2025-10-01 01:22:30,032 - root - INFO - best test average_precision: 0.8991
2025-10-01 01:22:30,033 - root - INFO - test roc_auc, 0.9069
2025-10-01 01:22:30,033 - root - INFO - new node test loss: 0.3312
2025-10-01 01:22:30,033 - root - INFO - new node test average_precision, 0.9205
2025-10-01 01:22:30,033 - root - INFO - new node test roc_auc, 0.9376
2025-10-01 01:23:51,847 - root - INFO - Epoch: 64, learning rate: 0.0001, train loss: 0.3712
2025-10-01 01:23:51,848 - root - INFO - train average_precision, 0.8842
2025-10-01 01:23:51,849 - root - INFO - train roc_auc, 0.9076
2025-10-01 01:23:51,849 - root - INFO - validate loss: 0.3701
2025-10-01 01:23:51,849 - root - INFO - validate average_precision, 0.8877
2025-10-01 01:23:51,850 - root - INFO - validate roc_auc, 0.9107
2025-10-01 01:23:51,850 - root - INFO - new node validate loss: 0.3951
2025-10-01 01:23:51,850 - root - INFO - new node validate average_precision, 0.8985
2025-10-01 01:23:51,850 - root - INFO - new node validate roc_auc, 0.9153
2025-10-01 01:24:04,016 - root - INFO - test loss: 0.3499
2025-10-01 01:24:04,016 - root - INFO - test average_precision, 0.8989
2025-10-01 01:24:04,017 - root - INFO - best test average_precision: 0.8991
2025-10-01 01:24:04,017 - root - INFO - test roc_auc, 0.9199
2025-10-01 01:24:04,017 - root - INFO - new node test loss: 0.3415
2025-10-01 01:24:04,017 - root - INFO - new node test average_precision, 0.9225
2025-10-01 01:24:04,017 - root - INFO - new node test roc_auc, 0.9385
2025-10-01 01:24:04,017 - root - INFO - save model ./saved_models/JODIE/SocialEvo/JODIE_seed2/JODIE_seed2.pkl
2025-10-01 01:25:26,796 - root - INFO - Epoch: 65, learning rate: 0.0001, train loss: 0.3710
2025-10-01 01:25:26,798 - root - INFO - train average_precision, 0.8841
2025-10-01 01:25:26,798 - root - INFO - train roc_auc, 0.9074
2025-10-01 01:25:26,799 - root - INFO - validate loss: 0.3724
2025-10-01 01:25:26,799 - root - INFO - validate average_precision, 0.8867
2025-10-01 01:25:26,799 - root - INFO - validate roc_auc, 0.9096
2025-10-01 01:25:26,799 - root - INFO - new node validate loss: 0.3964
2025-10-01 01:25:26,799 - root - INFO - new node validate average_precision, 0.8949
2025-10-01 01:25:26,799 - root - INFO - new node validate roc_auc, 0.9171
2025-10-01 01:25:38,961 - root - INFO - test loss: 0.3733
2025-10-01 01:25:38,962 - root - INFO - test average_precision, 0.8735
2025-10-01 01:25:38,962 - root - INFO - best test average_precision: 0.8991
2025-10-01 01:25:38,962 - root - INFO - test roc_auc, 0.9101
2025-10-01 01:25:38,962 - root - INFO - new node test loss: 0.3317
2025-10-01 01:25:38,962 - root - INFO - new node test average_precision, 0.9146
2025-10-01 01:25:38,962 - root - INFO - new node test roc_auc, 0.9353
2025-10-01 01:27:02,194 - root - INFO - Epoch: 66, learning rate: 0.0001, train loss: 0.3702
2025-10-01 01:27:02,195 - root - INFO - train average_precision, 0.8844
2025-10-01 01:27:02,196 - root - INFO - train roc_auc, 0.9076
2025-10-01 01:27:02,196 - root - INFO - validate loss: 0.3816
2025-10-01 01:27:02,196 - root - INFO - validate average_precision, 0.8834
2025-10-01 01:27:02,197 - root - INFO - validate roc_auc, 0.9067
2025-10-01 01:27:02,197 - root - INFO - new node validate loss: 0.4082
2025-10-01 01:27:02,197 - root - INFO - new node validate average_precision, 0.9068
2025-10-01 01:27:02,197 - root - INFO - new node validate roc_auc, 0.9218
2025-10-01 01:27:14,347 - root - INFO - test loss: 0.3580
2025-10-01 01:27:14,347 - root - INFO - test average_precision, 0.8961
2025-10-01 01:27:14,347 - root - INFO - best test average_precision: 0.8991
2025-10-01 01:27:14,348 - root - INFO - test roc_auc, 0.9176
2025-10-01 01:27:14,348 - root - INFO - new node test loss: 0.3885
2025-10-01 01:27:14,348 - root - INFO - new node test average_precision, 0.9052
2025-10-01 01:27:14,348 - root - INFO - new node test roc_auc, 0.9272
2025-10-01 01:28:36,315 - root - INFO - Epoch: 67, learning rate: 0.0001, train loss: 0.3721
2025-10-01 01:28:36,317 - root - INFO - train average_precision, 0.8840
2025-10-01 01:28:36,317 - root - INFO - train roc_auc, 0.9072
2025-10-01 01:28:36,317 - root - INFO - validate loss: 0.3771
2025-10-01 01:28:36,318 - root - INFO - validate average_precision, 0.8842
2025-10-01 01:28:36,318 - root - INFO - validate roc_auc, 0.9076
2025-10-01 01:28:36,318 - root - INFO - new node validate loss: 0.3709
2025-10-01 01:28:36,318 - root - INFO - new node validate average_precision, 0.9033
2025-10-01 01:28:36,318 - root - INFO - new node validate roc_auc, 0.9220
2025-10-01 01:28:48,455 - root - INFO - test loss: 0.3548
2025-10-01 01:28:48,456 - root - INFO - test average_precision, 0.8960
2025-10-01 01:28:48,456 - root - INFO - best test average_precision: 0.8991
2025-10-01 01:28:48,456 - root - INFO - test roc_auc, 0.9178
2025-10-01 01:28:48,456 - root - INFO - new node test loss: 0.3303
2025-10-01 01:28:48,456 - root - INFO - new node test average_precision, 0.9159
2025-10-01 01:28:48,456 - root - INFO - new node test roc_auc, 0.9370
2025-10-01 01:30:11,267 - root - INFO - Epoch: 68, learning rate: 0.0001, train loss: 0.3712
2025-10-01 01:30:11,268 - root - INFO - train average_precision, 0.8839
2025-10-01 01:30:11,269 - root - INFO - train roc_auc, 0.9072
2025-10-01 01:30:11,269 - root - INFO - validate loss: 0.3787
2025-10-01 01:30:11,269 - root - INFO - validate average_precision, 0.8841
2025-10-01 01:30:11,269 - root - INFO - validate roc_auc, 0.9077
2025-10-01 01:30:11,270 - root - INFO - new node validate loss: 0.3693
2025-10-01 01:30:11,270 - root - INFO - new node validate average_precision, 0.9093
2025-10-01 01:30:11,270 - root - INFO - new node validate roc_auc, 0.9258
2025-10-01 01:30:23,450 - root - INFO - test loss: 0.3936
2025-10-01 01:30:23,450 - root - INFO - test average_precision, 0.8558
2025-10-01 01:30:23,451 - root - INFO - best test average_precision: 0.8991
2025-10-01 01:30:23,451 - root - INFO - test roc_auc, 0.9049
2025-10-01 01:30:23,451 - root - INFO - new node test loss: 0.3271
2025-10-01 01:30:23,451 - root - INFO - new node test average_precision, 0.9193
2025-10-01 01:30:23,451 - root - INFO - new node test roc_auc, 0.9371
2025-10-01 01:31:46,252 - root - INFO - Epoch: 69, learning rate: 0.0001, train loss: 0.3702
2025-10-01 01:31:46,254 - root - INFO - train average_precision, 0.8843
2025-10-01 01:31:46,254 - root - INFO - train roc_auc, 0.9078
2025-10-01 01:31:46,255 - root - INFO - validate loss: 0.3809
2025-10-01 01:31:46,255 - root - INFO - validate average_precision, 0.8847
2025-10-01 01:31:46,255 - root - INFO - validate roc_auc, 0.9077
2025-10-01 01:31:46,255 - root - INFO - new node validate loss: 0.3754
2025-10-01 01:31:46,255 - root - INFO - new node validate average_precision, 0.9065
2025-10-01 01:31:46,255 - root - INFO - new node validate roc_auc, 0.9199
2025-10-01 01:31:58,412 - root - INFO - test loss: 0.3762
2025-10-01 01:31:58,412 - root - INFO - test average_precision, 0.8774
2025-10-01 01:31:58,412 - root - INFO - best test average_precision: 0.8991
2025-10-01 01:31:58,412 - root - INFO - test roc_auc, 0.9096
2025-10-01 01:31:58,412 - root - INFO - new node test loss: 0.3456
2025-10-01 01:31:58,412 - root - INFO - new node test average_precision, 0.9189
2025-10-01 01:31:58,413 - root - INFO - new node test roc_auc, 0.9350
2025-10-01 01:33:21,330 - root - INFO - Epoch: 70, learning rate: 0.0001, train loss: 0.3686
2025-10-01 01:33:21,332 - root - INFO - train average_precision, 0.8849
2025-10-01 01:33:21,332 - root - INFO - train roc_auc, 0.9084
2025-10-01 01:33:21,332 - root - INFO - validate loss: 0.3822
2025-10-01 01:33:21,333 - root - INFO - validate average_precision, 0.8822
2025-10-01 01:33:21,333 - root - INFO - validate roc_auc, 0.9055
2025-10-01 01:33:21,333 - root - INFO - new node validate loss: 0.3925
2025-10-01 01:33:21,333 - root - INFO - new node validate average_precision, 0.9051
2025-10-01 01:33:21,333 - root - INFO - new node validate roc_auc, 0.9191
2025-10-01 01:33:33,569 - root - INFO - test loss: 0.3886
2025-10-01 01:33:33,569 - root - INFO - test average_precision, 0.8584
2025-10-01 01:33:33,569 - root - INFO - best test average_precision: 0.8991
2025-10-01 01:33:33,569 - root - INFO - test roc_auc, 0.9049
2025-10-01 01:33:33,570 - root - INFO - new node test loss: 0.3581
2025-10-01 01:33:33,570 - root - INFO - new node test average_precision, 0.9088
2025-10-01 01:33:33,570 - root - INFO - new node test roc_auc, 0.9317
2025-10-01 01:34:56,915 - root - INFO - Epoch: 71, learning rate: 0.0001, train loss: 0.3679
2025-10-01 01:34:56,917 - root - INFO - train average_precision, 0.8854
2025-10-01 01:34:56,917 - root - INFO - train roc_auc, 0.9085
2025-10-01 01:34:56,918 - root - INFO - validate loss: 0.3909
2025-10-01 01:34:56,918 - root - INFO - validate average_precision, 0.8666
2025-10-01 01:34:56,918 - root - INFO - validate roc_auc, 0.9020
2025-10-01 01:34:56,918 - root - INFO - new node validate loss: 0.3615
2025-10-01 01:34:56,918 - root - INFO - new node validate average_precision, 0.9088
2025-10-01 01:34:56,918 - root - INFO - new node validate roc_auc, 0.9237
2025-10-01 01:35:09,238 - root - INFO - test loss: 0.4799
2025-10-01 01:35:09,239 - root - INFO - test average_precision, 0.8487
2025-10-01 01:35:09,239 - root - INFO - best test average_precision: 0.8991
2025-10-01 01:35:09,239 - root - INFO - test roc_auc, 0.9054
2025-10-01 01:35:09,239 - root - INFO - new node test loss: 0.3266
2025-10-01 01:35:09,239 - root - INFO - new node test average_precision, 0.9177
2025-10-01 01:35:09,239 - root - INFO - new node test roc_auc, 0.9369
2025-10-01 01:36:31,997 - root - INFO - Epoch: 72, learning rate: 0.0001, train loss: 0.3705
2025-10-01 01:36:31,999 - root - INFO - train average_precision, 0.8838
2025-10-01 01:36:32,000 - root - INFO - train roc_auc, 0.9075
2025-10-01 01:36:32,000 - root - INFO - validate loss: 0.3763
2025-10-01 01:36:32,000 - root - INFO - validate average_precision, 0.8862
2025-10-01 01:36:32,000 - root - INFO - validate roc_auc, 0.9090
2025-10-01 01:36:32,000 - root - INFO - new node validate loss: 0.3704
2025-10-01 01:36:32,001 - root - INFO - new node validate average_precision, 0.9064
2025-10-01 01:36:32,001 - root - INFO - new node validate roc_auc, 0.9197
2025-10-01 01:36:44,567 - root - INFO - test loss: 0.3524
2025-10-01 01:36:44,568 - root - INFO - test average_precision, 0.8992
2025-10-01 01:36:44,568 - root - INFO - best test average_precision: 0.8992
2025-10-01 01:36:44,568 - root - INFO - test roc_auc, 0.9200
2025-10-01 01:36:44,568 - root - INFO - new node test loss: 0.3406
2025-10-01 01:36:44,569 - root - INFO - new node test average_precision, 0.9226
2025-10-01 01:36:44,569 - root - INFO - new node test roc_auc, 0.9369
2025-10-01 01:38:08,786 - root - INFO - Epoch: 73, learning rate: 0.0001, train loss: 0.3698
2025-10-01 01:38:08,788 - root - INFO - train average_precision, 0.8841
2025-10-01 01:38:08,789 - root - INFO - train roc_auc, 0.9077
2025-10-01 01:38:08,789 - root - INFO - validate loss: 0.3946
2025-10-01 01:38:08,789 - root - INFO - validate average_precision, 0.8754
2025-10-01 01:38:08,789 - root - INFO - validate roc_auc, 0.9000
2025-10-01 01:38:08,789 - root - INFO - new node validate loss: 0.3708
2025-10-01 01:38:08,789 - root - INFO - new node validate average_precision, 0.9020
2025-10-01 01:38:08,789 - root - INFO - new node validate roc_auc, 0.9207
2025-10-01 01:38:21,234 - root - INFO - test loss: 0.4163
2025-10-01 01:38:21,234 - root - INFO - test average_precision, 0.8399
2025-10-01 01:38:21,234 - root - INFO - best test average_precision: 0.8992
2025-10-01 01:38:21,234 - root - INFO - test roc_auc, 0.8937
2025-10-01 01:38:21,234 - root - INFO - new node test loss: 0.3514
2025-10-01 01:38:21,235 - root - INFO - new node test average_precision, 0.9062
2025-10-01 01:38:21,235 - root - INFO - new node test roc_auc, 0.9334
2025-10-01 01:39:44,833 - root - INFO - Epoch: 74, learning rate: 0.0001, train loss: 0.3694
2025-10-01 01:39:44,834 - root - INFO - train average_precision, 0.8851
2025-10-01 01:39:44,835 - root - INFO - train roc_auc, 0.9083
2025-10-01 01:39:44,835 - root - INFO - validate loss: 0.3875
2025-10-01 01:39:44,835 - root - INFO - validate average_precision, 0.8785
2025-10-01 01:39:44,836 - root - INFO - validate roc_auc, 0.9052
2025-10-01 01:39:44,836 - root - INFO - new node validate loss: 0.3532
2025-10-01 01:39:44,836 - root - INFO - new node validate average_precision, 0.9153
2025-10-01 01:39:44,836 - root - INFO - new node validate roc_auc, 0.9302
2025-10-01 01:39:57,368 - root - INFO - test loss: 0.4180
2025-10-01 01:39:57,369 - root - INFO - test average_precision, 0.8503
2025-10-01 01:39:57,369 - root - INFO - best test average_precision: 0.8992
2025-10-01 01:39:57,369 - root - INFO - test roc_auc, 0.9068
2025-10-01 01:39:57,369 - root - INFO - new node test loss: 0.3673
2025-10-01 01:39:57,369 - root - INFO - new node test average_precision, 0.9078
2025-10-01 01:39:57,369 - root - INFO - new node test roc_auc, 0.9307
2025-10-01 01:41:21,677 - root - INFO - Epoch: 75, learning rate: 0.0001, train loss: 0.3672
2025-10-01 01:41:21,678 - root - INFO - train average_precision, 0.8854
2025-10-01 01:41:21,679 - root - INFO - train roc_auc, 0.9089
2025-10-01 01:41:21,679 - root - INFO - validate loss: 0.3894
2025-10-01 01:41:21,679 - root - INFO - validate average_precision, 0.8731
2025-10-01 01:41:21,680 - root - INFO - validate roc_auc, 0.9021
2025-10-01 01:41:21,680 - root - INFO - new node validate loss: 0.3447
2025-10-01 01:41:21,680 - root - INFO - new node validate average_precision, 0.9036
2025-10-01 01:41:21,680 - root - INFO - new node validate roc_auc, 0.9268
2025-10-01 01:41:34,179 - root - INFO - test loss: 0.4414
2025-10-01 01:41:34,179 - root - INFO - test average_precision, 0.8433
2025-10-01 01:41:34,180 - root - INFO - best test average_precision: 0.8992
2025-10-01 01:41:34,180 - root - INFO - test roc_auc, 0.8997
2025-10-01 01:41:34,180 - root - INFO - new node test loss: 0.3226
2025-10-01 01:41:34,180 - root - INFO - new node test average_precision, 0.9106
2025-10-01 01:41:34,180 - root - INFO - new node test roc_auc, 0.9358
2025-10-01 01:42:58,648 - root - INFO - Epoch: 76, learning rate: 0.0001, train loss: 0.3694
2025-10-01 01:42:58,649 - root - INFO - train average_precision, 0.8843
2025-10-01 01:42:58,650 - root - INFO - train roc_auc, 0.9079
2025-10-01 01:42:58,650 - root - INFO - validate loss: 0.3762
2025-10-01 01:42:58,651 - root - INFO - validate average_precision, 0.8865
2025-10-01 01:42:58,651 - root - INFO - validate roc_auc, 0.9094
2025-10-01 01:42:58,651 - root - INFO - new node validate loss: 0.3798
2025-10-01 01:42:58,651 - root - INFO - new node validate average_precision, 0.9086
2025-10-01 01:42:58,651 - root - INFO - new node validate roc_auc, 0.9244
2025-10-01 01:43:11,056 - root - INFO - test loss: 0.3485
2025-10-01 01:43:11,057 - root - INFO - test average_precision, 0.9007
2025-10-01 01:43:11,057 - root - INFO - best test average_precision: 0.9007
2025-10-01 01:43:11,057 - root - INFO - test roc_auc, 0.9216
2025-10-01 01:43:11,057 - root - INFO - new node test loss: 0.3394
2025-10-01 01:43:11,057 - root - INFO - new node test average_precision, 0.9217
2025-10-01 01:43:11,057 - root - INFO - new node test roc_auc, 0.9392
2025-10-01 01:44:34,384 - root - INFO - Epoch: 77, learning rate: 0.0001, train loss: 0.3673
2025-10-01 01:44:34,386 - root - INFO - train average_precision, 0.8851
2025-10-01 01:44:34,387 - root - INFO - train roc_auc, 0.9087
2025-10-01 01:44:34,387 - root - INFO - validate loss: 0.3952
2025-10-01 01:44:34,388 - root - INFO - validate average_precision, 0.8807
2025-10-01 01:44:34,388 - root - INFO - validate roc_auc, 0.9036
2025-10-01 01:44:34,388 - root - INFO - new node validate loss: 0.4080
2025-10-01 01:44:34,388 - root - INFO - new node validate average_precision, 0.8978
2025-10-01 01:44:34,388 - root - INFO - new node validate roc_auc, 0.9162
2025-10-01 01:44:46,610 - root - INFO - test loss: 0.3763
2025-10-01 01:44:46,611 - root - INFO - test average_precision, 0.8904
2025-10-01 01:44:46,611 - root - INFO - best test average_precision: 0.9007
2025-10-01 01:44:46,611 - root - INFO - test roc_auc, 0.9130
2025-10-01 01:44:46,612 - root - INFO - new node test loss: 0.3696
2025-10-01 01:44:46,612 - root - INFO - new node test average_precision, 0.9132
2025-10-01 01:44:46,612 - root - INFO - new node test roc_auc, 0.9340
2025-10-01 01:46:09,358 - root - INFO - Epoch: 78, learning rate: 0.0001, train loss: 0.3675
2025-10-01 01:46:09,359 - root - INFO - train average_precision, 0.8858
2025-10-01 01:46:09,360 - root - INFO - train roc_auc, 0.9093
2025-10-01 01:46:09,360 - root - INFO - validate loss: 0.3808
2025-10-01 01:46:09,360 - root - INFO - validate average_precision, 0.8849
2025-10-01 01:46:09,361 - root - INFO - validate roc_auc, 0.9077
2025-10-01 01:46:09,361 - root - INFO - new node validate loss: 0.3733
2025-10-01 01:46:09,361 - root - INFO - new node validate average_precision, 0.9135
2025-10-01 01:46:09,361 - root - INFO - new node validate roc_auc, 0.9275
2025-10-01 01:46:21,535 - root - INFO - test loss: 0.3623
2025-10-01 01:46:21,535 - root - INFO - test average_precision, 0.8916
2025-10-01 01:46:21,535 - root - INFO - best test average_precision: 0.9007
2025-10-01 01:46:21,535 - root - INFO - test roc_auc, 0.9157
2025-10-01 01:46:21,536 - root - INFO - new node test loss: 0.3464
2025-10-01 01:46:21,536 - root - INFO - new node test average_precision, 0.9176
2025-10-01 01:46:21,536 - root - INFO - new node test roc_auc, 0.9362
2025-10-01 01:47:44,648 - root - INFO - Epoch: 79, learning rate: 0.0001, train loss: 0.3655
2025-10-01 01:47:44,650 - root - INFO - train average_precision, 0.8860
2025-10-01 01:47:44,651 - root - INFO - train roc_auc, 0.9096
2025-10-01 01:47:44,651 - root - INFO - validate loss: 0.3810
2025-10-01 01:47:44,651 - root - INFO - validate average_precision, 0.8848
2025-10-01 01:47:44,651 - root - INFO - validate roc_auc, 0.9081
2025-10-01 01:47:44,651 - root - INFO - new node validate loss: 0.3354
2025-10-01 01:47:44,651 - root - INFO - new node validate average_precision, 0.9163
2025-10-01 01:47:44,652 - root - INFO - new node validate roc_auc, 0.9290
2025-10-01 01:47:56,902 - root - INFO - test loss: 0.3653
2025-10-01 01:47:56,902 - root - INFO - test average_precision, 0.8826
2025-10-01 01:47:56,902 - root - INFO - best test average_precision: 0.9007
2025-10-01 01:47:56,902 - root - INFO - test roc_auc, 0.9136
2025-10-01 01:47:56,902 - root - INFO - new node test loss: 0.3306
2025-10-01 01:47:56,903 - root - INFO - new node test average_precision, 0.9157
2025-10-01 01:47:56,903 - root - INFO - new node test roc_auc, 0.9334
2025-10-01 01:49:20,092 - root - INFO - Epoch: 80, learning rate: 0.0001, train loss: 0.3678
2025-10-01 01:49:20,094 - root - INFO - train average_precision, 0.8851
2025-10-01 01:49:20,095 - root - INFO - train roc_auc, 0.9086
2025-10-01 01:49:20,095 - root - INFO - validate loss: 0.3771
2025-10-01 01:49:20,095 - root - INFO - validate average_precision, 0.8852
2025-10-01 01:49:20,096 - root - INFO - validate roc_auc, 0.9077
2025-10-01 01:49:20,096 - root - INFO - new node validate loss: 0.4210
2025-10-01 01:49:20,096 - root - INFO - new node validate average_precision, 0.9038
2025-10-01 01:49:20,096 - root - INFO - new node validate roc_auc, 0.9206
2025-10-01 01:49:32,371 - root - INFO - test loss: 0.3827
2025-10-01 01:49:32,372 - root - INFO - test average_precision, 0.8682
2025-10-01 01:49:32,372 - root - INFO - best test average_precision: 0.9007
2025-10-01 01:49:32,372 - root - INFO - test roc_auc, 0.9088
2025-10-01 01:49:32,372 - root - INFO - new node test loss: 0.3835
2025-10-01 01:49:32,372 - root - INFO - new node test average_precision, 0.9144
2025-10-01 01:49:32,372 - root - INFO - new node test roc_auc, 0.9342
2025-10-01 01:50:55,506 - root - INFO - Epoch: 81, learning rate: 0.0001, train loss: 0.3669
2025-10-01 01:50:55,508 - root - INFO - train average_precision, 0.8857
2025-10-01 01:50:55,508 - root - INFO - train roc_auc, 0.9090
2025-10-01 01:50:55,509 - root - INFO - validate loss: 0.3787
2025-10-01 01:50:55,509 - root - INFO - validate average_precision, 0.8857
2025-10-01 01:50:55,509 - root - INFO - validate roc_auc, 0.9085
2025-10-01 01:50:55,509 - root - INFO - new node validate loss: 0.3812
2025-10-01 01:50:55,509 - root - INFO - new node validate average_precision, 0.8871
2025-10-01 01:50:55,509 - root - INFO - new node validate roc_auc, 0.9185
2025-10-01 01:51:07,713 - root - INFO - test loss: 0.3924
2025-10-01 01:51:07,713 - root - INFO - test average_precision, 0.8569
2025-10-01 01:51:07,713 - root - INFO - best test average_precision: 0.9007
2025-10-01 01:51:07,714 - root - INFO - test roc_auc, 0.9035
2025-10-01 01:51:07,714 - root - INFO - new node test loss: 0.3359
2025-10-01 01:51:07,714 - root - INFO - new node test average_precision, 0.9183
2025-10-01 01:51:07,714 - root - INFO - new node test roc_auc, 0.9362
2025-10-01 01:52:30,189 - root - INFO - Epoch: 82, learning rate: 0.0001, train loss: 0.3684
2025-10-01 01:52:30,190 - root - INFO - train average_precision, 0.8852
2025-10-01 01:52:30,191 - root - INFO - train roc_auc, 0.9086
2025-10-01 01:52:30,191 - root - INFO - validate loss: 0.3777
2025-10-01 01:52:30,192 - root - INFO - validate average_precision, 0.8843
2025-10-01 01:52:30,192 - root - INFO - validate roc_auc, 0.9078
2025-10-01 01:52:30,192 - root - INFO - new node validate loss: 0.3717
2025-10-01 01:52:30,192 - root - INFO - new node validate average_precision, 0.9059
2025-10-01 01:52:30,192 - root - INFO - new node validate roc_auc, 0.9220
2025-10-01 01:52:42,506 - root - INFO - test loss: 0.3960
2025-10-01 01:52:42,506 - root - INFO - test average_precision, 0.8519
2025-10-01 01:52:42,506 - root - INFO - best test average_precision: 0.9007
2025-10-01 01:52:42,507 - root - INFO - test roc_auc, 0.9061
2025-10-01 01:52:42,507 - root - INFO - new node test loss: 0.3363
2025-10-01 01:52:42,507 - root - INFO - new node test average_precision, 0.9185
2025-10-01 01:52:42,507 - root - INFO - new node test roc_auc, 0.9363
2025-10-01 01:54:05,824 - root - INFO - Epoch: 83, learning rate: 0.0001, train loss: 0.3667
2025-10-01 01:54:05,825 - root - INFO - train average_precision, 0.8861
2025-10-01 01:54:05,826 - root - INFO - train roc_auc, 0.9092
2025-10-01 01:54:05,826 - root - INFO - validate loss: 0.3793
2025-10-01 01:54:05,826 - root - INFO - validate average_precision, 0.8845
2025-10-01 01:54:05,827 - root - INFO - validate roc_auc, 0.9075
2025-10-01 01:54:05,827 - root - INFO - new node validate loss: 0.3774
2025-10-01 01:54:05,827 - root - INFO - new node validate average_precision, 0.9066
2025-10-01 01:54:05,827 - root - INFO - new node validate roc_auc, 0.9223
2025-10-01 01:54:18,133 - root - INFO - test loss: 0.3540
2025-10-01 01:54:18,133 - root - INFO - test average_precision, 0.8979
2025-10-01 01:54:18,133 - root - INFO - best test average_precision: 0.9007
2025-10-01 01:54:18,133 - root - INFO - test roc_auc, 0.9189
2025-10-01 01:54:18,134 - root - INFO - new node test loss: 0.3479
2025-10-01 01:54:18,134 - root - INFO - new node test average_precision, 0.9086
2025-10-01 01:54:18,134 - root - INFO - new node test roc_auc, 0.9314
2025-10-01 01:55:41,012 - root - INFO - Epoch: 84, learning rate: 0.0001, train loss: 0.3653
2025-10-01 01:55:41,014 - root - INFO - train average_precision, 0.8866
2025-10-01 01:55:41,015 - root - INFO - train roc_auc, 0.9096
2025-10-01 01:55:41,015 - root - INFO - validate loss: 0.3845
2025-10-01 01:55:41,015 - root - INFO - validate average_precision, 0.8816
2025-10-01 01:55:41,015 - root - INFO - validate roc_auc, 0.9062
2025-10-01 01:55:41,015 - root - INFO - new node validate loss: 0.4089
2025-10-01 01:55:41,016 - root - INFO - new node validate average_precision, 0.9105
2025-10-01 01:55:41,016 - root - INFO - new node validate roc_auc, 0.9249
2025-10-01 01:55:53,227 - root - INFO - test loss: 0.4176
2025-10-01 01:55:53,227 - root - INFO - test average_precision, 0.8461
2025-10-01 01:55:53,227 - root - INFO - best test average_precision: 0.9007
2025-10-01 01:55:53,228 - root - INFO - test roc_auc, 0.9026
2025-10-01 01:55:53,228 - root - INFO - new node test loss: 0.3801
2025-10-01 01:55:53,228 - root - INFO - new node test average_precision, 0.9064
2025-10-01 01:55:53,228 - root - INFO - new node test roc_auc, 0.9300
2025-10-01 01:55:53,228 - root - INFO - load model ./saved_models/JODIE/SocialEvo/JODIE_seed2/JODIE_seed2.pkl
2025-10-01 01:55:53,274 - root - INFO - get final performance on dataset SocialEvo...
2025-10-01 01:56:05,497 - root - INFO - test loss: 0.3499
2025-10-01 01:56:05,498 - root - INFO - test average_precision, 0.8989
2025-10-01 01:56:05,498 - root - INFO - test roc_auc, 0.9199
2025-10-01 01:56:05,498 - root - INFO - new node test loss: 0.3415
2025-10-01 01:56:05,498 - root - INFO - new node test average_precision, 0.9225
2025-10-01 01:56:05,498 - root - INFO - new node test roc_auc, 0.9385
2025-10-01 01:56:05,498 - root - INFO - Run 3 cost 8047.24 seconds.
