2025-10-01 06:55:19,855 - root - INFO - ********** Run 5 starts. **********
2025-10-01 06:55:19,855 - root - INFO - configuration is Namespace(dataset_name='enron', batch_size=200, model_name='TGAT', gpu=0, num_neighbors=20, sample_neighbor_strategy='recent', time_scaling_factor=1e-06, num_walk_heads=8, num_heads=2, num_layers=2, walk_length=1, time_gap=2000, time_feat_dim=128, position_feat_dim=172, time_window_mode='fixed_proportion', time_encoder_type='original', expert_dim=64, num_mixtures=4, patch_size=1, channel_embedding_dim=50, max_input_sequence_length=32, learning_rate=0.0001, dropout=0.2, gamma=0.5, num_epochs=100, optimizer='Adam', weight_decay=0.0, patience=20, val_ratio=0.15, test_ratio=0.15, num_runs=5, test_interval_epochs=1, negative_sample_strategy='random', max_interaction_times=10, load_best_configs=True, device='cuda:0', seed=4, save_model_name='TGAT_seed4')
2025-10-01 06:55:19,856 - root - INFO - time encoder type: original
2025-10-01 06:55:19,903 - root - INFO - model -> Sequential(
  (0): TGAT(
    (time_encoder): TimeEncoderWrapper(
      (encoder): TimeEncoder(
        (w): Linear(in_features=1, out_features=128, bias=True)
      )
    )
    (temporal_conv_layers): ModuleList(
      (0-1): 2 x MultiHeadAttention(
        (query_projection): Linear(in_features=300, out_features=300, bias=False)
        (key_projection): Linear(in_features=472, out_features=300, bias=False)
        (value_projection): Linear(in_features=472, out_features=300, bias=False)
        (layer_norm): LayerNorm((300,), eps=1e-05, elementwise_affine=True)
        (residual_fc): Linear(in_features=300, out_features=300, bias=True)
        (dropout): Dropout(p=0.2, inplace=False)
      )
    )
    (merge_layers): ModuleList(
      (0-1): 2 x MergeLayer(
        (fc1): Linear(in_features=472, out_features=172, bias=True)
        (fc2): Linear(in_features=172, out_features=172, bias=True)
        (act): ReLU()
      )
    )
  )
  (1): MergeLayer(
    (fc1): Linear(in_features=344, out_features=172, bias=True)
    (fc2): Linear(in_features=172, out_features=1, bias=True)
    (act): ReLU()
  )
)
2025-10-01 06:55:19,904 - root - INFO - model name: TGAT, #parameters: 4840772 B, 4727.31640625 KB, 4.616519927978516 MB.
2025-10-01 06:56:26,982 - root - INFO - Epoch: 1, learning rate: 0.0001, train loss: 0.6091
2025-10-01 06:56:26,983 - root - INFO - train average_precision, 0.6418
2025-10-01 06:56:26,983 - root - INFO - train roc_auc, 0.6853
2025-10-01 06:56:26,983 - root - INFO - validate loss: 0.6613
2025-10-01 06:56:26,983 - root - INFO - validate average_precision, 0.6211
2025-10-01 06:56:26,983 - root - INFO - validate roc_auc, 0.6320
2025-10-01 06:56:26,983 - root - INFO - new node validate loss: 0.6664
2025-10-01 06:56:26,983 - root - INFO - new node validate average_precision, 0.6166
2025-10-01 06:56:26,984 - root - INFO - new node validate roc_auc, 0.6225
2025-10-01 06:56:39,959 - root - INFO - test loss: 0.6630
2025-10-01 06:56:39,959 - root - INFO - test average_precision, 0.6281
2025-10-01 06:56:39,960 - root - INFO - best test average_precision: 0.6281
2025-10-01 06:56:39,960 - root - INFO - test roc_auc, 0.6342
2025-10-01 06:56:39,960 - root - INFO - new node test loss: 0.6885
2025-10-01 06:56:39,960 - root - INFO - new node test average_precision, 0.5829
2025-10-01 06:56:39,960 - root - INFO - new node test roc_auc, 0.5908
2025-10-01 06:56:39,960 - root - INFO - save model ./saved_models/TGAT/enron/TGAT_seed4/TGAT_seed4.pkl
2025-10-01 06:57:46,364 - root - INFO - Epoch: 2, learning rate: 0.0001, train loss: 0.5679
2025-10-01 06:57:46,365 - root - INFO - train average_precision, 0.7285
2025-10-01 06:57:46,365 - root - INFO - train roc_auc, 0.7531
2025-10-01 06:57:46,365 - root - INFO - validate loss: 0.6574
2025-10-01 06:57:46,365 - root - INFO - validate average_precision, 0.6335
2025-10-01 06:57:46,365 - root - INFO - validate roc_auc, 0.6367
2025-10-01 06:57:46,365 - root - INFO - new node validate loss: 0.6591
2025-10-01 06:57:46,365 - root - INFO - new node validate average_precision, 0.6322
2025-10-01 06:57:46,365 - root - INFO - new node validate roc_auc, 0.6427
2025-10-01 06:57:59,367 - root - INFO - test loss: 0.6580
2025-10-01 06:57:59,367 - root - INFO - test average_precision, 0.6399
2025-10-01 06:57:59,367 - root - INFO - best test average_precision: 0.6399
2025-10-01 06:57:59,367 - root - INFO - test roc_auc, 0.6381
2025-10-01 06:57:59,367 - root - INFO - new node test loss: 0.6655
2025-10-01 06:57:59,367 - root - INFO - new node test average_precision, 0.6182
2025-10-01 06:57:59,367 - root - INFO - new node test roc_auc, 0.6221
2025-10-01 06:57:59,367 - root - INFO - save model ./saved_models/TGAT/enron/TGAT_seed4/TGAT_seed4.pkl
2025-10-01 06:59:06,236 - root - INFO - Epoch: 3, learning rate: 0.0001, train loss: 0.5664
2025-10-01 06:59:06,237 - root - INFO - train average_precision, 0.7299
2025-10-01 06:59:06,237 - root - INFO - train roc_auc, 0.7524
2025-10-01 06:59:06,237 - root - INFO - validate loss: 0.6496
2025-10-01 06:59:06,237 - root - INFO - validate average_precision, 0.6531
2025-10-01 06:59:06,237 - root - INFO - validate roc_auc, 0.6665
2025-10-01 06:59:06,237 - root - INFO - new node validate loss: 0.6560
2025-10-01 06:59:06,237 - root - INFO - new node validate average_precision, 0.6376
2025-10-01 06:59:06,238 - root - INFO - new node validate roc_auc, 0.6619
2025-10-01 06:59:19,159 - root - INFO - test loss: 0.6612
2025-10-01 06:59:19,160 - root - INFO - test average_precision, 0.6369
2025-10-01 06:59:19,160 - root - INFO - best test average_precision: 0.6399
2025-10-01 06:59:19,160 - root - INFO - test roc_auc, 0.6457
2025-10-01 06:59:19,160 - root - INFO - new node test loss: 0.6716
2025-10-01 06:59:19,160 - root - INFO - new node test average_precision, 0.6153
2025-10-01 06:59:19,160 - root - INFO - new node test roc_auc, 0.6156
2025-10-01 06:59:19,160 - root - INFO - save model ./saved_models/TGAT/enron/TGAT_seed4/TGAT_seed4.pkl
2025-10-01 07:00:26,325 - root - INFO - Epoch: 4, learning rate: 0.0001, train loss: 0.5661
2025-10-01 07:00:26,326 - root - INFO - train average_precision, 0.7314
2025-10-01 07:00:26,326 - root - INFO - train roc_auc, 0.7531
2025-10-01 07:00:26,326 - root - INFO - validate loss: 0.6474
2025-10-01 07:00:26,326 - root - INFO - validate average_precision, 0.6563
2025-10-01 07:00:26,326 - root - INFO - validate roc_auc, 0.6616
2025-10-01 07:00:26,326 - root - INFO - new node validate loss: 0.6588
2025-10-01 07:00:26,326 - root - INFO - new node validate average_precision, 0.6292
2025-10-01 07:00:26,326 - root - INFO - new node validate roc_auc, 0.6450
2025-10-01 07:00:39,330 - root - INFO - test loss: 0.6418
2025-10-01 07:00:39,330 - root - INFO - test average_precision, 0.6707
2025-10-01 07:00:39,330 - root - INFO - best test average_precision: 0.6707
2025-10-01 07:00:39,330 - root - INFO - test roc_auc, 0.6719
2025-10-01 07:00:39,330 - root - INFO - new node test loss: 0.6642
2025-10-01 07:00:39,330 - root - INFO - new node test average_precision, 0.6264
2025-10-01 07:00:39,330 - root - INFO - new node test roc_auc, 0.6390
2025-10-01 07:01:46,081 - root - INFO - Epoch: 5, learning rate: 0.0001, train loss: 0.5660
2025-10-01 07:01:46,082 - root - INFO - train average_precision, 0.7279
2025-10-01 07:01:46,082 - root - INFO - train roc_auc, 0.7498
2025-10-01 07:01:46,082 - root - INFO - validate loss: 0.6602
2025-10-01 07:01:46,082 - root - INFO - validate average_precision, 0.6338
2025-10-01 07:01:46,082 - root - INFO - validate roc_auc, 0.6339
2025-10-01 07:01:46,082 - root - INFO - new node validate loss: 0.6647
2025-10-01 07:01:46,082 - root - INFO - new node validate average_precision, 0.6344
2025-10-01 07:01:46,082 - root - INFO - new node validate roc_auc, 0.6405
2025-10-01 07:01:59,083 - root - INFO - test loss: 0.6705
2025-10-01 07:01:59,084 - root - INFO - test average_precision, 0.6249
2025-10-01 07:01:59,084 - root - INFO - best test average_precision: 0.6707
2025-10-01 07:01:59,084 - root - INFO - test roc_auc, 0.6155
2025-10-01 07:01:59,084 - root - INFO - new node test loss: 0.6791
2025-10-01 07:01:59,084 - root - INFO - new node test average_precision, 0.6041
2025-10-01 07:01:59,084 - root - INFO - new node test roc_auc, 0.5978
2025-10-01 07:03:06,601 - root - INFO - Epoch: 6, learning rate: 0.0001, train loss: 0.5671
2025-10-01 07:03:06,601 - root - INFO - train average_precision, 0.7265
2025-10-01 07:03:06,601 - root - INFO - train roc_auc, 0.7494
2025-10-01 07:03:06,601 - root - INFO - validate loss: 0.6553
2025-10-01 07:03:06,601 - root - INFO - validate average_precision, 0.6496
2025-10-01 07:03:06,601 - root - INFO - validate roc_auc, 0.6566
2025-10-01 07:03:06,601 - root - INFO - new node validate loss: 0.6572
2025-10-01 07:03:06,601 - root - INFO - new node validate average_precision, 0.6373
2025-10-01 07:03:06,601 - root - INFO - new node validate roc_auc, 0.6598
2025-10-01 07:03:19,567 - root - INFO - test loss: 0.6596
2025-10-01 07:03:19,568 - root - INFO - test average_precision, 0.6510
2025-10-01 07:03:19,568 - root - INFO - best test average_precision: 0.6707
2025-10-01 07:03:19,568 - root - INFO - test roc_auc, 0.6471
2025-10-01 07:03:19,569 - root - INFO - new node test loss: 0.6759
2025-10-01 07:03:19,569 - root - INFO - new node test average_precision, 0.6036
2025-10-01 07:03:19,569 - root - INFO - new node test roc_auc, 0.5950
2025-10-01 07:04:26,304 - root - INFO - Epoch: 7, learning rate: 0.0001, train loss: 0.5654
2025-10-01 07:04:26,304 - root - INFO - train average_precision, 0.7349
2025-10-01 07:04:26,304 - root - INFO - train roc_auc, 0.7536
2025-10-01 07:04:26,304 - root - INFO - validate loss: 0.6490
2025-10-01 07:04:26,304 - root - INFO - validate average_precision, 0.6574
2025-10-01 07:04:26,305 - root - INFO - validate roc_auc, 0.6656
2025-10-01 07:04:26,305 - root - INFO - new node validate loss: 0.6541
2025-10-01 07:04:26,305 - root - INFO - new node validate average_precision, 0.6379
2025-10-01 07:04:26,305 - root - INFO - new node validate roc_auc, 0.6612
2025-10-01 07:04:39,323 - root - INFO - test loss: 0.6537
2025-10-01 07:04:39,323 - root - INFO - test average_precision, 0.6552
2025-10-01 07:04:39,323 - root - INFO - best test average_precision: 0.6707
2025-10-01 07:04:39,323 - root - INFO - test roc_auc, 0.6566
2025-10-01 07:04:39,323 - root - INFO - new node test loss: 0.6822
2025-10-01 07:04:39,323 - root - INFO - new node test average_precision, 0.6028
2025-10-01 07:04:39,323 - root - INFO - new node test roc_auc, 0.6012
2025-10-01 07:05:45,667 - root - INFO - Epoch: 8, learning rate: 0.0001, train loss: 0.5631
2025-10-01 07:05:45,667 - root - INFO - train average_precision, 0.7360
2025-10-01 07:05:45,667 - root - INFO - train roc_auc, 0.7555
2025-10-01 07:05:45,667 - root - INFO - validate loss: 0.6469
2025-10-01 07:05:45,667 - root - INFO - validate average_precision, 0.6552
2025-10-01 07:05:45,667 - root - INFO - validate roc_auc, 0.6626
2025-10-01 07:05:45,667 - root - INFO - new node validate loss: 0.6534
2025-10-01 07:05:45,667 - root - INFO - new node validate average_precision, 0.6387
2025-10-01 07:05:45,667 - root - INFO - new node validate roc_auc, 0.6571
2025-10-01 07:05:58,619 - root - INFO - test loss: 0.6621
2025-10-01 07:05:58,619 - root - INFO - test average_precision, 0.6487
2025-10-01 07:05:58,619 - root - INFO - best test average_precision: 0.6707
2025-10-01 07:05:58,619 - root - INFO - test roc_auc, 0.6379
2025-10-01 07:05:58,619 - root - INFO - new node test loss: 0.6827
2025-10-01 07:05:58,619 - root - INFO - new node test average_precision, 0.6132
2025-10-01 07:05:58,619 - root - INFO - new node test roc_auc, 0.6060
2025-10-01 07:07:05,589 - root - INFO - Epoch: 9, learning rate: 0.0001, train loss: 0.5604
2025-10-01 07:07:05,589 - root - INFO - train average_precision, 0.7415
2025-10-01 07:07:05,589 - root - INFO - train roc_auc, 0.7597
2025-10-01 07:07:05,589 - root - INFO - validate loss: 0.6533
2025-10-01 07:07:05,589 - root - INFO - validate average_precision, 0.6525
2025-10-01 07:07:05,589 - root - INFO - validate roc_auc, 0.6532
2025-10-01 07:07:05,589 - root - INFO - new node validate loss: 0.6727
2025-10-01 07:07:05,589 - root - INFO - new node validate average_precision, 0.6173
2025-10-01 07:07:05,590 - root - INFO - new node validate roc_auc, 0.6191
2025-10-01 07:07:18,607 - root - INFO - test loss: 0.6457
2025-10-01 07:07:18,607 - root - INFO - test average_precision, 0.6580
2025-10-01 07:07:18,607 - root - INFO - best test average_precision: 0.6707
2025-10-01 07:07:18,608 - root - INFO - test roc_auc, 0.6542
2025-10-01 07:07:18,608 - root - INFO - new node test loss: 0.6705
2025-10-01 07:07:18,608 - root - INFO - new node test average_precision, 0.6118
2025-10-01 07:07:18,608 - root - INFO - new node test roc_auc, 0.6083
2025-10-01 07:08:25,690 - root - INFO - Epoch: 10, learning rate: 0.0001, train loss: 0.5605
2025-10-01 07:08:25,690 - root - INFO - train average_precision, 0.7401
2025-10-01 07:08:25,690 - root - INFO - train roc_auc, 0.7578
2025-10-01 07:08:25,690 - root - INFO - validate loss: 0.6456
2025-10-01 07:08:25,690 - root - INFO - validate average_precision, 0.6571
2025-10-01 07:08:25,690 - root - INFO - validate roc_auc, 0.6628
2025-10-01 07:08:25,690 - root - INFO - new node validate loss: 0.6578
2025-10-01 07:08:25,691 - root - INFO - new node validate average_precision, 0.6336
2025-10-01 07:08:25,691 - root - INFO - new node validate roc_auc, 0.6528
2025-10-01 07:08:38,630 - root - INFO - test loss: 0.6513
2025-10-01 07:08:38,630 - root - INFO - test average_precision, 0.6545
2025-10-01 07:08:38,630 - root - INFO - best test average_precision: 0.6707
2025-10-01 07:08:38,630 - root - INFO - test roc_auc, 0.6490
2025-10-01 07:08:38,630 - root - INFO - new node test loss: 0.6655
2025-10-01 07:08:38,630 - root - INFO - new node test average_precision, 0.6340
2025-10-01 07:08:38,630 - root - INFO - new node test roc_auc, 0.6220
2025-10-01 07:09:45,612 - root - INFO - Epoch: 11, learning rate: 0.0001, train loss: 0.5581
2025-10-01 07:09:45,612 - root - INFO - train average_precision, 0.7401
2025-10-01 07:09:45,613 - root - INFO - train roc_auc, 0.7599
2025-10-01 07:09:45,613 - root - INFO - validate loss: 0.6602
2025-10-01 07:09:45,613 - root - INFO - validate average_precision, 0.6436
2025-10-01 07:09:45,613 - root - INFO - validate roc_auc, 0.6466
2025-10-01 07:09:45,613 - root - INFO - new node validate loss: 0.6629
2025-10-01 07:09:45,613 - root - INFO - new node validate average_precision, 0.6270
2025-10-01 07:09:45,613 - root - INFO - new node validate roc_auc, 0.6437
2025-10-01 07:09:58,507 - root - INFO - test loss: 0.6457
2025-10-01 07:09:58,508 - root - INFO - test average_precision, 0.6623
2025-10-01 07:09:58,508 - root - INFO - best test average_precision: 0.6707
2025-10-01 07:09:58,508 - root - INFO - test roc_auc, 0.6607
2025-10-01 07:09:58,508 - root - INFO - new node test loss: 0.6718
2025-10-01 07:09:58,508 - root - INFO - new node test average_precision, 0.6146
2025-10-01 07:09:58,508 - root - INFO - new node test roc_auc, 0.6082
2025-10-01 07:11:05,087 - root - INFO - Epoch: 12, learning rate: 0.0001, train loss: 0.5574
2025-10-01 07:11:05,087 - root - INFO - train average_precision, 0.7425
2025-10-01 07:11:05,088 - root - INFO - train roc_auc, 0.7614
2025-10-01 07:11:05,088 - root - INFO - validate loss: 0.6510
2025-10-01 07:11:05,088 - root - INFO - validate average_precision, 0.6515
2025-10-01 07:11:05,088 - root - INFO - validate roc_auc, 0.6602
2025-10-01 07:11:05,088 - root - INFO - new node validate loss: 0.6616
2025-10-01 07:11:05,088 - root - INFO - new node validate average_precision, 0.6238
2025-10-01 07:11:05,088 - root - INFO - new node validate roc_auc, 0.6384
2025-10-01 07:11:18,019 - root - INFO - test loss: 0.6552
2025-10-01 07:11:18,019 - root - INFO - test average_precision, 0.6530
2025-10-01 07:11:18,019 - root - INFO - best test average_precision: 0.6707
2025-10-01 07:11:18,019 - root - INFO - test roc_auc, 0.6531
2025-10-01 07:11:18,019 - root - INFO - new node test loss: 0.6750
2025-10-01 07:11:18,019 - root - INFO - new node test average_precision, 0.6311
2025-10-01 07:11:18,019 - root - INFO - new node test roc_auc, 0.6219
2025-10-01 07:12:24,633 - root - INFO - Epoch: 13, learning rate: 0.0001, train loss: 0.5569
2025-10-01 07:12:24,634 - root - INFO - train average_precision, 0.7470
2025-10-01 07:12:24,634 - root - INFO - train roc_auc, 0.7622
2025-10-01 07:12:24,634 - root - INFO - validate loss: 0.6503
2025-10-01 07:12:24,634 - root - INFO - validate average_precision, 0.6516
2025-10-01 07:12:24,634 - root - INFO - validate roc_auc, 0.6595
2025-10-01 07:12:24,634 - root - INFO - new node validate loss: 0.6603
2025-10-01 07:12:24,634 - root - INFO - new node validate average_precision, 0.6285
2025-10-01 07:12:24,634 - root - INFO - new node validate roc_auc, 0.6464
2025-10-01 07:12:37,579 - root - INFO - test loss: 0.6509
2025-10-01 07:12:37,580 - root - INFO - test average_precision, 0.6598
2025-10-01 07:12:37,580 - root - INFO - best test average_precision: 0.6707
2025-10-01 07:12:37,580 - root - INFO - test roc_auc, 0.6554
2025-10-01 07:12:37,580 - root - INFO - new node test loss: 0.6612
2025-10-01 07:12:37,580 - root - INFO - new node test average_precision, 0.6513
2025-10-01 07:12:37,580 - root - INFO - new node test roc_auc, 0.6411
2025-10-01 07:13:44,130 - root - INFO - Epoch: 14, learning rate: 0.0001, train loss: 0.5555
2025-10-01 07:13:44,131 - root - INFO - train average_precision, 0.7507
2025-10-01 07:13:44,131 - root - INFO - train roc_auc, 0.7644
2025-10-01 07:13:44,131 - root - INFO - validate loss: 0.6512
2025-10-01 07:13:44,131 - root - INFO - validate average_precision, 0.6482
2025-10-01 07:13:44,131 - root - INFO - validate roc_auc, 0.6522
2025-10-01 07:13:44,131 - root - INFO - new node validate loss: 0.6716
2025-10-01 07:13:44,131 - root - INFO - new node validate average_precision, 0.6074
2025-10-01 07:13:44,131 - root - INFO - new node validate roc_auc, 0.6169
2025-10-01 07:13:57,160 - root - INFO - test loss: 0.6438
2025-10-01 07:13:57,160 - root - INFO - test average_precision, 0.6738
2025-10-01 07:13:57,160 - root - INFO - best test average_precision: 0.6738
2025-10-01 07:13:57,160 - root - INFO - test roc_auc, 0.6654
2025-10-01 07:13:57,160 - root - INFO - new node test loss: 0.6698
2025-10-01 07:13:57,160 - root - INFO - new node test average_precision, 0.6364
2025-10-01 07:13:57,160 - root - INFO - new node test roc_auc, 0.6316
2025-10-01 07:15:03,875 - root - INFO - Epoch: 15, learning rate: 0.0001, train loss: 0.5511
2025-10-01 07:15:03,875 - root - INFO - train average_precision, 0.7580
2025-10-01 07:15:03,875 - root - INFO - train roc_auc, 0.7690
2025-10-01 07:15:03,875 - root - INFO - validate loss: 0.6491
2025-10-01 07:15:03,875 - root - INFO - validate average_precision, 0.6569
2025-10-01 07:15:03,875 - root - INFO - validate roc_auc, 0.6629
2025-10-01 07:15:03,875 - root - INFO - new node validate loss: 0.6649
2025-10-01 07:15:03,875 - root - INFO - new node validate average_precision, 0.6317
2025-10-01 07:15:03,875 - root - INFO - new node validate roc_auc, 0.6462
2025-10-01 07:15:16,876 - root - INFO - test loss: 0.6509
2025-10-01 07:15:16,877 - root - INFO - test average_precision, 0.6633
2025-10-01 07:15:16,877 - root - INFO - best test average_precision: 0.6738
2025-10-01 07:15:16,877 - root - INFO - test roc_auc, 0.6573
2025-10-01 07:15:16,877 - root - INFO - new node test loss: 0.6667
2025-10-01 07:15:16,877 - root - INFO - new node test average_precision, 0.6510
2025-10-01 07:15:16,877 - root - INFO - new node test roc_auc, 0.6452
2025-10-01 07:16:23,486 - root - INFO - Epoch: 16, learning rate: 0.0001, train loss: 0.5477
2025-10-01 07:16:23,486 - root - INFO - train average_precision, 0.7632
2025-10-01 07:16:23,486 - root - INFO - train roc_auc, 0.7735
2025-10-01 07:16:23,486 - root - INFO - validate loss: 0.6418
2025-10-01 07:16:23,486 - root - INFO - validate average_precision, 0.6734
2025-10-01 07:16:23,486 - root - INFO - validate roc_auc, 0.6749
2025-10-01 07:16:23,486 - root - INFO - new node validate loss: 0.6566
2025-10-01 07:16:23,486 - root - INFO - new node validate average_precision, 0.6512
2025-10-01 07:16:23,486 - root - INFO - new node validate roc_auc, 0.6636
2025-10-01 07:16:36,383 - root - INFO - test loss: 0.6386
2025-10-01 07:16:36,383 - root - INFO - test average_precision, 0.6765
2025-10-01 07:16:36,383 - root - INFO - best test average_precision: 0.6765
2025-10-01 07:16:36,383 - root - INFO - test roc_auc, 0.6717
2025-10-01 07:16:36,383 - root - INFO - new node test loss: 0.6548
2025-10-01 07:16:36,383 - root - INFO - new node test average_precision, 0.6405
2025-10-01 07:16:36,383 - root - INFO - new node test roc_auc, 0.6381
2025-10-01 07:16:36,383 - root - INFO - save model ./saved_models/TGAT/enron/TGAT_seed4/TGAT_seed4.pkl
2025-10-01 07:17:43,051 - root - INFO - Epoch: 17, learning rate: 0.0001, train loss: 0.5493
2025-10-01 07:17:43,052 - root - INFO - train average_precision, 0.7610
2025-10-01 07:17:43,052 - root - INFO - train roc_auc, 0.7705
2025-10-01 07:17:43,052 - root - INFO - validate loss: 0.6548
2025-10-01 07:17:43,052 - root - INFO - validate average_precision, 0.6662
2025-10-01 07:17:43,052 - root - INFO - validate roc_auc, 0.6638
2025-10-01 07:17:43,052 - root - INFO - new node validate loss: 0.6646
2025-10-01 07:17:43,052 - root - INFO - new node validate average_precision, 0.6395
2025-10-01 07:17:43,052 - root - INFO - new node validate roc_auc, 0.6500
2025-10-01 07:17:56,005 - root - INFO - test loss: 0.6557
2025-10-01 07:17:56,006 - root - INFO - test average_precision, 0.6660
2025-10-01 07:17:56,006 - root - INFO - best test average_precision: 0.6765
2025-10-01 07:17:56,006 - root - INFO - test roc_auc, 0.6585
2025-10-01 07:17:56,006 - root - INFO - new node test loss: 0.6786
2025-10-01 07:17:56,006 - root - INFO - new node test average_precision, 0.6182
2025-10-01 07:17:56,006 - root - INFO - new node test roc_auc, 0.6176
2025-10-01 07:19:02,480 - root - INFO - Epoch: 18, learning rate: 0.0001, train loss: 0.5456
2025-10-01 07:19:02,480 - root - INFO - train average_precision, 0.7656
2025-10-01 07:19:02,480 - root - INFO - train roc_auc, 0.7749
2025-10-01 07:19:02,480 - root - INFO - validate loss: 0.6376
2025-10-01 07:19:02,480 - root - INFO - validate average_precision, 0.6680
2025-10-01 07:19:02,480 - root - INFO - validate roc_auc, 0.6729
2025-10-01 07:19:02,480 - root - INFO - new node validate loss: 0.6621
2025-10-01 07:19:02,480 - root - INFO - new node validate average_precision, 0.6502
2025-10-01 07:19:02,480 - root - INFO - new node validate roc_auc, 0.6670
2025-10-01 07:19:15,450 - root - INFO - test loss: 0.6556
2025-10-01 07:19:15,450 - root - INFO - test average_precision, 0.6699
2025-10-01 07:19:15,450 - root - INFO - best test average_precision: 0.6765
2025-10-01 07:19:15,450 - root - INFO - test roc_auc, 0.6681
2025-10-01 07:19:15,450 - root - INFO - new node test loss: 0.6902
2025-10-01 07:19:15,450 - root - INFO - new node test average_precision, 0.6152
2025-10-01 07:19:15,450 - root - INFO - new node test roc_auc, 0.6014
2025-10-01 07:20:22,401 - root - INFO - Epoch: 19, learning rate: 0.0001, train loss: 0.5498
2025-10-01 07:20:22,401 - root - INFO - train average_precision, 0.7602
2025-10-01 07:20:22,401 - root - INFO - train roc_auc, 0.7707
2025-10-01 07:20:22,401 - root - INFO - validate loss: 0.6399
2025-10-01 07:20:22,401 - root - INFO - validate average_precision, 0.6718
2025-10-01 07:20:22,401 - root - INFO - validate roc_auc, 0.6761
2025-10-01 07:20:22,401 - root - INFO - new node validate loss: 0.6534
2025-10-01 07:20:22,401 - root - INFO - new node validate average_precision, 0.6484
2025-10-01 07:20:22,401 - root - INFO - new node validate roc_auc, 0.6667
2025-10-01 07:20:35,391 - root - INFO - test loss: 0.6463
2025-10-01 07:20:35,392 - root - INFO - test average_precision, 0.6761
2025-10-01 07:20:35,392 - root - INFO - best test average_precision: 0.6765
2025-10-01 07:20:35,392 - root - INFO - test roc_auc, 0.6769
2025-10-01 07:20:35,392 - root - INFO - new node test loss: 0.6751
2025-10-01 07:20:35,392 - root - INFO - new node test average_precision, 0.6190
2025-10-01 07:20:35,392 - root - INFO - new node test roc_auc, 0.6124
2025-10-01 07:21:41,778 - root - INFO - Epoch: 20, learning rate: 0.0001, train loss: 0.5448
2025-10-01 07:21:41,778 - root - INFO - train average_precision, 0.7669
2025-10-01 07:21:41,778 - root - INFO - train roc_auc, 0.7754
2025-10-01 07:21:41,778 - root - INFO - validate loss: 0.6371
2025-10-01 07:21:41,778 - root - INFO - validate average_precision, 0.6785
2025-10-01 07:21:41,778 - root - INFO - validate roc_auc, 0.6812
2025-10-01 07:21:41,778 - root - INFO - new node validate loss: 0.6500
2025-10-01 07:21:41,778 - root - INFO - new node validate average_precision, 0.6575
2025-10-01 07:21:41,778 - root - INFO - new node validate roc_auc, 0.6741
2025-10-01 07:21:54,693 - root - INFO - test loss: 0.6395
2025-10-01 07:21:54,693 - root - INFO - test average_precision, 0.6852
2025-10-01 07:21:54,694 - root - INFO - best test average_precision: 0.6852
2025-10-01 07:21:54,694 - root - INFO - test roc_auc, 0.6821
2025-10-01 07:21:54,694 - root - INFO - new node test loss: 0.6657
2025-10-01 07:21:54,694 - root - INFO - new node test average_precision, 0.6256
2025-10-01 07:21:54,694 - root - INFO - new node test roc_auc, 0.6229
2025-10-01 07:21:54,694 - root - INFO - save model ./saved_models/TGAT/enron/TGAT_seed4/TGAT_seed4.pkl
2025-10-01 07:23:01,402 - root - INFO - Epoch: 21, learning rate: 0.0001, train loss: 0.5466
2025-10-01 07:23:01,402 - root - INFO - train average_precision, 0.7648
2025-10-01 07:23:01,402 - root - INFO - train roc_auc, 0.7727
2025-10-01 07:23:01,402 - root - INFO - validate loss: 0.6432
2025-10-01 07:23:01,402 - root - INFO - validate average_precision, 0.6729
2025-10-01 07:23:01,402 - root - INFO - validate roc_auc, 0.6670
2025-10-01 07:23:01,402 - root - INFO - new node validate loss: 0.6551
2025-10-01 07:23:01,402 - root - INFO - new node validate average_precision, 0.6473
2025-10-01 07:23:01,402 - root - INFO - new node validate roc_auc, 0.6560
2025-10-01 07:23:14,401 - root - INFO - test loss: 0.6341
2025-10-01 07:23:14,401 - root - INFO - test average_precision, 0.6886
2025-10-01 07:23:14,401 - root - INFO - best test average_precision: 0.6886
2025-10-01 07:23:14,401 - root - INFO - test roc_auc, 0.6830
2025-10-01 07:23:14,401 - root - INFO - new node test loss: 0.6565
2025-10-01 07:23:14,401 - root - INFO - new node test average_precision, 0.6557
2025-10-01 07:23:14,401 - root - INFO - new node test roc_auc, 0.6539
2025-10-01 07:24:20,754 - root - INFO - Epoch: 22, learning rate: 0.0001, train loss: 0.5404
2025-10-01 07:24:20,754 - root - INFO - train average_precision, 0.7700
2025-10-01 07:24:20,754 - root - INFO - train roc_auc, 0.7802
2025-10-01 07:24:20,754 - root - INFO - validate loss: 0.6437
2025-10-01 07:24:20,754 - root - INFO - validate average_precision, 0.6699
2025-10-01 07:24:20,754 - root - INFO - validate roc_auc, 0.6700
2025-10-01 07:24:20,754 - root - INFO - new node validate loss: 0.6512
2025-10-01 07:24:20,754 - root - INFO - new node validate average_precision, 0.6423
2025-10-01 07:24:20,754 - root - INFO - new node validate roc_auc, 0.6595
2025-10-01 07:24:33,619 - root - INFO - test loss: 0.6404
2025-10-01 07:24:33,619 - root - INFO - test average_precision, 0.6820
2025-10-01 07:24:33,619 - root - INFO - best test average_precision: 0.6886
2025-10-01 07:24:33,619 - root - INFO - test roc_auc, 0.6650
2025-10-01 07:24:33,619 - root - INFO - new node test loss: 0.6665
2025-10-01 07:24:33,619 - root - INFO - new node test average_precision, 0.6643
2025-10-01 07:24:33,619 - root - INFO - new node test roc_auc, 0.6539
2025-10-01 07:25:40,231 - root - INFO - Epoch: 23, learning rate: 0.0001, train loss: 0.5465
2025-10-01 07:25:40,232 - root - INFO - train average_precision, 0.7628
2025-10-01 07:25:40,232 - root - INFO - train roc_auc, 0.7722
2025-10-01 07:25:40,232 - root - INFO - validate loss: 0.6534
2025-10-01 07:25:40,232 - root - INFO - validate average_precision, 0.6604
2025-10-01 07:25:40,233 - root - INFO - validate roc_auc, 0.6565
2025-10-01 07:25:40,233 - root - INFO - new node validate loss: 0.6737
2025-10-01 07:25:40,233 - root - INFO - new node validate average_precision, 0.6300
2025-10-01 07:25:40,233 - root - INFO - new node validate roc_auc, 0.6385
2025-10-01 07:25:53,236 - root - INFO - test loss: 0.6355
2025-10-01 07:25:53,236 - root - INFO - test average_precision, 0.6899
2025-10-01 07:25:53,236 - root - INFO - best test average_precision: 0.6899
2025-10-01 07:25:53,236 - root - INFO - test roc_auc, 0.6888
2025-10-01 07:25:53,236 - root - INFO - new node test loss: 0.6610
2025-10-01 07:25:53,236 - root - INFO - new node test average_precision, 0.6539
2025-10-01 07:25:53,236 - root - INFO - new node test roc_auc, 0.6470
2025-10-01 07:26:59,701 - root - INFO - Epoch: 24, learning rate: 0.0001, train loss: 0.5415
2025-10-01 07:26:59,702 - root - INFO - train average_precision, 0.7717
2025-10-01 07:26:59,702 - root - INFO - train roc_auc, 0.7810
2025-10-01 07:26:59,702 - root - INFO - validate loss: 0.6363
2025-10-01 07:26:59,702 - root - INFO - validate average_precision, 0.6865
2025-10-01 07:26:59,702 - root - INFO - validate roc_auc, 0.6835
2025-10-01 07:26:59,702 - root - INFO - new node validate loss: 0.6508
2025-10-01 07:26:59,702 - root - INFO - new node validate average_precision, 0.6602
2025-10-01 07:26:59,702 - root - INFO - new node validate roc_auc, 0.6675
2025-10-01 07:27:12,614 - root - INFO - test loss: 0.6381
2025-10-01 07:27:12,614 - root - INFO - test average_precision, 0.6890
2025-10-01 07:27:12,614 - root - INFO - best test average_precision: 0.6899
2025-10-01 07:27:12,614 - root - INFO - test roc_auc, 0.6816
2025-10-01 07:27:12,614 - root - INFO - new node test loss: 0.6608
2025-10-01 07:27:12,614 - root - INFO - new node test average_precision, 0.6482
2025-10-01 07:27:12,614 - root - INFO - new node test roc_auc, 0.6421
2025-10-01 07:27:12,614 - root - INFO - save model ./saved_models/TGAT/enron/TGAT_seed4/TGAT_seed4.pkl
2025-10-01 07:28:19,393 - root - INFO - Epoch: 25, learning rate: 0.0001, train loss: 0.5371
2025-10-01 07:28:19,394 - root - INFO - train average_precision, 0.7778
2025-10-01 07:28:19,394 - root - INFO - train roc_auc, 0.7851
2025-10-01 07:28:19,394 - root - INFO - validate loss: 0.6330
2025-10-01 07:28:19,394 - root - INFO - validate average_precision, 0.6903
2025-10-01 07:28:19,394 - root - INFO - validate roc_auc, 0.6820
2025-10-01 07:28:19,394 - root - INFO - new node validate loss: 0.6470
2025-10-01 07:28:19,394 - root - INFO - new node validate average_precision, 0.6585
2025-10-01 07:28:19,394 - root - INFO - new node validate roc_auc, 0.6723
2025-10-01 07:28:32,368 - root - INFO - test loss: 0.6183
2025-10-01 07:28:32,368 - root - INFO - test average_precision, 0.7067
2025-10-01 07:28:32,368 - root - INFO - best test average_precision: 0.7067
2025-10-01 07:28:32,368 - root - INFO - test roc_auc, 0.6949
2025-10-01 07:28:32,368 - root - INFO - new node test loss: 0.6392
2025-10-01 07:28:32,368 - root - INFO - new node test average_precision, 0.6761
2025-10-01 07:28:32,368 - root - INFO - new node test roc_auc, 0.6819
2025-10-01 07:29:38,781 - root - INFO - Epoch: 26, learning rate: 0.0001, train loss: 0.5333
2025-10-01 07:29:38,781 - root - INFO - train average_precision, 0.7857
2025-10-01 07:29:38,782 - root - INFO - train roc_auc, 0.7908
2025-10-01 07:29:38,782 - root - INFO - validate loss: 0.6301
2025-10-01 07:29:38,782 - root - INFO - validate average_precision, 0.7003
2025-10-01 07:29:38,782 - root - INFO - validate roc_auc, 0.6971
2025-10-01 07:29:38,782 - root - INFO - new node validate loss: 0.6454
2025-10-01 07:29:38,782 - root - INFO - new node validate average_precision, 0.6752
2025-10-01 07:29:38,782 - root - INFO - new node validate roc_auc, 0.6884
2025-10-01 07:29:51,709 - root - INFO - test loss: 0.6322
2025-10-01 07:29:51,710 - root - INFO - test average_precision, 0.6982
2025-10-01 07:29:51,710 - root - INFO - best test average_precision: 0.7067
2025-10-01 07:29:51,710 - root - INFO - test roc_auc, 0.6901
2025-10-01 07:29:51,710 - root - INFO - new node test loss: 0.6477
2025-10-01 07:29:51,710 - root - INFO - new node test average_precision, 0.6769
2025-10-01 07:29:51,710 - root - INFO - new node test roc_auc, 0.6728
2025-10-01 07:29:51,710 - root - INFO - save model ./saved_models/TGAT/enron/TGAT_seed4/TGAT_seed4.pkl
2025-10-01 07:30:59,278 - root - INFO - Epoch: 27, learning rate: 0.0001, train loss: 0.5283
2025-10-01 07:30:59,278 - root - INFO - train average_precision, 0.7892
2025-10-01 07:30:59,278 - root - INFO - train roc_auc, 0.7955
2025-10-01 07:30:59,278 - root - INFO - validate loss: 0.6208
2025-10-01 07:30:59,278 - root - INFO - validate average_precision, 0.7106
2025-10-01 07:30:59,278 - root - INFO - validate roc_auc, 0.7099
2025-10-01 07:30:59,278 - root - INFO - new node validate loss: 0.6418
2025-10-01 07:30:59,278 - root - INFO - new node validate average_precision, 0.6744
2025-10-01 07:30:59,278 - root - INFO - new node validate roc_auc, 0.6855
2025-10-01 07:31:12,302 - root - INFO - test loss: 0.6568
2025-10-01 07:31:12,302 - root - INFO - test average_precision, 0.6931
2025-10-01 07:31:12,302 - root - INFO - best test average_precision: 0.7067
2025-10-01 07:31:12,302 - root - INFO - test roc_auc, 0.6825
2025-10-01 07:31:12,302 - root - INFO - new node test loss: 0.6695
2025-10-01 07:31:12,302 - root - INFO - new node test average_precision, 0.6477
2025-10-01 07:31:12,302 - root - INFO - new node test roc_auc, 0.6480
2025-10-01 07:31:12,302 - root - INFO - save model ./saved_models/TGAT/enron/TGAT_seed4/TGAT_seed4.pkl
2025-10-01 07:32:19,048 - root - INFO - Epoch: 28, learning rate: 0.0001, train loss: 0.5310
2025-10-01 07:32:19,048 - root - INFO - train average_precision, 0.7869
2025-10-01 07:32:19,049 - root - INFO - train roc_auc, 0.7941
2025-10-01 07:32:19,049 - root - INFO - validate loss: 0.6394
2025-10-01 07:32:19,049 - root - INFO - validate average_precision, 0.6989
2025-10-01 07:32:19,049 - root - INFO - validate roc_auc, 0.6946
2025-10-01 07:32:19,049 - root - INFO - new node validate loss: 0.6537
2025-10-01 07:32:19,049 - root - INFO - new node validate average_precision, 0.6667
2025-10-01 07:32:19,049 - root - INFO - new node validate roc_auc, 0.6724
2025-10-01 07:32:31,905 - root - INFO - test loss: 0.6351
2025-10-01 07:32:31,906 - root - INFO - test average_precision, 0.7120
2025-10-01 07:32:31,906 - root - INFO - best test average_precision: 0.7120
2025-10-01 07:32:31,906 - root - INFO - test roc_auc, 0.7020
2025-10-01 07:32:31,906 - root - INFO - new node test loss: 0.6768
2025-10-01 07:32:31,906 - root - INFO - new node test average_precision, 0.6618
2025-10-01 07:32:31,906 - root - INFO - new node test roc_auc, 0.6487
2025-10-01 07:33:38,660 - root - INFO - Epoch: 29, learning rate: 0.0001, train loss: 0.5301
2025-10-01 07:33:38,660 - root - INFO - train average_precision, 0.7876
2025-10-01 07:33:38,660 - root - INFO - train roc_auc, 0.7925
2025-10-01 07:33:38,660 - root - INFO - validate loss: 0.6290
2025-10-01 07:33:38,660 - root - INFO - validate average_precision, 0.7089
2025-10-01 07:33:38,660 - root - INFO - validate roc_auc, 0.7051
2025-10-01 07:33:38,660 - root - INFO - new node validate loss: 0.6406
2025-10-01 07:33:38,661 - root - INFO - new node validate average_precision, 0.6815
2025-10-01 07:33:38,661 - root - INFO - new node validate roc_auc, 0.6870
2025-10-01 07:33:51,577 - root - INFO - test loss: 0.6257
2025-10-01 07:33:51,577 - root - INFO - test average_precision, 0.7102
2025-10-01 07:33:51,577 - root - INFO - best test average_precision: 0.7120
2025-10-01 07:33:51,577 - root - INFO - test roc_auc, 0.7042
2025-10-01 07:33:51,577 - root - INFO - new node test loss: 0.6544
2025-10-01 07:33:51,577 - root - INFO - new node test average_precision, 0.6702
2025-10-01 07:33:51,577 - root - INFO - new node test roc_auc, 0.6652
2025-10-01 07:34:58,126 - root - INFO - Epoch: 30, learning rate: 0.0001, train loss: 0.5286
2025-10-01 07:34:58,126 - root - INFO - train average_precision, 0.7895
2025-10-01 07:34:58,126 - root - INFO - train roc_auc, 0.7953
2025-10-01 07:34:58,126 - root - INFO - validate loss: 0.6233
2025-10-01 07:34:58,126 - root - INFO - validate average_precision, 0.7085
2025-10-01 07:34:58,126 - root - INFO - validate roc_auc, 0.7082
2025-10-01 07:34:58,126 - root - INFO - new node validate loss: 0.6539
2025-10-01 07:34:58,126 - root - INFO - new node validate average_precision, 0.6702
2025-10-01 07:34:58,126 - root - INFO - new node validate roc_auc, 0.6825
2025-10-01 07:35:11,077 - root - INFO - test loss: 0.6282
2025-10-01 07:35:11,077 - root - INFO - test average_precision, 0.7055
2025-10-01 07:35:11,077 - root - INFO - best test average_precision: 0.7120
2025-10-01 07:35:11,077 - root - INFO - test roc_auc, 0.6999
2025-10-01 07:35:11,077 - root - INFO - new node test loss: 0.6432
2025-10-01 07:35:11,077 - root - INFO - new node test average_precision, 0.6861
2025-10-01 07:35:11,077 - root - INFO - new node test roc_auc, 0.6833
2025-10-01 07:36:18,167 - root - INFO - Epoch: 31, learning rate: 0.0001, train loss: 0.5253
2025-10-01 07:36:18,168 - root - INFO - train average_precision, 0.7948
2025-10-01 07:36:18,168 - root - INFO - train roc_auc, 0.7991
2025-10-01 07:36:18,168 - root - INFO - validate loss: 0.6463
2025-10-01 07:36:18,168 - root - INFO - validate average_precision, 0.6969
2025-10-01 07:36:18,168 - root - INFO - validate roc_auc, 0.6859
2025-10-01 07:36:18,168 - root - INFO - new node validate loss: 0.6553
2025-10-01 07:36:18,168 - root - INFO - new node validate average_precision, 0.6701
2025-10-01 07:36:18,168 - root - INFO - new node validate roc_auc, 0.6744
2025-10-01 07:36:31,111 - root - INFO - test loss: 0.6322
2025-10-01 07:36:31,112 - root - INFO - test average_precision, 0.6976
2025-10-01 07:36:31,112 - root - INFO - best test average_precision: 0.7120
2025-10-01 07:36:31,112 - root - INFO - test roc_auc, 0.6913
2025-10-01 07:36:31,112 - root - INFO - new node test loss: 0.6657
2025-10-01 07:36:31,112 - root - INFO - new node test average_precision, 0.6557
2025-10-01 07:36:31,112 - root - INFO - new node test roc_auc, 0.6461
2025-10-01 07:37:38,346 - root - INFO - Epoch: 32, learning rate: 0.0001, train loss: 0.5253
2025-10-01 07:37:38,347 - root - INFO - train average_precision, 0.7934
2025-10-01 07:37:38,347 - root - INFO - train roc_auc, 0.7987
2025-10-01 07:37:38,347 - root - INFO - validate loss: 0.6082
2025-10-01 07:37:38,347 - root - INFO - validate average_precision, 0.7206
2025-10-01 07:37:38,347 - root - INFO - validate roc_auc, 0.7190
2025-10-01 07:37:38,347 - root - INFO - new node validate loss: 0.6287
2025-10-01 07:37:38,347 - root - INFO - new node validate average_precision, 0.6941
2025-10-01 07:37:38,347 - root - INFO - new node validate roc_auc, 0.7092
2025-10-01 07:37:51,310 - root - INFO - test loss: 0.6085
2025-10-01 07:37:51,310 - root - INFO - test average_precision, 0.7216
2025-10-01 07:37:51,310 - root - INFO - best test average_precision: 0.7216
2025-10-01 07:37:51,310 - root - INFO - test roc_auc, 0.7201
2025-10-01 07:37:51,310 - root - INFO - new node test loss: 0.6545
2025-10-01 07:37:51,310 - root - INFO - new node test average_precision, 0.6717
2025-10-01 07:37:51,310 - root - INFO - new node test roc_auc, 0.6602
2025-10-01 07:37:51,311 - root - INFO - save model ./saved_models/TGAT/enron/TGAT_seed4/TGAT_seed4.pkl
2025-10-01 07:38:59,133 - root - INFO - Epoch: 33, learning rate: 0.0001, train loss: 0.5247
2025-10-01 07:38:59,133 - root - INFO - train average_precision, 0.7921
2025-10-01 07:38:59,133 - root - INFO - train roc_auc, 0.7972
2025-10-01 07:38:59,133 - root - INFO - validate loss: 0.6133
2025-10-01 07:38:59,133 - root - INFO - validate average_precision, 0.7137
2025-10-01 07:38:59,134 - root - INFO - validate roc_auc, 0.7191
2025-10-01 07:38:59,134 - root - INFO - new node validate loss: 0.6325
2025-10-01 07:38:59,134 - root - INFO - new node validate average_precision, 0.6852
2025-10-01 07:38:59,134 - root - INFO - new node validate roc_auc, 0.7060
2025-10-01 07:39:12,121 - root - INFO - test loss: 0.6244
2025-10-01 07:39:12,121 - root - INFO - test average_precision, 0.7024
2025-10-01 07:39:12,121 - root - INFO - best test average_precision: 0.7216
2025-10-01 07:39:12,121 - root - INFO - test roc_auc, 0.6961
2025-10-01 07:39:12,121 - root - INFO - new node test loss: 0.6495
2025-10-01 07:39:12,121 - root - INFO - new node test average_precision, 0.6670
2025-10-01 07:39:12,121 - root - INFO - new node test roc_auc, 0.6734
2025-10-01 07:40:19,796 - root - INFO - Epoch: 34, learning rate: 0.0001, train loss: 0.5228
2025-10-01 07:40:19,797 - root - INFO - train average_precision, 0.7948
2025-10-01 07:40:19,797 - root - INFO - train roc_auc, 0.8002
2025-10-01 07:40:19,797 - root - INFO - validate loss: 0.6189
2025-10-01 07:40:19,797 - root - INFO - validate average_precision, 0.7118
2025-10-01 07:40:19,797 - root - INFO - validate roc_auc, 0.7157
2025-10-01 07:40:19,797 - root - INFO - new node validate loss: 0.6429
2025-10-01 07:40:19,797 - root - INFO - new node validate average_precision, 0.6808
2025-10-01 07:40:19,797 - root - INFO - new node validate roc_auc, 0.6999
2025-10-01 07:40:32,749 - root - INFO - test loss: 0.6286
2025-10-01 07:40:32,750 - root - INFO - test average_precision, 0.6965
2025-10-01 07:40:32,750 - root - INFO - best test average_precision: 0.7216
2025-10-01 07:40:32,750 - root - INFO - test roc_auc, 0.6905
2025-10-01 07:40:32,750 - root - INFO - new node test loss: 0.6746
2025-10-01 07:40:32,750 - root - INFO - new node test average_precision, 0.6506
2025-10-01 07:40:32,750 - root - INFO - new node test roc_auc, 0.6446
2025-10-01 07:41:39,155 - root - INFO - Epoch: 35, learning rate: 0.0001, train loss: 0.5239
2025-10-01 07:41:39,155 - root - INFO - train average_precision, 0.7941
2025-10-01 07:41:39,155 - root - INFO - train roc_auc, 0.7987
2025-10-01 07:41:39,155 - root - INFO - validate loss: 0.6311
2025-10-01 07:41:39,155 - root - INFO - validate average_precision, 0.6953
2025-10-01 07:41:39,155 - root - INFO - validate roc_auc, 0.6931
2025-10-01 07:41:39,155 - root - INFO - new node validate loss: 0.6464
2025-10-01 07:41:39,155 - root - INFO - new node validate average_precision, 0.6677
2025-10-01 07:41:39,156 - root - INFO - new node validate roc_auc, 0.6806
2025-10-01 07:41:52,011 - root - INFO - test loss: 0.6250
2025-10-01 07:41:52,011 - root - INFO - test average_precision, 0.7057
2025-10-01 07:41:52,011 - root - INFO - best test average_precision: 0.7216
2025-10-01 07:41:52,011 - root - INFO - test roc_auc, 0.6956
2025-10-01 07:41:52,011 - root - INFO - new node test loss: 0.6559
2025-10-01 07:41:52,012 - root - INFO - new node test average_precision, 0.6797
2025-10-01 07:41:52,012 - root - INFO - new node test roc_auc, 0.6735
2025-10-01 07:42:58,623 - root - INFO - Epoch: 36, learning rate: 0.0001, train loss: 0.5225
2025-10-01 07:42:58,624 - root - INFO - train average_precision, 0.7958
2025-10-01 07:42:58,624 - root - INFO - train roc_auc, 0.7999
2025-10-01 07:42:58,624 - root - INFO - validate loss: 0.6377
2025-10-01 07:42:58,624 - root - INFO - validate average_precision, 0.7001
2025-10-01 07:42:58,624 - root - INFO - validate roc_auc, 0.6870
2025-10-01 07:42:58,624 - root - INFO - new node validate loss: 0.6536
2025-10-01 07:42:58,624 - root - INFO - new node validate average_precision, 0.6728
2025-10-01 07:42:58,624 - root - INFO - new node validate roc_auc, 0.6773
2025-10-01 07:43:11,631 - root - INFO - test loss: 0.6414
2025-10-01 07:43:11,631 - root - INFO - test average_precision, 0.6981
2025-10-01 07:43:11,631 - root - INFO - best test average_precision: 0.7216
2025-10-01 07:43:11,631 - root - INFO - test roc_auc, 0.6825
2025-10-01 07:43:11,631 - root - INFO - new node test loss: 0.6728
2025-10-01 07:43:11,631 - root - INFO - new node test average_precision, 0.6543
2025-10-01 07:43:11,631 - root - INFO - new node test roc_auc, 0.6515
2025-10-01 07:44:18,539 - root - INFO - Epoch: 37, learning rate: 0.0001, train loss: 0.5227
2025-10-01 07:44:18,539 - root - INFO - train average_precision, 0.7966
2025-10-01 07:44:18,539 - root - INFO - train roc_auc, 0.8002
2025-10-01 07:44:18,539 - root - INFO - validate loss: 0.6296
2025-10-01 07:44:18,539 - root - INFO - validate average_precision, 0.7000
2025-10-01 07:44:18,539 - root - INFO - validate roc_auc, 0.6986
2025-10-01 07:44:18,539 - root - INFO - new node validate loss: 0.6629
2025-10-01 07:44:18,539 - root - INFO - new node validate average_precision, 0.6513
2025-10-01 07:44:18,539 - root - INFO - new node validate roc_auc, 0.6660
2025-10-01 07:44:31,424 - root - INFO - test loss: 0.6359
2025-10-01 07:44:31,424 - root - INFO - test average_precision, 0.6961
2025-10-01 07:44:31,424 - root - INFO - best test average_precision: 0.7216
2025-10-01 07:44:31,424 - root - INFO - test roc_auc, 0.6856
2025-10-01 07:44:31,424 - root - INFO - new node test loss: 0.6554
2025-10-01 07:44:31,425 - root - INFO - new node test average_precision, 0.6683
2025-10-01 07:44:31,425 - root - INFO - new node test roc_auc, 0.6575
2025-10-01 07:45:38,375 - root - INFO - Epoch: 38, learning rate: 0.0001, train loss: 0.5198
2025-10-01 07:45:38,375 - root - INFO - train average_precision, 0.7980
2025-10-01 07:45:38,375 - root - INFO - train roc_auc, 0.8032
2025-10-01 07:45:38,375 - root - INFO - validate loss: 0.6255
2025-10-01 07:45:38,375 - root - INFO - validate average_precision, 0.7038
2025-10-01 07:45:38,375 - root - INFO - validate roc_auc, 0.7009
2025-10-01 07:45:38,375 - root - INFO - new node validate loss: 0.6481
2025-10-01 07:45:38,375 - root - INFO - new node validate average_precision, 0.6689
2025-10-01 07:45:38,376 - root - INFO - new node validate roc_auc, 0.6767
2025-10-01 07:45:51,327 - root - INFO - test loss: 0.6216
2025-10-01 07:45:51,327 - root - INFO - test average_precision, 0.7098
2025-10-01 07:45:51,327 - root - INFO - best test average_precision: 0.7216
2025-10-01 07:45:51,327 - root - INFO - test roc_auc, 0.7016
2025-10-01 07:45:51,327 - root - INFO - new node test loss: 0.6604
2025-10-01 07:45:51,327 - root - INFO - new node test average_precision, 0.6741
2025-10-01 07:45:51,327 - root - INFO - new node test roc_auc, 0.6685
2025-10-01 07:46:57,942 - root - INFO - Epoch: 39, learning rate: 0.0001, train loss: 0.5225
2025-10-01 07:46:57,942 - root - INFO - train average_precision, 0.7933
2025-10-01 07:46:57,942 - root - INFO - train roc_auc, 0.7978
2025-10-01 07:46:57,942 - root - INFO - validate loss: 0.6222
2025-10-01 07:46:57,942 - root - INFO - validate average_precision, 0.7057
2025-10-01 07:46:57,942 - root - INFO - validate roc_auc, 0.6998
2025-10-01 07:46:57,942 - root - INFO - new node validate loss: 0.6465
2025-10-01 07:46:57,942 - root - INFO - new node validate average_precision, 0.6782
2025-10-01 07:46:57,942 - root - INFO - new node validate roc_auc, 0.6813
2025-10-01 07:47:10,967 - root - INFO - test loss: 0.6179
2025-10-01 07:47:10,968 - root - INFO - test average_precision, 0.7208
2025-10-01 07:47:10,968 - root - INFO - best test average_precision: 0.7216
2025-10-01 07:47:10,968 - root - INFO - test roc_auc, 0.7158
2025-10-01 07:47:10,968 - root - INFO - new node test loss: 0.6624
2025-10-01 07:47:10,968 - root - INFO - new node test average_precision, 0.6630
2025-10-01 07:47:10,968 - root - INFO - new node test roc_auc, 0.6499
2025-10-01 07:48:17,323 - root - INFO - Epoch: 40, learning rate: 0.0001, train loss: 0.5200
2025-10-01 07:48:17,324 - root - INFO - train average_precision, 0.7978
2025-10-01 07:48:17,324 - root - INFO - train roc_auc, 0.8024
2025-10-01 07:48:17,324 - root - INFO - validate loss: 0.6188
2025-10-01 07:48:17,324 - root - INFO - validate average_precision, 0.7200
2025-10-01 07:48:17,324 - root - INFO - validate roc_auc, 0.7251
2025-10-01 07:48:17,324 - root - INFO - new node validate loss: 0.6496
2025-10-01 07:48:17,324 - root - INFO - new node validate average_precision, 0.6822
2025-10-01 07:48:17,324 - root - INFO - new node validate roc_auc, 0.6919
2025-10-01 07:48:30,193 - root - INFO - test loss: 0.6180
2025-10-01 07:48:30,193 - root - INFO - test average_precision, 0.7119
2025-10-01 07:48:30,193 - root - INFO - best test average_precision: 0.7216
2025-10-01 07:48:30,193 - root - INFO - test roc_auc, 0.7099
2025-10-01 07:48:30,193 - root - INFO - new node test loss: 0.6607
2025-10-01 07:48:30,193 - root - INFO - new node test average_precision, 0.6630
2025-10-01 07:48:30,193 - root - INFO - new node test roc_auc, 0.6527
2025-10-01 07:49:37,052 - root - INFO - Epoch: 41, learning rate: 0.0001, train loss: 0.5185
2025-10-01 07:49:37,052 - root - INFO - train average_precision, 0.7996
2025-10-01 07:49:37,052 - root - INFO - train roc_auc, 0.8033
2025-10-01 07:49:37,052 - root - INFO - validate loss: 0.6167
2025-10-01 07:49:37,052 - root - INFO - validate average_precision, 0.7125
2025-10-01 07:49:37,052 - root - INFO - validate roc_auc, 0.7105
2025-10-01 07:49:37,052 - root - INFO - new node validate loss: 0.6462
2025-10-01 07:49:37,052 - root - INFO - new node validate average_precision, 0.6671
2025-10-01 07:49:37,052 - root - INFO - new node validate roc_auc, 0.6832
2025-10-01 07:49:50,103 - root - INFO - test loss: 0.6172
2025-10-01 07:49:50,103 - root - INFO - test average_precision, 0.7268
2025-10-01 07:49:50,104 - root - INFO - best test average_precision: 0.7268
2025-10-01 07:49:50,104 - root - INFO - test roc_auc, 0.7172
2025-10-01 07:49:50,104 - root - INFO - new node test loss: 0.6469
2025-10-01 07:49:50,104 - root - INFO - new node test average_precision, 0.6901
2025-10-01 07:49:50,104 - root - INFO - new node test roc_auc, 0.6785
2025-10-01 07:50:57,136 - root - INFO - Epoch: 42, learning rate: 0.0001, train loss: 0.5197
2025-10-01 07:50:57,136 - root - INFO - train average_precision, 0.7974
2025-10-01 07:50:57,136 - root - INFO - train roc_auc, 0.8027
2025-10-01 07:50:57,136 - root - INFO - validate loss: 0.6213
2025-10-01 07:50:57,136 - root - INFO - validate average_precision, 0.7151
2025-10-01 07:50:57,137 - root - INFO - validate roc_auc, 0.7093
2025-10-01 07:50:57,137 - root - INFO - new node validate loss: 0.6400
2025-10-01 07:50:57,137 - root - INFO - new node validate average_precision, 0.6764
2025-10-01 07:50:57,137 - root - INFO - new node validate roc_auc, 0.6924
2025-10-01 07:51:10,094 - root - INFO - test loss: 0.6221
2025-10-01 07:51:10,094 - root - INFO - test average_precision, 0.7117
2025-10-01 07:51:10,094 - root - INFO - best test average_precision: 0.7268
2025-10-01 07:51:10,094 - root - INFO - test roc_auc, 0.6952
2025-10-01 07:51:10,094 - root - INFO - new node test loss: 0.6369
2025-10-01 07:51:10,094 - root - INFO - new node test average_precision, 0.6882
2025-10-01 07:51:10,094 - root - INFO - new node test roc_auc, 0.6903
2025-10-01 07:52:17,041 - root - INFO - Epoch: 43, learning rate: 0.0001, train loss: 0.5137
2025-10-01 07:52:17,042 - root - INFO - train average_precision, 0.8046
2025-10-01 07:52:17,042 - root - INFO - train roc_auc, 0.8088
2025-10-01 07:52:17,042 - root - INFO - validate loss: 0.6176
2025-10-01 07:52:17,042 - root - INFO - validate average_precision, 0.7175
2025-10-01 07:52:17,042 - root - INFO - validate roc_auc, 0.7162
2025-10-01 07:52:17,042 - root - INFO - new node validate loss: 0.6448
2025-10-01 07:52:17,042 - root - INFO - new node validate average_precision, 0.6785
2025-10-01 07:52:17,042 - root - INFO - new node validate roc_auc, 0.6896
2025-10-01 07:52:30,029 - root - INFO - test loss: 0.6169
2025-10-01 07:52:30,029 - root - INFO - test average_precision, 0.7145
2025-10-01 07:52:30,029 - root - INFO - best test average_precision: 0.7268
2025-10-01 07:52:30,029 - root - INFO - test roc_auc, 0.7112
2025-10-01 07:52:30,029 - root - INFO - new node test loss: 0.6619
2025-10-01 07:52:30,029 - root - INFO - new node test average_precision, 0.6758
2025-10-01 07:52:30,029 - root - INFO - new node test roc_auc, 0.6688
2025-10-01 07:53:36,702 - root - INFO - Epoch: 44, learning rate: 0.0001, train loss: 0.5172
2025-10-01 07:53:36,702 - root - INFO - train average_precision, 0.8015
2025-10-01 07:53:36,702 - root - INFO - train roc_auc, 0.8055
2025-10-01 07:53:36,702 - root - INFO - validate loss: 0.6137
2025-10-01 07:53:36,702 - root - INFO - validate average_precision, 0.7249
2025-10-01 07:53:36,702 - root - INFO - validate roc_auc, 0.7214
2025-10-01 07:53:36,702 - root - INFO - new node validate loss: 0.6144
2025-10-01 07:53:36,702 - root - INFO - new node validate average_precision, 0.7046
2025-10-01 07:53:36,702 - root - INFO - new node validate roc_auc, 0.7272
2025-10-01 07:53:49,690 - root - INFO - test loss: 0.6032
2025-10-01 07:53:49,691 - root - INFO - test average_precision, 0.7350
2025-10-01 07:53:49,691 - root - INFO - best test average_precision: 0.7350
2025-10-01 07:53:49,691 - root - INFO - test roc_auc, 0.7342
2025-10-01 07:53:49,691 - root - INFO - new node test loss: 0.6535
2025-10-01 07:53:49,691 - root - INFO - new node test average_precision, 0.6847
2025-10-01 07:53:49,691 - root - INFO - new node test roc_auc, 0.6809
2025-10-01 07:53:49,691 - root - INFO - save model ./saved_models/TGAT/enron/TGAT_seed4/TGAT_seed4.pkl
2025-10-01 07:54:56,944 - root - INFO - Epoch: 45, learning rate: 0.0001, train loss: 0.5161
2025-10-01 07:54:56,944 - root - INFO - train average_precision, 0.8022
2025-10-01 07:54:56,944 - root - INFO - train roc_auc, 0.8064
2025-10-01 07:54:56,944 - root - INFO - validate loss: 0.6136
2025-10-01 07:54:56,944 - root - INFO - validate average_precision, 0.7185
2025-10-01 07:54:56,945 - root - INFO - validate roc_auc, 0.7156
2025-10-01 07:54:56,945 - root - INFO - new node validate loss: 0.6468
2025-10-01 07:54:56,945 - root - INFO - new node validate average_precision, 0.6774
2025-10-01 07:54:56,945 - root - INFO - new node validate roc_auc, 0.6943
2025-10-01 07:55:09,916 - root - INFO - test loss: 0.6065
2025-10-01 07:55:09,916 - root - INFO - test average_precision, 0.7273
2025-10-01 07:55:09,916 - root - INFO - best test average_precision: 0.7350
2025-10-01 07:55:09,916 - root - INFO - test roc_auc, 0.7231
2025-10-01 07:55:09,917 - root - INFO - new node test loss: 0.6402
2025-10-01 07:55:09,917 - root - INFO - new node test average_precision, 0.6918
2025-10-01 07:55:09,917 - root - INFO - new node test roc_auc, 0.6849
2025-10-01 07:56:16,741 - root - INFO - Epoch: 46, learning rate: 0.0001, train loss: 0.5156
2025-10-01 07:56:16,741 - root - INFO - train average_precision, 0.8019
2025-10-01 07:56:16,741 - root - INFO - train roc_auc, 0.8060
2025-10-01 07:56:16,741 - root - INFO - validate loss: 0.6224
2025-10-01 07:56:16,741 - root - INFO - validate average_precision, 0.7088
2025-10-01 07:56:16,741 - root - INFO - validate roc_auc, 0.7026
2025-10-01 07:56:16,741 - root - INFO - new node validate loss: 0.6520
2025-10-01 07:56:16,741 - root - INFO - new node validate average_precision, 0.6782
2025-10-01 07:56:16,741 - root - INFO - new node validate roc_auc, 0.6833
2025-10-01 07:56:29,721 - root - INFO - test loss: 0.6049
2025-10-01 07:56:29,721 - root - INFO - test average_precision, 0.7344
2025-10-01 07:56:29,721 - root - INFO - best test average_precision: 0.7350
2025-10-01 07:56:29,721 - root - INFO - test roc_auc, 0.7270
2025-10-01 07:56:29,721 - root - INFO - new node test loss: 0.6408
2025-10-01 07:56:29,721 - root - INFO - new node test average_precision, 0.6930
2025-10-01 07:56:29,721 - root - INFO - new node test roc_auc, 0.6876
2025-10-01 07:57:36,527 - root - INFO - Epoch: 47, learning rate: 0.0001, train loss: 0.5119
2025-10-01 07:57:36,527 - root - INFO - train average_precision, 0.8074
2025-10-01 07:57:36,528 - root - INFO - train roc_auc, 0.8109
2025-10-01 07:57:36,528 - root - INFO - validate loss: 0.6184
2025-10-01 07:57:36,528 - root - INFO - validate average_precision, 0.7161
2025-10-01 07:57:36,528 - root - INFO - validate roc_auc, 0.7161
2025-10-01 07:57:36,528 - root - INFO - new node validate loss: 0.6517
2025-10-01 07:57:36,528 - root - INFO - new node validate average_precision, 0.6722
2025-10-01 07:57:36,528 - root - INFO - new node validate roc_auc, 0.6814
2025-10-01 07:57:49,524 - root - INFO - test loss: 0.6167
2025-10-01 07:57:49,524 - root - INFO - test average_precision, 0.7274
2025-10-01 07:57:49,524 - root - INFO - best test average_precision: 0.7350
2025-10-01 07:57:49,524 - root - INFO - test roc_auc, 0.7223
2025-10-01 07:57:49,525 - root - INFO - new node test loss: 0.6418
2025-10-01 07:57:49,525 - root - INFO - new node test average_precision, 0.6861
2025-10-01 07:57:49,525 - root - INFO - new node test roc_auc, 0.6949
2025-10-01 07:58:56,276 - root - INFO - Epoch: 48, learning rate: 0.0001, train loss: 0.5150
2025-10-01 07:58:56,276 - root - INFO - train average_precision, 0.8040
2025-10-01 07:58:56,276 - root - INFO - train roc_auc, 0.8070
2025-10-01 07:58:56,276 - root - INFO - validate loss: 0.6220
2025-10-01 07:58:56,276 - root - INFO - validate average_precision, 0.7128
2025-10-01 07:58:56,276 - root - INFO - validate roc_auc, 0.7100
2025-10-01 07:58:56,276 - root - INFO - new node validate loss: 0.6538
2025-10-01 07:58:56,276 - root - INFO - new node validate average_precision, 0.6664
2025-10-01 07:58:56,276 - root - INFO - new node validate roc_auc, 0.6789
2025-10-01 07:59:09,174 - root - INFO - test loss: 0.6122
2025-10-01 07:59:09,175 - root - INFO - test average_precision, 0.7266
2025-10-01 07:59:09,175 - root - INFO - best test average_precision: 0.7350
2025-10-01 07:59:09,175 - root - INFO - test roc_auc, 0.7184
2025-10-01 07:59:09,175 - root - INFO - new node test loss: 0.6526
2025-10-01 07:59:09,175 - root - INFO - new node test average_precision, 0.6760
2025-10-01 07:59:09,175 - root - INFO - new node test roc_auc, 0.6780
2025-10-01 08:00:16,163 - root - INFO - Epoch: 49, learning rate: 0.0001, train loss: 0.5167
2025-10-01 08:00:16,164 - root - INFO - train average_precision, 0.8020
2025-10-01 08:00:16,164 - root - INFO - train roc_auc, 0.8048
2025-10-01 08:00:16,164 - root - INFO - validate loss: 0.6179
2025-10-01 08:00:16,164 - root - INFO - validate average_precision, 0.7169
2025-10-01 08:00:16,164 - root - INFO - validate roc_auc, 0.7103
2025-10-01 08:00:16,164 - root - INFO - new node validate loss: 0.6479
2025-10-01 08:00:16,164 - root - INFO - new node validate average_precision, 0.6819
2025-10-01 08:00:16,164 - root - INFO - new node validate roc_auc, 0.6873
2025-10-01 08:00:29,110 - root - INFO - test loss: 0.6135
2025-10-01 08:00:29,111 - root - INFO - test average_precision, 0.7183
2025-10-01 08:00:29,111 - root - INFO - best test average_precision: 0.7350
2025-10-01 08:00:29,111 - root - INFO - test roc_auc, 0.7139
2025-10-01 08:00:29,111 - root - INFO - new node test loss: 0.6484
2025-10-01 08:00:29,111 - root - INFO - new node test average_precision, 0.6834
2025-10-01 08:00:29,111 - root - INFO - new node test roc_auc, 0.6857
2025-10-01 08:01:35,722 - root - INFO - Epoch: 50, learning rate: 0.0001, train loss: 0.5146
2025-10-01 08:01:35,722 - root - INFO - train average_precision, 0.8036
2025-10-01 08:01:35,722 - root - INFO - train roc_auc, 0.8075
2025-10-01 08:01:35,722 - root - INFO - validate loss: 0.6105
2025-10-01 08:01:35,722 - root - INFO - validate average_precision, 0.7244
2025-10-01 08:01:35,722 - root - INFO - validate roc_auc, 0.7210
2025-10-01 08:01:35,722 - root - INFO - new node validate loss: 0.6294
2025-10-01 08:01:35,722 - root - INFO - new node validate average_precision, 0.6938
2025-10-01 08:01:35,723 - root - INFO - new node validate roc_auc, 0.7053
2025-10-01 08:01:48,714 - root - INFO - test loss: 0.6066
2025-10-01 08:01:48,714 - root - INFO - test average_precision, 0.7348
2025-10-01 08:01:48,714 - root - INFO - best test average_precision: 0.7350
2025-10-01 08:01:48,714 - root - INFO - test roc_auc, 0.7287
2025-10-01 08:01:48,714 - root - INFO - new node test loss: 0.6521
2025-10-01 08:01:48,715 - root - INFO - new node test average_precision, 0.6714
2025-10-01 08:01:48,715 - root - INFO - new node test roc_auc, 0.6797
2025-10-01 08:02:55,117 - root - INFO - Epoch: 51, learning rate: 0.0001, train loss: 0.5146
2025-10-01 08:02:55,117 - root - INFO - train average_precision, 0.8040
2025-10-01 08:02:55,117 - root - INFO - train roc_auc, 0.8080
2025-10-01 08:02:55,118 - root - INFO - validate loss: 0.6192
2025-10-01 08:02:55,118 - root - INFO - validate average_precision, 0.7189
2025-10-01 08:02:55,118 - root - INFO - validate roc_auc, 0.7080
2025-10-01 08:02:55,118 - root - INFO - new node validate loss: 0.6390
2025-10-01 08:02:55,118 - root - INFO - new node validate average_precision, 0.6806
2025-10-01 08:02:55,118 - root - INFO - new node validate roc_auc, 0.6903
2025-10-01 08:03:08,096 - root - INFO - test loss: 0.6109
2025-10-01 08:03:08,096 - root - INFO - test average_precision, 0.7336
2025-10-01 08:03:08,097 - root - INFO - best test average_precision: 0.7350
2025-10-01 08:03:08,097 - root - INFO - test roc_auc, 0.7296
2025-10-01 08:03:08,097 - root - INFO - new node test loss: 0.6463
2025-10-01 08:03:08,097 - root - INFO - new node test average_precision, 0.6893
2025-10-01 08:03:08,097 - root - INFO - new node test roc_auc, 0.6912
2025-10-01 08:04:14,601 - root - INFO - Epoch: 52, learning rate: 0.0001, train loss: 0.5147
2025-10-01 08:04:14,601 - root - INFO - train average_precision, 0.8032
2025-10-01 08:04:14,601 - root - INFO - train roc_auc, 0.8075
2025-10-01 08:04:14,601 - root - INFO - validate loss: 0.6250
2025-10-01 08:04:14,601 - root - INFO - validate average_precision, 0.7134
2025-10-01 08:04:14,601 - root - INFO - validate roc_auc, 0.7033
2025-10-01 08:04:14,601 - root - INFO - new node validate loss: 0.6437
2025-10-01 08:04:14,601 - root - INFO - new node validate average_precision, 0.6798
2025-10-01 08:04:14,601 - root - INFO - new node validate roc_auc, 0.6917
2025-10-01 08:04:27,571 - root - INFO - test loss: 0.6264
2025-10-01 08:04:27,571 - root - INFO - test average_precision, 0.7094
2025-10-01 08:04:27,571 - root - INFO - best test average_precision: 0.7350
2025-10-01 08:04:27,571 - root - INFO - test roc_auc, 0.7033
2025-10-01 08:04:27,571 - root - INFO - new node test loss: 0.6610
2025-10-01 08:04:27,571 - root - INFO - new node test average_precision, 0.6705
2025-10-01 08:04:27,571 - root - INFO - new node test roc_auc, 0.6672
2025-10-01 08:05:33,868 - root - INFO - Epoch: 53, learning rate: 0.0001, train loss: 0.5110
2025-10-01 08:05:33,868 - root - INFO - train average_precision, 0.8054
2025-10-01 08:05:33,868 - root - INFO - train roc_auc, 0.8102
2025-10-01 08:05:33,868 - root - INFO - validate loss: 0.6209
2025-10-01 08:05:33,868 - root - INFO - validate average_precision, 0.7160
2025-10-01 08:05:33,868 - root - INFO - validate roc_auc, 0.7093
2025-10-01 08:05:33,869 - root - INFO - new node validate loss: 0.6514
2025-10-01 08:05:33,869 - root - INFO - new node validate average_precision, 0.6693
2025-10-01 08:05:33,869 - root - INFO - new node validate roc_auc, 0.6803
2025-10-01 08:05:46,858 - root - INFO - test loss: 0.6287
2025-10-01 08:05:46,859 - root - INFO - test average_precision, 0.7219
2025-10-01 08:05:46,859 - root - INFO - best test average_precision: 0.7350
2025-10-01 08:05:46,859 - root - INFO - test roc_auc, 0.7091
2025-10-01 08:05:46,859 - root - INFO - new node test loss: 0.6583
2025-10-01 08:05:46,859 - root - INFO - new node test average_precision, 0.6764
2025-10-01 08:05:46,859 - root - INFO - new node test roc_auc, 0.6718
2025-10-01 08:06:53,485 - root - INFO - Epoch: 54, learning rate: 0.0001, train loss: 0.5096
2025-10-01 08:06:53,485 - root - INFO - train average_precision, 0.8090
2025-10-01 08:06:53,485 - root - INFO - train roc_auc, 0.8120
2025-10-01 08:06:53,485 - root - INFO - validate loss: 0.6193
2025-10-01 08:06:53,486 - root - INFO - validate average_precision, 0.7139
2025-10-01 08:06:53,486 - root - INFO - validate roc_auc, 0.7130
2025-10-01 08:06:53,486 - root - INFO - new node validate loss: 0.6438
2025-10-01 08:06:53,486 - root - INFO - new node validate average_precision, 0.6781
2025-10-01 08:06:53,486 - root - INFO - new node validate roc_auc, 0.6960
2025-10-01 08:07:06,447 - root - INFO - test loss: 0.6175
2025-10-01 08:07:06,447 - root - INFO - test average_precision, 0.7218
2025-10-01 08:07:06,447 - root - INFO - best test average_precision: 0.7350
2025-10-01 08:07:06,447 - root - INFO - test roc_auc, 0.7133
2025-10-01 08:07:06,447 - root - INFO - new node test loss: 0.6530
2025-10-01 08:07:06,447 - root - INFO - new node test average_precision, 0.6822
2025-10-01 08:07:06,447 - root - INFO - new node test roc_auc, 0.6742
2025-10-01 08:08:13,492 - root - INFO - Epoch: 55, learning rate: 0.0001, train loss: 0.5143
2025-10-01 08:08:13,492 - root - INFO - train average_precision, 0.8022
2025-10-01 08:08:13,492 - root - INFO - train roc_auc, 0.8070
2025-10-01 08:08:13,492 - root - INFO - validate loss: 0.6155
2025-10-01 08:08:13,492 - root - INFO - validate average_precision, 0.7206
2025-10-01 08:08:13,492 - root - INFO - validate roc_auc, 0.7198
2025-10-01 08:08:13,492 - root - INFO - new node validate loss: 0.6427
2025-10-01 08:08:13,492 - root - INFO - new node validate average_precision, 0.6864
2025-10-01 08:08:13,492 - root - INFO - new node validate roc_auc, 0.7031
2025-10-01 08:08:26,467 - root - INFO - test loss: 0.6082
2025-10-01 08:08:26,468 - root - INFO - test average_precision, 0.7282
2025-10-01 08:08:26,468 - root - INFO - best test average_precision: 0.7350
2025-10-01 08:08:26,468 - root - INFO - test roc_auc, 0.7224
2025-10-01 08:08:26,468 - root - INFO - new node test loss: 0.6392
2025-10-01 08:08:26,468 - root - INFO - new node test average_precision, 0.6884
2025-10-01 08:08:26,468 - root - INFO - new node test roc_auc, 0.6866
2025-10-01 08:09:33,287 - root - INFO - Epoch: 56, learning rate: 0.0001, train loss: 0.5118
2025-10-01 08:09:33,287 - root - INFO - train average_precision, 0.8039
2025-10-01 08:09:33,287 - root - INFO - train roc_auc, 0.8087
2025-10-01 08:09:33,287 - root - INFO - validate loss: 0.6203
2025-10-01 08:09:33,287 - root - INFO - validate average_precision, 0.7164
2025-10-01 08:09:33,287 - root - INFO - validate roc_auc, 0.7141
2025-10-01 08:09:33,287 - root - INFO - new node validate loss: 0.6607
2025-10-01 08:09:33,287 - root - INFO - new node validate average_precision, 0.6696
2025-10-01 08:09:33,287 - root - INFO - new node validate roc_auc, 0.6824
2025-10-01 08:09:46,279 - root - INFO - test loss: 0.6266
2025-10-01 08:09:46,279 - root - INFO - test average_precision, 0.7121
2025-10-01 08:09:46,279 - root - INFO - best test average_precision: 0.7350
2025-10-01 08:09:46,279 - root - INFO - test roc_auc, 0.7032
2025-10-01 08:09:46,279 - root - INFO - new node test loss: 0.6680
2025-10-01 08:09:46,279 - root - INFO - new node test average_precision, 0.6620
2025-10-01 08:09:46,279 - root - INFO - new node test roc_auc, 0.6588
2025-10-01 08:10:53,033 - root - INFO - Epoch: 57, learning rate: 0.0001, train loss: 0.5119
2025-10-01 08:10:53,033 - root - INFO - train average_precision, 0.8056
2025-10-01 08:10:53,033 - root - INFO - train roc_auc, 0.8099
2025-10-01 08:10:53,033 - root - INFO - validate loss: 0.6114
2025-10-01 08:10:53,034 - root - INFO - validate average_precision, 0.7213
2025-10-01 08:10:53,034 - root - INFO - validate roc_auc, 0.7183
2025-10-01 08:10:53,034 - root - INFO - new node validate loss: 0.6371
2025-10-01 08:10:53,034 - root - INFO - new node validate average_precision, 0.6843
2025-10-01 08:10:53,034 - root - INFO - new node validate roc_auc, 0.6975
2025-10-01 08:11:06,013 - root - INFO - test loss: 0.6130
2025-10-01 08:11:06,014 - root - INFO - test average_precision, 0.7241
2025-10-01 08:11:06,014 - root - INFO - best test average_precision: 0.7350
2025-10-01 08:11:06,014 - root - INFO - test roc_auc, 0.7165
2025-10-01 08:11:06,014 - root - INFO - new node test loss: 0.6581
2025-10-01 08:11:06,014 - root - INFO - new node test average_precision, 0.6714
2025-10-01 08:11:06,014 - root - INFO - new node test roc_auc, 0.6625
2025-10-01 08:12:12,863 - root - INFO - Epoch: 58, learning rate: 0.0001, train loss: 0.5139
2025-10-01 08:12:12,863 - root - INFO - train average_precision, 0.8046
2025-10-01 08:12:12,863 - root - INFO - train roc_auc, 0.8087
2025-10-01 08:12:12,863 - root - INFO - validate loss: 0.6148
2025-10-01 08:12:12,863 - root - INFO - validate average_precision, 0.7189
2025-10-01 08:12:12,863 - root - INFO - validate roc_auc, 0.7135
2025-10-01 08:12:12,863 - root - INFO - new node validate loss: 0.6319
2025-10-01 08:12:12,863 - root - INFO - new node validate average_precision, 0.6834
2025-10-01 08:12:12,864 - root - INFO - new node validate roc_auc, 0.6981
2025-10-01 08:12:25,773 - root - INFO - test loss: 0.6174
2025-10-01 08:12:25,773 - root - INFO - test average_precision, 0.7282
2025-10-01 08:12:25,773 - root - INFO - best test average_precision: 0.7350
2025-10-01 08:12:25,773 - root - INFO - test roc_auc, 0.7231
2025-10-01 08:12:25,773 - root - INFO - new node test loss: 0.6491
2025-10-01 08:12:25,773 - root - INFO - new node test average_precision, 0.6854
2025-10-01 08:12:25,773 - root - INFO - new node test roc_auc, 0.6789
2025-10-01 08:13:32,541 - root - INFO - Epoch: 59, learning rate: 0.0001, train loss: 0.5130
2025-10-01 08:13:32,541 - root - INFO - train average_precision, 0.8047
2025-10-01 08:13:32,542 - root - INFO - train roc_auc, 0.8077
2025-10-01 08:13:32,542 - root - INFO - validate loss: 0.6017
2025-10-01 08:13:32,542 - root - INFO - validate average_precision, 0.7291
2025-10-01 08:13:32,542 - root - INFO - validate roc_auc, 0.7317
2025-10-01 08:13:32,542 - root - INFO - new node validate loss: 0.6252
2025-10-01 08:13:32,542 - root - INFO - new node validate average_precision, 0.6952
2025-10-01 08:13:32,542 - root - INFO - new node validate roc_auc, 0.7116
2025-10-01 08:13:45,506 - root - INFO - test loss: 0.6061
2025-10-01 08:13:45,506 - root - INFO - test average_precision, 0.7323
2025-10-01 08:13:45,506 - root - INFO - best test average_precision: 0.7350
2025-10-01 08:13:45,506 - root - INFO - test roc_auc, 0.7242
2025-10-01 08:13:45,506 - root - INFO - new node test loss: 0.6338
2025-10-01 08:13:45,506 - root - INFO - new node test average_precision, 0.6914
2025-10-01 08:13:45,506 - root - INFO - new node test roc_auc, 0.6916
2025-10-01 08:13:45,506 - root - INFO - save model ./saved_models/TGAT/enron/TGAT_seed4/TGAT_seed4.pkl
2025-10-01 08:14:52,676 - root - INFO - Epoch: 60, learning rate: 0.0001, train loss: 0.5109
2025-10-01 08:14:52,677 - root - INFO - train average_precision, 0.8078
2025-10-01 08:14:52,677 - root - INFO - train roc_auc, 0.8119
2025-10-01 08:14:52,677 - root - INFO - validate loss: 0.6019
2025-10-01 08:14:52,677 - root - INFO - validate average_precision, 0.7292
2025-10-01 08:14:52,677 - root - INFO - validate roc_auc, 0.7269
2025-10-01 08:14:52,677 - root - INFO - new node validate loss: 0.6313
2025-10-01 08:14:52,677 - root - INFO - new node validate average_precision, 0.6917
2025-10-01 08:14:52,677 - root - INFO - new node validate roc_auc, 0.7010
2025-10-01 08:15:05,658 - root - INFO - test loss: 0.5980
2025-10-01 08:15:05,658 - root - INFO - test average_precision, 0.7406
2025-10-01 08:15:05,658 - root - INFO - best test average_precision: 0.7406
2025-10-01 08:15:05,658 - root - INFO - test roc_auc, 0.7356
2025-10-01 08:15:05,658 - root - INFO - new node test loss: 0.6396
2025-10-01 08:15:05,659 - root - INFO - new node test average_precision, 0.7057
2025-10-01 08:15:05,659 - root - INFO - new node test roc_auc, 0.7010
2025-10-01 08:16:12,205 - root - INFO - Epoch: 61, learning rate: 0.0001, train loss: 0.5120
2025-10-01 08:16:12,206 - root - INFO - train average_precision, 0.8063
2025-10-01 08:16:12,206 - root - INFO - train roc_auc, 0.8100
2025-10-01 08:16:12,206 - root - INFO - validate loss: 0.6127
2025-10-01 08:16:12,206 - root - INFO - validate average_precision, 0.7252
2025-10-01 08:16:12,206 - root - INFO - validate roc_auc, 0.7193
2025-10-01 08:16:12,206 - root - INFO - new node validate loss: 0.6464
2025-10-01 08:16:12,206 - root - INFO - new node validate average_precision, 0.6814
2025-10-01 08:16:12,206 - root - INFO - new node validate roc_auc, 0.6926
2025-10-01 08:16:25,079 - root - INFO - test loss: 0.6246
2025-10-01 08:16:25,079 - root - INFO - test average_precision, 0.7193
2025-10-01 08:16:25,079 - root - INFO - best test average_precision: 0.7406
2025-10-01 08:16:25,079 - root - INFO - test roc_auc, 0.7076
2025-10-01 08:16:25,079 - root - INFO - new node test loss: 0.6635
2025-10-01 08:16:25,079 - root - INFO - new node test average_precision, 0.6751
2025-10-01 08:16:25,079 - root - INFO - new node test roc_auc, 0.6630
2025-10-01 08:17:31,480 - root - INFO - Epoch: 62, learning rate: 0.0001, train loss: 0.5140
2025-10-01 08:17:31,480 - root - INFO - train average_precision, 0.8061
2025-10-01 08:17:31,480 - root - INFO - train roc_auc, 0.8086
2025-10-01 08:17:31,481 - root - INFO - validate loss: 0.6103
2025-10-01 08:17:31,481 - root - INFO - validate average_precision, 0.7236
2025-10-01 08:17:31,481 - root - INFO - validate roc_auc, 0.7220
2025-10-01 08:17:31,481 - root - INFO - new node validate loss: 0.6397
2025-10-01 08:17:31,481 - root - INFO - new node validate average_precision, 0.6794
2025-10-01 08:17:31,481 - root - INFO - new node validate roc_auc, 0.6941
2025-10-01 08:17:44,364 - root - INFO - test loss: 0.6015
2025-10-01 08:17:44,364 - root - INFO - test average_precision, 0.7442
2025-10-01 08:17:44,364 - root - INFO - best test average_precision: 0.7442
2025-10-01 08:17:44,364 - root - INFO - test roc_auc, 0.7371
2025-10-01 08:17:44,365 - root - INFO - new node test loss: 0.6476
2025-10-01 08:17:44,365 - root - INFO - new node test average_precision, 0.6988
2025-10-01 08:17:44,365 - root - INFO - new node test roc_auc, 0.6912
2025-10-01 08:18:51,690 - root - INFO - Epoch: 63, learning rate: 0.0001, train loss: 0.5098
2025-10-01 08:18:51,691 - root - INFO - train average_precision, 0.8094
2025-10-01 08:18:51,691 - root - INFO - train roc_auc, 0.8119
2025-10-01 08:18:51,691 - root - INFO - validate loss: 0.6138
2025-10-01 08:18:51,691 - root - INFO - validate average_precision, 0.7254
2025-10-01 08:18:51,691 - root - INFO - validate roc_auc, 0.7217
2025-10-01 08:18:51,691 - root - INFO - new node validate loss: 0.6404
2025-10-01 08:18:51,691 - root - INFO - new node validate average_precision, 0.6843
2025-10-01 08:18:51,691 - root - INFO - new node validate roc_auc, 0.6979
2025-10-01 08:19:04,690 - root - INFO - test loss: 0.6095
2025-10-01 08:19:04,690 - root - INFO - test average_precision, 0.7371
2025-10-01 08:19:04,690 - root - INFO - best test average_precision: 0.7442
2025-10-01 08:19:04,690 - root - INFO - test roc_auc, 0.7245
2025-10-01 08:19:04,690 - root - INFO - new node test loss: 0.6349
2025-10-01 08:19:04,690 - root - INFO - new node test average_precision, 0.7074
2025-10-01 08:19:04,690 - root - INFO - new node test roc_auc, 0.7007
2025-10-01 08:20:11,289 - root - INFO - Epoch: 64, learning rate: 0.0001, train loss: 0.5089
2025-10-01 08:20:11,289 - root - INFO - train average_precision, 0.8123
2025-10-01 08:20:11,289 - root - INFO - train roc_auc, 0.8136
2025-10-01 08:20:11,289 - root - INFO - validate loss: 0.6134
2025-10-01 08:20:11,289 - root - INFO - validate average_precision, 0.7340
2025-10-01 08:20:11,289 - root - INFO - validate roc_auc, 0.7323
2025-10-01 08:20:11,289 - root - INFO - new node validate loss: 0.6463
2025-10-01 08:20:11,289 - root - INFO - new node validate average_precision, 0.6960
2025-10-01 08:20:11,289 - root - INFO - new node validate roc_auc, 0.7124
2025-10-01 08:20:24,255 - root - INFO - test loss: 0.6065
2025-10-01 08:20:24,256 - root - INFO - test average_precision, 0.7322
2025-10-01 08:20:24,256 - root - INFO - best test average_precision: 0.7442
2025-10-01 08:20:24,256 - root - INFO - test roc_auc, 0.7188
2025-10-01 08:20:24,256 - root - INFO - new node test loss: 0.6544
2025-10-01 08:20:24,256 - root - INFO - new node test average_precision, 0.6860
2025-10-01 08:20:24,256 - root - INFO - new node test roc_auc, 0.6707
2025-10-01 08:20:24,257 - root - INFO - save model ./saved_models/TGAT/enron/TGAT_seed4/TGAT_seed4.pkl
2025-10-01 08:21:31,563 - root - INFO - Epoch: 65, learning rate: 0.0001, train loss: 0.5090
2025-10-01 08:21:31,564 - root - INFO - train average_precision, 0.8099
2025-10-01 08:21:31,564 - root - INFO - train roc_auc, 0.8134
2025-10-01 08:21:31,564 - root - INFO - validate loss: 0.5991
2025-10-01 08:21:31,564 - root - INFO - validate average_precision, 0.7430
2025-10-01 08:21:31,564 - root - INFO - validate roc_auc, 0.7419
2025-10-01 08:21:31,564 - root - INFO - new node validate loss: 0.6313
2025-10-01 08:21:31,564 - root - INFO - new node validate average_precision, 0.7108
2025-10-01 08:21:31,564 - root - INFO - new node validate roc_auc, 0.7179
2025-10-01 08:21:44,564 - root - INFO - test loss: 0.6115
2025-10-01 08:21:44,566 - root - INFO - test average_precision, 0.7282
2025-10-01 08:21:44,566 - root - INFO - best test average_precision: 0.7442
2025-10-01 08:21:44,567 - root - INFO - test roc_auc, 0.7184
2025-10-01 08:21:44,567 - root - INFO - new node test loss: 0.6590
2025-10-01 08:21:44,567 - root - INFO - new node test average_precision, 0.6825
2025-10-01 08:21:44,567 - root - INFO - new node test roc_auc, 0.6788
2025-10-01 08:21:44,567 - root - INFO - save model ./saved_models/TGAT/enron/TGAT_seed4/TGAT_seed4.pkl
2025-10-01 08:22:51,728 - root - INFO - Epoch: 66, learning rate: 0.0001, train loss: 0.5069
2025-10-01 08:22:51,728 - root - INFO - train average_precision, 0.8135
2025-10-01 08:22:51,728 - root - INFO - train roc_auc, 0.8152
2025-10-01 08:22:51,728 - root - INFO - validate loss: 0.6126
2025-10-01 08:22:51,728 - root - INFO - validate average_precision, 0.7293
2025-10-01 08:22:51,728 - root - INFO - validate roc_auc, 0.7237
2025-10-01 08:22:51,728 - root - INFO - new node validate loss: 0.6373
2025-10-01 08:22:51,728 - root - INFO - new node validate average_precision, 0.6903
2025-10-01 08:22:51,728 - root - INFO - new node validate roc_auc, 0.7047
2025-10-01 08:23:04,702 - root - INFO - test loss: 0.6018
2025-10-01 08:23:04,702 - root - INFO - test average_precision, 0.7444
2025-10-01 08:23:04,702 - root - INFO - best test average_precision: 0.7444
2025-10-01 08:23:04,702 - root - INFO - test roc_auc, 0.7329
2025-10-01 08:23:04,702 - root - INFO - new node test loss: 0.6605
2025-10-01 08:23:04,702 - root - INFO - new node test average_precision, 0.6817
2025-10-01 08:23:04,702 - root - INFO - new node test roc_auc, 0.6719
2025-10-01 08:24:11,576 - root - INFO - Epoch: 67, learning rate: 0.0001, train loss: 0.5056
2025-10-01 08:24:11,576 - root - INFO - train average_precision, 0.8156
2025-10-01 08:24:11,577 - root - INFO - train roc_auc, 0.8173
2025-10-01 08:24:11,577 - root - INFO - validate loss: 0.6035
2025-10-01 08:24:11,577 - root - INFO - validate average_precision, 0.7352
2025-10-01 08:24:11,577 - root - INFO - validate roc_auc, 0.7314
2025-10-01 08:24:11,577 - root - INFO - new node validate loss: 0.6277
2025-10-01 08:24:11,577 - root - INFO - new node validate average_precision, 0.7033
2025-10-01 08:24:11,577 - root - INFO - new node validate roc_auc, 0.7139
2025-10-01 08:24:24,540 - root - INFO - test loss: 0.6014
2025-10-01 08:24:24,540 - root - INFO - test average_precision, 0.7386
2025-10-01 08:24:24,540 - root - INFO - best test average_precision: 0.7444
2025-10-01 08:24:24,540 - root - INFO - test roc_auc, 0.7267
2025-10-01 08:24:24,540 - root - INFO - new node test loss: 0.6348
2025-10-01 08:24:24,540 - root - INFO - new node test average_precision, 0.6920
2025-10-01 08:24:24,540 - root - INFO - new node test roc_auc, 0.6921
2025-10-01 08:25:31,052 - root - INFO - Epoch: 68, learning rate: 0.0001, train loss: 0.5041
2025-10-01 08:25:31,052 - root - INFO - train average_precision, 0.8176
2025-10-01 08:25:31,052 - root - INFO - train roc_auc, 0.8182
2025-10-01 08:25:31,052 - root - INFO - validate loss: 0.6016
2025-10-01 08:25:31,052 - root - INFO - validate average_precision, 0.7373
2025-10-01 08:25:31,052 - root - INFO - validate roc_auc, 0.7345
2025-10-01 08:25:31,052 - root - INFO - new node validate loss: 0.6315
2025-10-01 08:25:31,053 - root - INFO - new node validate average_precision, 0.7002
2025-10-01 08:25:31,053 - root - INFO - new node validate roc_auc, 0.7096
2025-10-01 08:25:44,020 - root - INFO - test loss: 0.5954
2025-10-01 08:25:44,021 - root - INFO - test average_precision, 0.7467
2025-10-01 08:25:44,021 - root - INFO - best test average_precision: 0.7467
2025-10-01 08:25:44,021 - root - INFO - test roc_auc, 0.7367
2025-10-01 08:25:44,021 - root - INFO - new node test loss: 0.6397
2025-10-01 08:25:44,021 - root - INFO - new node test average_precision, 0.7010
2025-10-01 08:25:44,021 - root - INFO - new node test roc_auc, 0.6956
2025-10-01 08:26:51,336 - root - INFO - Epoch: 69, learning rate: 0.0001, train loss: 0.5042
2025-10-01 08:26:51,336 - root - INFO - train average_precision, 0.8165
2025-10-01 08:26:51,336 - root - INFO - train roc_auc, 0.8183
2025-10-01 08:26:51,336 - root - INFO - validate loss: 0.5999
2025-10-01 08:26:51,336 - root - INFO - validate average_precision, 0.7404
2025-10-01 08:26:51,336 - root - INFO - validate roc_auc, 0.7364
2025-10-01 08:26:51,336 - root - INFO - new node validate loss: 0.6175
2025-10-01 08:26:51,336 - root - INFO - new node validate average_precision, 0.7123
2025-10-01 08:26:51,336 - root - INFO - new node validate roc_auc, 0.7295
2025-10-01 08:27:04,244 - root - INFO - test loss: 0.6064
2025-10-01 08:27:04,245 - root - INFO - test average_precision, 0.7452
2025-10-01 08:27:04,245 - root - INFO - best test average_precision: 0.7467
2025-10-01 08:27:04,245 - root - INFO - test roc_auc, 0.7328
2025-10-01 08:27:04,245 - root - INFO - new node test loss: 0.6472
2025-10-01 08:27:04,245 - root - INFO - new node test average_precision, 0.6972
2025-10-01 08:27:04,245 - root - INFO - new node test roc_auc, 0.6885
2025-10-01 08:28:11,534 - root - INFO - Epoch: 70, learning rate: 0.0001, train loss: 0.5043
2025-10-01 08:28:11,535 - root - INFO - train average_precision, 0.8172
2025-10-01 08:28:11,535 - root - INFO - train roc_auc, 0.8189
2025-10-01 08:28:11,535 - root - INFO - validate loss: 0.5977
2025-10-01 08:28:11,535 - root - INFO - validate average_precision, 0.7431
2025-10-01 08:28:11,535 - root - INFO - validate roc_auc, 0.7385
2025-10-01 08:28:11,535 - root - INFO - new node validate loss: 0.6141
2025-10-01 08:28:11,535 - root - INFO - new node validate average_precision, 0.7184
2025-10-01 08:28:11,535 - root - INFO - new node validate roc_auc, 0.7273
2025-10-01 08:28:24,643 - root - INFO - test loss: 0.6095
2025-10-01 08:28:24,644 - root - INFO - test average_precision, 0.7358
2025-10-01 08:28:24,644 - root - INFO - best test average_precision: 0.7467
2025-10-01 08:28:24,644 - root - INFO - test roc_auc, 0.7234
2025-10-01 08:28:24,644 - root - INFO - new node test loss: 0.6387
2025-10-01 08:28:24,644 - root - INFO - new node test average_precision, 0.6918
2025-10-01 08:28:24,644 - root - INFO - new node test roc_auc, 0.6891
2025-10-01 08:29:31,465 - root - INFO - Epoch: 71, learning rate: 0.0001, train loss: 0.5035
2025-10-01 08:29:31,465 - root - INFO - train average_precision, 0.8181
2025-10-01 08:29:31,465 - root - INFO - train roc_auc, 0.8192
2025-10-01 08:29:31,465 - root - INFO - validate loss: 0.6092
2025-10-01 08:29:31,465 - root - INFO - validate average_precision, 0.7339
2025-10-01 08:29:31,465 - root - INFO - validate roc_auc, 0.7264
2025-10-01 08:29:31,465 - root - INFO - new node validate loss: 0.6254
2025-10-01 08:29:31,465 - root - INFO - new node validate average_precision, 0.7132
2025-10-01 08:29:31,465 - root - INFO - new node validate roc_auc, 0.7251
2025-10-01 08:29:44,455 - root - INFO - test loss: 0.6043
2025-10-01 08:29:44,455 - root - INFO - test average_precision, 0.7413
2025-10-01 08:29:44,455 - root - INFO - best test average_precision: 0.7467
2025-10-01 08:29:44,455 - root - INFO - test roc_auc, 0.7287
2025-10-01 08:29:44,456 - root - INFO - new node test loss: 0.6777
2025-10-01 08:29:44,456 - root - INFO - new node test average_precision, 0.6692
2025-10-01 08:29:44,456 - root - INFO - new node test roc_auc, 0.6570
2025-10-01 08:30:51,345 - root - INFO - Epoch: 72, learning rate: 0.0001, train loss: 0.5036
2025-10-01 08:30:51,346 - root - INFO - train average_precision, 0.8171
2025-10-01 08:30:51,346 - root - INFO - train roc_auc, 0.8176
2025-10-01 08:30:51,346 - root - INFO - validate loss: 0.6064
2025-10-01 08:30:51,346 - root - INFO - validate average_precision, 0.7350
2025-10-01 08:30:51,346 - root - INFO - validate roc_auc, 0.7231
2025-10-01 08:30:51,346 - root - INFO - new node validate loss: 0.6373
2025-10-01 08:30:51,346 - root - INFO - new node validate average_precision, 0.7047
2025-10-01 08:30:51,346 - root - INFO - new node validate roc_auc, 0.7093
2025-10-01 08:31:04,350 - root - INFO - test loss: 0.6061
2025-10-01 08:31:04,350 - root - INFO - test average_precision, 0.7369
2025-10-01 08:31:04,350 - root - INFO - best test average_precision: 0.7467
2025-10-01 08:31:04,351 - root - INFO - test roc_auc, 0.7212
2025-10-01 08:31:04,351 - root - INFO - new node test loss: 0.6408
2025-10-01 08:31:04,351 - root - INFO - new node test average_precision, 0.6992
2025-10-01 08:31:04,351 - root - INFO - new node test roc_auc, 0.6888
2025-10-01 08:32:11,447 - root - INFO - Epoch: 73, learning rate: 0.0001, train loss: 0.5043
2025-10-01 08:32:11,447 - root - INFO - train average_precision, 0.8185
2025-10-01 08:32:11,447 - root - INFO - train roc_auc, 0.8184
2025-10-01 08:32:11,447 - root - INFO - validate loss: 0.6183
2025-10-01 08:32:11,447 - root - INFO - validate average_precision, 0.7274
2025-10-01 08:32:11,447 - root - INFO - validate roc_auc, 0.7251
2025-10-01 08:32:11,448 - root - INFO - new node validate loss: 0.6560
2025-10-01 08:32:11,448 - root - INFO - new node validate average_precision, 0.6761
2025-10-01 08:32:11,448 - root - INFO - new node validate roc_auc, 0.6923
2025-10-01 08:32:24,446 - root - INFO - test loss: 0.6103
2025-10-01 08:32:24,446 - root - INFO - test average_precision, 0.7367
2025-10-01 08:32:24,446 - root - INFO - best test average_precision: 0.7467
2025-10-01 08:32:24,446 - root - INFO - test roc_auc, 0.7307
2025-10-01 08:32:24,446 - root - INFO - new node test loss: 0.6694
2025-10-01 08:32:24,446 - root - INFO - new node test average_precision, 0.6783
2025-10-01 08:32:24,446 - root - INFO - new node test roc_auc, 0.6646
2025-10-01 08:33:31,417 - root - INFO - Epoch: 74, learning rate: 0.0001, train loss: 0.4999
2025-10-01 08:33:31,417 - root - INFO - train average_precision, 0.8208
2025-10-01 08:33:31,417 - root - INFO - train roc_auc, 0.8211
2025-10-01 08:33:31,417 - root - INFO - validate loss: 0.6148
2025-10-01 08:33:31,417 - root - INFO - validate average_precision, 0.7320
2025-10-01 08:33:31,417 - root - INFO - validate roc_auc, 0.7269
2025-10-01 08:33:31,417 - root - INFO - new node validate loss: 0.6370
2025-10-01 08:33:31,417 - root - INFO - new node validate average_precision, 0.7083
2025-10-01 08:33:31,417 - root - INFO - new node validate roc_auc, 0.7207
2025-10-01 08:33:44,373 - root - INFO - test loss: 0.6103
2025-10-01 08:33:44,373 - root - INFO - test average_precision, 0.7348
2025-10-01 08:33:44,373 - root - INFO - best test average_precision: 0.7467
2025-10-01 08:33:44,373 - root - INFO - test roc_auc, 0.7276
2025-10-01 08:33:44,373 - root - INFO - new node test loss: 0.6467
2025-10-01 08:33:44,373 - root - INFO - new node test average_precision, 0.6891
2025-10-01 08:33:44,373 - root - INFO - new node test roc_auc, 0.6913
2025-10-01 08:34:51,966 - root - INFO - Epoch: 75, learning rate: 0.0001, train loss: 0.5015
2025-10-01 08:34:51,966 - root - INFO - train average_precision, 0.8172
2025-10-01 08:34:51,966 - root - INFO - train roc_auc, 0.8185
2025-10-01 08:34:51,966 - root - INFO - validate loss: 0.6119
2025-10-01 08:34:51,966 - root - INFO - validate average_precision, 0.7346
2025-10-01 08:34:51,966 - root - INFO - validate roc_auc, 0.7241
2025-10-01 08:34:51,966 - root - INFO - new node validate loss: 0.6377
2025-10-01 08:34:51,967 - root - INFO - new node validate average_precision, 0.7040
2025-10-01 08:34:51,967 - root - INFO - new node validate roc_auc, 0.7084
2025-10-01 08:35:04,938 - root - INFO - test loss: 0.6091
2025-10-01 08:35:04,939 - root - INFO - test average_precision, 0.7395
2025-10-01 08:35:04,939 - root - INFO - best test average_precision: 0.7467
2025-10-01 08:35:04,939 - root - INFO - test roc_auc, 0.7256
2025-10-01 08:35:04,939 - root - INFO - new node test loss: 0.6562
2025-10-01 08:35:04,939 - root - INFO - new node test average_precision, 0.6852
2025-10-01 08:35:04,939 - root - INFO - new node test roc_auc, 0.6774
2025-10-01 08:36:11,697 - root - INFO - Epoch: 76, learning rate: 0.0001, train loss: 0.5013
2025-10-01 08:36:11,697 - root - INFO - train average_precision, 0.8209
2025-10-01 08:36:11,697 - root - INFO - train roc_auc, 0.8201
2025-10-01 08:36:11,697 - root - INFO - validate loss: 0.5927
2025-10-01 08:36:11,697 - root - INFO - validate average_precision, 0.7431
2025-10-01 08:36:11,697 - root - INFO - validate roc_auc, 0.7441
2025-10-01 08:36:11,697 - root - INFO - new node validate loss: 0.6170
2025-10-01 08:36:11,697 - root - INFO - new node validate average_precision, 0.7159
2025-10-01 08:36:11,698 - root - INFO - new node validate roc_auc, 0.7392
2025-10-01 08:36:24,734 - root - INFO - test loss: 0.5956
2025-10-01 08:36:24,734 - root - INFO - test average_precision, 0.7491
2025-10-01 08:36:24,734 - root - INFO - best test average_precision: 0.7491
2025-10-01 08:36:24,734 - root - INFO - test roc_auc, 0.7407
2025-10-01 08:36:24,734 - root - INFO - new node test loss: 0.6365
2025-10-01 08:36:24,734 - root - INFO - new node test average_precision, 0.7039
2025-10-01 08:36:24,734 - root - INFO - new node test roc_auc, 0.6951
2025-10-01 08:36:24,735 - root - INFO - save model ./saved_models/TGAT/enron/TGAT_seed4/TGAT_seed4.pkl
2025-10-01 08:37:31,625 - root - INFO - Epoch: 77, learning rate: 0.0001, train loss: 0.4980
2025-10-01 08:37:31,625 - root - INFO - train average_precision, 0.8219
2025-10-01 08:37:31,625 - root - INFO - train roc_auc, 0.8232
2025-10-01 08:37:31,625 - root - INFO - validate loss: 0.6012
2025-10-01 08:37:31,625 - root - INFO - validate average_precision, 0.7483
2025-10-01 08:37:31,625 - root - INFO - validate roc_auc, 0.7364
2025-10-01 08:37:31,625 - root - INFO - new node validate loss: 0.6202
2025-10-01 08:37:31,625 - root - INFO - new node validate average_precision, 0.7228
2025-10-01 08:37:31,625 - root - INFO - new node validate roc_auc, 0.7330
2025-10-01 08:37:44,607 - root - INFO - test loss: 0.6067
2025-10-01 08:37:44,607 - root - INFO - test average_precision, 0.7473
2025-10-01 08:37:44,607 - root - INFO - best test average_precision: 0.7491
2025-10-01 08:37:44,607 - root - INFO - test roc_auc, 0.7378
2025-10-01 08:37:44,607 - root - INFO - new node test loss: 0.6585
2025-10-01 08:37:44,608 - root - INFO - new node test average_precision, 0.6937
2025-10-01 08:37:44,608 - root - INFO - new node test roc_auc, 0.6814
2025-10-01 08:38:51,426 - root - INFO - Epoch: 78, learning rate: 0.0001, train loss: 0.5001
2025-10-01 08:38:51,426 - root - INFO - train average_precision, 0.8211
2025-10-01 08:38:51,426 - root - INFO - train roc_auc, 0.8210
2025-10-01 08:38:51,426 - root - INFO - validate loss: 0.6205
2025-10-01 08:38:51,426 - root - INFO - validate average_precision, 0.7245
2025-10-01 08:38:51,426 - root - INFO - validate roc_auc, 0.7252
2025-10-01 08:38:51,426 - root - INFO - new node validate loss: 0.6733
2025-10-01 08:38:51,426 - root - INFO - new node validate average_precision, 0.6748
2025-10-01 08:38:51,426 - root - INFO - new node validate roc_auc, 0.6882
2025-10-01 08:39:04,386 - root - INFO - test loss: 0.6053
2025-10-01 08:39:04,387 - root - INFO - test average_precision, 0.7424
2025-10-01 08:39:04,387 - root - INFO - best test average_precision: 0.7491
2025-10-01 08:39:04,387 - root - INFO - test roc_auc, 0.7286
2025-10-01 08:39:04,387 - root - INFO - new node test loss: 0.6339
2025-10-01 08:39:04,387 - root - INFO - new node test average_precision, 0.7119
2025-10-01 08:39:04,387 - root - INFO - new node test roc_auc, 0.7071
2025-10-01 08:40:11,135 - root - INFO - Epoch: 79, learning rate: 0.0001, train loss: 0.5030
2025-10-01 08:40:11,135 - root - INFO - train average_precision, 0.8168
2025-10-01 08:40:11,135 - root - INFO - train roc_auc, 0.8182
2025-10-01 08:40:11,135 - root - INFO - validate loss: 0.5952
2025-10-01 08:40:11,135 - root - INFO - validate average_precision, 0.7442
2025-10-01 08:40:11,135 - root - INFO - validate roc_auc, 0.7404
2025-10-01 08:40:11,135 - root - INFO - new node validate loss: 0.6211
2025-10-01 08:40:11,135 - root - INFO - new node validate average_precision, 0.7039
2025-10-01 08:40:11,136 - root - INFO - new node validate roc_auc, 0.7245
2025-10-01 08:40:24,045 - root - INFO - test loss: 0.5836
2025-10-01 08:40:24,045 - root - INFO - test average_precision, 0.7586
2025-10-01 08:40:24,046 - root - INFO - best test average_precision: 0.7586
2025-10-01 08:40:24,046 - root - INFO - test roc_auc, 0.7528
2025-10-01 08:40:24,046 - root - INFO - new node test loss: 0.6216
2025-10-01 08:40:24,046 - root - INFO - new node test average_precision, 0.7158
2025-10-01 08:40:24,046 - root - INFO - new node test roc_auc, 0.7162
2025-10-01 08:41:30,561 - root - INFO - Epoch: 80, learning rate: 0.0001, train loss: 0.4995
2025-10-01 08:41:30,561 - root - INFO - train average_precision, 0.8215
2025-10-01 08:41:30,561 - root - INFO - train roc_auc, 0.8217
2025-10-01 08:41:30,561 - root - INFO - validate loss: 0.5914
2025-10-01 08:41:30,561 - root - INFO - validate average_precision, 0.7468
2025-10-01 08:41:30,561 - root - INFO - validate roc_auc, 0.7443
2025-10-01 08:41:30,561 - root - INFO - new node validate loss: 0.6119
2025-10-01 08:41:30,561 - root - INFO - new node validate average_precision, 0.7222
2025-10-01 08:41:30,561 - root - INFO - new node validate roc_auc, 0.7401
2025-10-01 08:41:43,503 - root - INFO - test loss: 0.6063
2025-10-01 08:41:43,503 - root - INFO - test average_precision, 0.7407
2025-10-01 08:41:43,504 - root - INFO - best test average_precision: 0.7586
2025-10-01 08:41:43,504 - root - INFO - test roc_auc, 0.7257
2025-10-01 08:41:43,504 - root - INFO - new node test loss: 0.6743
2025-10-01 08:41:43,504 - root - INFO - new node test average_precision, 0.6870
2025-10-01 08:41:43,504 - root - INFO - new node test roc_auc, 0.6705
2025-10-01 08:41:43,504 - root - INFO - save model ./saved_models/TGAT/enron/TGAT_seed4/TGAT_seed4.pkl
2025-10-01 08:42:50,477 - root - INFO - Epoch: 81, learning rate: 0.0001, train loss: 0.4978
2025-10-01 08:42:50,477 - root - INFO - train average_precision, 0.8234
2025-10-01 08:42:50,477 - root - INFO - train roc_auc, 0.8238
2025-10-01 08:42:50,477 - root - INFO - validate loss: 0.6137
2025-10-01 08:42:50,477 - root - INFO - validate average_precision, 0.7333
2025-10-01 08:42:50,477 - root - INFO - validate roc_auc, 0.7209
2025-10-01 08:42:50,477 - root - INFO - new node validate loss: 0.6576
2025-10-01 08:42:50,478 - root - INFO - new node validate average_precision, 0.6955
2025-10-01 08:42:50,478 - root - INFO - new node validate roc_auc, 0.7024
2025-10-01 08:43:03,469 - root - INFO - test loss: 0.6109
2025-10-01 08:43:03,469 - root - INFO - test average_precision, 0.7451
2025-10-01 08:43:03,469 - root - INFO - best test average_precision: 0.7586
2025-10-01 08:43:03,469 - root - INFO - test roc_auc, 0.7356
2025-10-01 08:43:03,469 - root - INFO - new node test loss: 0.6789
2025-10-01 08:43:03,469 - root - INFO - new node test average_precision, 0.6780
2025-10-01 08:43:03,469 - root - INFO - new node test roc_auc, 0.6640
2025-10-01 08:44:10,562 - root - INFO - Epoch: 82, learning rate: 0.0001, train loss: 0.5004
2025-10-01 08:44:10,562 - root - INFO - train average_precision, 0.8217
2025-10-01 08:44:10,562 - root - INFO - train roc_auc, 0.8208
2025-10-01 08:44:10,562 - root - INFO - validate loss: 0.5982
2025-10-01 08:44:10,562 - root - INFO - validate average_precision, 0.7393
2025-10-01 08:44:10,562 - root - INFO - validate roc_auc, 0.7328
2025-10-01 08:44:10,562 - root - INFO - new node validate loss: 0.6226
2025-10-01 08:44:10,562 - root - INFO - new node validate average_precision, 0.7077
2025-10-01 08:44:10,563 - root - INFO - new node validate roc_auc, 0.7172
2025-10-01 08:44:23,503 - root - INFO - test loss: 0.6029
2025-10-01 08:44:23,504 - root - INFO - test average_precision, 0.7523
2025-10-01 08:44:23,504 - root - INFO - best test average_precision: 0.7586
2025-10-01 08:44:23,504 - root - INFO - test roc_auc, 0.7427
2025-10-01 08:44:23,504 - root - INFO - new node test loss: 0.6393
2025-10-01 08:44:23,504 - root - INFO - new node test average_precision, 0.6994
2025-10-01 08:44:23,504 - root - INFO - new node test roc_auc, 0.7048
2025-10-01 08:45:30,423 - root - INFO - Epoch: 83, learning rate: 0.0001, train loss: 0.5001
2025-10-01 08:45:30,423 - root - INFO - train average_precision, 0.8222
2025-10-01 08:45:30,423 - root - INFO - train roc_auc, 0.8229
2025-10-01 08:45:30,423 - root - INFO - validate loss: 0.6020
2025-10-01 08:45:30,423 - root - INFO - validate average_precision, 0.7408
2025-10-01 08:45:30,423 - root - INFO - validate roc_auc, 0.7356
2025-10-01 08:45:30,423 - root - INFO - new node validate loss: 0.6432
2025-10-01 08:45:30,424 - root - INFO - new node validate average_precision, 0.7038
2025-10-01 08:45:30,424 - root - INFO - new node validate roc_auc, 0.7184
2025-10-01 08:45:43,442 - root - INFO - test loss: 0.6094
2025-10-01 08:45:43,442 - root - INFO - test average_precision, 0.7431
2025-10-01 08:45:43,442 - root - INFO - best test average_precision: 0.7586
2025-10-01 08:45:43,442 - root - INFO - test roc_auc, 0.7305
2025-10-01 08:45:43,442 - root - INFO - new node test loss: 0.6509
2025-10-01 08:45:43,442 - root - INFO - new node test average_precision, 0.6937
2025-10-01 08:45:43,443 - root - INFO - new node test roc_auc, 0.6921
2025-10-01 08:46:50,139 - root - INFO - Epoch: 84, learning rate: 0.0001, train loss: 0.5007
2025-10-01 08:46:50,139 - root - INFO - train average_precision, 0.8201
2025-10-01 08:46:50,140 - root - INFO - train roc_auc, 0.8214
2025-10-01 08:46:50,140 - root - INFO - validate loss: 0.5972
2025-10-01 08:46:50,140 - root - INFO - validate average_precision, 0.7408
2025-10-01 08:46:50,140 - root - INFO - validate roc_auc, 0.7348
2025-10-01 08:46:50,140 - root - INFO - new node validate loss: 0.6180
2025-10-01 08:46:50,140 - root - INFO - new node validate average_precision, 0.7119
2025-10-01 08:46:50,140 - root - INFO - new node validate roc_auc, 0.7280
2025-10-01 08:47:03,013 - root - INFO - test loss: 0.6038
2025-10-01 08:47:03,013 - root - INFO - test average_precision, 0.7479
2025-10-01 08:47:03,013 - root - INFO - best test average_precision: 0.7586
2025-10-01 08:47:03,013 - root - INFO - test roc_auc, 0.7380
2025-10-01 08:47:03,013 - root - INFO - new node test loss: 0.6481
2025-10-01 08:47:03,013 - root - INFO - new node test average_precision, 0.6898
2025-10-01 08:47:03,013 - root - INFO - new node test roc_auc, 0.6797
2025-10-01 08:48:10,036 - root - INFO - Epoch: 85, learning rate: 0.0001, train loss: 0.4981
2025-10-01 08:48:10,036 - root - INFO - train average_precision, 0.8218
2025-10-01 08:48:10,036 - root - INFO - train roc_auc, 0.8221
2025-10-01 08:48:10,036 - root - INFO - validate loss: 0.6025
2025-10-01 08:48:10,036 - root - INFO - validate average_precision, 0.7404
2025-10-01 08:48:10,036 - root - INFO - validate roc_auc, 0.7324
2025-10-01 08:48:10,036 - root - INFO - new node validate loss: 0.6303
2025-10-01 08:48:10,037 - root - INFO - new node validate average_precision, 0.7144
2025-10-01 08:48:10,037 - root - INFO - new node validate roc_auc, 0.7210
2025-10-01 08:48:22,994 - root - INFO - test loss: 0.6123
2025-10-01 08:48:22,994 - root - INFO - test average_precision, 0.7393
2025-10-01 08:48:22,995 - root - INFO - best test average_precision: 0.7586
2025-10-01 08:48:22,995 - root - INFO - test roc_auc, 0.7222
2025-10-01 08:48:22,995 - root - INFO - new node test loss: 0.6504
2025-10-01 08:48:22,995 - root - INFO - new node test average_precision, 0.6910
2025-10-01 08:48:22,995 - root - INFO - new node test roc_auc, 0.6796
2025-10-01 08:49:30,121 - root - INFO - Epoch: 86, learning rate: 0.0001, train loss: 0.4970
2025-10-01 08:49:30,121 - root - INFO - train average_precision, 0.8243
2025-10-01 08:49:30,121 - root - INFO - train roc_auc, 0.8249
2025-10-01 08:49:30,121 - root - INFO - validate loss: 0.6067
2025-10-01 08:49:30,121 - root - INFO - validate average_precision, 0.7371
2025-10-01 08:49:30,121 - root - INFO - validate roc_auc, 0.7282
2025-10-01 08:49:30,121 - root - INFO - new node validate loss: 0.6384
2025-10-01 08:49:30,121 - root - INFO - new node validate average_precision, 0.7080
2025-10-01 08:49:30,121 - root - INFO - new node validate roc_auc, 0.7106
2025-10-01 08:49:43,081 - root - INFO - test loss: 0.6035
2025-10-01 08:49:43,081 - root - INFO - test average_precision, 0.7467
2025-10-01 08:49:43,081 - root - INFO - best test average_precision: 0.7586
2025-10-01 08:49:43,081 - root - INFO - test roc_auc, 0.7297
2025-10-01 08:49:43,081 - root - INFO - new node test loss: 0.6322
2025-10-01 08:49:43,081 - root - INFO - new node test average_precision, 0.7133
2025-10-01 08:49:43,081 - root - INFO - new node test roc_auc, 0.7009
2025-10-01 08:50:50,309 - root - INFO - Epoch: 87, learning rate: 0.0001, train loss: 0.5029
2025-10-01 08:50:50,310 - root - INFO - train average_precision, 0.8175
2025-10-01 08:50:50,310 - root - INFO - train roc_auc, 0.8183
2025-10-01 08:50:50,310 - root - INFO - validate loss: 0.5927
2025-10-01 08:50:50,310 - root - INFO - validate average_precision, 0.7493
2025-10-01 08:50:50,310 - root - INFO - validate roc_auc, 0.7452
2025-10-01 08:50:50,310 - root - INFO - new node validate loss: 0.6308
2025-10-01 08:50:50,310 - root - INFO - new node validate average_precision, 0.7036
2025-10-01 08:50:50,310 - root - INFO - new node validate roc_auc, 0.7165
2025-10-01 08:51:03,325 - root - INFO - test loss: 0.6065
2025-10-01 08:51:03,325 - root - INFO - test average_precision, 0.7372
2025-10-01 08:51:03,325 - root - INFO - best test average_precision: 0.7586
2025-10-01 08:51:03,325 - root - INFO - test roc_auc, 0.7242
2025-10-01 08:51:03,325 - root - INFO - new node test loss: 0.6522
2025-10-01 08:51:03,325 - root - INFO - new node test average_precision, 0.6902
2025-10-01 08:51:03,325 - root - INFO - new node test roc_auc, 0.6795
2025-10-01 08:51:03,325 - root - INFO - save model ./saved_models/TGAT/enron/TGAT_seed4/TGAT_seed4.pkl
2025-10-01 08:52:10,023 - root - INFO - Epoch: 88, learning rate: 0.0001, train loss: 0.4985
2025-10-01 08:52:10,023 - root - INFO - train average_precision, 0.8216
2025-10-01 08:52:10,024 - root - INFO - train roc_auc, 0.8214
2025-10-01 08:52:10,024 - root - INFO - validate loss: 0.6043
2025-10-01 08:52:10,024 - root - INFO - validate average_precision, 0.7377
2025-10-01 08:52:10,024 - root - INFO - validate roc_auc, 0.7312
2025-10-01 08:52:10,024 - root - INFO - new node validate loss: 0.6301
2025-10-01 08:52:10,024 - root - INFO - new node validate average_precision, 0.7106
2025-10-01 08:52:10,024 - root - INFO - new node validate roc_auc, 0.7187
2025-10-01 08:52:22,953 - root - INFO - test loss: 0.6011
2025-10-01 08:52:22,954 - root - INFO - test average_precision, 0.7449
2025-10-01 08:52:22,954 - root - INFO - best test average_precision: 0.7586
2025-10-01 08:52:22,954 - root - INFO - test roc_auc, 0.7335
2025-10-01 08:52:22,954 - root - INFO - new node test loss: 0.6349
2025-10-01 08:52:22,954 - root - INFO - new node test average_precision, 0.7100
2025-10-01 08:52:22,954 - root - INFO - new node test roc_auc, 0.7008
2025-10-01 08:53:29,831 - root - INFO - Epoch: 89, learning rate: 0.0001, train loss: 0.4957
2025-10-01 08:53:29,831 - root - INFO - train average_precision, 0.8265
2025-10-01 08:53:29,831 - root - INFO - train roc_auc, 0.8264
2025-10-01 08:53:29,831 - root - INFO - validate loss: 0.6016
2025-10-01 08:53:29,831 - root - INFO - validate average_precision, 0.7462
2025-10-01 08:53:29,832 - root - INFO - validate roc_auc, 0.7384
2025-10-01 08:53:29,832 - root - INFO - new node validate loss: 0.6470
2025-10-01 08:53:29,832 - root - INFO - new node validate average_precision, 0.7061
2025-10-01 08:53:29,832 - root - INFO - new node validate roc_auc, 0.7136
2025-10-01 08:53:42,805 - root - INFO - test loss: 0.5956
2025-10-01 08:53:42,805 - root - INFO - test average_precision, 0.7496
2025-10-01 08:53:42,805 - root - INFO - best test average_precision: 0.7586
2025-10-01 08:53:42,806 - root - INFO - test roc_auc, 0.7386
2025-10-01 08:53:42,806 - root - INFO - new node test loss: 0.6416
2025-10-01 08:53:42,806 - root - INFO - new node test average_precision, 0.7099
2025-10-01 08:53:42,806 - root - INFO - new node test roc_auc, 0.6978
2025-10-01 08:54:49,437 - root - INFO - Epoch: 90, learning rate: 0.0001, train loss: 0.4984
2025-10-01 08:54:49,437 - root - INFO - train average_precision, 0.8221
2025-10-01 08:54:49,437 - root - INFO - train roc_auc, 0.8227
2025-10-01 08:54:49,437 - root - INFO - validate loss: 0.5957
2025-10-01 08:54:49,437 - root - INFO - validate average_precision, 0.7444
2025-10-01 08:54:49,437 - root - INFO - validate roc_auc, 0.7388
2025-10-01 08:54:49,438 - root - INFO - new node validate loss: 0.6303
2025-10-01 08:54:49,438 - root - INFO - new node validate average_precision, 0.7060
2025-10-01 08:54:49,438 - root - INFO - new node validate roc_auc, 0.7146
2025-10-01 08:55:02,393 - root - INFO - test loss: 0.6052
2025-10-01 08:55:02,394 - root - INFO - test average_precision, 0.7487
2025-10-01 08:55:02,394 - root - INFO - best test average_precision: 0.7586
2025-10-01 08:55:02,394 - root - INFO - test roc_auc, 0.7363
2025-10-01 08:55:02,394 - root - INFO - new node test loss: 0.6414
2025-10-01 08:55:02,394 - root - INFO - new node test average_precision, 0.7073
2025-10-01 08:55:02,394 - root - INFO - new node test roc_auc, 0.6994
2025-10-01 08:56:08,897 - root - INFO - Epoch: 91, learning rate: 0.0001, train loss: 0.4992
2025-10-01 08:56:08,897 - root - INFO - train average_precision, 0.8227
2025-10-01 08:56:08,897 - root - INFO - train roc_auc, 0.8231
2025-10-01 08:56:08,897 - root - INFO - validate loss: 0.5899
2025-10-01 08:56:08,897 - root - INFO - validate average_precision, 0.7518
2025-10-01 08:56:08,897 - root - INFO - validate roc_auc, 0.7539
2025-10-01 08:56:08,897 - root - INFO - new node validate loss: 0.6273
2025-10-01 08:56:08,897 - root - INFO - new node validate average_precision, 0.7072
2025-10-01 08:56:08,897 - root - INFO - new node validate roc_auc, 0.7259
2025-10-01 08:56:21,793 - root - INFO - test loss: 0.6028
2025-10-01 08:56:21,793 - root - INFO - test average_precision, 0.7399
2025-10-01 08:56:21,793 - root - INFO - best test average_precision: 0.7586
2025-10-01 08:56:21,793 - root - INFO - test roc_auc, 0.7272
2025-10-01 08:56:21,793 - root - INFO - new node test loss: 0.6581
2025-10-01 08:56:21,793 - root - INFO - new node test average_precision, 0.6828
2025-10-01 08:56:21,793 - root - INFO - new node test roc_auc, 0.6766
2025-10-01 08:56:21,793 - root - INFO - save model ./saved_models/TGAT/enron/TGAT_seed4/TGAT_seed4.pkl
2025-10-01 08:57:28,710 - root - INFO - Epoch: 92, learning rate: 0.0001, train loss: 0.4970
2025-10-01 08:57:28,711 - root - INFO - train average_precision, 0.8240
2025-10-01 08:57:28,711 - root - INFO - train roc_auc, 0.8246
2025-10-01 08:57:28,711 - root - INFO - validate loss: 0.5867
2025-10-01 08:57:28,711 - root - INFO - validate average_precision, 0.7570
2025-10-01 08:57:28,711 - root - INFO - validate roc_auc, 0.7484
2025-10-01 08:57:28,711 - root - INFO - new node validate loss: 0.6216
2025-10-01 08:57:28,711 - root - INFO - new node validate average_precision, 0.7138
2025-10-01 08:57:28,711 - root - INFO - new node validate roc_auc, 0.7183
2025-10-01 08:57:41,654 - root - INFO - test loss: 0.6106
2025-10-01 08:57:41,655 - root - INFO - test average_precision, 0.7291
2025-10-01 08:57:41,655 - root - INFO - best test average_precision: 0.7586
2025-10-01 08:57:41,655 - root - INFO - test roc_auc, 0.7165
2025-10-01 08:57:41,655 - root - INFO - new node test loss: 0.6488
2025-10-01 08:57:41,655 - root - INFO - new node test average_precision, 0.6999
2025-10-01 08:57:41,655 - root - INFO - new node test roc_auc, 0.6926
2025-10-01 08:58:48,472 - root - INFO - Epoch: 93, learning rate: 0.0001, train loss: 0.4930
2025-10-01 08:58:48,473 - root - INFO - train average_precision, 0.8255
2025-10-01 08:58:48,473 - root - INFO - train roc_auc, 0.8270
2025-10-01 08:58:48,473 - root - INFO - validate loss: 0.6069
2025-10-01 08:58:48,473 - root - INFO - validate average_precision, 0.7456
2025-10-01 08:58:48,473 - root - INFO - validate roc_auc, 0.7360
2025-10-01 08:58:48,473 - root - INFO - new node validate loss: 0.6338
2025-10-01 08:58:48,473 - root - INFO - new node validate average_precision, 0.7180
2025-10-01 08:58:48,473 - root - INFO - new node validate roc_auc, 0.7277
2025-10-01 08:59:01,458 - root - INFO - test loss: 0.5900
2025-10-01 08:59:01,459 - root - INFO - test average_precision, 0.7495
2025-10-01 08:59:01,459 - root - INFO - best test average_precision: 0.7586
2025-10-01 08:59:01,459 - root - INFO - test roc_auc, 0.7400
2025-10-01 08:59:01,459 - root - INFO - new node test loss: 0.6474
2025-10-01 08:59:01,459 - root - INFO - new node test average_precision, 0.6927
2025-10-01 08:59:01,459 - root - INFO - new node test roc_auc, 0.6854
2025-10-01 09:00:08,442 - root - INFO - Epoch: 94, learning rate: 0.0001, train loss: 0.4949
2025-10-01 09:00:08,442 - root - INFO - train average_precision, 0.8250
2025-10-01 09:00:08,442 - root - INFO - train roc_auc, 0.8262
2025-10-01 09:00:08,442 - root - INFO - validate loss: 0.5899
2025-10-01 09:00:08,442 - root - INFO - validate average_precision, 0.7508
2025-10-01 09:00:08,442 - root - INFO - validate roc_auc, 0.7482
2025-10-01 09:00:08,442 - root - INFO - new node validate loss: 0.6076
2025-10-01 09:00:08,442 - root - INFO - new node validate average_precision, 0.7202
2025-10-01 09:00:08,442 - root - INFO - new node validate roc_auc, 0.7422
2025-10-01 09:00:21,420 - root - INFO - test loss: 0.5985
2025-10-01 09:00:21,421 - root - INFO - test average_precision, 0.7466
2025-10-01 09:00:21,421 - root - INFO - best test average_precision: 0.7586
2025-10-01 09:00:21,421 - root - INFO - test roc_auc, 0.7354
2025-10-01 09:00:21,421 - root - INFO - new node test loss: 0.6319
2025-10-01 09:00:21,421 - root - INFO - new node test average_precision, 0.7077
2025-10-01 09:00:21,421 - root - INFO - new node test roc_auc, 0.7040
2025-10-01 09:01:29,058 - root - INFO - Epoch: 95, learning rate: 0.0001, train loss: 0.4930
2025-10-01 09:01:29,058 - root - INFO - train average_precision, 0.8260
2025-10-01 09:01:29,059 - root - INFO - train roc_auc, 0.8272
2025-10-01 09:01:29,059 - root - INFO - validate loss: 0.5966
2025-10-01 09:01:29,059 - root - INFO - validate average_precision, 0.7485
2025-10-01 09:01:29,059 - root - INFO - validate roc_auc, 0.7423
2025-10-01 09:01:29,059 - root - INFO - new node validate loss: 0.6277
2025-10-01 09:01:29,059 - root - INFO - new node validate average_precision, 0.7084
2025-10-01 09:01:29,059 - root - INFO - new node validate roc_auc, 0.7238
2025-10-01 09:01:41,988 - root - INFO - test loss: 0.6003
2025-10-01 09:01:41,989 - root - INFO - test average_precision, 0.7483
2025-10-01 09:01:41,989 - root - INFO - best test average_precision: 0.7586
2025-10-01 09:01:41,989 - root - INFO - test roc_auc, 0.7366
2025-10-01 09:01:41,989 - root - INFO - new node test loss: 0.6278
2025-10-01 09:01:41,989 - root - INFO - new node test average_precision, 0.7224
2025-10-01 09:01:41,989 - root - INFO - new node test roc_auc, 0.7198
2025-10-01 09:02:48,625 - root - INFO - Epoch: 96, learning rate: 0.0001, train loss: 0.4974
2025-10-01 09:02:48,625 - root - INFO - train average_precision, 0.8228
2025-10-01 09:02:48,625 - root - INFO - train roc_auc, 0.8228
2025-10-01 09:02:48,625 - root - INFO - validate loss: 0.5986
2025-10-01 09:02:48,625 - root - INFO - validate average_precision, 0.7528
2025-10-01 09:02:48,625 - root - INFO - validate roc_auc, 0.7410
2025-10-01 09:02:48,625 - root - INFO - new node validate loss: 0.6307
2025-10-01 09:02:48,625 - root - INFO - new node validate average_precision, 0.7124
2025-10-01 09:02:48,625 - root - INFO - new node validate roc_auc, 0.7223
2025-10-01 09:03:01,599 - root - INFO - test loss: 0.5920
2025-10-01 09:03:01,599 - root - INFO - test average_precision, 0.7583
2025-10-01 09:03:01,599 - root - INFO - best test average_precision: 0.7586
2025-10-01 09:03:01,599 - root - INFO - test roc_auc, 0.7448
2025-10-01 09:03:01,599 - root - INFO - new node test loss: 0.6393
2025-10-01 09:03:01,600 - root - INFO - new node test average_precision, 0.7115
2025-10-01 09:03:01,600 - root - INFO - new node test roc_auc, 0.7094
2025-10-01 09:04:08,850 - root - INFO - Epoch: 97, learning rate: 0.0001, train loss: 0.4962
2025-10-01 09:04:08,850 - root - INFO - train average_precision, 0.8250
2025-10-01 09:04:08,850 - root - INFO - train roc_auc, 0.8250
2025-10-01 09:04:08,850 - root - INFO - validate loss: 0.6079
2025-10-01 09:04:08,850 - root - INFO - validate average_precision, 0.7379
2025-10-01 09:04:08,850 - root - INFO - validate roc_auc, 0.7335
2025-10-01 09:04:08,850 - root - INFO - new node validate loss: 0.6415
2025-10-01 09:04:08,851 - root - INFO - new node validate average_precision, 0.7032
2025-10-01 09:04:08,851 - root - INFO - new node validate roc_auc, 0.7157
2025-10-01 09:04:21,847 - root - INFO - test loss: 0.5881
2025-10-01 09:04:21,848 - root - INFO - test average_precision, 0.7540
2025-10-01 09:04:21,848 - root - INFO - best test average_precision: 0.7586
2025-10-01 09:04:21,848 - root - INFO - test roc_auc, 0.7476
2025-10-01 09:04:21,848 - root - INFO - new node test loss: 0.6335
2025-10-01 09:04:21,848 - root - INFO - new node test average_precision, 0.7154
2025-10-01 09:04:21,848 - root - INFO - new node test roc_auc, 0.7050
2025-10-01 09:05:28,484 - root - INFO - Epoch: 98, learning rate: 0.0001, train loss: 0.4966
2025-10-01 09:05:28,485 - root - INFO - train average_precision, 0.8243
2025-10-01 09:05:28,485 - root - INFO - train roc_auc, 0.8255
2025-10-01 09:05:28,485 - root - INFO - validate loss: 0.5977
2025-10-01 09:05:28,485 - root - INFO - validate average_precision, 0.7455
2025-10-01 09:05:28,485 - root - INFO - validate roc_auc, 0.7369
2025-10-01 09:05:28,485 - root - INFO - new node validate loss: 0.6302
2025-10-01 09:05:28,485 - root - INFO - new node validate average_precision, 0.7044
2025-10-01 09:05:28,485 - root - INFO - new node validate roc_auc, 0.7207
2025-10-01 09:05:41,473 - root - INFO - test loss: 0.5975
2025-10-01 09:05:41,474 - root - INFO - test average_precision, 0.7483
2025-10-01 09:05:41,474 - root - INFO - best test average_precision: 0.7586
2025-10-01 09:05:41,474 - root - INFO - test roc_auc, 0.7366
2025-10-01 09:05:41,474 - root - INFO - new node test loss: 0.6310
2025-10-01 09:05:41,474 - root - INFO - new node test average_precision, 0.7108
2025-10-01 09:05:41,475 - root - INFO - new node test roc_auc, 0.7103
2025-10-01 09:06:48,219 - root - INFO - Epoch: 99, learning rate: 0.0001, train loss: 0.4957
2025-10-01 09:06:48,219 - root - INFO - train average_precision, 0.8250
2025-10-01 09:06:48,219 - root - INFO - train roc_auc, 0.8240
2025-10-01 09:06:48,219 - root - INFO - validate loss: 0.5850
2025-10-01 09:06:48,219 - root - INFO - validate average_precision, 0.7533
2025-10-01 09:06:48,219 - root - INFO - validate roc_auc, 0.7504
2025-10-01 09:06:48,219 - root - INFO - new node validate loss: 0.6210
2025-10-01 09:06:48,219 - root - INFO - new node validate average_precision, 0.7123
2025-10-01 09:06:48,219 - root - INFO - new node validate roc_auc, 0.7292
2025-10-01 09:07:01,180 - root - INFO - test loss: 0.5832
2025-10-01 09:07:01,181 - root - INFO - test average_precision, 0.7636
2025-10-01 09:07:01,181 - root - INFO - best test average_precision: 0.7636
2025-10-01 09:07:01,181 - root - INFO - test roc_auc, 0.7588
2025-10-01 09:07:01,181 - root - INFO - new node test loss: 0.6427
2025-10-01 09:07:01,181 - root - INFO - new node test average_precision, 0.7008
2025-10-01 09:07:01,181 - root - INFO - new node test roc_auc, 0.6972
2025-10-01 09:08:08,486 - root - INFO - Epoch: 100, learning rate: 0.0001, train loss: 0.4949
2025-10-01 09:08:08,486 - root - INFO - train average_precision, 0.8250
2025-10-01 09:08:08,486 - root - INFO - train roc_auc, 0.8245
2025-10-01 09:08:08,486 - root - INFO - validate loss: 0.6000
2025-10-01 09:08:08,486 - root - INFO - validate average_precision, 0.7417
2025-10-01 09:08:08,486 - root - INFO - validate roc_auc, 0.7384
2025-10-01 09:08:08,486 - root - INFO - new node validate loss: 0.6405
2025-10-01 09:08:08,487 - root - INFO - new node validate average_precision, 0.6966
2025-10-01 09:08:08,487 - root - INFO - new node validate roc_auc, 0.7080
2025-10-01 09:08:21,362 - root - INFO - test loss: 0.5973
2025-10-01 09:08:21,363 - root - INFO - test average_precision, 0.7567
2025-10-01 09:08:21,363 - root - INFO - best test average_precision: 0.7636
2025-10-01 09:08:21,363 - root - INFO - test roc_auc, 0.7491
2025-10-01 09:08:21,363 - root - INFO - new node test loss: 0.6578
2025-10-01 09:08:21,363 - root - INFO - new node test average_precision, 0.7008
2025-10-01 09:08:21,363 - root - INFO - new node test roc_auc, 0.6911
2025-10-01 09:08:21,363 - root - INFO - load model ./saved_models/TGAT/enron/TGAT_seed4/TGAT_seed4.pkl
2025-10-01 09:08:21,381 - root - INFO - get final performance on dataset enron...
2025-10-01 09:08:47,753 - root - INFO - validate loss: 0.5899
2025-10-01 09:08:47,754 - root - INFO - validate average_precision, 0.7518
2025-10-01 09:08:47,754 - root - INFO - validate roc_auc, 0.7539
2025-10-01 09:08:47,754 - root - INFO - new node validate loss: 0.6273
2025-10-01 09:08:47,754 - root - INFO - new node validate average_precision, 0.7072
2025-10-01 09:08:47,754 - root - INFO - new node validate roc_auc, 0.7259
2025-10-01 09:08:47,754 - root - INFO - test loss: 0.6028
2025-10-01 09:08:47,754 - root - INFO - test average_precision, 0.7399
2025-10-01 09:08:47,754 - root - INFO - test roc_auc, 0.7272
2025-10-01 09:08:47,754 - root - INFO - new node test loss: 0.6581
2025-10-01 09:08:47,754 - root - INFO - new node test average_precision, 0.6828
2025-10-01 09:08:47,754 - root - INFO - new node test roc_auc, 0.6766
2025-10-01 09:08:47,754 - root - INFO - Run 5 cost 8007.90 seconds.
2025-10-01 09:08:47,763 - root - INFO - metrics over 5 runs:
2025-10-01 09:08:47,763 - root - INFO - validate average_precision, [np.float64(0.7347574840789118), np.float64(0.720928066666898), np.float64(0.7202856588267056), np.float64(0.7285759035167534), np.float64(0.7517756664335761)]
2025-10-01 09:08:47,763 - root - INFO - average validate average_precision, 0.7313 ± 0.0129
2025-10-01 09:08:47,763 - root - INFO - validate roc_auc, [np.float64(0.742297430953769), np.float64(0.7306551619237742), np.float64(0.7226314757209663), np.float64(0.7304922261028822), np.float64(0.7538937520448803)]
2025-10-01 09:08:47,763 - root - INFO - average validate roc_auc, 0.7360 ± 0.0122
2025-10-01 09:08:47,763 - root - INFO - new node validate average_precision, [np.float64(0.6947494027801137), np.float64(0.6772431358934364), np.float64(0.705712120634467), np.float64(0.6949097949036032), np.float64(0.7072314700875919)]
2025-10-01 09:08:47,764 - root - INFO - average new node validate average_precision, 0.6960 ± 0.0120
2025-10-01 09:08:47,764 - root - INFO - new node validate roc_auc, [np.float64(0.7184921006944444), np.float64(0.6995716145833333), np.float64(0.723731568287037), np.float64(0.7108190104166666), np.float64(0.7258595196759258)]
2025-10-01 09:08:47,764 - root - INFO - average new node validate roc_auc, 0.7157 ± 0.0107
2025-10-01 09:08:47,764 - root - INFO - test average_precision, [np.float64(0.7150903912811815), np.float64(0.7069379038737037), np.float64(0.718321475842391), np.float64(0.7158905592474858), np.float64(0.7398645982418979)]
2025-10-01 09:08:47,764 - root - INFO - average test average_precision, 0.7192 ± 0.0123
2025-10-01 09:08:47,764 - root - INFO - test roc_auc, [np.float64(0.7140954717296365), np.float64(0.7047313678255599), np.float64(0.71095305511089), np.float64(0.7051248616788152), np.float64(0.7272110128529911)]
2025-10-01 09:08:47,764 - root - INFO - average test roc_auc, 0.7124 ± 0.0092
2025-10-01 09:08:47,764 - root - INFO - new node test average_precision, [np.float64(0.6781711393224961), np.float64(0.6526781561802373), np.float64(0.6667248016961614), np.float64(0.6697580272139588), np.float64(0.6827929120380488)]
2025-10-01 09:08:47,764 - root - INFO - average new node test average_precision, 0.6700 ± 0.0116
2025-10-01 09:08:47,764 - root - INFO - new node test roc_auc, [np.float64(0.6788047348484849), np.float64(0.6432817550505049), np.float64(0.6591840277777777), np.float64(0.664398547979798), np.float64(0.6765679924242425)]
2025-10-01 09:08:47,764 - root - INFO - average new node test roc_auc, 0.6644 ± 0.0144
