2025-10-02 08:06:02,033 - root - INFO - ********** Run 1 starts. **********
2025-10-02 08:06:02,033 - root - INFO - configuration is Namespace(dataset_name='wikipedia', batch_size=200, model_name='JODIE', gpu=0, num_neighbors=10, sample_neighbor_strategy='uniform', time_scaling_factor=1e-06, num_walk_heads=8, num_heads=2, num_layers=1, walk_length=1, time_gap=2000, time_feat_dim=128, position_feat_dim=172, time_window_mode='fixed_proportion', time_encoder_type='kan_mammote', expert_dim=64, num_mixtures=4, patch_size=1, channel_embedding_dim=50, max_input_sequence_length=32, learning_rate=0.0001, dropout=0.1, gamma=0.5, num_epochs=100, optimizer='Adam', weight_decay=0.0, patience=20, val_ratio=0.15, test_ratio=0.15, num_runs=1, test_interval_epochs=1, negative_sample_strategy='random', max_interaction_times=10, load_best_configs=True, device='cuda:0', seed=0, save_model_name='JODIE_kan_mammote_seed0')
2025-10-02 08:06:02,040 - root - INFO - time encoder type: kan_mammote
2025-10-02 08:06:02,405 - root - INFO - model -> Sequential(
  (0): MemoryModel(
    (time_encoder): TimeEncoder(
      (w): Linear(in_features=1, out_features=128, bias=True)
    )
    (message_aggregator): MessageAggregator()
    (memory_bank): MemoryBank(num_nodes=9228, memory_dim=172)
    (memory_updater): RNNMemoryUpdater(
      (memory_bank): MemoryBank(num_nodes=9228, memory_dim=172)
      (memory_updater): RNNCell(644, 172)
    )
    (embedding_module): TimeProjectionEmbedding(
      (dropout): Dropout(p=0.1, inplace=False)
      (linear_layer): Linear(in_features=1, out_features=172, bias=True)
    )
  )
  (1): MergeLayer(
    (fc1): Linear(in_features=344, out_features=172, bias=True)
    (fc2): Linear(in_features=172, out_features=1, bias=True)
    (act): ReLU()
  )
)
2025-10-02 08:06:02,406 - root - INFO - model name: JODIE, #parameters: 803236 B, 784.41015625 KB, 0.7660255432128906 MB.
2025-10-02 08:06:22,513 - root - INFO - Epoch: 1, learning rate: 0.0001, train loss: 0.5220
2025-10-02 08:06:22,514 - root - INFO - train average_precision, 0.7915
2025-10-02 08:06:22,514 - root - INFO - train roc_auc, 0.8186
2025-10-02 08:06:22,514 - root - INFO - validate loss: 0.4475
2025-10-02 08:06:22,514 - root - INFO - validate average_precision, 0.8736
2025-10-02 08:06:22,514 - root - INFO - validate roc_auc, 0.8768
2025-10-02 08:06:22,514 - root - INFO - new node validate loss: 0.4995
2025-10-02 08:06:22,514 - root - INFO - new node validate average_precision, 0.8447
2025-10-02 08:06:22,514 - root - INFO - new node validate roc_auc, 0.8400
2025-10-02 08:06:27,136 - root - INFO - test loss: 0.4726
2025-10-02 08:06:27,136 - root - INFO - test average_precision, 0.8537
2025-10-02 08:06:27,136 - root - INFO - best test average_precision: 0.8537
2025-10-02 08:06:27,136 - root - INFO - test roc_auc, 0.8611
2025-10-02 08:06:27,137 - root - INFO - new node test loss: 0.5439
2025-10-02 08:06:27,137 - root - INFO - new node test average_precision, 0.8108
2025-10-02 08:06:27,137 - root - INFO - new node test roc_auc, 0.8082
2025-10-02 08:06:27,137 - root - INFO - save model ./saved_models/JODIE/wikipedia/JODIE_kan_mammote_seed0/JODIE_kan_mammote_seed0.pkl
2025-10-02 08:06:46,643 - root - INFO - Epoch: 2, learning rate: 0.0001, train loss: 0.4091
2025-10-02 08:06:46,644 - root - INFO - train average_precision, 0.8877
2025-10-02 08:06:46,644 - root - INFO - train roc_auc, 0.8961
2025-10-02 08:06:46,644 - root - INFO - validate loss: 0.3905
2025-10-02 08:06:46,644 - root - INFO - validate average_precision, 0.9015
2025-10-02 08:06:46,644 - root - INFO - validate roc_auc, 0.9073
2025-10-02 08:06:46,644 - root - INFO - new node validate loss: 0.4464
2025-10-02 08:06:46,644 - root - INFO - new node validate average_precision, 0.8744
2025-10-02 08:06:46,644 - root - INFO - new node validate roc_auc, 0.8714
2025-10-02 08:06:51,346 - root - INFO - test loss: 0.4067
2025-10-02 08:06:51,346 - root - INFO - test average_precision, 0.8897
2025-10-02 08:06:51,346 - root - INFO - best test average_precision: 0.8897
2025-10-02 08:06:51,346 - root - INFO - test roc_auc, 0.8987
2025-10-02 08:06:51,346 - root - INFO - new node test loss: 0.4601
2025-10-02 08:06:51,347 - root - INFO - new node test average_precision, 0.8690
2025-10-02 08:06:51,347 - root - INFO - new node test roc_auc, 0.8688
2025-10-02 08:06:51,347 - root - INFO - save model ./saved_models/JODIE/wikipedia/JODIE_kan_mammote_seed0/JODIE_kan_mammote_seed0.pkl
2025-10-02 08:07:10,851 - root - INFO - Epoch: 3, learning rate: 0.0001, train loss: 0.3800
2025-10-02 08:07:10,851 - root - INFO - train average_precision, 0.9061
2025-10-02 08:07:10,851 - root - INFO - train roc_auc, 0.9112
2025-10-02 08:07:10,851 - root - INFO - validate loss: 0.3562
2025-10-02 08:07:10,851 - root - INFO - validate average_precision, 0.9172
2025-10-02 08:07:10,851 - root - INFO - validate roc_auc, 0.9224
2025-10-02 08:07:10,851 - root - INFO - new node validate loss: 0.4245
2025-10-02 08:07:10,851 - root - INFO - new node validate average_precision, 0.8870
2025-10-02 08:07:10,851 - root - INFO - new node validate roc_auc, 0.8832
2025-10-02 08:07:15,555 - root - INFO - test loss: 0.3668
2025-10-02 08:07:15,555 - root - INFO - test average_precision, 0.9106
2025-10-02 08:07:15,555 - root - INFO - best test average_precision: 0.9106
2025-10-02 08:07:15,556 - root - INFO - test roc_auc, 0.9187
2025-10-02 08:07:15,556 - root - INFO - new node test loss: 0.4249
2025-10-02 08:07:15,556 - root - INFO - new node test average_precision, 0.8911
2025-10-02 08:07:15,556 - root - INFO - new node test roc_auc, 0.8909
2025-10-02 08:07:15,556 - root - INFO - save model ./saved_models/JODIE/wikipedia/JODIE_kan_mammote_seed0/JODIE_kan_mammote_seed0.pkl
2025-10-02 08:07:35,210 - root - INFO - Epoch: 4, learning rate: 0.0001, train loss: 0.3643
2025-10-02 08:07:35,210 - root - INFO - train average_precision, 0.9144
2025-10-02 08:07:35,210 - root - INFO - train roc_auc, 0.9184
2025-10-02 08:07:35,210 - root - INFO - validate loss: 0.3463
2025-10-02 08:07:35,210 - root - INFO - validate average_precision, 0.9235
2025-10-02 08:07:35,210 - root - INFO - validate roc_auc, 0.9270
2025-10-02 08:07:35,210 - root - INFO - new node validate loss: 0.4174
2025-10-02 08:07:35,211 - root - INFO - new node validate average_precision, 0.8921
2025-10-02 08:07:35,211 - root - INFO - new node validate roc_auc, 0.8861
2025-10-02 08:07:39,909 - root - INFO - test loss: 0.3546
2025-10-02 08:07:39,909 - root - INFO - test average_precision, 0.9188
2025-10-02 08:07:39,909 - root - INFO - best test average_precision: 0.9188
2025-10-02 08:07:39,909 - root - INFO - test roc_auc, 0.9241
2025-10-02 08:07:39,909 - root - INFO - new node test loss: 0.4185
2025-10-02 08:07:39,909 - root - INFO - new node test average_precision, 0.8978
2025-10-02 08:07:39,909 - root - INFO - new node test roc_auc, 0.8941
2025-10-02 08:07:39,909 - root - INFO - save model ./saved_models/JODIE/wikipedia/JODIE_kan_mammote_seed0/JODIE_kan_mammote_seed0.pkl
2025-10-02 08:07:59,549 - root - INFO - Epoch: 5, learning rate: 0.0001, train loss: 0.3534
2025-10-02 08:07:59,549 - root - INFO - train average_precision, 0.9196
2025-10-02 08:07:59,549 - root - INFO - train roc_auc, 0.9231
2025-10-02 08:07:59,550 - root - INFO - validate loss: 0.3477
2025-10-02 08:07:59,550 - root - INFO - validate average_precision, 0.9238
2025-10-02 08:07:59,550 - root - INFO - validate roc_auc, 0.9268
2025-10-02 08:07:59,550 - root - INFO - new node validate loss: 0.4143
2025-10-02 08:07:59,550 - root - INFO - new node validate average_precision, 0.8953
2025-10-02 08:07:59,550 - root - INFO - new node validate roc_auc, 0.8883
2025-10-02 08:08:04,237 - root - INFO - test loss: 0.3851
2025-10-02 08:08:04,237 - root - INFO - test average_precision, 0.9054
2025-10-02 08:08:04,237 - root - INFO - best test average_precision: 0.9188
2025-10-02 08:08:04,237 - root - INFO - test roc_auc, 0.9118
2025-10-02 08:08:04,237 - root - INFO - new node test loss: 0.4365
2025-10-02 08:08:04,237 - root - INFO - new node test average_precision, 0.8876
2025-10-02 08:08:04,237 - root - INFO - new node test roc_auc, 0.8853
2025-10-02 08:08:22,613 - root - INFO - Epoch: 6, learning rate: 0.0001, train loss: 0.3453
2025-10-02 08:08:22,613 - root - INFO - train average_precision, 0.9268
2025-10-02 08:08:22,613 - root - INFO - train roc_auc, 0.9272
2025-10-02 08:08:22,613 - root - INFO - validate loss: 0.3221
2025-10-02 08:08:22,613 - root - INFO - validate average_precision, 0.9396
2025-10-02 08:08:22,614 - root - INFO - validate roc_auc, 0.9370
2025-10-02 08:08:22,614 - root - INFO - new node validate loss: 0.3955
2025-10-02 08:08:22,614 - root - INFO - new node validate average_precision, 0.9053
2025-10-02 08:08:22,614 - root - INFO - new node validate roc_auc, 0.8958
2025-10-02 08:08:27,347 - root - INFO - test loss: 0.3445
2025-10-02 08:08:27,347 - root - INFO - test average_precision, 0.9275
2025-10-02 08:08:27,347 - root - INFO - best test average_precision: 0.9275
2025-10-02 08:08:27,348 - root - INFO - test roc_auc, 0.9284
2025-10-02 08:08:27,348 - root - INFO - new node test loss: 0.4022
2025-10-02 08:08:27,348 - root - INFO - new node test average_precision, 0.9080
2025-10-02 08:08:27,348 - root - INFO - new node test roc_auc, 0.9023
2025-10-02 08:08:27,348 - root - INFO - save model ./saved_models/JODIE/wikipedia/JODIE_kan_mammote_seed0/JODIE_kan_mammote_seed0.pkl
2025-10-02 08:08:46,817 - root - INFO - Epoch: 7, learning rate: 0.0001, train loss: 0.3312
2025-10-02 08:08:46,817 - root - INFO - train average_precision, 0.9325
2025-10-02 08:08:46,817 - root - INFO - train roc_auc, 0.9323
2025-10-02 08:08:46,817 - root - INFO - validate loss: 0.3188
2025-10-02 08:08:46,817 - root - INFO - validate average_precision, 0.9406
2025-10-02 08:08:46,817 - root - INFO - validate roc_auc, 0.9382
2025-10-02 08:08:46,817 - root - INFO - new node validate loss: 0.3921
2025-10-02 08:08:46,817 - root - INFO - new node validate average_precision, 0.9083
2025-10-02 08:08:46,817 - root - INFO - new node validate roc_auc, 0.8979
2025-10-02 08:08:51,537 - root - INFO - test loss: 0.3350
2025-10-02 08:08:51,537 - root - INFO - test average_precision, 0.9319
2025-10-02 08:08:51,537 - root - INFO - best test average_precision: 0.9319
2025-10-02 08:08:51,537 - root - INFO - test roc_auc, 0.9323
2025-10-02 08:08:51,537 - root - INFO - new node test loss: 0.3992
2025-10-02 08:08:51,537 - root - INFO - new node test average_precision, 0.9085
2025-10-02 08:08:51,537 - root - INFO - new node test roc_auc, 0.9037
2025-10-02 08:08:51,537 - root - INFO - save model ./saved_models/JODIE/wikipedia/JODIE_kan_mammote_seed0/JODIE_kan_mammote_seed0.pkl
2025-10-02 08:09:11,068 - root - INFO - Epoch: 8, learning rate: 0.0001, train loss: 0.3200
2025-10-02 08:09:11,069 - root - INFO - train average_precision, 0.9380
2025-10-02 08:09:11,069 - root - INFO - train roc_auc, 0.9368
2025-10-02 08:09:11,069 - root - INFO - validate loss: 0.3092
2025-10-02 08:09:11,069 - root - INFO - validate average_precision, 0.9458
2025-10-02 08:09:11,069 - root - INFO - validate roc_auc, 0.9420
2025-10-02 08:09:11,069 - root - INFO - new node validate loss: 0.3885
2025-10-02 08:09:11,069 - root - INFO - new node validate average_precision, 0.9131
2025-10-02 08:09:11,069 - root - INFO - new node validate roc_auc, 0.9013
2025-10-02 08:09:15,737 - root - INFO - test loss: 0.3405
2025-10-02 08:09:15,737 - root - INFO - test average_precision, 0.9308
2025-10-02 08:09:15,737 - root - INFO - best test average_precision: 0.9319
2025-10-02 08:09:15,737 - root - INFO - test roc_auc, 0.9309
2025-10-02 08:09:15,738 - root - INFO - new node test loss: 0.3986
2025-10-02 08:09:15,738 - root - INFO - new node test average_precision, 0.9106
2025-10-02 08:09:15,738 - root - INFO - new node test roc_auc, 0.9028
2025-10-02 08:09:15,738 - root - INFO - save model ./saved_models/JODIE/wikipedia/JODIE_kan_mammote_seed0/JODIE_kan_mammote_seed0.pkl
2025-10-02 08:09:35,342 - root - INFO - Epoch: 9, learning rate: 0.0001, train loss: 0.3158
2025-10-02 08:09:35,343 - root - INFO - train average_precision, 0.9402
2025-10-02 08:09:35,343 - root - INFO - train roc_auc, 0.9385
2025-10-02 08:09:35,343 - root - INFO - validate loss: 0.3093
2025-10-02 08:09:35,343 - root - INFO - validate average_precision, 0.9464
2025-10-02 08:09:35,343 - root - INFO - validate roc_auc, 0.9428
2025-10-02 08:09:35,343 - root - INFO - new node validate loss: 0.3836
2025-10-02 08:09:35,343 - root - INFO - new node validate average_precision, 0.9152
2025-10-02 08:09:35,343 - root - INFO - new node validate roc_auc, 0.9042
2025-10-02 08:09:40,096 - root - INFO - test loss: 0.3330
2025-10-02 08:09:40,096 - root - INFO - test average_precision, 0.9368
2025-10-02 08:09:40,096 - root - INFO - best test average_precision: 0.9368
2025-10-02 08:09:40,096 - root - INFO - test roc_auc, 0.9350
2025-10-02 08:09:40,096 - root - INFO - new node test loss: 0.3917
2025-10-02 08:09:40,096 - root - INFO - new node test average_precision, 0.9171
2025-10-02 08:09:40,096 - root - INFO - new node test roc_auc, 0.9069
2025-10-02 08:09:40,096 - root - INFO - save model ./saved_models/JODIE/wikipedia/JODIE_kan_mammote_seed0/JODIE_kan_mammote_seed0.pkl
2025-10-02 08:09:59,691 - root - INFO - Epoch: 10, learning rate: 0.0001, train loss: 0.3115
2025-10-02 08:09:59,691 - root - INFO - train average_precision, 0.9417
2025-10-02 08:09:59,691 - root - INFO - train roc_auc, 0.9398
2025-10-02 08:09:59,691 - root - INFO - validate loss: 0.2972
2025-10-02 08:09:59,691 - root - INFO - validate average_precision, 0.9507
2025-10-02 08:09:59,692 - root - INFO - validate roc_auc, 0.9470
2025-10-02 08:09:59,692 - root - INFO - new node validate loss: 0.3827
2025-10-02 08:09:59,692 - root - INFO - new node validate average_precision, 0.9169
2025-10-02 08:09:59,692 - root - INFO - new node validate roc_auc, 0.9055
2025-10-02 08:10:04,418 - root - INFO - test loss: 0.3046
2025-10-02 08:10:04,418 - root - INFO - test average_precision, 0.9477
2025-10-02 08:10:04,418 - root - INFO - best test average_precision: 0.9477
2025-10-02 08:10:04,418 - root - INFO - test roc_auc, 0.9452
2025-10-02 08:10:04,418 - root - INFO - new node test loss: 0.3711
2025-10-02 08:10:04,418 - root - INFO - new node test average_precision, 0.9258
2025-10-02 08:10:04,419 - root - INFO - new node test roc_auc, 0.9168
2025-10-02 08:10:04,419 - root - INFO - save model ./saved_models/JODIE/wikipedia/JODIE_kan_mammote_seed0/JODIE_kan_mammote_seed0.pkl
2025-10-02 08:10:23,842 - root - INFO - Epoch: 11, learning rate: 0.0001, train loss: 0.3058
2025-10-02 08:10:23,842 - root - INFO - train average_precision, 0.9438
2025-10-02 08:10:23,843 - root - INFO - train roc_auc, 0.9419
2025-10-02 08:10:23,843 - root - INFO - validate loss: 0.2917
2025-10-02 08:10:23,843 - root - INFO - validate average_precision, 0.9511
2025-10-02 08:10:23,843 - root - INFO - validate roc_auc, 0.9484
2025-10-02 08:10:23,843 - root - INFO - new node validate loss: 0.3745
2025-10-02 08:10:23,843 - root - INFO - new node validate average_precision, 0.9181
2025-10-02 08:10:23,843 - root - INFO - new node validate roc_auc, 0.9072
2025-10-02 08:10:28,514 - root - INFO - test loss: 0.3039
2025-10-02 08:10:28,514 - root - INFO - test average_precision, 0.9451
2025-10-02 08:10:28,514 - root - INFO - best test average_precision: 0.9477
2025-10-02 08:10:28,514 - root - INFO - test roc_auc, 0.9447
2025-10-02 08:10:28,514 - root - INFO - new node test loss: 0.3582
2025-10-02 08:10:28,514 - root - INFO - new node test average_precision, 0.9291
2025-10-02 08:10:28,514 - root - INFO - new node test roc_auc, 0.9215
2025-10-02 08:10:28,514 - root - INFO - save model ./saved_models/JODIE/wikipedia/JODIE_kan_mammote_seed0/JODIE_kan_mammote_seed0.pkl
2025-10-02 08:10:48,148 - root - INFO - Epoch: 12, learning rate: 0.0001, train loss: 0.3004
2025-10-02 08:10:48,148 - root - INFO - train average_precision, 0.9455
2025-10-02 08:10:48,149 - root - INFO - train roc_auc, 0.9437
2025-10-02 08:10:48,149 - root - INFO - validate loss: 0.2917
2025-10-02 08:10:48,149 - root - INFO - validate average_precision, 0.9519
2025-10-02 08:10:48,149 - root - INFO - validate roc_auc, 0.9489
2025-10-02 08:10:48,149 - root - INFO - new node validate loss: 0.3788
2025-10-02 08:10:48,149 - root - INFO - new node validate average_precision, 0.9184
2025-10-02 08:10:48,149 - root - INFO - new node validate roc_auc, 0.9076
2025-10-02 08:10:52,894 - root - INFO - test loss: 0.3062
2025-10-02 08:10:52,894 - root - INFO - test average_precision, 0.9454
2025-10-02 08:10:52,895 - root - INFO - best test average_precision: 0.9477
2025-10-02 08:10:52,895 - root - INFO - test roc_auc, 0.9448
2025-10-02 08:10:52,895 - root - INFO - new node test loss: 0.3667
2025-10-02 08:10:52,895 - root - INFO - new node test average_precision, 0.9265
2025-10-02 08:10:52,895 - root - INFO - new node test roc_auc, 0.9187
2025-10-02 08:10:52,895 - root - INFO - save model ./saved_models/JODIE/wikipedia/JODIE_kan_mammote_seed0/JODIE_kan_mammote_seed0.pkl
2025-10-02 08:11:12,466 - root - INFO - Epoch: 13, learning rate: 0.0001, train loss: 0.3006
2025-10-02 08:11:12,467 - root - INFO - train average_precision, 0.9459
2025-10-02 08:11:12,467 - root - INFO - train roc_auc, 0.9437
2025-10-02 08:11:12,467 - root - INFO - validate loss: 0.2938
2025-10-02 08:11:12,467 - root - INFO - validate average_precision, 0.9509
2025-10-02 08:11:12,467 - root - INFO - validate roc_auc, 0.9475
2025-10-02 08:11:12,467 - root - INFO - new node validate loss: 0.3730
2025-10-02 08:11:12,467 - root - INFO - new node validate average_precision, 0.9185
2025-10-02 08:11:12,467 - root - INFO - new node validate roc_auc, 0.9084
2025-10-02 08:11:17,149 - root - INFO - test loss: 0.3193
2025-10-02 08:11:17,149 - root - INFO - test average_precision, 0.9421
2025-10-02 08:11:17,149 - root - INFO - best test average_precision: 0.9477
2025-10-02 08:11:17,149 - root - INFO - test roc_auc, 0.9403
2025-10-02 08:11:17,149 - root - INFO - new node test loss: 0.3732
2025-10-02 08:11:17,149 - root - INFO - new node test average_precision, 0.9244
2025-10-02 08:11:17,149 - root - INFO - new node test roc_auc, 0.9158
2025-10-02 08:11:35,532 - root - INFO - Epoch: 14, learning rate: 0.0001, train loss: 0.2909
2025-10-02 08:11:35,532 - root - INFO - train average_precision, 0.9486
2025-10-02 08:11:35,532 - root - INFO - train roc_auc, 0.9470
2025-10-02 08:11:35,532 - root - INFO - validate loss: 0.2887
2025-10-02 08:11:35,532 - root - INFO - validate average_precision, 0.9540
2025-10-02 08:11:35,532 - root - INFO - validate roc_auc, 0.9501
2025-10-02 08:11:35,532 - root - INFO - new node validate loss: 0.3741
2025-10-02 08:11:35,532 - root - INFO - new node validate average_precision, 0.9208
2025-10-02 08:11:35,532 - root - INFO - new node validate roc_auc, 0.9094
2025-10-02 08:11:40,213 - root - INFO - test loss: 0.2987
2025-10-02 08:11:40,213 - root - INFO - test average_precision, 0.9502
2025-10-02 08:11:40,213 - root - INFO - best test average_precision: 0.9502
2025-10-02 08:11:40,213 - root - INFO - test roc_auc, 0.9483
2025-10-02 08:11:40,213 - root - INFO - new node test loss: 0.3660
2025-10-02 08:11:40,213 - root - INFO - new node test average_precision, 0.9282
2025-10-02 08:11:40,214 - root - INFO - new node test roc_auc, 0.9194
2025-10-02 08:11:40,214 - root - INFO - save model ./saved_models/JODIE/wikipedia/JODIE_kan_mammote_seed0/JODIE_kan_mammote_seed0.pkl
2025-10-02 08:11:59,846 - root - INFO - Epoch: 15, learning rate: 0.0001, train loss: 0.2863
2025-10-02 08:11:59,847 - root - INFO - train average_precision, 0.9504
2025-10-02 08:11:59,847 - root - INFO - train roc_auc, 0.9484
2025-10-02 08:11:59,847 - root - INFO - validate loss: 0.2806
2025-10-02 08:11:59,847 - root - INFO - validate average_precision, 0.9562
2025-10-02 08:11:59,847 - root - INFO - validate roc_auc, 0.9521
2025-10-02 08:11:59,847 - root - INFO - new node validate loss: 0.3675
2025-10-02 08:11:59,847 - root - INFO - new node validate average_precision, 0.9212
2025-10-02 08:11:59,847 - root - INFO - new node validate roc_auc, 0.9111
2025-10-02 08:12:04,462 - root - INFO - test loss: 0.2901
2025-10-02 08:12:04,462 - root - INFO - test average_precision, 0.9535
2025-10-02 08:12:04,462 - root - INFO - best test average_precision: 0.9535
2025-10-02 08:12:04,462 - root - INFO - test roc_auc, 0.9502
2025-10-02 08:12:04,462 - root - INFO - new node test loss: 0.3580
2025-10-02 08:12:04,462 - root - INFO - new node test average_precision, 0.9301
2025-10-02 08:12:04,462 - root - INFO - new node test roc_auc, 0.9220
2025-10-02 08:12:04,462 - root - INFO - save model ./saved_models/JODIE/wikipedia/JODIE_kan_mammote_seed0/JODIE_kan_mammote_seed0.pkl
2025-10-02 08:12:24,079 - root - INFO - Epoch: 16, learning rate: 0.0001, train loss: 0.2808
2025-10-02 08:12:24,079 - root - INFO - train average_precision, 0.9522
2025-10-02 08:12:24,079 - root - INFO - train roc_auc, 0.9503
2025-10-02 08:12:24,079 - root - INFO - validate loss: 0.2764
2025-10-02 08:12:24,079 - root - INFO - validate average_precision, 0.9573
2025-10-02 08:12:24,079 - root - INFO - validate roc_auc, 0.9538
2025-10-02 08:12:24,079 - root - INFO - new node validate loss: 0.3663
2025-10-02 08:12:24,080 - root - INFO - new node validate average_precision, 0.9218
2025-10-02 08:12:24,080 - root - INFO - new node validate roc_auc, 0.9112
2025-10-02 08:12:28,761 - root - INFO - test loss: 0.2776
2025-10-02 08:12:28,761 - root - INFO - test average_precision, 0.9571
2025-10-02 08:12:28,761 - root - INFO - best test average_precision: 0.9571
2025-10-02 08:12:28,761 - root - INFO - test roc_auc, 0.9543
2025-10-02 08:12:28,762 - root - INFO - new node test loss: 0.3516
2025-10-02 08:12:28,762 - root - INFO - new node test average_precision, 0.9318
2025-10-02 08:12:28,762 - root - INFO - new node test roc_auc, 0.9243
2025-10-02 08:12:28,762 - root - INFO - save model ./saved_models/JODIE/wikipedia/JODIE_kan_mammote_seed0/JODIE_kan_mammote_seed0.pkl
2025-10-02 08:12:48,231 - root - INFO - Epoch: 17, learning rate: 0.0001, train loss: 0.2749
2025-10-02 08:12:48,231 - root - INFO - train average_precision, 0.9541
2025-10-02 08:12:48,231 - root - INFO - train roc_auc, 0.9521
2025-10-02 08:12:48,231 - root - INFO - validate loss: 0.2831
2025-10-02 08:12:48,231 - root - INFO - validate average_precision, 0.9566
2025-10-02 08:12:48,231 - root - INFO - validate roc_auc, 0.9518
2025-10-02 08:12:48,231 - root - INFO - new node validate loss: 0.3676
2025-10-02 08:12:48,231 - root - INFO - new node validate average_precision, 0.9226
2025-10-02 08:12:48,231 - root - INFO - new node validate roc_auc, 0.9118
2025-10-02 08:12:52,933 - root - INFO - test loss: 0.2939
2025-10-02 08:12:52,933 - root - INFO - test average_precision, 0.9526
2025-10-02 08:12:52,933 - root - INFO - best test average_precision: 0.9571
2025-10-02 08:12:52,933 - root - INFO - test roc_auc, 0.9493
2025-10-02 08:12:52,933 - root - INFO - new node test loss: 0.3551
2025-10-02 08:12:52,933 - root - INFO - new node test average_precision, 0.9314
2025-10-02 08:12:52,933 - root - INFO - new node test roc_auc, 0.9229
2025-10-02 08:13:11,283 - root - INFO - Epoch: 18, learning rate: 0.0001, train loss: 0.2675
2025-10-02 08:13:11,284 - root - INFO - train average_precision, 0.9559
2025-10-02 08:13:11,284 - root - INFO - train roc_auc, 0.9541
2025-10-02 08:13:11,284 - root - INFO - validate loss: 0.2780
2025-10-02 08:13:11,284 - root - INFO - validate average_precision, 0.9574
2025-10-02 08:13:11,284 - root - INFO - validate roc_auc, 0.9535
2025-10-02 08:13:11,284 - root - INFO - new node validate loss: 0.3626
2025-10-02 08:13:11,284 - root - INFO - new node validate average_precision, 0.9247
2025-10-02 08:13:11,284 - root - INFO - new node validate roc_auc, 0.9150
2025-10-02 08:13:15,957 - root - INFO - test loss: 0.2865
2025-10-02 08:13:15,957 - root - INFO - test average_precision, 0.9547
2025-10-02 08:13:15,957 - root - INFO - best test average_precision: 0.9571
2025-10-02 08:13:15,957 - root - INFO - test roc_auc, 0.9523
2025-10-02 08:13:15,957 - root - INFO - new node test loss: 0.3558
2025-10-02 08:13:15,957 - root - INFO - new node test average_precision, 0.9310
2025-10-02 08:13:15,957 - root - INFO - new node test roc_auc, 0.9245
2025-10-02 08:13:34,416 - root - INFO - Epoch: 19, learning rate: 0.0001, train loss: 0.2662
2025-10-02 08:13:34,417 - root - INFO - train average_precision, 0.9564
2025-10-02 08:13:34,417 - root - INFO - train roc_auc, 0.9546
2025-10-02 08:13:34,417 - root - INFO - validate loss: 0.2727
2025-10-02 08:13:34,417 - root - INFO - validate average_precision, 0.9594
2025-10-02 08:13:34,417 - root - INFO - validate roc_auc, 0.9552
2025-10-02 08:13:34,417 - root - INFO - new node validate loss: 0.3589
2025-10-02 08:13:34,417 - root - INFO - new node validate average_precision, 0.9251
2025-10-02 08:13:34,417 - root - INFO - new node validate roc_auc, 0.9144
2025-10-02 08:13:39,175 - root - INFO - test loss: 0.2772
2025-10-02 08:13:39,176 - root - INFO - test average_precision, 0.9575
2025-10-02 08:13:39,176 - root - INFO - best test average_precision: 0.9575
2025-10-02 08:13:39,176 - root - INFO - test roc_auc, 0.9544
2025-10-02 08:13:39,176 - root - INFO - new node test loss: 0.3445
2025-10-02 08:13:39,176 - root - INFO - new node test average_precision, 0.9352
2025-10-02 08:13:39,176 - root - INFO - new node test roc_auc, 0.9265
2025-10-02 08:13:39,176 - root - INFO - save model ./saved_models/JODIE/wikipedia/JODIE_kan_mammote_seed0/JODIE_kan_mammote_seed0.pkl
2025-10-02 08:13:58,794 - root - INFO - Epoch: 20, learning rate: 0.0001, train loss: 0.2620
2025-10-02 08:13:58,794 - root - INFO - train average_precision, 0.9573
2025-10-02 08:13:58,794 - root - INFO - train roc_auc, 0.9558
2025-10-02 08:13:58,794 - root - INFO - validate loss: 0.2705
2025-10-02 08:13:58,794 - root - INFO - validate average_precision, 0.9608
2025-10-02 08:13:58,794 - root - INFO - validate roc_auc, 0.9566
2025-10-02 08:13:58,794 - root - INFO - new node validate loss: 0.3674
2025-10-02 08:13:58,794 - root - INFO - new node validate average_precision, 0.9249
2025-10-02 08:13:58,795 - root - INFO - new node validate roc_auc, 0.9141
2025-10-02 08:14:03,516 - root - INFO - test loss: 0.2769
2025-10-02 08:14:03,516 - root - INFO - test average_precision, 0.9598
2025-10-02 08:14:03,517 - root - INFO - best test average_precision: 0.9598
2025-10-02 08:14:03,517 - root - INFO - test roc_auc, 0.9561
2025-10-02 08:14:03,517 - root - INFO - new node test loss: 0.3423
2025-10-02 08:14:03,517 - root - INFO - new node test average_precision, 0.9380
2025-10-02 08:14:03,517 - root - INFO - new node test roc_auc, 0.9303
2025-10-02 08:14:03,517 - root - INFO - save model ./saved_models/JODIE/wikipedia/JODIE_kan_mammote_seed0/JODIE_kan_mammote_seed0.pkl
2025-10-02 08:14:22,993 - root - INFO - Epoch: 21, learning rate: 0.0001, train loss: 0.2608
2025-10-02 08:14:22,993 - root - INFO - train average_precision, 0.9576
2025-10-02 08:14:22,993 - root - INFO - train roc_auc, 0.9562
2025-10-02 08:14:22,993 - root - INFO - validate loss: 0.2662
2025-10-02 08:14:22,993 - root - INFO - validate average_precision, 0.9620
2025-10-02 08:14:22,993 - root - INFO - validate roc_auc, 0.9577
2025-10-02 08:14:22,993 - root - INFO - new node validate loss: 0.3616
2025-10-02 08:14:22,994 - root - INFO - new node validate average_precision, 0.9255
2025-10-02 08:14:22,994 - root - INFO - new node validate roc_auc, 0.9154
2025-10-02 08:14:27,725 - root - INFO - test loss: 0.2713
2025-10-02 08:14:27,725 - root - INFO - test average_precision, 0.9607
2025-10-02 08:14:27,725 - root - INFO - best test average_precision: 0.9607
2025-10-02 08:14:27,725 - root - INFO - test roc_auc, 0.9574
2025-10-02 08:14:27,725 - root - INFO - new node test loss: 0.3447
2025-10-02 08:14:27,725 - root - INFO - new node test average_precision, 0.9369
2025-10-02 08:14:27,725 - root - INFO - new node test roc_auc, 0.9290
2025-10-02 08:14:27,726 - root - INFO - save model ./saved_models/JODIE/wikipedia/JODIE_kan_mammote_seed0/JODIE_kan_mammote_seed0.pkl
2025-10-02 08:14:47,230 - root - INFO - Epoch: 22, learning rate: 0.0001, train loss: 0.2548
2025-10-02 08:14:47,230 - root - INFO - train average_precision, 0.9596
2025-10-02 08:14:47,231 - root - INFO - train roc_auc, 0.9580
2025-10-02 08:14:47,231 - root - INFO - validate loss: 0.2732
2025-10-02 08:14:47,231 - root - INFO - validate average_precision, 0.9597
2025-10-02 08:14:47,231 - root - INFO - validate roc_auc, 0.9555
2025-10-02 08:14:47,231 - root - INFO - new node validate loss: 0.3551
2025-10-02 08:14:47,231 - root - INFO - new node validate average_precision, 0.9265
2025-10-02 08:14:47,231 - root - INFO - new node validate roc_auc, 0.9164
2025-10-02 08:14:51,942 - root - INFO - test loss: 0.2829
2025-10-02 08:14:51,942 - root - INFO - test average_precision, 0.9576
2025-10-02 08:14:51,942 - root - INFO - best test average_precision: 0.9607
2025-10-02 08:14:51,942 - root - INFO - test roc_auc, 0.9535
2025-10-02 08:14:51,942 - root - INFO - new node test loss: 0.3414
2025-10-02 08:14:51,942 - root - INFO - new node test average_precision, 0.9370
2025-10-02 08:14:51,942 - root - INFO - new node test roc_auc, 0.9292
2025-10-02 08:15:10,468 - root - INFO - Epoch: 23, learning rate: 0.0001, train loss: 0.2531
2025-10-02 08:15:10,468 - root - INFO - train average_precision, 0.9600
2025-10-02 08:15:10,468 - root - INFO - train roc_auc, 0.9586
2025-10-02 08:15:10,468 - root - INFO - validate loss: 0.2709
2025-10-02 08:15:10,468 - root - INFO - validate average_precision, 0.9602
2025-10-02 08:15:10,468 - root - INFO - validate roc_auc, 0.9561
2025-10-02 08:15:10,468 - root - INFO - new node validate loss: 0.3576
2025-10-02 08:15:10,468 - root - INFO - new node validate average_precision, 0.9262
2025-10-02 08:15:10,468 - root - INFO - new node validate roc_auc, 0.9153
2025-10-02 08:15:15,204 - root - INFO - test loss: 0.2783
2025-10-02 08:15:15,204 - root - INFO - test average_precision, 0.9595
2025-10-02 08:15:15,204 - root - INFO - best test average_precision: 0.9607
2025-10-02 08:15:15,204 - root - INFO - test roc_auc, 0.9555
2025-10-02 08:15:15,204 - root - INFO - new node test loss: 0.3384
2025-10-02 08:15:15,204 - root - INFO - new node test average_precision, 0.9385
2025-10-02 08:15:15,204 - root - INFO - new node test roc_auc, 0.9317
2025-10-02 08:15:33,541 - root - INFO - Epoch: 24, learning rate: 0.0001, train loss: 0.2505
2025-10-02 08:15:33,541 - root - INFO - train average_precision, 0.9605
2025-10-02 08:15:33,541 - root - INFO - train roc_auc, 0.9593
2025-10-02 08:15:33,541 - root - INFO - validate loss: 0.2669
2025-10-02 08:15:33,541 - root - INFO - validate average_precision, 0.9609
2025-10-02 08:15:33,541 - root - INFO - validate roc_auc, 0.9570
2025-10-02 08:15:33,541 - root - INFO - new node validate loss: 0.3526
2025-10-02 08:15:33,541 - root - INFO - new node validate average_precision, 0.9273
2025-10-02 08:15:33,541 - root - INFO - new node validate roc_auc, 0.9171
2025-10-02 08:15:38,225 - root - INFO - test loss: 0.2688
2025-10-02 08:15:38,225 - root - INFO - test average_precision, 0.9602
2025-10-02 08:15:38,226 - root - INFO - best test average_precision: 0.9607
2025-10-02 08:15:38,226 - root - INFO - test roc_auc, 0.9569
2025-10-02 08:15:38,226 - root - INFO - new node test loss: 0.3405
2025-10-02 08:15:38,226 - root - INFO - new node test average_precision, 0.9360
2025-10-02 08:15:38,226 - root - INFO - new node test roc_auc, 0.9287
2025-10-02 08:15:56,616 - root - INFO - Epoch: 25, learning rate: 0.0001, train loss: 0.2486
2025-10-02 08:15:56,616 - root - INFO - train average_precision, 0.9612
2025-10-02 08:15:56,616 - root - INFO - train roc_auc, 0.9599
2025-10-02 08:15:56,616 - root - INFO - validate loss: 0.2621
2025-10-02 08:15:56,616 - root - INFO - validate average_precision, 0.9624
2025-10-02 08:15:56,616 - root - INFO - validate roc_auc, 0.9587
2025-10-02 08:15:56,616 - root - INFO - new node validate loss: 0.3546
2025-10-02 08:15:56,616 - root - INFO - new node validate average_precision, 0.9274
2025-10-02 08:15:56,616 - root - INFO - new node validate roc_auc, 0.9180
2025-10-02 08:16:01,335 - root - INFO - test loss: 0.2647
2025-10-02 08:16:01,335 - root - INFO - test average_precision, 0.9621
2025-10-02 08:16:01,335 - root - INFO - best test average_precision: 0.9621
2025-10-02 08:16:01,335 - root - INFO - test roc_auc, 0.9594
2025-10-02 08:16:01,335 - root - INFO - new node test loss: 0.3338
2025-10-02 08:16:01,335 - root - INFO - new node test average_precision, 0.9407
2025-10-02 08:16:01,335 - root - INFO - new node test roc_auc, 0.9339
2025-10-02 08:16:01,335 - root - INFO - save model ./saved_models/JODIE/wikipedia/JODIE_kan_mammote_seed0/JODIE_kan_mammote_seed0.pkl
2025-10-02 08:16:20,782 - root - INFO - Epoch: 26, learning rate: 0.0001, train loss: 0.2488
2025-10-02 08:16:20,782 - root - INFO - train average_precision, 0.9607
2025-10-02 08:16:20,782 - root - INFO - train roc_auc, 0.9597
2025-10-02 08:16:20,782 - root - INFO - validate loss: 0.2730
2025-10-02 08:16:20,782 - root - INFO - validate average_precision, 0.9604
2025-10-02 08:16:20,782 - root - INFO - validate roc_auc, 0.9568
2025-10-02 08:16:20,782 - root - INFO - new node validate loss: 0.3572
2025-10-02 08:16:20,782 - root - INFO - new node validate average_precision, 0.9277
2025-10-02 08:16:20,782 - root - INFO - new node validate roc_auc, 0.9180
2025-10-02 08:16:25,477 - root - INFO - test loss: 0.2829
2025-10-02 08:16:25,477 - root - INFO - test average_precision, 0.9576
2025-10-02 08:16:25,477 - root - INFO - best test average_precision: 0.9621
2025-10-02 08:16:25,477 - root - INFO - test roc_auc, 0.9552
2025-10-02 08:16:25,477 - root - INFO - new node test loss: 0.3503
2025-10-02 08:16:25,477 - root - INFO - new node test average_precision, 0.9383
2025-10-02 08:16:25,477 - root - INFO - new node test roc_auc, 0.9306
2025-10-02 08:16:43,912 - root - INFO - Epoch: 27, learning rate: 0.0001, train loss: 0.2436
2025-10-02 08:16:43,912 - root - INFO - train average_precision, 0.9622
2025-10-02 08:16:43,912 - root - INFO - train roc_auc, 0.9612
2025-10-02 08:16:43,912 - root - INFO - validate loss: 0.2618
2025-10-02 08:16:43,912 - root - INFO - validate average_precision, 0.9635
2025-10-02 08:16:43,912 - root - INFO - validate roc_auc, 0.9597
2025-10-02 08:16:43,913 - root - INFO - new node validate loss: 0.3606
2025-10-02 08:16:43,913 - root - INFO - new node validate average_precision, 0.9275
2025-10-02 08:16:43,913 - root - INFO - new node validate roc_auc, 0.9175
2025-10-02 08:16:48,641 - root - INFO - test loss: 0.2685
2025-10-02 08:16:48,641 - root - INFO - test average_precision, 0.9625
2025-10-02 08:16:48,641 - root - INFO - best test average_precision: 0.9625
2025-10-02 08:16:48,641 - root - INFO - test roc_auc, 0.9594
2025-10-02 08:16:48,641 - root - INFO - new node test loss: 0.3379
2025-10-02 08:16:48,641 - root - INFO - new node test average_precision, 0.9408
2025-10-02 08:16:48,641 - root - INFO - new node test roc_auc, 0.9341
2025-10-02 08:16:48,641 - root - INFO - save model ./saved_models/JODIE/wikipedia/JODIE_kan_mammote_seed0/JODIE_kan_mammote_seed0.pkl
2025-10-02 08:17:08,239 - root - INFO - Epoch: 28, learning rate: 0.0001, train loss: 0.2461
2025-10-02 08:17:08,239 - root - INFO - train average_precision, 0.9617
2025-10-02 08:17:08,239 - root - INFO - train roc_auc, 0.9606
2025-10-02 08:17:08,240 - root - INFO - validate loss: 0.2729
2025-10-02 08:17:08,240 - root - INFO - validate average_precision, 0.9599
2025-10-02 08:17:08,240 - root - INFO - validate roc_auc, 0.9562
2025-10-02 08:17:08,240 - root - INFO - new node validate loss: 0.3568
2025-10-02 08:17:08,240 - root - INFO - new node validate average_precision, 0.9257
2025-10-02 08:17:08,240 - root - INFO - new node validate roc_auc, 0.9164
2025-10-02 08:17:12,939 - root - INFO - test loss: 0.2834
2025-10-02 08:17:12,939 - root - INFO - test average_precision, 0.9576
2025-10-02 08:17:12,939 - root - INFO - best test average_precision: 0.9625
2025-10-02 08:17:12,939 - root - INFO - test roc_auc, 0.9542
2025-10-02 08:17:12,939 - root - INFO - new node test loss: 0.3407
2025-10-02 08:17:12,939 - root - INFO - new node test average_precision, 0.9388
2025-10-02 08:17:12,940 - root - INFO - new node test roc_auc, 0.9312
2025-10-02 08:17:31,356 - root - INFO - Epoch: 29, learning rate: 0.0001, train loss: 0.2413
2025-10-02 08:17:31,356 - root - INFO - train average_precision, 0.9621
2025-10-02 08:17:31,356 - root - INFO - train roc_auc, 0.9616
2025-10-02 08:17:31,356 - root - INFO - validate loss: 0.2587
2025-10-02 08:17:31,356 - root - INFO - validate average_precision, 0.9637
2025-10-02 08:17:31,356 - root - INFO - validate roc_auc, 0.9600
2025-10-02 08:17:31,356 - root - INFO - new node validate loss: 0.3487
2025-10-02 08:17:31,356 - root - INFO - new node validate average_precision, 0.9304
2025-10-02 08:17:31,356 - root - INFO - new node validate roc_auc, 0.9208
2025-10-02 08:17:36,112 - root - INFO - test loss: 0.2676
2025-10-02 08:17:36,112 - root - INFO - test average_precision, 0.9615
2025-10-02 08:17:36,113 - root - INFO - best test average_precision: 0.9625
2025-10-02 08:17:36,113 - root - INFO - test roc_auc, 0.9587
2025-10-02 08:17:36,113 - root - INFO - new node test loss: 0.3280
2025-10-02 08:17:36,113 - root - INFO - new node test average_precision, 0.9417
2025-10-02 08:17:36,113 - root - INFO - new node test roc_auc, 0.9359
2025-10-02 08:17:36,113 - root - INFO - save model ./saved_models/JODIE/wikipedia/JODIE_kan_mammote_seed0/JODIE_kan_mammote_seed0.pkl
2025-10-02 08:17:55,668 - root - INFO - Epoch: 30, learning rate: 0.0001, train loss: 0.2381
2025-10-02 08:17:55,669 - root - INFO - train average_precision, 0.9632
2025-10-02 08:17:55,669 - root - INFO - train roc_auc, 0.9627
2025-10-02 08:17:55,669 - root - INFO - validate loss: 0.2619
2025-10-02 08:17:55,669 - root - INFO - validate average_precision, 0.9634
2025-10-02 08:17:55,669 - root - INFO - validate roc_auc, 0.9595
2025-10-02 08:17:55,669 - root - INFO - new node validate loss: 0.3514
2025-10-02 08:17:55,669 - root - INFO - new node validate average_precision, 0.9295
2025-10-02 08:17:55,669 - root - INFO - new node validate roc_auc, 0.9201
2025-10-02 08:18:00,377 - root - INFO - test loss: 0.2686
2025-10-02 08:18:00,377 - root - INFO - test average_precision, 0.9620
2025-10-02 08:18:00,378 - root - INFO - best test average_precision: 0.9625
2025-10-02 08:18:00,378 - root - INFO - test roc_auc, 0.9586
2025-10-02 08:18:00,378 - root - INFO - new node test loss: 0.3309
2025-10-02 08:18:00,378 - root - INFO - new node test average_precision, 0.9417
2025-10-02 08:18:00,378 - root - INFO - new node test roc_auc, 0.9355
2025-10-02 08:18:18,691 - root - INFO - Epoch: 31, learning rate: 0.0001, train loss: 0.2405
2025-10-02 08:18:18,691 - root - INFO - train average_precision, 0.9629
2025-10-02 08:18:18,691 - root - INFO - train roc_auc, 0.9623
2025-10-02 08:18:18,691 - root - INFO - validate loss: 0.2721
2025-10-02 08:18:18,691 - root - INFO - validate average_precision, 0.9606
2025-10-02 08:18:18,692 - root - INFO - validate roc_auc, 0.9564
2025-10-02 08:18:18,692 - root - INFO - new node validate loss: 0.3541
2025-10-02 08:18:18,692 - root - INFO - new node validate average_precision, 0.9281
2025-10-02 08:18:18,692 - root - INFO - new node validate roc_auc, 0.9182
2025-10-02 08:18:23,359 - root - INFO - test loss: 0.2882
2025-10-02 08:18:23,359 - root - INFO - test average_precision, 0.9553
2025-10-02 08:18:23,360 - root - INFO - best test average_precision: 0.9625
2025-10-02 08:18:23,360 - root - INFO - test roc_auc, 0.9521
2025-10-02 08:18:23,360 - root - INFO - new node test loss: 0.3413
2025-10-02 08:18:23,360 - root - INFO - new node test average_precision, 0.9373
2025-10-02 08:18:23,360 - root - INFO - new node test roc_auc, 0.9301
2025-10-02 08:18:41,785 - root - INFO - Epoch: 32, learning rate: 0.0001, train loss: 0.2376
2025-10-02 08:18:41,786 - root - INFO - train average_precision, 0.9638
2025-10-02 08:18:41,786 - root - INFO - train roc_auc, 0.9631
2025-10-02 08:18:41,786 - root - INFO - validate loss: 0.2782
2025-10-02 08:18:41,786 - root - INFO - validate average_precision, 0.9596
2025-10-02 08:18:41,786 - root - INFO - validate roc_auc, 0.9555
2025-10-02 08:18:41,786 - root - INFO - new node validate loss: 0.3625
2025-10-02 08:18:41,786 - root - INFO - new node validate average_precision, 0.9270
2025-10-02 08:18:41,786 - root - INFO - new node validate roc_auc, 0.9173
2025-10-02 08:18:46,531 - root - INFO - test loss: 0.3113
2025-10-02 08:18:46,531 - root - INFO - test average_precision, 0.9504
2025-10-02 08:18:46,531 - root - INFO - best test average_precision: 0.9625
2025-10-02 08:18:46,531 - root - INFO - test roc_auc, 0.9471
2025-10-02 08:18:46,531 - root - INFO - new node test loss: 0.3628
2025-10-02 08:18:46,531 - root - INFO - new node test average_precision, 0.9324
2025-10-02 08:18:46,532 - root - INFO - new node test roc_auc, 0.9244
2025-10-02 08:19:04,967 - root - INFO - Epoch: 33, learning rate: 0.0001, train loss: 0.2342
2025-10-02 08:19:04,967 - root - INFO - train average_precision, 0.9644
2025-10-02 08:19:04,967 - root - INFO - train roc_auc, 0.9638
2025-10-02 08:19:04,967 - root - INFO - validate loss: 0.2587
2025-10-02 08:19:04,967 - root - INFO - validate average_precision, 0.9642
2025-10-02 08:19:04,967 - root - INFO - validate roc_auc, 0.9602
2025-10-02 08:19:04,967 - root - INFO - new node validate loss: 0.3526
2025-10-02 08:19:04,968 - root - INFO - new node validate average_precision, 0.9288
2025-10-02 08:19:04,968 - root - INFO - new node validate roc_auc, 0.9187
2025-10-02 08:19:09,685 - root - INFO - test loss: 0.2677
2025-10-02 08:19:09,685 - root - INFO - test average_precision, 0.9622
2025-10-02 08:19:09,685 - root - INFO - best test average_precision: 0.9625
2025-10-02 08:19:09,686 - root - INFO - test roc_auc, 0.9589
2025-10-02 08:19:09,686 - root - INFO - new node test loss: 0.3291
2025-10-02 08:19:09,686 - root - INFO - new node test average_precision, 0.9433
2025-10-02 08:19:09,686 - root - INFO - new node test roc_auc, 0.9359
2025-10-02 08:19:09,686 - root - INFO - save model ./saved_models/JODIE/wikipedia/JODIE_kan_mammote_seed0/JODIE_kan_mammote_seed0.pkl
2025-10-02 08:19:29,294 - root - INFO - Epoch: 34, learning rate: 0.0001, train loss: 0.2340
2025-10-02 08:19:29,294 - root - INFO - train average_precision, 0.9645
2025-10-02 08:19:29,294 - root - INFO - train roc_auc, 0.9639
2025-10-02 08:19:29,294 - root - INFO - validate loss: 0.2612
2025-10-02 08:19:29,294 - root - INFO - validate average_precision, 0.9637
2025-10-02 08:19:29,294 - root - INFO - validate roc_auc, 0.9594
2025-10-02 08:19:29,294 - root - INFO - new node validate loss: 0.3520
2025-10-02 08:19:29,294 - root - INFO - new node validate average_precision, 0.9299
2025-10-02 08:19:29,295 - root - INFO - new node validate roc_auc, 0.9200
2025-10-02 08:19:34,049 - root - INFO - test loss: 0.2641
2025-10-02 08:19:34,049 - root - INFO - test average_precision, 0.9628
2025-10-02 08:19:34,049 - root - INFO - best test average_precision: 0.9628
2025-10-02 08:19:34,049 - root - INFO - test roc_auc, 0.9594
2025-10-02 08:19:34,049 - root - INFO - new node test loss: 0.3200
2025-10-02 08:19:34,049 - root - INFO - new node test average_precision, 0.9449
2025-10-02 08:19:34,049 - root - INFO - new node test roc_auc, 0.9380
2025-10-02 08:19:52,451 - root - INFO - Epoch: 35, learning rate: 0.0001, train loss: 0.2325
2025-10-02 08:19:52,452 - root - INFO - train average_precision, 0.9650
2025-10-02 08:19:52,452 - root - INFO - train roc_auc, 0.9643
2025-10-02 08:19:52,452 - root - INFO - validate loss: 0.2577
2025-10-02 08:19:52,452 - root - INFO - validate average_precision, 0.9648
2025-10-02 08:19:52,452 - root - INFO - validate roc_auc, 0.9607
2025-10-02 08:19:52,452 - root - INFO - new node validate loss: 0.3473
2025-10-02 08:19:52,452 - root - INFO - new node validate average_precision, 0.9304
2025-10-02 08:19:52,452 - root - INFO - new node validate roc_auc, 0.9209
2025-10-02 08:19:57,143 - root - INFO - test loss: 0.2635
2025-10-02 08:19:57,143 - root - INFO - test average_precision, 0.9633
2025-10-02 08:19:57,143 - root - INFO - best test average_precision: 0.9633
2025-10-02 08:19:57,143 - root - INFO - test roc_auc, 0.9600
2025-10-02 08:19:57,143 - root - INFO - new node test loss: 0.3251
2025-10-02 08:19:57,143 - root - INFO - new node test average_precision, 0.9440
2025-10-02 08:19:57,143 - root - INFO - new node test roc_auc, 0.9372
2025-10-02 08:19:57,143 - root - INFO - save model ./saved_models/JODIE/wikipedia/JODIE_kan_mammote_seed0/JODIE_kan_mammote_seed0.pkl
2025-10-02 08:20:16,664 - root - INFO - Epoch: 36, learning rate: 0.0001, train loss: 0.2313
2025-10-02 08:20:16,664 - root - INFO - train average_precision, 0.9653
2025-10-02 08:20:16,664 - root - INFO - train roc_auc, 0.9645
2025-10-02 08:20:16,664 - root - INFO - validate loss: 0.2591
2025-10-02 08:20:16,664 - root - INFO - validate average_precision, 0.9645
2025-10-02 08:20:16,664 - root - INFO - validate roc_auc, 0.9603
2025-10-02 08:20:16,664 - root - INFO - new node validate loss: 0.3468
2025-10-02 08:20:16,664 - root - INFO - new node validate average_precision, 0.9317
2025-10-02 08:20:16,664 - root - INFO - new node validate roc_auc, 0.9229
2025-10-02 08:20:21,332 - root - INFO - test loss: 0.2667
2025-10-02 08:20:21,332 - root - INFO - test average_precision, 0.9623
2025-10-02 08:20:21,332 - root - INFO - best test average_precision: 0.9633
2025-10-02 08:20:21,332 - root - INFO - test roc_auc, 0.9587
2025-10-02 08:20:21,332 - root - INFO - new node test loss: 0.3211
2025-10-02 08:20:21,332 - root - INFO - new node test average_precision, 0.9449
2025-10-02 08:20:21,332 - root - INFO - new node test roc_auc, 0.9380
2025-10-02 08:20:39,727 - root - INFO - Epoch: 37, learning rate: 0.0001, train loss: 0.2279
2025-10-02 08:20:39,727 - root - INFO - train average_precision, 0.9659
2025-10-02 08:20:39,727 - root - INFO - train roc_auc, 0.9655
2025-10-02 08:20:39,727 - root - INFO - validate loss: 0.2599
2025-10-02 08:20:39,727 - root - INFO - validate average_precision, 0.9643
2025-10-02 08:20:39,727 - root - INFO - validate roc_auc, 0.9606
2025-10-02 08:20:39,727 - root - INFO - new node validate loss: 0.3458
2025-10-02 08:20:39,728 - root - INFO - new node validate average_precision, 0.9318
2025-10-02 08:20:39,728 - root - INFO - new node validate roc_auc, 0.9229
2025-10-02 08:20:44,413 - root - INFO - test loss: 0.2671
2025-10-02 08:20:44,413 - root - INFO - test average_precision, 0.9624
2025-10-02 08:20:44,413 - root - INFO - best test average_precision: 0.9633
2025-10-02 08:20:44,413 - root - INFO - test roc_auc, 0.9596
2025-10-02 08:20:44,413 - root - INFO - new node test loss: 0.3197
2025-10-02 08:20:44,413 - root - INFO - new node test average_precision, 0.9462
2025-10-02 08:20:44,413 - root - INFO - new node test roc_auc, 0.9403
2025-10-02 08:21:02,835 - root - INFO - Epoch: 38, learning rate: 0.0001, train loss: 0.2274
2025-10-02 08:21:02,835 - root - INFO - train average_precision, 0.9657
2025-10-02 08:21:02,835 - root - INFO - train roc_auc, 0.9656
2025-10-02 08:21:02,835 - root - INFO - validate loss: 0.2579
2025-10-02 08:21:02,835 - root - INFO - validate average_precision, 0.9644
2025-10-02 08:21:02,835 - root - INFO - validate roc_auc, 0.9608
2025-10-02 08:21:02,835 - root - INFO - new node validate loss: 0.3443
2025-10-02 08:21:02,835 - root - INFO - new node validate average_precision, 0.9326
2025-10-02 08:21:02,835 - root - INFO - new node validate roc_auc, 0.9237
2025-10-02 08:21:07,600 - root - INFO - test loss: 0.2827
2025-10-02 08:21:07,601 - root - INFO - test average_precision, 0.9583
2025-10-02 08:21:07,601 - root - INFO - best test average_precision: 0.9633
2025-10-02 08:21:07,601 - root - INFO - test roc_auc, 0.9552
2025-10-02 08:21:07,601 - root - INFO - new node test loss: 0.3323
2025-10-02 08:21:07,601 - root - INFO - new node test average_precision, 0.9421
2025-10-02 08:21:07,601 - root - INFO - new node test roc_auc, 0.9351
2025-10-02 08:21:25,989 - root - INFO - Epoch: 39, learning rate: 0.0001, train loss: 0.2250
2025-10-02 08:21:25,989 - root - INFO - train average_precision, 0.9665
2025-10-02 08:21:25,989 - root - INFO - train roc_auc, 0.9663
2025-10-02 08:21:25,989 - root - INFO - validate loss: 0.2547
2025-10-02 08:21:25,989 - root - INFO - validate average_precision, 0.9656
2025-10-02 08:21:25,989 - root - INFO - validate roc_auc, 0.9620
2025-10-02 08:21:25,989 - root - INFO - new node validate loss: 0.3440
2025-10-02 08:21:25,989 - root - INFO - new node validate average_precision, 0.9330
2025-10-02 08:21:25,989 - root - INFO - new node validate roc_auc, 0.9241
2025-10-02 08:21:30,730 - root - INFO - test loss: 0.2663
2025-10-02 08:21:30,730 - root - INFO - test average_precision, 0.9632
2025-10-02 08:21:30,730 - root - INFO - best test average_precision: 0.9633
2025-10-02 08:21:30,730 - root - INFO - test roc_auc, 0.9598
2025-10-02 08:21:30,730 - root - INFO - new node test loss: 0.3238
2025-10-02 08:21:30,731 - root - INFO - new node test average_precision, 0.9456
2025-10-02 08:21:30,731 - root - INFO - new node test roc_auc, 0.9395
2025-10-02 08:21:30,731 - root - INFO - save model ./saved_models/JODIE/wikipedia/JODIE_kan_mammote_seed0/JODIE_kan_mammote_seed0.pkl
2025-10-02 08:21:50,348 - root - INFO - Epoch: 40, learning rate: 0.0001, train loss: 0.2223
2025-10-02 08:21:50,348 - root - INFO - train average_precision, 0.9671
2025-10-02 08:21:50,348 - root - INFO - train roc_auc, 0.9669
2025-10-02 08:21:50,348 - root - INFO - validate loss: 0.2556
2025-10-02 08:21:50,348 - root - INFO - validate average_precision, 0.9655
2025-10-02 08:21:50,348 - root - INFO - validate roc_auc, 0.9617
2025-10-02 08:21:50,348 - root - INFO - new node validate loss: 0.3476
2025-10-02 08:21:50,348 - root - INFO - new node validate average_precision, 0.9316
2025-10-02 08:21:50,348 - root - INFO - new node validate roc_auc, 0.9223
2025-10-02 08:21:55,020 - root - INFO - test loss: 0.2588
2025-10-02 08:21:55,021 - root - INFO - test average_precision, 0.9638
2025-10-02 08:21:55,021 - root - INFO - best test average_precision: 0.9638
2025-10-02 08:21:55,021 - root - INFO - test roc_auc, 0.9609
2025-10-02 08:21:55,021 - root - INFO - new node test loss: 0.3135
2025-10-02 08:21:55,021 - root - INFO - new node test average_precision, 0.9472
2025-10-02 08:21:55,021 - root - INFO - new node test roc_auc, 0.9411
2025-10-02 08:22:13,473 - root - INFO - Epoch: 41, learning rate: 0.0001, train loss: 0.2202
2025-10-02 08:22:13,473 - root - INFO - train average_precision, 0.9678
2025-10-02 08:22:13,474 - root - INFO - train roc_auc, 0.9675
2025-10-02 08:22:13,474 - root - INFO - validate loss: 0.2618
2025-10-02 08:22:13,474 - root - INFO - validate average_precision, 0.9640
2025-10-02 08:22:13,474 - root - INFO - validate roc_auc, 0.9603
2025-10-02 08:22:13,474 - root - INFO - new node validate loss: 0.3477
2025-10-02 08:22:13,474 - root - INFO - new node validate average_precision, 0.9325
2025-10-02 08:22:13,474 - root - INFO - new node validate roc_auc, 0.9230
2025-10-02 08:22:18,184 - root - INFO - test loss: 0.2775
2025-10-02 08:22:18,184 - root - INFO - test average_precision, 0.9599
2025-10-02 08:22:18,184 - root - INFO - best test average_precision: 0.9638
2025-10-02 08:22:18,184 - root - INFO - test roc_auc, 0.9567
2025-10-02 08:22:18,184 - root - INFO - new node test loss: 0.3295
2025-10-02 08:22:18,184 - root - INFO - new node test average_precision, 0.9428
2025-10-02 08:22:18,185 - root - INFO - new node test roc_auc, 0.9368
2025-10-02 08:22:36,563 - root - INFO - Epoch: 42, learning rate: 0.0001, train loss: 0.2200
2025-10-02 08:22:36,563 - root - INFO - train average_precision, 0.9675
2025-10-02 08:22:36,563 - root - INFO - train roc_auc, 0.9675
2025-10-02 08:22:36,563 - root - INFO - validate loss: 0.2593
2025-10-02 08:22:36,563 - root - INFO - validate average_precision, 0.9644
2025-10-02 08:22:36,563 - root - INFO - validate roc_auc, 0.9608
2025-10-02 08:22:36,563 - root - INFO - new node validate loss: 0.3446
2025-10-02 08:22:36,563 - root - INFO - new node validate average_precision, 0.9333
2025-10-02 08:22:36,564 - root - INFO - new node validate roc_auc, 0.9238
2025-10-02 08:22:41,272 - root - INFO - test loss: 0.2784
2025-10-02 08:22:41,273 - root - INFO - test average_precision, 0.9591
2025-10-02 08:22:41,273 - root - INFO - best test average_precision: 0.9638
2025-10-02 08:22:41,273 - root - INFO - test roc_auc, 0.9563
2025-10-02 08:22:41,273 - root - INFO - new node test loss: 0.3246
2025-10-02 08:22:41,273 - root - INFO - new node test average_precision, 0.9448
2025-10-02 08:22:41,273 - root - INFO - new node test roc_auc, 0.9389
2025-10-02 08:22:59,658 - root - INFO - Epoch: 43, learning rate: 0.0001, train loss: 0.2221
2025-10-02 08:22:59,659 - root - INFO - train average_precision, 0.9673
2025-10-02 08:22:59,659 - root - INFO - train roc_auc, 0.9670
2025-10-02 08:22:59,659 - root - INFO - validate loss: 0.2552
2025-10-02 08:22:59,659 - root - INFO - validate average_precision, 0.9656
2025-10-02 08:22:59,659 - root - INFO - validate roc_auc, 0.9622
2025-10-02 08:22:59,659 - root - INFO - new node validate loss: 0.3482
2025-10-02 08:22:59,659 - root - INFO - new node validate average_precision, 0.9326
2025-10-02 08:22:59,659 - root - INFO - new node validate roc_auc, 0.9234
2025-10-02 08:23:04,370 - root - INFO - test loss: 0.2574
2025-10-02 08:23:04,370 - root - INFO - test average_precision, 0.9638
2025-10-02 08:23:04,370 - root - INFO - best test average_precision: 0.9638
2025-10-02 08:23:04,370 - root - INFO - test roc_auc, 0.9618
2025-10-02 08:23:04,370 - root - INFO - new node test loss: 0.3171
2025-10-02 08:23:04,370 - root - INFO - new node test average_precision, 0.9476
2025-10-02 08:23:04,370 - root - INFO - new node test roc_auc, 0.9413
2025-10-02 08:23:04,371 - root - INFO - save model ./saved_models/JODIE/wikipedia/JODIE_kan_mammote_seed0/JODIE_kan_mammote_seed0.pkl
2025-10-02 08:23:23,972 - root - INFO - Epoch: 44, learning rate: 0.0001, train loss: 0.2174
2025-10-02 08:23:23,972 - root - INFO - train average_precision, 0.9685
2025-10-02 08:23:23,972 - root - INFO - train roc_auc, 0.9684
2025-10-02 08:23:23,973 - root - INFO - validate loss: 0.2581
2025-10-02 08:23:23,973 - root - INFO - validate average_precision, 0.9658
2025-10-02 08:23:23,973 - root - INFO - validate roc_auc, 0.9619
2025-10-02 08:23:23,973 - root - INFO - new node validate loss: 0.3504
2025-10-02 08:23:23,973 - root - INFO - new node validate average_precision, 0.9326
2025-10-02 08:23:23,973 - root - INFO - new node validate roc_auc, 0.9237
2025-10-02 08:23:28,701 - root - INFO - test loss: 0.2699
2025-10-02 08:23:28,701 - root - INFO - test average_precision, 0.9624
2025-10-02 08:23:28,701 - root - INFO - best test average_precision: 0.9638
2025-10-02 08:23:28,701 - root - INFO - test roc_auc, 0.9593
2025-10-02 08:23:28,701 - root - INFO - new node test loss: 0.3264
2025-10-02 08:23:28,702 - root - INFO - new node test average_precision, 0.9458
2025-10-02 08:23:28,702 - root - INFO - new node test roc_auc, 0.9393
2025-10-02 08:23:47,130 - root - INFO - Epoch: 45, learning rate: 0.0001, train loss: 0.2179
2025-10-02 08:23:47,130 - root - INFO - train average_precision, 0.9685
2025-10-02 08:23:47,130 - root - INFO - train roc_auc, 0.9681
2025-10-02 08:23:47,130 - root - INFO - validate loss: 0.2669
2025-10-02 08:23:47,130 - root - INFO - validate average_precision, 0.9632
2025-10-02 08:23:47,130 - root - INFO - validate roc_auc, 0.9594
2025-10-02 08:23:47,130 - root - INFO - new node validate loss: 0.3473
2025-10-02 08:23:47,130 - root - INFO - new node validate average_precision, 0.9328
2025-10-02 08:23:47,130 - root - INFO - new node validate roc_auc, 0.9237
2025-10-02 08:23:51,821 - root - INFO - test loss: 0.2815
2025-10-02 08:23:51,821 - root - INFO - test average_precision, 0.9591
2025-10-02 08:23:51,821 - root - INFO - best test average_precision: 0.9638
2025-10-02 08:23:51,821 - root - INFO - test roc_auc, 0.9563
2025-10-02 08:23:51,822 - root - INFO - new node test loss: 0.3366
2025-10-02 08:23:51,822 - root - INFO - new node test average_precision, 0.9423
2025-10-02 08:23:51,822 - root - INFO - new node test roc_auc, 0.9356
2025-10-02 08:24:10,161 - root - INFO - Epoch: 46, learning rate: 0.0001, train loss: 0.2155
2025-10-02 08:24:10,161 - root - INFO - train average_precision, 0.9688
2025-10-02 08:24:10,162 - root - INFO - train roc_auc, 0.9688
2025-10-02 08:24:10,162 - root - INFO - validate loss: 0.2570
2025-10-02 08:24:10,162 - root - INFO - validate average_precision, 0.9657
2025-10-02 08:24:10,162 - root - INFO - validate roc_auc, 0.9621
2025-10-02 08:24:10,162 - root - INFO - new node validate loss: 0.3482
2025-10-02 08:24:10,162 - root - INFO - new node validate average_precision, 0.9323
2025-10-02 08:24:10,162 - root - INFO - new node validate roc_auc, 0.9229
2025-10-02 08:24:14,872 - root - INFO - test loss: 0.2659
2025-10-02 08:24:14,872 - root - INFO - test average_precision, 0.9624
2025-10-02 08:24:14,872 - root - INFO - best test average_precision: 0.9638
2025-10-02 08:24:14,872 - root - INFO - test roc_auc, 0.9596
2025-10-02 08:24:14,872 - root - INFO - new node test loss: 0.3236
2025-10-02 08:24:14,872 - root - INFO - new node test average_precision, 0.9456
2025-10-02 08:24:14,872 - root - INFO - new node test roc_auc, 0.9394
2025-10-02 08:24:33,273 - root - INFO - Epoch: 47, learning rate: 0.0001, train loss: 0.2130
2025-10-02 08:24:33,274 - root - INFO - train average_precision, 0.9692
2025-10-02 08:24:33,274 - root - INFO - train roc_auc, 0.9694
2025-10-02 08:24:33,274 - root - INFO - validate loss: 0.2528
2025-10-02 08:24:33,274 - root - INFO - validate average_precision, 0.9664
2025-10-02 08:24:33,274 - root - INFO - validate roc_auc, 0.9628
2025-10-02 08:24:33,274 - root - INFO - new node validate loss: 0.3469
2025-10-02 08:24:33,274 - root - INFO - new node validate average_precision, 0.9330
2025-10-02 08:24:33,274 - root - INFO - new node validate roc_auc, 0.9234
2025-10-02 08:24:37,976 - root - INFO - test loss: 0.2565
2025-10-02 08:24:37,976 - root - INFO - test average_precision, 0.9645
2025-10-02 08:24:37,976 - root - INFO - best test average_precision: 0.9645
2025-10-02 08:24:37,976 - root - INFO - test roc_auc, 0.9621
2025-10-02 08:24:37,976 - root - INFO - new node test loss: 0.3208
2025-10-02 08:24:37,976 - root - INFO - new node test average_precision, 0.9470
2025-10-02 08:24:37,976 - root - INFO - new node test roc_auc, 0.9410
2025-10-02 08:24:37,976 - root - INFO - save model ./saved_models/JODIE/wikipedia/JODIE_kan_mammote_seed0/JODIE_kan_mammote_seed0.pkl
2025-10-02 08:24:57,505 - root - INFO - Epoch: 48, learning rate: 0.0001, train loss: 0.2114
2025-10-02 08:24:57,505 - root - INFO - train average_precision, 0.9696
2025-10-02 08:24:57,505 - root - INFO - train roc_auc, 0.9698
2025-10-02 08:24:57,505 - root - INFO - validate loss: 0.2536
2025-10-02 08:24:57,505 - root - INFO - validate average_precision, 0.9667
2025-10-02 08:24:57,505 - root - INFO - validate roc_auc, 0.9631
2025-10-02 08:24:57,506 - root - INFO - new node validate loss: 0.3443
2025-10-02 08:24:57,506 - root - INFO - new node validate average_precision, 0.9344
2025-10-02 08:24:57,506 - root - INFO - new node validate roc_auc, 0.9252
2025-10-02 08:25:02,215 - root - INFO - test loss: 0.2614
2025-10-02 08:25:02,216 - root - INFO - test average_precision, 0.9638
2025-10-02 08:25:02,216 - root - INFO - best test average_precision: 0.9645
2025-10-02 08:25:02,216 - root - INFO - test roc_auc, 0.9611
2025-10-02 08:25:02,216 - root - INFO - new node test loss: 0.3124
2025-10-02 08:25:02,216 - root - INFO - new node test average_precision, 0.9489
2025-10-02 08:25:02,216 - root - INFO - new node test roc_auc, 0.9435
2025-10-02 08:25:02,216 - root - INFO - save model ./saved_models/JODIE/wikipedia/JODIE_kan_mammote_seed0/JODIE_kan_mammote_seed0.pkl
2025-10-02 08:25:21,778 - root - INFO - Epoch: 49, learning rate: 0.0001, train loss: 0.2091
2025-10-02 08:25:21,779 - root - INFO - train average_precision, 0.9704
2025-10-02 08:25:21,779 - root - INFO - train roc_auc, 0.9704
2025-10-02 08:25:21,779 - root - INFO - validate loss: 0.2588
2025-10-02 08:25:21,779 - root - INFO - validate average_precision, 0.9662
2025-10-02 08:25:21,779 - root - INFO - validate roc_auc, 0.9625
2025-10-02 08:25:21,779 - root - INFO - new node validate loss: 0.3533
2025-10-02 08:25:21,779 - root - INFO - new node validate average_precision, 0.9327
2025-10-02 08:25:21,779 - root - INFO - new node validate roc_auc, 0.9232
2025-10-02 08:25:26,479 - root - INFO - test loss: 0.2715
2025-10-02 08:25:26,479 - root - INFO - test average_precision, 0.9622
2025-10-02 08:25:26,479 - root - INFO - best test average_precision: 0.9645
2025-10-02 08:25:26,479 - root - INFO - test roc_auc, 0.9599
2025-10-02 08:25:26,479 - root - INFO - new node test loss: 0.3307
2025-10-02 08:25:26,479 - root - INFO - new node test average_precision, 0.9459
2025-10-02 08:25:26,479 - root - INFO - new node test roc_auc, 0.9396
2025-10-02 08:25:44,830 - root - INFO - Epoch: 50, learning rate: 0.0001, train loss: 0.2084
2025-10-02 08:25:44,831 - root - INFO - train average_precision, 0.9704
2025-10-02 08:25:44,831 - root - INFO - train roc_auc, 0.9706
2025-10-02 08:25:44,831 - root - INFO - validate loss: 0.2609
2025-10-02 08:25:44,831 - root - INFO - validate average_precision, 0.9656
2025-10-02 08:25:44,831 - root - INFO - validate roc_auc, 0.9618
2025-10-02 08:25:44,831 - root - INFO - new node validate loss: 0.3527
2025-10-02 08:25:44,831 - root - INFO - new node validate average_precision, 0.9323
2025-10-02 08:25:44,831 - root - INFO - new node validate roc_auc, 0.9225
2025-10-02 08:25:49,533 - root - INFO - test loss: 0.2788
2025-10-02 08:25:49,534 - root - INFO - test average_precision, 0.9590
2025-10-02 08:25:49,534 - root - INFO - best test average_precision: 0.9645
2025-10-02 08:25:49,534 - root - INFO - test roc_auc, 0.9570
2025-10-02 08:25:49,534 - root - INFO - new node test loss: 0.3302
2025-10-02 08:25:49,534 - root - INFO - new node test average_precision, 0.9441
2025-10-02 08:25:49,534 - root - INFO - new node test roc_auc, 0.9371
2025-10-02 08:26:07,921 - root - INFO - Epoch: 51, learning rate: 0.0001, train loss: 0.2077
2025-10-02 08:26:07,921 - root - INFO - train average_precision, 0.9708
2025-10-02 08:26:07,921 - root - INFO - train roc_auc, 0.9707
2025-10-02 08:26:07,921 - root - INFO - validate loss: 0.2573
2025-10-02 08:26:07,921 - root - INFO - validate average_precision, 0.9663
2025-10-02 08:26:07,921 - root - INFO - validate roc_auc, 0.9633
2025-10-02 08:26:07,921 - root - INFO - new node validate loss: 0.3471
2025-10-02 08:26:07,921 - root - INFO - new node validate average_precision, 0.9351
2025-10-02 08:26:07,921 - root - INFO - new node validate roc_auc, 0.9269
2025-10-02 08:26:12,608 - root - INFO - test loss: 0.2692
2025-10-02 08:26:12,608 - root - INFO - test average_precision, 0.9629
2025-10-02 08:26:12,608 - root - INFO - best test average_precision: 0.9645
2025-10-02 08:26:12,608 - root - INFO - test roc_auc, 0.9609
2025-10-02 08:26:12,608 - root - INFO - new node test loss: 0.3248
2025-10-02 08:26:12,608 - root - INFO - new node test average_precision, 0.9477
2025-10-02 08:26:12,608 - root - INFO - new node test roc_auc, 0.9415
2025-10-02 08:26:31,006 - root - INFO - Epoch: 52, learning rate: 0.0001, train loss: 0.2053
2025-10-02 08:26:31,006 - root - INFO - train average_precision, 0.9711
2025-10-02 08:26:31,007 - root - INFO - train roc_auc, 0.9711
2025-10-02 08:26:31,007 - root - INFO - validate loss: 0.2574
2025-10-02 08:26:31,007 - root - INFO - validate average_precision, 0.9665
2025-10-02 08:26:31,007 - root - INFO - validate roc_auc, 0.9631
2025-10-02 08:26:31,007 - root - INFO - new node validate loss: 0.3527
2025-10-02 08:26:31,007 - root - INFO - new node validate average_precision, 0.9342
2025-10-02 08:26:31,007 - root - INFO - new node validate roc_auc, 0.9247
2025-10-02 08:26:35,715 - root - INFO - test loss: 0.2583
2025-10-02 08:26:35,715 - root - INFO - test average_precision, 0.9649
2025-10-02 08:26:35,715 - root - INFO - best test average_precision: 0.9649
2025-10-02 08:26:35,715 - root - INFO - test roc_auc, 0.9624
2025-10-02 08:26:35,715 - root - INFO - new node test loss: 0.3273
2025-10-02 08:26:35,715 - root - INFO - new node test average_precision, 0.9466
2025-10-02 08:26:35,716 - root - INFO - new node test roc_auc, 0.9396
2025-10-02 08:26:54,075 - root - INFO - Epoch: 53, learning rate: 0.0001, train loss: 0.2050
2025-10-02 08:26:54,075 - root - INFO - train average_precision, 0.9711
2025-10-02 08:26:54,075 - root - INFO - train roc_auc, 0.9713
2025-10-02 08:26:54,075 - root - INFO - validate loss: 0.2579
2025-10-02 08:26:54,075 - root - INFO - validate average_precision, 0.9665
2025-10-02 08:26:54,075 - root - INFO - validate roc_auc, 0.9632
2025-10-02 08:26:54,075 - root - INFO - new node validate loss: 0.3473
2025-10-02 08:26:54,075 - root - INFO - new node validate average_precision, 0.9343
2025-10-02 08:26:54,075 - root - INFO - new node validate roc_auc, 0.9258
2025-10-02 08:26:58,782 - root - INFO - test loss: 0.2706
2025-10-02 08:26:58,783 - root - INFO - test average_precision, 0.9632
2025-10-02 08:26:58,783 - root - INFO - best test average_precision: 0.9649
2025-10-02 08:26:58,783 - root - INFO - test roc_auc, 0.9605
2025-10-02 08:26:58,783 - root - INFO - new node test loss: 0.3281
2025-10-02 08:26:58,783 - root - INFO - new node test average_precision, 0.9458
2025-10-02 08:26:58,783 - root - INFO - new node test roc_auc, 0.9399
2025-10-02 08:27:17,134 - root - INFO - Epoch: 54, learning rate: 0.0001, train loss: 0.2034
2025-10-02 08:27:17,134 - root - INFO - train average_precision, 0.9715
2025-10-02 08:27:17,134 - root - INFO - train roc_auc, 0.9716
2025-10-02 08:27:17,134 - root - INFO - validate loss: 0.2657
2025-10-02 08:27:17,134 - root - INFO - validate average_precision, 0.9652
2025-10-02 08:27:17,135 - root - INFO - validate roc_auc, 0.9613
2025-10-02 08:27:17,135 - root - INFO - new node validate loss: 0.3595
2025-10-02 08:27:17,135 - root - INFO - new node validate average_precision, 0.9324
2025-10-02 08:27:17,135 - root - INFO - new node validate roc_auc, 0.9223
2025-10-02 08:27:21,810 - root - INFO - test loss: 0.2807
2025-10-02 08:27:21,810 - root - INFO - test average_precision, 0.9600
2025-10-02 08:27:21,810 - root - INFO - best test average_precision: 0.9649
2025-10-02 08:27:21,810 - root - INFO - test roc_auc, 0.9567
2025-10-02 08:27:21,810 - root - INFO - new node test loss: 0.3430
2025-10-02 08:27:21,810 - root - INFO - new node test average_precision, 0.9415
2025-10-02 08:27:21,810 - root - INFO - new node test roc_auc, 0.9340
2025-10-02 08:27:40,297 - root - INFO - Epoch: 55, learning rate: 0.0001, train loss: 0.2047
2025-10-02 08:27:40,297 - root - INFO - train average_precision, 0.9707
2025-10-02 08:27:40,297 - root - INFO - train roc_auc, 0.9713
2025-10-02 08:27:40,297 - root - INFO - validate loss: 0.2549
2025-10-02 08:27:40,297 - root - INFO - validate average_precision, 0.9664
2025-10-02 08:27:40,297 - root - INFO - validate roc_auc, 0.9629
2025-10-02 08:27:40,297 - root - INFO - new node validate loss: 0.3499
2025-10-02 08:27:40,297 - root - INFO - new node validate average_precision, 0.9328
2025-10-02 08:27:40,297 - root - INFO - new node validate roc_auc, 0.9230
2025-10-02 08:27:44,975 - root - INFO - test loss: 0.2732
2025-10-02 08:27:44,975 - root - INFO - test average_precision, 0.9606
2025-10-02 08:27:44,975 - root - INFO - best test average_precision: 0.9649
2025-10-02 08:27:44,975 - root - INFO - test roc_auc, 0.9576
2025-10-02 08:27:44,976 - root - INFO - new node test loss: 0.3369
2025-10-02 08:27:44,976 - root - INFO - new node test average_precision, 0.9423
2025-10-02 08:27:44,976 - root - INFO - new node test roc_auc, 0.9342
2025-10-02 08:28:03,331 - root - INFO - Epoch: 56, learning rate: 0.0001, train loss: 0.2021
2025-10-02 08:28:03,331 - root - INFO - train average_precision, 0.9717
2025-10-02 08:28:03,331 - root - INFO - train roc_auc, 0.9719
2025-10-02 08:28:03,331 - root - INFO - validate loss: 0.2555
2025-10-02 08:28:03,332 - root - INFO - validate average_precision, 0.9669
2025-10-02 08:28:03,332 - root - INFO - validate roc_auc, 0.9634
2025-10-02 08:28:03,332 - root - INFO - new node validate loss: 0.3508
2025-10-02 08:28:03,332 - root - INFO - new node validate average_precision, 0.9341
2025-10-02 08:28:03,332 - root - INFO - new node validate roc_auc, 0.9249
2025-10-02 08:28:08,047 - root - INFO - test loss: 0.2600
2025-10-02 08:28:08,047 - root - INFO - test average_precision, 0.9651
2025-10-02 08:28:08,047 - root - INFO - best test average_precision: 0.9651
2025-10-02 08:28:08,047 - root - INFO - test roc_auc, 0.9624
2025-10-02 08:28:08,047 - root - INFO - new node test loss: 0.3173
2025-10-02 08:28:08,047 - root - INFO - new node test average_precision, 0.9491
2025-10-02 08:28:08,047 - root - INFO - new node test roc_auc, 0.9430
2025-10-02 08:28:08,048 - root - INFO - save model ./saved_models/JODIE/wikipedia/JODIE_kan_mammote_seed0/JODIE_kan_mammote_seed0.pkl
2025-10-02 08:28:27,477 - root - INFO - Epoch: 57, learning rate: 0.0001, train loss: 0.2002
2025-10-02 08:28:27,477 - root - INFO - train average_precision, 0.9722
2025-10-02 08:28:27,477 - root - INFO - train roc_auc, 0.9724
2025-10-02 08:28:27,477 - root - INFO - validate loss: 0.2507
2025-10-02 08:28:27,478 - root - INFO - validate average_precision, 0.9678
2025-10-02 08:28:27,478 - root - INFO - validate roc_auc, 0.9644
2025-10-02 08:28:27,478 - root - INFO - new node validate loss: 0.3506
2025-10-02 08:28:27,478 - root - INFO - new node validate average_precision, 0.9346
2025-10-02 08:28:27,478 - root - INFO - new node validate roc_auc, 0.9252
2025-10-02 08:28:32,215 - root - INFO - test loss: 0.2566
2025-10-02 08:28:32,215 - root - INFO - test average_precision, 0.9663
2025-10-02 08:28:32,215 - root - INFO - best test average_precision: 0.9663
2025-10-02 08:28:32,216 - root - INFO - test roc_auc, 0.9635
2025-10-02 08:28:32,216 - root - INFO - new node test loss: 0.3151
2025-10-02 08:28:32,216 - root - INFO - new node test average_precision, 0.9487
2025-10-02 08:28:32,216 - root - INFO - new node test roc_auc, 0.9432
2025-10-02 08:28:32,216 - root - INFO - save model ./saved_models/JODIE/wikipedia/JODIE_kan_mammote_seed0/JODIE_kan_mammote_seed0.pkl
2025-10-02 08:28:51,765 - root - INFO - Epoch: 58, learning rate: 0.0001, train loss: 0.1989
2025-10-02 08:28:51,765 - root - INFO - train average_precision, 0.9725
2025-10-02 08:28:51,765 - root - INFO - train roc_auc, 0.9727
2025-10-02 08:28:51,765 - root - INFO - validate loss: 0.2576
2025-10-02 08:28:51,765 - root - INFO - validate average_precision, 0.9669
2025-10-02 08:28:51,765 - root - INFO - validate roc_auc, 0.9636
2025-10-02 08:28:51,765 - root - INFO - new node validate loss: 0.3572
2025-10-02 08:28:51,765 - root - INFO - new node validate average_precision, 0.9331
2025-10-02 08:28:51,765 - root - INFO - new node validate roc_auc, 0.9238
2025-10-02 08:28:56,432 - root - INFO - test loss: 0.2631
2025-10-02 08:28:56,433 - root - INFO - test average_precision, 0.9651
2025-10-02 08:28:56,433 - root - INFO - best test average_precision: 0.9663
2025-10-02 08:28:56,433 - root - INFO - test roc_auc, 0.9621
2025-10-02 08:28:56,433 - root - INFO - new node test loss: 0.3272
2025-10-02 08:28:56,433 - root - INFO - new node test average_precision, 0.9469
2025-10-02 08:28:56,433 - root - INFO - new node test roc_auc, 0.9403
2025-10-02 08:29:14,817 - root - INFO - Epoch: 59, learning rate: 0.0001, train loss: 0.1989
2025-10-02 08:29:14,817 - root - INFO - train average_precision, 0.9722
2025-10-02 08:29:14,817 - root - INFO - train roc_auc, 0.9726
2025-10-02 08:29:14,818 - root - INFO - validate loss: 0.2594
2025-10-02 08:29:14,818 - root - INFO - validate average_precision, 0.9668
2025-10-02 08:29:14,818 - root - INFO - validate roc_auc, 0.9634
2025-10-02 08:29:14,818 - root - INFO - new node validate loss: 0.3578
2025-10-02 08:29:14,818 - root - INFO - new node validate average_precision, 0.9333
2025-10-02 08:29:14,818 - root - INFO - new node validate roc_auc, 0.9243
2025-10-02 08:29:19,500 - root - INFO - test loss: 0.2706
2025-10-02 08:29:19,500 - root - INFO - test average_precision, 0.9643
2025-10-02 08:29:19,501 - root - INFO - best test average_precision: 0.9663
2025-10-02 08:29:19,501 - root - INFO - test roc_auc, 0.9612
2025-10-02 08:29:19,501 - root - INFO - new node test loss: 0.3336
2025-10-02 08:29:19,501 - root - INFO - new node test average_precision, 0.9462
2025-10-02 08:29:19,501 - root - INFO - new node test roc_auc, 0.9395
2025-10-02 08:29:37,896 - root - INFO - Epoch: 60, learning rate: 0.0001, train loss: 0.1957
2025-10-02 08:29:37,896 - root - INFO - train average_precision, 0.9733
2025-10-02 08:29:37,896 - root - INFO - train roc_auc, 0.9735
2025-10-02 08:29:37,896 - root - INFO - validate loss: 0.2602
2025-10-02 08:29:37,896 - root - INFO - validate average_precision, 0.9666
2025-10-02 08:29:37,897 - root - INFO - validate roc_auc, 0.9631
2025-10-02 08:29:37,897 - root - INFO - new node validate loss: 0.3508
2025-10-02 08:29:37,897 - root - INFO - new node validate average_precision, 0.9346
2025-10-02 08:29:37,897 - root - INFO - new node validate roc_auc, 0.9262
2025-10-02 08:29:42,628 - root - INFO - test loss: 0.2714
2025-10-02 08:29:42,628 - root - INFO - test average_precision, 0.9634
2025-10-02 08:29:42,628 - root - INFO - best test average_precision: 0.9663
2025-10-02 08:29:42,628 - root - INFO - test roc_auc, 0.9608
2025-10-02 08:29:42,628 - root - INFO - new node test loss: 0.3340
2025-10-02 08:29:42,628 - root - INFO - new node test average_precision, 0.9461
2025-10-02 08:29:42,629 - root - INFO - new node test roc_auc, 0.9395
2025-10-02 08:30:01,047 - root - INFO - Epoch: 61, learning rate: 0.0001, train loss: 0.1968
2025-10-02 08:30:01,047 - root - INFO - train average_precision, 0.9728
2025-10-02 08:30:01,048 - root - INFO - train roc_auc, 0.9733
2025-10-02 08:30:01,048 - root - INFO - validate loss: 0.2580
2025-10-02 08:30:01,048 - root - INFO - validate average_precision, 0.9677
2025-10-02 08:30:01,048 - root - INFO - validate roc_auc, 0.9644
2025-10-02 08:30:01,048 - root - INFO - new node validate loss: 0.3485
2025-10-02 08:30:01,048 - root - INFO - new node validate average_precision, 0.9357
2025-10-02 08:30:01,048 - root - INFO - new node validate roc_auc, 0.9275
2025-10-02 08:30:05,763 - root - INFO - test loss: 0.2682
2025-10-02 08:30:05,763 - root - INFO - test average_precision, 0.9651
2025-10-02 08:30:05,763 - root - INFO - best test average_precision: 0.9663
2025-10-02 08:30:05,763 - root - INFO - test roc_auc, 0.9623
2025-10-02 08:30:05,763 - root - INFO - new node test loss: 0.3242
2025-10-02 08:30:05,763 - root - INFO - new node test average_precision, 0.9478
2025-10-02 08:30:05,763 - root - INFO - new node test roc_auc, 0.9418
2025-10-02 08:30:24,115 - root - INFO - Epoch: 62, learning rate: 0.0001, train loss: 0.1941
2025-10-02 08:30:24,115 - root - INFO - train average_precision, 0.9734
2025-10-02 08:30:24,115 - root - INFO - train roc_auc, 0.9739
2025-10-02 08:30:24,115 - root - INFO - validate loss: 0.2598
2025-10-02 08:30:24,115 - root - INFO - validate average_precision, 0.9677
2025-10-02 08:30:24,115 - root - INFO - validate roc_auc, 0.9641
2025-10-02 08:30:24,115 - root - INFO - new node validate loss: 0.3554
2025-10-02 08:30:24,115 - root - INFO - new node validate average_precision, 0.9341
2025-10-02 08:30:24,116 - root - INFO - new node validate roc_auc, 0.9252
2025-10-02 08:30:28,831 - root - INFO - test loss: 0.2680
2025-10-02 08:30:28,831 - root - INFO - test average_precision, 0.9640
2025-10-02 08:30:28,831 - root - INFO - best test average_precision: 0.9663
2025-10-02 08:30:28,831 - root - INFO - test roc_auc, 0.9616
2025-10-02 08:30:28,831 - root - INFO - new node test loss: 0.3292
2025-10-02 08:30:28,831 - root - INFO - new node test average_precision, 0.9473
2025-10-02 08:30:28,831 - root - INFO - new node test roc_auc, 0.9406
2025-10-02 08:30:47,349 - root - INFO - Epoch: 63, learning rate: 0.0001, train loss: 0.1935
2025-10-02 08:30:47,349 - root - INFO - train average_precision, 0.9735
2025-10-02 08:30:47,349 - root - INFO - train roc_auc, 0.9741
2025-10-02 08:30:47,350 - root - INFO - validate loss: 0.2584
2025-10-02 08:30:47,350 - root - INFO - validate average_precision, 0.9673
2025-10-02 08:30:47,350 - root - INFO - validate roc_auc, 0.9636
2025-10-02 08:30:47,350 - root - INFO - new node validate loss: 0.3508
2025-10-02 08:30:47,350 - root - INFO - new node validate average_precision, 0.9345
2025-10-02 08:30:47,350 - root - INFO - new node validate roc_auc, 0.9257
2025-10-02 08:30:52,043 - root - INFO - test loss: 0.2708
2025-10-02 08:30:52,043 - root - INFO - test average_precision, 0.9641
2025-10-02 08:30:52,044 - root - INFO - best test average_precision: 0.9663
2025-10-02 08:30:52,044 - root - INFO - test roc_auc, 0.9608
2025-10-02 08:30:52,044 - root - INFO - new node test loss: 0.3296
2025-10-02 08:30:52,044 - root - INFO - new node test average_precision, 0.9460
2025-10-02 08:30:52,044 - root - INFO - new node test roc_auc, 0.9394
2025-10-02 08:31:10,436 - root - INFO - Epoch: 64, learning rate: 0.0001, train loss: 0.1949
2025-10-02 08:31:10,436 - root - INFO - train average_precision, 0.9729
2025-10-02 08:31:10,437 - root - INFO - train roc_auc, 0.9735
2025-10-02 08:31:10,437 - root - INFO - validate loss: 0.2522
2025-10-02 08:31:10,437 - root - INFO - validate average_precision, 0.9682
2025-10-02 08:31:10,437 - root - INFO - validate roc_auc, 0.9649
2025-10-02 08:31:10,437 - root - INFO - new node validate loss: 0.3467
2025-10-02 08:31:10,437 - root - INFO - new node validate average_precision, 0.9353
2025-10-02 08:31:10,437 - root - INFO - new node validate roc_auc, 0.9274
2025-10-02 08:31:15,152 - root - INFO - test loss: 0.2624
2025-10-02 08:31:15,152 - root - INFO - test average_precision, 0.9653
2025-10-02 08:31:15,152 - root - INFO - best test average_precision: 0.9663
2025-10-02 08:31:15,152 - root - INFO - test roc_auc, 0.9625
2025-10-02 08:31:15,152 - root - INFO - new node test loss: 0.3177
2025-10-02 08:31:15,152 - root - INFO - new node test average_precision, 0.9497
2025-10-02 08:31:15,153 - root - INFO - new node test roc_auc, 0.9440
2025-10-02 08:31:15,153 - root - INFO - save model ./saved_models/JODIE/wikipedia/JODIE_kan_mammote_seed0/JODIE_kan_mammote_seed0.pkl
2025-10-02 08:31:34,586 - root - INFO - Epoch: 65, learning rate: 0.0001, train loss: 0.1919
2025-10-02 08:31:34,587 - root - INFO - train average_precision, 0.9741
2025-10-02 08:31:34,587 - root - INFO - train roc_auc, 0.9744
2025-10-02 08:31:34,587 - root - INFO - validate loss: 0.2605
2025-10-02 08:31:34,587 - root - INFO - validate average_precision, 0.9676
2025-10-02 08:31:34,587 - root - INFO - validate roc_auc, 0.9640
2025-10-02 08:31:34,587 - root - INFO - new node validate loss: 0.3570
2025-10-02 08:31:34,587 - root - INFO - new node validate average_precision, 0.9338
2025-10-02 08:31:34,587 - root - INFO - new node validate roc_auc, 0.9254
2025-10-02 08:31:39,281 - root - INFO - test loss: 0.2735
2025-10-02 08:31:39,281 - root - INFO - test average_precision, 0.9634
2025-10-02 08:31:39,281 - root - INFO - best test average_precision: 0.9663
2025-10-02 08:31:39,281 - root - INFO - test roc_auc, 0.9608
2025-10-02 08:31:39,281 - root - INFO - new node test loss: 0.3327
2025-10-02 08:31:39,281 - root - INFO - new node test average_precision, 0.9474
2025-10-02 08:31:39,281 - root - INFO - new node test roc_auc, 0.9403
2025-10-02 08:31:57,657 - root - INFO - Epoch: 66, learning rate: 0.0001, train loss: 0.1921
2025-10-02 08:31:57,657 - root - INFO - train average_precision, 0.9740
2025-10-02 08:31:57,657 - root - INFO - train roc_auc, 0.9742
2025-10-02 08:31:57,657 - root - INFO - validate loss: 0.2547
2025-10-02 08:31:57,657 - root - INFO - validate average_precision, 0.9670
2025-10-02 08:31:57,657 - root - INFO - validate roc_auc, 0.9638
2025-10-02 08:31:57,657 - root - INFO - new node validate loss: 0.3480
2025-10-02 08:31:57,657 - root - INFO - new node validate average_precision, 0.9349
2025-10-02 08:31:57,657 - root - INFO - new node validate roc_auc, 0.9264
2025-10-02 08:32:02,378 - root - INFO - test loss: 0.2694
2025-10-02 08:32:02,379 - root - INFO - test average_precision, 0.9624
2025-10-02 08:32:02,379 - root - INFO - best test average_precision: 0.9663
2025-10-02 08:32:02,379 - root - INFO - test roc_auc, 0.9601
2025-10-02 08:32:02,379 - root - INFO - new node test loss: 0.3258
2025-10-02 08:32:02,379 - root - INFO - new node test average_precision, 0.9453
2025-10-02 08:32:02,379 - root - INFO - new node test roc_auc, 0.9396
2025-10-02 08:32:20,860 - root - INFO - Epoch: 67, learning rate: 0.0001, train loss: 0.1919
2025-10-02 08:32:20,860 - root - INFO - train average_precision, 0.9738
2025-10-02 08:32:20,860 - root - INFO - train roc_auc, 0.9742
2025-10-02 08:32:20,860 - root - INFO - validate loss: 0.2587
2025-10-02 08:32:20,860 - root - INFO - validate average_precision, 0.9680
2025-10-02 08:32:20,860 - root - INFO - validate roc_auc, 0.9646
2025-10-02 08:32:20,860 - root - INFO - new node validate loss: 0.3588
2025-10-02 08:32:20,860 - root - INFO - new node validate average_precision, 0.9341
2025-10-02 08:32:20,860 - root - INFO - new node validate roc_auc, 0.9253
2025-10-02 08:32:25,547 - root - INFO - test loss: 0.2668
2025-10-02 08:32:25,547 - root - INFO - test average_precision, 0.9650
2025-10-02 08:32:25,547 - root - INFO - best test average_precision: 0.9663
2025-10-02 08:32:25,547 - root - INFO - test roc_auc, 0.9625
2025-10-02 08:32:25,548 - root - INFO - new node test loss: 0.3366
2025-10-02 08:32:25,548 - root - INFO - new node test average_precision, 0.9470
2025-10-02 08:32:25,548 - root - INFO - new node test roc_auc, 0.9407
2025-10-02 08:32:43,936 - root - INFO - Epoch: 68, learning rate: 0.0001, train loss: 0.1897
2025-10-02 08:32:43,936 - root - INFO - train average_precision, 0.9742
2025-10-02 08:32:43,936 - root - INFO - train roc_auc, 0.9749
2025-10-02 08:32:43,936 - root - INFO - validate loss: 0.2605
2025-10-02 08:32:43,936 - root - INFO - validate average_precision, 0.9670
2025-10-02 08:32:43,936 - root - INFO - validate roc_auc, 0.9636
2025-10-02 08:32:43,936 - root - INFO - new node validate loss: 0.3604
2025-10-02 08:32:43,936 - root - INFO - new node validate average_precision, 0.9340
2025-10-02 08:32:43,936 - root - INFO - new node validate roc_auc, 0.9251
2025-10-02 08:32:48,597 - root - INFO - test loss: 0.2665
2025-10-02 08:32:48,597 - root - INFO - test average_precision, 0.9652
2025-10-02 08:32:48,597 - root - INFO - best test average_precision: 0.9663
2025-10-02 08:32:48,597 - root - INFO - test roc_auc, 0.9618
2025-10-02 08:32:48,597 - root - INFO - new node test loss: 0.3347
2025-10-02 08:32:48,597 - root - INFO - new node test average_precision, 0.9462
2025-10-02 08:32:48,597 - root - INFO - new node test roc_auc, 0.9391
2025-10-02 08:33:07,012 - root - INFO - Epoch: 69, learning rate: 0.0001, train loss: 0.1883
2025-10-02 08:33:07,012 - root - INFO - train average_precision, 0.9746
2025-10-02 08:33:07,012 - root - INFO - train roc_auc, 0.9751
2025-10-02 08:33:07,012 - root - INFO - validate loss: 0.2580
2025-10-02 08:33:07,012 - root - INFO - validate average_precision, 0.9685
2025-10-02 08:33:07,012 - root - INFO - validate roc_auc, 0.9650
2025-10-02 08:33:07,012 - root - INFO - new node validate loss: 0.3608
2025-10-02 08:33:07,012 - root - INFO - new node validate average_precision, 0.9351
2025-10-02 08:33:07,012 - root - INFO - new node validate roc_auc, 0.9263
2025-10-02 08:33:11,726 - root - INFO - test loss: 0.2650
2025-10-02 08:33:11,726 - root - INFO - test average_precision, 0.9663
2025-10-02 08:33:11,726 - root - INFO - best test average_precision: 0.9663
2025-10-02 08:33:11,726 - root - INFO - test roc_auc, 0.9632
2025-10-02 08:33:11,726 - root - INFO - new node test loss: 0.3292
2025-10-02 08:33:11,726 - root - INFO - new node test average_precision, 0.9485
2025-10-02 08:33:11,726 - root - INFO - new node test roc_auc, 0.9419
2025-10-02 08:33:11,726 - root - INFO - save model ./saved_models/JODIE/wikipedia/JODIE_kan_mammote_seed0/JODIE_kan_mammote_seed0.pkl
2025-10-02 08:33:31,143 - root - INFO - Epoch: 70, learning rate: 0.0001, train loss: 0.1871
2025-10-02 08:33:31,143 - root - INFO - train average_precision, 0.9746
2025-10-02 08:33:31,143 - root - INFO - train roc_auc, 0.9753
2025-10-02 08:33:31,143 - root - INFO - validate loss: 0.2610
2025-10-02 08:33:31,143 - root - INFO - validate average_precision, 0.9680
2025-10-02 08:33:31,144 - root - INFO - validate roc_auc, 0.9649
2025-10-02 08:33:31,144 - root - INFO - new node validate loss: 0.3620
2025-10-02 08:33:31,144 - root - INFO - new node validate average_precision, 0.9356
2025-10-02 08:33:31,144 - root - INFO - new node validate roc_auc, 0.9273
2025-10-02 08:33:35,832 - root - INFO - test loss: 0.2643
2025-10-02 08:33:35,832 - root - INFO - test average_precision, 0.9672
2025-10-02 08:33:35,832 - root - INFO - best test average_precision: 0.9672
2025-10-02 08:33:35,832 - root - INFO - test roc_auc, 0.9638
2025-10-02 08:33:35,832 - root - INFO - new node test loss: 0.3407
2025-10-02 08:33:35,832 - root - INFO - new node test average_precision, 0.9460
2025-10-02 08:33:35,832 - root - INFO - new node test roc_auc, 0.9393
2025-10-02 08:33:54,217 - root - INFO - Epoch: 71, learning rate: 0.0001, train loss: 0.1877
2025-10-02 08:33:54,217 - root - INFO - train average_precision, 0.9747
2025-10-02 08:33:54,217 - root - INFO - train roc_auc, 0.9753
2025-10-02 08:33:54,217 - root - INFO - validate loss: 0.2655
2025-10-02 08:33:54,217 - root - INFO - validate average_precision, 0.9664
2025-10-02 08:33:54,217 - root - INFO - validate roc_auc, 0.9627
2025-10-02 08:33:54,217 - root - INFO - new node validate loss: 0.3584
2025-10-02 08:33:54,217 - root - INFO - new node validate average_precision, 0.9336
2025-10-02 08:33:54,218 - root - INFO - new node validate roc_auc, 0.9251
2025-10-02 08:33:58,929 - root - INFO - test loss: 0.2831
2025-10-02 08:33:58,930 - root - INFO - test average_precision, 0.9605
2025-10-02 08:33:58,930 - root - INFO - best test average_precision: 0.9672
2025-10-02 08:33:58,930 - root - INFO - test roc_auc, 0.9576
2025-10-02 08:33:58,930 - root - INFO - new node test loss: 0.3359
2025-10-02 08:33:58,930 - root - INFO - new node test average_precision, 0.9452
2025-10-02 08:33:58,930 - root - INFO - new node test roc_auc, 0.9384
2025-10-02 08:34:17,290 - root - INFO - Epoch: 72, learning rate: 0.0001, train loss: 0.1852
2025-10-02 08:34:17,290 - root - INFO - train average_precision, 0.9753
2025-10-02 08:34:17,291 - root - INFO - train roc_auc, 0.9759
2025-10-02 08:34:17,291 - root - INFO - validate loss: 0.2584
2025-10-02 08:34:17,291 - root - INFO - validate average_precision, 0.9676
2025-10-02 08:34:17,291 - root - INFO - validate roc_auc, 0.9643
2025-10-02 08:34:17,291 - root - INFO - new node validate loss: 0.3597
2025-10-02 08:34:17,291 - root - INFO - new node validate average_precision, 0.9335
2025-10-02 08:34:17,291 - root - INFO - new node validate roc_auc, 0.9251
2025-10-02 08:34:22,022 - root - INFO - test loss: 0.2688
2025-10-02 08:34:22,022 - root - INFO - test average_precision, 0.9643
2025-10-02 08:34:22,023 - root - INFO - best test average_precision: 0.9672
2025-10-02 08:34:22,023 - root - INFO - test roc_auc, 0.9618
2025-10-02 08:34:22,023 - root - INFO - new node test loss: 0.3271
2025-10-02 08:34:22,023 - root - INFO - new node test average_precision, 0.9461
2025-10-02 08:34:22,023 - root - INFO - new node test roc_auc, 0.9398
2025-10-02 08:34:40,405 - root - INFO - Epoch: 73, learning rate: 0.0001, train loss: 0.1851
2025-10-02 08:34:40,406 - root - INFO - train average_precision, 0.9754
2025-10-02 08:34:40,406 - root - INFO - train roc_auc, 0.9758
2025-10-02 08:34:40,406 - root - INFO - validate loss: 0.2593
2025-10-02 08:34:40,406 - root - INFO - validate average_precision, 0.9677
2025-10-02 08:34:40,406 - root - INFO - validate roc_auc, 0.9645
2025-10-02 08:34:40,406 - root - INFO - new node validate loss: 0.3544
2025-10-02 08:34:40,406 - root - INFO - new node validate average_precision, 0.9356
2025-10-02 08:34:40,406 - root - INFO - new node validate roc_auc, 0.9277
2025-10-02 08:34:45,100 - root - INFO - test loss: 0.2655
2025-10-02 08:34:45,100 - root - INFO - test average_precision, 0.9657
2025-10-02 08:34:45,100 - root - INFO - best test average_precision: 0.9672
2025-10-02 08:34:45,100 - root - INFO - test roc_auc, 0.9632
2025-10-02 08:34:45,100 - root - INFO - new node test loss: 0.3196
2025-10-02 08:34:45,101 - root - INFO - new node test average_precision, 0.9491
2025-10-02 08:34:45,101 - root - INFO - new node test roc_auc, 0.9441
2025-10-02 08:35:03,510 - root - INFO - Epoch: 74, learning rate: 0.0001, train loss: 0.1865
2025-10-02 08:35:03,510 - root - INFO - train average_precision, 0.9750
2025-10-02 08:35:03,510 - root - INFO - train roc_auc, 0.9755
2025-10-02 08:35:03,510 - root - INFO - validate loss: 0.2562
2025-10-02 08:35:03,510 - root - INFO - validate average_precision, 0.9661
2025-10-02 08:35:03,510 - root - INFO - validate roc_auc, 0.9630
2025-10-02 08:35:03,510 - root - INFO - new node validate loss: 0.3445
2025-10-02 08:35:03,510 - root - INFO - new node validate average_precision, 0.9344
2025-10-02 08:35:03,511 - root - INFO - new node validate roc_auc, 0.9261
2025-10-02 08:35:08,238 - root - INFO - test loss: 0.2786
2025-10-02 08:35:08,238 - root - INFO - test average_precision, 0.9588
2025-10-02 08:35:08,238 - root - INFO - best test average_precision: 0.9672
2025-10-02 08:35:08,238 - root - INFO - test roc_auc, 0.9580
2025-10-02 08:35:08,238 - root - INFO - new node test loss: 0.3237
2025-10-02 08:35:08,238 - root - INFO - new node test average_precision, 0.9468
2025-10-02 08:35:08,238 - root - INFO - new node test roc_auc, 0.9405
2025-10-02 08:35:26,619 - root - INFO - Epoch: 75, learning rate: 0.0001, train loss: 0.1841
2025-10-02 08:35:26,619 - root - INFO - train average_precision, 0.9754
2025-10-02 08:35:26,619 - root - INFO - train roc_auc, 0.9762
2025-10-02 08:35:26,619 - root - INFO - validate loss: 0.2600
2025-10-02 08:35:26,620 - root - INFO - validate average_precision, 0.9685
2025-10-02 08:35:26,620 - root - INFO - validate roc_auc, 0.9652
2025-10-02 08:35:26,620 - root - INFO - new node validate loss: 0.3643
2025-10-02 08:35:26,620 - root - INFO - new node validate average_precision, 0.9339
2025-10-02 08:35:26,620 - root - INFO - new node validate roc_auc, 0.9260
2025-10-02 08:35:31,312 - root - INFO - test loss: 0.2682
2025-10-02 08:35:31,312 - root - INFO - test average_precision, 0.9654
2025-10-02 08:35:31,312 - root - INFO - best test average_precision: 0.9672
2025-10-02 08:35:31,312 - root - INFO - test roc_auc, 0.9630
2025-10-02 08:35:31,312 - root - INFO - new node test loss: 0.3300
2025-10-02 08:35:31,312 - root - INFO - new node test average_precision, 0.9486
2025-10-02 08:35:31,312 - root - INFO - new node test roc_auc, 0.9422
2025-10-02 08:35:31,312 - root - INFO - save model ./saved_models/JODIE/wikipedia/JODIE_kan_mammote_seed0/JODIE_kan_mammote_seed0.pkl
2025-10-02 08:35:50,952 - root - INFO - Epoch: 76, learning rate: 0.0001, train loss: 0.1840
2025-10-02 08:35:50,953 - root - INFO - train average_precision, 0.9752
2025-10-02 08:35:50,953 - root - INFO - train roc_auc, 0.9760
2025-10-02 08:35:50,953 - root - INFO - validate loss: 0.2643
2025-10-02 08:35:50,953 - root - INFO - validate average_precision, 0.9672
2025-10-02 08:35:50,953 - root - INFO - validate roc_auc, 0.9640
2025-10-02 08:35:50,953 - root - INFO - new node validate loss: 0.3638
2025-10-02 08:35:50,953 - root - INFO - new node validate average_precision, 0.9328
2025-10-02 08:35:50,953 - root - INFO - new node validate roc_auc, 0.9249
2025-10-02 08:35:55,646 - root - INFO - test loss: 0.2821
2025-10-02 08:35:55,647 - root - INFO - test average_precision, 0.9620
2025-10-02 08:35:55,647 - root - INFO - best test average_precision: 0.9672
2025-10-02 08:35:55,647 - root - INFO - test roc_auc, 0.9595
2025-10-02 08:35:55,647 - root - INFO - new node test loss: 0.3345
2025-10-02 08:35:55,647 - root - INFO - new node test average_precision, 0.9464
2025-10-02 08:35:55,647 - root - INFO - new node test roc_auc, 0.9405
2025-10-02 08:36:14,070 - root - INFO - Epoch: 77, learning rate: 0.0001, train loss: 0.1837
2025-10-02 08:36:14,070 - root - INFO - train average_precision, 0.9754
2025-10-02 08:36:14,070 - root - INFO - train roc_auc, 0.9761
2025-10-02 08:36:14,070 - root - INFO - validate loss: 0.2592
2025-10-02 08:36:14,070 - root - INFO - validate average_precision, 0.9684
2025-10-02 08:36:14,070 - root - INFO - validate roc_auc, 0.9653
2025-10-02 08:36:14,070 - root - INFO - new node validate loss: 0.3603
2025-10-02 08:36:14,070 - root - INFO - new node validate average_precision, 0.9345
2025-10-02 08:36:14,071 - root - INFO - new node validate roc_auc, 0.9268
2025-10-02 08:36:18,773 - root - INFO - test loss: 0.2713
2025-10-02 08:36:18,774 - root - INFO - test average_precision, 0.9653
2025-10-02 08:36:18,774 - root - INFO - best test average_precision: 0.9672
2025-10-02 08:36:18,774 - root - INFO - test roc_auc, 0.9626
2025-10-02 08:36:18,774 - root - INFO - new node test loss: 0.3311
2025-10-02 08:36:18,774 - root - INFO - new node test average_precision, 0.9483
2025-10-02 08:36:18,774 - root - INFO - new node test roc_auc, 0.9425
2025-10-02 08:36:37,195 - root - INFO - Epoch: 78, learning rate: 0.0001, train loss: 0.1806
2025-10-02 08:36:37,196 - root - INFO - train average_precision, 0.9763
2025-10-02 08:36:37,196 - root - INFO - train roc_auc, 0.9769
2025-10-02 08:36:37,196 - root - INFO - validate loss: 0.2617
2025-10-02 08:36:37,196 - root - INFO - validate average_precision, 0.9680
2025-10-02 08:36:37,196 - root - INFO - validate roc_auc, 0.9646
2025-10-02 08:36:37,196 - root - INFO - new node validate loss: 0.3589
2025-10-02 08:36:37,196 - root - INFO - new node validate average_precision, 0.9344
2025-10-02 08:36:37,196 - root - INFO - new node validate roc_auc, 0.9264
2025-10-02 08:36:41,911 - root - INFO - test loss: 0.2704
2025-10-02 08:36:41,911 - root - INFO - test average_precision, 0.9642
2025-10-02 08:36:41,911 - root - INFO - best test average_precision: 0.9672
2025-10-02 08:36:41,911 - root - INFO - test roc_auc, 0.9614
2025-10-02 08:36:41,911 - root - INFO - new node test loss: 0.3285
2025-10-02 08:36:41,912 - root - INFO - new node test average_precision, 0.9476
2025-10-02 08:36:41,912 - root - INFO - new node test roc_auc, 0.9417
2025-10-02 08:37:00,378 - root - INFO - Epoch: 79, learning rate: 0.0001, train loss: 0.1817
2025-10-02 08:37:00,378 - root - INFO - train average_precision, 0.9759
2025-10-02 08:37:00,378 - root - INFO - train roc_auc, 0.9765
2025-10-02 08:37:00,378 - root - INFO - validate loss: 0.2599
2025-10-02 08:37:00,378 - root - INFO - validate average_precision, 0.9673
2025-10-02 08:37:00,378 - root - INFO - validate roc_auc, 0.9639
2025-10-02 08:37:00,379 - root - INFO - new node validate loss: 0.3608
2025-10-02 08:37:00,379 - root - INFO - new node validate average_precision, 0.9330
2025-10-02 08:37:00,379 - root - INFO - new node validate roc_auc, 0.9244
2025-10-02 08:37:05,116 - root - INFO - test loss: 0.2751
2025-10-02 08:37:05,117 - root - INFO - test average_precision, 0.9617
2025-10-02 08:37:05,117 - root - INFO - best test average_precision: 0.9672
2025-10-02 08:37:05,117 - root - INFO - test roc_auc, 0.9591
2025-10-02 08:37:05,117 - root - INFO - new node test loss: 0.3347
2025-10-02 08:37:05,117 - root - INFO - new node test average_precision, 0.9440
2025-10-02 08:37:05,117 - root - INFO - new node test roc_auc, 0.9378
2025-10-02 08:37:23,597 - root - INFO - Epoch: 80, learning rate: 0.0001, train loss: 0.1804
2025-10-02 08:37:23,597 - root - INFO - train average_precision, 0.9762
2025-10-02 08:37:23,598 - root - INFO - train roc_auc, 0.9770
2025-10-02 08:37:23,598 - root - INFO - validate loss: 0.2605
2025-10-02 08:37:23,598 - root - INFO - validate average_precision, 0.9671
2025-10-02 08:37:23,598 - root - INFO - validate roc_auc, 0.9637
2025-10-02 08:37:23,598 - root - INFO - new node validate loss: 0.3614
2025-10-02 08:37:23,598 - root - INFO - new node validate average_precision, 0.9334
2025-10-02 08:37:23,598 - root - INFO - new node validate roc_auc, 0.9248
2025-10-02 08:37:28,273 - root - INFO - test loss: 0.2774
2025-10-02 08:37:28,273 - root - INFO - test average_precision, 0.9611
2025-10-02 08:37:28,274 - root - INFO - best test average_precision: 0.9672
2025-10-02 08:37:28,274 - root - INFO - test roc_auc, 0.9588
2025-10-02 08:37:28,274 - root - INFO - new node test loss: 0.3266
2025-10-02 08:37:28,274 - root - INFO - new node test average_precision, 0.9465
2025-10-02 08:37:28,274 - root - INFO - new node test roc_auc, 0.9401
2025-10-02 08:37:46,610 - root - INFO - Epoch: 81, learning rate: 0.0001, train loss: 0.1817
2025-10-02 08:37:46,610 - root - INFO - train average_precision, 0.9759
2025-10-02 08:37:46,610 - root - INFO - train roc_auc, 0.9766
2025-10-02 08:37:46,610 - root - INFO - validate loss: 0.2578
2025-10-02 08:37:46,610 - root - INFO - validate average_precision, 0.9679
2025-10-02 08:37:46,610 - root - INFO - validate roc_auc, 0.9648
2025-10-02 08:37:46,610 - root - INFO - new node validate loss: 0.3644
2025-10-02 08:37:46,611 - root - INFO - new node validate average_precision, 0.9338
2025-10-02 08:37:46,611 - root - INFO - new node validate roc_auc, 0.9255
2025-10-02 08:37:51,340 - root - INFO - test loss: 0.2703
2025-10-02 08:37:51,340 - root - INFO - test average_precision, 0.9639
2025-10-02 08:37:51,340 - root - INFO - best test average_precision: 0.9672
2025-10-02 08:37:51,340 - root - INFO - test roc_auc, 0.9612
2025-10-02 08:37:51,340 - root - INFO - new node test loss: 0.3265
2025-10-02 08:37:51,340 - root - INFO - new node test average_precision, 0.9467
2025-10-02 08:37:51,340 - root - INFO - new node test roc_auc, 0.9409
2025-10-02 08:38:09,693 - root - INFO - Epoch: 82, learning rate: 0.0001, train loss: 0.1776
2025-10-02 08:38:09,694 - root - INFO - train average_precision, 0.9768
2025-10-02 08:38:09,694 - root - INFO - train roc_auc, 0.9774
2025-10-02 08:38:09,694 - root - INFO - validate loss: 0.2628
2025-10-02 08:38:09,694 - root - INFO - validate average_precision, 0.9680
2025-10-02 08:38:09,694 - root - INFO - validate roc_auc, 0.9648
2025-10-02 08:38:09,694 - root - INFO - new node validate loss: 0.3649
2025-10-02 08:38:09,694 - root - INFO - new node validate average_precision, 0.9343
2025-10-02 08:38:09,694 - root - INFO - new node validate roc_auc, 0.9260
2025-10-02 08:38:14,406 - root - INFO - test loss: 0.2773
2025-10-02 08:38:14,406 - root - INFO - test average_precision, 0.9633
2025-10-02 08:38:14,406 - root - INFO - best test average_precision: 0.9672
2025-10-02 08:38:14,406 - root - INFO - test roc_auc, 0.9608
2025-10-02 08:38:14,406 - root - INFO - new node test loss: 0.3314
2025-10-02 08:38:14,406 - root - INFO - new node test average_precision, 0.9469
2025-10-02 08:38:14,406 - root - INFO - new node test roc_auc, 0.9409
2025-10-02 08:38:32,757 - root - INFO - Epoch: 83, learning rate: 0.0001, train loss: 0.1757
2025-10-02 08:38:32,757 - root - INFO - train average_precision, 0.9771
2025-10-02 08:38:32,757 - root - INFO - train roc_auc, 0.9779
2025-10-02 08:38:32,757 - root - INFO - validate loss: 0.2596
2025-10-02 08:38:32,757 - root - INFO - validate average_precision, 0.9669
2025-10-02 08:38:32,757 - root - INFO - validate roc_auc, 0.9639
2025-10-02 08:38:32,757 - root - INFO - new node validate loss: 0.3557
2025-10-02 08:38:32,757 - root - INFO - new node validate average_precision, 0.9348
2025-10-02 08:38:32,757 - root - INFO - new node validate roc_auc, 0.9266
2025-10-02 08:38:37,421 - root - INFO - test loss: 0.2700
2025-10-02 08:38:37,422 - root - INFO - test average_precision, 0.9626
2025-10-02 08:38:37,422 - root - INFO - best test average_precision: 0.9672
2025-10-02 08:38:37,422 - root - INFO - test roc_auc, 0.9606
2025-10-02 08:38:37,422 - root - INFO - new node test loss: 0.3266
2025-10-02 08:38:37,422 - root - INFO - new node test average_precision, 0.9458
2025-10-02 08:38:37,422 - root - INFO - new node test roc_auc, 0.9401
2025-10-02 08:38:55,859 - root - INFO - Epoch: 84, learning rate: 0.0001, train loss: 0.1761
2025-10-02 08:38:55,859 - root - INFO - train average_precision, 0.9770
2025-10-02 08:38:55,859 - root - INFO - train roc_auc, 0.9777
2025-10-02 08:38:55,859 - root - INFO - validate loss: 0.2633
2025-10-02 08:38:55,859 - root - INFO - validate average_precision, 0.9678
2025-10-02 08:38:55,859 - root - INFO - validate roc_auc, 0.9644
2025-10-02 08:38:55,859 - root - INFO - new node validate loss: 0.3674
2025-10-02 08:38:55,859 - root - INFO - new node validate average_precision, 0.9351
2025-10-02 08:38:55,859 - root - INFO - new node validate roc_auc, 0.9264
2025-10-02 08:39:00,586 - root - INFO - test loss: 0.2691
2025-10-02 08:39:00,586 - root - INFO - test average_precision, 0.9650
2025-10-02 08:39:00,586 - root - INFO - best test average_precision: 0.9672
2025-10-02 08:39:00,586 - root - INFO - test roc_auc, 0.9622
2025-10-02 08:39:00,586 - root - INFO - new node test loss: 0.3314
2025-10-02 08:39:00,586 - root - INFO - new node test average_precision, 0.9470
2025-10-02 08:39:00,586 - root - INFO - new node test roc_auc, 0.9413
2025-10-02 08:39:19,010 - root - INFO - Epoch: 85, learning rate: 0.0001, train loss: 0.1768
2025-10-02 08:39:19,010 - root - INFO - train average_precision, 0.9767
2025-10-02 08:39:19,010 - root - INFO - train roc_auc, 0.9777
2025-10-02 08:39:19,010 - root - INFO - validate loss: 0.2646
2025-10-02 08:39:19,010 - root - INFO - validate average_precision, 0.9672
2025-10-02 08:39:19,010 - root - INFO - validate roc_auc, 0.9639
2025-10-02 08:39:19,010 - root - INFO - new node validate loss: 0.3638
2025-10-02 08:39:19,010 - root - INFO - new node validate average_precision, 0.9344
2025-10-02 08:39:19,010 - root - INFO - new node validate roc_auc, 0.9259
2025-10-02 08:39:23,742 - root - INFO - test loss: 0.2741
2025-10-02 08:39:23,743 - root - INFO - test average_precision, 0.9636
2025-10-02 08:39:23,743 - root - INFO - best test average_precision: 0.9672
2025-10-02 08:39:23,743 - root - INFO - test roc_auc, 0.9606
2025-10-02 08:39:23,743 - root - INFO - new node test loss: 0.3376
2025-10-02 08:39:23,743 - root - INFO - new node test average_precision, 0.9456
2025-10-02 08:39:23,743 - root - INFO - new node test roc_auc, 0.9385
2025-10-02 08:39:42,191 - root - INFO - Epoch: 86, learning rate: 0.0001, train loss: 0.1755
2025-10-02 08:39:42,191 - root - INFO - train average_precision, 0.9771
2025-10-02 08:39:42,191 - root - INFO - train roc_auc, 0.9781
2025-10-02 08:39:42,192 - root - INFO - validate loss: 0.2580
2025-10-02 08:39:42,192 - root - INFO - validate average_precision, 0.9686
2025-10-02 08:39:42,192 - root - INFO - validate roc_auc, 0.9655
2025-10-02 08:39:42,192 - root - INFO - new node validate loss: 0.3664
2025-10-02 08:39:42,192 - root - INFO - new node validate average_precision, 0.9350
2025-10-02 08:39:42,192 - root - INFO - new node validate roc_auc, 0.9264
2025-10-02 08:39:46,889 - root - INFO - test loss: 0.2686
2025-10-02 08:39:46,889 - root - INFO - test average_precision, 0.9652
2025-10-02 08:39:46,889 - root - INFO - best test average_precision: 0.9672
2025-10-02 08:39:46,889 - root - INFO - test roc_auc, 0.9620
2025-10-02 08:39:46,889 - root - INFO - new node test loss: 0.3334
2025-10-02 08:39:46,890 - root - INFO - new node test average_precision, 0.9471
2025-10-02 08:39:46,890 - root - INFO - new node test roc_auc, 0.9402
2025-10-02 08:39:46,890 - root - INFO - save model ./saved_models/JODIE/wikipedia/JODIE_kan_mammote_seed0/JODIE_kan_mammote_seed0.pkl
2025-10-02 08:40:06,421 - root - INFO - Epoch: 87, learning rate: 0.0001, train loss: 0.1735
2025-10-02 08:40:06,422 - root - INFO - train average_precision, 0.9773
2025-10-02 08:40:06,422 - root - INFO - train roc_auc, 0.9783
2025-10-02 08:40:06,422 - root - INFO - validate loss: 0.2610
2025-10-02 08:40:06,422 - root - INFO - validate average_precision, 0.9681
2025-10-02 08:40:06,422 - root - INFO - validate roc_auc, 0.9647
2025-10-02 08:40:06,422 - root - INFO - new node validate loss: 0.3671
2025-10-02 08:40:06,422 - root - INFO - new node validate average_precision, 0.9342
2025-10-02 08:40:06,422 - root - INFO - new node validate roc_auc, 0.9258
2025-10-02 08:40:11,093 - root - INFO - test loss: 0.2722
2025-10-02 08:40:11,093 - root - INFO - test average_precision, 0.9644
2025-10-02 08:40:11,093 - root - INFO - best test average_precision: 0.9672
2025-10-02 08:40:11,093 - root - INFO - test roc_auc, 0.9615
2025-10-02 08:40:11,093 - root - INFO - new node test loss: 0.3415
2025-10-02 08:40:11,094 - root - INFO - new node test average_precision, 0.9459
2025-10-02 08:40:11,094 - root - INFO - new node test roc_auc, 0.9384
2025-10-02 08:40:29,593 - root - INFO - Epoch: 88, learning rate: 0.0001, train loss: 0.1729
2025-10-02 08:40:29,593 - root - INFO - train average_precision, 0.9776
2025-10-02 08:40:29,593 - root - INFO - train roc_auc, 0.9784
2025-10-02 08:40:29,593 - root - INFO - validate loss: 0.2613
2025-10-02 08:40:29,593 - root - INFO - validate average_precision, 0.9680
2025-10-02 08:40:29,593 - root - INFO - validate roc_auc, 0.9649
2025-10-02 08:40:29,593 - root - INFO - new node validate loss: 0.3640
2025-10-02 08:40:29,593 - root - INFO - new node validate average_precision, 0.9367
2025-10-02 08:40:29,593 - root - INFO - new node validate roc_auc, 0.9278
2025-10-02 08:40:34,320 - root - INFO - test loss: 0.2762
2025-10-02 08:40:34,320 - root - INFO - test average_precision, 0.9641
2025-10-02 08:40:34,320 - root - INFO - best test average_precision: 0.9672
2025-10-02 08:40:34,320 - root - INFO - test roc_auc, 0.9617
2025-10-02 08:40:34,320 - root - INFO - new node test loss: 0.3382
2025-10-02 08:40:34,320 - root - INFO - new node test average_precision, 0.9458
2025-10-02 08:40:34,320 - root - INFO - new node test roc_auc, 0.9396
2025-10-02 08:40:52,656 - root - INFO - Epoch: 89, learning rate: 0.0001, train loss: 0.1745
2025-10-02 08:40:52,656 - root - INFO - train average_precision, 0.9772
2025-10-02 08:40:52,656 - root - INFO - train roc_auc, 0.9780
2025-10-02 08:40:52,656 - root - INFO - validate loss: 0.2634
2025-10-02 08:40:52,656 - root - INFO - validate average_precision, 0.9677
2025-10-02 08:40:52,657 - root - INFO - validate roc_auc, 0.9645
2025-10-02 08:40:52,657 - root - INFO - new node validate loss: 0.3584
2025-10-02 08:40:52,657 - root - INFO - new node validate average_precision, 0.9354
2025-10-02 08:40:52,657 - root - INFO - new node validate roc_auc, 0.9274
2025-10-02 08:40:57,368 - root - INFO - test loss: 0.2735
2025-10-02 08:40:57,368 - root - INFO - test average_precision, 0.9645
2025-10-02 08:40:57,368 - root - INFO - best test average_precision: 0.9672
2025-10-02 08:40:57,368 - root - INFO - test roc_auc, 0.9614
2025-10-02 08:40:57,368 - root - INFO - new node test loss: 0.3341
2025-10-02 08:40:57,368 - root - INFO - new node test average_precision, 0.9466
2025-10-02 08:40:57,368 - root - INFO - new node test roc_auc, 0.9393
2025-10-02 08:41:15,720 - root - INFO - Epoch: 90, learning rate: 0.0001, train loss: 0.1708
2025-10-02 08:41:15,720 - root - INFO - train average_precision, 0.9782
2025-10-02 08:41:15,720 - root - INFO - train roc_auc, 0.9789
2025-10-02 08:41:15,720 - root - INFO - validate loss: 0.2678
2025-10-02 08:41:15,720 - root - INFO - validate average_precision, 0.9673
2025-10-02 08:41:15,720 - root - INFO - validate roc_auc, 0.9637
2025-10-02 08:41:15,720 - root - INFO - new node validate loss: 0.3673
2025-10-02 08:41:15,720 - root - INFO - new node validate average_precision, 0.9344
2025-10-02 08:41:15,720 - root - INFO - new node validate roc_auc, 0.9257
2025-10-02 08:41:20,419 - root - INFO - test loss: 0.2767
2025-10-02 08:41:20,419 - root - INFO - test average_precision, 0.9629
2025-10-02 08:41:20,419 - root - INFO - best test average_precision: 0.9672
2025-10-02 08:41:20,420 - root - INFO - test roc_auc, 0.9601
2025-10-02 08:41:20,420 - root - INFO - new node test loss: 0.3380
2025-10-02 08:41:20,420 - root - INFO - new node test average_precision, 0.9454
2025-10-02 08:41:20,420 - root - INFO - new node test roc_auc, 0.9384
2025-10-02 08:41:38,945 - root - INFO - Epoch: 91, learning rate: 0.0001, train loss: 0.1690
2025-10-02 08:41:38,946 - root - INFO - train average_precision, 0.9782
2025-10-02 08:41:38,946 - root - INFO - train roc_auc, 0.9793
2025-10-02 08:41:38,946 - root - INFO - validate loss: 0.2647
2025-10-02 08:41:38,946 - root - INFO - validate average_precision, 0.9682
2025-10-02 08:41:38,946 - root - INFO - validate roc_auc, 0.9652
2025-10-02 08:41:38,946 - root - INFO - new node validate loss: 0.3685
2025-10-02 08:41:38,946 - root - INFO - new node validate average_precision, 0.9350
2025-10-02 08:41:38,946 - root - INFO - new node validate roc_auc, 0.9272
2025-10-02 08:41:43,666 - root - INFO - test loss: 0.2742
2025-10-02 08:41:43,666 - root - INFO - test average_precision, 0.9654
2025-10-02 08:41:43,666 - root - INFO - best test average_precision: 0.9672
2025-10-02 08:41:43,666 - root - INFO - test roc_auc, 0.9626
2025-10-02 08:41:43,666 - root - INFO - new node test loss: 0.3301
2025-10-02 08:41:43,666 - root - INFO - new node test average_precision, 0.9479
2025-10-02 08:41:43,666 - root - INFO - new node test roc_auc, 0.9426
2025-10-02 08:42:02,056 - root - INFO - Epoch: 92, learning rate: 0.0001, train loss: 0.1706
2025-10-02 08:42:02,056 - root - INFO - train average_precision, 0.9777
2025-10-02 08:42:02,056 - root - INFO - train roc_auc, 0.9788
2025-10-02 08:42:02,056 - root - INFO - validate loss: 0.2634
2025-10-02 08:42:02,056 - root - INFO - validate average_precision, 0.9685
2025-10-02 08:42:02,056 - root - INFO - validate roc_auc, 0.9654
2025-10-02 08:42:02,056 - root - INFO - new node validate loss: 0.3702
2025-10-02 08:42:02,056 - root - INFO - new node validate average_precision, 0.9350
2025-10-02 08:42:02,057 - root - INFO - new node validate roc_auc, 0.9268
2025-10-02 08:42:06,761 - root - INFO - test loss: 0.2715
2025-10-02 08:42:06,762 - root - INFO - test average_precision, 0.9659
2025-10-02 08:42:06,762 - root - INFO - best test average_precision: 0.9672
2025-10-02 08:42:06,762 - root - INFO - test roc_auc, 0.9629
2025-10-02 08:42:06,762 - root - INFO - new node test loss: 0.3350
2025-10-02 08:42:06,762 - root - INFO - new node test average_precision, 0.9476
2025-10-02 08:42:06,762 - root - INFO - new node test roc_auc, 0.9419
2025-10-02 08:42:25,165 - root - INFO - Epoch: 93, learning rate: 0.0001, train loss: 0.1706
2025-10-02 08:42:25,165 - root - INFO - train average_precision, 0.9776
2025-10-02 08:42:25,165 - root - INFO - train roc_auc, 0.9788
2025-10-02 08:42:25,165 - root - INFO - validate loss: 0.2658
2025-10-02 08:42:25,165 - root - INFO - validate average_precision, 0.9673
2025-10-02 08:42:25,165 - root - INFO - validate roc_auc, 0.9643
2025-10-02 08:42:25,165 - root - INFO - new node validate loss: 0.3645
2025-10-02 08:42:25,165 - root - INFO - new node validate average_precision, 0.9355
2025-10-02 08:42:25,165 - root - INFO - new node validate roc_auc, 0.9272
2025-10-02 08:42:29,895 - root - INFO - test loss: 0.2718
2025-10-02 08:42:29,895 - root - INFO - test average_precision, 0.9636
2025-10-02 08:42:29,895 - root - INFO - best test average_precision: 0.9672
2025-10-02 08:42:29,895 - root - INFO - test roc_auc, 0.9612
2025-10-02 08:42:29,896 - root - INFO - new node test loss: 0.3323
2025-10-02 08:42:29,896 - root - INFO - new node test average_precision, 0.9473
2025-10-02 08:42:29,896 - root - INFO - new node test roc_auc, 0.9415
2025-10-02 08:42:48,260 - root - INFO - Epoch: 94, learning rate: 0.0001, train loss: 0.1737
2025-10-02 08:42:48,260 - root - INFO - train average_precision, 0.9772
2025-10-02 08:42:48,260 - root - INFO - train roc_auc, 0.9782
2025-10-02 08:42:48,260 - root - INFO - validate loss: 0.2659
2025-10-02 08:42:48,260 - root - INFO - validate average_precision, 0.9674
2025-10-02 08:42:48,260 - root - INFO - validate roc_auc, 0.9641
2025-10-02 08:42:48,260 - root - INFO - new node validate loss: 0.3702
2025-10-02 08:42:48,260 - root - INFO - new node validate average_precision, 0.9335
2025-10-02 08:42:48,260 - root - INFO - new node validate roc_auc, 0.9253
2025-10-02 08:42:52,969 - root - INFO - test loss: 0.2773
2025-10-02 08:42:52,969 - root - INFO - test average_precision, 0.9628
2025-10-02 08:42:52,969 - root - INFO - best test average_precision: 0.9672
2025-10-02 08:42:52,970 - root - INFO - test roc_auc, 0.9603
2025-10-02 08:42:52,970 - root - INFO - new node test loss: 0.3360
2025-10-02 08:42:52,970 - root - INFO - new node test average_precision, 0.9452
2025-10-02 08:42:52,970 - root - INFO - new node test roc_auc, 0.9394
2025-10-02 08:43:11,407 - root - INFO - Epoch: 95, learning rate: 0.0001, train loss: 0.1712
2025-10-02 08:43:11,407 - root - INFO - train average_precision, 0.9777
2025-10-02 08:43:11,407 - root - INFO - train roc_auc, 0.9787
2025-10-02 08:43:11,407 - root - INFO - validate loss: 0.2698
2025-10-02 08:43:11,407 - root - INFO - validate average_precision, 0.9666
2025-10-02 08:43:11,408 - root - INFO - validate roc_auc, 0.9632
2025-10-02 08:43:11,408 - root - INFO - new node validate loss: 0.3679
2025-10-02 08:43:11,408 - root - INFO - new node validate average_precision, 0.9338
2025-10-02 08:43:11,408 - root - INFO - new node validate roc_auc, 0.9255
2025-10-02 08:43:16,100 - root - INFO - test loss: 0.2850
2025-10-02 08:43:16,100 - root - INFO - test average_precision, 0.9618
2025-10-02 08:43:16,100 - root - INFO - best test average_precision: 0.9672
2025-10-02 08:43:16,101 - root - INFO - test roc_auc, 0.9583
2025-10-02 08:43:16,101 - root - INFO - new node test loss: 0.3512
2025-10-02 08:43:16,101 - root - INFO - new node test average_precision, 0.9420
2025-10-02 08:43:16,101 - root - INFO - new node test roc_auc, 0.9345
2025-10-02 08:43:34,516 - root - INFO - Epoch: 96, learning rate: 0.0001, train loss: 0.1701
2025-10-02 08:43:34,516 - root - INFO - train average_precision, 0.9776
2025-10-02 08:43:34,516 - root - INFO - train roc_auc, 0.9788
2025-10-02 08:43:34,516 - root - INFO - validate loss: 0.2637
2025-10-02 08:43:34,516 - root - INFO - validate average_precision, 0.9681
2025-10-02 08:43:34,517 - root - INFO - validate roc_auc, 0.9646
2025-10-02 08:43:34,517 - root - INFO - new node validate loss: 0.3735
2025-10-02 08:43:34,517 - root - INFO - new node validate average_precision, 0.9340
2025-10-02 08:43:34,517 - root - INFO - new node validate roc_auc, 0.9252
2025-10-02 08:43:39,288 - root - INFO - test loss: 0.2689
2025-10-02 08:43:39,288 - root - INFO - test average_precision, 0.9651
2025-10-02 08:43:39,288 - root - INFO - best test average_precision: 0.9672
2025-10-02 08:43:39,288 - root - INFO - test roc_auc, 0.9623
2025-10-02 08:43:39,289 - root - INFO - new node test loss: 0.3382
2025-10-02 08:43:39,289 - root - INFO - new node test average_precision, 0.9459
2025-10-02 08:43:39,289 - root - INFO - new node test roc_auc, 0.9393
2025-10-02 08:43:57,659 - root - INFO - Epoch: 97, learning rate: 0.0001, train loss: 0.1685
2025-10-02 08:43:57,659 - root - INFO - train average_precision, 0.9782
2025-10-02 08:43:57,660 - root - INFO - train roc_auc, 0.9793
2025-10-02 08:43:57,660 - root - INFO - validate loss: 0.2633
2025-10-02 08:43:57,660 - root - INFO - validate average_precision, 0.9684
2025-10-02 08:43:57,660 - root - INFO - validate roc_auc, 0.9652
2025-10-02 08:43:57,660 - root - INFO - new node validate loss: 0.3715
2025-10-02 08:43:57,660 - root - INFO - new node validate average_precision, 0.9333
2025-10-02 08:43:57,660 - root - INFO - new node validate roc_auc, 0.9253
2025-10-02 08:44:02,367 - root - INFO - test loss: 0.2830
2025-10-02 08:44:02,367 - root - INFO - test average_precision, 0.9630
2025-10-02 08:44:02,367 - root - INFO - best test average_precision: 0.9672
2025-10-02 08:44:02,367 - root - INFO - test roc_auc, 0.9607
2025-10-02 08:44:02,367 - root - INFO - new node test loss: 0.3423
2025-10-02 08:44:02,368 - root - INFO - new node test average_precision, 0.9462
2025-10-02 08:44:02,368 - root - INFO - new node test roc_auc, 0.9399
2025-10-02 08:44:20,730 - root - INFO - Epoch: 98, learning rate: 0.0001, train loss: 0.1702
2025-10-02 08:44:20,730 - root - INFO - train average_precision, 0.9778
2025-10-02 08:44:20,730 - root - INFO - train roc_auc, 0.9789
2025-10-02 08:44:20,730 - root - INFO - validate loss: 0.2684
2025-10-02 08:44:20,730 - root - INFO - validate average_precision, 0.9672
2025-10-02 08:44:20,730 - root - INFO - validate roc_auc, 0.9640
2025-10-02 08:44:20,730 - root - INFO - new node validate loss: 0.3696
2025-10-02 08:44:20,730 - root - INFO - new node validate average_precision, 0.9337
2025-10-02 08:44:20,730 - root - INFO - new node validate roc_auc, 0.9255
2025-10-02 08:44:25,455 - root - INFO - test loss: 0.2904
2025-10-02 08:44:25,455 - root - INFO - test average_precision, 0.9607
2025-10-02 08:44:25,455 - root - INFO - best test average_precision: 0.9672
2025-10-02 08:44:25,455 - root - INFO - test roc_auc, 0.9579
2025-10-02 08:44:25,455 - root - INFO - new node test loss: 0.3511
2025-10-02 08:44:25,455 - root - INFO - new node test average_precision, 0.9420
2025-10-02 08:44:25,455 - root - INFO - new node test roc_auc, 0.9357
2025-10-02 08:44:43,813 - root - INFO - Epoch: 99, learning rate: 0.0001, train loss: 0.1693
2025-10-02 08:44:43,813 - root - INFO - train average_precision, 0.9784
2025-10-02 08:44:43,813 - root - INFO - train roc_auc, 0.9793
2025-10-02 08:44:43,813 - root - INFO - validate loss: 0.2664
2025-10-02 08:44:43,813 - root - INFO - validate average_precision, 0.9684
2025-10-02 08:44:43,813 - root - INFO - validate roc_auc, 0.9650
2025-10-02 08:44:43,813 - root - INFO - new node validate loss: 0.3673
2025-10-02 08:44:43,813 - root - INFO - new node validate average_precision, 0.9355
2025-10-02 08:44:43,813 - root - INFO - new node validate roc_auc, 0.9276
2025-10-02 08:44:48,509 - root - INFO - test loss: 0.2814
2025-10-02 08:44:48,509 - root - INFO - test average_precision, 0.9642
2025-10-02 08:44:48,509 - root - INFO - best test average_precision: 0.9672
2025-10-02 08:44:48,510 - root - INFO - test roc_auc, 0.9614
2025-10-02 08:44:48,510 - root - INFO - new node test loss: 0.3412
2025-10-02 08:44:48,510 - root - INFO - new node test average_precision, 0.9470
2025-10-02 08:44:48,510 - root - INFO - new node test roc_auc, 0.9403
2025-10-02 08:45:06,904 - root - INFO - Epoch: 100, learning rate: 0.0001, train loss: 0.1671
2025-10-02 08:45:06,905 - root - INFO - train average_precision, 0.9785
2025-10-02 08:45:06,905 - root - INFO - train roc_auc, 0.9796
2025-10-02 08:45:06,905 - root - INFO - validate loss: 0.2637
2025-10-02 08:45:06,905 - root - INFO - validate average_precision, 0.9688
2025-10-02 08:45:06,905 - root - INFO - validate roc_auc, 0.9654
2025-10-02 08:45:06,905 - root - INFO - new node validate loss: 0.3695
2025-10-02 08:45:06,905 - root - INFO - new node validate average_precision, 0.9340
2025-10-02 08:45:06,905 - root - INFO - new node validate roc_auc, 0.9259
2025-10-02 08:45:11,604 - root - INFO - test loss: 0.2751
2025-10-02 08:45:11,604 - root - INFO - test average_precision, 0.9649
2025-10-02 08:45:11,604 - root - INFO - best test average_precision: 0.9672
2025-10-02 08:45:11,604 - root - INFO - test roc_auc, 0.9623
2025-10-02 08:45:11,604 - root - INFO - new node test loss: 0.3383
2025-10-02 08:45:11,604 - root - INFO - new node test average_precision, 0.9462
2025-10-02 08:45:11,604 - root - INFO - new node test roc_auc, 0.9396
2025-10-02 08:45:11,605 - root - INFO - load model ./saved_models/JODIE/wikipedia/JODIE_kan_mammote_seed0/JODIE_kan_mammote_seed0.pkl
2025-10-02 08:45:13,057 - root - INFO - get final performance on dataset wikipedia...
2025-10-02 08:45:18,062 - root - INFO - test loss: 0.2686
2025-10-02 08:45:18,062 - root - INFO - test average_precision, 0.9652
2025-10-02 08:45:18,062 - root - INFO - test roc_auc, 0.9620
2025-10-02 08:45:18,062 - root - INFO - new node test loss: 0.3334
2025-10-02 08:45:18,062 - root - INFO - new node test average_precision, 0.9471
2025-10-02 08:45:18,062 - root - INFO - new node test roc_auc, 0.9402
2025-10-02 08:45:18,062 - root - INFO - Run 1 cost 2356.03 seconds.
2025-10-02 08:45:18,073 - root - INFO - metrics over 1 runs:
2025-10-02 08:45:18,073 - root - INFO - test average_precision, [np.float64(0.9652352992785528)]
2025-10-02 08:45:18,073 - root - INFO - average test average_precision, 0.9652 ± nan
2025-10-02 08:45:18,073 - root - INFO - test roc_auc, [np.float64(0.9620085677127993)]
2025-10-02 08:45:18,073 - root - INFO - average test roc_auc, 0.9620 ± nan
2025-10-02 08:45:18,073 - root - INFO - new node test average_precision, [np.float64(0.9471094207327024)]
2025-10-02 08:45:18,073 - root - INFO - average new node test average_precision, 0.9471 ± nan
2025-10-02 08:45:18,073 - root - INFO - new node test roc_auc, [np.float64(0.9402081069174331)]
2025-10-02 08:45:18,074 - root - INFO - average new node test roc_auc, 0.9402 ± nan
