2025-09-29 16:03:54,076 - root - INFO - ********** Run 1 starts. **********
2025-09-29 16:03:54,076 - root - INFO - configuration is Namespace(dataset_name='wikipedia', batch_size=200, model_name='TGAT', gpu=0, num_neighbors=20, sample_neighbor_strategy='recent', time_scaling_factor=1e-06, num_walk_heads=8, num_heads=2, num_layers=2, walk_length=1, time_gap=2000, time_feat_dim=128, position_feat_dim=172, time_window_mode='fixed_proportion', time_encoder_type='bochner', expert_dim=64, num_mixtures=4, patch_size=1, channel_embedding_dim=50, max_input_sequence_length=32, learning_rate=0.0001, dropout=0.1, gamma=0.5, num_epochs=100, optimizer='Adam', weight_decay=0.0, patience=20, val_ratio=0.15, test_ratio=0.15, num_runs=5, test_interval_epochs=1, negative_sample_strategy='random', max_interaction_times=10, load_best_configs=True, device='cuda:0', seed=0, save_model_name='TGAT_seed0')
2025-09-29 16:03:54,084 - root - INFO - time encoder type: bochner
2025-09-29 16:03:54,322 - root - INFO - model -> Sequential(
  (0): TGAT(
    (time_encoder): TimeEncoderWrapper(
      (encoder): BochnerTimeEncoder()
    )
    (temporal_conv_layers): ModuleList(
      (0-1): 2 x MultiHeadAttention(
        (query_projection): Linear(in_features=300, out_features=300, bias=False)
        (key_projection): Linear(in_features=472, out_features=300, bias=False)
        (value_projection): Linear(in_features=472, out_features=300, bias=False)
        (layer_norm): LayerNorm((300,), eps=1e-05, elementwise_affine=True)
        (residual_fc): Linear(in_features=300, out_features=300, bias=True)
        (dropout): Dropout(p=0.1, inplace=False)
      )
    )
    (merge_layers): ModuleList(
      (0-1): 2 x MergeLayer(
        (fc1): Linear(in_features=472, out_features=172, bias=True)
        (fc2): Linear(in_features=172, out_features=172, bias=True)
        (act): ReLU()
      )
    )
  )
  (1): MergeLayer(
    (fc1): Linear(in_features=344, out_features=172, bias=True)
    (fc2): Linear(in_features=172, out_features=1, bias=True)
    (act): ReLU()
  )
)
2025-09-29 16:03:54,322 - root - INFO - model name: TGAT, #parameters: 4839752 B, 4726.3203125 KB, 4.615547180175781 MB.
2025-09-29 16:05:17,813 - root - INFO - Epoch: 1, learning rate: 0.0001, train loss: 0.4495
2025-09-29 16:05:17,814 - root - INFO - train average_precision, 0.8468
2025-09-29 16:05:17,814 - root - INFO - train roc_auc, 0.8691
2025-09-29 16:05:17,814 - root - INFO - validate loss: 0.3748
2025-09-29 16:05:17,814 - root - INFO - validate average_precision, 0.9162
2025-09-29 16:05:17,814 - root - INFO - validate roc_auc, 0.9158
2025-09-29 16:05:17,814 - root - INFO - new node validate loss: 0.3728
2025-09-29 16:05:17,814 - root - INFO - new node validate average_precision, 0.9170
2025-09-29 16:05:17,814 - root - INFO - new node validate roc_auc, 0.9157
2025-09-29 16:05:37,568 - root - INFO - test loss: 0.4072
2025-09-29 16:05:37,569 - root - INFO - test average_precision, 0.9008
2025-09-29 16:05:37,569 - root - INFO - best test average_precision: 0.9008
2025-09-29 16:05:37,569 - root - INFO - test roc_auc, 0.9001
2025-09-29 16:05:37,569 - root - INFO - new node test loss: 0.4112
2025-09-29 16:05:37,569 - root - INFO - new node test average_precision, 0.9000
2025-09-29 16:05:37,569 - root - INFO - new node test roc_auc, 0.8971
2025-09-29 16:05:37,570 - root - INFO - save model ./saved_models/TGAT/wikipedia/TGAT_seed0/TGAT_seed0.pkl
2025-09-29 16:06:57,527 - root - INFO - Epoch: 2, learning rate: 0.0001, train loss: 0.3271
2025-09-29 16:06:57,527 - root - INFO - train average_precision, 0.9346
2025-09-29 16:06:57,527 - root - INFO - train roc_auc, 0.9365
2025-09-29 16:06:57,527 - root - INFO - validate loss: 0.3602
2025-09-29 16:06:57,528 - root - INFO - validate average_precision, 0.9221
2025-09-29 16:06:57,528 - root - INFO - validate roc_auc, 0.9219
2025-09-29 16:06:57,528 - root - INFO - new node validate loss: 0.3619
2025-09-29 16:06:57,528 - root - INFO - new node validate average_precision, 0.9201
2025-09-29 16:06:57,528 - root - INFO - new node validate roc_auc, 0.9201
2025-09-29 16:07:17,236 - root - INFO - test loss: 0.3924
2025-09-29 16:07:17,236 - root - INFO - test average_precision, 0.9083
2025-09-29 16:07:17,236 - root - INFO - best test average_precision: 0.9083
2025-09-29 16:07:17,236 - root - INFO - test roc_auc, 0.9079
2025-09-29 16:07:17,236 - root - INFO - new node test loss: 0.4061
2025-09-29 16:07:17,236 - root - INFO - new node test average_precision, 0.9018
2025-09-29 16:07:17,236 - root - INFO - new node test roc_auc, 0.9001
2025-09-29 16:07:17,236 - root - INFO - save model ./saved_models/TGAT/wikipedia/TGAT_seed0/TGAT_seed0.pkl
2025-09-29 16:08:37,209 - root - INFO - Epoch: 3, learning rate: 0.0001, train loss: 0.3067
2025-09-29 16:08:37,210 - root - INFO - train average_precision, 0.9421
2025-09-29 16:08:37,210 - root - INFO - train roc_auc, 0.9440
2025-09-29 16:08:37,210 - root - INFO - validate loss: 0.3562
2025-09-29 16:08:37,210 - root - INFO - validate average_precision, 0.9240
2025-09-29 16:08:37,210 - root - INFO - validate roc_auc, 0.9240
2025-09-29 16:08:37,210 - root - INFO - new node validate loss: 0.3633
2025-09-29 16:08:37,210 - root - INFO - new node validate average_precision, 0.9188
2025-09-29 16:08:37,210 - root - INFO - new node validate roc_auc, 0.9184
2025-09-29 16:08:56,902 - root - INFO - test loss: 0.3890
2025-09-29 16:08:56,903 - root - INFO - test average_precision, 0.9105
2025-09-29 16:08:56,903 - root - INFO - best test average_precision: 0.9105
2025-09-29 16:08:56,903 - root - INFO - test roc_auc, 0.9110
2025-09-29 16:08:56,903 - root - INFO - new node test loss: 0.4117
2025-09-29 16:08:56,903 - root - INFO - new node test average_precision, 0.9007
2025-09-29 16:08:56,903 - root - INFO - new node test roc_auc, 0.8997
2025-09-29 16:08:56,903 - root - INFO - save model ./saved_models/TGAT/wikipedia/TGAT_seed0/TGAT_seed0.pkl
2025-09-29 16:10:16,909 - root - INFO - Epoch: 4, learning rate: 0.0001, train loss: 0.2911
2025-09-29 16:10:16,910 - root - INFO - train average_precision, 0.9478
2025-09-29 16:10:16,910 - root - INFO - train roc_auc, 0.9493
2025-09-29 16:10:16,910 - root - INFO - validate loss: 0.3565
2025-09-29 16:10:16,910 - root - INFO - validate average_precision, 0.9242
2025-09-29 16:10:16,910 - root - INFO - validate roc_auc, 0.9241
2025-09-29 16:10:16,910 - root - INFO - new node validate loss: 0.3612
2025-09-29 16:10:16,910 - root - INFO - new node validate average_precision, 0.9198
2025-09-29 16:10:16,910 - root - INFO - new node validate roc_auc, 0.9203
2025-09-29 16:10:36,621 - root - INFO - test loss: 0.3906
2025-09-29 16:10:36,621 - root - INFO - test average_precision, 0.9095
2025-09-29 16:10:36,621 - root - INFO - best test average_precision: 0.9105
2025-09-29 16:10:36,621 - root - INFO - test roc_auc, 0.9103
2025-09-29 16:10:36,621 - root - INFO - new node test loss: 0.4106
2025-09-29 16:10:36,621 - root - INFO - new node test average_precision, 0.8994
2025-09-29 16:10:36,622 - root - INFO - new node test roc_auc, 0.9003
2025-09-29 16:10:36,622 - root - INFO - save model ./saved_models/TGAT/wikipedia/TGAT_seed0/TGAT_seed0.pkl
2025-09-29 16:11:56,553 - root - INFO - Epoch: 5, learning rate: 0.0001, train loss: 0.2808
2025-09-29 16:11:56,553 - root - INFO - train average_precision, 0.9509
2025-09-29 16:11:56,553 - root - INFO - train roc_auc, 0.9526
2025-09-29 16:11:56,553 - root - INFO - validate loss: 0.3407
2025-09-29 16:11:56,553 - root - INFO - validate average_precision, 0.9311
2025-09-29 16:11:56,553 - root - INFO - validate roc_auc, 0.9309
2025-09-29 16:11:56,554 - root - INFO - new node validate loss: 0.3491
2025-09-29 16:11:56,554 - root - INFO - new node validate average_precision, 0.9256
2025-09-29 16:11:56,554 - root - INFO - new node validate roc_auc, 0.9255
2025-09-29 16:12:16,245 - root - INFO - test loss: 0.3779
2025-09-29 16:12:16,245 - root - INFO - test average_precision, 0.9158
2025-09-29 16:12:16,246 - root - INFO - best test average_precision: 0.9158
2025-09-29 16:12:16,246 - root - INFO - test roc_auc, 0.9158
2025-09-29 16:12:16,246 - root - INFO - new node test loss: 0.4010
2025-09-29 16:12:16,246 - root - INFO - new node test average_precision, 0.9045
2025-09-29 16:12:16,246 - root - INFO - new node test roc_auc, 0.9038
2025-09-29 16:12:16,246 - root - INFO - save model ./saved_models/TGAT/wikipedia/TGAT_seed0/TGAT_seed0.pkl
2025-09-29 16:13:36,186 - root - INFO - Epoch: 6, learning rate: 0.0001, train loss: 0.2643
2025-09-29 16:13:36,187 - root - INFO - train average_precision, 0.9578
2025-09-29 16:13:36,187 - root - INFO - train roc_auc, 0.9582
2025-09-29 16:13:36,187 - root - INFO - validate loss: 0.3333
2025-09-29 16:13:36,187 - root - INFO - validate average_precision, 0.9373
2025-09-29 16:13:36,187 - root - INFO - validate roc_auc, 0.9357
2025-09-29 16:13:36,187 - root - INFO - new node validate loss: 0.3436
2025-09-29 16:13:36,187 - root - INFO - new node validate average_precision, 0.9308
2025-09-29 16:13:36,187 - root - INFO - new node validate roc_auc, 0.9289
2025-09-29 16:13:55,904 - root - INFO - test loss: 0.3669
2025-09-29 16:13:55,904 - root - INFO - test average_precision, 0.9246
2025-09-29 16:13:55,904 - root - INFO - best test average_precision: 0.9246
2025-09-29 16:13:55,905 - root - INFO - test roc_auc, 0.9226
2025-09-29 16:13:55,905 - root - INFO - new node test loss: 0.3928
2025-09-29 16:13:55,905 - root - INFO - new node test average_precision, 0.9127
2025-09-29 16:13:55,905 - root - INFO - new node test roc_auc, 0.9102
2025-09-29 16:13:55,905 - root - INFO - save model ./saved_models/TGAT/wikipedia/TGAT_seed0/TGAT_seed0.pkl
2025-09-29 16:15:15,811 - root - INFO - Epoch: 7, learning rate: 0.0001, train loss: 0.2502
2025-09-29 16:15:15,811 - root - INFO - train average_precision, 0.9630
2025-09-29 16:15:15,811 - root - INFO - train roc_auc, 0.9627
2025-09-29 16:15:15,811 - root - INFO - validate loss: 0.3214
2025-09-29 16:15:15,811 - root - INFO - validate average_precision, 0.9416
2025-09-29 16:15:15,812 - root - INFO - validate roc_auc, 0.9394
2025-09-29 16:15:15,812 - root - INFO - new node validate loss: 0.3337
2025-09-29 16:15:15,812 - root - INFO - new node validate average_precision, 0.9367
2025-09-29 16:15:15,812 - root - INFO - new node validate roc_auc, 0.9330
2025-09-29 16:15:35,502 - root - INFO - test loss: 0.3568
2025-09-29 16:15:35,502 - root - INFO - test average_precision, 0.9286
2025-09-29 16:15:35,502 - root - INFO - best test average_precision: 0.9286
2025-09-29 16:15:35,502 - root - INFO - test roc_auc, 0.9260
2025-09-29 16:15:35,503 - root - INFO - new node test loss: 0.3866
2025-09-29 16:15:35,503 - root - INFO - new node test average_precision, 0.9171
2025-09-29 16:15:35,503 - root - INFO - new node test roc_auc, 0.9131
2025-09-29 16:15:35,503 - root - INFO - save model ./saved_models/TGAT/wikipedia/TGAT_seed0/TGAT_seed0.pkl
2025-09-29 16:16:55,449 - root - INFO - Epoch: 8, learning rate: 0.0001, train loss: 0.2397
2025-09-29 16:16:55,450 - root - INFO - train average_precision, 0.9660
2025-09-29 16:16:55,450 - root - INFO - train roc_auc, 0.9656
2025-09-29 16:16:55,450 - root - INFO - validate loss: 0.3242
2025-09-29 16:16:55,450 - root - INFO - validate average_precision, 0.9402
2025-09-29 16:16:55,450 - root - INFO - validate roc_auc, 0.9390
2025-09-29 16:16:55,450 - root - INFO - new node validate loss: 0.3354
2025-09-29 16:16:55,450 - root - INFO - new node validate average_precision, 0.9345
2025-09-29 16:16:55,450 - root - INFO - new node validate roc_auc, 0.9322
2025-09-29 16:17:15,130 - root - INFO - test loss: 0.3560
2025-09-29 16:17:15,130 - root - INFO - test average_precision, 0.9279
2025-09-29 16:17:15,130 - root - INFO - best test average_precision: 0.9286
2025-09-29 16:17:15,130 - root - INFO - test roc_auc, 0.9265
2025-09-29 16:17:15,130 - root - INFO - new node test loss: 0.3833
2025-09-29 16:17:15,130 - root - INFO - new node test average_precision, 0.9172
2025-09-29 16:17:15,130 - root - INFO - new node test roc_auc, 0.9141
2025-09-29 16:18:34,982 - root - INFO - Epoch: 9, learning rate: 0.0001, train loss: 0.2296
2025-09-29 16:18:34,983 - root - INFO - train average_precision, 0.9681
2025-09-29 16:18:34,983 - root - INFO - train roc_auc, 0.9681
2025-09-29 16:18:34,983 - root - INFO - validate loss: 0.3202
2025-09-29 16:18:34,984 - root - INFO - validate average_precision, 0.9428
2025-09-29 16:18:34,984 - root - INFO - validate roc_auc, 0.9414
2025-09-29 16:18:34,984 - root - INFO - new node validate loss: 0.3361
2025-09-29 16:18:34,984 - root - INFO - new node validate average_precision, 0.9341
2025-09-29 16:18:34,984 - root - INFO - new node validate roc_auc, 0.9336
2025-09-29 16:18:54,686 - root - INFO - test loss: 0.3535
2025-09-29 16:18:54,686 - root - INFO - test average_precision, 0.9304
2025-09-29 16:18:54,686 - root - INFO - best test average_precision: 0.9304
2025-09-29 16:18:54,686 - root - INFO - test roc_auc, 0.9292
2025-09-29 16:18:54,686 - root - INFO - new node test loss: 0.3864
2025-09-29 16:18:54,686 - root - INFO - new node test average_precision, 0.9174
2025-09-29 16:18:54,686 - root - INFO - new node test roc_auc, 0.9158
2025-09-29 16:18:54,686 - root - INFO - save model ./saved_models/TGAT/wikipedia/TGAT_seed0/TGAT_seed0.pkl
2025-09-29 16:20:14,650 - root - INFO - Epoch: 10, learning rate: 0.0001, train loss: 0.2229
2025-09-29 16:20:14,651 - root - INFO - train average_precision, 0.9697
2025-09-29 16:20:14,651 - root - INFO - train roc_auc, 0.9699
2025-09-29 16:20:14,651 - root - INFO - validate loss: 0.3201
2025-09-29 16:20:14,651 - root - INFO - validate average_precision, 0.9423
2025-09-29 16:20:14,651 - root - INFO - validate roc_auc, 0.9418
2025-09-29 16:20:14,651 - root - INFO - new node validate loss: 0.3368
2025-09-29 16:20:14,651 - root - INFO - new node validate average_precision, 0.9340
2025-09-29 16:20:14,651 - root - INFO - new node validate roc_auc, 0.9333
2025-09-29 16:20:34,335 - root - INFO - test loss: 0.3546
2025-09-29 16:20:34,335 - root - INFO - test average_precision, 0.9297
2025-09-29 16:20:34,335 - root - INFO - best test average_precision: 0.9304
2025-09-29 16:20:34,335 - root - INFO - test roc_auc, 0.9292
2025-09-29 16:20:34,335 - root - INFO - new node test loss: 0.3873
2025-09-29 16:20:34,335 - root - INFO - new node test average_precision, 0.9162
2025-09-29 16:20:34,335 - root - INFO - new node test roc_auc, 0.9152
2025-09-29 16:21:54,243 - root - INFO - Epoch: 11, learning rate: 0.0001, train loss: 0.2172
2025-09-29 16:21:54,243 - root - INFO - train average_precision, 0.9711
2025-09-29 16:21:54,243 - root - INFO - train roc_auc, 0.9713
2025-09-29 16:21:54,244 - root - INFO - validate loss: 0.3140
2025-09-29 16:21:54,244 - root - INFO - validate average_precision, 0.9446
2025-09-29 16:21:54,244 - root - INFO - validate roc_auc, 0.9442
2025-09-29 16:21:54,244 - root - INFO - new node validate loss: 0.3309
2025-09-29 16:21:54,244 - root - INFO - new node validate average_precision, 0.9378
2025-09-29 16:21:54,244 - root - INFO - new node validate roc_auc, 0.9371
2025-09-29 16:22:13,955 - root - INFO - test loss: 0.3563
2025-09-29 16:22:13,956 - root - INFO - test average_precision, 0.9305
2025-09-29 16:22:13,956 - root - INFO - best test average_precision: 0.9305
2025-09-29 16:22:13,956 - root - INFO - test roc_auc, 0.9297
2025-09-29 16:22:13,956 - root - INFO - new node test loss: 0.3937
2025-09-29 16:22:13,956 - root - INFO - new node test average_precision, 0.9169
2025-09-29 16:22:13,956 - root - INFO - new node test roc_auc, 0.9153
2025-09-29 16:22:13,956 - root - INFO - save model ./saved_models/TGAT/wikipedia/TGAT_seed0/TGAT_seed0.pkl
2025-09-29 16:23:34,026 - root - INFO - Epoch: 12, learning rate: 0.0001, train loss: 0.2128
2025-09-29 16:23:34,026 - root - INFO - train average_precision, 0.9719
2025-09-29 16:23:34,026 - root - INFO - train roc_auc, 0.9724
2025-09-29 16:23:34,026 - root - INFO - validate loss: 0.3200
2025-09-29 16:23:34,026 - root - INFO - validate average_precision, 0.9441
2025-09-29 16:23:34,026 - root - INFO - validate roc_auc, 0.9438
2025-09-29 16:23:34,026 - root - INFO - new node validate loss: 0.3267
2025-09-29 16:23:34,026 - root - INFO - new node validate average_precision, 0.9395
2025-09-29 16:23:34,026 - root - INFO - new node validate roc_auc, 0.9386
2025-09-29 16:23:53,788 - root - INFO - test loss: 0.3565
2025-09-29 16:23:53,788 - root - INFO - test average_precision, 0.9310
2025-09-29 16:23:53,788 - root - INFO - best test average_precision: 0.9310
2025-09-29 16:23:53,788 - root - INFO - test roc_auc, 0.9303
2025-09-29 16:23:53,789 - root - INFO - new node test loss: 0.3873
2025-09-29 16:23:53,789 - root - INFO - new node test average_precision, 0.9162
2025-09-29 16:23:53,789 - root - INFO - new node test roc_auc, 0.9157
2025-09-29 16:25:13,722 - root - INFO - Epoch: 13, learning rate: 0.0001, train loss: 0.2064
2025-09-29 16:25:13,722 - root - INFO - train average_precision, 0.9737
2025-09-29 16:25:13,722 - root - INFO - train roc_auc, 0.9741
2025-09-29 16:25:13,722 - root - INFO - validate loss: 0.3201
2025-09-29 16:25:13,722 - root - INFO - validate average_precision, 0.9458
2025-09-29 16:25:13,722 - root - INFO - validate roc_auc, 0.9454
2025-09-29 16:25:13,722 - root - INFO - new node validate loss: 0.3283
2025-09-29 16:25:13,722 - root - INFO - new node validate average_precision, 0.9400
2025-09-29 16:25:13,723 - root - INFO - new node validate roc_auc, 0.9394
2025-09-29 16:25:33,425 - root - INFO - test loss: 0.3639
2025-09-29 16:25:33,425 - root - INFO - test average_precision, 0.9300
2025-09-29 16:25:33,425 - root - INFO - best test average_precision: 0.9310
2025-09-29 16:25:33,425 - root - INFO - test roc_auc, 0.9296
2025-09-29 16:25:33,425 - root - INFO - new node test loss: 0.3914
2025-09-29 16:25:33,425 - root - INFO - new node test average_precision, 0.9162
2025-09-29 16:25:33,426 - root - INFO - new node test roc_auc, 0.9157
2025-09-29 16:25:33,426 - root - INFO - save model ./saved_models/TGAT/wikipedia/TGAT_seed0/TGAT_seed0.pkl
2025-09-29 16:26:53,469 - root - INFO - Epoch: 14, learning rate: 0.0001, train loss: 0.2026
2025-09-29 16:26:53,469 - root - INFO - train average_precision, 0.9743
2025-09-29 16:26:53,470 - root - INFO - train roc_auc, 0.9748
2025-09-29 16:26:53,470 - root - INFO - validate loss: 0.3163
2025-09-29 16:26:53,470 - root - INFO - validate average_precision, 0.9462
2025-09-29 16:26:53,470 - root - INFO - validate roc_auc, 0.9458
2025-09-29 16:26:53,470 - root - INFO - new node validate loss: 0.3283
2025-09-29 16:26:53,470 - root - INFO - new node validate average_precision, 0.9395
2025-09-29 16:26:53,470 - root - INFO - new node validate roc_auc, 0.9387
2025-09-29 16:27:13,198 - root - INFO - test loss: 0.3573
2025-09-29 16:27:13,198 - root - INFO - test average_precision, 0.9312
2025-09-29 16:27:13,198 - root - INFO - best test average_precision: 0.9312
2025-09-29 16:27:13,198 - root - INFO - test roc_auc, 0.9309
2025-09-29 16:27:13,198 - root - INFO - new node test loss: 0.3887
2025-09-29 16:27:13,198 - root - INFO - new node test average_precision, 0.9163
2025-09-29 16:27:13,198 - root - INFO - new node test roc_auc, 0.9161
2025-09-29 16:27:13,198 - root - INFO - save model ./saved_models/TGAT/wikipedia/TGAT_seed0/TGAT_seed0.pkl
2025-09-29 16:28:33,110 - root - INFO - Epoch: 15, learning rate: 0.0001, train loss: 0.1972
2025-09-29 16:28:33,110 - root - INFO - train average_precision, 0.9753
2025-09-29 16:28:33,111 - root - INFO - train roc_auc, 0.9760
2025-09-29 16:28:33,111 - root - INFO - validate loss: 0.3186
2025-09-29 16:28:33,111 - root - INFO - validate average_precision, 0.9451
2025-09-29 16:28:33,111 - root - INFO - validate roc_auc, 0.9454
2025-09-29 16:28:33,111 - root - INFO - new node validate loss: 0.3292
2025-09-29 16:28:33,111 - root - INFO - new node validate average_precision, 0.9386
2025-09-29 16:28:33,111 - root - INFO - new node validate roc_auc, 0.9389
2025-09-29 16:28:52,876 - root - INFO - test loss: 0.3651
2025-09-29 16:28:52,876 - root - INFO - test average_precision, 0.9303
2025-09-29 16:28:52,876 - root - INFO - best test average_precision: 0.9312
2025-09-29 16:28:52,876 - root - INFO - test roc_auc, 0.9300
2025-09-29 16:28:52,876 - root - INFO - new node test loss: 0.4003
2025-09-29 16:28:52,876 - root - INFO - new node test average_precision, 0.9152
2025-09-29 16:28:52,876 - root - INFO - new node test roc_auc, 0.9153
2025-09-29 16:30:12,761 - root - INFO - Epoch: 16, learning rate: 0.0001, train loss: 0.1939
2025-09-29 16:30:12,762 - root - INFO - train average_precision, 0.9759
2025-09-29 16:30:12,762 - root - INFO - train roc_auc, 0.9768
2025-09-29 16:30:12,762 - root - INFO - validate loss: 0.3152
2025-09-29 16:30:12,762 - root - INFO - validate average_precision, 0.9461
2025-09-29 16:30:12,762 - root - INFO - validate roc_auc, 0.9462
2025-09-29 16:30:12,762 - root - INFO - new node validate loss: 0.3290
2025-09-29 16:30:12,762 - root - INFO - new node validate average_precision, 0.9401
2025-09-29 16:30:12,762 - root - INFO - new node validate roc_auc, 0.9394
2025-09-29 16:30:32,498 - root - INFO - test loss: 0.3618
2025-09-29 16:30:32,499 - root - INFO - test average_precision, 0.9309
2025-09-29 16:30:32,499 - root - INFO - best test average_precision: 0.9312
2025-09-29 16:30:32,499 - root - INFO - test roc_auc, 0.9308
2025-09-29 16:30:32,499 - root - INFO - new node test loss: 0.4023
2025-09-29 16:30:32,499 - root - INFO - new node test average_precision, 0.9144
2025-09-29 16:30:32,499 - root - INFO - new node test roc_auc, 0.9146
2025-09-29 16:31:52,391 - root - INFO - Epoch: 17, learning rate: 0.0001, train loss: 0.1898
2025-09-29 16:31:52,392 - root - INFO - train average_precision, 0.9770
2025-09-29 16:31:52,392 - root - INFO - train roc_auc, 0.9778
2025-09-29 16:31:52,392 - root - INFO - validate loss: 0.3109
2025-09-29 16:31:52,392 - root - INFO - validate average_precision, 0.9464
2025-09-29 16:31:52,392 - root - INFO - validate roc_auc, 0.9464
2025-09-29 16:31:52,392 - root - INFO - new node validate loss: 0.3322
2025-09-29 16:31:52,392 - root - INFO - new node validate average_precision, 0.9377
2025-09-29 16:31:52,392 - root - INFO - new node validate roc_auc, 0.9371
2025-09-29 16:32:12,103 - root - INFO - test loss: 0.3579
2025-09-29 16:32:12,103 - root - INFO - test average_precision, 0.9305
2025-09-29 16:32:12,103 - root - INFO - best test average_precision: 0.9312
2025-09-29 16:32:12,103 - root - INFO - test roc_auc, 0.9304
2025-09-29 16:32:12,103 - root - INFO - new node test loss: 0.3967
2025-09-29 16:32:12,103 - root - INFO - new node test average_precision, 0.9146
2025-09-29 16:32:12,103 - root - INFO - new node test roc_auc, 0.9146
2025-09-29 16:32:12,104 - root - INFO - save model ./saved_models/TGAT/wikipedia/TGAT_seed0/TGAT_seed0.pkl
2025-09-29 16:33:32,127 - root - INFO - Epoch: 18, learning rate: 0.0001, train loss: 0.1854
2025-09-29 16:33:32,127 - root - INFO - train average_precision, 0.9776
2025-09-29 16:33:32,127 - root - INFO - train roc_auc, 0.9785
2025-09-29 16:33:32,127 - root - INFO - validate loss: 0.3128
2025-09-29 16:33:32,127 - root - INFO - validate average_precision, 0.9467
2025-09-29 16:33:32,127 - root - INFO - validate roc_auc, 0.9465
2025-09-29 16:33:32,128 - root - INFO - new node validate loss: 0.3285
2025-09-29 16:33:32,128 - root - INFO - new node validate average_precision, 0.9402
2025-09-29 16:33:32,128 - root - INFO - new node validate roc_auc, 0.9389
2025-09-29 16:33:51,863 - root - INFO - test loss: 0.3632
2025-09-29 16:33:51,863 - root - INFO - test average_precision, 0.9305
2025-09-29 16:33:51,863 - root - INFO - best test average_precision: 0.9312
2025-09-29 16:33:51,863 - root - INFO - test roc_auc, 0.9300
2025-09-29 16:33:51,863 - root - INFO - new node test loss: 0.3979
2025-09-29 16:33:51,863 - root - INFO - new node test average_precision, 0.9148
2025-09-29 16:33:51,864 - root - INFO - new node test roc_auc, 0.9153
2025-09-29 16:33:51,864 - root - INFO - save model ./saved_models/TGAT/wikipedia/TGAT_seed0/TGAT_seed0.pkl
2025-09-29 16:35:11,821 - root - INFO - Epoch: 19, learning rate: 0.0001, train loss: 0.1808
2025-09-29 16:35:11,821 - root - INFO - train average_precision, 0.9790
2025-09-29 16:35:11,821 - root - INFO - train roc_auc, 0.9797
2025-09-29 16:35:11,821 - root - INFO - validate loss: 0.3199
2025-09-29 16:35:11,821 - root - INFO - validate average_precision, 0.9474
2025-09-29 16:35:11,821 - root - INFO - validate roc_auc, 0.9471
2025-09-29 16:35:11,821 - root - INFO - new node validate loss: 0.3306
2025-09-29 16:35:11,821 - root - INFO - new node validate average_precision, 0.9410
2025-09-29 16:35:11,821 - root - INFO - new node validate roc_auc, 0.9406
2025-09-29 16:35:31,563 - root - INFO - test loss: 0.3649
2025-09-29 16:35:31,564 - root - INFO - test average_precision, 0.9331
2025-09-29 16:35:31,564 - root - INFO - best test average_precision: 0.9331
2025-09-29 16:35:31,564 - root - INFO - test roc_auc, 0.9320
2025-09-29 16:35:31,564 - root - INFO - new node test loss: 0.4020
2025-09-29 16:35:31,564 - root - INFO - new node test average_precision, 0.9171
2025-09-29 16:35:31,564 - root - INFO - new node test roc_auc, 0.9163
2025-09-29 16:35:31,564 - root - INFO - save model ./saved_models/TGAT/wikipedia/TGAT_seed0/TGAT_seed0.pkl
2025-09-29 16:36:51,691 - root - INFO - Epoch: 20, learning rate: 0.0001, train loss: 0.1784
2025-09-29 16:36:51,691 - root - INFO - train average_precision, 0.9795
2025-09-29 16:36:51,692 - root - INFO - train roc_auc, 0.9803
2025-09-29 16:36:51,692 - root - INFO - validate loss: 0.3258
2025-09-29 16:36:51,692 - root - INFO - validate average_precision, 0.9483
2025-09-29 16:36:51,692 - root - INFO - validate roc_auc, 0.9474
2025-09-29 16:36:51,692 - root - INFO - new node validate loss: 0.3366
2025-09-29 16:36:51,692 - root - INFO - new node validate average_precision, 0.9412
2025-09-29 16:36:51,692 - root - INFO - new node validate roc_auc, 0.9403
2025-09-29 16:37:11,446 - root - INFO - test loss: 0.3767
2025-09-29 16:37:11,446 - root - INFO - test average_precision, 0.9325
2025-09-29 16:37:11,446 - root - INFO - best test average_precision: 0.9331
2025-09-29 16:37:11,447 - root - INFO - test roc_auc, 0.9309
2025-09-29 16:37:11,447 - root - INFO - new node test loss: 0.4136
2025-09-29 16:37:11,447 - root - INFO - new node test average_precision, 0.9143
2025-09-29 16:37:11,447 - root - INFO - new node test roc_auc, 0.9145
2025-09-29 16:37:11,447 - root - INFO - save model ./saved_models/TGAT/wikipedia/TGAT_seed0/TGAT_seed0.pkl
2025-09-29 16:38:31,703 - root - INFO - Epoch: 21, learning rate: 0.0001, train loss: 0.1774
2025-09-29 16:38:31,703 - root - INFO - train average_precision, 0.9795
2025-09-29 16:38:31,703 - root - INFO - train roc_auc, 0.9803
2025-09-29 16:38:31,703 - root - INFO - validate loss: 0.3278
2025-09-29 16:38:31,703 - root - INFO - validate average_precision, 0.9472
2025-09-29 16:38:31,703 - root - INFO - validate roc_auc, 0.9466
2025-09-29 16:38:31,703 - root - INFO - new node validate loss: 0.3377
2025-09-29 16:38:31,704 - root - INFO - new node validate average_precision, 0.9384
2025-09-29 16:38:31,704 - root - INFO - new node validate roc_auc, 0.9382
2025-09-29 16:38:51,461 - root - INFO - test loss: 0.3727
2025-09-29 16:38:51,461 - root - INFO - test average_precision, 0.9313
2025-09-29 16:38:51,461 - root - INFO - best test average_precision: 0.9331
2025-09-29 16:38:51,461 - root - INFO - test roc_auc, 0.9305
2025-09-29 16:38:51,461 - root - INFO - new node test loss: 0.3998
2025-09-29 16:38:51,461 - root - INFO - new node test average_precision, 0.9166
2025-09-29 16:38:51,461 - root - INFO - new node test roc_auc, 0.9157
2025-09-29 16:40:11,471 - root - INFO - Epoch: 22, learning rate: 0.0001, train loss: 0.1714
2025-09-29 16:40:11,471 - root - INFO - train average_precision, 0.9812
2025-09-29 16:40:11,471 - root - INFO - train roc_auc, 0.9817
2025-09-29 16:40:11,472 - root - INFO - validate loss: 0.3167
2025-09-29 16:40:11,472 - root - INFO - validate average_precision, 0.9481
2025-09-29 16:40:11,472 - root - INFO - validate roc_auc, 0.9475
2025-09-29 16:40:11,472 - root - INFO - new node validate loss: 0.3337
2025-09-29 16:40:11,472 - root - INFO - new node validate average_precision, 0.9394
2025-09-29 16:40:11,472 - root - INFO - new node validate roc_auc, 0.9389
2025-09-29 16:40:31,234 - root - INFO - test loss: 0.3759
2025-09-29 16:40:31,234 - root - INFO - test average_precision, 0.9294
2025-09-29 16:40:31,235 - root - INFO - best test average_precision: 0.9331
2025-09-29 16:40:31,235 - root - INFO - test roc_auc, 0.9283
2025-09-29 16:40:31,235 - root - INFO - new node test loss: 0.4128
2025-09-29 16:40:31,235 - root - INFO - new node test average_precision, 0.9126
2025-09-29 16:40:31,235 - root - INFO - new node test roc_auc, 0.9120
2025-09-29 16:41:51,292 - root - INFO - Epoch: 23, learning rate: 0.0001, train loss: 0.1709
2025-09-29 16:41:51,292 - root - INFO - train average_precision, 0.9812
2025-09-29 16:41:51,292 - root - INFO - train roc_auc, 0.9818
2025-09-29 16:41:51,292 - root - INFO - validate loss: 0.3186
2025-09-29 16:41:51,292 - root - INFO - validate average_precision, 0.9482
2025-09-29 16:41:51,292 - root - INFO - validate roc_auc, 0.9476
2025-09-29 16:41:51,293 - root - INFO - new node validate loss: 0.3266
2025-09-29 16:41:51,293 - root - INFO - new node validate average_precision, 0.9423
2025-09-29 16:41:51,293 - root - INFO - new node validate roc_auc, 0.9407
2025-09-29 16:42:11,046 - root - INFO - test loss: 0.3682
2025-09-29 16:42:11,047 - root - INFO - test average_precision, 0.9328
2025-09-29 16:42:11,047 - root - INFO - best test average_precision: 0.9331
2025-09-29 16:42:11,047 - root - INFO - test roc_auc, 0.9306
2025-09-29 16:42:11,047 - root - INFO - new node test loss: 0.3970
2025-09-29 16:42:11,047 - root - INFO - new node test average_precision, 0.9185
2025-09-29 16:42:11,047 - root - INFO - new node test roc_auc, 0.9159
2025-09-29 16:43:31,058 - root - INFO - Epoch: 24, learning rate: 0.0001, train loss: 0.1696
2025-09-29 16:43:31,058 - root - INFO - train average_precision, 0.9814
2025-09-29 16:43:31,059 - root - INFO - train roc_auc, 0.9820
2025-09-29 16:43:31,059 - root - INFO - validate loss: 0.3249
2025-09-29 16:43:31,059 - root - INFO - validate average_precision, 0.9495
2025-09-29 16:43:31,059 - root - INFO - validate roc_auc, 0.9487
2025-09-29 16:43:31,059 - root - INFO - new node validate loss: 0.3370
2025-09-29 16:43:31,059 - root - INFO - new node validate average_precision, 0.9412
2025-09-29 16:43:31,059 - root - INFO - new node validate roc_auc, 0.9405
2025-09-29 16:43:50,831 - root - INFO - test loss: 0.3803
2025-09-29 16:43:50,831 - root - INFO - test average_precision, 0.9326
2025-09-29 16:43:50,831 - root - INFO - best test average_precision: 0.9331
2025-09-29 16:43:50,831 - root - INFO - test roc_auc, 0.9310
2025-09-29 16:43:50,831 - root - INFO - new node test loss: 0.4117
2025-09-29 16:43:50,831 - root - INFO - new node test average_precision, 0.9177
2025-09-29 16:43:50,831 - root - INFO - new node test roc_auc, 0.9158
2025-09-29 16:43:50,831 - root - INFO - save model ./saved_models/TGAT/wikipedia/TGAT_seed0/TGAT_seed0.pkl
2025-09-29 16:45:10,873 - root - INFO - Epoch: 25, learning rate: 0.0001, train loss: 0.1660
2025-09-29 16:45:10,874 - root - INFO - train average_precision, 0.9821
2025-09-29 16:45:10,874 - root - INFO - train roc_auc, 0.9827
2025-09-29 16:45:10,874 - root - INFO - validate loss: 0.3285
2025-09-29 16:45:10,874 - root - INFO - validate average_precision, 0.9487
2025-09-29 16:45:10,874 - root - INFO - validate roc_auc, 0.9478
2025-09-29 16:45:10,874 - root - INFO - new node validate loss: 0.3382
2025-09-29 16:45:10,874 - root - INFO - new node validate average_precision, 0.9410
2025-09-29 16:45:10,874 - root - INFO - new node validate roc_auc, 0.9399
2025-09-29 16:45:30,655 - root - INFO - test loss: 0.3789
2025-09-29 16:45:30,655 - root - INFO - test average_precision, 0.9329
2025-09-29 16:45:30,655 - root - INFO - best test average_precision: 0.9331
2025-09-29 16:45:30,655 - root - INFO - test roc_auc, 0.9309
2025-09-29 16:45:30,655 - root - INFO - new node test loss: 0.4079
2025-09-29 16:45:30,655 - root - INFO - new node test average_precision, 0.9173
2025-09-29 16:45:30,655 - root - INFO - new node test roc_auc, 0.9157
2025-09-29 16:46:50,729 - root - INFO - Epoch: 26, learning rate: 0.0001, train loss: 0.1640
2025-09-29 16:46:50,729 - root - INFO - train average_precision, 0.9823
2025-09-29 16:46:50,729 - root - INFO - train roc_auc, 0.9831
2025-09-29 16:46:50,730 - root - INFO - validate loss: 0.3261
2025-09-29 16:46:50,730 - root - INFO - validate average_precision, 0.9488
2025-09-29 16:46:50,730 - root - INFO - validate roc_auc, 0.9475
2025-09-29 16:46:50,730 - root - INFO - new node validate loss: 0.3320
2025-09-29 16:46:50,730 - root - INFO - new node validate average_precision, 0.9430
2025-09-29 16:46:50,730 - root - INFO - new node validate roc_auc, 0.9413
2025-09-29 16:47:10,426 - root - INFO - test loss: 0.3782
2025-09-29 16:47:10,427 - root - INFO - test average_precision, 0.9324
2025-09-29 16:47:10,427 - root - INFO - best test average_precision: 0.9331
2025-09-29 16:47:10,427 - root - INFO - test roc_auc, 0.9297
2025-09-29 16:47:10,427 - root - INFO - new node test loss: 0.4064
2025-09-29 16:47:10,427 - root - INFO - new node test average_precision, 0.9181
2025-09-29 16:47:10,427 - root - INFO - new node test roc_auc, 0.9152
2025-09-29 16:48:30,424 - root - INFO - Epoch: 27, learning rate: 0.0001, train loss: 0.1606
2025-09-29 16:48:30,425 - root - INFO - train average_precision, 0.9830
2025-09-29 16:48:30,425 - root - INFO - train roc_auc, 0.9837
2025-09-29 16:48:30,425 - root - INFO - validate loss: 0.3276
2025-09-29 16:48:30,425 - root - INFO - validate average_precision, 0.9504
2025-09-29 16:48:30,425 - root - INFO - validate roc_auc, 0.9490
2025-09-29 16:48:30,425 - root - INFO - new node validate loss: 0.3376
2025-09-29 16:48:30,425 - root - INFO - new node validate average_precision, 0.9436
2025-09-29 16:48:30,425 - root - INFO - new node validate roc_auc, 0.9421
2025-09-29 16:48:50,214 - root - INFO - test loss: 0.3804
2025-09-29 16:48:50,214 - root - INFO - test average_precision, 0.9335
2025-09-29 16:48:50,214 - root - INFO - best test average_precision: 0.9335
2025-09-29 16:48:50,214 - root - INFO - test roc_auc, 0.9315
2025-09-29 16:48:50,214 - root - INFO - new node test loss: 0.4180
2025-09-29 16:48:50,214 - root - INFO - new node test average_precision, 0.9177
2025-09-29 16:48:50,214 - root - INFO - new node test roc_auc, 0.9156
2025-09-29 16:48:50,214 - root - INFO - save model ./saved_models/TGAT/wikipedia/TGAT_seed0/TGAT_seed0.pkl
2025-09-29 16:50:10,252 - root - INFO - Epoch: 28, learning rate: 0.0001, train loss: 0.1588
2025-09-29 16:50:10,253 - root - INFO - train average_precision, 0.9832
2025-09-29 16:50:10,253 - root - INFO - train roc_auc, 0.9841
2025-09-29 16:50:10,253 - root - INFO - validate loss: 0.3398
2025-09-29 16:50:10,253 - root - INFO - validate average_precision, 0.9494
2025-09-29 16:50:10,253 - root - INFO - validate roc_auc, 0.9484
2025-09-29 16:50:10,253 - root - INFO - new node validate loss: 0.3464
2025-09-29 16:50:10,253 - root - INFO - new node validate average_precision, 0.9413
2025-09-29 16:50:10,253 - root - INFO - new node validate roc_auc, 0.9400
2025-09-29 16:50:30,037 - root - INFO - test loss: 0.3881
2025-09-29 16:50:30,037 - root - INFO - test average_precision, 0.9347
2025-09-29 16:50:30,037 - root - INFO - best test average_precision: 0.9347
2025-09-29 16:50:30,037 - root - INFO - test roc_auc, 0.9328
2025-09-29 16:50:30,037 - root - INFO - new node test loss: 0.4157
2025-09-29 16:50:30,037 - root - INFO - new node test average_precision, 0.9189
2025-09-29 16:50:30,037 - root - INFO - new node test roc_auc, 0.9170
2025-09-29 16:51:50,017 - root - INFO - Epoch: 29, learning rate: 0.0001, train loss: 0.1585
2025-09-29 16:51:50,018 - root - INFO - train average_precision, 0.9833
2025-09-29 16:51:50,018 - root - INFO - train roc_auc, 0.9841
2025-09-29 16:51:50,018 - root - INFO - validate loss: 0.3254
2025-09-29 16:51:50,018 - root - INFO - validate average_precision, 0.9500
2025-09-29 16:51:50,018 - root - INFO - validate roc_auc, 0.9483
2025-09-29 16:51:50,018 - root - INFO - new node validate loss: 0.3383
2025-09-29 16:51:50,018 - root - INFO - new node validate average_precision, 0.9419
2025-09-29 16:51:50,018 - root - INFO - new node validate roc_auc, 0.9397
2025-09-29 16:52:09,794 - root - INFO - test loss: 0.3760
2025-09-29 16:52:09,794 - root - INFO - test average_precision, 0.9330
2025-09-29 16:52:09,794 - root - INFO - best test average_precision: 0.9347
2025-09-29 16:52:09,794 - root - INFO - test roc_auc, 0.9308
2025-09-29 16:52:09,794 - root - INFO - new node test loss: 0.4056
2025-09-29 16:52:09,794 - root - INFO - new node test average_precision, 0.9181
2025-09-29 16:52:09,794 - root - INFO - new node test roc_auc, 0.9157
2025-09-29 16:53:29,844 - root - INFO - Epoch: 30, learning rate: 0.0001, train loss: 0.1549
2025-09-29 16:53:29,845 - root - INFO - train average_precision, 0.9841
2025-09-29 16:53:29,845 - root - INFO - train roc_auc, 0.9848
2025-09-29 16:53:29,845 - root - INFO - validate loss: 0.3369
2025-09-29 16:53:29,845 - root - INFO - validate average_precision, 0.9510
2025-09-29 16:53:29,845 - root - INFO - validate roc_auc, 0.9490
2025-09-29 16:53:29,845 - root - INFO - new node validate loss: 0.3430
2025-09-29 16:53:29,845 - root - INFO - new node validate average_precision, 0.9435
2025-09-29 16:53:29,845 - root - INFO - new node validate roc_auc, 0.9413
2025-09-29 16:53:49,616 - root - INFO - test loss: 0.3810
2025-09-29 16:53:49,616 - root - INFO - test average_precision, 0.9352
2025-09-29 16:53:49,616 - root - INFO - best test average_precision: 0.9352
2025-09-29 16:53:49,616 - root - INFO - test roc_auc, 0.9335
2025-09-29 16:53:49,616 - root - INFO - new node test loss: 0.4039
2025-09-29 16:53:49,616 - root - INFO - new node test average_precision, 0.9219
2025-09-29 16:53:49,616 - root - INFO - new node test roc_auc, 0.9200
2025-09-29 16:55:09,516 - root - INFO - Epoch: 31, learning rate: 0.0001, train loss: 0.1524
2025-09-29 16:55:09,517 - root - INFO - train average_precision, 0.9845
2025-09-29 16:55:09,517 - root - INFO - train roc_auc, 0.9853
2025-09-29 16:55:09,517 - root - INFO - validate loss: 0.3461
2025-09-29 16:55:09,517 - root - INFO - validate average_precision, 0.9504
2025-09-29 16:55:09,517 - root - INFO - validate roc_auc, 0.9482
2025-09-29 16:55:09,517 - root - INFO - new node validate loss: 0.3534
2025-09-29 16:55:09,517 - root - INFO - new node validate average_precision, 0.9427
2025-09-29 16:55:09,517 - root - INFO - new node validate roc_auc, 0.9404
2025-09-29 16:55:29,301 - root - INFO - test loss: 0.3891
2025-09-29 16:55:29,301 - root - INFO - test average_precision, 0.9355
2025-09-29 16:55:29,301 - root - INFO - best test average_precision: 0.9355
2025-09-29 16:55:29,301 - root - INFO - test roc_auc, 0.9331
2025-09-29 16:55:29,301 - root - INFO - new node test loss: 0.4149
2025-09-29 16:55:29,301 - root - INFO - new node test average_precision, 0.9213
2025-09-29 16:55:29,301 - root - INFO - new node test roc_auc, 0.9195
2025-09-29 16:56:49,349 - root - INFO - Epoch: 32, learning rate: 0.0001, train loss: 0.1513
2025-09-29 16:56:49,349 - root - INFO - train average_precision, 0.9847
2025-09-29 16:56:49,350 - root - INFO - train roc_auc, 0.9855
2025-09-29 16:56:49,350 - root - INFO - validate loss: 0.3491
2025-09-29 16:56:49,350 - root - INFO - validate average_precision, 0.9513
2025-09-29 16:56:49,350 - root - INFO - validate roc_auc, 0.9493
2025-09-29 16:56:49,350 - root - INFO - new node validate loss: 0.3512
2025-09-29 16:56:49,350 - root - INFO - new node validate average_precision, 0.9441
2025-09-29 16:56:49,350 - root - INFO - new node validate roc_auc, 0.9416
2025-09-29 16:57:09,115 - root - INFO - test loss: 0.3994
2025-09-29 16:57:09,115 - root - INFO - test average_precision, 0.9347
2025-09-29 16:57:09,115 - root - INFO - best test average_precision: 0.9355
2025-09-29 16:57:09,116 - root - INFO - test roc_auc, 0.9323
2025-09-29 16:57:09,116 - root - INFO - new node test loss: 0.4258
2025-09-29 16:57:09,116 - root - INFO - new node test average_precision, 0.9193
2025-09-29 16:57:09,116 - root - INFO - new node test roc_auc, 0.9170
2025-09-29 16:57:09,116 - root - INFO - save model ./saved_models/TGAT/wikipedia/TGAT_seed0/TGAT_seed0.pkl
2025-09-29 16:58:29,135 - root - INFO - Epoch: 33, learning rate: 0.0001, train loss: 0.1499
2025-09-29 16:58:29,136 - root - INFO - train average_precision, 0.9849
2025-09-29 16:58:29,136 - root - INFO - train roc_auc, 0.9857
2025-09-29 16:58:29,136 - root - INFO - validate loss: 0.3414
2025-09-29 16:58:29,136 - root - INFO - validate average_precision, 0.9515
2025-09-29 16:58:29,136 - root - INFO - validate roc_auc, 0.9498
2025-09-29 16:58:29,137 - root - INFO - new node validate loss: 0.3472
2025-09-29 16:58:29,137 - root - INFO - new node validate average_precision, 0.9445
2025-09-29 16:58:29,137 - root - INFO - new node validate roc_auc, 0.9428
2025-09-29 16:58:48,954 - root - INFO - test loss: 0.4027
2025-09-29 16:58:48,954 - root - INFO - test average_precision, 0.9330
2025-09-29 16:58:48,954 - root - INFO - best test average_precision: 0.9355
2025-09-29 16:58:48,954 - root - INFO - test roc_auc, 0.9310
2025-09-29 16:58:48,954 - root - INFO - new node test loss: 0.4294
2025-09-29 16:58:48,954 - root - INFO - new node test average_precision, 0.9197
2025-09-29 16:58:48,954 - root - INFO - new node test roc_auc, 0.9170
2025-09-29 16:58:48,954 - root - INFO - save model ./saved_models/TGAT/wikipedia/TGAT_seed0/TGAT_seed0.pkl
2025-09-29 17:00:08,947 - root - INFO - Epoch: 34, learning rate: 0.0001, train loss: 0.1480
2025-09-29 17:00:08,948 - root - INFO - train average_precision, 0.9853
2025-09-29 17:00:08,948 - root - INFO - train roc_auc, 0.9860
2025-09-29 17:00:08,948 - root - INFO - validate loss: 0.3481
2025-09-29 17:00:08,948 - root - INFO - validate average_precision, 0.9519
2025-09-29 17:00:08,949 - root - INFO - validate roc_auc, 0.9502
2025-09-29 17:00:08,949 - root - INFO - new node validate loss: 0.3503
2025-09-29 17:00:08,949 - root - INFO - new node validate average_precision, 0.9443
2025-09-29 17:00:08,949 - root - INFO - new node validate roc_auc, 0.9425
2025-09-29 17:00:28,726 - root - INFO - test loss: 0.3970
2025-09-29 17:00:28,726 - root - INFO - test average_precision, 0.9358
2025-09-29 17:00:28,726 - root - INFO - best test average_precision: 0.9358
2025-09-29 17:00:28,726 - root - INFO - test roc_auc, 0.9338
2025-09-29 17:00:28,726 - root - INFO - new node test loss: 0.4268
2025-09-29 17:00:28,726 - root - INFO - new node test average_precision, 0.9204
2025-09-29 17:00:28,726 - root - INFO - new node test roc_auc, 0.9182
2025-09-29 17:00:28,727 - root - INFO - save model ./saved_models/TGAT/wikipedia/TGAT_seed0/TGAT_seed0.pkl
2025-09-29 17:01:48,720 - root - INFO - Epoch: 35, learning rate: 0.0001, train loss: 0.1445
2025-09-29 17:01:48,721 - root - INFO - train average_precision, 0.9860
2025-09-29 17:01:48,721 - root - INFO - train roc_auc, 0.9867
2025-09-29 17:01:48,721 - root - INFO - validate loss: 0.3594
2025-09-29 17:01:48,721 - root - INFO - validate average_precision, 0.9492
2025-09-29 17:01:48,721 - root - INFO - validate roc_auc, 0.9475
2025-09-29 17:01:48,721 - root - INFO - new node validate loss: 0.3756
2025-09-29 17:01:48,721 - root - INFO - new node validate average_precision, 0.9400
2025-09-29 17:01:48,721 - root - INFO - new node validate roc_auc, 0.9368
2025-09-29 17:02:08,386 - root - INFO - test loss: 0.4102
2025-09-29 17:02:08,387 - root - INFO - test average_precision, 0.9331
2025-09-29 17:02:08,387 - root - INFO - best test average_precision: 0.9358
2025-09-29 17:02:08,387 - root - INFO - test roc_auc, 0.9309
2025-09-29 17:02:08,387 - root - INFO - new node test loss: 0.4463
2025-09-29 17:02:08,387 - root - INFO - new node test average_precision, 0.9159
2025-09-29 17:02:08,387 - root - INFO - new node test roc_auc, 0.9138
2025-09-29 17:03:28,311 - root - INFO - Epoch: 36, learning rate: 0.0001, train loss: 0.1457
2025-09-29 17:03:28,312 - root - INFO - train average_precision, 0.9857
2025-09-29 17:03:28,312 - root - INFO - train roc_auc, 0.9865
2025-09-29 17:03:28,312 - root - INFO - validate loss: 0.3474
2025-09-29 17:03:28,312 - root - INFO - validate average_precision, 0.9507
2025-09-29 17:03:28,312 - root - INFO - validate roc_auc, 0.9489
2025-09-29 17:03:28,312 - root - INFO - new node validate loss: 0.3569
2025-09-29 17:03:28,312 - root - INFO - new node validate average_precision, 0.9421
2025-09-29 17:03:28,312 - root - INFO - new node validate roc_auc, 0.9400
2025-09-29 17:03:48,024 - root - INFO - test loss: 0.4007
2025-09-29 17:03:48,024 - root - INFO - test average_precision, 0.9345
2025-09-29 17:03:48,024 - root - INFO - best test average_precision: 0.9358
2025-09-29 17:03:48,024 - root - INFO - test roc_auc, 0.9320
2025-09-29 17:03:48,025 - root - INFO - new node test loss: 0.4359
2025-09-29 17:03:48,025 - root - INFO - new node test average_precision, 0.9196
2025-09-29 17:03:48,025 - root - INFO - new node test roc_auc, 0.9162
2025-09-29 17:05:08,020 - root - INFO - Epoch: 37, learning rate: 0.0001, train loss: 0.1437
2025-09-29 17:05:08,021 - root - INFO - train average_precision, 0.9859
2025-09-29 17:05:08,021 - root - INFO - train roc_auc, 0.9868
2025-09-29 17:05:08,021 - root - INFO - validate loss: 0.3401
2025-09-29 17:05:08,021 - root - INFO - validate average_precision, 0.9529
2025-09-29 17:05:08,021 - root - INFO - validate roc_auc, 0.9512
2025-09-29 17:05:08,021 - root - INFO - new node validate loss: 0.3487
2025-09-29 17:05:08,021 - root - INFO - new node validate average_precision, 0.9446
2025-09-29 17:05:08,021 - root - INFO - new node validate roc_auc, 0.9425
2025-09-29 17:05:27,788 - root - INFO - test loss: 0.3944
2025-09-29 17:05:27,788 - root - INFO - test average_precision, 0.9368
2025-09-29 17:05:27,789 - root - INFO - best test average_precision: 0.9368
2025-09-29 17:05:27,789 - root - INFO - test roc_auc, 0.9340
2025-09-29 17:05:27,789 - root - INFO - new node test loss: 0.4224
2025-09-29 17:05:27,789 - root - INFO - new node test average_precision, 0.9222
2025-09-29 17:05:27,789 - root - INFO - new node test roc_auc, 0.9196
2025-09-29 17:05:27,789 - root - INFO - save model ./saved_models/TGAT/wikipedia/TGAT_seed0/TGAT_seed0.pkl
2025-09-29 17:06:47,911 - root - INFO - Epoch: 38, learning rate: 0.0001, train loss: 0.1414
2025-09-29 17:06:47,911 - root - INFO - train average_precision, 0.9866
2025-09-29 17:06:47,911 - root - INFO - train roc_auc, 0.9873
2025-09-29 17:06:47,912 - root - INFO - validate loss: 0.3436
2025-09-29 17:06:47,912 - root - INFO - validate average_precision, 0.9515
2025-09-29 17:06:47,912 - root - INFO - validate roc_auc, 0.9502
2025-09-29 17:06:47,912 - root - INFO - new node validate loss: 0.3546
2025-09-29 17:06:47,912 - root - INFO - new node validate average_precision, 0.9439
2025-09-29 17:06:47,912 - root - INFO - new node validate roc_auc, 0.9415
2025-09-29 17:07:07,639 - root - INFO - test loss: 0.3971
2025-09-29 17:07:07,639 - root - INFO - test average_precision, 0.9358
2025-09-29 17:07:07,639 - root - INFO - best test average_precision: 0.9368
2025-09-29 17:07:07,639 - root - INFO - test roc_auc, 0.9334
2025-09-29 17:07:07,639 - root - INFO - new node test loss: 0.4300
2025-09-29 17:07:07,639 - root - INFO - new node test average_precision, 0.9218
2025-09-29 17:07:07,639 - root - INFO - new node test roc_auc, 0.9187
2025-09-29 17:08:27,764 - root - INFO - Epoch: 39, learning rate: 0.0001, train loss: 0.1416
2025-09-29 17:08:27,765 - root - INFO - train average_precision, 0.9862
2025-09-29 17:08:27,765 - root - INFO - train roc_auc, 0.9871
2025-09-29 17:08:27,765 - root - INFO - validate loss: 0.3671
2025-09-29 17:08:27,765 - root - INFO - validate average_precision, 0.9519
2025-09-29 17:08:27,765 - root - INFO - validate roc_auc, 0.9499
2025-09-29 17:08:27,765 - root - INFO - new node validate loss: 0.3778
2025-09-29 17:08:27,765 - root - INFO - new node validate average_precision, 0.9435
2025-09-29 17:08:27,765 - root - INFO - new node validate roc_auc, 0.9403
2025-09-29 17:08:47,611 - root - INFO - test loss: 0.4181
2025-09-29 17:08:47,611 - root - INFO - test average_precision, 0.9365
2025-09-29 17:08:47,611 - root - INFO - best test average_precision: 0.9368
2025-09-29 17:08:47,611 - root - INFO - test roc_auc, 0.9334
2025-09-29 17:08:47,611 - root - INFO - new node test loss: 0.4502
2025-09-29 17:08:47,611 - root - INFO - new node test average_precision, 0.9209
2025-09-29 17:08:47,611 - root - INFO - new node test roc_auc, 0.9171
2025-09-29 17:10:07,541 - root - INFO - Epoch: 40, learning rate: 0.0001, train loss: 0.1387
2025-09-29 17:10:07,542 - root - INFO - train average_precision, 0.9870
2025-09-29 17:10:07,542 - root - INFO - train roc_auc, 0.9877
2025-09-29 17:10:07,542 - root - INFO - validate loss: 0.3576
2025-09-29 17:10:07,542 - root - INFO - validate average_precision, 0.9519
2025-09-29 17:10:07,542 - root - INFO - validate roc_auc, 0.9500
2025-09-29 17:10:07,542 - root - INFO - new node validate loss: 0.3653
2025-09-29 17:10:07,542 - root - INFO - new node validate average_precision, 0.9446
2025-09-29 17:10:07,542 - root - INFO - new node validate roc_auc, 0.9414
2025-09-29 17:10:27,272 - root - INFO - test loss: 0.4081
2025-09-29 17:10:27,272 - root - INFO - test average_precision, 0.9365
2025-09-29 17:10:27,272 - root - INFO - best test average_precision: 0.9368
2025-09-29 17:10:27,272 - root - INFO - test roc_auc, 0.9337
2025-09-29 17:10:27,272 - root - INFO - new node test loss: 0.4367
2025-09-29 17:10:27,272 - root - INFO - new node test average_precision, 0.9224
2025-09-29 17:10:27,272 - root - INFO - new node test roc_auc, 0.9193
2025-09-29 17:11:47,368 - root - INFO - Epoch: 41, learning rate: 0.0001, train loss: 0.1360
2025-09-29 17:11:47,368 - root - INFO - train average_precision, 0.9875
2025-09-29 17:11:47,368 - root - INFO - train roc_auc, 0.9881
2025-09-29 17:11:47,369 - root - INFO - validate loss: 0.3643
2025-09-29 17:11:47,369 - root - INFO - validate average_precision, 0.9529
2025-09-29 17:11:47,369 - root - INFO - validate roc_auc, 0.9507
2025-09-29 17:11:47,369 - root - INFO - new node validate loss: 0.3698
2025-09-29 17:11:47,369 - root - INFO - new node validate average_precision, 0.9448
2025-09-29 17:11:47,369 - root - INFO - new node validate roc_auc, 0.9418
2025-09-29 17:12:07,106 - root - INFO - test loss: 0.4171
2025-09-29 17:12:07,107 - root - INFO - test average_precision, 0.9368
2025-09-29 17:12:07,107 - root - INFO - best test average_precision: 0.9368
2025-09-29 17:12:07,107 - root - INFO - test roc_auc, 0.9343
2025-09-29 17:12:07,107 - root - INFO - new node test loss: 0.4469
2025-09-29 17:12:07,107 - root - INFO - new node test average_precision, 0.9221
2025-09-29 17:12:07,107 - root - INFO - new node test roc_auc, 0.9187
2025-09-29 17:13:27,276 - root - INFO - Epoch: 42, learning rate: 0.0001, train loss: 0.1367
2025-09-29 17:13:27,277 - root - INFO - train average_precision, 0.9872
2025-09-29 17:13:27,277 - root - INFO - train roc_auc, 0.9880
2025-09-29 17:13:27,277 - root - INFO - validate loss: 0.3590
2025-09-29 17:13:27,277 - root - INFO - validate average_precision, 0.9539
2025-09-29 17:13:27,277 - root - INFO - validate roc_auc, 0.9512
2025-09-29 17:13:27,278 - root - INFO - new node validate loss: 0.3684
2025-09-29 17:13:27,278 - root - INFO - new node validate average_precision, 0.9444
2025-09-29 17:13:27,278 - root - INFO - new node validate roc_auc, 0.9417
2025-09-29 17:13:47,072 - root - INFO - test loss: 0.4167
2025-09-29 17:13:47,072 - root - INFO - test average_precision, 0.9376
2025-09-29 17:13:47,073 - root - INFO - best test average_precision: 0.9376
2025-09-29 17:13:47,073 - root - INFO - test roc_auc, 0.9340
2025-09-29 17:13:47,073 - root - INFO - new node test loss: 0.4476
2025-09-29 17:13:47,073 - root - INFO - new node test average_precision, 0.9230
2025-09-29 17:13:47,073 - root - INFO - new node test roc_auc, 0.9184
2025-09-29 17:13:47,073 - root - INFO - save model ./saved_models/TGAT/wikipedia/TGAT_seed0/TGAT_seed0.pkl
2025-09-29 17:15:07,149 - root - INFO - Epoch: 43, learning rate: 0.0001, train loss: 0.1348
2025-09-29 17:15:07,150 - root - INFO - train average_precision, 0.9876
2025-09-29 17:15:07,150 - root - INFO - train roc_auc, 0.9883
2025-09-29 17:15:07,150 - root - INFO - validate loss: 0.3728
2025-09-29 17:15:07,150 - root - INFO - validate average_precision, 0.9527
2025-09-29 17:15:07,150 - root - INFO - validate roc_auc, 0.9501
2025-09-29 17:15:07,150 - root - INFO - new node validate loss: 0.3780
2025-09-29 17:15:07,150 - root - INFO - new node validate average_precision, 0.9441
2025-09-29 17:15:07,150 - root - INFO - new node validate roc_auc, 0.9410
2025-09-29 17:15:26,834 - root - INFO - test loss: 0.4271
2025-09-29 17:15:26,834 - root - INFO - test average_precision, 0.9368
2025-09-29 17:15:26,834 - root - INFO - best test average_precision: 0.9376
2025-09-29 17:15:26,834 - root - INFO - test roc_auc, 0.9330
2025-09-29 17:15:26,834 - root - INFO - new node test loss: 0.4612
2025-09-29 17:15:26,834 - root - INFO - new node test average_precision, 0.9206
2025-09-29 17:15:26,834 - root - INFO - new node test roc_auc, 0.9157
2025-09-29 17:16:46,850 - root - INFO - Epoch: 44, learning rate: 0.0001, train loss: 0.1338
2025-09-29 17:16:46,851 - root - INFO - train average_precision, 0.9878
2025-09-29 17:16:46,851 - root - INFO - train roc_auc, 0.9884
2025-09-29 17:16:46,851 - root - INFO - validate loss: 0.3528
2025-09-29 17:16:46,851 - root - INFO - validate average_precision, 0.9537
2025-09-29 17:16:46,851 - root - INFO - validate roc_auc, 0.9515
2025-09-29 17:16:46,851 - root - INFO - new node validate loss: 0.3703
2025-09-29 17:16:46,851 - root - INFO - new node validate average_precision, 0.9455
2025-09-29 17:16:46,851 - root - INFO - new node validate roc_auc, 0.9419
2025-09-29 17:17:06,523 - root - INFO - test loss: 0.4088
2025-09-29 17:17:06,523 - root - INFO - test average_precision, 0.9377
2025-09-29 17:17:06,523 - root - INFO - best test average_precision: 0.9377
2025-09-29 17:17:06,524 - root - INFO - test roc_auc, 0.9344
2025-09-29 17:17:06,524 - root - INFO - new node test loss: 0.4418
2025-09-29 17:17:06,524 - root - INFO - new node test average_precision, 0.9236
2025-09-29 17:17:06,524 - root - INFO - new node test roc_auc, 0.9192
2025-09-29 17:18:26,479 - root - INFO - Epoch: 45, learning rate: 0.0001, train loss: 0.1332
2025-09-29 17:18:26,480 - root - INFO - train average_precision, 0.9880
2025-09-29 17:18:26,480 - root - INFO - train roc_auc, 0.9886
2025-09-29 17:18:26,480 - root - INFO - validate loss: 0.3580
2025-09-29 17:18:26,480 - root - INFO - validate average_precision, 0.9540
2025-09-29 17:18:26,480 - root - INFO - validate roc_auc, 0.9519
2025-09-29 17:18:26,480 - root - INFO - new node validate loss: 0.3704
2025-09-29 17:18:26,480 - root - INFO - new node validate average_precision, 0.9454
2025-09-29 17:18:26,480 - root - INFO - new node validate roc_auc, 0.9426
2025-09-29 17:18:46,202 - root - INFO - test loss: 0.4150
2025-09-29 17:18:46,202 - root - INFO - test average_precision, 0.9381
2025-09-29 17:18:46,202 - root - INFO - best test average_precision: 0.9381
2025-09-29 17:18:46,202 - root - INFO - test roc_auc, 0.9349
2025-09-29 17:18:46,203 - root - INFO - new node test loss: 0.4459
2025-09-29 17:18:46,203 - root - INFO - new node test average_precision, 0.9239
2025-09-29 17:18:46,203 - root - INFO - new node test roc_auc, 0.9199
2025-09-29 17:18:46,203 - root - INFO - save model ./saved_models/TGAT/wikipedia/TGAT_seed0/TGAT_seed0.pkl
2025-09-29 17:20:06,299 - root - INFO - Epoch: 46, learning rate: 0.0001, train loss: 0.1313
2025-09-29 17:20:06,299 - root - INFO - train average_precision, 0.9882
2025-09-29 17:20:06,300 - root - INFO - train roc_auc, 0.9888
2025-09-29 17:20:06,300 - root - INFO - validate loss: 0.3956
2025-09-29 17:20:06,300 - root - INFO - validate average_precision, 0.9533
2025-09-29 17:20:06,300 - root - INFO - validate roc_auc, 0.9506
2025-09-29 17:20:06,300 - root - INFO - new node validate loss: 0.4016
2025-09-29 17:20:06,300 - root - INFO - new node validate average_precision, 0.9450
2025-09-29 17:20:06,300 - root - INFO - new node validate roc_auc, 0.9413
2025-09-29 17:20:26,057 - root - INFO - test loss: 0.4449
2025-09-29 17:20:26,057 - root - INFO - test average_precision, 0.9382
2025-09-29 17:20:26,057 - root - INFO - best test average_precision: 0.9382
2025-09-29 17:20:26,057 - root - INFO - test roc_auc, 0.9349
2025-09-29 17:20:26,057 - root - INFO - new node test loss: 0.4693
2025-09-29 17:20:26,057 - root - INFO - new node test average_precision, 0.9243
2025-09-29 17:20:26,057 - root - INFO - new node test roc_auc, 0.9197
2025-09-29 17:21:46,085 - root - INFO - Epoch: 47, learning rate: 0.0001, train loss: 0.1297
2025-09-29 17:21:46,085 - root - INFO - train average_precision, 0.9883
2025-09-29 17:21:46,086 - root - INFO - train roc_auc, 0.9891
2025-09-29 17:21:46,086 - root - INFO - validate loss: 0.3434
2025-09-29 17:21:46,086 - root - INFO - validate average_precision, 0.9541
2025-09-29 17:21:46,086 - root - INFO - validate roc_auc, 0.9515
2025-09-29 17:21:46,086 - root - INFO - new node validate loss: 0.3578
2025-09-29 17:21:46,086 - root - INFO - new node validate average_precision, 0.9452
2025-09-29 17:21:46,086 - root - INFO - new node validate roc_auc, 0.9420
2025-09-29 17:22:05,779 - root - INFO - test loss: 0.3996
2025-09-29 17:22:05,779 - root - INFO - test average_precision, 0.9379
2025-09-29 17:22:05,779 - root - INFO - best test average_precision: 0.9382
2025-09-29 17:22:05,779 - root - INFO - test roc_auc, 0.9343
2025-09-29 17:22:05,779 - root - INFO - new node test loss: 0.4349
2025-09-29 17:22:05,779 - root - INFO - new node test average_precision, 0.9241
2025-09-29 17:22:05,779 - root - INFO - new node test roc_auc, 0.9191
2025-09-29 17:23:25,755 - root - INFO - Epoch: 48, learning rate: 0.0001, train loss: 0.1305
2025-09-29 17:23:25,756 - root - INFO - train average_precision, 0.9882
2025-09-29 17:23:25,756 - root - INFO - train roc_auc, 0.9889
2025-09-29 17:23:25,756 - root - INFO - validate loss: 0.3597
2025-09-29 17:23:25,756 - root - INFO - validate average_precision, 0.9535
2025-09-29 17:23:25,756 - root - INFO - validate roc_auc, 0.9513
2025-09-29 17:23:25,756 - root - INFO - new node validate loss: 0.3703
2025-09-29 17:23:25,756 - root - INFO - new node validate average_precision, 0.9452
2025-09-29 17:23:25,756 - root - INFO - new node validate roc_auc, 0.9421
2025-09-29 17:23:45,495 - root - INFO - test loss: 0.4148
2025-09-29 17:23:45,495 - root - INFO - test average_precision, 0.9378
2025-09-29 17:23:45,495 - root - INFO - best test average_precision: 0.9382
2025-09-29 17:23:45,495 - root - INFO - test roc_auc, 0.9346
2025-09-29 17:23:45,495 - root - INFO - new node test loss: 0.4452
2025-09-29 17:23:45,495 - root - INFO - new node test average_precision, 0.9237
2025-09-29 17:23:45,495 - root - INFO - new node test roc_auc, 0.9196
2025-09-29 17:25:05,378 - root - INFO - Epoch: 49, learning rate: 0.0001, train loss: 0.1281
2025-09-29 17:25:05,378 - root - INFO - train average_precision, 0.9886
2025-09-29 17:25:05,378 - root - INFO - train roc_auc, 0.9893
2025-09-29 17:25:05,379 - root - INFO - validate loss: 0.3672
2025-09-29 17:25:05,379 - root - INFO - validate average_precision, 0.9539
2025-09-29 17:25:05,379 - root - INFO - validate roc_auc, 0.9520
2025-09-29 17:25:05,379 - root - INFO - new node validate loss: 0.3802
2025-09-29 17:25:05,379 - root - INFO - new node validate average_precision, 0.9463
2025-09-29 17:25:05,379 - root - INFO - new node validate roc_auc, 0.9424
2025-09-29 17:25:25,111 - root - INFO - test loss: 0.4253
2025-09-29 17:25:25,111 - root - INFO - test average_precision, 0.9384
2025-09-29 17:25:25,111 - root - INFO - best test average_precision: 0.9384
2025-09-29 17:25:25,111 - root - INFO - test roc_auc, 0.9346
2025-09-29 17:25:25,111 - root - INFO - new node test loss: 0.4572
2025-09-29 17:25:25,111 - root - INFO - new node test average_precision, 0.9244
2025-09-29 17:25:25,111 - root - INFO - new node test roc_auc, 0.9194
2025-09-29 17:26:45,154 - root - INFO - Epoch: 50, learning rate: 0.0001, train loss: 0.1276
2025-09-29 17:26:45,155 - root - INFO - train average_precision, 0.9887
2025-09-29 17:26:45,155 - root - INFO - train roc_auc, 0.9894
2025-09-29 17:26:45,155 - root - INFO - validate loss: 0.3733
2025-09-29 17:26:45,155 - root - INFO - validate average_precision, 0.9543
2025-09-29 17:26:45,155 - root - INFO - validate roc_auc, 0.9521
2025-09-29 17:26:45,155 - root - INFO - new node validate loss: 0.3850
2025-09-29 17:26:45,155 - root - INFO - new node validate average_precision, 0.9456
2025-09-29 17:26:45,155 - root - INFO - new node validate roc_auc, 0.9421
2025-09-29 17:27:04,874 - root - INFO - test loss: 0.4319
2025-09-29 17:27:04,875 - root - INFO - test average_precision, 0.9392
2025-09-29 17:27:04,875 - root - INFO - best test average_precision: 0.9392
2025-09-29 17:27:04,875 - root - INFO - test roc_auc, 0.9352
2025-09-29 17:27:04,875 - root - INFO - new node test loss: 0.4593
2025-09-29 17:27:04,875 - root - INFO - new node test average_precision, 0.9250
2025-09-29 17:27:04,875 - root - INFO - new node test roc_auc, 0.9200
2025-09-29 17:27:04,875 - root - INFO - save model ./saved_models/TGAT/wikipedia/TGAT_seed0/TGAT_seed0.pkl
2025-09-29 17:28:24,892 - root - INFO - Epoch: 51, learning rate: 0.0001, train loss: 0.1258
2025-09-29 17:28:24,893 - root - INFO - train average_precision, 0.9892
2025-09-29 17:28:24,893 - root - INFO - train roc_auc, 0.9898
2025-09-29 17:28:24,893 - root - INFO - validate loss: 0.3498
2025-09-29 17:28:24,893 - root - INFO - validate average_precision, 0.9553
2025-09-29 17:28:24,893 - root - INFO - validate roc_auc, 0.9531
2025-09-29 17:28:24,893 - root - INFO - new node validate loss: 0.3627
2025-09-29 17:28:24,893 - root - INFO - new node validate average_precision, 0.9470
2025-09-29 17:28:24,893 - root - INFO - new node validate roc_auc, 0.9439
2025-09-29 17:28:44,619 - root - INFO - test loss: 0.4088
2025-09-29 17:28:44,620 - root - INFO - test average_precision, 0.9396
2025-09-29 17:28:44,620 - root - INFO - best test average_precision: 0.9396
2025-09-29 17:28:44,620 - root - INFO - test roc_auc, 0.9365
2025-09-29 17:28:44,620 - root - INFO - new node test loss: 0.4397
2025-09-29 17:28:44,620 - root - INFO - new node test average_precision, 0.9251
2025-09-29 17:28:44,620 - root - INFO - new node test roc_auc, 0.9211
2025-09-29 17:28:44,620 - root - INFO - save model ./saved_models/TGAT/wikipedia/TGAT_seed0/TGAT_seed0.pkl
2025-09-29 17:30:04,711 - root - INFO - Epoch: 52, learning rate: 0.0001, train loss: 0.1257
2025-09-29 17:30:04,712 - root - INFO - train average_precision, 0.9890
2025-09-29 17:30:04,712 - root - INFO - train roc_auc, 0.9897
2025-09-29 17:30:04,712 - root - INFO - validate loss: 0.3668
2025-09-29 17:30:04,712 - root - INFO - validate average_precision, 0.9556
2025-09-29 17:30:04,712 - root - INFO - validate roc_auc, 0.9527
2025-09-29 17:30:04,712 - root - INFO - new node validate loss: 0.3818
2025-09-29 17:30:04,712 - root - INFO - new node validate average_precision, 0.9460
2025-09-29 17:30:04,712 - root - INFO - new node validate roc_auc, 0.9424
2025-09-29 17:30:24,497 - root - INFO - test loss: 0.4320
2025-09-29 17:30:24,497 - root - INFO - test average_precision, 0.9387
2025-09-29 17:30:24,497 - root - INFO - best test average_precision: 0.9396
2025-09-29 17:30:24,497 - root - INFO - test roc_auc, 0.9345
2025-09-29 17:30:24,498 - root - INFO - new node test loss: 0.4613
2025-09-29 17:30:24,498 - root - INFO - new node test average_precision, 0.9248
2025-09-29 17:30:24,498 - root - INFO - new node test roc_auc, 0.9191
2025-09-29 17:31:44,542 - root - INFO - Epoch: 53, learning rate: 0.0001, train loss: 0.1235
2025-09-29 17:31:44,543 - root - INFO - train average_precision, 0.9891
2025-09-29 17:31:44,543 - root - INFO - train roc_auc, 0.9900
2025-09-29 17:31:44,543 - root - INFO - validate loss: 0.3663
2025-09-29 17:31:44,543 - root - INFO - validate average_precision, 0.9553
2025-09-29 17:31:44,543 - root - INFO - validate roc_auc, 0.9526
2025-09-29 17:31:44,543 - root - INFO - new node validate loss: 0.3857
2025-09-29 17:31:44,543 - root - INFO - new node validate average_precision, 0.9455
2025-09-29 17:31:44,543 - root - INFO - new node validate roc_auc, 0.9415
2025-09-29 17:32:04,325 - root - INFO - test loss: 0.4177
2025-09-29 17:32:04,325 - root - INFO - test average_precision, 0.9403
2025-09-29 17:32:04,325 - root - INFO - best test average_precision: 0.9403
2025-09-29 17:32:04,325 - root - INFO - test roc_auc, 0.9366
2025-09-29 17:32:04,325 - root - INFO - new node test loss: 0.4474
2025-09-29 17:32:04,325 - root - INFO - new node test average_precision, 0.9254
2025-09-29 17:32:04,325 - root - INFO - new node test roc_auc, 0.9206
2025-09-29 17:33:24,249 - root - INFO - Epoch: 54, learning rate: 0.0001, train loss: 0.1224
2025-09-29 17:33:24,250 - root - INFO - train average_precision, 0.9893
2025-09-29 17:33:24,250 - root - INFO - train roc_auc, 0.9901
2025-09-29 17:33:24,250 - root - INFO - validate loss: 0.3441
2025-09-29 17:33:24,251 - root - INFO - validate average_precision, 0.9557
2025-09-29 17:33:24,251 - root - INFO - validate roc_auc, 0.9535
2025-09-29 17:33:24,251 - root - INFO - new node validate loss: 0.3669
2025-09-29 17:33:24,251 - root - INFO - new node validate average_precision, 0.9460
2025-09-29 17:33:24,251 - root - INFO - new node validate roc_auc, 0.9429
2025-09-29 17:33:44,000 - root - INFO - test loss: 0.4062
2025-09-29 17:33:44,000 - root - INFO - test average_precision, 0.9397
2025-09-29 17:33:44,000 - root - INFO - best test average_precision: 0.9403
2025-09-29 17:33:44,001 - root - INFO - test roc_auc, 0.9363
2025-09-29 17:33:44,001 - root - INFO - new node test loss: 0.4406
2025-09-29 17:33:44,001 - root - INFO - new node test average_precision, 0.9257
2025-09-29 17:33:44,001 - root - INFO - new node test roc_auc, 0.9210
2025-09-29 17:33:44,001 - root - INFO - save model ./saved_models/TGAT/wikipedia/TGAT_seed0/TGAT_seed0.pkl
2025-09-29 17:35:04,077 - root - INFO - Epoch: 55, learning rate: 0.0001, train loss: 0.1231
2025-09-29 17:35:04,077 - root - INFO - train average_precision, 0.9891
2025-09-29 17:35:04,077 - root - INFO - train roc_auc, 0.9900
2025-09-29 17:35:04,077 - root - INFO - validate loss: 0.3758
2025-09-29 17:35:04,077 - root - INFO - validate average_precision, 0.9562
2025-09-29 17:35:04,078 - root - INFO - validate roc_auc, 0.9538
2025-09-29 17:35:04,078 - root - INFO - new node validate loss: 0.3920
2025-09-29 17:35:04,078 - root - INFO - new node validate average_precision, 0.9459
2025-09-29 17:35:04,078 - root - INFO - new node validate roc_auc, 0.9423
2025-09-29 17:35:23,787 - root - INFO - test loss: 0.4445
2025-09-29 17:35:23,787 - root - INFO - test average_precision, 0.9394
2025-09-29 17:35:23,787 - root - INFO - best test average_precision: 0.9403
2025-09-29 17:35:23,787 - root - INFO - test roc_auc, 0.9356
2025-09-29 17:35:23,787 - root - INFO - new node test loss: 0.4691
2025-09-29 17:35:23,787 - root - INFO - new node test average_precision, 0.9248
2025-09-29 17:35:23,787 - root - INFO - new node test roc_auc, 0.9200
2025-09-29 17:35:23,788 - root - INFO - save model ./saved_models/TGAT/wikipedia/TGAT_seed0/TGAT_seed0.pkl
2025-09-29 17:36:43,800 - root - INFO - Epoch: 56, learning rate: 0.0001, train loss: 0.1221
2025-09-29 17:36:43,801 - root - INFO - train average_precision, 0.9893
2025-09-29 17:36:43,801 - root - INFO - train roc_auc, 0.9902
2025-09-29 17:36:43,801 - root - INFO - validate loss: 0.3875
2025-09-29 17:36:43,801 - root - INFO - validate average_precision, 0.9570
2025-09-29 17:36:43,801 - root - INFO - validate roc_auc, 0.9544
2025-09-29 17:36:43,801 - root - INFO - new node validate loss: 0.3968
2025-09-29 17:36:43,801 - root - INFO - new node validate average_precision, 0.9476
2025-09-29 17:36:43,801 - root - INFO - new node validate roc_auc, 0.9440
2025-09-29 17:37:03,490 - root - INFO - test loss: 0.4482
2025-09-29 17:37:03,490 - root - INFO - test average_precision, 0.9407
2025-09-29 17:37:03,490 - root - INFO - best test average_precision: 0.9407
2025-09-29 17:37:03,490 - root - INFO - test roc_auc, 0.9370
2025-09-29 17:37:03,490 - root - INFO - new node test loss: 0.4694
2025-09-29 17:37:03,490 - root - INFO - new node test average_precision, 0.9271
2025-09-29 17:37:03,491 - root - INFO - new node test roc_auc, 0.9225
2025-09-29 17:37:03,491 - root - INFO - save model ./saved_models/TGAT/wikipedia/TGAT_seed0/TGAT_seed0.pkl
2025-09-29 17:38:23,373 - root - INFO - Epoch: 57, learning rate: 0.0001, train loss: 0.1207
2025-09-29 17:38:23,373 - root - INFO - train average_precision, 0.9896
2025-09-29 17:38:23,374 - root - INFO - train roc_auc, 0.9904
2025-09-29 17:38:23,374 - root - INFO - validate loss: 0.3749
2025-09-29 17:38:23,374 - root - INFO - validate average_precision, 0.9565
2025-09-29 17:38:23,374 - root - INFO - validate roc_auc, 0.9538
2025-09-29 17:38:23,374 - root - INFO - new node validate loss: 0.3890
2025-09-29 17:38:23,374 - root - INFO - new node validate average_precision, 0.9459
2025-09-29 17:38:23,374 - root - INFO - new node validate roc_auc, 0.9427
2025-09-29 17:38:43,094 - root - INFO - test loss: 0.4389
2025-09-29 17:38:43,094 - root - INFO - test average_precision, 0.9393
2025-09-29 17:38:43,094 - root - INFO - best test average_precision: 0.9407
2025-09-29 17:38:43,094 - root - INFO - test roc_auc, 0.9359
2025-09-29 17:38:43,094 - root - INFO - new node test loss: 0.4632
2025-09-29 17:38:43,094 - root - INFO - new node test average_precision, 0.9248
2025-09-29 17:38:43,094 - root - INFO - new node test roc_auc, 0.9206
2025-09-29 17:40:03,030 - root - INFO - Epoch: 58, learning rate: 0.0001, train loss: 0.1220
2025-09-29 17:40:03,031 - root - INFO - train average_precision, 0.9893
2025-09-29 17:40:03,031 - root - INFO - train roc_auc, 0.9902
2025-09-29 17:40:03,031 - root - INFO - validate loss: 0.3656
2025-09-29 17:40:03,031 - root - INFO - validate average_precision, 0.9568
2025-09-29 17:40:03,031 - root - INFO - validate roc_auc, 0.9541
2025-09-29 17:40:03,031 - root - INFO - new node validate loss: 0.3756
2025-09-29 17:40:03,031 - root - INFO - new node validate average_precision, 0.9482
2025-09-29 17:40:03,031 - root - INFO - new node validate roc_auc, 0.9448
2025-09-29 17:40:22,744 - root - INFO - test loss: 0.4225
2025-09-29 17:40:22,744 - root - INFO - test average_precision, 0.9410
2025-09-29 17:40:22,744 - root - INFO - best test average_precision: 0.9410
2025-09-29 17:40:22,744 - root - INFO - test roc_auc, 0.9376
2025-09-29 17:40:22,744 - root - INFO - new node test loss: 0.4529
2025-09-29 17:40:22,744 - root - INFO - new node test average_precision, 0.9271
2025-09-29 17:40:22,744 - root - INFO - new node test roc_auc, 0.9223
2025-09-29 17:41:42,555 - root - INFO - Epoch: 59, learning rate: 0.0001, train loss: 0.1196
2025-09-29 17:41:42,556 - root - INFO - train average_precision, 0.9896
2025-09-29 17:41:42,556 - root - INFO - train roc_auc, 0.9905
2025-09-29 17:41:42,556 - root - INFO - validate loss: 0.3990
2025-09-29 17:41:42,556 - root - INFO - validate average_precision, 0.9558
2025-09-29 17:41:42,556 - root - INFO - validate roc_auc, 0.9529
2025-09-29 17:41:42,556 - root - INFO - new node validate loss: 0.4074
2025-09-29 17:41:42,556 - root - INFO - new node validate average_precision, 0.9461
2025-09-29 17:41:42,556 - root - INFO - new node validate roc_auc, 0.9427
2025-09-29 17:42:02,249 - root - INFO - test loss: 0.4588
2025-09-29 17:42:02,249 - root - INFO - test average_precision, 0.9398
2025-09-29 17:42:02,249 - root - INFO - best test average_precision: 0.9410
2025-09-29 17:42:02,249 - root - INFO - test roc_auc, 0.9361
2025-09-29 17:42:02,249 - root - INFO - new node test loss: 0.4818
2025-09-29 17:42:02,249 - root - INFO - new node test average_precision, 0.9253
2025-09-29 17:42:02,249 - root - INFO - new node test roc_auc, 0.9205
2025-09-29 17:43:22,174 - root - INFO - Epoch: 60, learning rate: 0.0001, train loss: 0.1163
2025-09-29 17:43:22,175 - root - INFO - train average_precision, 0.9904
2025-09-29 17:43:22,175 - root - INFO - train roc_auc, 0.9910
2025-09-29 17:43:22,175 - root - INFO - validate loss: 0.3952
2025-09-29 17:43:22,175 - root - INFO - validate average_precision, 0.9547
2025-09-29 17:43:22,175 - root - INFO - validate roc_auc, 0.9519
2025-09-29 17:43:22,175 - root - INFO - new node validate loss: 0.4108
2025-09-29 17:43:22,175 - root - INFO - new node validate average_precision, 0.9445
2025-09-29 17:43:22,175 - root - INFO - new node validate roc_auc, 0.9407
2025-09-29 17:43:41,931 - root - INFO - test loss: 0.4525
2025-09-29 17:43:41,931 - root - INFO - test average_precision, 0.9384
2025-09-29 17:43:41,931 - root - INFO - best test average_precision: 0.9410
2025-09-29 17:43:41,931 - root - INFO - test roc_auc, 0.9351
2025-09-29 17:43:41,931 - root - INFO - new node test loss: 0.4771
2025-09-29 17:43:41,931 - root - INFO - new node test average_precision, 0.9235
2025-09-29 17:43:41,931 - root - INFO - new node test roc_auc, 0.9190
2025-09-29 17:45:01,786 - root - INFO - Epoch: 61, learning rate: 0.0001, train loss: 0.1180
2025-09-29 17:45:01,787 - root - INFO - train average_precision, 0.9900
2025-09-29 17:45:01,787 - root - INFO - train roc_auc, 0.9907
2025-09-29 17:45:01,787 - root - INFO - validate loss: 0.3838
2025-09-29 17:45:01,787 - root - INFO - validate average_precision, 0.9552
2025-09-29 17:45:01,787 - root - INFO - validate roc_auc, 0.9520
2025-09-29 17:45:01,787 - root - INFO - new node validate loss: 0.4015
2025-09-29 17:45:01,787 - root - INFO - new node validate average_precision, 0.9453
2025-09-29 17:45:01,787 - root - INFO - new node validate roc_auc, 0.9411
2025-09-29 17:45:21,737 - root - INFO - test loss: 0.4367
2025-09-29 17:45:21,738 - root - INFO - test average_precision, 0.9393
2025-09-29 17:45:21,738 - root - INFO - best test average_precision: 0.9410
2025-09-29 17:45:21,738 - root - INFO - test roc_auc, 0.9356
2025-09-29 17:45:21,738 - root - INFO - new node test loss: 0.4638
2025-09-29 17:45:21,738 - root - INFO - new node test average_precision, 0.9252
2025-09-29 17:45:21,738 - root - INFO - new node test roc_auc, 0.9200
2025-09-29 17:46:41,724 - root - INFO - Epoch: 62, learning rate: 0.0001, train loss: 0.1171
2025-09-29 17:46:41,724 - root - INFO - train average_precision, 0.9900
2025-09-29 17:46:41,724 - root - INFO - train roc_auc, 0.9909
2025-09-29 17:46:41,725 - root - INFO - validate loss: 0.4061
2025-09-29 17:46:41,725 - root - INFO - validate average_precision, 0.9548
2025-09-29 17:46:41,725 - root - INFO - validate roc_auc, 0.9515
2025-09-29 17:46:41,725 - root - INFO - new node validate loss: 0.4147
2025-09-29 17:46:41,725 - root - INFO - new node validate average_precision, 0.9444
2025-09-29 17:46:41,725 - root - INFO - new node validate roc_auc, 0.9404
2025-09-29 17:47:01,436 - root - INFO - test loss: 0.4546
2025-09-29 17:47:01,436 - root - INFO - test average_precision, 0.9402
2025-09-29 17:47:01,436 - root - INFO - best test average_precision: 0.9410
2025-09-29 17:47:01,436 - root - INFO - test roc_auc, 0.9363
2025-09-29 17:47:01,436 - root - INFO - new node test loss: 0.4794
2025-09-29 17:47:01,436 - root - INFO - new node test average_precision, 0.9262
2025-09-29 17:47:01,436 - root - INFO - new node test roc_auc, 0.9207
2025-09-29 17:48:21,360 - root - INFO - Epoch: 63, learning rate: 0.0001, train loss: 0.1149
2025-09-29 17:48:21,361 - root - INFO - train average_precision, 0.9907
2025-09-29 17:48:21,361 - root - INFO - train roc_auc, 0.9913
2025-09-29 17:48:21,361 - root - INFO - validate loss: 0.3919
2025-09-29 17:48:21,361 - root - INFO - validate average_precision, 0.9551
2025-09-29 17:48:21,361 - root - INFO - validate roc_auc, 0.9523
2025-09-29 17:48:21,361 - root - INFO - new node validate loss: 0.4050
2025-09-29 17:48:21,361 - root - INFO - new node validate average_precision, 0.9462
2025-09-29 17:48:21,361 - root - INFO - new node validate roc_auc, 0.9420
2025-09-29 17:48:41,117 - root - INFO - test loss: 0.4437
2025-09-29 17:48:41,117 - root - INFO - test average_precision, 0.9400
2025-09-29 17:48:41,118 - root - INFO - best test average_precision: 0.9410
2025-09-29 17:48:41,118 - root - INFO - test roc_auc, 0.9364
2025-09-29 17:48:41,118 - root - INFO - new node test loss: 0.4732
2025-09-29 17:48:41,118 - root - INFO - new node test average_precision, 0.9262
2025-09-29 17:48:41,118 - root - INFO - new node test roc_auc, 0.9209
2025-09-29 17:50:01,248 - root - INFO - Epoch: 64, learning rate: 0.0001, train loss: 0.1165
2025-09-29 17:50:01,249 - root - INFO - train average_precision, 0.9901
2025-09-29 17:50:01,249 - root - INFO - train roc_auc, 0.9910
2025-09-29 17:50:01,249 - root - INFO - validate loss: 0.3759
2025-09-29 17:50:01,249 - root - INFO - validate average_precision, 0.9563
2025-09-29 17:50:01,249 - root - INFO - validate roc_auc, 0.9537
2025-09-29 17:50:01,249 - root - INFO - new node validate loss: 0.3945
2025-09-29 17:50:01,249 - root - INFO - new node validate average_precision, 0.9459
2025-09-29 17:50:01,249 - root - INFO - new node validate roc_auc, 0.9423
2025-09-29 17:50:21,044 - root - INFO - test loss: 0.4342
2025-09-29 17:50:21,044 - root - INFO - test average_precision, 0.9407
2025-09-29 17:50:21,044 - root - INFO - best test average_precision: 0.9410
2025-09-29 17:50:21,045 - root - INFO - test roc_auc, 0.9375
2025-09-29 17:50:21,045 - root - INFO - new node test loss: 0.4743
2025-09-29 17:50:21,045 - root - INFO - new node test average_precision, 0.9252
2025-09-29 17:50:21,045 - root - INFO - new node test roc_auc, 0.9203
2025-09-29 17:51:40,989 - root - INFO - Epoch: 65, learning rate: 0.0001, train loss: 0.1133
2025-09-29 17:51:40,990 - root - INFO - train average_precision, 0.9906
2025-09-29 17:51:40,990 - root - INFO - train roc_auc, 0.9914
2025-09-29 17:51:40,990 - root - INFO - validate loss: 0.3848
2025-09-29 17:51:40,990 - root - INFO - validate average_precision, 0.9551
2025-09-29 17:51:40,990 - root - INFO - validate roc_auc, 0.9526
2025-09-29 17:51:40,990 - root - INFO - new node validate loss: 0.3938
2025-09-29 17:51:40,990 - root - INFO - new node validate average_precision, 0.9462
2025-09-29 17:51:40,990 - root - INFO - new node validate roc_auc, 0.9426
2025-09-29 17:52:00,691 - root - INFO - test loss: 0.4405
2025-09-29 17:52:00,691 - root - INFO - test average_precision, 0.9401
2025-09-29 17:52:00,691 - root - INFO - best test average_precision: 0.9410
2025-09-29 17:52:00,691 - root - INFO - test roc_auc, 0.9363
2025-09-29 17:52:00,691 - root - INFO - new node test loss: 0.4658
2025-09-29 17:52:00,691 - root - INFO - new node test average_precision, 0.9263
2025-09-29 17:52:00,691 - root - INFO - new node test roc_auc, 0.9215
2025-09-29 17:53:20,679 - root - INFO - Epoch: 66, learning rate: 0.0001, train loss: 0.1133
2025-09-29 17:53:20,680 - root - INFO - train average_precision, 0.9908
2025-09-29 17:53:20,680 - root - INFO - train roc_auc, 0.9915
2025-09-29 17:53:20,680 - root - INFO - validate loss: 0.3939
2025-09-29 17:53:20,680 - root - INFO - validate average_precision, 0.9556
2025-09-29 17:53:20,680 - root - INFO - validate roc_auc, 0.9525
2025-09-29 17:53:20,680 - root - INFO - new node validate loss: 0.4020
2025-09-29 17:53:20,680 - root - INFO - new node validate average_precision, 0.9463
2025-09-29 17:53:20,680 - root - INFO - new node validate roc_auc, 0.9424
2025-09-29 17:53:40,384 - root - INFO - test loss: 0.4480
2025-09-29 17:53:40,384 - root - INFO - test average_precision, 0.9406
2025-09-29 17:53:40,384 - root - INFO - best test average_precision: 0.9410
2025-09-29 17:53:40,384 - root - INFO - test roc_auc, 0.9368
2025-09-29 17:53:40,384 - root - INFO - new node test loss: 0.4823
2025-09-29 17:53:40,384 - root - INFO - new node test average_precision, 0.9260
2025-09-29 17:53:40,384 - root - INFO - new node test roc_auc, 0.9202
2025-09-29 17:55:00,458 - root - INFO - Epoch: 67, learning rate: 0.0001, train loss: 0.1120
2025-09-29 17:55:00,459 - root - INFO - train average_precision, 0.9909
2025-09-29 17:55:00,459 - root - INFO - train roc_auc, 0.9916
2025-09-29 17:55:00,459 - root - INFO - validate loss: 0.3958
2025-09-29 17:55:00,459 - root - INFO - validate average_precision, 0.9553
2025-09-29 17:55:00,459 - root - INFO - validate roc_auc, 0.9528
2025-09-29 17:55:00,459 - root - INFO - new node validate loss: 0.4065
2025-09-29 17:55:00,459 - root - INFO - new node validate average_precision, 0.9458
2025-09-29 17:55:00,459 - root - INFO - new node validate roc_auc, 0.9425
2025-09-29 17:55:20,147 - root - INFO - test loss: 0.4561
2025-09-29 17:55:20,148 - root - INFO - test average_precision, 0.9397
2025-09-29 17:55:20,148 - root - INFO - best test average_precision: 0.9410
2025-09-29 17:55:20,148 - root - INFO - test roc_auc, 0.9362
2025-09-29 17:55:20,148 - root - INFO - new node test loss: 0.4903
2025-09-29 17:55:20,148 - root - INFO - new node test average_precision, 0.9260
2025-09-29 17:55:20,148 - root - INFO - new node test roc_auc, 0.9205
2025-09-29 17:56:40,373 - root - INFO - Epoch: 68, learning rate: 0.0001, train loss: 0.1127
2025-09-29 17:56:40,374 - root - INFO - train average_precision, 0.9907
2025-09-29 17:56:40,374 - root - INFO - train roc_auc, 0.9915
2025-09-29 17:56:40,374 - root - INFO - validate loss: 0.4175
2025-09-29 17:56:40,374 - root - INFO - validate average_precision, 0.9564
2025-09-29 17:56:40,374 - root - INFO - validate roc_auc, 0.9534
2025-09-29 17:56:40,374 - root - INFO - new node validate loss: 0.4135
2025-09-29 17:56:40,374 - root - INFO - new node validate average_precision, 0.9485
2025-09-29 17:56:40,374 - root - INFO - new node validate roc_auc, 0.9445
2025-09-29 17:57:00,197 - root - INFO - test loss: 0.4761
2025-09-29 17:57:00,197 - root - INFO - test average_precision, 0.9405
2025-09-29 17:57:00,197 - root - INFO - best test average_precision: 0.9410
2025-09-29 17:57:00,197 - root - INFO - test roc_auc, 0.9367
2025-09-29 17:57:00,197 - root - INFO - new node test loss: 0.4973
2025-09-29 17:57:00,197 - root - INFO - new node test average_precision, 0.9276
2025-09-29 17:57:00,197 - root - INFO - new node test roc_auc, 0.9221
2025-09-29 17:58:20,267 - root - INFO - Epoch: 69, learning rate: 0.0001, train loss: 0.1103
2025-09-29 17:58:20,267 - root - INFO - train average_precision, 0.9911
2025-09-29 17:58:20,267 - root - INFO - train roc_auc, 0.9919
2025-09-29 17:58:20,267 - root - INFO - validate loss: 0.4158
2025-09-29 17:58:20,267 - root - INFO - validate average_precision, 0.9563
2025-09-29 17:58:20,268 - root - INFO - validate roc_auc, 0.9533
2025-09-29 17:58:20,268 - root - INFO - new node validate loss: 0.4268
2025-09-29 17:58:20,268 - root - INFO - new node validate average_precision, 0.9469
2025-09-29 17:58:20,268 - root - INFO - new node validate roc_auc, 0.9427
2025-09-29 17:58:39,968 - root - INFO - test loss: 0.4883
2025-09-29 17:58:39,968 - root - INFO - test average_precision, 0.9398
2025-09-29 17:58:39,968 - root - INFO - best test average_precision: 0.9410
2025-09-29 17:58:39,968 - root - INFO - test roc_auc, 0.9358
2025-09-29 17:58:39,968 - root - INFO - new node test loss: 0.5133
2025-09-29 17:58:39,968 - root - INFO - new node test average_precision, 0.9260
2025-09-29 17:58:39,968 - root - INFO - new node test roc_auc, 0.9204
2025-09-29 17:59:59,934 - root - INFO - Epoch: 70, learning rate: 0.0001, train loss: 0.1101
2025-09-29 17:59:59,934 - root - INFO - train average_precision, 0.9912
2025-09-29 17:59:59,934 - root - INFO - train roc_auc, 0.9918
2025-09-29 17:59:59,935 - root - INFO - validate loss: 0.4013
2025-09-29 17:59:59,935 - root - INFO - validate average_precision, 0.9555
2025-09-29 17:59:59,935 - root - INFO - validate roc_auc, 0.9525
2025-09-29 17:59:59,935 - root - INFO - new node validate loss: 0.4105
2025-09-29 17:59:59,935 - root - INFO - new node validate average_precision, 0.9465
2025-09-29 17:59:59,935 - root - INFO - new node validate roc_auc, 0.9427
2025-09-29 18:00:19,623 - root - INFO - test loss: 0.4513
2025-09-29 18:00:19,623 - root - INFO - test average_precision, 0.9408
2025-09-29 18:00:19,623 - root - INFO - best test average_precision: 0.9410
2025-09-29 18:00:19,623 - root - INFO - test roc_auc, 0.9369
2025-09-29 18:00:19,623 - root - INFO - new node test loss: 0.4843
2025-09-29 18:00:19,623 - root - INFO - new node test average_precision, 0.9267
2025-09-29 18:00:19,623 - root - INFO - new node test roc_auc, 0.9207
2025-09-29 18:01:39,633 - root - INFO - Epoch: 71, learning rate: 0.0001, train loss: 0.1102
2025-09-29 18:01:39,633 - root - INFO - train average_precision, 0.9909
2025-09-29 18:01:39,633 - root - INFO - train roc_auc, 0.9918
2025-09-29 18:01:39,633 - root - INFO - validate loss: 0.3727
2025-09-29 18:01:39,634 - root - INFO - validate average_precision, 0.9579
2025-09-29 18:01:39,634 - root - INFO - validate roc_auc, 0.9552
2025-09-29 18:01:39,634 - root - INFO - new node validate loss: 0.3827
2025-09-29 18:01:39,634 - root - INFO - new node validate average_precision, 0.9496
2025-09-29 18:01:39,634 - root - INFO - new node validate roc_auc, 0.9460
2025-09-29 18:01:59,339 - root - INFO - test loss: 0.4303
2025-09-29 18:01:59,339 - root - INFO - test average_precision, 0.9428
2025-09-29 18:01:59,340 - root - INFO - best test average_precision: 0.9428
2025-09-29 18:01:59,340 - root - INFO - test roc_auc, 0.9394
2025-09-29 18:01:59,340 - root - INFO - new node test loss: 0.4721
2025-09-29 18:01:59,340 - root - INFO - new node test average_precision, 0.9283
2025-09-29 18:01:59,340 - root - INFO - new node test roc_auc, 0.9227
2025-09-29 18:01:59,340 - root - INFO - save model ./saved_models/TGAT/wikipedia/TGAT_seed0/TGAT_seed0.pkl
2025-09-29 18:03:19,467 - root - INFO - Epoch: 72, learning rate: 0.0001, train loss: 0.1086
2025-09-29 18:03:19,468 - root - INFO - train average_precision, 0.9908
2025-09-29 18:03:19,468 - root - INFO - train roc_auc, 0.9919
2025-09-29 18:03:19,468 - root - INFO - validate loss: 0.3969
2025-09-29 18:03:19,468 - root - INFO - validate average_precision, 0.9552
2025-09-29 18:03:19,468 - root - INFO - validate roc_auc, 0.9521
2025-09-29 18:03:19,468 - root - INFO - new node validate loss: 0.4037
2025-09-29 18:03:19,468 - root - INFO - new node validate average_precision, 0.9467
2025-09-29 18:03:19,468 - root - INFO - new node validate roc_auc, 0.9427
2025-09-29 18:03:39,223 - root - INFO - test loss: 0.4523
2025-09-29 18:03:39,223 - root - INFO - test average_precision, 0.9406
2025-09-29 18:03:39,223 - root - INFO - best test average_precision: 0.9428
2025-09-29 18:03:39,224 - root - INFO - test roc_auc, 0.9369
2025-09-29 18:03:39,224 - root - INFO - new node test loss: 0.4878
2025-09-29 18:03:39,224 - root - INFO - new node test average_precision, 0.9266
2025-09-29 18:03:39,224 - root - INFO - new node test roc_auc, 0.9206
2025-09-29 18:04:59,186 - root - INFO - Epoch: 73, learning rate: 0.0001, train loss: 0.1074
2025-09-29 18:04:59,186 - root - INFO - train average_precision, 0.9915
2025-09-29 18:04:59,186 - root - INFO - train roc_auc, 0.9922
2025-09-29 18:04:59,187 - root - INFO - validate loss: 0.4490
2025-09-29 18:04:59,187 - root - INFO - validate average_precision, 0.9559
2025-09-29 18:04:59,187 - root - INFO - validate roc_auc, 0.9523
2025-09-29 18:04:59,187 - root - INFO - new node validate loss: 0.4453
2025-09-29 18:04:59,187 - root - INFO - new node validate average_precision, 0.9478
2025-09-29 18:04:59,187 - root - INFO - new node validate roc_auc, 0.9432
2025-09-29 18:05:18,935 - root - INFO - test loss: 0.5070
2025-09-29 18:05:18,935 - root - INFO - test average_precision, 0.9398
2025-09-29 18:05:18,935 - root - INFO - best test average_precision: 0.9428
2025-09-29 18:05:18,936 - root - INFO - test roc_auc, 0.9355
2025-09-29 18:05:18,936 - root - INFO - new node test loss: 0.5277
2025-09-29 18:05:18,936 - root - INFO - new node test average_precision, 0.9276
2025-09-29 18:05:18,936 - root - INFO - new node test roc_auc, 0.9214
2025-09-29 18:06:39,021 - root - INFO - Epoch: 74, learning rate: 0.0001, train loss: 0.1074
2025-09-29 18:06:39,022 - root - INFO - train average_precision, 0.9916
2025-09-29 18:06:39,022 - root - INFO - train roc_auc, 0.9922
2025-09-29 18:06:39,022 - root - INFO - validate loss: 0.4031
2025-09-29 18:06:39,022 - root - INFO - validate average_precision, 0.9560
2025-09-29 18:06:39,022 - root - INFO - validate roc_auc, 0.9530
2025-09-29 18:06:39,022 - root - INFO - new node validate loss: 0.4156
2025-09-29 18:06:39,022 - root - INFO - new node validate average_precision, 0.9456
2025-09-29 18:06:39,022 - root - INFO - new node validate roc_auc, 0.9417
2025-09-29 18:06:58,714 - root - INFO - test loss: 0.4598
2025-09-29 18:06:58,714 - root - INFO - test average_precision, 0.9414
2025-09-29 18:06:58,714 - root - INFO - best test average_precision: 0.9428
2025-09-29 18:06:58,714 - root - INFO - test roc_auc, 0.9375
2025-09-29 18:06:58,714 - root - INFO - new node test loss: 0.4972
2025-09-29 18:06:58,715 - root - INFO - new node test average_precision, 0.9268
2025-09-29 18:06:58,715 - root - INFO - new node test roc_auc, 0.9205
2025-09-29 18:08:18,653 - root - INFO - Epoch: 75, learning rate: 0.0001, train loss: 0.1068
2025-09-29 18:08:18,654 - root - INFO - train average_precision, 0.9913
2025-09-29 18:08:18,654 - root - INFO - train roc_auc, 0.9922
2025-09-29 18:08:18,654 - root - INFO - validate loss: 0.4093
2025-09-29 18:08:18,654 - root - INFO - validate average_precision, 0.9556
2025-09-29 18:08:18,654 - root - INFO - validate roc_auc, 0.9530
2025-09-29 18:08:18,654 - root - INFO - new node validate loss: 0.4204
2025-09-29 18:08:18,654 - root - INFO - new node validate average_precision, 0.9463
2025-09-29 18:08:18,654 - root - INFO - new node validate roc_auc, 0.9425
2025-09-29 18:08:38,330 - root - INFO - test loss: 0.4632
2025-09-29 18:08:38,331 - root - INFO - test average_precision, 0.9406
2025-09-29 18:08:38,331 - root - INFO - best test average_precision: 0.9428
2025-09-29 18:08:38,331 - root - INFO - test roc_auc, 0.9370
2025-09-29 18:08:38,331 - root - INFO - new node test loss: 0.4954
2025-09-29 18:08:38,331 - root - INFO - new node test average_precision, 0.9259
2025-09-29 18:08:38,331 - root - INFO - new node test roc_auc, 0.9208
2025-09-29 18:09:58,185 - root - INFO - Epoch: 76, learning rate: 0.0001, train loss: 0.1063
2025-09-29 18:09:58,185 - root - INFO - train average_precision, 0.9913
2025-09-29 18:09:58,186 - root - INFO - train roc_auc, 0.9922
2025-09-29 18:09:58,186 - root - INFO - validate loss: 0.4128
2025-09-29 18:09:58,186 - root - INFO - validate average_precision, 0.9559
2025-09-29 18:09:58,186 - root - INFO - validate roc_auc, 0.9530
2025-09-29 18:09:58,186 - root - INFO - new node validate loss: 0.4147
2025-09-29 18:09:58,186 - root - INFO - new node validate average_precision, 0.9478
2025-09-29 18:09:58,186 - root - INFO - new node validate roc_auc, 0.9442
2025-09-29 18:10:17,937 - root - INFO - test loss: 0.4686
2025-09-29 18:10:17,938 - root - INFO - test average_precision, 0.9404
2025-09-29 18:10:17,938 - root - INFO - best test average_precision: 0.9428
2025-09-29 18:10:17,938 - root - INFO - test roc_auc, 0.9368
2025-09-29 18:10:17,938 - root - INFO - new node test loss: 0.5035
2025-09-29 18:10:17,938 - root - INFO - new node test average_precision, 0.9255
2025-09-29 18:10:17,938 - root - INFO - new node test roc_auc, 0.9204
2025-09-29 18:11:38,006 - root - INFO - Epoch: 77, learning rate: 0.0001, train loss: 0.1052
2025-09-29 18:11:38,007 - root - INFO - train average_precision, 0.9915
2025-09-29 18:11:38,007 - root - INFO - train roc_auc, 0.9924
2025-09-29 18:11:38,007 - root - INFO - validate loss: 0.4105
2025-09-29 18:11:38,007 - root - INFO - validate average_precision, 0.9555
2025-09-29 18:11:38,007 - root - INFO - validate roc_auc, 0.9529
2025-09-29 18:11:38,007 - root - INFO - new node validate loss: 0.4199
2025-09-29 18:11:38,008 - root - INFO - new node validate average_precision, 0.9461
2025-09-29 18:11:38,008 - root - INFO - new node validate roc_auc, 0.9429
2025-09-29 18:11:57,766 - root - INFO - test loss: 0.4761
2025-09-29 18:11:57,766 - root - INFO - test average_precision, 0.9386
2025-09-29 18:11:57,766 - root - INFO - best test average_precision: 0.9428
2025-09-29 18:11:57,766 - root - INFO - test roc_auc, 0.9348
2025-09-29 18:11:57,766 - root - INFO - new node test loss: 0.5116
2025-09-29 18:11:57,766 - root - INFO - new node test average_precision, 0.9232
2025-09-29 18:11:57,766 - root - INFO - new node test roc_auc, 0.9184
2025-09-29 18:13:17,759 - root - INFO - Epoch: 78, learning rate: 0.0001, train loss: 0.1043
2025-09-29 18:13:17,760 - root - INFO - train average_precision, 0.9922
2025-09-29 18:13:17,760 - root - INFO - train roc_auc, 0.9927
2025-09-29 18:13:17,761 - root - INFO - validate loss: 0.4155
2025-09-29 18:13:17,761 - root - INFO - validate average_precision, 0.9558
2025-09-29 18:13:17,761 - root - INFO - validate roc_auc, 0.9525
2025-09-29 18:13:17,761 - root - INFO - new node validate loss: 0.4223
2025-09-29 18:13:17,761 - root - INFO - new node validate average_precision, 0.9468
2025-09-29 18:13:17,761 - root - INFO - new node validate roc_auc, 0.9428
2025-09-29 18:13:37,527 - root - INFO - test loss: 0.4708
2025-09-29 18:13:37,527 - root - INFO - test average_precision, 0.9401
2025-09-29 18:13:37,527 - root - INFO - best test average_precision: 0.9428
2025-09-29 18:13:37,527 - root - INFO - test roc_auc, 0.9362
2025-09-29 18:13:37,528 - root - INFO - new node test loss: 0.5060
2025-09-29 18:13:37,528 - root - INFO - new node test average_precision, 0.9257
2025-09-29 18:13:37,528 - root - INFO - new node test roc_auc, 0.9200
2025-09-29 18:14:57,534 - root - INFO - Epoch: 79, learning rate: 0.0001, train loss: 0.1041
2025-09-29 18:14:57,535 - root - INFO - train average_precision, 0.9916
2025-09-29 18:14:57,535 - root - INFO - train roc_auc, 0.9925
2025-09-29 18:14:57,535 - root - INFO - validate loss: 0.4261
2025-09-29 18:14:57,536 - root - INFO - validate average_precision, 0.9567
2025-09-29 18:14:57,536 - root - INFO - validate roc_auc, 0.9541
2025-09-29 18:14:57,536 - root - INFO - new node validate loss: 0.4270
2025-09-29 18:14:57,536 - root - INFO - new node validate average_precision, 0.9480
2025-09-29 18:14:57,536 - root - INFO - new node validate roc_auc, 0.9448
2025-09-29 18:15:17,209 - root - INFO - test loss: 0.4927
2025-09-29 18:15:17,209 - root - INFO - test average_precision, 0.9402
2025-09-29 18:15:17,209 - root - INFO - best test average_precision: 0.9428
2025-09-29 18:15:17,209 - root - INFO - test roc_auc, 0.9364
2025-09-29 18:15:17,209 - root - INFO - new node test loss: 0.5193
2025-09-29 18:15:17,210 - root - INFO - new node test average_precision, 0.9251
2025-09-29 18:15:17,210 - root - INFO - new node test roc_auc, 0.9199
2025-09-29 18:16:37,084 - root - INFO - Epoch: 80, learning rate: 0.0001, train loss: 0.1034
2025-09-29 18:16:37,085 - root - INFO - train average_precision, 0.9920
2025-09-29 18:16:37,085 - root - INFO - train roc_auc, 0.9927
2025-09-29 18:16:37,085 - root - INFO - validate loss: 0.4067
2025-09-29 18:16:37,085 - root - INFO - validate average_precision, 0.9566
2025-09-29 18:16:37,085 - root - INFO - validate roc_auc, 0.9542
2025-09-29 18:16:37,085 - root - INFO - new node validate loss: 0.4134
2025-09-29 18:16:37,085 - root - INFO - new node validate average_precision, 0.9487
2025-09-29 18:16:37,085 - root - INFO - new node validate roc_auc, 0.9450
2025-09-29 18:16:56,790 - root - INFO - test loss: 0.4777
2025-09-29 18:16:56,790 - root - INFO - test average_precision, 0.9396
2025-09-29 18:16:56,790 - root - INFO - best test average_precision: 0.9428
2025-09-29 18:16:56,790 - root - INFO - test roc_auc, 0.9356
2025-09-29 18:16:56,790 - root - INFO - new node test loss: 0.5101
2025-09-29 18:16:56,790 - root - INFO - new node test average_precision, 0.9256
2025-09-29 18:16:56,790 - root - INFO - new node test roc_auc, 0.9202
2025-09-29 18:18:16,811 - root - INFO - Epoch: 81, learning rate: 0.0001, train loss: 0.1017
2025-09-29 18:18:16,812 - root - INFO - train average_precision, 0.9922
2025-09-29 18:18:16,812 - root - INFO - train roc_auc, 0.9929
2025-09-29 18:18:16,812 - root - INFO - validate loss: 0.4478
2025-09-29 18:18:16,812 - root - INFO - validate average_precision, 0.9529
2025-09-29 18:18:16,812 - root - INFO - validate roc_auc, 0.9499
2025-09-29 18:18:16,812 - root - INFO - new node validate loss: 0.4447
2025-09-29 18:18:16,812 - root - INFO - new node validate average_precision, 0.9439
2025-09-29 18:18:16,812 - root - INFO - new node validate roc_auc, 0.9401
2025-09-29 18:18:36,527 - root - INFO - test loss: 0.5154
2025-09-29 18:18:36,527 - root - INFO - test average_precision, 0.9356
2025-09-29 18:18:36,527 - root - INFO - best test average_precision: 0.9428
2025-09-29 18:18:36,527 - root - INFO - test roc_auc, 0.9314
2025-09-29 18:18:36,527 - root - INFO - new node test loss: 0.5442
2025-09-29 18:18:36,527 - root - INFO - new node test average_precision, 0.9218
2025-09-29 18:18:36,527 - root - INFO - new node test roc_auc, 0.9156
2025-09-29 18:19:56,481 - root - INFO - Epoch: 82, learning rate: 0.0001, train loss: 0.1013
2025-09-29 18:19:56,482 - root - INFO - train average_precision, 0.9922
2025-09-29 18:19:56,482 - root - INFO - train roc_auc, 0.9929
2025-09-29 18:19:56,482 - root - INFO - validate loss: 0.4379
2025-09-29 18:19:56,482 - root - INFO - validate average_precision, 0.9560
2025-09-29 18:19:56,482 - root - INFO - validate roc_auc, 0.9529
2025-09-29 18:19:56,482 - root - INFO - new node validate loss: 0.4530
2025-09-29 18:19:56,482 - root - INFO - new node validate average_precision, 0.9460
2025-09-29 18:19:56,482 - root - INFO - new node validate roc_auc, 0.9417
2025-09-29 18:20:16,189 - root - INFO - test loss: 0.5013
2025-09-29 18:20:16,189 - root - INFO - test average_precision, 0.9397
2025-09-29 18:20:16,189 - root - INFO - best test average_precision: 0.9428
2025-09-29 18:20:16,189 - root - INFO - test roc_auc, 0.9355
2025-09-29 18:20:16,189 - root - INFO - new node test loss: 0.5351
2025-09-29 18:20:16,189 - root - INFO - new node test average_precision, 0.9248
2025-09-29 18:20:16,189 - root - INFO - new node test roc_auc, 0.9190
2025-09-29 18:21:36,132 - root - INFO - Epoch: 83, learning rate: 0.0001, train loss: 0.1015
2025-09-29 18:21:36,133 - root - INFO - train average_precision, 0.9921
2025-09-29 18:21:36,133 - root - INFO - train roc_auc, 0.9929
2025-09-29 18:21:36,133 - root - INFO - validate loss: 0.4420
2025-09-29 18:21:36,133 - root - INFO - validate average_precision, 0.9570
2025-09-29 18:21:36,133 - root - INFO - validate roc_auc, 0.9538
2025-09-29 18:21:36,133 - root - INFO - new node validate loss: 0.4535
2025-09-29 18:21:36,133 - root - INFO - new node validate average_precision, 0.9473
2025-09-29 18:21:36,133 - root - INFO - new node validate roc_auc, 0.9430
2025-09-29 18:21:55,839 - root - INFO - test loss: 0.5106
2025-09-29 18:21:55,839 - root - INFO - test average_precision, 0.9407
2025-09-29 18:21:55,839 - root - INFO - best test average_precision: 0.9428
2025-09-29 18:21:55,840 - root - INFO - test roc_auc, 0.9363
2025-09-29 18:21:55,840 - root - INFO - new node test loss: 0.5483
2025-09-29 18:21:55,840 - root - INFO - new node test average_precision, 0.9246
2025-09-29 18:21:55,840 - root - INFO - new node test roc_auc, 0.9186
2025-09-29 18:23:16,048 - root - INFO - Epoch: 84, learning rate: 0.0001, train loss: 0.1003
2025-09-29 18:23:16,048 - root - INFO - train average_precision, 0.9920
2025-09-29 18:23:16,048 - root - INFO - train roc_auc, 0.9929
2025-09-29 18:23:16,048 - root - INFO - validate loss: 0.4492
2025-09-29 18:23:16,048 - root - INFO - validate average_precision, 0.9575
2025-09-29 18:23:16,048 - root - INFO - validate roc_auc, 0.9540
2025-09-29 18:23:16,049 - root - INFO - new node validate loss: 0.4619
2025-09-29 18:23:16,049 - root - INFO - new node validate average_precision, 0.9477
2025-09-29 18:23:16,049 - root - INFO - new node validate roc_auc, 0.9433
2025-09-29 18:23:35,833 - root - INFO - test loss: 0.5181
2025-09-29 18:23:35,833 - root - INFO - test average_precision, 0.9412
2025-09-29 18:23:35,833 - root - INFO - best test average_precision: 0.9428
2025-09-29 18:23:35,833 - root - INFO - test roc_auc, 0.9367
2025-09-29 18:23:35,833 - root - INFO - new node test loss: 0.5538
2025-09-29 18:23:35,833 - root - INFO - new node test average_precision, 0.9257
2025-09-29 18:23:35,833 - root - INFO - new node test roc_auc, 0.9195
2025-09-29 18:24:55,765 - root - INFO - Epoch: 85, learning rate: 0.0001, train loss: 0.1010
2025-09-29 18:24:55,766 - root - INFO - train average_precision, 0.9919
2025-09-29 18:24:55,766 - root - INFO - train roc_auc, 0.9929
2025-09-29 18:24:55,766 - root - INFO - validate loss: 0.4610
2025-09-29 18:24:55,766 - root - INFO - validate average_precision, 0.9568
2025-09-29 18:24:55,766 - root - INFO - validate roc_auc, 0.9535
2025-09-29 18:24:55,766 - root - INFO - new node validate loss: 0.4698
2025-09-29 18:24:55,766 - root - INFO - new node validate average_precision, 0.9484
2025-09-29 18:24:55,766 - root - INFO - new node validate roc_auc, 0.9439
2025-09-29 18:25:15,502 - root - INFO - test loss: 0.5262
2025-09-29 18:25:15,502 - root - INFO - test average_precision, 0.9422
2025-09-29 18:25:15,503 - root - INFO - best test average_precision: 0.9428
2025-09-29 18:25:15,503 - root - INFO - test roc_auc, 0.9376
2025-09-29 18:25:15,503 - root - INFO - new node test loss: 0.5577
2025-09-29 18:25:15,503 - root - INFO - new node test average_precision, 0.9265
2025-09-29 18:25:15,503 - root - INFO - new node test roc_auc, 0.9209
2025-09-29 18:26:35,493 - root - INFO - Epoch: 86, learning rate: 0.0001, train loss: 0.1002
2025-09-29 18:26:35,493 - root - INFO - train average_precision, 0.9923
2025-09-29 18:26:35,493 - root - INFO - train roc_auc, 0.9930
2025-09-29 18:26:35,493 - root - INFO - validate loss: 0.4560
2025-09-29 18:26:35,494 - root - INFO - validate average_precision, 0.9550
2025-09-29 18:26:35,494 - root - INFO - validate roc_auc, 0.9514
2025-09-29 18:26:35,494 - root - INFO - new node validate loss: 0.4707
2025-09-29 18:26:35,494 - root - INFO - new node validate average_precision, 0.9445
2025-09-29 18:26:35,494 - root - INFO - new node validate roc_auc, 0.9399
2025-09-29 18:26:55,283 - root - INFO - test loss: 0.5124
2025-09-29 18:26:55,283 - root - INFO - test average_precision, 0.9411
2025-09-29 18:26:55,283 - root - INFO - best test average_precision: 0.9428
2025-09-29 18:26:55,283 - root - INFO - test roc_auc, 0.9361
2025-09-29 18:26:55,283 - root - INFO - new node test loss: 0.5528
2025-09-29 18:26:55,283 - root - INFO - new node test average_precision, 0.9257
2025-09-29 18:26:55,283 - root - INFO - new node test roc_auc, 0.9190
2025-09-29 18:28:15,259 - root - INFO - Epoch: 87, learning rate: 0.0001, train loss: 0.0991
2025-09-29 18:28:15,259 - root - INFO - train average_precision, 0.9924
2025-09-29 18:28:15,260 - root - INFO - train roc_auc, 0.9931
2025-09-29 18:28:15,260 - root - INFO - validate loss: 0.4688
2025-09-29 18:28:15,260 - root - INFO - validate average_precision, 0.9576
2025-09-29 18:28:15,260 - root - INFO - validate roc_auc, 0.9539
2025-09-29 18:28:15,260 - root - INFO - new node validate loss: 0.4743
2025-09-29 18:28:15,260 - root - INFO - new node validate average_precision, 0.9478
2025-09-29 18:28:15,260 - root - INFO - new node validate roc_auc, 0.9436
2025-09-29 18:28:35,004 - root - INFO - test loss: 0.5367
2025-09-29 18:28:35,004 - root - INFO - test average_precision, 0.9418
2025-09-29 18:28:35,004 - root - INFO - best test average_precision: 0.9428
2025-09-29 18:28:35,005 - root - INFO - test roc_auc, 0.9371
2025-09-29 18:28:35,005 - root - INFO - new node test loss: 0.5593
2025-09-29 18:28:35,005 - root - INFO - new node test average_precision, 0.9271
2025-09-29 18:28:35,005 - root - INFO - new node test roc_auc, 0.9209
2025-09-29 18:29:55,097 - root - INFO - Epoch: 88, learning rate: 0.0001, train loss: 0.0988
2025-09-29 18:29:55,098 - root - INFO - train average_precision, 0.9923
2025-09-29 18:29:55,098 - root - INFO - train roc_auc, 0.9931
2025-09-29 18:29:55,098 - root - INFO - validate loss: 0.4570
2025-09-29 18:29:55,098 - root - INFO - validate average_precision, 0.9573
2025-09-29 18:29:55,098 - root - INFO - validate roc_auc, 0.9537
2025-09-29 18:29:55,098 - root - INFO - new node validate loss: 0.4551
2025-09-29 18:29:55,098 - root - INFO - new node validate average_precision, 0.9492
2025-09-29 18:29:55,098 - root - INFO - new node validate roc_auc, 0.9444
2025-09-29 18:30:14,926 - root - INFO - test loss: 0.5295
2025-09-29 18:30:14,926 - root - INFO - test average_precision, 0.9413
2025-09-29 18:30:14,926 - root - INFO - best test average_precision: 0.9428
2025-09-29 18:30:14,926 - root - INFO - test roc_auc, 0.9360
2025-09-29 18:30:14,926 - root - INFO - new node test loss: 0.5645
2025-09-29 18:30:14,926 - root - INFO - new node test average_precision, 0.9263
2025-09-29 18:30:14,926 - root - INFO - new node test roc_auc, 0.9190
2025-09-29 18:31:34,826 - root - INFO - Epoch: 89, learning rate: 0.0001, train loss: 0.0985
2025-09-29 18:31:34,826 - root - INFO - train average_precision, 0.9924
2025-09-29 18:31:34,826 - root - INFO - train roc_auc, 0.9932
2025-09-29 18:31:34,826 - root - INFO - validate loss: 0.4454
2025-09-29 18:31:34,827 - root - INFO - validate average_precision, 0.9579
2025-09-29 18:31:34,827 - root - INFO - validate roc_auc, 0.9547
2025-09-29 18:31:34,827 - root - INFO - new node validate loss: 0.4557
2025-09-29 18:31:34,827 - root - INFO - new node validate average_precision, 0.9488
2025-09-29 18:31:34,827 - root - INFO - new node validate roc_auc, 0.9445
2025-09-29 18:31:54,575 - root - INFO - test loss: 0.5204
2025-09-29 18:31:54,575 - root - INFO - test average_precision, 0.9422
2025-09-29 18:31:54,575 - root - INFO - best test average_precision: 0.9428
2025-09-29 18:31:54,575 - root - INFO - test roc_auc, 0.9377
2025-09-29 18:31:54,575 - root - INFO - new node test loss: 0.5495
2025-09-29 18:31:54,576 - root - INFO - new node test average_precision, 0.9284
2025-09-29 18:31:54,576 - root - INFO - new node test roc_auc, 0.9217
2025-09-29 18:33:14,746 - root - INFO - Epoch: 90, learning rate: 0.0001, train loss: 0.0951
2025-09-29 18:33:14,747 - root - INFO - train average_precision, 0.9927
2025-09-29 18:33:14,747 - root - INFO - train roc_auc, 0.9936
2025-09-29 18:33:14,747 - root - INFO - validate loss: 0.4820
2025-09-29 18:33:14,747 - root - INFO - validate average_precision, 0.9552
2025-09-29 18:33:14,747 - root - INFO - validate roc_auc, 0.9517
2025-09-29 18:33:14,747 - root - INFO - new node validate loss: 0.5017
2025-09-29 18:33:14,747 - root - INFO - new node validate average_precision, 0.9450
2025-09-29 18:33:14,747 - root - INFO - new node validate roc_auc, 0.9395
2025-09-29 18:33:34,452 - root - INFO - test loss: 0.5440
2025-09-29 18:33:34,452 - root - INFO - test average_precision, 0.9412
2025-09-29 18:33:34,452 - root - INFO - best test average_precision: 0.9428
2025-09-29 18:33:34,452 - root - INFO - test roc_auc, 0.9367
2025-09-29 18:33:34,452 - root - INFO - new node test loss: 0.5756
2025-09-29 18:33:34,452 - root - INFO - new node test average_precision, 0.9264
2025-09-29 18:33:34,452 - root - INFO - new node test roc_auc, 0.9201
2025-09-29 18:34:54,497 - root - INFO - Epoch: 91, learning rate: 0.0001, train loss: 0.0961
2025-09-29 18:34:54,497 - root - INFO - train average_precision, 0.9927
2025-09-29 18:34:54,497 - root - INFO - train roc_auc, 0.9935
2025-09-29 18:34:54,497 - root - INFO - validate loss: 0.4445
2025-09-29 18:34:54,497 - root - INFO - validate average_precision, 0.9578
2025-09-29 18:34:54,497 - root - INFO - validate roc_auc, 0.9545
2025-09-29 18:34:54,497 - root - INFO - new node validate loss: 0.4493
2025-09-29 18:34:54,497 - root - INFO - new node validate average_precision, 0.9489
2025-09-29 18:34:54,497 - root - INFO - new node validate roc_auc, 0.9448
2025-09-29 18:35:14,244 - root - INFO - test loss: 0.5119
2025-09-29 18:35:14,244 - root - INFO - test average_precision, 0.9422
2025-09-29 18:35:14,244 - root - INFO - best test average_precision: 0.9428
2025-09-29 18:35:14,244 - root - INFO - test roc_auc, 0.9379
2025-09-29 18:35:14,244 - root - INFO - new node test loss: 0.5403
2025-09-29 18:35:14,244 - root - INFO - new node test average_precision, 0.9292
2025-09-29 18:35:14,244 - root - INFO - new node test roc_auc, 0.9225
2025-09-29 18:35:14,244 - root - INFO - load model ./saved_models/TGAT/wikipedia/TGAT_seed0/TGAT_seed0.pkl
