2025-09-29 16:03:54,245 - root - INFO - ********** Run 1 starts. **********
2025-09-29 16:03:54,245 - root - INFO - configuration is Namespace(dataset_name='wikipedia', batch_size=200, model_name='TGAT', gpu=0, num_neighbors=20, sample_neighbor_strategy='recent', time_scaling_factor=1e-06, num_walk_heads=8, num_heads=2, num_layers=2, walk_length=1, time_gap=2000, time_feat_dim=128, position_feat_dim=172, time_window_mode='fixed_proportion', time_encoder_type='mercer', expert_dim=64, num_mixtures=4, patch_size=1, channel_embedding_dim=50, max_input_sequence_length=32, learning_rate=0.0001, dropout=0.1, gamma=0.5, num_epochs=100, optimizer='Adam', weight_decay=0.0, patience=20, val_ratio=0.15, test_ratio=0.15, num_runs=5, test_interval_epochs=1, negative_sample_strategy='random', max_interaction_times=10, load_best_configs=True, device='cuda:0', seed=0, save_model_name='TGAT_seed0')
2025-09-29 16:03:54,253 - root - INFO - time encoder type: mercer
2025-09-29 16:03:54,536 - root - INFO - model -> Sequential(
  (0): TGAT(
    (time_encoder): TimeEncoderWrapper(
      (encoder): MercerTimeEncoder(
        (projection): Linear(in_features=16, out_features=128, bias=True)
        (layer_norm): LayerNorm((128,), eps=1e-05, elementwise_affine=True)
      )
    )
    (temporal_conv_layers): ModuleList(
      (0-1): 2 x MultiHeadAttention(
        (query_projection): Linear(in_features=300, out_features=300, bias=False)
        (key_projection): Linear(in_features=472, out_features=300, bias=False)
        (value_projection): Linear(in_features=472, out_features=300, bias=False)
        (layer_norm): LayerNorm((300,), eps=1e-05, elementwise_affine=True)
        (residual_fc): Linear(in_features=300, out_features=300, bias=True)
        (dropout): Dropout(p=0.1, inplace=False)
      )
    )
    (merge_layers): ModuleList(
      (0-1): 2 x MergeLayer(
        (fc1): Linear(in_features=472, out_features=172, bias=True)
        (fc2): Linear(in_features=172, out_features=172, bias=True)
        (act): ReLU()
      )
    )
  )
  (1): MergeLayer(
    (fc1): Linear(in_features=344, out_features=172, bias=True)
    (fc2): Linear(in_features=172, out_features=1, bias=True)
    (act): ReLU()
  )
)
2025-09-29 16:03:54,536 - root - INFO - model name: TGAT, #parameters: 4849572 B, 4735.91015625 KB, 4.624912261962891 MB.
2025-09-29 16:05:21,660 - root - INFO - Epoch: 1, learning rate: 0.0001, train loss: 0.4855
2025-09-29 16:05:21,661 - root - INFO - train average_precision, 0.8234
2025-09-29 16:05:21,661 - root - INFO - train roc_auc, 0.8343
2025-09-29 16:05:21,661 - root - INFO - validate loss: 0.4239
2025-09-29 16:05:21,661 - root - INFO - validate average_precision, 0.8938
2025-09-29 16:05:21,661 - root - INFO - validate roc_auc, 0.8840
2025-09-29 16:05:21,661 - root - INFO - new node validate loss: 0.3981
2025-09-29 16:05:21,662 - root - INFO - new node validate average_precision, 0.9049
2025-09-29 16:05:21,662 - root - INFO - new node validate roc_auc, 0.8997
2025-09-29 16:05:41,623 - root - INFO - test loss: 0.4663
2025-09-29 16:05:41,623 - root - INFO - test average_precision, 0.8686
2025-09-29 16:05:41,624 - root - INFO - best test average_precision: 0.8686
2025-09-29 16:05:41,624 - root - INFO - test roc_auc, 0.8549
2025-09-29 16:05:41,624 - root - INFO - new node test loss: 0.4474
2025-09-29 16:05:41,624 - root - INFO - new node test average_precision, 0.8768
2025-09-29 16:05:41,624 - root - INFO - new node test roc_auc, 0.8667
2025-09-29 16:05:41,624 - root - INFO - save model ./saved_models/TGAT/wikipedia/TGAT_seed0/TGAT_seed0.pkl
2025-09-29 16:07:06,763 - root - INFO - Epoch: 2, learning rate: 0.0001, train loss: 0.3754
2025-09-29 16:07:06,763 - root - INFO - train average_precision, 0.9113
2025-09-29 16:07:06,764 - root - INFO - train roc_auc, 0.9074
2025-09-29 16:07:06,764 - root - INFO - validate loss: 0.3655
2025-09-29 16:07:06,764 - root - INFO - validate average_precision, 0.9242
2025-09-29 16:07:06,764 - root - INFO - validate roc_auc, 0.9182
2025-09-29 16:07:06,764 - root - INFO - new node validate loss: 0.3454
2025-09-29 16:07:06,764 - root - INFO - new node validate average_precision, 0.9271
2025-09-29 16:07:06,764 - root - INFO - new node validate roc_auc, 0.9258
2025-09-29 16:07:26,702 - root - INFO - test loss: 0.4045
2025-09-29 16:07:26,702 - root - INFO - test average_precision, 0.9062
2025-09-29 16:07:26,702 - root - INFO - best test average_precision: 0.9062
2025-09-29 16:07:26,702 - root - INFO - test roc_auc, 0.8976
2025-09-29 16:07:26,703 - root - INFO - new node test loss: 0.3920
2025-09-29 16:07:26,703 - root - INFO - new node test average_precision, 0.9080
2025-09-29 16:07:26,703 - root - INFO - new node test roc_auc, 0.9025
2025-09-29 16:07:26,703 - root - INFO - save model ./saved_models/TGAT/wikipedia/TGAT_seed0/TGAT_seed0.pkl
2025-09-29 16:08:51,019 - root - INFO - Epoch: 3, learning rate: 0.0001, train loss: 0.3412
2025-09-29 16:08:51,020 - root - INFO - train average_precision, 0.9287
2025-09-29 16:08:51,020 - root - INFO - train roc_auc, 0.9261
2025-09-29 16:08:51,020 - root - INFO - validate loss: 0.3401
2025-09-29 16:08:51,020 - root - INFO - validate average_precision, 0.9344
2025-09-29 16:08:51,020 - root - INFO - validate roc_auc, 0.9288
2025-09-29 16:08:51,020 - root - INFO - new node validate loss: 0.3251
2025-09-29 16:08:51,020 - root - INFO - new node validate average_precision, 0.9382
2025-09-29 16:08:51,020 - root - INFO - new node validate roc_auc, 0.9350
2025-09-29 16:09:11,025 - root - INFO - test loss: 0.3793
2025-09-29 16:09:11,026 - root - INFO - test average_precision, 0.9182
2025-09-29 16:09:11,026 - root - INFO - best test average_precision: 0.9182
2025-09-29 16:09:11,026 - root - INFO - test roc_auc, 0.9100
2025-09-29 16:09:11,026 - root - INFO - new node test loss: 0.3726
2025-09-29 16:09:11,026 - root - INFO - new node test average_precision, 0.9188
2025-09-29 16:09:11,026 - root - INFO - new node test roc_auc, 0.9125
2025-09-29 16:09:11,026 - root - INFO - save model ./saved_models/TGAT/wikipedia/TGAT_seed0/TGAT_seed0.pkl
2025-09-29 16:10:35,214 - root - INFO - Epoch: 4, learning rate: 0.0001, train loss: 0.3168
2025-09-29 16:10:35,214 - root - INFO - train average_precision, 0.9401
2025-09-29 16:10:35,214 - root - INFO - train roc_auc, 0.9368
2025-09-29 16:10:35,214 - root - INFO - validate loss: 0.3197
2025-09-29 16:10:35,214 - root - INFO - validate average_precision, 0.9419
2025-09-29 16:10:35,214 - root - INFO - validate roc_auc, 0.9363
2025-09-29 16:10:35,214 - root - INFO - new node validate loss: 0.3110
2025-09-29 16:10:35,214 - root - INFO - new node validate average_precision, 0.9433
2025-09-29 16:10:35,215 - root - INFO - new node validate roc_auc, 0.9397
2025-09-29 16:10:55,177 - root - INFO - test loss: 0.3625
2025-09-29 16:10:55,177 - root - INFO - test average_precision, 0.9236
2025-09-29 16:10:55,177 - root - INFO - best test average_precision: 0.9236
2025-09-29 16:10:55,177 - root - INFO - test roc_auc, 0.9161
2025-09-29 16:10:55,177 - root - INFO - new node test loss: 0.3556
2025-09-29 16:10:55,177 - root - INFO - new node test average_precision, 0.9259
2025-09-29 16:10:55,177 - root - INFO - new node test roc_auc, 0.9194
2025-09-29 16:10:55,177 - root - INFO - save model ./saved_models/TGAT/wikipedia/TGAT_seed0/TGAT_seed0.pkl
2025-09-29 16:12:19,577 - root - INFO - Epoch: 5, learning rate: 0.0001, train loss: 0.2984
2025-09-29 16:12:19,577 - root - INFO - train average_precision, 0.9480
2025-09-29 16:12:19,577 - root - INFO - train roc_auc, 0.9448
2025-09-29 16:12:19,577 - root - INFO - validate loss: 0.3068
2025-09-29 16:12:19,577 - root - INFO - validate average_precision, 0.9480
2025-09-29 16:12:19,577 - root - INFO - validate roc_auc, 0.9425
2025-09-29 16:12:19,578 - root - INFO - new node validate loss: 0.3009
2025-09-29 16:12:19,578 - root - INFO - new node validate average_precision, 0.9486
2025-09-29 16:12:19,578 - root - INFO - new node validate roc_auc, 0.9441
2025-09-29 16:12:39,523 - root - INFO - test loss: 0.3428
2025-09-29 16:12:39,523 - root - INFO - test average_precision, 0.9349
2025-09-29 16:12:39,523 - root - INFO - best test average_precision: 0.9349
2025-09-29 16:12:39,523 - root - INFO - test roc_auc, 0.9273
2025-09-29 16:12:39,523 - root - INFO - new node test loss: 0.3449
2025-09-29 16:12:39,524 - root - INFO - new node test average_precision, 0.9330
2025-09-29 16:12:39,524 - root - INFO - new node test roc_auc, 0.9262
2025-09-29 16:12:39,524 - root - INFO - save model ./saved_models/TGAT/wikipedia/TGAT_seed0/TGAT_seed0.pkl
2025-09-29 16:14:04,265 - root - INFO - Epoch: 6, learning rate: 0.0001, train loss: 0.2775
2025-09-29 16:14:04,265 - root - INFO - train average_precision, 0.9555
2025-09-29 16:14:04,265 - root - INFO - train roc_auc, 0.9526
2025-09-29 16:14:04,265 - root - INFO - validate loss: 0.2879
2025-09-29 16:14:04,265 - root - INFO - validate average_precision, 0.9534
2025-09-29 16:14:04,265 - root - INFO - validate roc_auc, 0.9499
2025-09-29 16:14:04,265 - root - INFO - new node validate loss: 0.2868
2025-09-29 16:14:04,265 - root - INFO - new node validate average_precision, 0.9543
2025-09-29 16:14:04,265 - root - INFO - new node validate roc_auc, 0.9511
2025-09-29 16:14:24,213 - root - INFO - test loss: 0.3232
2025-09-29 16:14:24,213 - root - INFO - test average_precision, 0.9422
2025-09-29 16:14:24,213 - root - INFO - best test average_precision: 0.9422
2025-09-29 16:14:24,213 - root - INFO - test roc_auc, 0.9369
2025-09-29 16:14:24,213 - root - INFO - new node test loss: 0.3320
2025-09-29 16:14:24,213 - root - INFO - new node test average_precision, 0.9390
2025-09-29 16:14:24,213 - root - INFO - new node test roc_auc, 0.9349
2025-09-29 16:14:24,213 - root - INFO - save model ./saved_models/TGAT/wikipedia/TGAT_seed0/TGAT_seed0.pkl
2025-09-29 16:15:48,586 - root - INFO - Epoch: 7, learning rate: 0.0001, train loss: 0.2577
2025-09-29 16:15:48,586 - root - INFO - train average_precision, 0.9614
2025-09-29 16:15:48,587 - root - INFO - train roc_auc, 0.9593
2025-09-29 16:15:48,587 - root - INFO - validate loss: 0.2645
2025-09-29 16:15:48,587 - root - INFO - validate average_precision, 0.9616
2025-09-29 16:15:48,587 - root - INFO - validate roc_auc, 0.9587
2025-09-29 16:15:48,587 - root - INFO - new node validate loss: 0.2593
2025-09-29 16:15:48,587 - root - INFO - new node validate average_precision, 0.9625
2025-09-29 16:15:48,587 - root - INFO - new node validate roc_auc, 0.9600
2025-09-29 16:16:08,500 - root - INFO - test loss: 0.3015
2025-09-29 16:16:08,500 - root - INFO - test average_precision, 0.9511
2025-09-29 16:16:08,500 - root - INFO - best test average_precision: 0.9511
2025-09-29 16:16:08,500 - root - INFO - test roc_auc, 0.9462
2025-09-29 16:16:08,500 - root - INFO - new node test loss: 0.3081
2025-09-29 16:16:08,500 - root - INFO - new node test average_precision, 0.9480
2025-09-29 16:16:08,500 - root - INFO - new node test roc_auc, 0.9437
2025-09-29 16:16:08,501 - root - INFO - save model ./saved_models/TGAT/wikipedia/TGAT_seed0/TGAT_seed0.pkl
2025-09-29 16:17:32,444 - root - INFO - Epoch: 8, learning rate: 0.0001, train loss: 0.2397
2025-09-29 16:17:32,444 - root - INFO - train average_precision, 0.9668
2025-09-29 16:17:32,444 - root - INFO - train roc_auc, 0.9649
2025-09-29 16:17:32,444 - root - INFO - validate loss: 0.2483
2025-09-29 16:17:32,444 - root - INFO - validate average_precision, 0.9653
2025-09-29 16:17:32,445 - root - INFO - validate roc_auc, 0.9625
2025-09-29 16:17:32,445 - root - INFO - new node validate loss: 0.2460
2025-09-29 16:17:32,445 - root - INFO - new node validate average_precision, 0.9646
2025-09-29 16:17:32,445 - root - INFO - new node validate roc_auc, 0.9621
2025-09-29 16:17:52,397 - root - INFO - test loss: 0.2836
2025-09-29 16:17:52,398 - root - INFO - test average_precision, 0.9551
2025-09-29 16:17:52,398 - root - INFO - best test average_precision: 0.9551
2025-09-29 16:17:52,398 - root - INFO - test roc_auc, 0.9510
2025-09-29 16:17:52,398 - root - INFO - new node test loss: 0.2904
2025-09-29 16:17:52,398 - root - INFO - new node test average_precision, 0.9519
2025-09-29 16:17:52,398 - root - INFO - new node test roc_auc, 0.9480
2025-09-29 16:17:52,398 - root - INFO - save model ./saved_models/TGAT/wikipedia/TGAT_seed0/TGAT_seed0.pkl
2025-09-29 16:19:16,329 - root - INFO - Epoch: 9, learning rate: 0.0001, train loss: 0.2314
2025-09-29 16:19:16,329 - root - INFO - train average_precision, 0.9687
2025-09-29 16:19:16,329 - root - INFO - train roc_auc, 0.9670
2025-09-29 16:19:16,329 - root - INFO - validate loss: 0.2461
2025-09-29 16:19:16,329 - root - INFO - validate average_precision, 0.9658
2025-09-29 16:19:16,329 - root - INFO - validate roc_auc, 0.9629
2025-09-29 16:19:16,329 - root - INFO - new node validate loss: 0.2439
2025-09-29 16:19:16,330 - root - INFO - new node validate average_precision, 0.9659
2025-09-29 16:19:16,330 - root - INFO - new node validate roc_auc, 0.9634
2025-09-29 16:19:36,290 - root - INFO - test loss: 0.2774
2025-09-29 16:19:36,290 - root - INFO - test average_precision, 0.9575
2025-09-29 16:19:36,290 - root - INFO - best test average_precision: 0.9575
2025-09-29 16:19:36,290 - root - INFO - test roc_auc, 0.9533
2025-09-29 16:19:36,290 - root - INFO - new node test loss: 0.2902
2025-09-29 16:19:36,290 - root - INFO - new node test average_precision, 0.9533
2025-09-29 16:19:36,290 - root - INFO - new node test roc_auc, 0.9493
2025-09-29 16:19:36,290 - root - INFO - save model ./saved_models/TGAT/wikipedia/TGAT_seed0/TGAT_seed0.pkl
2025-09-29 16:21:00,391 - root - INFO - Epoch: 10, learning rate: 0.0001, train loss: 0.2232
2025-09-29 16:21:00,392 - root - INFO - train average_precision, 0.9710
2025-09-29 16:21:00,392 - root - INFO - train roc_auc, 0.9692
2025-09-29 16:21:00,392 - root - INFO - validate loss: 0.2373
2025-09-29 16:21:00,392 - root - INFO - validate average_precision, 0.9681
2025-09-29 16:21:00,392 - root - INFO - validate roc_auc, 0.9655
2025-09-29 16:21:00,392 - root - INFO - new node validate loss: 0.2380
2025-09-29 16:21:00,392 - root - INFO - new node validate average_precision, 0.9677
2025-09-29 16:21:00,392 - root - INFO - new node validate roc_auc, 0.9651
2025-09-29 16:21:20,420 - root - INFO - test loss: 0.2714
2025-09-29 16:21:20,420 - root - INFO - test average_precision, 0.9593
2025-09-29 16:21:20,420 - root - INFO - best test average_precision: 0.9593
2025-09-29 16:21:20,420 - root - INFO - test roc_auc, 0.9552
2025-09-29 16:21:20,421 - root - INFO - new node test loss: 0.2846
2025-09-29 16:21:20,421 - root - INFO - new node test average_precision, 0.9550
2025-09-29 16:21:20,421 - root - INFO - new node test roc_auc, 0.9513
2025-09-29 16:21:20,421 - root - INFO - save model ./saved_models/TGAT/wikipedia/TGAT_seed0/TGAT_seed0.pkl
2025-09-29 16:22:45,269 - root - INFO - Epoch: 11, learning rate: 0.0001, train loss: 0.2202
2025-09-29 16:22:45,269 - root - INFO - train average_precision, 0.9718
2025-09-29 16:22:45,269 - root - INFO - train roc_auc, 0.9702
2025-09-29 16:22:45,269 - root - INFO - validate loss: 0.2311
2025-09-29 16:22:45,270 - root - INFO - validate average_precision, 0.9698
2025-09-29 16:22:45,270 - root - INFO - validate roc_auc, 0.9672
2025-09-29 16:22:45,270 - root - INFO - new node validate loss: 0.2313
2025-09-29 16:22:45,270 - root - INFO - new node validate average_precision, 0.9688
2025-09-29 16:22:45,270 - root - INFO - new node validate roc_auc, 0.9664
2025-09-29 16:23:05,260 - root - INFO - test loss: 0.2626
2025-09-29 16:23:05,260 - root - INFO - test average_precision, 0.9618
2025-09-29 16:23:05,260 - root - INFO - best test average_precision: 0.9618
2025-09-29 16:23:05,260 - root - INFO - test roc_auc, 0.9577
2025-09-29 16:23:05,260 - root - INFO - new node test loss: 0.2759
2025-09-29 16:23:05,260 - root - INFO - new node test average_precision, 0.9571
2025-09-29 16:23:05,260 - root - INFO - new node test roc_auc, 0.9534
2025-09-29 16:23:05,260 - root - INFO - save model ./saved_models/TGAT/wikipedia/TGAT_seed0/TGAT_seed0.pkl
2025-09-29 16:24:29,377 - root - INFO - Epoch: 12, learning rate: 0.0001, train loss: 0.2170
2025-09-29 16:24:29,377 - root - INFO - train average_precision, 0.9727
2025-09-29 16:24:29,378 - root - INFO - train roc_auc, 0.9710
2025-09-29 16:24:29,378 - root - INFO - validate loss: 0.2326
2025-09-29 16:24:29,378 - root - INFO - validate average_precision, 0.9693
2025-09-29 16:24:29,378 - root - INFO - validate roc_auc, 0.9667
2025-09-29 16:24:29,378 - root - INFO - new node validate loss: 0.2341
2025-09-29 16:24:29,378 - root - INFO - new node validate average_precision, 0.9684
2025-09-29 16:24:29,378 - root - INFO - new node validate roc_auc, 0.9660
2025-09-29 16:24:49,345 - root - INFO - test loss: 0.2672
2025-09-29 16:24:49,345 - root - INFO - test average_precision, 0.9602
2025-09-29 16:24:49,345 - root - INFO - best test average_precision: 0.9618
2025-09-29 16:24:49,345 - root - INFO - test roc_auc, 0.9564
2025-09-29 16:24:49,345 - root - INFO - new node test loss: 0.2790
2025-09-29 16:24:49,345 - root - INFO - new node test average_precision, 0.9563
2025-09-29 16:24:49,346 - root - INFO - new node test roc_auc, 0.9529
2025-09-29 16:26:13,200 - root - INFO - Epoch: 13, learning rate: 0.0001, train loss: 0.2124
2025-09-29 16:26:13,200 - root - INFO - train average_precision, 0.9737
2025-09-29 16:26:13,201 - root - INFO - train roc_auc, 0.9722
2025-09-29 16:26:13,201 - root - INFO - validate loss: 0.2269
2025-09-29 16:26:13,201 - root - INFO - validate average_precision, 0.9707
2025-09-29 16:26:13,201 - root - INFO - validate roc_auc, 0.9683
2025-09-29 16:26:13,201 - root - INFO - new node validate loss: 0.2284
2025-09-29 16:26:13,201 - root - INFO - new node validate average_precision, 0.9696
2025-09-29 16:26:13,201 - root - INFO - new node validate roc_auc, 0.9675
2025-09-29 16:26:33,222 - root - INFO - test loss: 0.2617
2025-09-29 16:26:33,222 - root - INFO - test average_precision, 0.9620
2025-09-29 16:26:33,222 - root - INFO - best test average_precision: 0.9620
2025-09-29 16:26:33,222 - root - INFO - test roc_auc, 0.9583
2025-09-29 16:26:33,222 - root - INFO - new node test loss: 0.2739
2025-09-29 16:26:33,223 - root - INFO - new node test average_precision, 0.9584
2025-09-29 16:26:33,223 - root - INFO - new node test roc_auc, 0.9546
2025-09-29 16:26:33,223 - root - INFO - save model ./saved_models/TGAT/wikipedia/TGAT_seed0/TGAT_seed0.pkl
2025-09-29 16:27:57,757 - root - INFO - Epoch: 14, learning rate: 0.0001, train loss: 0.2102
2025-09-29 16:27:57,758 - root - INFO - train average_precision, 0.9743
2025-09-29 16:27:57,758 - root - INFO - train roc_auc, 0.9728
2025-09-29 16:27:57,758 - root - INFO - validate loss: 0.2248
2025-09-29 16:27:57,758 - root - INFO - validate average_precision, 0.9712
2025-09-29 16:27:57,758 - root - INFO - validate roc_auc, 0.9688
2025-09-29 16:27:57,758 - root - INFO - new node validate loss: 0.2298
2025-09-29 16:27:57,758 - root - INFO - new node validate average_precision, 0.9695
2025-09-29 16:27:57,758 - root - INFO - new node validate roc_auc, 0.9671
2025-09-29 16:28:17,656 - root - INFO - test loss: 0.2586
2025-09-29 16:28:17,657 - root - INFO - test average_precision, 0.9625
2025-09-29 16:28:17,657 - root - INFO - best test average_precision: 0.9625
2025-09-29 16:28:17,657 - root - INFO - test roc_auc, 0.9590
2025-09-29 16:28:17,657 - root - INFO - new node test loss: 0.2754
2025-09-29 16:28:17,657 - root - INFO - new node test average_precision, 0.9572
2025-09-29 16:28:17,657 - root - INFO - new node test roc_auc, 0.9541
2025-09-29 16:28:17,657 - root - INFO - save model ./saved_models/TGAT/wikipedia/TGAT_seed0/TGAT_seed0.pkl
2025-09-29 16:29:41,464 - root - INFO - Epoch: 15, learning rate: 0.0001, train loss: 0.2065
2025-09-29 16:29:41,464 - root - INFO - train average_precision, 0.9750
2025-09-29 16:29:41,464 - root - INFO - train roc_auc, 0.9737
2025-09-29 16:29:41,464 - root - INFO - validate loss: 0.2256
2025-09-29 16:29:41,464 - root - INFO - validate average_precision, 0.9716
2025-09-29 16:29:41,464 - root - INFO - validate roc_auc, 0.9689
2025-09-29 16:29:41,464 - root - INFO - new node validate loss: 0.2307
2025-09-29 16:29:41,465 - root - INFO - new node validate average_precision, 0.9699
2025-09-29 16:29:41,465 - root - INFO - new node validate roc_auc, 0.9671
2025-09-29 16:30:01,394 - root - INFO - test loss: 0.2606
2025-09-29 16:30:01,394 - root - INFO - test average_precision, 0.9628
2025-09-29 16:30:01,394 - root - INFO - best test average_precision: 0.9628
2025-09-29 16:30:01,394 - root - INFO - test roc_auc, 0.9589
2025-09-29 16:30:01,394 - root - INFO - new node test loss: 0.2777
2025-09-29 16:30:01,394 - root - INFO - new node test average_precision, 0.9579
2025-09-29 16:30:01,394 - root - INFO - new node test roc_auc, 0.9542
2025-09-29 16:30:01,394 - root - INFO - save model ./saved_models/TGAT/wikipedia/TGAT_seed0/TGAT_seed0.pkl
2025-09-29 16:31:25,522 - root - INFO - Epoch: 16, learning rate: 0.0001, train loss: 0.2035
2025-09-29 16:31:25,523 - root - INFO - train average_precision, 0.9756
2025-09-29 16:31:25,523 - root - INFO - train roc_auc, 0.9744
2025-09-29 16:31:25,523 - root - INFO - validate loss: 0.2210
2025-09-29 16:31:25,523 - root - INFO - validate average_precision, 0.9726
2025-09-29 16:31:25,523 - root - INFO - validate roc_auc, 0.9703
2025-09-29 16:31:25,523 - root - INFO - new node validate loss: 0.2233
2025-09-29 16:31:25,523 - root - INFO - new node validate average_precision, 0.9717
2025-09-29 16:31:25,523 - root - INFO - new node validate roc_auc, 0.9692
2025-09-29 16:31:45,480 - root - INFO - test loss: 0.2555
2025-09-29 16:31:45,480 - root - INFO - test average_precision, 0.9641
2025-09-29 16:31:45,481 - root - INFO - best test average_precision: 0.9641
2025-09-29 16:31:45,481 - root - INFO - test roc_auc, 0.9605
2025-09-29 16:31:45,481 - root - INFO - new node test loss: 0.2735
2025-09-29 16:31:45,481 - root - INFO - new node test average_precision, 0.9594
2025-09-29 16:31:45,481 - root - INFO - new node test roc_auc, 0.9559
2025-09-29 16:31:45,481 - root - INFO - save model ./saved_models/TGAT/wikipedia/TGAT_seed0/TGAT_seed0.pkl
2025-09-29 16:33:09,401 - root - INFO - Epoch: 17, learning rate: 0.0001, train loss: 0.2017
2025-09-29 16:33:09,401 - root - INFO - train average_precision, 0.9762
2025-09-29 16:33:09,401 - root - INFO - train roc_auc, 0.9749
2025-09-29 16:33:09,401 - root - INFO - validate loss: 0.2192
2025-09-29 16:33:09,401 - root - INFO - validate average_precision, 0.9730
2025-09-29 16:33:09,402 - root - INFO - validate roc_auc, 0.9707
2025-09-29 16:33:09,402 - root - INFO - new node validate loss: 0.2266
2025-09-29 16:33:09,402 - root - INFO - new node validate average_precision, 0.9710
2025-09-29 16:33:09,402 - root - INFO - new node validate roc_auc, 0.9685
2025-09-29 16:33:29,378 - root - INFO - test loss: 0.2548
2025-09-29 16:33:29,378 - root - INFO - test average_precision, 0.9640
2025-09-29 16:33:29,378 - root - INFO - best test average_precision: 0.9641
2025-09-29 16:33:29,379 - root - INFO - test roc_auc, 0.9605
2025-09-29 16:33:29,379 - root - INFO - new node test loss: 0.2745
2025-09-29 16:33:29,379 - root - INFO - new node test average_precision, 0.9587
2025-09-29 16:33:29,379 - root - INFO - new node test roc_auc, 0.9553
2025-09-29 16:33:29,379 - root - INFO - save model ./saved_models/TGAT/wikipedia/TGAT_seed0/TGAT_seed0.pkl
2025-09-29 16:34:53,281 - root - INFO - Epoch: 18, learning rate: 0.0001, train loss: 0.2018
2025-09-29 16:34:53,281 - root - INFO - train average_precision, 0.9761
2025-09-29 16:34:53,281 - root - INFO - train roc_auc, 0.9749
2025-09-29 16:34:53,281 - root - INFO - validate loss: 0.2210
2025-09-29 16:34:53,281 - root - INFO - validate average_precision, 0.9725
2025-09-29 16:34:53,281 - root - INFO - validate roc_auc, 0.9700
2025-09-29 16:34:53,281 - root - INFO - new node validate loss: 0.2228
2025-09-29 16:34:53,282 - root - INFO - new node validate average_precision, 0.9713
2025-09-29 16:34:53,282 - root - INFO - new node validate roc_auc, 0.9689
2025-09-29 16:35:13,270 - root - INFO - test loss: 0.2531
2025-09-29 16:35:13,270 - root - INFO - test average_precision, 0.9643
2025-09-29 16:35:13,270 - root - INFO - best test average_precision: 0.9643
2025-09-29 16:35:13,270 - root - INFO - test roc_auc, 0.9607
2025-09-29 16:35:13,270 - root - INFO - new node test loss: 0.2700
2025-09-29 16:35:13,270 - root - INFO - new node test average_precision, 0.9585
2025-09-29 16:35:13,270 - root - INFO - new node test roc_auc, 0.9552
2025-09-29 16:36:37,137 - root - INFO - Epoch: 19, learning rate: 0.0001, train loss: 0.1973
2025-09-29 16:36:37,137 - root - INFO - train average_precision, 0.9771
2025-09-29 16:36:37,138 - root - INFO - train roc_auc, 0.9760
2025-09-29 16:36:37,138 - root - INFO - validate loss: 0.2225
2025-09-29 16:36:37,138 - root - INFO - validate average_precision, 0.9722
2025-09-29 16:36:37,138 - root - INFO - validate roc_auc, 0.9696
2025-09-29 16:36:37,138 - root - INFO - new node validate loss: 0.2250
2025-09-29 16:36:37,138 - root - INFO - new node validate average_precision, 0.9706
2025-09-29 16:36:37,138 - root - INFO - new node validate roc_auc, 0.9681
2025-09-29 16:36:57,139 - root - INFO - test loss: 0.2579
2025-09-29 16:36:57,140 - root - INFO - test average_precision, 0.9634
2025-09-29 16:36:57,140 - root - INFO - best test average_precision: 0.9643
2025-09-29 16:36:57,140 - root - INFO - test roc_auc, 0.9594
2025-09-29 16:36:57,140 - root - INFO - new node test loss: 0.2757
2025-09-29 16:36:57,140 - root - INFO - new node test average_precision, 0.9581
2025-09-29 16:36:57,140 - root - INFO - new node test roc_auc, 0.9541
2025-09-29 16:38:21,066 - root - INFO - Epoch: 20, learning rate: 0.0001, train loss: 0.1944
2025-09-29 16:38:21,067 - root - INFO - train average_precision, 0.9775
2025-09-29 16:38:21,067 - root - INFO - train roc_auc, 0.9767
2025-09-29 16:38:21,067 - root - INFO - validate loss: 0.2108
2025-09-29 16:38:21,067 - root - INFO - validate average_precision, 0.9747
2025-09-29 16:38:21,067 - root - INFO - validate roc_auc, 0.9727
2025-09-29 16:38:21,067 - root - INFO - new node validate loss: 0.2133
2025-09-29 16:38:21,067 - root - INFO - new node validate average_precision, 0.9737
2025-09-29 16:38:21,067 - root - INFO - new node validate roc_auc, 0.9715
2025-09-29 16:38:41,162 - root - INFO - test loss: 0.2435
2025-09-29 16:38:41,163 - root - INFO - test average_precision, 0.9667
2025-09-29 16:38:41,163 - root - INFO - best test average_precision: 0.9667
2025-09-29 16:38:41,163 - root - INFO - test roc_auc, 0.9636
2025-09-29 16:38:41,163 - root - INFO - new node test loss: 0.2638
2025-09-29 16:38:41,163 - root - INFO - new node test average_precision, 0.9611
2025-09-29 16:38:41,163 - root - INFO - new node test roc_auc, 0.9582
2025-09-29 16:38:41,163 - root - INFO - save model ./saved_models/TGAT/wikipedia/TGAT_seed0/TGAT_seed0.pkl
2025-09-29 16:40:05,079 - root - INFO - Epoch: 21, learning rate: 0.0001, train loss: 0.1937
2025-09-29 16:40:05,080 - root - INFO - train average_precision, 0.9779
2025-09-29 16:40:05,080 - root - INFO - train roc_auc, 0.9768
2025-09-29 16:40:05,080 - root - INFO - validate loss: 0.2159
2025-09-29 16:40:05,080 - root - INFO - validate average_precision, 0.9735
2025-09-29 16:40:05,080 - root - INFO - validate roc_auc, 0.9713
2025-09-29 16:40:05,080 - root - INFO - new node validate loss: 0.2165
2025-09-29 16:40:05,080 - root - INFO - new node validate average_precision, 0.9725
2025-09-29 16:40:05,080 - root - INFO - new node validate roc_auc, 0.9705
2025-09-29 16:40:25,053 - root - INFO - test loss: 0.2487
2025-09-29 16:40:25,053 - root - INFO - test average_precision, 0.9657
2025-09-29 16:40:25,053 - root - INFO - best test average_precision: 0.9667
2025-09-29 16:40:25,053 - root - INFO - test roc_auc, 0.9623
2025-09-29 16:40:25,053 - root - INFO - new node test loss: 0.2678
2025-09-29 16:40:25,053 - root - INFO - new node test average_precision, 0.9600
2025-09-29 16:40:25,053 - root - INFO - new node test roc_auc, 0.9570
2025-09-29 16:41:48,836 - root - INFO - Epoch: 22, learning rate: 0.0001, train loss: 0.1897
2025-09-29 16:41:48,837 - root - INFO - train average_precision, 0.9786
2025-09-29 16:41:48,837 - root - INFO - train roc_auc, 0.9777
2025-09-29 16:41:48,837 - root - INFO - validate loss: 0.2135
2025-09-29 16:41:48,837 - root - INFO - validate average_precision, 0.9746
2025-09-29 16:41:48,837 - root - INFO - validate roc_auc, 0.9725
2025-09-29 16:41:48,837 - root - INFO - new node validate loss: 0.2108
2025-09-29 16:41:48,837 - root - INFO - new node validate average_precision, 0.9743
2025-09-29 16:41:48,837 - root - INFO - new node validate roc_auc, 0.9721
2025-09-29 16:42:08,803 - root - INFO - test loss: 0.2468
2025-09-29 16:42:08,804 - root - INFO - test average_precision, 0.9666
2025-09-29 16:42:08,804 - root - INFO - best test average_precision: 0.9667
2025-09-29 16:42:08,804 - root - INFO - test roc_auc, 0.9633
2025-09-29 16:42:08,804 - root - INFO - new node test loss: 0.2632
2025-09-29 16:42:08,804 - root - INFO - new node test average_precision, 0.9611
2025-09-29 16:42:08,804 - root - INFO - new node test roc_auc, 0.9582
2025-09-29 16:43:32,797 - root - INFO - Epoch: 23, learning rate: 0.0001, train loss: 0.1898
2025-09-29 16:43:32,797 - root - INFO - train average_precision, 0.9787
2025-09-29 16:43:32,797 - root - INFO - train roc_auc, 0.9777
2025-09-29 16:43:32,798 - root - INFO - validate loss: 0.2108
2025-09-29 16:43:32,798 - root - INFO - validate average_precision, 0.9748
2025-09-29 16:43:32,798 - root - INFO - validate roc_auc, 0.9727
2025-09-29 16:43:32,798 - root - INFO - new node validate loss: 0.2152
2025-09-29 16:43:32,798 - root - INFO - new node validate average_precision, 0.9736
2025-09-29 16:43:32,798 - root - INFO - new node validate roc_auc, 0.9710
2025-09-29 16:43:52,800 - root - INFO - test loss: 0.2439
2025-09-29 16:43:52,800 - root - INFO - test average_precision, 0.9667
2025-09-29 16:43:52,800 - root - INFO - best test average_precision: 0.9667
2025-09-29 16:43:52,801 - root - INFO - test roc_auc, 0.9637
2025-09-29 16:43:52,801 - root - INFO - new node test loss: 0.2647
2025-09-29 16:43:52,801 - root - INFO - new node test average_precision, 0.9616
2025-09-29 16:43:52,801 - root - INFO - new node test roc_auc, 0.9582
2025-09-29 16:43:52,801 - root - INFO - save model ./saved_models/TGAT/wikipedia/TGAT_seed0/TGAT_seed0.pkl
2025-09-29 16:45:16,892 - root - INFO - Epoch: 24, learning rate: 0.0001, train loss: 0.1875
2025-09-29 16:45:16,892 - root - INFO - train average_precision, 0.9790
2025-09-29 16:45:16,892 - root - INFO - train roc_auc, 0.9782
2025-09-29 16:45:16,892 - root - INFO - validate loss: 0.2096
2025-09-29 16:45:16,892 - root - INFO - validate average_precision, 0.9750
2025-09-29 16:45:16,892 - root - INFO - validate roc_auc, 0.9729
2025-09-29 16:45:16,892 - root - INFO - new node validate loss: 0.2134
2025-09-29 16:45:16,893 - root - INFO - new node validate average_precision, 0.9734
2025-09-29 16:45:16,893 - root - INFO - new node validate roc_auc, 0.9712
2025-09-29 16:45:36,839 - root - INFO - test loss: 0.2428
2025-09-29 16:45:36,839 - root - INFO - test average_precision, 0.9671
2025-09-29 16:45:36,839 - root - INFO - best test average_precision: 0.9671
2025-09-29 16:45:36,839 - root - INFO - test roc_auc, 0.9640
2025-09-29 16:45:36,839 - root - INFO - new node test loss: 0.2623
2025-09-29 16:45:36,839 - root - INFO - new node test average_precision, 0.9619
2025-09-29 16:45:36,839 - root - INFO - new node test roc_auc, 0.9588
2025-09-29 16:45:36,840 - root - INFO - save model ./saved_models/TGAT/wikipedia/TGAT_seed0/TGAT_seed0.pkl
2025-09-29 16:47:00,804 - root - INFO - Epoch: 25, learning rate: 0.0001, train loss: 0.1862
2025-09-29 16:47:00,805 - root - INFO - train average_precision, 0.9796
2025-09-29 16:47:00,805 - root - INFO - train roc_auc, 0.9785
2025-09-29 16:47:00,805 - root - INFO - validate loss: 0.2153
2025-09-29 16:47:00,805 - root - INFO - validate average_precision, 0.9742
2025-09-29 16:47:00,805 - root - INFO - validate roc_auc, 0.9719
2025-09-29 16:47:00,805 - root - INFO - new node validate loss: 0.2212
2025-09-29 16:47:00,805 - root - INFO - new node validate average_precision, 0.9720
2025-09-29 16:47:00,805 - root - INFO - new node validate roc_auc, 0.9696
2025-09-29 16:47:20,820 - root - INFO - test loss: 0.2459
2025-09-29 16:47:20,820 - root - INFO - test average_precision, 0.9666
2025-09-29 16:47:20,820 - root - INFO - best test average_precision: 0.9671
2025-09-29 16:47:20,820 - root - INFO - test roc_auc, 0.9633
2025-09-29 16:47:20,820 - root - INFO - new node test loss: 0.2694
2025-09-29 16:47:20,820 - root - INFO - new node test average_precision, 0.9599
2025-09-29 16:47:20,821 - root - INFO - new node test roc_auc, 0.9566
2025-09-29 16:48:44,993 - root - INFO - Epoch: 26, learning rate: 0.0001, train loss: 0.1847
2025-09-29 16:48:44,993 - root - INFO - train average_precision, 0.9796
2025-09-29 16:48:44,993 - root - INFO - train roc_auc, 0.9788
2025-09-29 16:48:44,993 - root - INFO - validate loss: 0.2132
2025-09-29 16:48:44,994 - root - INFO - validate average_precision, 0.9744
2025-09-29 16:48:44,994 - root - INFO - validate roc_auc, 0.9723
2025-09-29 16:48:44,994 - root - INFO - new node validate loss: 0.2191
2025-09-29 16:48:44,994 - root - INFO - new node validate average_precision, 0.9728
2025-09-29 16:48:44,994 - root - INFO - new node validate roc_auc, 0.9702
2025-09-29 16:49:04,970 - root - INFO - test loss: 0.2471
2025-09-29 16:49:04,970 - root - INFO - test average_precision, 0.9663
2025-09-29 16:49:04,970 - root - INFO - best test average_precision: 0.9671
2025-09-29 16:49:04,970 - root - INFO - test roc_auc, 0.9629
2025-09-29 16:49:04,970 - root - INFO - new node test loss: 0.2676
2025-09-29 16:49:04,970 - root - INFO - new node test average_precision, 0.9604
2025-09-29 16:49:04,970 - root - INFO - new node test roc_auc, 0.9570
2025-09-29 16:50:28,827 - root - INFO - Epoch: 27, learning rate: 0.0001, train loss: 0.1840
2025-09-29 16:50:28,828 - root - INFO - train average_precision, 0.9798
2025-09-29 16:50:28,828 - root - INFO - train roc_auc, 0.9790
2025-09-29 16:50:28,828 - root - INFO - validate loss: 0.2109
2025-09-29 16:50:28,828 - root - INFO - validate average_precision, 0.9747
2025-09-29 16:50:28,828 - root - INFO - validate roc_auc, 0.9727
2025-09-29 16:50:28,828 - root - INFO - new node validate loss: 0.2130
2025-09-29 16:50:28,828 - root - INFO - new node validate average_precision, 0.9732
2025-09-29 16:50:28,828 - root - INFO - new node validate roc_auc, 0.9710
2025-09-29 16:50:48,787 - root - INFO - test loss: 0.2443
2025-09-29 16:50:48,787 - root - INFO - test average_precision, 0.9664
2025-09-29 16:50:48,787 - root - INFO - best test average_precision: 0.9671
2025-09-29 16:50:48,787 - root - INFO - test roc_auc, 0.9633
2025-09-29 16:50:48,787 - root - INFO - new node test loss: 0.2635
2025-09-29 16:50:48,788 - root - INFO - new node test average_precision, 0.9607
2025-09-29 16:50:48,788 - root - INFO - new node test roc_auc, 0.9576
2025-09-29 16:52:12,766 - root - INFO - Epoch: 28, learning rate: 0.0001, train loss: 0.1809
2025-09-29 16:52:12,767 - root - INFO - train average_precision, 0.9804
2025-09-29 16:52:12,767 - root - INFO - train roc_auc, 0.9796
2025-09-29 16:52:12,767 - root - INFO - validate loss: 0.2129
2025-09-29 16:52:12,767 - root - INFO - validate average_precision, 0.9746
2025-09-29 16:52:12,767 - root - INFO - validate roc_auc, 0.9724
2025-09-29 16:52:12,767 - root - INFO - new node validate loss: 0.2187
2025-09-29 16:52:12,767 - root - INFO - new node validate average_precision, 0.9727
2025-09-29 16:52:12,768 - root - INFO - new node validate roc_auc, 0.9701
2025-09-29 16:52:32,699 - root - INFO - test loss: 0.2451
2025-09-29 16:52:32,700 - root - INFO - test average_precision, 0.9665
2025-09-29 16:52:32,700 - root - INFO - best test average_precision: 0.9671
2025-09-29 16:52:32,700 - root - INFO - test roc_auc, 0.9636
2025-09-29 16:52:32,700 - root - INFO - new node test loss: 0.2683
2025-09-29 16:52:32,700 - root - INFO - new node test average_precision, 0.9599
2025-09-29 16:52:32,700 - root - INFO - new node test roc_auc, 0.9569
2025-09-29 16:53:57,615 - root - INFO - Epoch: 29, learning rate: 0.0001, train loss: 0.1803
2025-09-29 16:53:57,615 - root - INFO - train average_precision, 0.9805
2025-09-29 16:53:57,615 - root - INFO - train roc_auc, 0.9798
2025-09-29 16:53:57,615 - root - INFO - validate loss: 0.2058
2025-09-29 16:53:57,615 - root - INFO - validate average_precision, 0.9761
2025-09-29 16:53:57,615 - root - INFO - validate roc_auc, 0.9741
2025-09-29 16:53:57,616 - root - INFO - new node validate loss: 0.2106
2025-09-29 16:53:57,616 - root - INFO - new node validate average_precision, 0.9746
2025-09-29 16:53:57,616 - root - INFO - new node validate roc_auc, 0.9721
2025-09-29 16:54:17,568 - root - INFO - test loss: 0.2393
2025-09-29 16:54:17,568 - root - INFO - test average_precision, 0.9682
2025-09-29 16:54:17,568 - root - INFO - best test average_precision: 0.9682
2025-09-29 16:54:17,568 - root - INFO - test roc_auc, 0.9650
2025-09-29 16:54:17,568 - root - INFO - new node test loss: 0.2591
2025-09-29 16:54:17,568 - root - INFO - new node test average_precision, 0.9630
2025-09-29 16:54:17,568 - root - INFO - new node test roc_auc, 0.9596
2025-09-29 16:54:17,568 - root - INFO - save model ./saved_models/TGAT/wikipedia/TGAT_seed0/TGAT_seed0.pkl
2025-09-29 16:55:41,536 - root - INFO - Epoch: 30, learning rate: 0.0001, train loss: 0.1791
2025-09-29 16:55:41,537 - root - INFO - train average_precision, 0.9807
2025-09-29 16:55:41,537 - root - INFO - train roc_auc, 0.9801
2025-09-29 16:55:41,537 - root - INFO - validate loss: 0.2057
2025-09-29 16:55:41,537 - root - INFO - validate average_precision, 0.9760
2025-09-29 16:55:41,537 - root - INFO - validate roc_auc, 0.9740
2025-09-29 16:55:41,537 - root - INFO - new node validate loss: 0.2118
2025-09-29 16:55:41,537 - root - INFO - new node validate average_precision, 0.9747
2025-09-29 16:55:41,537 - root - INFO - new node validate roc_auc, 0.9723
2025-09-29 16:56:01,466 - root - INFO - test loss: 0.2405
2025-09-29 16:56:01,466 - root - INFO - test average_precision, 0.9679
2025-09-29 16:56:01,466 - root - INFO - best test average_precision: 0.9682
2025-09-29 16:56:01,467 - root - INFO - test roc_auc, 0.9648
2025-09-29 16:56:01,467 - root - INFO - new node test loss: 0.2615
2025-09-29 16:56:01,467 - root - INFO - new node test average_precision, 0.9626
2025-09-29 16:56:01,467 - root - INFO - new node test roc_auc, 0.9592
2025-09-29 16:57:25,722 - root - INFO - Epoch: 31, learning rate: 0.0001, train loss: 0.1769
2025-09-29 16:57:25,723 - root - INFO - train average_precision, 0.9810
2025-09-29 16:57:25,723 - root - INFO - train roc_auc, 0.9805
2025-09-29 16:57:25,723 - root - INFO - validate loss: 0.2052
2025-09-29 16:57:25,723 - root - INFO - validate average_precision, 0.9764
2025-09-29 16:57:25,723 - root - INFO - validate roc_auc, 0.9746
2025-09-29 16:57:25,723 - root - INFO - new node validate loss: 0.2074
2025-09-29 16:57:25,723 - root - INFO - new node validate average_precision, 0.9750
2025-09-29 16:57:25,723 - root - INFO - new node validate roc_auc, 0.9730
2025-09-29 16:57:45,738 - root - INFO - test loss: 0.2402
2025-09-29 16:57:45,738 - root - INFO - test average_precision, 0.9679
2025-09-29 16:57:45,738 - root - INFO - best test average_precision: 0.9682
2025-09-29 16:57:45,738 - root - INFO - test roc_auc, 0.9651
2025-09-29 16:57:45,738 - root - INFO - new node test loss: 0.2593
2025-09-29 16:57:45,738 - root - INFO - new node test average_precision, 0.9626
2025-09-29 16:57:45,738 - root - INFO - new node test roc_auc, 0.9593
2025-09-29 16:57:45,738 - root - INFO - save model ./saved_models/TGAT/wikipedia/TGAT_seed0/TGAT_seed0.pkl
2025-09-29 16:59:09,924 - root - INFO - Epoch: 32, learning rate: 0.0001, train loss: 0.1767
2025-09-29 16:59:09,924 - root - INFO - train average_precision, 0.9812
2025-09-29 16:59:09,924 - root - INFO - train roc_auc, 0.9806
2025-09-29 16:59:09,924 - root - INFO - validate loss: 0.2071
2025-09-29 16:59:09,924 - root - INFO - validate average_precision, 0.9768
2025-09-29 16:59:09,924 - root - INFO - validate roc_auc, 0.9748
2025-09-29 16:59:09,925 - root - INFO - new node validate loss: 0.2116
2025-09-29 16:59:09,925 - root - INFO - new node validate average_precision, 0.9747
2025-09-29 16:59:09,925 - root - INFO - new node validate roc_auc, 0.9726
2025-09-29 16:59:29,895 - root - INFO - test loss: 0.2390
2025-09-29 16:59:29,895 - root - INFO - test average_precision, 0.9691
2025-09-29 16:59:29,896 - root - INFO - best test average_precision: 0.9691
2025-09-29 16:59:29,896 - root - INFO - test roc_auc, 0.9663
2025-09-29 16:59:29,896 - root - INFO - new node test loss: 0.2592
2025-09-29 16:59:29,896 - root - INFO - new node test average_precision, 0.9631
2025-09-29 16:59:29,896 - root - INFO - new node test roc_auc, 0.9600
2025-09-29 16:59:29,896 - root - INFO - save model ./saved_models/TGAT/wikipedia/TGAT_seed0/TGAT_seed0.pkl
2025-09-29 17:00:53,883 - root - INFO - Epoch: 33, learning rate: 0.0001, train loss: 0.1752
2025-09-29 17:00:53,883 - root - INFO - train average_precision, 0.9814
2025-09-29 17:00:53,883 - root - INFO - train roc_auc, 0.9809
2025-09-29 17:00:53,883 - root - INFO - validate loss: 0.2058
2025-09-29 17:00:53,883 - root - INFO - validate average_precision, 0.9761
2025-09-29 17:00:53,883 - root - INFO - validate roc_auc, 0.9741
2025-09-29 17:00:53,884 - root - INFO - new node validate loss: 0.2107
2025-09-29 17:00:53,884 - root - INFO - new node validate average_precision, 0.9744
2025-09-29 17:00:53,884 - root - INFO - new node validate roc_auc, 0.9722
2025-09-29 17:01:13,889 - root - INFO - test loss: 0.2403
2025-09-29 17:01:13,889 - root - INFO - test average_precision, 0.9678
2025-09-29 17:01:13,889 - root - INFO - best test average_precision: 0.9691
2025-09-29 17:01:13,889 - root - INFO - test roc_auc, 0.9649
2025-09-29 17:01:13,889 - root - INFO - new node test loss: 0.2637
2025-09-29 17:01:13,889 - root - INFO - new node test average_precision, 0.9616
2025-09-29 17:01:13,889 - root - INFO - new node test roc_auc, 0.9581
2025-09-29 17:02:37,753 - root - INFO - Epoch: 34, learning rate: 0.0001, train loss: 0.1722
2025-09-29 17:02:37,754 - root - INFO - train average_precision, 0.9820
2025-09-29 17:02:37,754 - root - INFO - train roc_auc, 0.9816
2025-09-29 17:02:37,754 - root - INFO - validate loss: 0.2068
2025-09-29 17:02:37,754 - root - INFO - validate average_precision, 0.9763
2025-09-29 17:02:37,754 - root - INFO - validate roc_auc, 0.9743
2025-09-29 17:02:37,754 - root - INFO - new node validate loss: 0.2130
2025-09-29 17:02:37,754 - root - INFO - new node validate average_precision, 0.9746
2025-09-29 17:02:37,754 - root - INFO - new node validate roc_auc, 0.9721
2025-09-29 17:02:57,704 - root - INFO - test loss: 0.2386
2025-09-29 17:02:57,704 - root - INFO - test average_precision, 0.9690
2025-09-29 17:02:57,704 - root - INFO - best test average_precision: 0.9691
2025-09-29 17:02:57,704 - root - INFO - test roc_auc, 0.9661
2025-09-29 17:02:57,704 - root - INFO - new node test loss: 0.2642
2025-09-29 17:02:57,704 - root - INFO - new node test average_precision, 0.9627
2025-09-29 17:02:57,704 - root - INFO - new node test roc_auc, 0.9593
2025-09-29 17:04:21,426 - root - INFO - Epoch: 35, learning rate: 0.0001, train loss: 0.1712
2025-09-29 17:04:21,427 - root - INFO - train average_precision, 0.9823
2025-09-29 17:04:21,427 - root - INFO - train roc_auc, 0.9818
2025-09-29 17:04:21,427 - root - INFO - validate loss: 0.2058
2025-09-29 17:04:21,427 - root - INFO - validate average_precision, 0.9762
2025-09-29 17:04:21,427 - root - INFO - validate roc_auc, 0.9744
2025-09-29 17:04:21,427 - root - INFO - new node validate loss: 0.2095
2025-09-29 17:04:21,427 - root - INFO - new node validate average_precision, 0.9752
2025-09-29 17:04:21,427 - root - INFO - new node validate roc_auc, 0.9727
2025-09-29 17:04:41,331 - root - INFO - test loss: 0.2403
2025-09-29 17:04:41,331 - root - INFO - test average_precision, 0.9682
2025-09-29 17:04:41,331 - root - INFO - best test average_precision: 0.9691
2025-09-29 17:04:41,331 - root - INFO - test roc_auc, 0.9651
2025-09-29 17:04:41,331 - root - INFO - new node test loss: 0.2650
2025-09-29 17:04:41,331 - root - INFO - new node test average_precision, 0.9616
2025-09-29 17:04:41,331 - root - INFO - new node test roc_auc, 0.9581
2025-09-29 17:06:05,293 - root - INFO - Epoch: 36, learning rate: 0.0001, train loss: 0.1699
2025-09-29 17:06:05,293 - root - INFO - train average_precision, 0.9823
2025-09-29 17:06:05,293 - root - INFO - train roc_auc, 0.9819
2025-09-29 17:06:05,293 - root - INFO - validate loss: 0.2003
2025-09-29 17:06:05,294 - root - INFO - validate average_precision, 0.9772
2025-09-29 17:06:05,294 - root - INFO - validate roc_auc, 0.9756
2025-09-29 17:06:05,294 - root - INFO - new node validate loss: 0.2085
2025-09-29 17:06:05,294 - root - INFO - new node validate average_precision, 0.9754
2025-09-29 17:06:05,294 - root - INFO - new node validate roc_auc, 0.9733
2025-09-29 17:06:25,214 - root - INFO - test loss: 0.2387
2025-09-29 17:06:25,215 - root - INFO - test average_precision, 0.9687
2025-09-29 17:06:25,215 - root - INFO - best test average_precision: 0.9691
2025-09-29 17:06:25,215 - root - INFO - test roc_auc, 0.9658
2025-09-29 17:06:25,215 - root - INFO - new node test loss: 0.2609
2025-09-29 17:06:25,215 - root - INFO - new node test average_precision, 0.9636
2025-09-29 17:06:25,215 - root - INFO - new node test roc_auc, 0.9603
2025-09-29 17:06:25,215 - root - INFO - save model ./saved_models/TGAT/wikipedia/TGAT_seed0/TGAT_seed0.pkl
2025-09-29 17:07:49,031 - root - INFO - Epoch: 37, learning rate: 0.0001, train loss: 0.1685
2025-09-29 17:07:49,031 - root - INFO - train average_precision, 0.9828
2025-09-29 17:07:49,031 - root - INFO - train roc_auc, 0.9823
2025-09-29 17:07:49,032 - root - INFO - validate loss: 0.1977
2025-09-29 17:07:49,032 - root - INFO - validate average_precision, 0.9777
2025-09-29 17:07:49,032 - root - INFO - validate roc_auc, 0.9761
2025-09-29 17:07:49,032 - root - INFO - new node validate loss: 0.2046
2025-09-29 17:07:49,032 - root - INFO - new node validate average_precision, 0.9760
2025-09-29 17:07:49,032 - root - INFO - new node validate roc_auc, 0.9741
2025-09-29 17:08:09,005 - root - INFO - test loss: 0.2311
2025-09-29 17:08:09,005 - root - INFO - test average_precision, 0.9703
2025-09-29 17:08:09,005 - root - INFO - best test average_precision: 0.9703
2025-09-29 17:08:09,005 - root - INFO - test roc_auc, 0.9676
2025-09-29 17:08:09,005 - root - INFO - new node test loss: 0.2553
2025-09-29 17:08:09,005 - root - INFO - new node test average_precision, 0.9643
2025-09-29 17:08:09,005 - root - INFO - new node test roc_auc, 0.9613
2025-09-29 17:08:09,005 - root - INFO - save model ./saved_models/TGAT/wikipedia/TGAT_seed0/TGAT_seed0.pkl
2025-09-29 17:09:33,085 - root - INFO - Epoch: 38, learning rate: 0.0001, train loss: 0.1662
2025-09-29 17:09:33,085 - root - INFO - train average_precision, 0.9832
2025-09-29 17:09:33,085 - root - INFO - train roc_auc, 0.9828
2025-09-29 17:09:33,085 - root - INFO - validate loss: 0.2019
2025-09-29 17:09:33,085 - root - INFO - validate average_precision, 0.9777
2025-09-29 17:09:33,086 - root - INFO - validate roc_auc, 0.9757
2025-09-29 17:09:33,086 - root - INFO - new node validate loss: 0.2104
2025-09-29 17:09:33,086 - root - INFO - new node validate average_precision, 0.9755
2025-09-29 17:09:33,086 - root - INFO - new node validate roc_auc, 0.9736
2025-09-29 17:09:53,060 - root - INFO - test loss: 0.2395
2025-09-29 17:09:53,060 - root - INFO - test average_precision, 0.9691
2025-09-29 17:09:53,060 - root - INFO - best test average_precision: 0.9703
2025-09-29 17:09:53,060 - root - INFO - test roc_auc, 0.9664
2025-09-29 17:09:53,060 - root - INFO - new node test loss: 0.2686
2025-09-29 17:09:53,060 - root - INFO - new node test average_precision, 0.9624
2025-09-29 17:09:53,060 - root - INFO - new node test roc_auc, 0.9594
2025-09-29 17:11:18,178 - root - INFO - Epoch: 39, learning rate: 0.0001, train loss: 0.1637
2025-09-29 17:11:18,179 - root - INFO - train average_precision, 0.9836
2025-09-29 17:11:18,179 - root - INFO - train roc_auc, 0.9832
2025-09-29 17:11:18,179 - root - INFO - validate loss: 0.2043
2025-09-29 17:11:18,179 - root - INFO - validate average_precision, 0.9775
2025-09-29 17:11:18,179 - root - INFO - validate roc_auc, 0.9755
2025-09-29 17:11:18,179 - root - INFO - new node validate loss: 0.2122
2025-09-29 17:11:18,179 - root - INFO - new node validate average_precision, 0.9753
2025-09-29 17:11:18,179 - root - INFO - new node validate roc_auc, 0.9727
2025-09-29 17:11:38,117 - root - INFO - test loss: 0.2389
2025-09-29 17:11:38,117 - root - INFO - test average_precision, 0.9696
2025-09-29 17:11:38,117 - root - INFO - best test average_precision: 0.9703
2025-09-29 17:11:38,117 - root - INFO - test roc_auc, 0.9667
2025-09-29 17:11:38,117 - root - INFO - new node test loss: 0.2647
2025-09-29 17:11:38,117 - root - INFO - new node test average_precision, 0.9633
2025-09-29 17:11:38,117 - root - INFO - new node test roc_auc, 0.9599
2025-09-29 17:13:02,048 - root - INFO - Epoch: 40, learning rate: 0.0001, train loss: 0.1667
2025-09-29 17:13:02,048 - root - INFO - train average_precision, 0.9830
2025-09-29 17:13:02,048 - root - INFO - train roc_auc, 0.9826
2025-09-29 17:13:02,048 - root - INFO - validate loss: 0.2039
2025-09-29 17:13:02,049 - root - INFO - validate average_precision, 0.9776
2025-09-29 17:13:02,049 - root - INFO - validate roc_auc, 0.9753
2025-09-29 17:13:02,049 - root - INFO - new node validate loss: 0.2106
2025-09-29 17:13:02,049 - root - INFO - new node validate average_precision, 0.9756
2025-09-29 17:13:02,049 - root - INFO - new node validate roc_auc, 0.9729
2025-09-29 17:13:21,955 - root - INFO - test loss: 0.2396
2025-09-29 17:13:21,955 - root - INFO - test average_precision, 0.9693
2025-09-29 17:13:21,955 - root - INFO - best test average_precision: 0.9703
2025-09-29 17:13:21,955 - root - INFO - test roc_auc, 0.9662
2025-09-29 17:13:21,955 - root - INFO - new node test loss: 0.2640
2025-09-29 17:13:21,955 - root - INFO - new node test average_precision, 0.9634
2025-09-29 17:13:21,955 - root - INFO - new node test roc_auc, 0.9597
2025-09-29 17:14:46,070 - root - INFO - Epoch: 41, learning rate: 0.0001, train loss: 0.1628
2025-09-29 17:14:46,071 - root - INFO - train average_precision, 0.9840
2025-09-29 17:14:46,071 - root - INFO - train roc_auc, 0.9834
2025-09-29 17:14:46,071 - root - INFO - validate loss: 0.1980
2025-09-29 17:14:46,071 - root - INFO - validate average_precision, 0.9785
2025-09-29 17:14:46,071 - root - INFO - validate roc_auc, 0.9768
2025-09-29 17:14:46,071 - root - INFO - new node validate loss: 0.2032
2025-09-29 17:14:46,071 - root - INFO - new node validate average_precision, 0.9766
2025-09-29 17:14:46,071 - root - INFO - new node validate roc_auc, 0.9745
2025-09-29 17:15:06,101 - root - INFO - test loss: 0.2317
2025-09-29 17:15:06,101 - root - INFO - test average_precision, 0.9708
2025-09-29 17:15:06,101 - root - INFO - best test average_precision: 0.9708
2025-09-29 17:15:06,102 - root - INFO - test roc_auc, 0.9682
2025-09-29 17:15:06,102 - root - INFO - new node test loss: 0.2557
2025-09-29 17:15:06,102 - root - INFO - new node test average_precision, 0.9649
2025-09-29 17:15:06,102 - root - INFO - new node test roc_auc, 0.9617
2025-09-29 17:15:06,102 - root - INFO - save model ./saved_models/TGAT/wikipedia/TGAT_seed0/TGAT_seed0.pkl
2025-09-29 17:16:30,421 - root - INFO - Epoch: 42, learning rate: 0.0001, train loss: 0.1624
2025-09-29 17:16:30,422 - root - INFO - train average_precision, 0.9838
2025-09-29 17:16:30,422 - root - INFO - train roc_auc, 0.9834
2025-09-29 17:16:30,422 - root - INFO - validate loss: 0.1976
2025-09-29 17:16:30,422 - root - INFO - validate average_precision, 0.9781
2025-09-29 17:16:30,422 - root - INFO - validate roc_auc, 0.9763
2025-09-29 17:16:30,422 - root - INFO - new node validate loss: 0.2061
2025-09-29 17:16:30,422 - root - INFO - new node validate average_precision, 0.9764
2025-09-29 17:16:30,422 - root - INFO - new node validate roc_auc, 0.9743
2025-09-29 17:16:50,360 - root - INFO - test loss: 0.2381
2025-09-29 17:16:50,361 - root - INFO - test average_precision, 0.9691
2025-09-29 17:16:50,361 - root - INFO - best test average_precision: 0.9708
2025-09-29 17:16:50,361 - root - INFO - test roc_auc, 0.9662
2025-09-29 17:16:50,361 - root - INFO - new node test loss: 0.2682
2025-09-29 17:16:50,361 - root - INFO - new node test average_precision, 0.9622
2025-09-29 17:16:50,361 - root - INFO - new node test roc_auc, 0.9589
2025-09-29 17:18:15,408 - root - INFO - Epoch: 43, learning rate: 0.0001, train loss: 0.1633
2025-09-29 17:18:15,409 - root - INFO - train average_precision, 0.9839
2025-09-29 17:18:15,409 - root - INFO - train roc_auc, 0.9834
2025-09-29 17:18:15,409 - root - INFO - validate loss: 0.1993
2025-09-29 17:18:15,409 - root - INFO - validate average_precision, 0.9782
2025-09-29 17:18:15,409 - root - INFO - validate roc_auc, 0.9763
2025-09-29 17:18:15,409 - root - INFO - new node validate loss: 0.2076
2025-09-29 17:18:15,409 - root - INFO - new node validate average_precision, 0.9762
2025-09-29 17:18:15,409 - root - INFO - new node validate roc_auc, 0.9739
2025-09-29 17:18:35,372 - root - INFO - test loss: 0.2360
2025-09-29 17:18:35,372 - root - INFO - test average_precision, 0.9699
2025-09-29 17:18:35,372 - root - INFO - best test average_precision: 0.9708
2025-09-29 17:18:35,372 - root - INFO - test roc_auc, 0.9671
2025-09-29 17:18:35,372 - root - INFO - new node test loss: 0.2670
2025-09-29 17:18:35,372 - root - INFO - new node test average_precision, 0.9627
2025-09-29 17:18:35,372 - root - INFO - new node test roc_auc, 0.9594
2025-09-29 17:19:59,361 - root - INFO - Epoch: 44, learning rate: 0.0001, train loss: 0.1626
2025-09-29 17:19:59,362 - root - INFO - train average_precision, 0.9838
2025-09-29 17:19:59,362 - root - INFO - train roc_auc, 0.9834
2025-09-29 17:19:59,362 - root - INFO - validate loss: 0.2031
2025-09-29 17:19:59,362 - root - INFO - validate average_precision, 0.9774
2025-09-29 17:19:59,362 - root - INFO - validate roc_auc, 0.9757
2025-09-29 17:19:59,362 - root - INFO - new node validate loss: 0.2046
2025-09-29 17:19:59,362 - root - INFO - new node validate average_precision, 0.9766
2025-09-29 17:19:59,362 - root - INFO - new node validate roc_auc, 0.9743
2025-09-29 17:20:19,283 - root - INFO - test loss: 0.2390
2025-09-29 17:20:19,284 - root - INFO - test average_precision, 0.9697
2025-09-29 17:20:19,284 - root - INFO - best test average_precision: 0.9708
2025-09-29 17:20:19,284 - root - INFO - test roc_auc, 0.9667
2025-09-29 17:20:19,284 - root - INFO - new node test loss: 0.2624
2025-09-29 17:20:19,284 - root - INFO - new node test average_precision, 0.9633
2025-09-29 17:20:19,284 - root - INFO - new node test roc_auc, 0.9601
2025-09-29 17:21:44,157 - root - INFO - Epoch: 45, learning rate: 0.0001, train loss: 0.1616
2025-09-29 17:21:44,157 - root - INFO - train average_precision, 0.9844
2025-09-29 17:21:44,158 - root - INFO - train roc_auc, 0.9837
2025-09-29 17:21:44,158 - root - INFO - validate loss: 0.2047
2025-09-29 17:21:44,158 - root - INFO - validate average_precision, 0.9770
2025-09-29 17:21:44,158 - root - INFO - validate roc_auc, 0.9750
2025-09-29 17:21:44,158 - root - INFO - new node validate loss: 0.2107
2025-09-29 17:21:44,158 - root - INFO - new node validate average_precision, 0.9752
2025-09-29 17:21:44,158 - root - INFO - new node validate roc_auc, 0.9728
2025-09-29 17:22:04,164 - root - INFO - test loss: 0.2376
2025-09-29 17:22:04,164 - root - INFO - test average_precision, 0.9693
2025-09-29 17:22:04,164 - root - INFO - best test average_precision: 0.9708
2025-09-29 17:22:04,164 - root - INFO - test roc_auc, 0.9663
2025-09-29 17:22:04,165 - root - INFO - new node test loss: 0.2654
2025-09-29 17:22:04,165 - root - INFO - new node test average_precision, 0.9626
2025-09-29 17:22:04,165 - root - INFO - new node test roc_auc, 0.9591
2025-09-29 17:23:28,046 - root - INFO - Epoch: 46, learning rate: 0.0001, train loss: 0.1606
2025-09-29 17:23:28,047 - root - INFO - train average_precision, 0.9843
2025-09-29 17:23:28,047 - root - INFO - train roc_auc, 0.9838
2025-09-29 17:23:28,047 - root - INFO - validate loss: 0.1965
2025-09-29 17:23:28,047 - root - INFO - validate average_precision, 0.9787
2025-09-29 17:23:28,047 - root - INFO - validate roc_auc, 0.9770
2025-09-29 17:23:28,047 - root - INFO - new node validate loss: 0.2021
2025-09-29 17:23:28,047 - root - INFO - new node validate average_precision, 0.9774
2025-09-29 17:23:28,047 - root - INFO - new node validate roc_auc, 0.9752
2025-09-29 17:23:47,968 - root - INFO - test loss: 0.2306
2025-09-29 17:23:47,968 - root - INFO - test average_precision, 0.9714
2025-09-29 17:23:47,968 - root - INFO - best test average_precision: 0.9714
2025-09-29 17:23:47,969 - root - INFO - test roc_auc, 0.9687
2025-09-29 17:23:47,969 - root - INFO - new node test loss: 0.2565
2025-09-29 17:23:47,969 - root - INFO - new node test average_precision, 0.9651
2025-09-29 17:23:47,969 - root - INFO - new node test roc_auc, 0.9621
2025-09-29 17:23:47,969 - root - INFO - save model ./saved_models/TGAT/wikipedia/TGAT_seed0/TGAT_seed0.pkl
2025-09-29 17:25:12,359 - root - INFO - Epoch: 47, learning rate: 0.0001, train loss: 0.1592
2025-09-29 17:25:12,359 - root - INFO - train average_precision, 0.9846
2025-09-29 17:25:12,359 - root - INFO - train roc_auc, 0.9841
2025-09-29 17:25:12,360 - root - INFO - validate loss: 0.1984
2025-09-29 17:25:12,360 - root - INFO - validate average_precision, 0.9783
2025-09-29 17:25:12,360 - root - INFO - validate roc_auc, 0.9764
2025-09-29 17:25:12,360 - root - INFO - new node validate loss: 0.2034
2025-09-29 17:25:12,360 - root - INFO - new node validate average_precision, 0.9769
2025-09-29 17:25:12,360 - root - INFO - new node validate roc_auc, 0.9747
2025-09-29 17:25:32,341 - root - INFO - test loss: 0.2355
2025-09-29 17:25:32,341 - root - INFO - test average_precision, 0.9700
2025-09-29 17:25:32,341 - root - INFO - best test average_precision: 0.9714
2025-09-29 17:25:32,341 - root - INFO - test roc_auc, 0.9671
2025-09-29 17:25:32,341 - root - INFO - new node test loss: 0.2582
2025-09-29 17:25:32,342 - root - INFO - new node test average_precision, 0.9646
2025-09-29 17:25:32,342 - root - INFO - new node test roc_auc, 0.9613
2025-09-29 17:26:56,255 - root - INFO - Epoch: 48, learning rate: 0.0001, train loss: 0.1599
2025-09-29 17:26:56,256 - root - INFO - train average_precision, 0.9845
2025-09-29 17:26:56,256 - root - INFO - train roc_auc, 0.9840
2025-09-29 17:26:56,256 - root - INFO - validate loss: 0.1969
2025-09-29 17:26:56,256 - root - INFO - validate average_precision, 0.9786
2025-09-29 17:26:56,256 - root - INFO - validate roc_auc, 0.9767
2025-09-29 17:26:56,256 - root - INFO - new node validate loss: 0.2043
2025-09-29 17:26:56,256 - root - INFO - new node validate average_precision, 0.9769
2025-09-29 17:26:56,256 - root - INFO - new node validate roc_auc, 0.9746
2025-09-29 17:27:16,256 - root - INFO - test loss: 0.2335
2025-09-29 17:27:16,256 - root - INFO - test average_precision, 0.9708
2025-09-29 17:27:16,256 - root - INFO - best test average_precision: 0.9714
2025-09-29 17:27:16,256 - root - INFO - test roc_auc, 0.9678
2025-09-29 17:27:16,256 - root - INFO - new node test loss: 0.2606
2025-09-29 17:27:16,256 - root - INFO - new node test average_precision, 0.9642
2025-09-29 17:27:16,256 - root - INFO - new node test roc_auc, 0.9609
2025-09-29 17:28:40,887 - root - INFO - Epoch: 49, learning rate: 0.0001, train loss: 0.1569
2025-09-29 17:28:40,888 - root - INFO - train average_precision, 0.9849
2025-09-29 17:28:40,888 - root - INFO - train roc_auc, 0.9846
2025-09-29 17:28:40,888 - root - INFO - validate loss: 0.1989
2025-09-29 17:28:40,888 - root - INFO - validate average_precision, 0.9781
2025-09-29 17:28:40,889 - root - INFO - validate roc_auc, 0.9763
2025-09-29 17:28:40,889 - root - INFO - new node validate loss: 0.2073
2025-09-29 17:28:40,889 - root - INFO - new node validate average_precision, 0.9762
2025-09-29 17:28:40,889 - root - INFO - new node validate roc_auc, 0.9737
2025-09-29 17:29:00,846 - root - INFO - test loss: 0.2394
2025-09-29 17:29:00,846 - root - INFO - test average_precision, 0.9695
2025-09-29 17:29:00,846 - root - INFO - best test average_precision: 0.9714
2025-09-29 17:29:00,846 - root - INFO - test roc_auc, 0.9663
2025-09-29 17:29:00,846 - root - INFO - new node test loss: 0.2656
2025-09-29 17:29:00,846 - root - INFO - new node test average_precision, 0.9632
2025-09-29 17:29:00,846 - root - INFO - new node test roc_auc, 0.9593
2025-09-29 17:30:24,783 - root - INFO - Epoch: 50, learning rate: 0.0001, train loss: 0.1557
2025-09-29 17:30:24,784 - root - INFO - train average_precision, 0.9851
2025-09-29 17:30:24,784 - root - INFO - train roc_auc, 0.9848
2025-09-29 17:30:24,784 - root - INFO - validate loss: 0.1951
2025-09-29 17:30:24,784 - root - INFO - validate average_precision, 0.9789
2025-09-29 17:30:24,784 - root - INFO - validate roc_auc, 0.9772
2025-09-29 17:30:24,784 - root - INFO - new node validate loss: 0.2057
2025-09-29 17:30:24,785 - root - INFO - new node validate average_precision, 0.9767
2025-09-29 17:30:24,785 - root - INFO - new node validate roc_auc, 0.9744
2025-09-29 17:30:44,728 - root - INFO - test loss: 0.2317
2025-09-29 17:30:44,728 - root - INFO - test average_precision, 0.9708
2025-09-29 17:30:44,728 - root - INFO - best test average_precision: 0.9714
2025-09-29 17:30:44,728 - root - INFO - test roc_auc, 0.9680
2025-09-29 17:30:44,728 - root - INFO - new node test loss: 0.2574
2025-09-29 17:30:44,728 - root - INFO - new node test average_precision, 0.9650
2025-09-29 17:30:44,728 - root - INFO - new node test roc_auc, 0.9617
2025-09-29 17:30:44,728 - root - INFO - save model ./saved_models/TGAT/wikipedia/TGAT_seed0/TGAT_seed0.pkl
2025-09-29 17:32:08,540 - root - INFO - Epoch: 51, learning rate: 0.0001, train loss: 0.1570
2025-09-29 17:32:08,540 - root - INFO - train average_precision, 0.9848
2025-09-29 17:32:08,540 - root - INFO - train roc_auc, 0.9845
2025-09-29 17:32:08,540 - root - INFO - validate loss: 0.1980
2025-09-29 17:32:08,541 - root - INFO - validate average_precision, 0.9780
2025-09-29 17:32:08,541 - root - INFO - validate roc_auc, 0.9763
2025-09-29 17:32:08,541 - root - INFO - new node validate loss: 0.2057
2025-09-29 17:32:08,541 - root - INFO - new node validate average_precision, 0.9761
2025-09-29 17:32:08,541 - root - INFO - new node validate roc_auc, 0.9737
2025-09-29 17:32:28,478 - root - INFO - test loss: 0.2364
2025-09-29 17:32:28,478 - root - INFO - test average_precision, 0.9696
2025-09-29 17:32:28,478 - root - INFO - best test average_precision: 0.9714
2025-09-29 17:32:28,478 - root - INFO - test roc_auc, 0.9665
2025-09-29 17:32:28,478 - root - INFO - new node test loss: 0.2609
2025-09-29 17:32:28,478 - root - INFO - new node test average_precision, 0.9635
2025-09-29 17:32:28,478 - root - INFO - new node test roc_auc, 0.9598
2025-09-29 17:33:52,681 - root - INFO - Epoch: 52, learning rate: 0.0001, train loss: 0.1563
2025-09-29 17:33:52,681 - root - INFO - train average_precision, 0.9848
2025-09-29 17:33:52,682 - root - INFO - train roc_auc, 0.9846
2025-09-29 17:33:52,682 - root - INFO - validate loss: 0.1953
2025-09-29 17:33:52,682 - root - INFO - validate average_precision, 0.9793
2025-09-29 17:33:52,682 - root - INFO - validate roc_auc, 0.9776
2025-09-29 17:33:52,682 - root - INFO - new node validate loss: 0.2035
2025-09-29 17:33:52,682 - root - INFO - new node validate average_precision, 0.9771
2025-09-29 17:33:52,682 - root - INFO - new node validate roc_auc, 0.9748
2025-09-29 17:34:12,689 - root - INFO - test loss: 0.2334
2025-09-29 17:34:12,689 - root - INFO - test average_precision, 0.9710
2025-09-29 17:34:12,689 - root - INFO - best test average_precision: 0.9714
2025-09-29 17:34:12,689 - root - INFO - test roc_auc, 0.9682
2025-09-29 17:34:12,689 - root - INFO - new node test loss: 0.2548
2025-09-29 17:34:12,689 - root - INFO - new node test average_precision, 0.9652
2025-09-29 17:34:12,689 - root - INFO - new node test roc_auc, 0.9621
2025-09-29 17:34:12,690 - root - INFO - save model ./saved_models/TGAT/wikipedia/TGAT_seed0/TGAT_seed0.pkl
2025-09-29 17:35:37,341 - root - INFO - Epoch: 53, learning rate: 0.0001, train loss: 0.1535
2025-09-29 17:35:37,341 - root - INFO - train average_precision, 0.9855
2025-09-29 17:35:37,341 - root - INFO - train roc_auc, 0.9852
2025-09-29 17:35:37,341 - root - INFO - validate loss: 0.1986
2025-09-29 17:35:37,341 - root - INFO - validate average_precision, 0.9788
2025-09-29 17:35:37,341 - root - INFO - validate roc_auc, 0.9770
2025-09-29 17:35:37,341 - root - INFO - new node validate loss: 0.2041
2025-09-29 17:35:37,341 - root - INFO - new node validate average_precision, 0.9771
2025-09-29 17:35:37,341 - root - INFO - new node validate roc_auc, 0.9747
2025-09-29 17:35:57,273 - root - INFO - test loss: 0.2328
2025-09-29 17:35:57,273 - root - INFO - test average_precision, 0.9715
2025-09-29 17:35:57,273 - root - INFO - best test average_precision: 0.9715
2025-09-29 17:35:57,273 - root - INFO - test roc_auc, 0.9686
2025-09-29 17:35:57,274 - root - INFO - new node test loss: 0.2609
2025-09-29 17:35:57,274 - root - INFO - new node test average_precision, 0.9646
2025-09-29 17:35:57,274 - root - INFO - new node test roc_auc, 0.9612
2025-09-29 17:37:21,476 - root - INFO - Epoch: 54, learning rate: 0.0001, train loss: 0.1528
2025-09-29 17:37:21,477 - root - INFO - train average_precision, 0.9855
2025-09-29 17:37:21,477 - root - INFO - train roc_auc, 0.9852
2025-09-29 17:37:21,477 - root - INFO - validate loss: 0.1974
2025-09-29 17:37:21,477 - root - INFO - validate average_precision, 0.9784
2025-09-29 17:37:21,477 - root - INFO - validate roc_auc, 0.9768
2025-09-29 17:37:21,477 - root - INFO - new node validate loss: 0.2068
2025-09-29 17:37:21,477 - root - INFO - new node validate average_precision, 0.9759
2025-09-29 17:37:21,477 - root - INFO - new node validate roc_auc, 0.9737
2025-09-29 17:37:41,402 - root - INFO - test loss: 0.2333
2025-09-29 17:37:41,403 - root - INFO - test average_precision, 0.9707
2025-09-29 17:37:41,403 - root - INFO - best test average_precision: 0.9715
2025-09-29 17:37:41,403 - root - INFO - test roc_auc, 0.9679
2025-09-29 17:37:41,403 - root - INFO - new node test loss: 0.2590
2025-09-29 17:37:41,403 - root - INFO - new node test average_precision, 0.9639
2025-09-29 17:37:41,403 - root - INFO - new node test roc_auc, 0.9606
2025-09-29 17:39:05,425 - root - INFO - Epoch: 55, learning rate: 0.0001, train loss: 0.1543
2025-09-29 17:39:05,425 - root - INFO - train average_precision, 0.9849
2025-09-29 17:39:05,425 - root - INFO - train roc_auc, 0.9849
2025-09-29 17:39:05,426 - root - INFO - validate loss: 0.1964
2025-09-29 17:39:05,426 - root - INFO - validate average_precision, 0.9793
2025-09-29 17:39:05,426 - root - INFO - validate roc_auc, 0.9775
2025-09-29 17:39:05,426 - root - INFO - new node validate loss: 0.2055
2025-09-29 17:39:05,426 - root - INFO - new node validate average_precision, 0.9765
2025-09-29 17:39:05,426 - root - INFO - new node validate roc_auc, 0.9742
2025-09-29 17:39:25,408 - root - INFO - test loss: 0.2288
2025-09-29 17:39:25,408 - root - INFO - test average_precision, 0.9722
2025-09-29 17:39:25,408 - root - INFO - best test average_precision: 0.9722
2025-09-29 17:39:25,408 - root - INFO - test roc_auc, 0.9694
2025-09-29 17:39:25,409 - root - INFO - new node test loss: 0.2508
2025-09-29 17:39:25,409 - root - INFO - new node test average_precision, 0.9662
2025-09-29 17:39:25,409 - root - INFO - new node test roc_auc, 0.9629
2025-09-29 17:40:49,405 - root - INFO - Epoch: 56, learning rate: 0.0001, train loss: 0.1523
2025-09-29 17:40:49,405 - root - INFO - train average_precision, 0.9858
2025-09-29 17:40:49,406 - root - INFO - train roc_auc, 0.9854
2025-09-29 17:40:49,406 - root - INFO - validate loss: 0.1991
2025-09-29 17:40:49,406 - root - INFO - validate average_precision, 0.9787
2025-09-29 17:40:49,406 - root - INFO - validate roc_auc, 0.9769
2025-09-29 17:40:49,406 - root - INFO - new node validate loss: 0.2087
2025-09-29 17:40:49,406 - root - INFO - new node validate average_precision, 0.9766
2025-09-29 17:40:49,406 - root - INFO - new node validate roc_auc, 0.9742
2025-09-29 17:41:09,391 - root - INFO - test loss: 0.2338
2025-09-29 17:41:09,392 - root - INFO - test average_precision, 0.9712
2025-09-29 17:41:09,392 - root - INFO - best test average_precision: 0.9722
2025-09-29 17:41:09,392 - root - INFO - test roc_auc, 0.9683
2025-09-29 17:41:09,392 - root - INFO - new node test loss: 0.2617
2025-09-29 17:41:09,392 - root - INFO - new node test average_precision, 0.9646
2025-09-29 17:41:09,392 - root - INFO - new node test roc_auc, 0.9613
2025-09-29 17:42:33,393 - root - INFO - Epoch: 57, learning rate: 0.0001, train loss: 0.1523
2025-09-29 17:42:33,393 - root - INFO - train average_precision, 0.9858
2025-09-29 17:42:33,393 - root - INFO - train roc_auc, 0.9854
2025-09-29 17:42:33,393 - root - INFO - validate loss: 0.2047
2025-09-29 17:42:33,393 - root - INFO - validate average_precision, 0.9778
2025-09-29 17:42:33,394 - root - INFO - validate roc_auc, 0.9758
2025-09-29 17:42:33,394 - root - INFO - new node validate loss: 0.2144
2025-09-29 17:42:33,394 - root - INFO - new node validate average_precision, 0.9752
2025-09-29 17:42:33,394 - root - INFO - new node validate roc_auc, 0.9729
2025-09-29 17:42:53,374 - root - INFO - test loss: 0.2381
2025-09-29 17:42:53,374 - root - INFO - test average_precision, 0.9703
2025-09-29 17:42:53,374 - root - INFO - best test average_precision: 0.9722
2025-09-29 17:42:53,374 - root - INFO - test roc_auc, 0.9673
2025-09-29 17:42:53,374 - root - INFO - new node test loss: 0.2645
2025-09-29 17:42:53,374 - root - INFO - new node test average_precision, 0.9635
2025-09-29 17:42:53,374 - root - INFO - new node test roc_auc, 0.9602
2025-09-29 17:44:17,523 - root - INFO - Epoch: 58, learning rate: 0.0001, train loss: 0.1530
2025-09-29 17:44:17,524 - root - INFO - train average_precision, 0.9854
2025-09-29 17:44:17,524 - root - INFO - train roc_auc, 0.9853
2025-09-29 17:44:17,524 - root - INFO - validate loss: 0.1970
2025-09-29 17:44:17,524 - root - INFO - validate average_precision, 0.9790
2025-09-29 17:44:17,524 - root - INFO - validate roc_auc, 0.9771
2025-09-29 17:44:17,524 - root - INFO - new node validate loss: 0.2106
2025-09-29 17:44:17,524 - root - INFO - new node validate average_precision, 0.9762
2025-09-29 17:44:17,524 - root - INFO - new node validate roc_auc, 0.9738
2025-09-29 17:44:37,522 - root - INFO - test loss: 0.2297
2025-09-29 17:44:37,523 - root - INFO - test average_precision, 0.9717
2025-09-29 17:44:37,523 - root - INFO - best test average_precision: 0.9722
2025-09-29 17:44:37,523 - root - INFO - test roc_auc, 0.9690
2025-09-29 17:44:37,523 - root - INFO - new node test loss: 0.2570
2025-09-29 17:44:37,523 - root - INFO - new node test average_precision, 0.9657
2025-09-29 17:44:37,523 - root - INFO - new node test roc_auc, 0.9625
2025-09-29 17:46:01,432 - root - INFO - Epoch: 59, learning rate: 0.0001, train loss: 0.1504
2025-09-29 17:46:01,433 - root - INFO - train average_precision, 0.9859
2025-09-29 17:46:01,433 - root - INFO - train roc_auc, 0.9857
2025-09-29 17:46:01,433 - root - INFO - validate loss: 0.1998
2025-09-29 17:46:01,433 - root - INFO - validate average_precision, 0.9792
2025-09-29 17:46:01,433 - root - INFO - validate roc_auc, 0.9776
2025-09-29 17:46:01,433 - root - INFO - new node validate loss: 0.2077
2025-09-29 17:46:01,433 - root - INFO - new node validate average_precision, 0.9768
2025-09-29 17:46:01,434 - root - INFO - new node validate roc_auc, 0.9746
2025-09-29 17:46:21,365 - root - INFO - test loss: 0.2329
2025-09-29 17:46:21,365 - root - INFO - test average_precision, 0.9724
2025-09-29 17:46:21,365 - root - INFO - best test average_precision: 0.9724
2025-09-29 17:46:21,366 - root - INFO - test roc_auc, 0.9696
2025-09-29 17:46:21,366 - root - INFO - new node test loss: 0.2563
2025-09-29 17:46:21,366 - root - INFO - new node test average_precision, 0.9659
2025-09-29 17:46:21,366 - root - INFO - new node test roc_auc, 0.9628
2025-09-29 17:47:45,322 - root - INFO - Epoch: 60, learning rate: 0.0001, train loss: 0.1486
2025-09-29 17:47:45,323 - root - INFO - train average_precision, 0.9865
2025-09-29 17:47:45,323 - root - INFO - train roc_auc, 0.9862
2025-09-29 17:47:45,323 - root - INFO - validate loss: 0.2035
2025-09-29 17:47:45,323 - root - INFO - validate average_precision, 0.9787
2025-09-29 17:47:45,324 - root - INFO - validate roc_auc, 0.9770
2025-09-29 17:47:45,324 - root - INFO - new node validate loss: 0.2115
2025-09-29 17:47:45,324 - root - INFO - new node validate average_precision, 0.9762
2025-09-29 17:47:45,324 - root - INFO - new node validate roc_auc, 0.9741
2025-09-29 17:48:05,285 - root - INFO - test loss: 0.2368
2025-09-29 17:48:05,285 - root - INFO - test average_precision, 0.9713
2025-09-29 17:48:05,285 - root - INFO - best test average_precision: 0.9724
2025-09-29 17:48:05,285 - root - INFO - test roc_auc, 0.9687
2025-09-29 17:48:05,286 - root - INFO - new node test loss: 0.2618
2025-09-29 17:48:05,286 - root - INFO - new node test average_precision, 0.9648
2025-09-29 17:48:05,286 - root - INFO - new node test roc_auc, 0.9615
2025-09-29 17:49:29,645 - root - INFO - Epoch: 61, learning rate: 0.0001, train loss: 0.1490
2025-09-29 17:49:29,645 - root - INFO - train average_precision, 0.9858
2025-09-29 17:49:29,645 - root - INFO - train roc_auc, 0.9858
2025-09-29 17:49:29,645 - root - INFO - validate loss: 0.2018
2025-09-29 17:49:29,645 - root - INFO - validate average_precision, 0.9785
2025-09-29 17:49:29,646 - root - INFO - validate roc_auc, 0.9766
2025-09-29 17:49:29,646 - root - INFO - new node validate loss: 0.2118
2025-09-29 17:49:29,646 - root - INFO - new node validate average_precision, 0.9757
2025-09-29 17:49:29,646 - root - INFO - new node validate roc_auc, 0.9733
2025-09-29 17:49:49,587 - root - INFO - test loss: 0.2367
2025-09-29 17:49:49,587 - root - INFO - test average_precision, 0.9709
2025-09-29 17:49:49,587 - root - INFO - best test average_precision: 0.9724
2025-09-29 17:49:49,587 - root - INFO - test roc_auc, 0.9680
2025-09-29 17:49:49,587 - root - INFO - new node test loss: 0.2592
2025-09-29 17:49:49,587 - root - INFO - new node test average_precision, 0.9647
2025-09-29 17:49:49,588 - root - INFO - new node test roc_auc, 0.9611
2025-09-29 17:51:14,174 - root - INFO - Epoch: 62, learning rate: 0.0001, train loss: 0.1491
2025-09-29 17:51:14,175 - root - INFO - train average_precision, 0.9861
2025-09-29 17:51:14,175 - root - INFO - train roc_auc, 0.9860
2025-09-29 17:51:14,175 - root - INFO - validate loss: 0.1980
2025-09-29 17:51:14,175 - root - INFO - validate average_precision, 0.9788
2025-09-29 17:51:14,175 - root - INFO - validate roc_auc, 0.9770
2025-09-29 17:51:14,175 - root - INFO - new node validate loss: 0.2089
2025-09-29 17:51:14,176 - root - INFO - new node validate average_precision, 0.9762
2025-09-29 17:51:14,176 - root - INFO - new node validate roc_auc, 0.9737
2025-09-29 17:51:34,151 - root - INFO - test loss: 0.2332
2025-09-29 17:51:34,151 - root - INFO - test average_precision, 0.9713
2025-09-29 17:51:34,151 - root - INFO - best test average_precision: 0.9724
2025-09-29 17:51:34,151 - root - INFO - test roc_auc, 0.9684
2025-09-29 17:51:34,151 - root - INFO - new node test loss: 0.2622
2025-09-29 17:51:34,151 - root - INFO - new node test average_precision, 0.9641
2025-09-29 17:51:34,152 - root - INFO - new node test roc_auc, 0.9606
2025-09-29 17:52:59,439 - root - INFO - Epoch: 63, learning rate: 0.0001, train loss: 0.1493
2025-09-29 17:52:59,440 - root - INFO - train average_precision, 0.9863
2025-09-29 17:52:59,440 - root - INFO - train roc_auc, 0.9860
2025-09-29 17:52:59,440 - root - INFO - validate loss: 0.2003
2025-09-29 17:52:59,440 - root - INFO - validate average_precision, 0.9787
2025-09-29 17:52:59,440 - root - INFO - validate roc_auc, 0.9770
2025-09-29 17:52:59,440 - root - INFO - new node validate loss: 0.2146
2025-09-29 17:52:59,440 - root - INFO - new node validate average_precision, 0.9761
2025-09-29 17:52:59,440 - root - INFO - new node validate roc_auc, 0.9736
2025-09-29 17:53:19,428 - root - INFO - test loss: 0.2323
2025-09-29 17:53:19,429 - root - INFO - test average_precision, 0.9719
2025-09-29 17:53:19,429 - root - INFO - best test average_precision: 0.9724
2025-09-29 17:53:19,429 - root - INFO - test roc_auc, 0.9692
2025-09-29 17:53:19,429 - root - INFO - new node test loss: 0.2646
2025-09-29 17:53:19,429 - root - INFO - new node test average_precision, 0.9645
2025-09-29 17:53:19,429 - root - INFO - new node test roc_auc, 0.9616
2025-09-29 17:54:43,867 - root - INFO - Epoch: 64, learning rate: 0.0001, train loss: 0.1498
2025-09-29 17:54:43,868 - root - INFO - train average_precision, 0.9860
2025-09-29 17:54:43,868 - root - INFO - train roc_auc, 0.9859
2025-09-29 17:54:43,868 - root - INFO - validate loss: 0.2010
2025-09-29 17:54:43,868 - root - INFO - validate average_precision, 0.9790
2025-09-29 17:54:43,868 - root - INFO - validate roc_auc, 0.9774
2025-09-29 17:54:43,868 - root - INFO - new node validate loss: 0.2090
2025-09-29 17:54:43,868 - root - INFO - new node validate average_precision, 0.9765
2025-09-29 17:54:43,868 - root - INFO - new node validate roc_auc, 0.9745
2025-09-29 17:55:03,853 - root - INFO - test loss: 0.2352
2025-09-29 17:55:03,854 - root - INFO - test average_precision, 0.9718
2025-09-29 17:55:03,854 - root - INFO - best test average_precision: 0.9724
2025-09-29 17:55:03,854 - root - INFO - test roc_auc, 0.9691
2025-09-29 17:55:03,854 - root - INFO - new node test loss: 0.2619
2025-09-29 17:55:03,854 - root - INFO - new node test average_precision, 0.9649
2025-09-29 17:55:03,854 - root - INFO - new node test roc_auc, 0.9621
2025-09-29 17:56:27,864 - root - INFO - Epoch: 65, learning rate: 0.0001, train loss: 0.1485
2025-09-29 17:56:27,865 - root - INFO - train average_precision, 0.9862
2025-09-29 17:56:27,865 - root - INFO - train roc_auc, 0.9861
2025-09-29 17:56:27,865 - root - INFO - validate loss: 0.2036
2025-09-29 17:56:27,865 - root - INFO - validate average_precision, 0.9787
2025-09-29 17:56:27,865 - root - INFO - validate roc_auc, 0.9769
2025-09-29 17:56:27,865 - root - INFO - new node validate loss: 0.2127
2025-09-29 17:56:27,865 - root - INFO - new node validate average_precision, 0.9760
2025-09-29 17:56:27,865 - root - INFO - new node validate roc_auc, 0.9736
2025-09-29 17:56:47,848 - root - INFO - test loss: 0.2381
2025-09-29 17:56:47,848 - root - INFO - test average_precision, 0.9715
2025-09-29 17:56:47,848 - root - INFO - best test average_precision: 0.9724
2025-09-29 17:56:47,848 - root - INFO - test roc_auc, 0.9686
2025-09-29 17:56:47,848 - root - INFO - new node test loss: 0.2628
2025-09-29 17:56:47,849 - root - INFO - new node test average_precision, 0.9646
2025-09-29 17:56:47,849 - root - INFO - new node test roc_auc, 0.9617
2025-09-29 17:58:11,886 - root - INFO - Epoch: 66, learning rate: 0.0001, train loss: 0.1450
2025-09-29 17:58:11,886 - root - INFO - train average_precision, 0.9870
2025-09-29 17:58:11,887 - root - INFO - train roc_auc, 0.9867
2025-09-29 17:58:11,887 - root - INFO - validate loss: 0.1994
2025-09-29 17:58:11,887 - root - INFO - validate average_precision, 0.9791
2025-09-29 17:58:11,887 - root - INFO - validate roc_auc, 0.9775
2025-09-29 17:58:11,887 - root - INFO - new node validate loss: 0.2114
2025-09-29 17:58:11,887 - root - INFO - new node validate average_precision, 0.9767
2025-09-29 17:58:11,887 - root - INFO - new node validate roc_auc, 0.9746
2025-09-29 17:58:31,849 - root - INFO - test loss: 0.2323
2025-09-29 17:58:31,849 - root - INFO - test average_precision, 0.9722
2025-09-29 17:58:31,849 - root - INFO - best test average_precision: 0.9724
2025-09-29 17:58:31,849 - root - INFO - test roc_auc, 0.9696
2025-09-29 17:58:31,849 - root - INFO - new node test loss: 0.2624
2025-09-29 17:58:31,849 - root - INFO - new node test average_precision, 0.9653
2025-09-29 17:58:31,849 - root - INFO - new node test roc_auc, 0.9623
2025-09-29 17:59:55,675 - root - INFO - Epoch: 67, learning rate: 0.0001, train loss: 0.1457
2025-09-29 17:59:55,675 - root - INFO - train average_precision, 0.9869
2025-09-29 17:59:55,675 - root - INFO - train roc_auc, 0.9866
2025-09-29 17:59:55,675 - root - INFO - validate loss: 0.1999
2025-09-29 17:59:55,676 - root - INFO - validate average_precision, 0.9790
2025-09-29 17:59:55,676 - root - INFO - validate roc_auc, 0.9772
2025-09-29 17:59:55,676 - root - INFO - new node validate loss: 0.2116
2025-09-29 17:59:55,676 - root - INFO - new node validate average_precision, 0.9762
2025-09-29 17:59:55,676 - root - INFO - new node validate roc_auc, 0.9740
2025-09-29 18:00:15,573 - root - INFO - test loss: 0.2371
2025-09-29 18:00:15,573 - root - INFO - test average_precision, 0.9710
2025-09-29 18:00:15,573 - root - INFO - best test average_precision: 0.9724
2025-09-29 18:00:15,573 - root - INFO - test roc_auc, 0.9682
2025-09-29 18:00:15,573 - root - INFO - new node test loss: 0.2663
2025-09-29 18:00:15,573 - root - INFO - new node test average_precision, 0.9640
2025-09-29 18:00:15,573 - root - INFO - new node test roc_auc, 0.9605
2025-09-29 18:01:39,313 - root - INFO - Epoch: 68, learning rate: 0.0001, train loss: 0.1452
2025-09-29 18:01:39,314 - root - INFO - train average_precision, 0.9867
2025-09-29 18:01:39,314 - root - INFO - train roc_auc, 0.9866
2025-09-29 18:01:39,314 - root - INFO - validate loss: 0.1939
2025-09-29 18:01:39,314 - root - INFO - validate average_precision, 0.9800
2025-09-29 18:01:39,314 - root - INFO - validate roc_auc, 0.9783
2025-09-29 18:01:39,314 - root - INFO - new node validate loss: 0.2069
2025-09-29 18:01:39,314 - root - INFO - new node validate average_precision, 0.9771
2025-09-29 18:01:39,314 - root - INFO - new node validate roc_auc, 0.9750
2025-09-29 18:01:59,278 - root - INFO - test loss: 0.2267
2025-09-29 18:01:59,279 - root - INFO - test average_precision, 0.9731
2025-09-29 18:01:59,279 - root - INFO - best test average_precision: 0.9731
2025-09-29 18:01:59,279 - root - INFO - test roc_auc, 0.9706
2025-09-29 18:01:59,279 - root - INFO - new node test loss: 0.2552
2025-09-29 18:01:59,279 - root - INFO - new node test average_precision, 0.9665
2025-09-29 18:01:59,279 - root - INFO - new node test roc_auc, 0.9637
2025-09-29 18:01:59,279 - root - INFO - save model ./saved_models/TGAT/wikipedia/TGAT_seed0/TGAT_seed0.pkl
2025-09-29 18:03:23,085 - root - INFO - Epoch: 69, learning rate: 0.0001, train loss: 0.1419
2025-09-29 18:03:23,086 - root - INFO - train average_precision, 0.9873
2025-09-29 18:03:23,086 - root - INFO - train roc_auc, 0.9872
2025-09-29 18:03:23,086 - root - INFO - validate loss: 0.1972
2025-09-29 18:03:23,086 - root - INFO - validate average_precision, 0.9799
2025-09-29 18:03:23,086 - root - INFO - validate roc_auc, 0.9784
2025-09-29 18:03:23,086 - root - INFO - new node validate loss: 0.2050
2025-09-29 18:03:23,086 - root - INFO - new node validate average_precision, 0.9777
2025-09-29 18:03:23,087 - root - INFO - new node validate roc_auc, 0.9758
2025-09-29 18:03:43,075 - root - INFO - test loss: 0.2306
2025-09-29 18:03:43,075 - root - INFO - test average_precision, 0.9731
2025-09-29 18:03:43,075 - root - INFO - best test average_precision: 0.9731
2025-09-29 18:03:43,075 - root - INFO - test roc_auc, 0.9705
2025-09-29 18:03:43,075 - root - INFO - new node test loss: 0.2567
2025-09-29 18:03:43,075 - root - INFO - new node test average_precision, 0.9663
2025-09-29 18:03:43,075 - root - INFO - new node test roc_auc, 0.9634
2025-09-29 18:05:07,118 - root - INFO - Epoch: 70, learning rate: 0.0001, train loss: 0.1421
2025-09-29 18:05:07,119 - root - INFO - train average_precision, 0.9874
2025-09-29 18:05:07,119 - root - INFO - train roc_auc, 0.9872
2025-09-29 18:05:07,119 - root - INFO - validate loss: 0.1957
2025-09-29 18:05:07,120 - root - INFO - validate average_precision, 0.9794
2025-09-29 18:05:07,120 - root - INFO - validate roc_auc, 0.9776
2025-09-29 18:05:07,120 - root - INFO - new node validate loss: 0.2108
2025-09-29 18:05:07,120 - root - INFO - new node validate average_precision, 0.9757
2025-09-29 18:05:07,120 - root - INFO - new node validate roc_auc, 0.9736
2025-09-29 18:05:27,050 - root - INFO - test loss: 0.2284
2025-09-29 18:05:27,051 - root - INFO - test average_precision, 0.9725
2025-09-29 18:05:27,051 - root - INFO - best test average_precision: 0.9731
2025-09-29 18:05:27,051 - root - INFO - test roc_auc, 0.9698
2025-09-29 18:05:27,051 - root - INFO - new node test loss: 0.2574
2025-09-29 18:05:27,051 - root - INFO - new node test average_precision, 0.9656
2025-09-29 18:05:27,051 - root - INFO - new node test roc_auc, 0.9624
2025-09-29 18:06:50,844 - root - INFO - Epoch: 71, learning rate: 0.0001, train loss: 0.1428
2025-09-29 18:06:50,845 - root - INFO - train average_precision, 0.9872
2025-09-29 18:06:50,845 - root - INFO - train roc_auc, 0.9870
2025-09-29 18:06:50,845 - root - INFO - validate loss: 0.1985
2025-09-29 18:06:50,845 - root - INFO - validate average_precision, 0.9791
2025-09-29 18:06:50,845 - root - INFO - validate roc_auc, 0.9774
2025-09-29 18:06:50,845 - root - INFO - new node validate loss: 0.2075
2025-09-29 18:06:50,845 - root - INFO - new node validate average_precision, 0.9770
2025-09-29 18:06:50,845 - root - INFO - new node validate roc_auc, 0.9748
2025-09-29 18:07:10,846 - root - INFO - test loss: 0.2356
2025-09-29 18:07:10,846 - root - INFO - test average_precision, 0.9718
2025-09-29 18:07:10,846 - root - INFO - best test average_precision: 0.9731
2025-09-29 18:07:10,846 - root - INFO - test roc_auc, 0.9687
2025-09-29 18:07:10,846 - root - INFO - new node test loss: 0.2576
2025-09-29 18:07:10,846 - root - INFO - new node test average_precision, 0.9659
2025-09-29 18:07:10,846 - root - INFO - new node test roc_auc, 0.9624
2025-09-29 18:08:34,611 - root - INFO - Epoch: 72, learning rate: 0.0001, train loss: 0.1408
2025-09-29 18:08:34,612 - root - INFO - train average_precision, 0.9873
2025-09-29 18:08:34,612 - root - INFO - train roc_auc, 0.9874
2025-09-29 18:08:34,612 - root - INFO - validate loss: 0.1989
2025-09-29 18:08:34,612 - root - INFO - validate average_precision, 0.9794
2025-09-29 18:08:34,612 - root - INFO - validate roc_auc, 0.9778
2025-09-29 18:08:34,612 - root - INFO - new node validate loss: 0.2104
2025-09-29 18:08:34,612 - root - INFO - new node validate average_precision, 0.9766
2025-09-29 18:08:34,612 - root - INFO - new node validate roc_auc, 0.9745
2025-09-29 18:08:54,542 - root - INFO - test loss: 0.2385
2025-09-29 18:08:54,543 - root - INFO - test average_precision, 0.9718
2025-09-29 18:08:54,543 - root - INFO - best test average_precision: 0.9731
2025-09-29 18:08:54,543 - root - INFO - test roc_auc, 0.9688
2025-09-29 18:08:54,543 - root - INFO - new node test loss: 0.2654
2025-09-29 18:08:54,543 - root - INFO - new node test average_precision, 0.9651
2025-09-29 18:08:54,543 - root - INFO - new node test roc_auc, 0.9616
2025-09-29 18:10:18,408 - root - INFO - Epoch: 73, learning rate: 0.0001, train loss: 0.1426
2025-09-29 18:10:18,409 - root - INFO - train average_precision, 0.9873
2025-09-29 18:10:18,409 - root - INFO - train roc_auc, 0.9871
2025-09-29 18:10:18,409 - root - INFO - validate loss: 0.2055
2025-09-29 18:10:18,409 - root - INFO - validate average_precision, 0.9786
2025-09-29 18:10:18,409 - root - INFO - validate roc_auc, 0.9772
2025-09-29 18:10:18,409 - root - INFO - new node validate loss: 0.2111
2025-09-29 18:10:18,409 - root - INFO - new node validate average_precision, 0.9767
2025-09-29 18:10:18,409 - root - INFO - new node validate roc_auc, 0.9744
2025-09-29 18:10:38,404 - root - INFO - test loss: 0.2385
2025-09-29 18:10:38,404 - root - INFO - test average_precision, 0.9722
2025-09-29 18:10:38,404 - root - INFO - best test average_precision: 0.9731
2025-09-29 18:10:38,404 - root - INFO - test roc_auc, 0.9694
2025-09-29 18:10:38,404 - root - INFO - new node test loss: 0.2625
2025-09-29 18:10:38,404 - root - INFO - new node test average_precision, 0.9652
2025-09-29 18:10:38,404 - root - INFO - new node test roc_auc, 0.9620
2025-09-29 18:12:02,351 - root - INFO - Epoch: 74, learning rate: 0.0001, train loss: 0.1407
2025-09-29 18:12:02,352 - root - INFO - train average_precision, 0.9878
2025-09-29 18:12:02,352 - root - INFO - train roc_auc, 0.9876
2025-09-29 18:12:02,352 - root - INFO - validate loss: 0.1988
2025-09-29 18:12:02,352 - root - INFO - validate average_precision, 0.9792
2025-09-29 18:12:02,352 - root - INFO - validate roc_auc, 0.9776
2025-09-29 18:12:02,352 - root - INFO - new node validate loss: 0.2088
2025-09-29 18:12:02,352 - root - INFO - new node validate average_precision, 0.9764
2025-09-29 18:12:02,352 - root - INFO - new node validate roc_auc, 0.9742
2025-09-29 18:12:22,352 - root - INFO - test loss: 0.2340
2025-09-29 18:12:22,352 - root - INFO - test average_precision, 0.9724
2025-09-29 18:12:22,352 - root - INFO - best test average_precision: 0.9731
2025-09-29 18:12:22,352 - root - INFO - test roc_auc, 0.9693
2025-09-29 18:12:22,353 - root - INFO - new node test loss: 0.2597
2025-09-29 18:12:22,353 - root - INFO - new node test average_precision, 0.9654
2025-09-29 18:12:22,353 - root - INFO - new node test roc_auc, 0.9619
2025-09-29 18:13:46,354 - root - INFO - Epoch: 75, learning rate: 0.0001, train loss: 0.1419
2025-09-29 18:13:46,354 - root - INFO - train average_precision, 0.9872
2025-09-29 18:13:46,354 - root - INFO - train roc_auc, 0.9872
2025-09-29 18:13:46,354 - root - INFO - validate loss: 0.2035
2025-09-29 18:13:46,354 - root - INFO - validate average_precision, 0.9793
2025-09-29 18:13:46,355 - root - INFO - validate roc_auc, 0.9776
2025-09-29 18:13:46,355 - root - INFO - new node validate loss: 0.2110
2025-09-29 18:13:46,355 - root - INFO - new node validate average_precision, 0.9769
2025-09-29 18:13:46,355 - root - INFO - new node validate roc_auc, 0.9747
2025-09-29 18:14:06,404 - root - INFO - test loss: 0.2428
2025-09-29 18:14:06,405 - root - INFO - test average_precision, 0.9718
2025-09-29 18:14:06,405 - root - INFO - best test average_precision: 0.9731
2025-09-29 18:14:06,405 - root - INFO - test roc_auc, 0.9687
2025-09-29 18:14:06,405 - root - INFO - new node test loss: 0.2671
2025-09-29 18:14:06,405 - root - INFO - new node test average_precision, 0.9650
2025-09-29 18:14:06,405 - root - INFO - new node test roc_auc, 0.9617
2025-09-29 18:15:31,440 - root - INFO - Epoch: 76, learning rate: 0.0001, train loss: 0.1413
2025-09-29 18:15:31,441 - root - INFO - train average_precision, 0.9874
2025-09-29 18:15:31,441 - root - INFO - train roc_auc, 0.9873
2025-09-29 18:15:31,441 - root - INFO - validate loss: 0.1968
2025-09-29 18:15:31,441 - root - INFO - validate average_precision, 0.9795
2025-09-29 18:15:31,441 - root - INFO - validate roc_auc, 0.9779
2025-09-29 18:15:31,441 - root - INFO - new node validate loss: 0.2082
2025-09-29 18:15:31,441 - root - INFO - new node validate average_precision, 0.9774
2025-09-29 18:15:31,441 - root - INFO - new node validate roc_auc, 0.9754
2025-09-29 18:15:51,528 - root - INFO - test loss: 0.2308
2025-09-29 18:15:51,529 - root - INFO - test average_precision, 0.9725
2025-09-29 18:15:51,529 - root - INFO - best test average_precision: 0.9731
2025-09-29 18:15:51,529 - root - INFO - test roc_auc, 0.9699
2025-09-29 18:15:51,529 - root - INFO - new node test loss: 0.2646
2025-09-29 18:15:51,529 - root - INFO - new node test average_precision, 0.9658
2025-09-29 18:15:51,529 - root - INFO - new node test roc_auc, 0.9625
2025-09-29 18:17:15,625 - root - INFO - Epoch: 77, learning rate: 0.0001, train loss: 0.1397
2025-09-29 18:17:15,626 - root - INFO - train average_precision, 0.9877
2025-09-29 18:17:15,626 - root - INFO - train roc_auc, 0.9876
2025-09-29 18:17:15,626 - root - INFO - validate loss: 0.2016
2025-09-29 18:17:15,626 - root - INFO - validate average_precision, 0.9796
2025-09-29 18:17:15,626 - root - INFO - validate roc_auc, 0.9779
2025-09-29 18:17:15,626 - root - INFO - new node validate loss: 0.2129
2025-09-29 18:17:15,626 - root - INFO - new node validate average_precision, 0.9768
2025-09-29 18:17:15,626 - root - INFO - new node validate roc_auc, 0.9746
2025-09-29 18:17:35,628 - root - INFO - test loss: 0.2367
2025-09-29 18:17:35,628 - root - INFO - test average_precision, 0.9726
2025-09-29 18:17:35,628 - root - INFO - best test average_precision: 0.9731
2025-09-29 18:17:35,628 - root - INFO - test roc_auc, 0.9699
2025-09-29 18:17:35,628 - root - INFO - new node test loss: 0.2663
2025-09-29 18:17:35,628 - root - INFO - new node test average_precision, 0.9654
2025-09-29 18:17:35,628 - root - INFO - new node test roc_auc, 0.9622
2025-09-29 18:18:59,493 - root - INFO - Epoch: 78, learning rate: 0.0001, train loss: 0.1374
2025-09-29 18:18:59,493 - root - INFO - train average_precision, 0.9883
2025-09-29 18:18:59,493 - root - INFO - train roc_auc, 0.9881
2025-09-29 18:18:59,493 - root - INFO - validate loss: 0.2051
2025-09-29 18:18:59,493 - root - INFO - validate average_precision, 0.9797
2025-09-29 18:18:59,493 - root - INFO - validate roc_auc, 0.9778
2025-09-29 18:18:59,493 - root - INFO - new node validate loss: 0.2149
2025-09-29 18:18:59,493 - root - INFO - new node validate average_precision, 0.9766
2025-09-29 18:18:59,493 - root - INFO - new node validate roc_auc, 0.9743
2025-09-29 18:19:19,396 - root - INFO - test loss: 0.2453
2025-09-29 18:19:19,396 - root - INFO - test average_precision, 0.9716
2025-09-29 18:19:19,396 - root - INFO - best test average_precision: 0.9731
2025-09-29 18:19:19,396 - root - INFO - test roc_auc, 0.9688
2025-09-29 18:19:19,396 - root - INFO - new node test loss: 0.2713
2025-09-29 18:19:19,396 - root - INFO - new node test average_precision, 0.9643
2025-09-29 18:19:19,396 - root - INFO - new node test roc_auc, 0.9610
2025-09-29 18:20:43,474 - root - INFO - Epoch: 79, learning rate: 0.0001, train loss: 0.1394
2025-09-29 18:20:43,474 - root - INFO - train average_precision, 0.9877
2025-09-29 18:20:43,474 - root - INFO - train roc_auc, 0.9876
2025-09-29 18:20:43,474 - root - INFO - validate loss: 0.1983
2025-09-29 18:20:43,474 - root - INFO - validate average_precision, 0.9799
2025-09-29 18:20:43,474 - root - INFO - validate roc_auc, 0.9781
2025-09-29 18:20:43,475 - root - INFO - new node validate loss: 0.2099
2025-09-29 18:20:43,475 - root - INFO - new node validate average_precision, 0.9772
2025-09-29 18:20:43,475 - root - INFO - new node validate roc_auc, 0.9751
2025-09-29 18:21:03,437 - root - INFO - test loss: 0.2370
2025-09-29 18:21:03,437 - root - INFO - test average_precision, 0.9720
2025-09-29 18:21:03,437 - root - INFO - best test average_precision: 0.9731
2025-09-29 18:21:03,437 - root - INFO - test roc_auc, 0.9694
2025-09-29 18:21:03,437 - root - INFO - new node test loss: 0.2676
2025-09-29 18:21:03,437 - root - INFO - new node test average_precision, 0.9649
2025-09-29 18:21:03,437 - root - INFO - new node test roc_auc, 0.9618
2025-09-29 18:22:28,262 - root - INFO - Epoch: 80, learning rate: 0.0001, train loss: 0.1388
2025-09-29 18:22:28,263 - root - INFO - train average_precision, 0.9877
2025-09-29 18:22:28,263 - root - INFO - train roc_auc, 0.9877
2025-09-29 18:22:28,263 - root - INFO - validate loss: 0.2072
2025-09-29 18:22:28,263 - root - INFO - validate average_precision, 0.9796
2025-09-29 18:22:28,263 - root - INFO - validate roc_auc, 0.9779
2025-09-29 18:22:28,263 - root - INFO - new node validate loss: 0.2159
2025-09-29 18:22:28,263 - root - INFO - new node validate average_precision, 0.9767
2025-09-29 18:22:28,263 - root - INFO - new node validate roc_auc, 0.9744
2025-09-29 18:22:48,178 - root - INFO - test loss: 0.2450
2025-09-29 18:22:48,178 - root - INFO - test average_precision, 0.9722
2025-09-29 18:22:48,178 - root - INFO - best test average_precision: 0.9731
2025-09-29 18:22:48,178 - root - INFO - test roc_auc, 0.9694
2025-09-29 18:22:48,178 - root - INFO - new node test loss: 0.2696
2025-09-29 18:22:48,178 - root - INFO - new node test average_precision, 0.9649
2025-09-29 18:22:48,179 - root - INFO - new node test roc_auc, 0.9617
2025-09-29 18:24:12,254 - root - INFO - Epoch: 81, learning rate: 0.0001, train loss: 0.1379
2025-09-29 18:24:12,254 - root - INFO - train average_precision, 0.9879
2025-09-29 18:24:12,254 - root - INFO - train roc_auc, 0.9879
2025-09-29 18:24:12,254 - root - INFO - validate loss: 0.2039
2025-09-29 18:24:12,255 - root - INFO - validate average_precision, 0.9791
2025-09-29 18:24:12,255 - root - INFO - validate roc_auc, 0.9774
2025-09-29 18:24:12,255 - root - INFO - new node validate loss: 0.2202
2025-09-29 18:24:12,255 - root - INFO - new node validate average_precision, 0.9754
2025-09-29 18:24:12,255 - root - INFO - new node validate roc_auc, 0.9732
2025-09-29 18:24:32,218 - root - INFO - test loss: 0.2382
2025-09-29 18:24:32,218 - root - INFO - test average_precision, 0.9720
2025-09-29 18:24:32,218 - root - INFO - best test average_precision: 0.9731
2025-09-29 18:24:32,218 - root - INFO - test roc_auc, 0.9694
2025-09-29 18:24:32,218 - root - INFO - new node test loss: 0.2674
2025-09-29 18:24:32,218 - root - INFO - new node test average_precision, 0.9648
2025-09-29 18:24:32,218 - root - INFO - new node test roc_auc, 0.9621
2025-09-29 18:25:56,173 - root - INFO - Epoch: 82, learning rate: 0.0001, train loss: 0.1362
2025-09-29 18:25:56,174 - root - INFO - train average_precision, 0.9882
2025-09-29 18:25:56,174 - root - INFO - train roc_auc, 0.9881
2025-09-29 18:25:56,174 - root - INFO - validate loss: 0.2095
2025-09-29 18:25:56,174 - root - INFO - validate average_precision, 0.9790
2025-09-29 18:25:56,174 - root - INFO - validate roc_auc, 0.9772
2025-09-29 18:25:56,174 - root - INFO - new node validate loss: 0.2213
2025-09-29 18:25:56,174 - root - INFO - new node validate average_precision, 0.9758
2025-09-29 18:25:56,174 - root - INFO - new node validate roc_auc, 0.9735
2025-09-29 18:26:16,236 - root - INFO - test loss: 0.2422
2025-09-29 18:26:16,236 - root - INFO - test average_precision, 0.9721
2025-09-29 18:26:16,236 - root - INFO - best test average_precision: 0.9731
2025-09-29 18:26:16,236 - root - INFO - test roc_auc, 0.9695
2025-09-29 18:26:16,236 - root - INFO - new node test loss: 0.2674
2025-09-29 18:26:16,236 - root - INFO - new node test average_precision, 0.9657
2025-09-29 18:26:16,236 - root - INFO - new node test roc_auc, 0.9626
2025-09-29 18:27:40,242 - root - INFO - Epoch: 83, learning rate: 0.0001, train loss: 0.1359
2025-09-29 18:27:40,243 - root - INFO - train average_precision, 0.9881
2025-09-29 18:27:40,243 - root - INFO - train roc_auc, 0.9882
2025-09-29 18:27:40,243 - root - INFO - validate loss: 0.2067
2025-09-29 18:27:40,243 - root - INFO - validate average_precision, 0.9788
2025-09-29 18:27:40,243 - root - INFO - validate roc_auc, 0.9770
2025-09-29 18:27:40,243 - root - INFO - new node validate loss: 0.2173
2025-09-29 18:27:40,243 - root - INFO - new node validate average_precision, 0.9755
2025-09-29 18:27:40,243 - root - INFO - new node validate roc_auc, 0.9732
2025-09-29 18:28:00,281 - root - INFO - test loss: 0.2397
2025-09-29 18:28:00,282 - root - INFO - test average_precision, 0.9719
2025-09-29 18:28:00,282 - root - INFO - best test average_precision: 0.9731
2025-09-29 18:28:00,282 - root - INFO - test roc_auc, 0.9692
2025-09-29 18:28:00,282 - root - INFO - new node test loss: 0.2682
2025-09-29 18:28:00,282 - root - INFO - new node test average_precision, 0.9644
2025-09-29 18:28:00,282 - root - INFO - new node test roc_auc, 0.9613
2025-09-29 18:29:24,507 - root - INFO - Epoch: 84, learning rate: 0.0001, train loss: 0.1376
2025-09-29 18:29:24,507 - root - INFO - train average_precision, 0.9877
2025-09-29 18:29:24,508 - root - INFO - train roc_auc, 0.9879
2025-09-29 18:29:24,508 - root - INFO - validate loss: 0.2009
2025-09-29 18:29:24,508 - root - INFO - validate average_precision, 0.9794
2025-09-29 18:29:24,508 - root - INFO - validate roc_auc, 0.9778
2025-09-29 18:29:24,508 - root - INFO - new node validate loss: 0.2117
2025-09-29 18:29:24,508 - root - INFO - new node validate average_precision, 0.9768
2025-09-29 18:29:24,508 - root - INFO - new node validate roc_auc, 0.9744
2025-09-29 18:29:44,524 - root - INFO - test loss: 0.2393
2025-09-29 18:29:44,525 - root - INFO - test average_precision, 0.9722
2025-09-29 18:29:44,525 - root - INFO - best test average_precision: 0.9731
2025-09-29 18:29:44,525 - root - INFO - test roc_auc, 0.9692
2025-09-29 18:29:44,525 - root - INFO - new node test loss: 0.2666
2025-09-29 18:29:44,525 - root - INFO - new node test average_precision, 0.9651
2025-09-29 18:29:44,525 - root - INFO - new node test roc_auc, 0.9618
2025-09-29 18:31:09,564 - root - INFO - Epoch: 85, learning rate: 0.0001, train loss: 0.1354
2025-09-29 18:31:09,565 - root - INFO - train average_precision, 0.9882
2025-09-29 18:31:09,565 - root - INFO - train roc_auc, 0.9882
2025-09-29 18:31:09,565 - root - INFO - validate loss: 0.1974
2025-09-29 18:31:09,565 - root - INFO - validate average_precision, 0.9797
2025-09-29 18:31:09,565 - root - INFO - validate roc_auc, 0.9781
2025-09-29 18:31:09,565 - root - INFO - new node validate loss: 0.2119
2025-09-29 18:31:09,565 - root - INFO - new node validate average_precision, 0.9768
2025-09-29 18:31:09,565 - root - INFO - new node validate roc_auc, 0.9747
2025-09-29 18:31:29,517 - root - INFO - test loss: 0.2372
2025-09-29 18:31:29,517 - root - INFO - test average_precision, 0.9721
2025-09-29 18:31:29,517 - root - INFO - best test average_precision: 0.9731
2025-09-29 18:31:29,517 - root - INFO - test roc_auc, 0.9693
2025-09-29 18:31:29,517 - root - INFO - new node test loss: 0.2671
2025-09-29 18:31:29,517 - root - INFO - new node test average_precision, 0.9656
2025-09-29 18:31:29,517 - root - INFO - new node test roc_auc, 0.9619
2025-09-29 18:32:53,588 - root - INFO - Epoch: 86, learning rate: 0.0001, train loss: 0.1358
2025-09-29 18:32:53,589 - root - INFO - train average_precision, 0.9882
2025-09-29 18:32:53,589 - root - INFO - train roc_auc, 0.9882
2025-09-29 18:32:53,589 - root - INFO - validate loss: 0.2058
2025-09-29 18:32:53,589 - root - INFO - validate average_precision, 0.9789
2025-09-29 18:32:53,589 - root - INFO - validate roc_auc, 0.9772
2025-09-29 18:32:53,589 - root - INFO - new node validate loss: 0.2195
2025-09-29 18:32:53,589 - root - INFO - new node validate average_precision, 0.9756
2025-09-29 18:32:53,589 - root - INFO - new node validate roc_auc, 0.9734
2025-09-29 18:33:13,644 - root - INFO - test loss: 0.2427
2025-09-29 18:33:13,644 - root - INFO - test average_precision, 0.9714
2025-09-29 18:33:13,645 - root - INFO - best test average_precision: 0.9731
2025-09-29 18:33:13,645 - root - INFO - test roc_auc, 0.9687
2025-09-29 18:33:13,645 - root - INFO - new node test loss: 0.2731
2025-09-29 18:33:13,645 - root - INFO - new node test average_precision, 0.9643
2025-09-29 18:33:13,645 - root - INFO - new node test roc_auc, 0.9609
2025-09-29 18:34:37,888 - root - INFO - Epoch: 87, learning rate: 0.0001, train loss: 0.1344
2025-09-29 18:34:37,889 - root - INFO - train average_precision, 0.9885
2025-09-29 18:34:37,889 - root - INFO - train roc_auc, 0.9884
2025-09-29 18:34:37,889 - root - INFO - validate loss: 0.2004
2025-09-29 18:34:37,889 - root - INFO - validate average_precision, 0.9801
2025-09-29 18:34:37,889 - root - INFO - validate roc_auc, 0.9785
2025-09-29 18:34:37,890 - root - INFO - new node validate loss: 0.2131
2025-09-29 18:34:37,890 - root - INFO - new node validate average_precision, 0.9772
2025-09-29 18:34:37,890 - root - INFO - new node validate roc_auc, 0.9750
2025-09-29 18:34:57,806 - root - INFO - test loss: 0.2415
2025-09-29 18:34:57,806 - root - INFO - test average_precision, 0.9726
2025-09-29 18:34:57,806 - root - INFO - best test average_precision: 0.9731
2025-09-29 18:34:57,806 - root - INFO - test roc_auc, 0.9696
2025-09-29 18:34:57,806 - root - INFO - new node test loss: 0.2672
2025-09-29 18:34:57,806 - root - INFO - new node test average_precision, 0.9657
2025-09-29 18:34:57,807 - root - INFO - new node test roc_auc, 0.9627
2025-09-29 18:34:57,807 - root - INFO - save model ./saved_models/TGAT/wikipedia/TGAT_seed0/TGAT_seed0.pkl
2025-09-29 18:36:21,815 - root - INFO - Epoch: 88, learning rate: 0.0001, train loss: 0.1349
2025-09-29 18:36:21,816 - root - INFO - train average_precision, 0.9882
2025-09-29 18:36:21,816 - root - INFO - train roc_auc, 0.9883
2025-09-29 18:36:21,816 - root - INFO - validate loss: 0.2055
2025-09-29 18:36:21,816 - root - INFO - validate average_precision, 0.9794
2025-09-29 18:36:21,816 - root - INFO - validate roc_auc, 0.9777
2025-09-29 18:36:21,816 - root - INFO - new node validate loss: 0.2124
2025-09-29 18:36:21,816 - root - INFO - new node validate average_precision, 0.9770
2025-09-29 18:36:21,816 - root - INFO - new node validate roc_auc, 0.9746
2025-09-29 18:36:41,727 - root - INFO - test loss: 0.2454
2025-09-29 18:36:41,728 - root - INFO - test average_precision, 0.9716
2025-09-29 18:36:41,728 - root - INFO - best test average_precision: 0.9731
2025-09-29 18:36:41,728 - root - INFO - test roc_auc, 0.9687
2025-09-29 18:36:41,728 - root - INFO - new node test loss: 0.2739
2025-09-29 18:36:41,728 - root - INFO - new node test average_precision, 0.9641
2025-09-29 18:36:41,728 - root - INFO - new node test roc_auc, 0.9607
2025-09-29 18:38:05,906 - root - INFO - Epoch: 89, learning rate: 0.0001, train loss: 0.1348
2025-09-29 18:38:05,906 - root - INFO - train average_precision, 0.9883
2025-09-29 18:38:05,906 - root - INFO - train roc_auc, 0.9884
2025-09-29 18:38:05,907 - root - INFO - validate loss: 0.2053
2025-09-29 18:38:05,907 - root - INFO - validate average_precision, 0.9796
2025-09-29 18:38:05,907 - root - INFO - validate roc_auc, 0.9778
2025-09-29 18:38:05,907 - root - INFO - new node validate loss: 0.2132
2025-09-29 18:38:05,907 - root - INFO - new node validate average_precision, 0.9769
2025-09-29 18:38:05,907 - root - INFO - new node validate roc_auc, 0.9746
2025-09-29 18:38:25,913 - root - INFO - test loss: 0.2394
2025-09-29 18:38:25,913 - root - INFO - test average_precision, 0.9728
2025-09-29 18:38:25,913 - root - INFO - best test average_precision: 0.9731
2025-09-29 18:38:25,913 - root - INFO - test roc_auc, 0.9702
2025-09-29 18:38:25,914 - root - INFO - new node test loss: 0.2700
2025-09-29 18:38:25,914 - root - INFO - new node test average_precision, 0.9653
2025-09-29 18:38:25,914 - root - INFO - new node test roc_auc, 0.9623
2025-09-29 18:39:50,969 - root - INFO - Epoch: 90, learning rate: 0.0001, train loss: 0.1328
2025-09-29 18:39:50,969 - root - INFO - train average_precision, 0.9887
2025-09-29 18:39:50,969 - root - INFO - train roc_auc, 0.9887
2025-09-29 18:39:50,970 - root - INFO - validate loss: 0.2057
2025-09-29 18:39:50,970 - root - INFO - validate average_precision, 0.9794
2025-09-29 18:39:50,970 - root - INFO - validate roc_auc, 0.9776
2025-09-29 18:39:50,970 - root - INFO - new node validate loss: 0.2152
2025-09-29 18:39:50,970 - root - INFO - new node validate average_precision, 0.9768
2025-09-29 18:39:50,970 - root - INFO - new node validate roc_auc, 0.9745
2025-09-29 18:40:10,867 - root - INFO - test loss: 0.2418
2025-09-29 18:40:10,867 - root - INFO - test average_precision, 0.9720
2025-09-29 18:40:10,867 - root - INFO - best test average_precision: 0.9731
2025-09-29 18:40:10,867 - root - INFO - test roc_auc, 0.9694
2025-09-29 18:40:10,867 - root - INFO - new node test loss: 0.2704
2025-09-29 18:40:10,867 - root - INFO - new node test average_precision, 0.9652
2025-09-29 18:40:10,867 - root - INFO - new node test roc_auc, 0.9620
2025-09-29 18:41:34,776 - root - INFO - Epoch: 91, learning rate: 0.0001, train loss: 0.1334
2025-09-29 18:41:34,777 - root - INFO - train average_precision, 0.9884
2025-09-29 18:41:34,777 - root - INFO - train roc_auc, 0.9886
2025-09-29 18:41:34,777 - root - INFO - validate loss: 0.2086
2025-09-29 18:41:34,777 - root - INFO - validate average_precision, 0.9791
2025-09-29 18:41:34,777 - root - INFO - validate roc_auc, 0.9774
2025-09-29 18:41:34,777 - root - INFO - new node validate loss: 0.2220
2025-09-29 18:41:34,777 - root - INFO - new node validate average_precision, 0.9757
2025-09-29 18:41:34,777 - root - INFO - new node validate roc_auc, 0.9733
2025-09-29 18:41:54,696 - root - INFO - test loss: 0.2489
2025-09-29 18:41:54,697 - root - INFO - test average_precision, 0.9712
2025-09-29 18:41:54,697 - root - INFO - best test average_precision: 0.9731
2025-09-29 18:41:54,697 - root - INFO - test roc_auc, 0.9685
2025-09-29 18:41:54,697 - root - INFO - new node test loss: 0.2763
2025-09-29 18:41:54,697 - root - INFO - new node test average_precision, 0.9643
2025-09-29 18:41:54,697 - root - INFO - new node test roc_auc, 0.9610
2025-09-29 18:43:18,890 - root - INFO - Epoch: 92, learning rate: 0.0001, train loss: 0.1334
2025-09-29 18:43:18,891 - root - INFO - train average_precision, 0.9884
2025-09-29 18:43:18,891 - root - INFO - train roc_auc, 0.9886
2025-09-29 18:43:18,891 - root - INFO - validate loss: 0.2097
2025-09-29 18:43:18,891 - root - INFO - validate average_precision, 0.9790
2025-09-29 18:43:18,891 - root - INFO - validate roc_auc, 0.9773
2025-09-29 18:43:18,891 - root - INFO - new node validate loss: 0.2163
2025-09-29 18:43:18,891 - root - INFO - new node validate average_precision, 0.9767
2025-09-29 18:43:18,891 - root - INFO - new node validate roc_auc, 0.9743
2025-09-29 18:43:38,874 - root - INFO - test loss: 0.2457
2025-09-29 18:43:38,874 - root - INFO - test average_precision, 0.9720
2025-09-29 18:43:38,875 - root - INFO - best test average_precision: 0.9731
2025-09-29 18:43:38,875 - root - INFO - test roc_auc, 0.9692
2025-09-29 18:43:38,875 - root - INFO - new node test loss: 0.2751
2025-09-29 18:43:38,875 - root - INFO - new node test average_precision, 0.9648
2025-09-29 18:43:38,875 - root - INFO - new node test roc_auc, 0.9616
2025-09-29 18:45:02,969 - root - INFO - Epoch: 93, learning rate: 0.0001, train loss: 0.1322
2025-09-29 18:45:02,969 - root - INFO - train average_precision, 0.9885
2025-09-29 18:45:02,969 - root - INFO - train roc_auc, 0.9888
2025-09-29 18:45:02,969 - root - INFO - validate loss: 0.2044
2025-09-29 18:45:02,970 - root - INFO - validate average_precision, 0.9799
2025-09-29 18:45:02,970 - root - INFO - validate roc_auc, 0.9783
2025-09-29 18:45:02,970 - root - INFO - new node validate loss: 0.2156
2025-09-29 18:45:02,970 - root - INFO - new node validate average_precision, 0.9769
2025-09-29 18:45:02,970 - root - INFO - new node validate roc_auc, 0.9748
2025-09-29 18:45:22,962 - root - INFO - test loss: 0.2408
2025-09-29 18:45:22,963 - root - INFO - test average_precision, 0.9727
2025-09-29 18:45:22,963 - root - INFO - best test average_precision: 0.9731
2025-09-29 18:45:22,963 - root - INFO - test roc_auc, 0.9701
2025-09-29 18:45:22,963 - root - INFO - new node test loss: 0.2686
2025-09-29 18:45:22,963 - root - INFO - new node test average_precision, 0.9659
2025-09-29 18:45:22,963 - root - INFO - new node test roc_auc, 0.9629
2025-09-29 18:46:46,827 - root - INFO - Epoch: 94, learning rate: 0.0001, train loss: 0.1306
2025-09-29 18:46:46,827 - root - INFO - train average_precision, 0.9890
2025-09-29 18:46:46,827 - root - INFO - train roc_auc, 0.9890
2025-09-29 18:46:46,828 - root - INFO - validate loss: 0.2024
2025-09-29 18:46:46,828 - root - INFO - validate average_precision, 0.9795
2025-09-29 18:46:46,828 - root - INFO - validate roc_auc, 0.9779
2025-09-29 18:46:46,828 - root - INFO - new node validate loss: 0.2189
2025-09-29 18:46:46,828 - root - INFO - new node validate average_precision, 0.9763
2025-09-29 18:46:46,828 - root - INFO - new node validate roc_auc, 0.9742
2025-09-29 18:47:06,784 - root - INFO - test loss: 0.2389
2025-09-29 18:47:06,784 - root - INFO - test average_precision, 0.9724
2025-09-29 18:47:06,784 - root - INFO - best test average_precision: 0.9731
2025-09-29 18:47:06,784 - root - INFO - test roc_auc, 0.9698
2025-09-29 18:47:06,784 - root - INFO - new node test loss: 0.2737
2025-09-29 18:47:06,784 - root - INFO - new node test average_precision, 0.9654
2025-09-29 18:47:06,784 - root - INFO - new node test roc_auc, 0.9620
2025-09-29 18:48:30,895 - root - INFO - Epoch: 95, learning rate: 0.0001, train loss: 0.1289
2025-09-29 18:48:30,896 - root - INFO - train average_precision, 0.9894
2025-09-29 18:48:30,896 - root - INFO - train roc_auc, 0.9893
2025-09-29 18:48:30,896 - root - INFO - validate loss: 0.2097
2025-09-29 18:48:30,896 - root - INFO - validate average_precision, 0.9787
2025-09-29 18:48:30,896 - root - INFO - validate roc_auc, 0.9770
2025-09-29 18:48:30,896 - root - INFO - new node validate loss: 0.2162
2025-09-29 18:48:30,896 - root - INFO - new node validate average_precision, 0.9765
2025-09-29 18:48:30,896 - root - INFO - new node validate roc_auc, 0.9742
2025-09-29 18:48:50,896 - root - INFO - test loss: 0.2488
2025-09-29 18:48:50,896 - root - INFO - test average_precision, 0.9711
2025-09-29 18:48:50,896 - root - INFO - best test average_precision: 0.9731
2025-09-29 18:48:50,896 - root - INFO - test roc_auc, 0.9682
2025-09-29 18:48:50,896 - root - INFO - new node test loss: 0.2754
2025-09-29 18:48:50,896 - root - INFO - new node test average_precision, 0.9640
2025-09-29 18:48:50,896 - root - INFO - new node test roc_auc, 0.9609
2025-09-29 18:50:15,261 - root - INFO - Epoch: 96, learning rate: 0.0001, train loss: 0.1296
2025-09-29 18:50:15,262 - root - INFO - train average_precision, 0.9891
2025-09-29 18:50:15,262 - root - INFO - train roc_auc, 0.9893
2025-09-29 18:50:15,262 - root - INFO - validate loss: 0.2139
2025-09-29 18:50:15,262 - root - INFO - validate average_precision, 0.9791
2025-09-29 18:50:15,262 - root - INFO - validate roc_auc, 0.9774
2025-09-29 18:50:15,262 - root - INFO - new node validate loss: 0.2234
2025-09-29 18:50:15,263 - root - INFO - new node validate average_precision, 0.9761
2025-09-29 18:50:15,263 - root - INFO - new node validate roc_auc, 0.9736
2025-09-29 18:50:35,121 - root - INFO - test loss: 0.2489
2025-09-29 18:50:35,121 - root - INFO - test average_precision, 0.9722
2025-09-29 18:50:35,122 - root - INFO - best test average_precision: 0.9731
2025-09-29 18:50:35,122 - root - INFO - test roc_auc, 0.9696
2025-09-29 18:50:35,122 - root - INFO - new node test loss: 0.2751
2025-09-29 18:50:35,122 - root - INFO - new node test average_precision, 0.9651
2025-09-29 18:50:35,122 - root - INFO - new node test roc_auc, 0.9620
2025-09-29 18:51:59,921 - root - INFO - Epoch: 97, learning rate: 0.0001, train loss: 0.1299
2025-09-29 18:51:59,922 - root - INFO - train average_precision, 0.9888
2025-09-29 18:51:59,922 - root - INFO - train roc_auc, 0.9891
2025-09-29 18:51:59,922 - root - INFO - validate loss: 0.2046
2025-09-29 18:51:59,922 - root - INFO - validate average_precision, 0.9798
2025-09-29 18:51:59,922 - root - INFO - validate roc_auc, 0.9782
2025-09-29 18:51:59,922 - root - INFO - new node validate loss: 0.2153
2025-09-29 18:51:59,922 - root - INFO - new node validate average_precision, 0.9767
2025-09-29 18:51:59,922 - root - INFO - new node validate roc_auc, 0.9746
2025-09-29 18:52:19,989 - root - INFO - test loss: 0.2428
2025-09-29 18:52:19,989 - root - INFO - test average_precision, 0.9724
2025-09-29 18:52:19,989 - root - INFO - best test average_precision: 0.9731
2025-09-29 18:52:19,989 - root - INFO - test roc_auc, 0.9698
2025-09-29 18:52:19,989 - root - INFO - new node test loss: 0.2693
2025-09-29 18:52:19,989 - root - INFO - new node test average_precision, 0.9658
2025-09-29 18:52:19,990 - root - INFO - new node test roc_auc, 0.9626
2025-09-29 18:53:45,390 - root - INFO - Epoch: 98, learning rate: 0.0001, train loss: 0.1307
2025-09-29 18:53:45,391 - root - INFO - train average_precision, 0.9887
2025-09-29 18:53:45,391 - root - INFO - train roc_auc, 0.9890
2025-09-29 18:53:45,391 - root - INFO - validate loss: 0.2047
2025-09-29 18:53:45,391 - root - INFO - validate average_precision, 0.9799
2025-09-29 18:53:45,391 - root - INFO - validate roc_auc, 0.9782
2025-09-29 18:53:45,391 - root - INFO - new node validate loss: 0.2121
2025-09-29 18:53:45,391 - root - INFO - new node validate average_precision, 0.9772
2025-09-29 18:53:45,391 - root - INFO - new node validate roc_auc, 0.9749
2025-09-29 18:54:05,267 - root - INFO - test loss: 0.2434
2025-09-29 18:54:05,267 - root - INFO - test average_precision, 0.9724
2025-09-29 18:54:05,267 - root - INFO - best test average_precision: 0.9731
2025-09-29 18:54:05,267 - root - INFO - test roc_auc, 0.9697
2025-09-29 18:54:05,267 - root - INFO - new node test loss: 0.2703
2025-09-29 18:54:05,267 - root - INFO - new node test average_precision, 0.9653
2025-09-29 18:54:05,267 - root - INFO - new node test roc_auc, 0.9621
2025-09-29 18:55:29,101 - root - INFO - Epoch: 99, learning rate: 0.0001, train loss: 0.1290
2025-09-29 18:55:29,102 - root - INFO - train average_precision, 0.9892
2025-09-29 18:55:29,102 - root - INFO - train roc_auc, 0.9894
2025-09-29 18:55:29,102 - root - INFO - validate loss: 0.2078
2025-09-29 18:55:29,102 - root - INFO - validate average_precision, 0.9793
2025-09-29 18:55:29,102 - root - INFO - validate roc_auc, 0.9777
2025-09-29 18:55:29,102 - root - INFO - new node validate loss: 0.2197
2025-09-29 18:55:29,102 - root - INFO - new node validate average_precision, 0.9761
2025-09-29 18:55:29,102 - root - INFO - new node validate roc_auc, 0.9737
2025-09-29 18:55:48,942 - root - INFO - test loss: 0.2501
2025-09-29 18:55:48,942 - root - INFO - test average_precision, 0.9713
2025-09-29 18:55:48,942 - root - INFO - best test average_precision: 0.9731
2025-09-29 18:55:48,942 - root - INFO - test roc_auc, 0.9686
2025-09-29 18:55:48,942 - root - INFO - new node test loss: 0.2752
2025-09-29 18:55:48,942 - root - INFO - new node test average_precision, 0.9649
2025-09-29 18:55:48,942 - root - INFO - new node test roc_auc, 0.9616
2025-09-29 18:57:12,671 - root - INFO - Epoch: 100, learning rate: 0.0001, train loss: 0.1274
2025-09-29 18:57:12,671 - root - INFO - train average_precision, 0.9893
2025-09-29 18:57:12,671 - root - INFO - train roc_auc, 0.9895
2025-09-29 18:57:12,672 - root - INFO - validate loss: 0.2216
2025-09-29 18:57:12,672 - root - INFO - validate average_precision, 0.9796
2025-09-29 18:57:12,672 - root - INFO - validate roc_auc, 0.9781
2025-09-29 18:57:12,672 - root - INFO - new node validate loss: 0.2251
2025-09-29 18:57:12,672 - root - INFO - new node validate average_precision, 0.9770
2025-09-29 18:57:12,672 - root - INFO - new node validate roc_auc, 0.9750
2025-09-29 18:57:32,521 - root - INFO - test loss: 0.2590
2025-09-29 18:57:32,522 - root - INFO - test average_precision, 0.9727
2025-09-29 18:57:32,522 - root - INFO - best test average_precision: 0.9731
2025-09-29 18:57:32,522 - root - INFO - test roc_auc, 0.9701
2025-09-29 18:57:32,522 - root - INFO - new node test loss: 0.2802
2025-09-29 18:57:32,522 - root - INFO - new node test average_precision, 0.9655
2025-09-29 18:57:32,522 - root - INFO - new node test roc_auc, 0.9625
2025-09-29 18:57:32,522 - root - INFO - load model ./saved_models/TGAT/wikipedia/TGAT_seed0/TGAT_seed0.pkl
