2025-10-01 15:10:16,457 - root - INFO - ********** Run 1 starts. **********
2025-10-01 15:10:16,457 - root - INFO - configuration is Namespace(dataset_name='uci', batch_size=200, model_name='TGAT', gpu=0, num_neighbors=20, sample_neighbor_strategy='recent', time_scaling_factor=1e-06, num_walk_heads=8, num_heads=2, num_layers=2, walk_length=1, time_gap=2000, time_feat_dim=128, position_feat_dim=172, time_window_mode='fixed_proportion', time_encoder_type='bochner', expert_dim=64, num_mixtures=4, patch_size=1, channel_embedding_dim=50, max_input_sequence_length=32, learning_rate=0.0001, dropout=0.1, gamma=0.5, num_epochs=100, optimizer='Adam', weight_decay=0.0, patience=20, val_ratio=0.15, test_ratio=0.15, num_runs=5, test_interval_epochs=1, negative_sample_strategy='random', max_interaction_times=10, load_best_configs=True, device='cuda:0', seed=0, save_model_name='TGAT_seed0')
2025-10-01 15:10:16,457 - root - INFO - time encoder type: bochner
2025-10-01 15:10:16,607 - root - INFO - model -> Sequential(
  (0): TGAT(
    (time_encoder): TimeEncoderWrapper(
      (encoder): BochnerTimeEncoder()
    )
    (temporal_conv_layers): ModuleList(
      (0-1): 2 x MultiHeadAttention(
        (query_projection): Linear(in_features=300, out_features=300, bias=False)
        (key_projection): Linear(in_features=472, out_features=300, bias=False)
        (value_projection): Linear(in_features=472, out_features=300, bias=False)
        (layer_norm): LayerNorm((300,), eps=1e-05, elementwise_affine=True)
        (residual_fc): Linear(in_features=300, out_features=300, bias=True)
        (dropout): Dropout(p=0.1, inplace=False)
      )
    )
    (merge_layers): ModuleList(
      (0-1): 2 x MergeLayer(
        (fc1): Linear(in_features=472, out_features=172, bias=True)
        (fc2): Linear(in_features=172, out_features=172, bias=True)
        (act): ReLU()
      )
    )
  )
  (1): MergeLayer(
    (fc1): Linear(in_features=344, out_features=172, bias=True)
    (fc2): Linear(in_features=172, out_features=1, bias=True)
    (act): ReLU()
  )
)
2025-10-01 15:10:16,607 - root - INFO - model name: TGAT, #parameters: 4839752 B, 4726.3203125 KB, 4.615547180175781 MB.
2025-10-01 15:10:51,513 - root - INFO - Epoch: 1, learning rate: 0.0001, train loss: 0.5808
2025-10-01 15:10:51,514 - root - INFO - train average_precision, 0.7015
2025-10-01 15:10:51,514 - root - INFO - train roc_auc, 0.7581
2025-10-01 15:10:51,514 - root - INFO - validate loss: 0.6210
2025-10-01 15:10:51,514 - root - INFO - validate average_precision, 0.6389
2025-10-01 15:10:51,514 - root - INFO - validate roc_auc, 0.6910
2025-10-01 15:10:51,514 - root - INFO - new node validate loss: 0.7001
2025-10-01 15:10:51,514 - root - INFO - new node validate average_precision, 0.5884
2025-10-01 15:10:51,514 - root - INFO - new node validate roc_auc, 0.5973
2025-10-01 15:10:59,911 - root - INFO - test loss: 0.6484
2025-10-01 15:10:59,911 - root - INFO - test average_precision, 0.6090
2025-10-01 15:10:59,911 - root - INFO - best test average_precision: 0.6090
2025-10-01 15:10:59,911 - root - INFO - test roc_auc, 0.6630
2025-10-01 15:10:59,911 - root - INFO - new node test loss: 0.6713
2025-10-01 15:10:59,911 - root - INFO - new node test average_precision, 0.5947
2025-10-01 15:10:59,911 - root - INFO - new node test roc_auc, 0.6293
2025-10-01 15:10:59,911 - root - INFO - save model ./saved_models/TGAT/uci/TGAT_seed0/TGAT_seed0.pkl
2025-10-01 15:11:33,410 - root - INFO - Epoch: 2, learning rate: 0.0001, train loss: 0.5223
2025-10-01 15:11:33,411 - root - INFO - train average_precision, 0.7561
2025-10-01 15:11:33,411 - root - INFO - train roc_auc, 0.7989
2025-10-01 15:11:33,411 - root - INFO - validate loss: 0.6045
2025-10-01 15:11:33,411 - root - INFO - validate average_precision, 0.6655
2025-10-01 15:11:33,411 - root - INFO - validate roc_auc, 0.7136
2025-10-01 15:11:33,411 - root - INFO - new node validate loss: 0.7001
2025-10-01 15:11:33,411 - root - INFO - new node validate average_precision, 0.6008
2025-10-01 15:11:33,411 - root - INFO - new node validate roc_auc, 0.6094
2025-10-01 15:11:41,812 - root - INFO - test loss: 0.6251
2025-10-01 15:11:41,812 - root - INFO - test average_precision, 0.6469
2025-10-01 15:11:41,812 - root - INFO - best test average_precision: 0.6469
2025-10-01 15:11:41,812 - root - INFO - test roc_auc, 0.6940
2025-10-01 15:11:41,812 - root - INFO - new node test loss: 0.6594
2025-10-01 15:11:41,812 - root - INFO - new node test average_precision, 0.6314
2025-10-01 15:11:41,813 - root - INFO - new node test roc_auc, 0.6559
2025-10-01 15:11:41,813 - root - INFO - save model ./saved_models/TGAT/uci/TGAT_seed0/TGAT_seed0.pkl
2025-10-01 15:12:15,783 - root - INFO - Epoch: 3, learning rate: 0.0001, train loss: 0.5119
2025-10-01 15:12:15,783 - root - INFO - train average_precision, 0.7813
2025-10-01 15:12:15,783 - root - INFO - train roc_auc, 0.8151
2025-10-01 15:12:15,783 - root - INFO - validate loss: 0.5933
2025-10-01 15:12:15,783 - root - INFO - validate average_precision, 0.6847
2025-10-01 15:12:15,783 - root - INFO - validate roc_auc, 0.7273
2025-10-01 15:12:15,783 - root - INFO - new node validate loss: 0.6950
2025-10-01 15:12:15,783 - root - INFO - new node validate average_precision, 0.6177
2025-10-01 15:12:15,783 - root - INFO - new node validate roc_auc, 0.6201
2025-10-01 15:12:24,172 - root - INFO - test loss: 0.6073
2025-10-01 15:12:24,172 - root - INFO - test average_precision, 0.6722
2025-10-01 15:12:24,172 - root - INFO - best test average_precision: 0.6722
2025-10-01 15:12:24,172 - root - INFO - test roc_auc, 0.7142
2025-10-01 15:12:24,172 - root - INFO - new node test loss: 0.6431
2025-10-01 15:12:24,172 - root - INFO - new node test average_precision, 0.6627
2025-10-01 15:12:24,172 - root - INFO - new node test roc_auc, 0.6792
2025-10-01 15:12:24,172 - root - INFO - save model ./saved_models/TGAT/uci/TGAT_seed0/TGAT_seed0.pkl
2025-10-01 15:12:57,873 - root - INFO - Epoch: 4, learning rate: 0.0001, train loss: 0.4961
2025-10-01 15:12:57,873 - root - INFO - train average_precision, 0.7989
2025-10-01 15:12:57,873 - root - INFO - train roc_auc, 0.8280
2025-10-01 15:12:57,873 - root - INFO - validate loss: 0.5931
2025-10-01 15:12:57,873 - root - INFO - validate average_precision, 0.6895
2025-10-01 15:12:57,873 - root - INFO - validate roc_auc, 0.7341
2025-10-01 15:12:57,873 - root - INFO - new node validate loss: 0.7152
2025-10-01 15:12:57,873 - root - INFO - new node validate average_precision, 0.6181
2025-10-01 15:12:57,873 - root - INFO - new node validate roc_auc, 0.6205
2025-10-01 15:13:06,248 - root - INFO - test loss: 0.6090
2025-10-01 15:13:06,248 - root - INFO - test average_precision, 0.6770
2025-10-01 15:13:06,248 - root - INFO - best test average_precision: 0.6770
2025-10-01 15:13:06,248 - root - INFO - test roc_auc, 0.7217
2025-10-01 15:13:06,248 - root - INFO - new node test loss: 0.6543
2025-10-01 15:13:06,248 - root - INFO - new node test average_precision, 0.6669
2025-10-01 15:13:06,248 - root - INFO - new node test roc_auc, 0.6840
2025-10-01 15:13:06,248 - root - INFO - save model ./saved_models/TGAT/uci/TGAT_seed0/TGAT_seed0.pkl
2025-10-01 15:13:40,174 - root - INFO - Epoch: 5, learning rate: 0.0001, train loss: 0.4834
2025-10-01 15:13:40,174 - root - INFO - train average_precision, 0.8093
2025-10-01 15:13:40,174 - root - INFO - train roc_auc, 0.8374
2025-10-01 15:13:40,174 - root - INFO - validate loss: 0.5852
2025-10-01 15:13:40,174 - root - INFO - validate average_precision, 0.6998
2025-10-01 15:13:40,174 - root - INFO - validate roc_auc, 0.7430
2025-10-01 15:13:40,174 - root - INFO - new node validate loss: 0.7180
2025-10-01 15:13:40,174 - root - INFO - new node validate average_precision, 0.6252
2025-10-01 15:13:40,174 - root - INFO - new node validate roc_auc, 0.6323
2025-10-01 15:13:48,562 - root - INFO - test loss: 0.5988
2025-10-01 15:13:48,562 - root - INFO - test average_precision, 0.6928
2025-10-01 15:13:48,562 - root - INFO - best test average_precision: 0.6928
2025-10-01 15:13:48,562 - root - INFO - test roc_auc, 0.7346
2025-10-01 15:13:48,562 - root - INFO - new node test loss: 0.6573
2025-10-01 15:13:48,562 - root - INFO - new node test average_precision, 0.6723
2025-10-01 15:13:48,562 - root - INFO - new node test roc_auc, 0.6892
2025-10-01 15:13:48,562 - root - INFO - save model ./saved_models/TGAT/uci/TGAT_seed0/TGAT_seed0.pkl
2025-10-01 15:14:22,112 - root - INFO - Epoch: 6, learning rate: 0.0001, train loss: 0.4784
2025-10-01 15:14:22,112 - root - INFO - train average_precision, 0.8159
2025-10-01 15:14:22,112 - root - INFO - train roc_auc, 0.8408
2025-10-01 15:14:22,112 - root - INFO - validate loss: 0.5732
2025-10-01 15:14:22,112 - root - INFO - validate average_precision, 0.6995
2025-10-01 15:14:22,112 - root - INFO - validate roc_auc, 0.7444
2025-10-01 15:14:22,112 - root - INFO - new node validate loss: 0.6849
2025-10-01 15:14:22,112 - root - INFO - new node validate average_precision, 0.6246
2025-10-01 15:14:22,112 - root - INFO - new node validate roc_auc, 0.6331
2025-10-01 15:14:30,505 - root - INFO - test loss: 0.5800
2025-10-01 15:14:30,505 - root - INFO - test average_precision, 0.6910
2025-10-01 15:14:30,505 - root - INFO - best test average_precision: 0.6928
2025-10-01 15:14:30,505 - root - INFO - test roc_auc, 0.7348
2025-10-01 15:14:30,505 - root - INFO - new node test loss: 0.6271
2025-10-01 15:14:30,505 - root - INFO - new node test average_precision, 0.6725
2025-10-01 15:14:30,505 - root - INFO - new node test roc_auc, 0.6905
2025-10-01 15:15:03,973 - root - INFO - Epoch: 7, learning rate: 0.0001, train loss: 0.4719
2025-10-01 15:15:03,973 - root - INFO - train average_precision, 0.8208
2025-10-01 15:15:03,973 - root - INFO - train roc_auc, 0.8444
2025-10-01 15:15:03,973 - root - INFO - validate loss: 0.5716
2025-10-01 15:15:03,973 - root - INFO - validate average_precision, 0.7071
2025-10-01 15:15:03,973 - root - INFO - validate roc_auc, 0.7499
2025-10-01 15:15:03,973 - root - INFO - new node validate loss: 0.7000
2025-10-01 15:15:03,973 - root - INFO - new node validate average_precision, 0.6285
2025-10-01 15:15:03,973 - root - INFO - new node validate roc_auc, 0.6263
2025-10-01 15:15:12,335 - root - INFO - test loss: 0.5771
2025-10-01 15:15:12,335 - root - INFO - test average_precision, 0.7025
2025-10-01 15:15:12,335 - root - INFO - best test average_precision: 0.7025
2025-10-01 15:15:12,335 - root - INFO - test roc_auc, 0.7435
2025-10-01 15:15:12,335 - root - INFO - new node test loss: 0.6368
2025-10-01 15:15:12,335 - root - INFO - new node test average_precision, 0.6777
2025-10-01 15:15:12,335 - root - INFO - new node test roc_auc, 0.6943
2025-10-01 15:15:12,336 - root - INFO - save model ./saved_models/TGAT/uci/TGAT_seed0/TGAT_seed0.pkl
2025-10-01 15:15:45,904 - root - INFO - Epoch: 8, learning rate: 0.0001, train loss: 0.4699
2025-10-01 15:15:45,904 - root - INFO - train average_precision, 0.8238
2025-10-01 15:15:45,904 - root - INFO - train roc_auc, 0.8462
2025-10-01 15:15:45,905 - root - INFO - validate loss: 0.5666
2025-10-01 15:15:45,905 - root - INFO - validate average_precision, 0.7115
2025-10-01 15:15:45,905 - root - INFO - validate roc_auc, 0.7530
2025-10-01 15:15:45,905 - root - INFO - new node validate loss: 0.6863
2025-10-01 15:15:45,905 - root - INFO - new node validate average_precision, 0.6340
2025-10-01 15:15:45,905 - root - INFO - new node validate roc_auc, 0.6308
2025-10-01 15:15:54,304 - root - INFO - test loss: 0.5719
2025-10-01 15:15:54,304 - root - INFO - test average_precision, 0.7019
2025-10-01 15:15:54,304 - root - INFO - best test average_precision: 0.7025
2025-10-01 15:15:54,304 - root - INFO - test roc_auc, 0.7427
2025-10-01 15:15:54,304 - root - INFO - new node test loss: 0.6256
2025-10-01 15:15:54,304 - root - INFO - new node test average_precision, 0.6811
2025-10-01 15:15:54,304 - root - INFO - new node test roc_auc, 0.6972
2025-10-01 15:15:54,304 - root - INFO - save model ./saved_models/TGAT/uci/TGAT_seed0/TGAT_seed0.pkl
2025-10-01 15:16:28,001 - root - INFO - Epoch: 9, learning rate: 0.0001, train loss: 0.4655
2025-10-01 15:16:28,001 - root - INFO - train average_precision, 0.8283
2025-10-01 15:16:28,001 - root - INFO - train roc_auc, 0.8496
2025-10-01 15:16:28,001 - root - INFO - validate loss: 0.5650
2025-10-01 15:16:28,001 - root - INFO - validate average_precision, 0.7154
2025-10-01 15:16:28,001 - root - INFO - validate roc_auc, 0.7568
2025-10-01 15:16:28,001 - root - INFO - new node validate loss: 0.6964
2025-10-01 15:16:28,001 - root - INFO - new node validate average_precision, 0.6341
2025-10-01 15:16:28,001 - root - INFO - new node validate roc_auc, 0.6305
2025-10-01 15:16:36,401 - root - INFO - test loss: 0.5723
2025-10-01 15:16:36,401 - root - INFO - test average_precision, 0.7074
2025-10-01 15:16:36,401 - root - INFO - best test average_precision: 0.7074
2025-10-01 15:16:36,401 - root - INFO - test roc_auc, 0.7473
2025-10-01 15:16:36,401 - root - INFO - new node test loss: 0.6329
2025-10-01 15:16:36,401 - root - INFO - new node test average_precision, 0.6827
2025-10-01 15:16:36,401 - root - INFO - new node test roc_auc, 0.6998
2025-10-01 15:16:36,401 - root - INFO - save model ./saved_models/TGAT/uci/TGAT_seed0/TGAT_seed0.pkl
2025-10-01 15:17:09,912 - root - INFO - Epoch: 10, learning rate: 0.0001, train loss: 0.4628
2025-10-01 15:17:09,912 - root - INFO - train average_precision, 0.8290
2025-10-01 15:17:09,912 - root - INFO - train roc_auc, 0.8511
2025-10-01 15:17:09,912 - root - INFO - validate loss: 0.5625
2025-10-01 15:17:09,912 - root - INFO - validate average_precision, 0.7187
2025-10-01 15:17:09,912 - root - INFO - validate roc_auc, 0.7602
2025-10-01 15:17:09,912 - root - INFO - new node validate loss: 0.6905
2025-10-01 15:17:09,912 - root - INFO - new node validate average_precision, 0.6366
2025-10-01 15:17:09,912 - root - INFO - new node validate roc_auc, 0.6345
2025-10-01 15:17:18,309 - root - INFO - test loss: 0.5666
2025-10-01 15:17:18,309 - root - INFO - test average_precision, 0.7084
2025-10-01 15:17:18,309 - root - INFO - best test average_precision: 0.7084
2025-10-01 15:17:18,309 - root - INFO - test roc_auc, 0.7494
2025-10-01 15:17:18,309 - root - INFO - new node test loss: 0.6266
2025-10-01 15:17:18,309 - root - INFO - new node test average_precision, 0.6834
2025-10-01 15:17:18,309 - root - INFO - new node test roc_auc, 0.7004
2025-10-01 15:17:18,309 - root - INFO - save model ./saved_models/TGAT/uci/TGAT_seed0/TGAT_seed0.pkl
2025-10-01 15:17:51,903 - root - INFO - Epoch: 11, learning rate: 0.0001, train loss: 0.4616
2025-10-01 15:17:51,903 - root - INFO - train average_precision, 0.8277
2025-10-01 15:17:51,903 - root - INFO - train roc_auc, 0.8510
2025-10-01 15:17:51,903 - root - INFO - validate loss: 0.5629
2025-10-01 15:17:51,903 - root - INFO - validate average_precision, 0.7201
2025-10-01 15:17:51,903 - root - INFO - validate roc_auc, 0.7599
2025-10-01 15:17:51,903 - root - INFO - new node validate loss: 0.6906
2025-10-01 15:17:51,903 - root - INFO - new node validate average_precision, 0.6349
2025-10-01 15:17:51,904 - root - INFO - new node validate roc_auc, 0.6249
2025-10-01 15:18:00,294 - root - INFO - test loss: 0.5688
2025-10-01 15:18:00,294 - root - INFO - test average_precision, 0.7090
2025-10-01 15:18:00,294 - root - INFO - best test average_precision: 0.7090
2025-10-01 15:18:00,294 - root - INFO - test roc_auc, 0.7482
2025-10-01 15:18:00,294 - root - INFO - new node test loss: 0.6293
2025-10-01 15:18:00,295 - root - INFO - new node test average_precision, 0.6844
2025-10-01 15:18:00,295 - root - INFO - new node test roc_auc, 0.7001
2025-10-01 15:18:33,825 - root - INFO - Epoch: 12, learning rate: 0.0001, train loss: 0.4550
2025-10-01 15:18:33,825 - root - INFO - train average_precision, 0.8358
2025-10-01 15:18:33,825 - root - INFO - train roc_auc, 0.8565
2025-10-01 15:18:33,825 - root - INFO - validate loss: 0.5640
2025-10-01 15:18:33,826 - root - INFO - validate average_precision, 0.7199
2025-10-01 15:18:33,826 - root - INFO - validate roc_auc, 0.7604
2025-10-01 15:18:33,826 - root - INFO - new node validate loss: 0.6993
2025-10-01 15:18:33,826 - root - INFO - new node validate average_precision, 0.6399
2025-10-01 15:18:33,826 - root - INFO - new node validate roc_auc, 0.6360
2025-10-01 15:18:42,216 - root - INFO - test loss: 0.5717
2025-10-01 15:18:42,217 - root - INFO - test average_precision, 0.7075
2025-10-01 15:18:42,217 - root - INFO - best test average_precision: 0.7090
2025-10-01 15:18:42,217 - root - INFO - test roc_auc, 0.7483
2025-10-01 15:18:42,217 - root - INFO - new node test loss: 0.6359
2025-10-01 15:18:42,217 - root - INFO - new node test average_precision, 0.6838
2025-10-01 15:18:42,217 - root - INFO - new node test roc_auc, 0.7007
2025-10-01 15:18:42,217 - root - INFO - save model ./saved_models/TGAT/uci/TGAT_seed0/TGAT_seed0.pkl
2025-10-01 15:19:16,047 - root - INFO - Epoch: 13, learning rate: 0.0001, train loss: 0.4569
2025-10-01 15:19:16,047 - root - INFO - train average_precision, 0.8332
2025-10-01 15:19:16,047 - root - INFO - train roc_auc, 0.8548
2025-10-01 15:19:16,047 - root - INFO - validate loss: 0.5575
2025-10-01 15:19:16,047 - root - INFO - validate average_precision, 0.7225
2025-10-01 15:19:16,047 - root - INFO - validate roc_auc, 0.7628
2025-10-01 15:19:16,047 - root - INFO - new node validate loss: 0.6778
2025-10-01 15:19:16,047 - root - INFO - new node validate average_precision, 0.6372
2025-10-01 15:19:16,047 - root - INFO - new node validate roc_auc, 0.6274
2025-10-01 15:19:24,431 - root - INFO - test loss: 0.5608
2025-10-01 15:19:24,431 - root - INFO - test average_precision, 0.7105
2025-10-01 15:19:24,431 - root - INFO - best test average_precision: 0.7105
2025-10-01 15:19:24,431 - root - INFO - test roc_auc, 0.7518
2025-10-01 15:19:24,431 - root - INFO - new node test loss: 0.6183
2025-10-01 15:19:24,431 - root - INFO - new node test average_precision, 0.6830
2025-10-01 15:19:24,431 - root - INFO - new node test roc_auc, 0.7012
2025-10-01 15:19:24,432 - root - INFO - save model ./saved_models/TGAT/uci/TGAT_seed0/TGAT_seed0.pkl
2025-10-01 15:19:58,072 - root - INFO - Epoch: 14, learning rate: 0.0001, train loss: 0.4519
2025-10-01 15:19:58,072 - root - INFO - train average_precision, 0.8369
2025-10-01 15:19:58,072 - root - INFO - train roc_auc, 0.8582
2025-10-01 15:19:58,072 - root - INFO - validate loss: 0.5567
2025-10-01 15:19:58,072 - root - INFO - validate average_precision, 0.7249
2025-10-01 15:19:58,072 - root - INFO - validate roc_auc, 0.7648
2025-10-01 15:19:58,072 - root - INFO - new node validate loss: 0.6786
2025-10-01 15:19:58,072 - root - INFO - new node validate average_precision, 0.6415
2025-10-01 15:19:58,072 - root - INFO - new node validate roc_auc, 0.6308
2025-10-01 15:20:06,446 - root - INFO - test loss: 0.5589
2025-10-01 15:20:06,446 - root - INFO - test average_precision, 0.7140
2025-10-01 15:20:06,446 - root - INFO - best test average_precision: 0.7140
2025-10-01 15:20:06,446 - root - INFO - test roc_auc, 0.7549
2025-10-01 15:20:06,446 - root - INFO - new node test loss: 0.6183
2025-10-01 15:20:06,446 - root - INFO - new node test average_precision, 0.6873
2025-10-01 15:20:06,446 - root - INFO - new node test roc_auc, 0.7048
2025-10-01 15:20:06,446 - root - INFO - save model ./saved_models/TGAT/uci/TGAT_seed0/TGAT_seed0.pkl
2025-10-01 15:20:39,981 - root - INFO - Epoch: 15, learning rate: 0.0001, train loss: 0.4494
2025-10-01 15:20:39,981 - root - INFO - train average_precision, 0.8383
2025-10-01 15:20:39,981 - root - INFO - train roc_auc, 0.8601
2025-10-01 15:20:39,981 - root - INFO - validate loss: 0.5568
2025-10-01 15:20:39,981 - root - INFO - validate average_precision, 0.7264
2025-10-01 15:20:39,981 - root - INFO - validate roc_auc, 0.7661
2025-10-01 15:20:39,981 - root - INFO - new node validate loss: 0.6868
2025-10-01 15:20:39,981 - root - INFO - new node validate average_precision, 0.6408
2025-10-01 15:20:39,981 - root - INFO - new node validate roc_auc, 0.6317
2025-10-01 15:20:48,365 - root - INFO - test loss: 0.5623
2025-10-01 15:20:48,365 - root - INFO - test average_precision, 0.7134
2025-10-01 15:20:48,366 - root - INFO - best test average_precision: 0.7140
2025-10-01 15:20:48,366 - root - INFO - test roc_auc, 0.7540
2025-10-01 15:20:48,366 - root - INFO - new node test loss: 0.6243
2025-10-01 15:20:48,366 - root - INFO - new node test average_precision, 0.6881
2025-10-01 15:20:48,366 - root - INFO - new node test roc_auc, 0.7049
2025-10-01 15:20:48,366 - root - INFO - save model ./saved_models/TGAT/uci/TGAT_seed0/TGAT_seed0.pkl
2025-10-01 15:21:21,972 - root - INFO - Epoch: 16, learning rate: 0.0001, train loss: 0.4461
2025-10-01 15:21:21,972 - root - INFO - train average_precision, 0.8429
2025-10-01 15:21:21,972 - root - INFO - train roc_auc, 0.8627
2025-10-01 15:21:21,973 - root - INFO - validate loss: 0.5591
2025-10-01 15:21:21,973 - root - INFO - validate average_precision, 0.7252
2025-10-01 15:21:21,973 - root - INFO - validate roc_auc, 0.7663
2025-10-01 15:21:21,973 - root - INFO - new node validate loss: 0.7024
2025-10-01 15:21:21,973 - root - INFO - new node validate average_precision, 0.6389
2025-10-01 15:21:21,973 - root - INFO - new node validate roc_auc, 0.6303
2025-10-01 15:21:30,365 - root - INFO - test loss: 0.5668
2025-10-01 15:21:30,365 - root - INFO - test average_precision, 0.7090
2025-10-01 15:21:30,365 - root - INFO - best test average_precision: 0.7140
2025-10-01 15:21:30,365 - root - INFO - test roc_auc, 0.7525
2025-10-01 15:21:30,365 - root - INFO - new node test loss: 0.6350
2025-10-01 15:21:30,365 - root - INFO - new node test average_precision, 0.6868
2025-10-01 15:21:30,365 - root - INFO - new node test roc_auc, 0.7047
2025-10-01 15:22:03,881 - root - INFO - Epoch: 17, learning rate: 0.0001, train loss: 0.4424
2025-10-01 15:22:03,881 - root - INFO - train average_precision, 0.8450
2025-10-01 15:22:03,881 - root - INFO - train roc_auc, 0.8640
2025-10-01 15:22:03,881 - root - INFO - validate loss: 0.5549
2025-10-01 15:22:03,882 - root - INFO - validate average_precision, 0.7298
2025-10-01 15:22:03,882 - root - INFO - validate roc_auc, 0.7691
2025-10-01 15:22:03,882 - root - INFO - new node validate loss: 0.6899
2025-10-01 15:22:03,882 - root - INFO - new node validate average_precision, 0.6403
2025-10-01 15:22:03,882 - root - INFO - new node validate roc_auc, 0.6318
2025-10-01 15:22:12,264 - root - INFO - test loss: 0.5580
2025-10-01 15:22:12,265 - root - INFO - test average_precision, 0.7153
2025-10-01 15:22:12,265 - root - INFO - best test average_precision: 0.7153
2025-10-01 15:22:12,265 - root - INFO - test roc_auc, 0.7579
2025-10-01 15:22:12,265 - root - INFO - new node test loss: 0.6219
2025-10-01 15:22:12,265 - root - INFO - new node test average_precision, 0.6919
2025-10-01 15:22:12,265 - root - INFO - new node test roc_auc, 0.7089
2025-10-01 15:22:12,265 - root - INFO - save model ./saved_models/TGAT/uci/TGAT_seed0/TGAT_seed0.pkl
2025-10-01 15:22:45,870 - root - INFO - Epoch: 18, learning rate: 0.0001, train loss: 0.4450
2025-10-01 15:22:45,870 - root - INFO - train average_precision, 0.8446
2025-10-01 15:22:45,870 - root - INFO - train roc_auc, 0.8634
2025-10-01 15:22:45,870 - root - INFO - validate loss: 0.5556
2025-10-01 15:22:45,870 - root - INFO - validate average_precision, 0.7292
2025-10-01 15:22:45,870 - root - INFO - validate roc_auc, 0.7683
2025-10-01 15:22:45,870 - root - INFO - new node validate loss: 0.6783
2025-10-01 15:22:45,870 - root - INFO - new node validate average_precision, 0.6428
2025-10-01 15:22:45,870 - root - INFO - new node validate roc_auc, 0.6338
2025-10-01 15:22:54,259 - root - INFO - test loss: 0.5535
2025-10-01 15:22:54,259 - root - INFO - test average_precision, 0.7205
2025-10-01 15:22:54,259 - root - INFO - best test average_precision: 0.7205
2025-10-01 15:22:54,259 - root - INFO - test roc_auc, 0.7597
2025-10-01 15:22:54,259 - root - INFO - new node test loss: 0.6119
2025-10-01 15:22:54,259 - root - INFO - new node test average_precision, 0.6953
2025-10-01 15:22:54,259 - root - INFO - new node test roc_auc, 0.7109
2025-10-01 15:23:27,748 - root - INFO - Epoch: 19, learning rate: 0.0001, train loss: 0.4407
2025-10-01 15:23:27,748 - root - INFO - train average_precision, 0.8446
2025-10-01 15:23:27,748 - root - INFO - train roc_auc, 0.8650
2025-10-01 15:23:27,748 - root - INFO - validate loss: 0.5537
2025-10-01 15:23:27,748 - root - INFO - validate average_precision, 0.7306
2025-10-01 15:23:27,748 - root - INFO - validate roc_auc, 0.7694
2025-10-01 15:23:27,748 - root - INFO - new node validate loss: 0.6759
2025-10-01 15:23:27,748 - root - INFO - new node validate average_precision, 0.6419
2025-10-01 15:23:27,748 - root - INFO - new node validate roc_auc, 0.6340
2025-10-01 15:23:36,123 - root - INFO - test loss: 0.5540
2025-10-01 15:23:36,123 - root - INFO - test average_precision, 0.7160
2025-10-01 15:23:36,123 - root - INFO - best test average_precision: 0.7205
2025-10-01 15:23:36,123 - root - INFO - test roc_auc, 0.7578
2025-10-01 15:23:36,123 - root - INFO - new node test loss: 0.6128
2025-10-01 15:23:36,123 - root - INFO - new node test average_precision, 0.6918
2025-10-01 15:23:36,123 - root - INFO - new node test roc_auc, 0.7084
2025-10-01 15:23:36,123 - root - INFO - save model ./saved_models/TGAT/uci/TGAT_seed0/TGAT_seed0.pkl
2025-10-01 15:24:09,722 - root - INFO - Epoch: 20, learning rate: 0.0001, train loss: 0.4397
2025-10-01 15:24:09,722 - root - INFO - train average_precision, 0.8459
2025-10-01 15:24:09,722 - root - INFO - train roc_auc, 0.8662
2025-10-01 15:24:09,722 - root - INFO - validate loss: 0.5563
2025-10-01 15:24:09,722 - root - INFO - validate average_precision, 0.7292
2025-10-01 15:24:09,722 - root - INFO - validate roc_auc, 0.7688
2025-10-01 15:24:09,722 - root - INFO - new node validate loss: 0.6877
2025-10-01 15:24:09,722 - root - INFO - new node validate average_precision, 0.6397
2025-10-01 15:24:09,722 - root - INFO - new node validate roc_auc, 0.6328
2025-10-01 15:24:18,111 - root - INFO - test loss: 0.5585
2025-10-01 15:24:18,111 - root - INFO - test average_precision, 0.7137
2025-10-01 15:24:18,111 - root - INFO - best test average_precision: 0.7205
2025-10-01 15:24:18,111 - root - INFO - test roc_auc, 0.7559
2025-10-01 15:24:18,111 - root - INFO - new node test loss: 0.6219
2025-10-01 15:24:18,111 - root - INFO - new node test average_precision, 0.6902
2025-10-01 15:24:18,111 - root - INFO - new node test roc_auc, 0.7076
2025-10-01 15:24:51,737 - root - INFO - Epoch: 21, learning rate: 0.0001, train loss: 0.4348
2025-10-01 15:24:51,737 - root - INFO - train average_precision, 0.8523
2025-10-01 15:24:51,738 - root - INFO - train roc_auc, 0.8703
2025-10-01 15:24:51,738 - root - INFO - validate loss: 0.5545
2025-10-01 15:24:51,738 - root - INFO - validate average_precision, 0.7337
2025-10-01 15:24:51,738 - root - INFO - validate roc_auc, 0.7716
2025-10-01 15:24:51,738 - root - INFO - new node validate loss: 0.6901
2025-10-01 15:24:51,738 - root - INFO - new node validate average_precision, 0.6463
2025-10-01 15:24:51,738 - root - INFO - new node validate roc_auc, 0.6441
2025-10-01 15:25:00,123 - root - INFO - test loss: 0.5568
2025-10-01 15:25:00,123 - root - INFO - test average_precision, 0.7244
2025-10-01 15:25:00,124 - root - INFO - best test average_precision: 0.7244
2025-10-01 15:25:00,124 - root - INFO - test roc_auc, 0.7631
2025-10-01 15:25:00,124 - root - INFO - new node test loss: 0.6242
2025-10-01 15:25:00,124 - root - INFO - new node test average_precision, 0.6963
2025-10-01 15:25:00,124 - root - INFO - new node test roc_auc, 0.7120
2025-10-01 15:25:00,124 - root - INFO - save model ./saved_models/TGAT/uci/TGAT_seed0/TGAT_seed0.pkl
2025-10-01 15:25:33,624 - root - INFO - Epoch: 22, learning rate: 0.0001, train loss: 0.4332
2025-10-01 15:25:33,624 - root - INFO - train average_precision, 0.8539
2025-10-01 15:25:33,624 - root - INFO - train roc_auc, 0.8716
2025-10-01 15:25:33,624 - root - INFO - validate loss: 0.5515
2025-10-01 15:25:33,624 - root - INFO - validate average_precision, 0.7393
2025-10-01 15:25:33,625 - root - INFO - validate roc_auc, 0.7750
2025-10-01 15:25:33,625 - root - INFO - new node validate loss: 0.6875
2025-10-01 15:25:33,625 - root - INFO - new node validate average_precision, 0.6575
2025-10-01 15:25:33,625 - root - INFO - new node validate roc_auc, 0.6598
2025-10-01 15:25:42,021 - root - INFO - test loss: 0.5503
2025-10-01 15:25:42,021 - root - INFO - test average_precision, 0.7337
2025-10-01 15:25:42,021 - root - INFO - best test average_precision: 0.7337
2025-10-01 15:25:42,021 - root - INFO - test roc_auc, 0.7706
2025-10-01 15:25:42,021 - root - INFO - new node test loss: 0.6210
2025-10-01 15:25:42,021 - root - INFO - new node test average_precision, 0.7053
2025-10-01 15:25:42,021 - root - INFO - new node test roc_auc, 0.7186
2025-10-01 15:25:42,022 - root - INFO - save model ./saved_models/TGAT/uci/TGAT_seed0/TGAT_seed0.pkl
2025-10-01 15:26:15,725 - root - INFO - Epoch: 23, learning rate: 0.0001, train loss: 0.4304
2025-10-01 15:26:15,726 - root - INFO - train average_precision, 0.8560
2025-10-01 15:26:15,726 - root - INFO - train roc_auc, 0.8728
2025-10-01 15:26:15,726 - root - INFO - validate loss: 0.5537
2025-10-01 15:26:15,726 - root - INFO - validate average_precision, 0.7357
2025-10-01 15:26:15,726 - root - INFO - validate roc_auc, 0.7733
2025-10-01 15:26:15,726 - root - INFO - new node validate loss: 0.6797
2025-10-01 15:26:15,726 - root - INFO - new node validate average_precision, 0.6514
2025-10-01 15:26:15,726 - root - INFO - new node validate roc_auc, 0.6542
2025-10-01 15:26:24,146 - root - INFO - test loss: 0.5521
2025-10-01 15:26:24,146 - root - INFO - test average_precision, 0.7238
2025-10-01 15:26:24,146 - root - INFO - best test average_precision: 0.7337
2025-10-01 15:26:24,146 - root - INFO - test roc_auc, 0.7640
2025-10-01 15:26:24,146 - root - INFO - new node test loss: 0.6141
2025-10-01 15:26:24,146 - root - INFO - new node test average_precision, 0.6987
2025-10-01 15:26:24,147 - root - INFO - new node test roc_auc, 0.7149
2025-10-01 15:26:57,987 - root - INFO - Epoch: 24, learning rate: 0.0001, train loss: 0.4306
2025-10-01 15:26:57,987 - root - INFO - train average_precision, 0.8573
2025-10-01 15:26:57,987 - root - INFO - train roc_auc, 0.8735
2025-10-01 15:26:57,987 - root - INFO - validate loss: 0.5531
2025-10-01 15:26:57,987 - root - INFO - validate average_precision, 0.7397
2025-10-01 15:26:57,987 - root - INFO - validate roc_auc, 0.7762
2025-10-01 15:26:57,987 - root - INFO - new node validate loss: 0.6993
2025-10-01 15:26:57,987 - root - INFO - new node validate average_precision, 0.6672
2025-10-01 15:26:57,987 - root - INFO - new node validate roc_auc, 0.6679
2025-10-01 15:27:06,407 - root - INFO - test loss: 0.5582
2025-10-01 15:27:06,407 - root - INFO - test average_precision, 0.7284
2025-10-01 15:27:06,408 - root - INFO - best test average_precision: 0.7337
2025-10-01 15:27:06,408 - root - INFO - test roc_auc, 0.7662
2025-10-01 15:27:06,408 - root - INFO - new node test loss: 0.6316
2025-10-01 15:27:06,408 - root - INFO - new node test average_precision, 0.7034
2025-10-01 15:27:06,408 - root - INFO - new node test roc_auc, 0.7160
2025-10-01 15:27:06,408 - root - INFO - save model ./saved_models/TGAT/uci/TGAT_seed0/TGAT_seed0.pkl
2025-10-01 15:27:40,250 - root - INFO - Epoch: 25, learning rate: 0.0001, train loss: 0.4258
2025-10-01 15:27:40,250 - root - INFO - train average_precision, 0.8611
2025-10-01 15:27:40,250 - root - INFO - train roc_auc, 0.8768
2025-10-01 15:27:40,250 - root - INFO - validate loss: 0.5539
2025-10-01 15:27:40,250 - root - INFO - validate average_precision, 0.7427
2025-10-01 15:27:40,250 - root - INFO - validate roc_auc, 0.7773
2025-10-01 15:27:40,250 - root - INFO - new node validate loss: 0.6943
2025-10-01 15:27:40,250 - root - INFO - new node validate average_precision, 0.6727
2025-10-01 15:27:40,250 - root - INFO - new node validate roc_auc, 0.6716
2025-10-01 15:27:48,689 - root - INFO - test loss: 0.5564
2025-10-01 15:27:48,689 - root - INFO - test average_precision, 0.7326
2025-10-01 15:27:48,689 - root - INFO - best test average_precision: 0.7337
2025-10-01 15:27:48,689 - root - INFO - test roc_auc, 0.7686
2025-10-01 15:27:48,689 - root - INFO - new node test loss: 0.6270
2025-10-01 15:27:48,689 - root - INFO - new node test average_precision, 0.7092
2025-10-01 15:27:48,689 - root - INFO - new node test roc_auc, 0.7199
2025-10-01 15:27:48,689 - root - INFO - save model ./saved_models/TGAT/uci/TGAT_seed0/TGAT_seed0.pkl
2025-10-01 15:28:22,611 - root - INFO - Epoch: 26, learning rate: 0.0001, train loss: 0.4199
2025-10-01 15:28:22,611 - root - INFO - train average_precision, 0.8646
2025-10-01 15:28:22,612 - root - INFO - train roc_auc, 0.8802
2025-10-01 15:28:22,612 - root - INFO - validate loss: 0.5467
2025-10-01 15:28:22,612 - root - INFO - validate average_precision, 0.7474
2025-10-01 15:28:22,612 - root - INFO - validate roc_auc, 0.7802
2025-10-01 15:28:22,612 - root - INFO - new node validate loss: 0.6826
2025-10-01 15:28:22,612 - root - INFO - new node validate average_precision, 0.6750
2025-10-01 15:28:22,612 - root - INFO - new node validate roc_auc, 0.6658
2025-10-01 15:28:31,016 - root - INFO - test loss: 0.5472
2025-10-01 15:28:31,016 - root - INFO - test average_precision, 0.7410
2025-10-01 15:28:31,016 - root - INFO - best test average_precision: 0.7410
2025-10-01 15:28:31,016 - root - INFO - test roc_auc, 0.7751
2025-10-01 15:28:31,016 - root - INFO - new node test loss: 0.6191
2025-10-01 15:28:31,017 - root - INFO - new node test average_precision, 0.7134
2025-10-01 15:28:31,017 - root - INFO - new node test roc_auc, 0.7228
2025-10-01 15:28:31,017 - root - INFO - save model ./saved_models/TGAT/uci/TGAT_seed0/TGAT_seed0.pkl
2025-10-01 15:29:04,820 - root - INFO - Epoch: 27, learning rate: 0.0001, train loss: 0.4143
2025-10-01 15:29:04,821 - root - INFO - train average_precision, 0.8700
2025-10-01 15:29:04,821 - root - INFO - train roc_auc, 0.8835
2025-10-01 15:29:04,821 - root - INFO - validate loss: 0.5472
2025-10-01 15:29:04,821 - root - INFO - validate average_precision, 0.7500
2025-10-01 15:29:04,821 - root - INFO - validate roc_auc, 0.7816
2025-10-01 15:29:04,821 - root - INFO - new node validate loss: 0.6903
2025-10-01 15:29:04,821 - root - INFO - new node validate average_precision, 0.6704
2025-10-01 15:29:04,821 - root - INFO - new node validate roc_auc, 0.6671
2025-10-01 15:29:13,202 - root - INFO - test loss: 0.5484
2025-10-01 15:29:13,202 - root - INFO - test average_precision, 0.7419
2025-10-01 15:29:13,202 - root - INFO - best test average_precision: 0.7419
2025-10-01 15:29:13,203 - root - INFO - test roc_auc, 0.7753
2025-10-01 15:29:13,203 - root - INFO - new node test loss: 0.6185
2025-10-01 15:29:13,203 - root - INFO - new node test average_precision, 0.7178
2025-10-01 15:29:13,203 - root - INFO - new node test roc_auc, 0.7272
2025-10-01 15:29:13,203 - root - INFO - save model ./saved_models/TGAT/uci/TGAT_seed0/TGAT_seed0.pkl
2025-10-01 15:29:47,020 - root - INFO - Epoch: 28, learning rate: 0.0001, train loss: 0.4097
2025-10-01 15:29:47,020 - root - INFO - train average_precision, 0.8754
2025-10-01 15:29:47,020 - root - INFO - train roc_auc, 0.8873
2025-10-01 15:29:47,020 - root - INFO - validate loss: 0.5463
2025-10-01 15:29:47,020 - root - INFO - validate average_precision, 0.7493
2025-10-01 15:29:47,020 - root - INFO - validate roc_auc, 0.7813
2025-10-01 15:29:47,020 - root - INFO - new node validate loss: 0.6785
2025-10-01 15:29:47,020 - root - INFO - new node validate average_precision, 0.6803
2025-10-01 15:29:47,020 - root - INFO - new node validate roc_auc, 0.6753
2025-10-01 15:29:55,432 - root - INFO - test loss: 0.5479
2025-10-01 15:29:55,433 - root - INFO - test average_precision, 0.7330
2025-10-01 15:29:55,433 - root - INFO - best test average_precision: 0.7419
2025-10-01 15:29:55,433 - root - INFO - test roc_auc, 0.7694
2025-10-01 15:29:55,433 - root - INFO - new node test loss: 0.6159
2025-10-01 15:29:55,433 - root - INFO - new node test average_precision, 0.7098
2025-10-01 15:29:55,433 - root - INFO - new node test roc_auc, 0.7194
2025-10-01 15:30:29,276 - root - INFO - Epoch: 29, learning rate: 0.0001, train loss: 0.4104
2025-10-01 15:30:29,276 - root - INFO - train average_precision, 0.8742
2025-10-01 15:30:29,276 - root - INFO - train roc_auc, 0.8868
2025-10-01 15:30:29,276 - root - INFO - validate loss: 0.5515
2025-10-01 15:30:29,276 - root - INFO - validate average_precision, 0.7528
2025-10-01 15:30:29,276 - root - INFO - validate roc_auc, 0.7832
2025-10-01 15:30:29,276 - root - INFO - new node validate loss: 0.7056
2025-10-01 15:30:29,276 - root - INFO - new node validate average_precision, 0.6838
2025-10-01 15:30:29,276 - root - INFO - new node validate roc_auc, 0.6782
2025-10-01 15:30:37,697 - root - INFO - test loss: 0.5597
2025-10-01 15:30:37,697 - root - INFO - test average_precision, 0.7362
2025-10-01 15:30:37,698 - root - INFO - best test average_precision: 0.7419
2025-10-01 15:30:37,698 - root - INFO - test roc_auc, 0.7708
2025-10-01 15:30:37,698 - root - INFO - new node test loss: 0.6355
2025-10-01 15:30:37,698 - root - INFO - new node test average_precision, 0.7181
2025-10-01 15:30:37,698 - root - INFO - new node test roc_auc, 0.7242
2025-10-01 15:30:37,698 - root - INFO - save model ./saved_models/TGAT/uci/TGAT_seed0/TGAT_seed0.pkl
2025-10-01 15:31:11,651 - root - INFO - Epoch: 30, learning rate: 0.0001, train loss: 0.4058
2025-10-01 15:31:11,651 - root - INFO - train average_precision, 0.8774
2025-10-01 15:31:11,652 - root - INFO - train roc_auc, 0.8891
2025-10-01 15:31:11,652 - root - INFO - validate loss: 0.5470
2025-10-01 15:31:11,652 - root - INFO - validate average_precision, 0.7568
2025-10-01 15:31:11,652 - root - INFO - validate roc_auc, 0.7853
2025-10-01 15:31:11,652 - root - INFO - new node validate loss: 0.6883
2025-10-01 15:31:11,652 - root - INFO - new node validate average_precision, 0.6960
2025-10-01 15:31:11,652 - root - INFO - new node validate roc_auc, 0.6920
2025-10-01 15:31:20,076 - root - INFO - test loss: 0.5510
2025-10-01 15:31:20,076 - root - INFO - test average_precision, 0.7415
2025-10-01 15:31:20,076 - root - INFO - best test average_precision: 0.7419
2025-10-01 15:31:20,076 - root - INFO - test roc_auc, 0.7740
2025-10-01 15:31:20,076 - root - INFO - new node test loss: 0.6213
2025-10-01 15:31:20,076 - root - INFO - new node test average_precision, 0.7212
2025-10-01 15:31:20,076 - root - INFO - new node test roc_auc, 0.7268
2025-10-01 15:31:20,076 - root - INFO - save model ./saved_models/TGAT/uci/TGAT_seed0/TGAT_seed0.pkl
2025-10-01 15:31:53,813 - root - INFO - Epoch: 31, learning rate: 0.0001, train loss: 0.4041
2025-10-01 15:31:53,813 - root - INFO - train average_precision, 0.8779
2025-10-01 15:31:53,813 - root - INFO - train roc_auc, 0.8895
2025-10-01 15:31:53,813 - root - INFO - validate loss: 0.5462
2025-10-01 15:31:53,813 - root - INFO - validate average_precision, 0.7597
2025-10-01 15:31:53,813 - root - INFO - validate roc_auc, 0.7867
2025-10-01 15:31:53,813 - root - INFO - new node validate loss: 0.6948
2025-10-01 15:31:53,813 - root - INFO - new node validate average_precision, 0.6888
2025-10-01 15:31:53,813 - root - INFO - new node validate roc_auc, 0.6814
2025-10-01 15:32:02,202 - root - INFO - test loss: 0.5503
2025-10-01 15:32:02,202 - root - INFO - test average_precision, 0.7445
2025-10-01 15:32:02,202 - root - INFO - best test average_precision: 0.7445
2025-10-01 15:32:02,202 - root - INFO - test roc_auc, 0.7765
2025-10-01 15:32:02,202 - root - INFO - new node test loss: 0.6247
2025-10-01 15:32:02,203 - root - INFO - new node test average_precision, 0.7247
2025-10-01 15:32:02,203 - root - INFO - new node test roc_auc, 0.7282
2025-10-01 15:32:02,203 - root - INFO - save model ./saved_models/TGAT/uci/TGAT_seed0/TGAT_seed0.pkl
2025-10-01 15:32:36,093 - root - INFO - Epoch: 32, learning rate: 0.0001, train loss: 0.3998
2025-10-01 15:32:36,093 - root - INFO - train average_precision, 0.8815
2025-10-01 15:32:36,093 - root - INFO - train roc_auc, 0.8919
2025-10-01 15:32:36,093 - root - INFO - validate loss: 0.5463
2025-10-01 15:32:36,093 - root - INFO - validate average_precision, 0.7614
2025-10-01 15:32:36,093 - root - INFO - validate roc_auc, 0.7872
2025-10-01 15:32:36,093 - root - INFO - new node validate loss: 0.6866
2025-10-01 15:32:36,093 - root - INFO - new node validate average_precision, 0.6844
2025-10-01 15:32:36,093 - root - INFO - new node validate roc_auc, 0.6751
2025-10-01 15:32:44,514 - root - INFO - test loss: 0.5485
2025-10-01 15:32:44,514 - root - INFO - test average_precision, 0.7498
2025-10-01 15:32:44,514 - root - INFO - best test average_precision: 0.7498
2025-10-01 15:32:44,514 - root - INFO - test roc_auc, 0.7787
2025-10-01 15:32:44,514 - root - INFO - new node test loss: 0.6164
2025-10-01 15:32:44,514 - root - INFO - new node test average_precision, 0.7303
2025-10-01 15:32:44,514 - root - INFO - new node test roc_auc, 0.7328
2025-10-01 15:32:44,515 - root - INFO - save model ./saved_models/TGAT/uci/TGAT_seed0/TGAT_seed0.pkl
2025-10-01 15:33:18,180 - root - INFO - Epoch: 33, learning rate: 0.0001, train loss: 0.3983
2025-10-01 15:33:18,180 - root - INFO - train average_precision, 0.8829
2025-10-01 15:33:18,180 - root - INFO - train roc_auc, 0.8932
2025-10-01 15:33:18,180 - root - INFO - validate loss: 0.5448
2025-10-01 15:33:18,181 - root - INFO - validate average_precision, 0.7612
2025-10-01 15:33:18,181 - root - INFO - validate roc_auc, 0.7869
2025-10-01 15:33:18,181 - root - INFO - new node validate loss: 0.6832
2025-10-01 15:33:18,181 - root - INFO - new node validate average_precision, 0.6829
2025-10-01 15:33:18,181 - root - INFO - new node validate roc_auc, 0.6724
2025-10-01 15:33:26,554 - root - INFO - test loss: 0.5485
2025-10-01 15:33:26,554 - root - INFO - test average_precision, 0.7397
2025-10-01 15:33:26,554 - root - INFO - best test average_precision: 0.7498
2025-10-01 15:33:26,554 - root - INFO - test roc_auc, 0.7727
2025-10-01 15:33:26,554 - root - INFO - new node test loss: 0.6136
2025-10-01 15:33:26,554 - root - INFO - new node test average_precision, 0.7209
2025-10-01 15:33:26,554 - root - INFO - new node test roc_auc, 0.7254
2025-10-01 15:34:00,022 - root - INFO - Epoch: 34, learning rate: 0.0001, train loss: 0.3971
2025-10-01 15:34:00,022 - root - INFO - train average_precision, 0.8843
2025-10-01 15:34:00,022 - root - INFO - train roc_auc, 0.8940
2025-10-01 15:34:00,022 - root - INFO - validate loss: 0.5450
2025-10-01 15:34:00,022 - root - INFO - validate average_precision, 0.7646
2025-10-01 15:34:00,022 - root - INFO - validate roc_auc, 0.7891
2025-10-01 15:34:00,022 - root - INFO - new node validate loss: 0.6822
2025-10-01 15:34:00,022 - root - INFO - new node validate average_precision, 0.6873
2025-10-01 15:34:00,022 - root - INFO - new node validate roc_auc, 0.6776
2025-10-01 15:34:08,435 - root - INFO - test loss: 0.5488
2025-10-01 15:34:08,435 - root - INFO - test average_precision, 0.7484
2025-10-01 15:34:08,435 - root - INFO - best test average_precision: 0.7498
2025-10-01 15:34:08,435 - root - INFO - test roc_auc, 0.7779
2025-10-01 15:34:08,435 - root - INFO - new node test loss: 0.6160
2025-10-01 15:34:08,435 - root - INFO - new node test average_precision, 0.7273
2025-10-01 15:34:08,435 - root - INFO - new node test roc_auc, 0.7308
2025-10-01 15:34:08,436 - root - INFO - save model ./saved_models/TGAT/uci/TGAT_seed0/TGAT_seed0.pkl
2025-10-01 15:34:42,408 - root - INFO - Epoch: 35, learning rate: 0.0001, train loss: 0.3912
2025-10-01 15:34:42,408 - root - INFO - train average_precision, 0.8891
2025-10-01 15:34:42,409 - root - INFO - train roc_auc, 0.8980
2025-10-01 15:34:42,409 - root - INFO - validate loss: 0.5474
2025-10-01 15:34:42,409 - root - INFO - validate average_precision, 0.7652
2025-10-01 15:34:42,409 - root - INFO - validate roc_auc, 0.7895
2025-10-01 15:34:42,409 - root - INFO - new node validate loss: 0.6950
2025-10-01 15:34:42,409 - root - INFO - new node validate average_precision, 0.7060
2025-10-01 15:34:42,409 - root - INFO - new node validate roc_auc, 0.6982
2025-10-01 15:34:50,799 - root - INFO - test loss: 0.5528
2025-10-01 15:34:50,799 - root - INFO - test average_precision, 0.7499
2025-10-01 15:34:50,799 - root - INFO - best test average_precision: 0.7499
2025-10-01 15:34:50,799 - root - INFO - test roc_auc, 0.7783
2025-10-01 15:34:50,799 - root - INFO - new node test loss: 0.6245
2025-10-01 15:34:50,799 - root - INFO - new node test average_precision, 0.7298
2025-10-01 15:34:50,800 - root - INFO - new node test roc_auc, 0.7329
2025-10-01 15:34:50,800 - root - INFO - save model ./saved_models/TGAT/uci/TGAT_seed0/TGAT_seed0.pkl
2025-10-01 15:35:24,379 - root - INFO - Epoch: 36, learning rate: 0.0001, train loss: 0.3882
2025-10-01 15:35:24,379 - root - INFO - train average_precision, 0.8913
2025-10-01 15:35:24,379 - root - INFO - train roc_auc, 0.8998
2025-10-01 15:35:24,379 - root - INFO - validate loss: 0.5453
2025-10-01 15:35:24,379 - root - INFO - validate average_precision, 0.7645
2025-10-01 15:35:24,379 - root - INFO - validate roc_auc, 0.7886
2025-10-01 15:35:24,379 - root - INFO - new node validate loss: 0.6870
2025-10-01 15:35:24,379 - root - INFO - new node validate average_precision, 0.7027
2025-10-01 15:35:24,379 - root - INFO - new node validate roc_auc, 0.6951
2025-10-01 15:35:32,775 - root - INFO - test loss: 0.5463
2025-10-01 15:35:32,775 - root - INFO - test average_precision, 0.7576
2025-10-01 15:35:32,775 - root - INFO - best test average_precision: 0.7576
2025-10-01 15:35:32,775 - root - INFO - test roc_auc, 0.7842
2025-10-01 15:35:32,775 - root - INFO - new node test loss: 0.6171
2025-10-01 15:35:32,775 - root - INFO - new node test average_precision, 0.7349
2025-10-01 15:35:32,776 - root - INFO - new node test roc_auc, 0.7369
2025-10-01 15:36:06,276 - root - INFO - Epoch: 37, learning rate: 0.0001, train loss: 0.3862
2025-10-01 15:36:06,276 - root - INFO - train average_precision, 0.8918
2025-10-01 15:36:06,276 - root - INFO - train roc_auc, 0.9007
2025-10-01 15:36:06,276 - root - INFO - validate loss: 0.5448
2025-10-01 15:36:06,277 - root - INFO - validate average_precision, 0.7665
2025-10-01 15:36:06,277 - root - INFO - validate roc_auc, 0.7908
2025-10-01 15:36:06,277 - root - INFO - new node validate loss: 0.6955
2025-10-01 15:36:06,277 - root - INFO - new node validate average_precision, 0.6982
2025-10-01 15:36:06,277 - root - INFO - new node validate roc_auc, 0.6865
2025-10-01 15:36:14,651 - root - INFO - test loss: 0.5493
2025-10-01 15:36:14,651 - root - INFO - test average_precision, 0.7548
2025-10-01 15:36:14,651 - root - INFO - best test average_precision: 0.7576
2025-10-01 15:36:14,651 - root - INFO - test roc_auc, 0.7822
2025-10-01 15:36:14,651 - root - INFO - new node test loss: 0.6291
2025-10-01 15:36:14,651 - root - INFO - new node test average_precision, 0.7274
2025-10-01 15:36:14,651 - root - INFO - new node test roc_auc, 0.7303
2025-10-01 15:36:14,651 - root - INFO - save model ./saved_models/TGAT/uci/TGAT_seed0/TGAT_seed0.pkl
2025-10-01 15:36:48,415 - root - INFO - Epoch: 38, learning rate: 0.0001, train loss: 0.3840
2025-10-01 15:36:48,416 - root - INFO - train average_precision, 0.8928
2025-10-01 15:36:48,416 - root - INFO - train roc_auc, 0.9017
2025-10-01 15:36:48,416 - root - INFO - validate loss: 0.5443
2025-10-01 15:36:48,416 - root - INFO - validate average_precision, 0.7637
2025-10-01 15:36:48,416 - root - INFO - validate roc_auc, 0.7890
2025-10-01 15:36:48,416 - root - INFO - new node validate loss: 0.6863
2025-10-01 15:36:48,416 - root - INFO - new node validate average_precision, 0.6942
2025-10-01 15:36:48,416 - root - INFO - new node validate roc_auc, 0.6845
2025-10-01 15:36:56,821 - root - INFO - test loss: 0.5462
2025-10-01 15:36:56,821 - root - INFO - test average_precision, 0.7550
2025-10-01 15:36:56,821 - root - INFO - best test average_precision: 0.7576
2025-10-01 15:36:56,821 - root - INFO - test roc_auc, 0.7814
2025-10-01 15:36:56,822 - root - INFO - new node test loss: 0.6166
2025-10-01 15:36:56,822 - root - INFO - new node test average_precision, 0.7333
2025-10-01 15:36:56,822 - root - INFO - new node test roc_auc, 0.7344
2025-10-01 15:37:30,378 - root - INFO - Epoch: 39, learning rate: 0.0001, train loss: 0.3845
2025-10-01 15:37:30,378 - root - INFO - train average_precision, 0.8927
2025-10-01 15:37:30,378 - root - INFO - train roc_auc, 0.9018
2025-10-01 15:37:30,378 - root - INFO - validate loss: 0.5456
2025-10-01 15:37:30,378 - root - INFO - validate average_precision, 0.7698
2025-10-01 15:37:30,378 - root - INFO - validate roc_auc, 0.7924
2025-10-01 15:37:30,378 - root - INFO - new node validate loss: 0.6876
2025-10-01 15:37:30,378 - root - INFO - new node validate average_precision, 0.6932
2025-10-01 15:37:30,378 - root - INFO - new node validate roc_auc, 0.6814
2025-10-01 15:37:38,762 - root - INFO - test loss: 0.5451
2025-10-01 15:37:38,762 - root - INFO - test average_precision, 0.7607
2025-10-01 15:37:38,762 - root - INFO - best test average_precision: 0.7607
2025-10-01 15:37:38,762 - root - INFO - test roc_auc, 0.7860
2025-10-01 15:37:38,762 - root - INFO - new node test loss: 0.6217
2025-10-01 15:37:38,762 - root - INFO - new node test average_precision, 0.7354
2025-10-01 15:37:38,762 - root - INFO - new node test roc_auc, 0.7358
2025-10-01 15:37:38,762 - root - INFO - save model ./saved_models/TGAT/uci/TGAT_seed0/TGAT_seed0.pkl
2025-10-01 15:38:12,522 - root - INFO - Epoch: 40, learning rate: 0.0001, train loss: 0.3830
2025-10-01 15:38:12,522 - root - INFO - train average_precision, 0.8949
2025-10-01 15:38:12,522 - root - INFO - train roc_auc, 0.9032
2025-10-01 15:38:12,522 - root - INFO - validate loss: 0.5539
2025-10-01 15:38:12,522 - root - INFO - validate average_precision, 0.7662
2025-10-01 15:38:12,522 - root - INFO - validate roc_auc, 0.7896
2025-10-01 15:38:12,522 - root - INFO - new node validate loss: 0.7126
2025-10-01 15:38:12,522 - root - INFO - new node validate average_precision, 0.6990
2025-10-01 15:38:12,522 - root - INFO - new node validate roc_auc, 0.6873
2025-10-01 15:38:20,919 - root - INFO - test loss: 0.5595
2025-10-01 15:38:20,919 - root - INFO - test average_precision, 0.7499
2025-10-01 15:38:20,919 - root - INFO - best test average_precision: 0.7607
2025-10-01 15:38:20,919 - root - INFO - test roc_auc, 0.7785
2025-10-01 15:38:20,919 - root - INFO - new node test loss: 0.6440
2025-10-01 15:38:20,919 - root - INFO - new node test average_precision, 0.7233
2025-10-01 15:38:20,919 - root - INFO - new node test roc_auc, 0.7259
2025-10-01 15:38:54,589 - root - INFO - Epoch: 41, learning rate: 0.0001, train loss: 0.3806
2025-10-01 15:38:54,589 - root - INFO - train average_precision, 0.8958
2025-10-01 15:38:54,589 - root - INFO - train roc_auc, 0.9038
2025-10-01 15:38:54,589 - root - INFO - validate loss: 0.5470
2025-10-01 15:38:54,589 - root - INFO - validate average_precision, 0.7682
2025-10-01 15:38:54,589 - root - INFO - validate roc_auc, 0.7907
2025-10-01 15:38:54,590 - root - INFO - new node validate loss: 0.6840
2025-10-01 15:38:54,590 - root - INFO - new node validate average_precision, 0.6902
2025-10-01 15:38:54,590 - root - INFO - new node validate roc_auc, 0.6781
2025-10-01 15:39:02,970 - root - INFO - test loss: 0.5449
2025-10-01 15:39:02,970 - root - INFO - test average_precision, 0.7548
2025-10-01 15:39:02,970 - root - INFO - best test average_precision: 0.7607
2025-10-01 15:39:02,971 - root - INFO - test roc_auc, 0.7828
2025-10-01 15:39:02,971 - root - INFO - new node test loss: 0.6193
2025-10-01 15:39:02,971 - root - INFO - new node test average_precision, 0.7274
2025-10-01 15:39:02,971 - root - INFO - new node test roc_auc, 0.7302
2025-10-01 15:39:36,492 - root - INFO - Epoch: 42, learning rate: 0.0001, train loss: 0.3749
2025-10-01 15:39:36,492 - root - INFO - train average_precision, 0.8976
2025-10-01 15:39:36,493 - root - INFO - train roc_auc, 0.9068
2025-10-01 15:39:36,493 - root - INFO - validate loss: 0.5559
2025-10-01 15:39:36,493 - root - INFO - validate average_precision, 0.7680
2025-10-01 15:39:36,493 - root - INFO - validate roc_auc, 0.7905
2025-10-01 15:39:36,493 - root - INFO - new node validate loss: 0.7066
2025-10-01 15:39:36,493 - root - INFO - new node validate average_precision, 0.7032
2025-10-01 15:39:36,493 - root - INFO - new node validate roc_auc, 0.6895
2025-10-01 15:39:44,885 - root - INFO - test loss: 0.5576
2025-10-01 15:39:44,885 - root - INFO - test average_precision, 0.7569
2025-10-01 15:39:44,885 - root - INFO - best test average_precision: 0.7607
2025-10-01 15:39:44,885 - root - INFO - test roc_auc, 0.7827
2025-10-01 15:39:44,885 - root - INFO - new node test loss: 0.6434
2025-10-01 15:39:44,885 - root - INFO - new node test average_precision, 0.7337
2025-10-01 15:39:44,885 - root - INFO - new node test roc_auc, 0.7326
2025-10-01 15:40:18,381 - root - INFO - Epoch: 43, learning rate: 0.0001, train loss: 0.3748
2025-10-01 15:40:18,382 - root - INFO - train average_precision, 0.8991
2025-10-01 15:40:18,382 - root - INFO - train roc_auc, 0.9068
2025-10-01 15:40:18,382 - root - INFO - validate loss: 0.5455
2025-10-01 15:40:18,382 - root - INFO - validate average_precision, 0.7724
2025-10-01 15:40:18,382 - root - INFO - validate roc_auc, 0.7942
2025-10-01 15:40:18,382 - root - INFO - new node validate loss: 0.6880
2025-10-01 15:40:18,382 - root - INFO - new node validate average_precision, 0.6945
2025-10-01 15:40:18,382 - root - INFO - new node validate roc_auc, 0.6821
2025-10-01 15:40:26,761 - root - INFO - test loss: 0.5452
2025-10-01 15:40:26,761 - root - INFO - test average_precision, 0.7600
2025-10-01 15:40:26,761 - root - INFO - best test average_precision: 0.7607
2025-10-01 15:40:26,761 - root - INFO - test roc_auc, 0.7865
2025-10-01 15:40:26,761 - root - INFO - new node test loss: 0.6267
2025-10-01 15:40:26,762 - root - INFO - new node test average_precision, 0.7311
2025-10-01 15:40:26,762 - root - INFO - new node test roc_auc, 0.7330
2025-10-01 15:40:26,762 - root - INFO - save model ./saved_models/TGAT/uci/TGAT_seed0/TGAT_seed0.pkl
2025-10-01 15:41:00,471 - root - INFO - Epoch: 44, learning rate: 0.0001, train loss: 0.3723
2025-10-01 15:41:00,471 - root - INFO - train average_precision, 0.9005
2025-10-01 15:41:00,471 - root - INFO - train roc_auc, 0.9089
2025-10-01 15:41:00,471 - root - INFO - validate loss: 0.5583
2025-10-01 15:41:00,471 - root - INFO - validate average_precision, 0.7691
2025-10-01 15:41:00,471 - root - INFO - validate roc_auc, 0.7912
2025-10-01 15:41:00,471 - root - INFO - new node validate loss: 0.7166
2025-10-01 15:41:00,471 - root - INFO - new node validate average_precision, 0.7014
2025-10-01 15:41:00,471 - root - INFO - new node validate roc_auc, 0.6876
2025-10-01 15:41:08,851 - root - INFO - test loss: 0.5611
2025-10-01 15:41:08,851 - root - INFO - test average_precision, 0.7551
2025-10-01 15:41:08,851 - root - INFO - best test average_precision: 0.7607
2025-10-01 15:41:08,851 - root - INFO - test roc_auc, 0.7815
2025-10-01 15:41:08,851 - root - INFO - new node test loss: 0.6473
2025-10-01 15:41:08,851 - root - INFO - new node test average_precision, 0.7296
2025-10-01 15:41:08,851 - root - INFO - new node test roc_auc, 0.7305
2025-10-01 15:41:42,409 - root - INFO - Epoch: 45, learning rate: 0.0001, train loss: 0.3670
2025-10-01 15:41:42,409 - root - INFO - train average_precision, 0.9026
2025-10-01 15:41:42,409 - root - INFO - train roc_auc, 0.9111
2025-10-01 15:41:42,409 - root - INFO - validate loss: 0.5576
2025-10-01 15:41:42,409 - root - INFO - validate average_precision, 0.7697
2025-10-01 15:41:42,409 - root - INFO - validate roc_auc, 0.7903
2025-10-01 15:41:42,409 - root - INFO - new node validate loss: 0.6968
2025-10-01 15:41:42,409 - root - INFO - new node validate average_precision, 0.7013
2025-10-01 15:41:42,409 - root - INFO - new node validate roc_auc, 0.6880
2025-10-01 15:41:50,780 - root - INFO - test loss: 0.5509
2025-10-01 15:41:50,780 - root - INFO - test average_precision, 0.7604
2025-10-01 15:41:50,780 - root - INFO - best test average_precision: 0.7607
2025-10-01 15:41:50,780 - root - INFO - test roc_auc, 0.7854
2025-10-01 15:41:50,780 - root - INFO - new node test loss: 0.6278
2025-10-01 15:41:50,780 - root - INFO - new node test average_precision, 0.7340
2025-10-01 15:41:50,780 - root - INFO - new node test roc_auc, 0.7343
2025-10-01 15:42:24,486 - root - INFO - Epoch: 46, learning rate: 0.0001, train loss: 0.3670
2025-10-01 15:42:24,486 - root - INFO - train average_precision, 0.9018
2025-10-01 15:42:24,486 - root - INFO - train roc_auc, 0.9109
2025-10-01 15:42:24,486 - root - INFO - validate loss: 0.5610
2025-10-01 15:42:24,486 - root - INFO - validate average_precision, 0.7680
2025-10-01 15:42:24,486 - root - INFO - validate roc_auc, 0.7888
2025-10-01 15:42:24,486 - root - INFO - new node validate loss: 0.6837
2025-10-01 15:42:24,486 - root - INFO - new node validate average_precision, 0.7008
2025-10-01 15:42:24,486 - root - INFO - new node validate roc_auc, 0.6866
2025-10-01 15:42:32,904 - root - INFO - test loss: 0.5511
2025-10-01 15:42:32,904 - root - INFO - test average_precision, 0.7536
2025-10-01 15:42:32,904 - root - INFO - best test average_precision: 0.7607
2025-10-01 15:42:32,904 - root - INFO - test roc_auc, 0.7816
2025-10-01 15:42:32,904 - root - INFO - new node test loss: 0.6242
2025-10-01 15:42:32,904 - root - INFO - new node test average_precision, 0.7255
2025-10-01 15:42:32,904 - root - INFO - new node test roc_auc, 0.7265
2025-10-01 15:43:06,978 - root - INFO - Epoch: 47, learning rate: 0.0001, train loss: 0.3632
2025-10-01 15:43:06,978 - root - INFO - train average_precision, 0.9052
2025-10-01 15:43:06,978 - root - INFO - train roc_auc, 0.9127
2025-10-01 15:43:06,978 - root - INFO - validate loss: 0.5567
2025-10-01 15:43:06,978 - root - INFO - validate average_precision, 0.7744
2025-10-01 15:43:06,978 - root - INFO - validate roc_auc, 0.7952
2025-10-01 15:43:06,978 - root - INFO - new node validate loss: 0.7127
2025-10-01 15:43:06,978 - root - INFO - new node validate average_precision, 0.7061
2025-10-01 15:43:06,978 - root - INFO - new node validate roc_auc, 0.6912
2025-10-01 15:43:15,361 - root - INFO - test loss: 0.5601
2025-10-01 15:43:15,361 - root - INFO - test average_precision, 0.7604
2025-10-01 15:43:15,361 - root - INFO - best test average_precision: 0.7607
2025-10-01 15:43:15,361 - root - INFO - test roc_auc, 0.7857
2025-10-01 15:43:15,361 - root - INFO - new node test loss: 0.6484
2025-10-01 15:43:15,361 - root - INFO - new node test average_precision, 0.7336
2025-10-01 15:43:15,361 - root - INFO - new node test roc_auc, 0.7347
2025-10-01 15:43:15,361 - root - INFO - save model ./saved_models/TGAT/uci/TGAT_seed0/TGAT_seed0.pkl
2025-10-01 15:43:49,391 - root - INFO - Epoch: 48, learning rate: 0.0001, train loss: 0.3637
2025-10-01 15:43:49,391 - root - INFO - train average_precision, 0.9046
2025-10-01 15:43:49,391 - root - INFO - train roc_auc, 0.9125
2025-10-01 15:43:49,392 - root - INFO - validate loss: 0.5614
2025-10-01 15:43:49,392 - root - INFO - validate average_precision, 0.7768
2025-10-01 15:43:49,392 - root - INFO - validate roc_auc, 0.7970
2025-10-01 15:43:49,392 - root - INFO - new node validate loss: 0.7334
2025-10-01 15:43:49,392 - root - INFO - new node validate average_precision, 0.7078
2025-10-01 15:43:49,392 - root - INFO - new node validate roc_auc, 0.6925
2025-10-01 15:43:57,819 - root - INFO - test loss: 0.5646
2025-10-01 15:43:57,819 - root - INFO - test average_precision, 0.7658
2025-10-01 15:43:57,820 - root - INFO - best test average_precision: 0.7658
2025-10-01 15:43:57,820 - root - INFO - test roc_auc, 0.7907
2025-10-01 15:43:57,820 - root - INFO - new node test loss: 0.6645
2025-10-01 15:43:57,820 - root - INFO - new node test average_precision, 0.7368
2025-10-01 15:43:57,820 - root - INFO - new node test roc_auc, 0.7370
2025-10-01 15:43:57,820 - root - INFO - save model ./saved_models/TGAT/uci/TGAT_seed0/TGAT_seed0.pkl
2025-10-01 15:44:31,692 - root - INFO - Epoch: 49, learning rate: 0.0001, train loss: 0.3618
2025-10-01 15:44:31,693 - root - INFO - train average_precision, 0.9060
2025-10-01 15:44:31,693 - root - INFO - train roc_auc, 0.9138
2025-10-01 15:44:31,693 - root - INFO - validate loss: 0.5610
2025-10-01 15:44:31,693 - root - INFO - validate average_precision, 0.7755
2025-10-01 15:44:31,693 - root - INFO - validate roc_auc, 0.7964
2025-10-01 15:44:31,693 - root - INFO - new node validate loss: 0.7316
2025-10-01 15:44:31,693 - root - INFO - new node validate average_precision, 0.7136
2025-10-01 15:44:31,693 - root - INFO - new node validate roc_auc, 0.7026
2025-10-01 15:44:40,083 - root - INFO - test loss: 0.5696
2025-10-01 15:44:40,083 - root - INFO - test average_precision, 0.7616
2025-10-01 15:44:40,083 - root - INFO - best test average_precision: 0.7658
2025-10-01 15:44:40,083 - root - INFO - test roc_auc, 0.7874
2025-10-01 15:44:40,083 - root - INFO - new node test loss: 0.6661
2025-10-01 15:44:40,084 - root - INFO - new node test average_precision, 0.7342
2025-10-01 15:44:40,084 - root - INFO - new node test roc_auc, 0.7345
2025-10-01 15:45:13,669 - root - INFO - Epoch: 50, learning rate: 0.0001, train loss: 0.3578
2025-10-01 15:45:13,669 - root - INFO - train average_precision, 0.9083
2025-10-01 15:45:13,669 - root - INFO - train roc_auc, 0.9156
2025-10-01 15:45:13,669 - root - INFO - validate loss: 0.5495
2025-10-01 15:45:13,669 - root - INFO - validate average_precision, 0.7771
2025-10-01 15:45:13,669 - root - INFO - validate roc_auc, 0.7975
2025-10-01 15:45:13,669 - root - INFO - new node validate loss: 0.6993
2025-10-01 15:45:13,669 - root - INFO - new node validate average_precision, 0.7046
2025-10-01 15:45:13,669 - root - INFO - new node validate roc_auc, 0.6906
2025-10-01 15:45:22,052 - root - INFO - test loss: 0.5473
2025-10-01 15:45:22,052 - root - INFO - test average_precision, 0.7650
2025-10-01 15:45:22,052 - root - INFO - best test average_precision: 0.7658
2025-10-01 15:45:22,052 - root - INFO - test roc_auc, 0.7907
2025-10-01 15:45:22,052 - root - INFO - new node test loss: 0.6345
2025-10-01 15:45:22,052 - root - INFO - new node test average_precision, 0.7357
2025-10-01 15:45:22,052 - root - INFO - new node test roc_auc, 0.7366
2025-10-01 15:45:22,052 - root - INFO - save model ./saved_models/TGAT/uci/TGAT_seed0/TGAT_seed0.pkl
2025-10-01 15:45:55,761 - root - INFO - Epoch: 51, learning rate: 0.0001, train loss: 0.3602
2025-10-01 15:45:55,761 - root - INFO - train average_precision, 0.9058
2025-10-01 15:45:55,761 - root - INFO - train roc_auc, 0.9141
2025-10-01 15:45:55,761 - root - INFO - validate loss: 0.5547
2025-10-01 15:45:55,761 - root - INFO - validate average_precision, 0.7769
2025-10-01 15:45:55,761 - root - INFO - validate roc_auc, 0.7965
2025-10-01 15:45:55,762 - root - INFO - new node validate loss: 0.7126
2025-10-01 15:45:55,762 - root - INFO - new node validate average_precision, 0.7073
2025-10-01 15:45:55,762 - root - INFO - new node validate roc_auc, 0.6920
2025-10-01 15:46:04,163 - root - INFO - test loss: 0.5579
2025-10-01 15:46:04,163 - root - INFO - test average_precision, 0.7606
2025-10-01 15:46:04,163 - root - INFO - best test average_precision: 0.7658
2025-10-01 15:46:04,163 - root - INFO - test roc_auc, 0.7859
2025-10-01 15:46:04,163 - root - INFO - new node test loss: 0.6473
2025-10-01 15:46:04,163 - root - INFO - new node test average_precision, 0.7303
2025-10-01 15:46:04,163 - root - INFO - new node test roc_auc, 0.7313
2025-10-01 15:46:37,777 - root - INFO - Epoch: 52, learning rate: 0.0001, train loss: 0.3548
2025-10-01 15:46:37,778 - root - INFO - train average_precision, 0.9092
2025-10-01 15:46:37,778 - root - INFO - train roc_auc, 0.9171
2025-10-01 15:46:37,778 - root - INFO - validate loss: 0.5591
2025-10-01 15:46:37,778 - root - INFO - validate average_precision, 0.7778
2025-10-01 15:46:37,778 - root - INFO - validate roc_auc, 0.7972
2025-10-01 15:46:37,778 - root - INFO - new node validate loss: 0.7206
2025-10-01 15:46:37,778 - root - INFO - new node validate average_precision, 0.7135
2025-10-01 15:46:37,778 - root - INFO - new node validate roc_auc, 0.7003
2025-10-01 15:46:46,185 - root - INFO - test loss: 0.5606
2025-10-01 15:46:46,186 - root - INFO - test average_precision, 0.7656
2025-10-01 15:46:46,186 - root - INFO - best test average_precision: 0.7658
2025-10-01 15:46:46,186 - root - INFO - test roc_auc, 0.7899
2025-10-01 15:46:46,186 - root - INFO - new node test loss: 0.6592
2025-10-01 15:46:46,186 - root - INFO - new node test average_precision, 0.7334
2025-10-01 15:46:46,186 - root - INFO - new node test roc_auc, 0.7343
2025-10-01 15:47:19,856 - root - INFO - Epoch: 53, learning rate: 0.0001, train loss: 0.3505
2025-10-01 15:47:19,856 - root - INFO - train average_precision, 0.9117
2025-10-01 15:47:19,856 - root - INFO - train roc_auc, 0.9194
2025-10-01 15:47:19,856 - root - INFO - validate loss: 0.5583
2025-10-01 15:47:19,856 - root - INFO - validate average_precision, 0.7728
2025-10-01 15:47:19,857 - root - INFO - validate roc_auc, 0.7928
2025-10-01 15:47:19,857 - root - INFO - new node validate loss: 0.6907
2025-10-01 15:47:19,857 - root - INFO - new node validate average_precision, 0.7102
2025-10-01 15:47:19,857 - root - INFO - new node validate roc_auc, 0.6973
2025-10-01 15:47:28,236 - root - INFO - test loss: 0.5513
2025-10-01 15:47:28,236 - root - INFO - test average_precision, 0.7594
2025-10-01 15:47:28,236 - root - INFO - best test average_precision: 0.7658
2025-10-01 15:47:28,236 - root - INFO - test roc_auc, 0.7843
2025-10-01 15:47:28,236 - root - INFO - new node test loss: 0.6274
2025-10-01 15:47:28,236 - root - INFO - new node test average_precision, 0.7341
2025-10-01 15:47:28,236 - root - INFO - new node test roc_auc, 0.7334
2025-10-01 15:48:01,875 - root - INFO - Epoch: 54, learning rate: 0.0001, train loss: 0.3536
2025-10-01 15:48:01,876 - root - INFO - train average_precision, 0.9094
2025-10-01 15:48:01,876 - root - INFO - train roc_auc, 0.9179
2025-10-01 15:48:01,876 - root - INFO - validate loss: 0.5607
2025-10-01 15:48:01,876 - root - INFO - validate average_precision, 0.7778
2025-10-01 15:48:01,876 - root - INFO - validate roc_auc, 0.7970
2025-10-01 15:48:01,876 - root - INFO - new node validate loss: 0.7155
2025-10-01 15:48:01,876 - root - INFO - new node validate average_precision, 0.7158
2025-10-01 15:48:01,876 - root - INFO - new node validate roc_auc, 0.7030
2025-10-01 15:48:10,274 - root - INFO - test loss: 0.5552
2025-10-01 15:48:10,274 - root - INFO - test average_precision, 0.7680
2025-10-01 15:48:10,274 - root - INFO - best test average_precision: 0.7680
2025-10-01 15:48:10,274 - root - INFO - test roc_auc, 0.7922
2025-10-01 15:48:10,274 - root - INFO - new node test loss: 0.6518
2025-10-01 15:48:10,274 - root - INFO - new node test average_precision, 0.7368
2025-10-01 15:48:10,274 - root - INFO - new node test roc_auc, 0.7364
2025-10-01 15:48:43,913 - root - INFO - Epoch: 55, learning rate: 0.0001, train loss: 0.3474
2025-10-01 15:48:43,913 - root - INFO - train average_precision, 0.9135
2025-10-01 15:48:43,913 - root - INFO - train roc_auc, 0.9207
2025-10-01 15:48:43,913 - root - INFO - validate loss: 0.5700
2025-10-01 15:48:43,913 - root - INFO - validate average_precision, 0.7743
2025-10-01 15:48:43,913 - root - INFO - validate roc_auc, 0.7960
2025-10-01 15:48:43,913 - root - INFO - new node validate loss: 0.7508
2025-10-01 15:48:43,913 - root - INFO - new node validate average_precision, 0.7030
2025-10-01 15:48:43,913 - root - INFO - new node validate roc_auc, 0.6884
2025-10-01 15:48:52,286 - root - INFO - test loss: 0.5689
2025-10-01 15:48:52,286 - root - INFO - test average_precision, 0.7703
2025-10-01 15:48:52,286 - root - INFO - best test average_precision: 0.7703
2025-10-01 15:48:52,286 - root - INFO - test roc_auc, 0.7936
2025-10-01 15:48:52,286 - root - INFO - new node test loss: 0.6768
2025-10-01 15:48:52,286 - root - INFO - new node test average_precision, 0.7384
2025-10-01 15:48:52,286 - root - INFO - new node test roc_auc, 0.7379
2025-10-01 15:49:26,289 - root - INFO - Epoch: 56, learning rate: 0.0001, train loss: 0.3501
2025-10-01 15:49:26,289 - root - INFO - train average_precision, 0.9120
2025-10-01 15:49:26,289 - root - INFO - train roc_auc, 0.9195
2025-10-01 15:49:26,289 - root - INFO - validate loss: 0.5653
2025-10-01 15:49:26,289 - root - INFO - validate average_precision, 0.7764
2025-10-01 15:49:26,289 - root - INFO - validate roc_auc, 0.7948
2025-10-01 15:49:26,289 - root - INFO - new node validate loss: 0.7186
2025-10-01 15:49:26,289 - root - INFO - new node validate average_precision, 0.7127
2025-10-01 15:49:26,289 - root - INFO - new node validate roc_auc, 0.6986
2025-10-01 15:49:34,701 - root - INFO - test loss: 0.5627
2025-10-01 15:49:34,701 - root - INFO - test average_precision, 0.7635
2025-10-01 15:49:34,701 - root - INFO - best test average_precision: 0.7703
2025-10-01 15:49:34,701 - root - INFO - test roc_auc, 0.7862
2025-10-01 15:49:34,701 - root - INFO - new node test loss: 0.6501
2025-10-01 15:49:34,701 - root - INFO - new node test average_precision, 0.7366
2025-10-01 15:49:34,701 - root - INFO - new node test roc_auc, 0.7344
2025-10-01 15:50:08,730 - root - INFO - Epoch: 57, learning rate: 0.0001, train loss: 0.3502
2025-10-01 15:50:08,730 - root - INFO - train average_precision, 0.9127
2025-10-01 15:50:08,730 - root - INFO - train roc_auc, 0.9196
2025-10-01 15:50:08,730 - root - INFO - validate loss: 0.5583
2025-10-01 15:50:08,730 - root - INFO - validate average_precision, 0.7782
2025-10-01 15:50:08,730 - root - INFO - validate roc_auc, 0.7973
2025-10-01 15:50:08,730 - root - INFO - new node validate loss: 0.7216
2025-10-01 15:50:08,730 - root - INFO - new node validate average_precision, 0.7066
2025-10-01 15:50:08,730 - root - INFO - new node validate roc_auc, 0.6890
2025-10-01 15:50:17,119 - root - INFO - test loss: 0.5582
2025-10-01 15:50:17,119 - root - INFO - test average_precision, 0.7660
2025-10-01 15:50:17,119 - root - INFO - best test average_precision: 0.7703
2025-10-01 15:50:17,119 - root - INFO - test roc_auc, 0.7889
2025-10-01 15:50:17,119 - root - INFO - new node test loss: 0.6491
2025-10-01 15:50:17,120 - root - INFO - new node test average_precision, 0.7371
2025-10-01 15:50:17,120 - root - INFO - new node test roc_auc, 0.7358
2025-10-01 15:50:50,780 - root - INFO - Epoch: 58, learning rate: 0.0001, train loss: 0.3437
2025-10-01 15:50:50,780 - root - INFO - train average_precision, 0.9147
2025-10-01 15:50:50,780 - root - INFO - train roc_auc, 0.9221
2025-10-01 15:50:50,780 - root - INFO - validate loss: 0.5609
2025-10-01 15:50:50,780 - root - INFO - validate average_precision, 0.7770
2025-10-01 15:50:50,780 - root - INFO - validate roc_auc, 0.7965
2025-10-01 15:50:50,780 - root - INFO - new node validate loss: 0.7322
2025-10-01 15:50:50,780 - root - INFO - new node validate average_precision, 0.7028
2025-10-01 15:50:50,780 - root - INFO - new node validate roc_auc, 0.6874
2025-10-01 15:50:59,199 - root - INFO - test loss: 0.5608
2025-10-01 15:50:59,199 - root - INFO - test average_precision, 0.7633
2025-10-01 15:50:59,199 - root - INFO - best test average_precision: 0.7703
2025-10-01 15:50:59,199 - root - INFO - test roc_auc, 0.7879
2025-10-01 15:50:59,199 - root - INFO - new node test loss: 0.6560
2025-10-01 15:50:59,199 - root - INFO - new node test average_precision, 0.7336
2025-10-01 15:50:59,199 - root - INFO - new node test roc_auc, 0.7333
2025-10-01 15:51:32,966 - root - INFO - Epoch: 59, learning rate: 0.0001, train loss: 0.3445
2025-10-01 15:51:32,967 - root - INFO - train average_precision, 0.9137
2025-10-01 15:51:32,967 - root - INFO - train roc_auc, 0.9220
2025-10-01 15:51:32,967 - root - INFO - validate loss: 0.5741
2025-10-01 15:51:32,967 - root - INFO - validate average_precision, 0.7788
2025-10-01 15:51:32,967 - root - INFO - validate roc_auc, 0.7976
2025-10-01 15:51:32,967 - root - INFO - new node validate loss: 0.7543
2025-10-01 15:51:32,967 - root - INFO - new node validate average_precision, 0.7132
2025-10-01 15:51:32,967 - root - INFO - new node validate roc_auc, 0.7002
2025-10-01 15:51:41,375 - root - INFO - test loss: 0.5783
2025-10-01 15:51:41,375 - root - INFO - test average_precision, 0.7658
2025-10-01 15:51:41,375 - root - INFO - best test average_precision: 0.7703
2025-10-01 15:51:41,375 - root - INFO - test roc_auc, 0.7888
2025-10-01 15:51:41,375 - root - INFO - new node test loss: 0.6838
2025-10-01 15:51:41,375 - root - INFO - new node test average_precision, 0.7342
2025-10-01 15:51:41,375 - root - INFO - new node test roc_auc, 0.7337
2025-10-01 15:51:41,375 - root - INFO - save model ./saved_models/TGAT/uci/TGAT_seed0/TGAT_seed0.pkl
2025-10-01 15:52:15,139 - root - INFO - Epoch: 60, learning rate: 0.0001, train loss: 0.3423
2025-10-01 15:52:15,139 - root - INFO - train average_precision, 0.9159
2025-10-01 15:52:15,139 - root - INFO - train roc_auc, 0.9235
2025-10-01 15:52:15,139 - root - INFO - validate loss: 0.5712
2025-10-01 15:52:15,139 - root - INFO - validate average_precision, 0.7801
2025-10-01 15:52:15,139 - root - INFO - validate roc_auc, 0.7989
2025-10-01 15:52:15,139 - root - INFO - new node validate loss: 0.7521
2025-10-01 15:52:15,139 - root - INFO - new node validate average_precision, 0.7137
2025-10-01 15:52:15,139 - root - INFO - new node validate roc_auc, 0.7001
2025-10-01 15:52:23,536 - root - INFO - test loss: 0.5742
2025-10-01 15:52:23,536 - root - INFO - test average_precision, 0.7681
2025-10-01 15:52:23,536 - root - INFO - best test average_precision: 0.7703
2025-10-01 15:52:23,536 - root - INFO - test roc_auc, 0.7918
2025-10-01 15:52:23,536 - root - INFO - new node test loss: 0.6834
2025-10-01 15:52:23,536 - root - INFO - new node test average_precision, 0.7339
2025-10-01 15:52:23,536 - root - INFO - new node test roc_auc, 0.7348
2025-10-01 15:52:23,536 - root - INFO - save model ./saved_models/TGAT/uci/TGAT_seed0/TGAT_seed0.pkl
2025-10-01 15:52:57,137 - root - INFO - Epoch: 61, learning rate: 0.0001, train loss: 0.3392
2025-10-01 15:52:57,138 - root - INFO - train average_precision, 0.9166
2025-10-01 15:52:57,138 - root - INFO - train roc_auc, 0.9242
2025-10-01 15:52:57,138 - root - INFO - validate loss: 0.5641
2025-10-01 15:52:57,138 - root - INFO - validate average_precision, 0.7785
2025-10-01 15:52:57,138 - root - INFO - validate roc_auc, 0.7977
2025-10-01 15:52:57,138 - root - INFO - new node validate loss: 0.7340
2025-10-01 15:52:57,138 - root - INFO - new node validate average_precision, 0.7127
2025-10-01 15:52:57,138 - root - INFO - new node validate roc_auc, 0.6994
2025-10-01 15:53:05,523 - root - INFO - test loss: 0.5654
2025-10-01 15:53:05,523 - root - INFO - test average_precision, 0.7656
2025-10-01 15:53:05,523 - root - INFO - best test average_precision: 0.7703
2025-10-01 15:53:05,523 - root - INFO - test roc_auc, 0.7894
2025-10-01 15:53:05,523 - root - INFO - new node test loss: 0.6647
2025-10-01 15:53:05,523 - root - INFO - new node test average_precision, 0.7360
2025-10-01 15:53:05,523 - root - INFO - new node test roc_auc, 0.7361
2025-10-01 15:53:39,313 - root - INFO - Epoch: 62, learning rate: 0.0001, train loss: 0.3346
2025-10-01 15:53:39,314 - root - INFO - train average_precision, 0.9187
2025-10-01 15:53:39,314 - root - INFO - train roc_auc, 0.9259
2025-10-01 15:53:39,314 - root - INFO - validate loss: 0.5702
2025-10-01 15:53:39,314 - root - INFO - validate average_precision, 0.7823
2025-10-01 15:53:39,314 - root - INFO - validate roc_auc, 0.8003
2025-10-01 15:53:39,314 - root - INFO - new node validate loss: 0.7449
2025-10-01 15:53:39,314 - root - INFO - new node validate average_precision, 0.7178
2025-10-01 15:53:39,314 - root - INFO - new node validate roc_auc, 0.7026
2025-10-01 15:53:47,715 - root - INFO - test loss: 0.5704
2025-10-01 15:53:47,715 - root - INFO - test average_precision, 0.7697
2025-10-01 15:53:47,715 - root - INFO - best test average_precision: 0.7703
2025-10-01 15:53:47,715 - root - INFO - test roc_auc, 0.7929
2025-10-01 15:53:47,715 - root - INFO - new node test loss: 0.6813
2025-10-01 15:53:47,715 - root - INFO - new node test average_precision, 0.7339
2025-10-01 15:53:47,715 - root - INFO - new node test roc_auc, 0.7345
2025-10-01 15:53:47,715 - root - INFO - save model ./saved_models/TGAT/uci/TGAT_seed0/TGAT_seed0.pkl
2025-10-01 15:54:21,483 - root - INFO - Epoch: 63, learning rate: 0.0001, train loss: 0.3365
2025-10-01 15:54:21,483 - root - INFO - train average_precision, 0.9175
2025-10-01 15:54:21,483 - root - INFO - train roc_auc, 0.9252
2025-10-01 15:54:21,483 - root - INFO - validate loss: 0.5653
2025-10-01 15:54:21,483 - root - INFO - validate average_precision, 0.7768
2025-10-01 15:54:21,483 - root - INFO - validate roc_auc, 0.7965
2025-10-01 15:54:21,483 - root - INFO - new node validate loss: 0.7264
2025-10-01 15:54:21,483 - root - INFO - new node validate average_precision, 0.7093
2025-10-01 15:54:21,483 - root - INFO - new node validate roc_auc, 0.6965
2025-10-01 15:54:29,872 - root - INFO - test loss: 0.5636
2025-10-01 15:54:29,872 - root - INFO - test average_precision, 0.7615
2025-10-01 15:54:29,872 - root - INFO - best test average_precision: 0.7703
2025-10-01 15:54:29,872 - root - INFO - test roc_auc, 0.7865
2025-10-01 15:54:29,872 - root - INFO - new node test loss: 0.6607
2025-10-01 15:54:29,872 - root - INFO - new node test average_precision, 0.7291
2025-10-01 15:54:29,872 - root - INFO - new node test roc_auc, 0.7297
2025-10-01 15:55:03,883 - root - INFO - Epoch: 64, learning rate: 0.0001, train loss: 0.3350
2025-10-01 15:55:03,883 - root - INFO - train average_precision, 0.9174
2025-10-01 15:55:03,883 - root - INFO - train roc_auc, 0.9256
2025-10-01 15:55:03,883 - root - INFO - validate loss: 0.5645
2025-10-01 15:55:03,883 - root - INFO - validate average_precision, 0.7810
2025-10-01 15:55:03,883 - root - INFO - validate roc_auc, 0.7996
2025-10-01 15:55:03,883 - root - INFO - new node validate loss: 0.7406
2025-10-01 15:55:03,883 - root - INFO - new node validate average_precision, 0.7150
2025-10-01 15:55:03,883 - root - INFO - new node validate roc_auc, 0.7025
2025-10-01 15:55:12,274 - root - INFO - test loss: 0.5690
2025-10-01 15:55:12,274 - root - INFO - test average_precision, 0.7714
2025-10-01 15:55:12,274 - root - INFO - best test average_precision: 0.7714
2025-10-01 15:55:12,274 - root - INFO - test roc_auc, 0.7944
2025-10-01 15:55:12,274 - root - INFO - new node test loss: 0.6767
2025-10-01 15:55:12,274 - root - INFO - new node test average_precision, 0.7355
2025-10-01 15:55:12,274 - root - INFO - new node test roc_auc, 0.7365
2025-10-01 15:55:46,017 - root - INFO - Epoch: 65, learning rate: 0.0001, train loss: 0.3343
2025-10-01 15:55:46,017 - root - INFO - train average_precision, 0.9179
2025-10-01 15:55:46,017 - root - INFO - train roc_auc, 0.9263
2025-10-01 15:55:46,017 - root - INFO - validate loss: 0.5604
2025-10-01 15:55:46,017 - root - INFO - validate average_precision, 0.7788
2025-10-01 15:55:46,017 - root - INFO - validate roc_auc, 0.7991
2025-10-01 15:55:46,017 - root - INFO - new node validate loss: 0.7290
2025-10-01 15:55:46,017 - root - INFO - new node validate average_precision, 0.7101
2025-10-01 15:55:46,017 - root - INFO - new node validate roc_auc, 0.6988
2025-10-01 15:55:54,403 - root - INFO - test loss: 0.5679
2025-10-01 15:55:54,404 - root - INFO - test average_precision, 0.7631
2025-10-01 15:55:54,404 - root - INFO - best test average_precision: 0.7714
2025-10-01 15:55:54,404 - root - INFO - test roc_auc, 0.7882
2025-10-01 15:55:54,404 - root - INFO - new node test loss: 0.6696
2025-10-01 15:55:54,404 - root - INFO - new node test average_precision, 0.7303
2025-10-01 15:55:54,404 - root - INFO - new node test roc_auc, 0.7314
2025-10-01 15:56:27,887 - root - INFO - Epoch: 66, learning rate: 0.0001, train loss: 0.3343
2025-10-01 15:56:27,887 - root - INFO - train average_precision, 0.9181
2025-10-01 15:56:27,888 - root - INFO - train roc_auc, 0.9261
2025-10-01 15:56:27,888 - root - INFO - validate loss: 0.5750
2025-10-01 15:56:27,888 - root - INFO - validate average_precision, 0.7798
2025-10-01 15:56:27,888 - root - INFO - validate roc_auc, 0.7979
2025-10-01 15:56:27,888 - root - INFO - new node validate loss: 0.7428
2025-10-01 15:56:27,888 - root - INFO - new node validate average_precision, 0.7126
2025-10-01 15:56:27,888 - root - INFO - new node validate roc_auc, 0.6990
2025-10-01 15:56:36,282 - root - INFO - test loss: 0.5691
2025-10-01 15:56:36,282 - root - INFO - test average_precision, 0.7687
2025-10-01 15:56:36,282 - root - INFO - best test average_precision: 0.7714
2025-10-01 15:56:36,282 - root - INFO - test roc_auc, 0.7914
2025-10-01 15:56:36,282 - root - INFO - new node test loss: 0.6765
2025-10-01 15:56:36,282 - root - INFO - new node test average_precision, 0.7321
2025-10-01 15:56:36,282 - root - INFO - new node test roc_auc, 0.7312
2025-10-01 15:57:09,979 - root - INFO - Epoch: 67, learning rate: 0.0001, train loss: 0.3312
2025-10-01 15:57:09,979 - root - INFO - train average_precision, 0.9209
2025-10-01 15:57:09,979 - root - INFO - train roc_auc, 0.9278
2025-10-01 15:57:09,979 - root - INFO - validate loss: 0.5786
2025-10-01 15:57:09,979 - root - INFO - validate average_precision, 0.7813
2025-10-01 15:57:09,979 - root - INFO - validate roc_auc, 0.7994
2025-10-01 15:57:09,979 - root - INFO - new node validate loss: 0.7607
2025-10-01 15:57:09,979 - root - INFO - new node validate average_precision, 0.7134
2025-10-01 15:57:09,979 - root - INFO - new node validate roc_auc, 0.7007
2025-10-01 15:57:18,358 - root - INFO - test loss: 0.5762
2025-10-01 15:57:18,358 - root - INFO - test average_precision, 0.7698
2025-10-01 15:57:18,358 - root - INFO - best test average_precision: 0.7714
2025-10-01 15:57:18,358 - root - INFO - test roc_auc, 0.7925
2025-10-01 15:57:18,358 - root - INFO - new node test loss: 0.6905
2025-10-01 15:57:18,358 - root - INFO - new node test average_precision, 0.7314
2025-10-01 15:57:18,358 - root - INFO - new node test roc_auc, 0.7317
2025-10-01 15:57:51,771 - root - INFO - Epoch: 68, learning rate: 0.0001, train loss: 0.3278
2025-10-01 15:57:51,771 - root - INFO - train average_precision, 0.9220
2025-10-01 15:57:51,771 - root - INFO - train roc_auc, 0.9294
2025-10-01 15:57:51,771 - root - INFO - validate loss: 0.5730
2025-10-01 15:57:51,771 - root - INFO - validate average_precision, 0.7808
2025-10-01 15:57:51,771 - root - INFO - validate roc_auc, 0.7987
2025-10-01 15:57:51,771 - root - INFO - new node validate loss: 0.7414
2025-10-01 15:57:51,771 - root - INFO - new node validate average_precision, 0.7073
2025-10-01 15:57:51,771 - root - INFO - new node validate roc_auc, 0.6907
2025-10-01 15:58:00,166 - root - INFO - test loss: 0.5694
2025-10-01 15:58:00,166 - root - INFO - test average_precision, 0.7663
2025-10-01 15:58:00,166 - root - INFO - best test average_precision: 0.7714
2025-10-01 15:58:00,166 - root - INFO - test roc_auc, 0.7904
2025-10-01 15:58:00,166 - root - INFO - new node test loss: 0.6738
2025-10-01 15:58:00,167 - root - INFO - new node test average_precision, 0.7323
2025-10-01 15:58:00,167 - root - INFO - new node test roc_auc, 0.7329
2025-10-01 15:58:33,883 - root - INFO - Epoch: 69, learning rate: 0.0001, train loss: 0.3279
2025-10-01 15:58:33,883 - root - INFO - train average_precision, 0.9225
2025-10-01 15:58:33,883 - root - INFO - train roc_auc, 0.9293
2025-10-01 15:58:33,883 - root - INFO - validate loss: 0.5650
2025-10-01 15:58:33,884 - root - INFO - validate average_precision, 0.7798
2025-10-01 15:58:33,884 - root - INFO - validate roc_auc, 0.7984
2025-10-01 15:58:33,884 - root - INFO - new node validate loss: 0.7306
2025-10-01 15:58:33,884 - root - INFO - new node validate average_precision, 0.7132
2025-10-01 15:58:33,884 - root - INFO - new node validate roc_auc, 0.7000
2025-10-01 15:58:42,264 - root - INFO - test loss: 0.5642
2025-10-01 15:58:42,264 - root - INFO - test average_precision, 0.7668
2025-10-01 15:58:42,264 - root - INFO - best test average_precision: 0.7714
2025-10-01 15:58:42,264 - root - INFO - test roc_auc, 0.7899
2025-10-01 15:58:42,265 - root - INFO - new node test loss: 0.6681
2025-10-01 15:58:42,265 - root - INFO - new node test average_precision, 0.7306
2025-10-01 15:58:42,265 - root - INFO - new node test roc_auc, 0.7301
2025-10-01 15:59:16,018 - root - INFO - Epoch: 70, learning rate: 0.0001, train loss: 0.3229
2025-10-01 15:59:16,018 - root - INFO - train average_precision, 0.9247
2025-10-01 15:59:16,018 - root - INFO - train roc_auc, 0.9314
2025-10-01 15:59:16,018 - root - INFO - validate loss: 0.5879
2025-10-01 15:59:16,019 - root - INFO - validate average_precision, 0.7735
2025-10-01 15:59:16,019 - root - INFO - validate roc_auc, 0.7929
2025-10-01 15:59:16,019 - root - INFO - new node validate loss: 0.7384
2025-10-01 15:59:16,019 - root - INFO - new node validate average_precision, 0.7044
2025-10-01 15:59:16,019 - root - INFO - new node validate roc_auc, 0.6940
2025-10-01 15:59:24,426 - root - INFO - test loss: 0.5771
2025-10-01 15:59:24,426 - root - INFO - test average_precision, 0.7603
2025-10-01 15:59:24,426 - root - INFO - best test average_precision: 0.7714
2025-10-01 15:59:24,426 - root - INFO - test roc_auc, 0.7846
2025-10-01 15:59:24,426 - root - INFO - new node test loss: 0.6765
2025-10-01 15:59:24,426 - root - INFO - new node test average_precision, 0.7263
2025-10-01 15:59:24,426 - root - INFO - new node test roc_auc, 0.7246
2025-10-01 15:59:57,787 - root - INFO - Epoch: 71, learning rate: 0.0001, train loss: 0.3253
2025-10-01 15:59:57,787 - root - INFO - train average_precision, 0.9239
2025-10-01 15:59:57,787 - root - INFO - train roc_auc, 0.9305
2025-10-01 15:59:57,787 - root - INFO - validate loss: 0.5822
2025-10-01 15:59:57,787 - root - INFO - validate average_precision, 0.7787
2025-10-01 15:59:57,787 - root - INFO - validate roc_auc, 0.7977
2025-10-01 15:59:57,787 - root - INFO - new node validate loss: 0.7562
2025-10-01 15:59:57,787 - root - INFO - new node validate average_precision, 0.7125
2025-10-01 15:59:57,787 - root - INFO - new node validate roc_auc, 0.6987
2025-10-01 16:00:06,160 - root - INFO - test loss: 0.5786
2025-10-01 16:00:06,160 - root - INFO - test average_precision, 0.7684
2025-10-01 16:00:06,160 - root - INFO - best test average_precision: 0.7714
2025-10-01 16:00:06,160 - root - INFO - test roc_auc, 0.7904
2025-10-01 16:00:06,160 - root - INFO - new node test loss: 0.6906
2025-10-01 16:00:06,160 - root - INFO - new node test average_precision, 0.7324
2025-10-01 16:00:06,160 - root - INFO - new node test roc_auc, 0.7309
2025-10-01 16:00:39,966 - root - INFO - Epoch: 72, learning rate: 0.0001, train loss: 0.3242
2025-10-01 16:00:39,966 - root - INFO - train average_precision, 0.9234
2025-10-01 16:00:39,966 - root - INFO - train roc_auc, 0.9311
2025-10-01 16:00:39,966 - root - INFO - validate loss: 0.5832
2025-10-01 16:00:39,967 - root - INFO - validate average_precision, 0.7803
2025-10-01 16:00:39,967 - root - INFO - validate roc_auc, 0.7988
2025-10-01 16:00:39,967 - root - INFO - new node validate loss: 0.7693
2025-10-01 16:00:39,967 - root - INFO - new node validate average_precision, 0.7121
2025-10-01 16:00:39,967 - root - INFO - new node validate roc_auc, 0.6991
2025-10-01 16:00:48,347 - root - INFO - test loss: 0.5820
2025-10-01 16:00:48,347 - root - INFO - test average_precision, 0.7642
2025-10-01 16:00:48,347 - root - INFO - best test average_precision: 0.7714
2025-10-01 16:00:48,348 - root - INFO - test roc_auc, 0.7880
2025-10-01 16:00:48,348 - root - INFO - new node test loss: 0.6977
2025-10-01 16:00:48,348 - root - INFO - new node test average_precision, 0.7302
2025-10-01 16:00:48,348 - root - INFO - new node test roc_auc, 0.7280
2025-10-01 16:01:22,177 - root - INFO - Epoch: 73, learning rate: 0.0001, train loss: 0.3207
2025-10-01 16:01:22,177 - root - INFO - train average_precision, 0.9238
2025-10-01 16:01:22,177 - root - INFO - train roc_auc, 0.9314
2025-10-01 16:01:22,177 - root - INFO - validate loss: 0.5804
2025-10-01 16:01:22,177 - root - INFO - validate average_precision, 0.7772
2025-10-01 16:01:22,177 - root - INFO - validate roc_auc, 0.7951
2025-10-01 16:01:22,177 - root - INFO - new node validate loss: 0.7385
2025-10-01 16:01:22,177 - root - INFO - new node validate average_precision, 0.7117
2025-10-01 16:01:22,177 - root - INFO - new node validate roc_auc, 0.6967
2025-10-01 16:01:30,552 - root - INFO - test loss: 0.5731
2025-10-01 16:01:30,552 - root - INFO - test average_precision, 0.7630
2025-10-01 16:01:30,552 - root - INFO - best test average_precision: 0.7714
2025-10-01 16:01:30,552 - root - INFO - test roc_auc, 0.7859
2025-10-01 16:01:30,552 - root - INFO - new node test loss: 0.6757
2025-10-01 16:01:30,553 - root - INFO - new node test average_precision, 0.7283
2025-10-01 16:01:30,553 - root - INFO - new node test roc_auc, 0.7254
2025-10-01 16:02:04,074 - root - INFO - Epoch: 74, learning rate: 0.0001, train loss: 0.3207
2025-10-01 16:02:04,075 - root - INFO - train average_precision, 0.9245
2025-10-01 16:02:04,075 - root - INFO - train roc_auc, 0.9318
2025-10-01 16:02:04,075 - root - INFO - validate loss: 0.5874
2025-10-01 16:02:04,075 - root - INFO - validate average_precision, 0.7763
2025-10-01 16:02:04,075 - root - INFO - validate roc_auc, 0.7964
2025-10-01 16:02:04,075 - root - INFO - new node validate loss: 0.7596
2025-10-01 16:02:04,075 - root - INFO - new node validate average_precision, 0.7085
2025-10-01 16:02:04,075 - root - INFO - new node validate roc_auc, 0.6961
2025-10-01 16:02:12,479 - root - INFO - test loss: 0.5810
2025-10-01 16:02:12,479 - root - INFO - test average_precision, 0.7623
2025-10-01 16:02:12,479 - root - INFO - best test average_precision: 0.7714
2025-10-01 16:02:12,479 - root - INFO - test roc_auc, 0.7857
2025-10-01 16:02:12,479 - root - INFO - new node test loss: 0.6904
2025-10-01 16:02:12,479 - root - INFO - new node test average_precision, 0.7270
2025-10-01 16:02:12,479 - root - INFO - new node test roc_auc, 0.7247
2025-10-01 16:02:46,265 - root - INFO - Epoch: 75, learning rate: 0.0001, train loss: 0.3181
2025-10-01 16:02:46,265 - root - INFO - train average_precision, 0.9250
2025-10-01 16:02:46,265 - root - INFO - train roc_auc, 0.9323
2025-10-01 16:02:46,266 - root - INFO - validate loss: 0.5802
2025-10-01 16:02:46,266 - root - INFO - validate average_precision, 0.7781
2025-10-01 16:02:46,266 - root - INFO - validate roc_auc, 0.7966
2025-10-01 16:02:46,266 - root - INFO - new node validate loss: 0.7371
2025-10-01 16:02:46,266 - root - INFO - new node validate average_precision, 0.7119
2025-10-01 16:02:46,266 - root - INFO - new node validate roc_auc, 0.6989
2025-10-01 16:02:54,650 - root - INFO - test loss: 0.5677
2025-10-01 16:02:54,650 - root - INFO - test average_precision, 0.7682
2025-10-01 16:02:54,650 - root - INFO - best test average_precision: 0.7714
2025-10-01 16:02:54,650 - root - INFO - test roc_auc, 0.7901
2025-10-01 16:02:54,650 - root - INFO - new node test loss: 0.6744
2025-10-01 16:02:54,650 - root - INFO - new node test average_precision, 0.7303
2025-10-01 16:02:54,650 - root - INFO - new node test roc_auc, 0.7275
2025-10-01 16:03:28,086 - root - INFO - Epoch: 76, learning rate: 0.0001, train loss: 0.3167
2025-10-01 16:03:28,086 - root - INFO - train average_precision, 0.9254
2025-10-01 16:03:28,086 - root - INFO - train roc_auc, 0.9331
2025-10-01 16:03:28,087 - root - INFO - validate loss: 0.5818
2025-10-01 16:03:28,087 - root - INFO - validate average_precision, 0.7805
2025-10-01 16:03:28,087 - root - INFO - validate roc_auc, 0.7987
2025-10-01 16:03:28,087 - root - INFO - new node validate loss: 0.7475
2025-10-01 16:03:28,087 - root - INFO - new node validate average_precision, 0.7109
2025-10-01 16:03:28,087 - root - INFO - new node validate roc_auc, 0.6984
2025-10-01 16:03:36,519 - root - INFO - test loss: 0.5723
2025-10-01 16:03:36,519 - root - INFO - test average_precision, 0.7707
2025-10-01 16:03:36,519 - root - INFO - best test average_precision: 0.7714
2025-10-01 16:03:36,519 - root - INFO - test roc_auc, 0.7922
2025-10-01 16:03:36,519 - root - INFO - new node test loss: 0.6870
2025-10-01 16:03:36,519 - root - INFO - new node test average_precision, 0.7318
2025-10-01 16:03:36,519 - root - INFO - new node test roc_auc, 0.7291
2025-10-01 16:04:10,171 - root - INFO - Epoch: 77, learning rate: 0.0001, train loss: 0.3172
2025-10-01 16:04:10,171 - root - INFO - train average_precision, 0.9260
2025-10-01 16:04:10,171 - root - INFO - train roc_auc, 0.9340
2025-10-01 16:04:10,171 - root - INFO - validate loss: 0.5814
2025-10-01 16:04:10,171 - root - INFO - validate average_precision, 0.7783
2025-10-01 16:04:10,171 - root - INFO - validate roc_auc, 0.7974
2025-10-01 16:04:10,171 - root - INFO - new node validate loss: 0.7492
2025-10-01 16:04:10,171 - root - INFO - new node validate average_precision, 0.7143
2025-10-01 16:04:10,171 - root - INFO - new node validate roc_auc, 0.7009
2025-10-01 16:04:18,578 - root - INFO - test loss: 0.5833
2025-10-01 16:04:18,578 - root - INFO - test average_precision, 0.7680
2025-10-01 16:04:18,578 - root - INFO - best test average_precision: 0.7714
2025-10-01 16:04:18,578 - root - INFO - test roc_auc, 0.7883
2025-10-01 16:04:18,578 - root - INFO - new node test loss: 0.6922
2025-10-01 16:04:18,578 - root - INFO - new node test average_precision, 0.7340
2025-10-01 16:04:18,578 - root - INFO - new node test roc_auc, 0.7304
2025-10-01 16:04:51,985 - root - INFO - Epoch: 78, learning rate: 0.0001, train loss: 0.3162
2025-10-01 16:04:51,985 - root - INFO - train average_precision, 0.9265
2025-10-01 16:04:51,986 - root - INFO - train roc_auc, 0.9338
2025-10-01 16:04:51,986 - root - INFO - validate loss: 0.5915
2025-10-01 16:04:51,986 - root - INFO - validate average_precision, 0.7767
2025-10-01 16:04:51,986 - root - INFO - validate roc_auc, 0.7953
2025-10-01 16:04:51,986 - root - INFO - new node validate loss: 0.7476
2025-10-01 16:04:51,986 - root - INFO - new node validate average_precision, 0.7094
2025-10-01 16:04:51,986 - root - INFO - new node validate roc_auc, 0.6979
2025-10-01 16:05:00,385 - root - INFO - test loss: 0.5818
2025-10-01 16:05:00,385 - root - INFO - test average_precision, 0.7601
2025-10-01 16:05:00,385 - root - INFO - best test average_precision: 0.7714
2025-10-01 16:05:00,386 - root - INFO - test roc_auc, 0.7830
2025-10-01 16:05:00,386 - root - INFO - new node test loss: 0.6811
2025-10-01 16:05:00,386 - root - INFO - new node test average_precision, 0.7273
2025-10-01 16:05:00,386 - root - INFO - new node test roc_auc, 0.7237
2025-10-01 16:05:33,956 - root - INFO - Epoch: 79, learning rate: 0.0001, train loss: 0.3148
2025-10-01 16:05:33,956 - root - INFO - train average_precision, 0.9267
2025-10-01 16:05:33,956 - root - INFO - train roc_auc, 0.9345
2025-10-01 16:05:33,956 - root - INFO - validate loss: 0.5827
2025-10-01 16:05:33,956 - root - INFO - validate average_precision, 0.7823
2025-10-01 16:05:33,956 - root - INFO - validate roc_auc, 0.7996
2025-10-01 16:05:33,956 - root - INFO - new node validate loss: 0.7637
2025-10-01 16:05:33,956 - root - INFO - new node validate average_precision, 0.7166
2025-10-01 16:05:33,956 - root - INFO - new node validate roc_auc, 0.7024
2025-10-01 16:05:42,333 - root - INFO - test loss: 0.5785
2025-10-01 16:05:42,333 - root - INFO - test average_precision, 0.7672
2025-10-01 16:05:42,333 - root - INFO - best test average_precision: 0.7714
2025-10-01 16:05:42,333 - root - INFO - test roc_auc, 0.7886
2025-10-01 16:05:42,333 - root - INFO - new node test loss: 0.6925
2025-10-01 16:05:42,333 - root - INFO - new node test average_precision, 0.7319
2025-10-01 16:05:42,333 - root - INFO - new node test roc_auc, 0.7268
2025-10-01 16:06:15,909 - root - INFO - Epoch: 80, learning rate: 0.0001, train loss: 0.3128
2025-10-01 16:06:15,910 - root - INFO - train average_precision, 0.9270
2025-10-01 16:06:15,910 - root - INFO - train roc_auc, 0.9349
2025-10-01 16:06:15,910 - root - INFO - validate loss: 0.5915
2025-10-01 16:06:15,910 - root - INFO - validate average_precision, 0.7762
2025-10-01 16:06:15,910 - root - INFO - validate roc_auc, 0.7940
2025-10-01 16:06:15,910 - root - INFO - new node validate loss: 0.7361
2025-10-01 16:06:15,910 - root - INFO - new node validate average_precision, 0.7101
2025-10-01 16:06:15,910 - root - INFO - new node validate roc_auc, 0.6962
2025-10-01 16:06:24,295 - root - INFO - test loss: 0.5765
2025-10-01 16:06:24,295 - root - INFO - test average_precision, 0.7644
2025-10-01 16:06:24,295 - root - INFO - best test average_precision: 0.7714
2025-10-01 16:06:24,296 - root - INFO - test roc_auc, 0.7860
2025-10-01 16:06:24,296 - root - INFO - new node test loss: 0.6741
2025-10-01 16:06:24,296 - root - INFO - new node test average_precision, 0.7287
2025-10-01 16:06:24,296 - root - INFO - new node test roc_auc, 0.7240
2025-10-01 16:06:58,130 - root - INFO - Epoch: 81, learning rate: 0.0001, train loss: 0.3152
2025-10-01 16:06:58,131 - root - INFO - train average_precision, 0.9272
2025-10-01 16:06:58,131 - root - INFO - train roc_auc, 0.9348
2025-10-01 16:06:58,131 - root - INFO - validate loss: 0.5859
2025-10-01 16:06:58,131 - root - INFO - validate average_precision, 0.7812
2025-10-01 16:06:58,131 - root - INFO - validate roc_auc, 0.7978
2025-10-01 16:06:58,131 - root - INFO - new node validate loss: 0.7539
2025-10-01 16:06:58,131 - root - INFO - new node validate average_precision, 0.7021
2025-10-01 16:06:58,131 - root - INFO - new node validate roc_auc, 0.6846
2025-10-01 16:07:06,560 - root - INFO - test loss: 0.5714
2025-10-01 16:07:06,560 - root - INFO - test average_precision, 0.7701
2025-10-01 16:07:06,560 - root - INFO - best test average_precision: 0.7714
2025-10-01 16:07:06,560 - root - INFO - test roc_auc, 0.7911
2025-10-01 16:07:06,560 - root - INFO - new node test loss: 0.6733
2025-10-01 16:07:06,560 - root - INFO - new node test average_precision, 0.7349
2025-10-01 16:07:06,560 - root - INFO - new node test roc_auc, 0.7315
2025-10-01 16:07:40,023 - root - INFO - Epoch: 82, learning rate: 0.0001, train loss: 0.3094
2025-10-01 16:07:40,023 - root - INFO - train average_precision, 0.9290
2025-10-01 16:07:40,023 - root - INFO - train roc_auc, 0.9365
2025-10-01 16:07:40,023 - root - INFO - validate loss: 0.5967
2025-10-01 16:07:40,024 - root - INFO - validate average_precision, 0.7813
2025-10-01 16:07:40,024 - root - INFO - validate roc_auc, 0.7978
2025-10-01 16:07:40,024 - root - INFO - new node validate loss: 0.7796
2025-10-01 16:07:40,024 - root - INFO - new node validate average_precision, 0.6974
2025-10-01 16:07:40,024 - root - INFO - new node validate roc_auc, 0.6809
2025-10-01 16:07:48,415 - root - INFO - test loss: 0.5874
2025-10-01 16:07:48,415 - root - INFO - test average_precision, 0.7677
2025-10-01 16:07:48,415 - root - INFO - best test average_precision: 0.7714
2025-10-01 16:07:48,415 - root - INFO - test roc_auc, 0.7889
2025-10-01 16:07:48,415 - root - INFO - new node test loss: 0.6975
2025-10-01 16:07:48,415 - root - INFO - new node test average_precision, 0.7331
2025-10-01 16:07:48,415 - root - INFO - new node test roc_auc, 0.7291
2025-10-01 16:07:48,415 - root - INFO - load model ./saved_models/TGAT/uci/TGAT_seed0/TGAT_seed0.pkl
2025-10-01 16:07:48,435 - root - INFO - get final performance on dataset uci...
2025-10-01 16:08:04,561 - root - INFO - validate loss: 0.5702
2025-10-01 16:08:04,561 - root - INFO - validate average_precision, 0.7823
2025-10-01 16:08:04,561 - root - INFO - validate roc_auc, 0.8003
2025-10-01 16:08:04,561 - root - INFO - new node validate loss: 0.7449
2025-10-01 16:08:04,562 - root - INFO - new node validate average_precision, 0.7178
2025-10-01 16:08:04,562 - root - INFO - new node validate roc_auc, 0.7026
2025-10-01 16:08:04,562 - root - INFO - test loss: 0.5704
2025-10-01 16:08:04,562 - root - INFO - test average_precision, 0.7697
2025-10-01 16:08:04,562 - root - INFO - test roc_auc, 0.7929
2025-10-01 16:08:04,562 - root - INFO - new node test loss: 0.6813
2025-10-01 16:08:04,562 - root - INFO - new node test average_precision, 0.7339
2025-10-01 16:08:04,562 - root - INFO - new node test roc_auc, 0.7345
2025-10-01 16:08:04,562 - root - INFO - Run 1 cost 3468.11 seconds.
