2025-10-01 06:45:47,828 - root - INFO - ********** Run 3 starts. **********
2025-10-01 06:45:47,828 - root - INFO - configuration is Namespace(dataset_name='uci', batch_size=200, model_name='JODIE', gpu=0, num_neighbors=10, sample_neighbor_strategy='uniform', time_scaling_factor=1e-06, num_walk_heads=8, num_heads=2, num_layers=1, walk_length=1, time_gap=2000, time_feat_dim=128, position_feat_dim=172, time_window_mode='fixed_proportion', time_encoder_type='lete', expert_dim=64, num_mixtures=4, patch_size=1, channel_embedding_dim=50, max_input_sequence_length=32, learning_rate=0.0001, dropout=0.4, gamma=0.5, num_epochs=100, optimizer='Adam', weight_decay=0.0, patience=20, val_ratio=0.15, test_ratio=0.15, num_runs=5, test_interval_epochs=1, negative_sample_strategy='random', max_interaction_times=10, load_best_configs=True, device='cuda:0', seed=2, save_model_name='JODIE_seed2')
2025-10-01 06:45:47,830 - root - INFO - time encoder type: lete
2025-10-01 06:45:47,901 - root - INFO - model -> Sequential(
  (0): MemoryModel(
    (time_encoder): TimeEncoder(
      (w): Linear(in_features=1, out_features=128, bias=True)
    )
    (message_aggregator): MessageAggregator()
    (memory_bank): MemoryBank(num_nodes=1900, memory_dim=172)
    (memory_updater): RNNMemoryUpdater(
      (memory_bank): MemoryBank(num_nodes=1900, memory_dim=172)
      (memory_updater): RNNCell(644, 172)
    )
    (embedding_module): TimeProjectionEmbedding(
      (dropout): Dropout(p=0.4, inplace=False)
      (linear_layer): Linear(in_features=1, out_features=172, bias=True)
    )
  )
  (1): MergeLayer(
    (fc1): Linear(in_features=344, out_features=172, bias=True)
    (fc2): Linear(in_features=172, out_features=1, bias=True)
    (act): ReLU()
  )
)
2025-10-01 06:45:47,901 - root - INFO - model name: JODIE, #parameters: 803236 B, 784.41015625 KB, 0.7660255432128906 MB.
2025-10-01 06:45:51,653 - root - INFO - Epoch: 1, learning rate: 0.0001, train loss: 0.5299
2025-10-01 06:45:51,653 - root - INFO - train average_precision, 0.7791
2025-10-01 06:45:51,654 - root - INFO - train roc_auc, 0.8153
2025-10-01 06:45:51,654 - root - INFO - validate loss: 0.5564
2025-10-01 06:45:51,654 - root - INFO - validate average_precision, 0.8272
2025-10-01 06:45:51,654 - root - INFO - validate roc_auc, 0.8475
2025-10-01 06:45:51,654 - root - INFO - new node validate loss: 0.7073
2025-10-01 06:45:51,654 - root - INFO - new node validate average_precision, 0.7090
2025-10-01 06:45:51,654 - root - INFO - new node validate roc_auc, 0.7132
2025-10-01 06:45:52,621 - root - INFO - test loss: 0.9673
2025-10-01 06:45:52,621 - root - INFO - test average_precision, 0.8790
2025-10-01 06:45:52,621 - root - INFO - best test average_precision: 0.8790
2025-10-01 06:45:52,621 - root - INFO - test roc_auc, 0.8983
2025-10-01 06:45:52,621 - root - INFO - new node test loss: 1.1888
2025-10-01 06:45:52,621 - root - INFO - new node test average_precision, 0.7400
2025-10-01 06:45:52,621 - root - INFO - new node test roc_auc, 0.7604
2025-10-01 06:45:52,622 - root - INFO - save model ./saved_models/JODIE/uci/JODIE_seed2/JODIE_seed2.pkl
2025-10-01 06:45:56,583 - root - INFO - Epoch: 2, learning rate: 0.0001, train loss: 0.4799
2025-10-01 06:45:56,584 - root - INFO - train average_precision, 0.8234
2025-10-01 06:45:56,584 - root - INFO - train roc_auc, 0.8497
2025-10-01 06:45:56,584 - root - INFO - validate loss: 0.5565
2025-10-01 06:45:56,584 - root - INFO - validate average_precision, 0.8288
2025-10-01 06:45:56,584 - root - INFO - validate roc_auc, 0.8475
2025-10-01 06:45:56,584 - root - INFO - new node validate loss: 0.6944
2025-10-01 06:45:56,584 - root - INFO - new node validate average_precision, 0.7206
2025-10-01 06:45:56,584 - root - INFO - new node validate roc_auc, 0.7197
2025-10-01 06:45:57,551 - root - INFO - test loss: 0.9203
2025-10-01 06:45:57,551 - root - INFO - test average_precision, 0.8752
2025-10-01 06:45:57,551 - root - INFO - best test average_precision: 0.8790
2025-10-01 06:45:57,551 - root - INFO - test roc_auc, 0.8964
2025-10-01 06:45:57,552 - root - INFO - new node test loss: 1.0951
2025-10-01 06:45:57,552 - root - INFO - new node test average_precision, 0.7305
2025-10-01 06:45:57,552 - root - INFO - new node test roc_auc, 0.7510
2025-10-01 06:46:01,305 - root - INFO - Epoch: 3, learning rate: 0.0001, train loss: 0.4717
2025-10-01 06:46:01,306 - root - INFO - train average_precision, 0.8305
2025-10-01 06:46:01,306 - root - INFO - train roc_auc, 0.8539
2025-10-01 06:46:01,306 - root - INFO - validate loss: 0.5436
2025-10-01 06:46:01,306 - root - INFO - validate average_precision, 0.8305
2025-10-01 06:46:01,306 - root - INFO - validate roc_auc, 0.8483
2025-10-01 06:46:01,306 - root - INFO - new node validate loss: 0.6782
2025-10-01 06:46:01,306 - root - INFO - new node validate average_precision, 0.7269
2025-10-01 06:46:01,306 - root - INFO - new node validate roc_auc, 0.7232
2025-10-01 06:46:02,166 - root - INFO - test loss: 0.8722
2025-10-01 06:46:02,167 - root - INFO - test average_precision, 0.8694
2025-10-01 06:46:02,167 - root - INFO - best test average_precision: 0.8790
2025-10-01 06:46:02,167 - root - INFO - test roc_auc, 0.8940
2025-10-01 06:46:02,167 - root - INFO - new node test loss: 1.0299
2025-10-01 06:46:02,167 - root - INFO - new node test average_precision, 0.7177
2025-10-01 06:46:02,167 - root - INFO - new node test roc_auc, 0.7439
2025-10-01 06:46:02,167 - root - INFO - save model ./saved_models/JODIE/uci/JODIE_seed2/JODIE_seed2.pkl
2025-10-01 06:46:06,258 - root - INFO - Epoch: 4, learning rate: 0.0001, train loss: 0.4663
2025-10-01 06:46:06,259 - root - INFO - train average_precision, 0.8325
2025-10-01 06:46:06,259 - root - INFO - train roc_auc, 0.8560
2025-10-01 06:46:06,259 - root - INFO - validate loss: 0.5298
2025-10-01 06:46:06,259 - root - INFO - validate average_precision, 0.8327
2025-10-01 06:46:06,259 - root - INFO - validate roc_auc, 0.8505
2025-10-01 06:46:06,259 - root - INFO - new node validate loss: 0.6613
2025-10-01 06:46:06,259 - root - INFO - new node validate average_precision, 0.7284
2025-10-01 06:46:06,259 - root - INFO - new node validate roc_auc, 0.7244
2025-10-01 06:46:07,119 - root - INFO - test loss: 0.8096
2025-10-01 06:46:07,120 - root - INFO - test average_precision, 0.8702
2025-10-01 06:46:07,120 - root - INFO - best test average_precision: 0.8790
2025-10-01 06:46:07,120 - root - INFO - test roc_auc, 0.8948
2025-10-01 06:46:07,120 - root - INFO - new node test loss: 0.9533
2025-10-01 06:46:07,120 - root - INFO - new node test average_precision, 0.7186
2025-10-01 06:46:07,120 - root - INFO - new node test roc_auc, 0.7447
2025-10-01 06:46:07,120 - root - INFO - save model ./saved_models/JODIE/uci/JODIE_seed2/JODIE_seed2.pkl
2025-10-01 06:46:11,233 - root - INFO - Epoch: 5, learning rate: 0.0001, train loss: 0.4645
2025-10-01 06:46:11,233 - root - INFO - train average_precision, 0.8379
2025-10-01 06:46:11,233 - root - INFO - train roc_auc, 0.8586
2025-10-01 06:46:11,233 - root - INFO - validate loss: 0.5255
2025-10-01 06:46:11,233 - root - INFO - validate average_precision, 0.8330
2025-10-01 06:46:11,233 - root - INFO - validate roc_auc, 0.8508
2025-10-01 06:46:11,233 - root - INFO - new node validate loss: 0.6595
2025-10-01 06:46:11,233 - root - INFO - new node validate average_precision, 0.7294
2025-10-01 06:46:11,234 - root - INFO - new node validate roc_auc, 0.7258
2025-10-01 06:46:12,091 - root - INFO - test loss: 0.8037
2025-10-01 06:46:12,091 - root - INFO - test average_precision, 0.8635
2025-10-01 06:46:12,091 - root - INFO - best test average_precision: 0.8790
2025-10-01 06:46:12,091 - root - INFO - test roc_auc, 0.8919
2025-10-01 06:46:12,092 - root - INFO - new node test loss: 0.9471
2025-10-01 06:46:12,092 - root - INFO - new node test average_precision, 0.7071
2025-10-01 06:46:12,092 - root - INFO - new node test roc_auc, 0.7387
2025-10-01 06:46:12,092 - root - INFO - save model ./saved_models/JODIE/uci/JODIE_seed2/JODIE_seed2.pkl
2025-10-01 06:46:16,153 - root - INFO - Epoch: 6, learning rate: 0.0001, train loss: 0.4586
2025-10-01 06:46:16,153 - root - INFO - train average_precision, 0.8419
2025-10-01 06:46:16,153 - root - INFO - train roc_auc, 0.8621
2025-10-01 06:46:16,153 - root - INFO - validate loss: 0.5315
2025-10-01 06:46:16,153 - root - INFO - validate average_precision, 0.8322
2025-10-01 06:46:16,153 - root - INFO - validate roc_auc, 0.8495
2025-10-01 06:46:16,153 - root - INFO - new node validate loss: 0.6618
2025-10-01 06:46:16,153 - root - INFO - new node validate average_precision, 0.7296
2025-10-01 06:46:16,153 - root - INFO - new node validate roc_auc, 0.7256
2025-10-01 06:46:17,013 - root - INFO - test loss: 0.8078
2025-10-01 06:46:17,013 - root - INFO - test average_precision, 0.8576
2025-10-01 06:46:17,013 - root - INFO - best test average_precision: 0.8790
2025-10-01 06:46:17,013 - root - INFO - test roc_auc, 0.8894
2025-10-01 06:46:17,013 - root - INFO - new node test loss: 0.9470
2025-10-01 06:46:17,013 - root - INFO - new node test average_precision, 0.6970
2025-10-01 06:46:17,014 - root - INFO - new node test roc_auc, 0.7328
2025-10-01 06:46:20,760 - root - INFO - Epoch: 7, learning rate: 0.0001, train loss: 0.4571
2025-10-01 06:46:20,760 - root - INFO - train average_precision, 0.8410
2025-10-01 06:46:20,761 - root - INFO - train roc_auc, 0.8623
2025-10-01 06:46:20,761 - root - INFO - validate loss: 0.5300
2025-10-01 06:46:20,761 - root - INFO - validate average_precision, 0.8316
2025-10-01 06:46:20,761 - root - INFO - validate roc_auc, 0.8491
2025-10-01 06:46:20,761 - root - INFO - new node validate loss: 0.6568
2025-10-01 06:46:20,761 - root - INFO - new node validate average_precision, 0.7301
2025-10-01 06:46:20,761 - root - INFO - new node validate roc_auc, 0.7253
2025-10-01 06:46:21,623 - root - INFO - test loss: 0.7865
2025-10-01 06:46:21,623 - root - INFO - test average_precision, 0.8545
2025-10-01 06:46:21,623 - root - INFO - best test average_precision: 0.8790
2025-10-01 06:46:21,624 - root - INFO - test roc_auc, 0.8884
2025-10-01 06:46:21,624 - root - INFO - new node test loss: 0.9305
2025-10-01 06:46:21,624 - root - INFO - new node test average_precision, 0.6938
2025-10-01 06:46:21,624 - root - INFO - new node test roc_auc, 0.7317
2025-10-01 06:46:25,479 - root - INFO - Epoch: 8, learning rate: 0.0001, train loss: 0.4623
2025-10-01 06:46:25,479 - root - INFO - train average_precision, 0.8371
2025-10-01 06:46:25,479 - root - INFO - train roc_auc, 0.8593
2025-10-01 06:46:25,479 - root - INFO - validate loss: 0.5252
2025-10-01 06:46:25,479 - root - INFO - validate average_precision, 0.8335
2025-10-01 06:46:25,479 - root - INFO - validate roc_auc, 0.8505
2025-10-01 06:46:25,479 - root - INFO - new node validate loss: 0.6536
2025-10-01 06:46:25,479 - root - INFO - new node validate average_precision, 0.7330
2025-10-01 06:46:25,479 - root - INFO - new node validate roc_auc, 0.7271
2025-10-01 06:46:26,344 - root - INFO - test loss: 0.7846
2025-10-01 06:46:26,344 - root - INFO - test average_precision, 0.8636
2025-10-01 06:46:26,344 - root - INFO - best test average_precision: 0.8790
2025-10-01 06:46:26,344 - root - INFO - test roc_auc, 0.8915
2025-10-01 06:46:26,344 - root - INFO - new node test loss: 0.9310
2025-10-01 06:46:26,344 - root - INFO - new node test average_precision, 0.7073
2025-10-01 06:46:26,345 - root - INFO - new node test roc_auc, 0.7379
2025-10-01 06:46:30,114 - root - INFO - Epoch: 9, learning rate: 0.0001, train loss: 0.4587
2025-10-01 06:46:30,114 - root - INFO - train average_precision, 0.8427
2025-10-01 06:46:30,114 - root - INFO - train roc_auc, 0.8621
2025-10-01 06:46:30,114 - root - INFO - validate loss: 0.5104
2025-10-01 06:46:30,114 - root - INFO - validate average_precision, 0.8351
2025-10-01 06:46:30,114 - root - INFO - validate roc_auc, 0.8517
2025-10-01 06:46:30,114 - root - INFO - new node validate loss: 0.6391
2025-10-01 06:46:30,114 - root - INFO - new node validate average_precision, 0.7354
2025-10-01 06:46:30,114 - root - INFO - new node validate roc_auc, 0.7272
2025-10-01 06:46:31,080 - root - INFO - test loss: 0.7305
2025-10-01 06:46:31,080 - root - INFO - test average_precision, 0.8697
2025-10-01 06:46:31,080 - root - INFO - best test average_precision: 0.8790
2025-10-01 06:46:31,080 - root - INFO - test roc_auc, 0.8932
2025-10-01 06:46:31,080 - root - INFO - new node test loss: 0.8816
2025-10-01 06:46:31,080 - root - INFO - new node test average_precision, 0.7185
2025-10-01 06:46:31,080 - root - INFO - new node test roc_auc, 0.7418
2025-10-01 06:46:31,080 - root - INFO - save model ./saved_models/JODIE/uci/JODIE_seed2/JODIE_seed2.pkl
2025-10-01 06:46:35,023 - root - INFO - Epoch: 10, learning rate: 0.0001, train loss: 0.4568
2025-10-01 06:46:35,023 - root - INFO - train average_precision, 0.8425
2025-10-01 06:46:35,023 - root - INFO - train roc_auc, 0.8627
2025-10-01 06:46:35,023 - root - INFO - validate loss: 0.5244
2025-10-01 06:46:35,024 - root - INFO - validate average_precision, 0.8332
2025-10-01 06:46:35,024 - root - INFO - validate roc_auc, 0.8491
2025-10-01 06:46:35,024 - root - INFO - new node validate loss: 0.6472
2025-10-01 06:46:35,024 - root - INFO - new node validate average_precision, 0.7344
2025-10-01 06:46:35,024 - root - INFO - new node validate roc_auc, 0.7271
2025-10-01 06:46:35,879 - root - INFO - test loss: 0.7681
2025-10-01 06:46:35,879 - root - INFO - test average_precision, 0.8683
2025-10-01 06:46:35,879 - root - INFO - best test average_precision: 0.8790
2025-10-01 06:46:35,879 - root - INFO - test roc_auc, 0.8924
2025-10-01 06:46:35,879 - root - INFO - new node test loss: 0.9263
2025-10-01 06:46:35,879 - root - INFO - new node test average_precision, 0.7154
2025-10-01 06:46:35,879 - root - INFO - new node test roc_auc, 0.7398
2025-10-01 06:46:39,691 - root - INFO - Epoch: 11, learning rate: 0.0001, train loss: 0.4566
2025-10-01 06:46:39,691 - root - INFO - train average_precision, 0.8433
2025-10-01 06:46:39,691 - root - INFO - train roc_auc, 0.8633
2025-10-01 06:46:39,691 - root - INFO - validate loss: 0.5230
2025-10-01 06:46:39,691 - root - INFO - validate average_precision, 0.8314
2025-10-01 06:46:39,691 - root - INFO - validate roc_auc, 0.8480
2025-10-01 06:46:39,691 - root - INFO - new node validate loss: 0.6429
2025-10-01 06:46:39,691 - root - INFO - new node validate average_precision, 0.7334
2025-10-01 06:46:39,691 - root - INFO - new node validate roc_auc, 0.7262
2025-10-01 06:46:40,551 - root - INFO - test loss: 0.7424
2025-10-01 06:46:40,551 - root - INFO - test average_precision, 0.8699
2025-10-01 06:46:40,551 - root - INFO - best test average_precision: 0.8790
2025-10-01 06:46:40,551 - root - INFO - test roc_auc, 0.8926
2025-10-01 06:46:40,552 - root - INFO - new node test loss: 0.9014
2025-10-01 06:46:40,552 - root - INFO - new node test average_precision, 0.7217
2025-10-01 06:46:40,552 - root - INFO - new node test roc_auc, 0.7418
2025-10-01 06:46:44,277 - root - INFO - Epoch: 12, learning rate: 0.0001, train loss: 0.4527
2025-10-01 06:46:44,277 - root - INFO - train average_precision, 0.8468
2025-10-01 06:46:44,277 - root - INFO - train roc_auc, 0.8661
2025-10-01 06:46:44,277 - root - INFO - validate loss: 0.5181
2025-10-01 06:46:44,277 - root - INFO - validate average_precision, 0.8326
2025-10-01 06:46:44,277 - root - INFO - validate roc_auc, 0.8494
2025-10-01 06:46:44,277 - root - INFO - new node validate loss: 0.6401
2025-10-01 06:46:44,277 - root - INFO - new node validate average_precision, 0.7330
2025-10-01 06:46:44,277 - root - INFO - new node validate roc_auc, 0.7257
2025-10-01 06:46:45,245 - root - INFO - test loss: 0.7268
2025-10-01 06:46:45,245 - root - INFO - test average_precision, 0.8786
2025-10-01 06:46:45,245 - root - INFO - best test average_precision: 0.8790
2025-10-01 06:46:45,246 - root - INFO - test roc_auc, 0.8966
2025-10-01 06:46:45,246 - root - INFO - new node test loss: 0.8925
2025-10-01 06:46:45,246 - root - INFO - new node test average_precision, 0.7383
2025-10-01 06:46:45,246 - root - INFO - new node test roc_auc, 0.7505
2025-10-01 06:46:48,976 - root - INFO - Epoch: 13, learning rate: 0.0001, train loss: 0.4535
2025-10-01 06:46:48,977 - root - INFO - train average_precision, 0.8454
2025-10-01 06:46:48,977 - root - INFO - train roc_auc, 0.8650
2025-10-01 06:46:48,977 - root - INFO - validate loss: 0.5171
2025-10-01 06:46:48,977 - root - INFO - validate average_precision, 0.8348
2025-10-01 06:46:48,977 - root - INFO - validate roc_auc, 0.8512
2025-10-01 06:46:48,977 - root - INFO - new node validate loss: 0.6393
2025-10-01 06:46:48,977 - root - INFO - new node validate average_precision, 0.7327
2025-10-01 06:46:48,977 - root - INFO - new node validate roc_auc, 0.7247
2025-10-01 06:46:49,833 - root - INFO - test loss: 0.7129
2025-10-01 06:46:49,833 - root - INFO - test average_precision, 0.8826
2025-10-01 06:46:49,833 - root - INFO - best test average_precision: 0.8826
2025-10-01 06:46:49,833 - root - INFO - test roc_auc, 0.8984
2025-10-01 06:46:49,833 - root - INFO - new node test loss: 0.8753
2025-10-01 06:46:49,833 - root - INFO - new node test average_precision, 0.7460
2025-10-01 06:46:49,833 - root - INFO - new node test roc_auc, 0.7550
2025-10-01 06:46:53,638 - root - INFO - Epoch: 14, learning rate: 0.0001, train loss: 0.4501
2025-10-01 06:46:53,638 - root - INFO - train average_precision, 0.8480
2025-10-01 06:46:53,638 - root - INFO - train roc_auc, 0.8677
2025-10-01 06:46:53,638 - root - INFO - validate loss: 0.5265
2025-10-01 06:46:53,638 - root - INFO - validate average_precision, 0.8306
2025-10-01 06:46:53,639 - root - INFO - validate roc_auc, 0.8473
2025-10-01 06:46:53,639 - root - INFO - new node validate loss: 0.6473
2025-10-01 06:46:53,639 - root - INFO - new node validate average_precision, 0.7314
2025-10-01 06:46:53,639 - root - INFO - new node validate roc_auc, 0.7230
2025-10-01 06:46:54,502 - root - INFO - test loss: 0.7407
2025-10-01 06:46:54,502 - root - INFO - test average_precision, 0.8815
2025-10-01 06:46:54,503 - root - INFO - best test average_precision: 0.8826
2025-10-01 06:46:54,503 - root - INFO - test roc_auc, 0.8970
2025-10-01 06:46:54,503 - root - INFO - new node test loss: 0.9117
2025-10-01 06:46:54,503 - root - INFO - new node test average_precision, 0.7444
2025-10-01 06:46:54,503 - root - INFO - new node test roc_auc, 0.7517
2025-10-01 06:46:58,240 - root - INFO - Epoch: 15, learning rate: 0.0001, train loss: 0.4516
2025-10-01 06:46:58,240 - root - INFO - train average_precision, 0.8467
2025-10-01 06:46:58,240 - root - INFO - train roc_auc, 0.8663
2025-10-01 06:46:58,240 - root - INFO - validate loss: 0.5107
2025-10-01 06:46:58,240 - root - INFO - validate average_precision, 0.8325
2025-10-01 06:46:58,240 - root - INFO - validate roc_auc, 0.8498
2025-10-01 06:46:58,240 - root - INFO - new node validate loss: 0.6337
2025-10-01 06:46:58,240 - root - INFO - new node validate average_precision, 0.7336
2025-10-01 06:46:58,240 - root - INFO - new node validate roc_auc, 0.7236
2025-10-01 06:46:59,226 - root - INFO - test loss: 0.6791
2025-10-01 06:46:59,226 - root - INFO - test average_precision, 0.8915
2025-10-01 06:46:59,226 - root - INFO - best test average_precision: 0.8915
2025-10-01 06:46:59,226 - root - INFO - test roc_auc, 0.9029
2025-10-01 06:46:59,226 - root - INFO - new node test loss: 0.8470
2025-10-01 06:46:59,226 - root - INFO - new node test average_precision, 0.7690
2025-10-01 06:46:59,226 - root - INFO - new node test roc_auc, 0.7679
2025-10-01 06:47:03,023 - root - INFO - Epoch: 16, learning rate: 0.0001, train loss: 0.4517
2025-10-01 06:47:03,023 - root - INFO - train average_precision, 0.8479
2025-10-01 06:47:03,023 - root - INFO - train roc_auc, 0.8667
2025-10-01 06:47:03,023 - root - INFO - validate loss: 0.5194
2025-10-01 06:47:03,023 - root - INFO - validate average_precision, 0.8347
2025-10-01 06:47:03,024 - root - INFO - validate roc_auc, 0.8523
2025-10-01 06:47:03,024 - root - INFO - new node validate loss: 0.6426
2025-10-01 06:47:03,024 - root - INFO - new node validate average_precision, 0.7303
2025-10-01 06:47:03,024 - root - INFO - new node validate roc_auc, 0.7210
2025-10-01 06:47:03,884 - root - INFO - test loss: 0.6985
2025-10-01 06:47:03,884 - root - INFO - test average_precision, 0.8951
2025-10-01 06:47:03,884 - root - INFO - best test average_precision: 0.8951
2025-10-01 06:47:03,884 - root - INFO - test roc_auc, 0.9054
2025-10-01 06:47:03,884 - root - INFO - new node test loss: 0.8586
2025-10-01 06:47:03,884 - root - INFO - new node test average_precision, 0.7756
2025-10-01 06:47:03,884 - root - INFO - new node test roc_auc, 0.7742
2025-10-01 06:47:07,719 - root - INFO - Epoch: 17, learning rate: 0.0001, train loss: 0.4440
2025-10-01 06:47:07,719 - root - INFO - train average_precision, 0.8560
2025-10-01 06:47:07,719 - root - INFO - train roc_auc, 0.8719
2025-10-01 06:47:07,719 - root - INFO - validate loss: 0.5194
2025-10-01 06:47:07,719 - root - INFO - validate average_precision, 0.8305
2025-10-01 06:47:07,719 - root - INFO - validate roc_auc, 0.8493
2025-10-01 06:47:07,719 - root - INFO - new node validate loss: 0.6442
2025-10-01 06:47:07,719 - root - INFO - new node validate average_precision, 0.7294
2025-10-01 06:47:07,719 - root - INFO - new node validate roc_auc, 0.7206
2025-10-01 06:47:08,581 - root - INFO - test loss: 0.7134
2025-10-01 06:47:08,581 - root - INFO - test average_precision, 0.8907
2025-10-01 06:47:08,581 - root - INFO - best test average_precision: 0.8951
2025-10-01 06:47:08,581 - root - INFO - test roc_auc, 0.9013
2025-10-01 06:47:08,581 - root - INFO - new node test loss: 0.8822
2025-10-01 06:47:08,581 - root - INFO - new node test average_precision, 0.7662
2025-10-01 06:47:08,581 - root - INFO - new node test roc_auc, 0.7630
2025-10-01 06:47:12,322 - root - INFO - Epoch: 18, learning rate: 0.0001, train loss: 0.4469
2025-10-01 06:47:12,322 - root - INFO - train average_precision, 0.8519
2025-10-01 06:47:12,322 - root - INFO - train roc_auc, 0.8692
2025-10-01 06:47:12,322 - root - INFO - validate loss: 0.5065
2025-10-01 06:47:12,322 - root - INFO - validate average_precision, 0.8324
2025-10-01 06:47:12,322 - root - INFO - validate roc_auc, 0.8505
2025-10-01 06:47:12,322 - root - INFO - new node validate loss: 0.6334
2025-10-01 06:47:12,322 - root - INFO - new node validate average_precision, 0.7301
2025-10-01 06:47:12,322 - root - INFO - new node validate roc_auc, 0.7189
2025-10-01 06:47:13,180 - root - INFO - test loss: 0.6648
2025-10-01 06:47:13,180 - root - INFO - test average_precision, 0.8938
2025-10-01 06:47:13,180 - root - INFO - best test average_precision: 0.8951
2025-10-01 06:47:13,180 - root - INFO - test roc_auc, 0.9034
2025-10-01 06:47:13,180 - root - INFO - new node test loss: 0.8346
2025-10-01 06:47:13,180 - root - INFO - new node test average_precision, 0.7756
2025-10-01 06:47:13,180 - root - INFO - new node test roc_auc, 0.7692
2025-10-01 06:47:16,997 - root - INFO - Epoch: 19, learning rate: 0.0001, train loss: 0.4459
2025-10-01 06:47:16,997 - root - INFO - train average_precision, 0.8525
2025-10-01 06:47:16,997 - root - INFO - train roc_auc, 0.8699
2025-10-01 06:47:16,997 - root - INFO - validate loss: 0.5172
2025-10-01 06:47:16,997 - root - INFO - validate average_precision, 0.8331
2025-10-01 06:47:16,998 - root - INFO - validate roc_auc, 0.8510
2025-10-01 06:47:16,998 - root - INFO - new node validate loss: 0.6446
2025-10-01 06:47:16,998 - root - INFO - new node validate average_precision, 0.7263
2025-10-01 06:47:16,998 - root - INFO - new node validate roc_auc, 0.7161
2025-10-01 06:47:17,858 - root - INFO - test loss: 0.7033
2025-10-01 06:47:17,858 - root - INFO - test average_precision, 0.8930
2025-10-01 06:47:17,858 - root - INFO - best test average_precision: 0.8951
2025-10-01 06:47:17,858 - root - INFO - test roc_auc, 0.9026
2025-10-01 06:47:17,858 - root - INFO - new node test loss: 0.8704
2025-10-01 06:47:17,858 - root - INFO - new node test average_precision, 0.7801
2025-10-01 06:47:17,858 - root - INFO - new node test roc_auc, 0.7724
2025-10-01 06:47:21,700 - root - INFO - Epoch: 20, learning rate: 0.0001, train loss: 0.4479
2025-10-01 06:47:21,700 - root - INFO - train average_precision, 0.8531
2025-10-01 06:47:21,700 - root - INFO - train roc_auc, 0.8693
2025-10-01 06:47:21,700 - root - INFO - validate loss: 0.5233
2025-10-01 06:47:21,700 - root - INFO - validate average_precision, 0.8325
2025-10-01 06:47:21,700 - root - INFO - validate roc_auc, 0.8500
2025-10-01 06:47:21,700 - root - INFO - new node validate loss: 0.6500
2025-10-01 06:47:21,700 - root - INFO - new node validate average_precision, 0.7228
2025-10-01 06:47:21,700 - root - INFO - new node validate roc_auc, 0.7128
2025-10-01 06:47:22,560 - root - INFO - test loss: 0.7074
2025-10-01 06:47:22,560 - root - INFO - test average_precision, 0.8902
2025-10-01 06:47:22,560 - root - INFO - best test average_precision: 0.8951
2025-10-01 06:47:22,561 - root - INFO - test roc_auc, 0.9009
2025-10-01 06:47:22,561 - root - INFO - new node test loss: 0.8661
2025-10-01 06:47:22,561 - root - INFO - new node test average_precision, 0.7743
2025-10-01 06:47:22,561 - root - INFO - new node test roc_auc, 0.7701
2025-10-01 06:47:26,270 - root - INFO - Epoch: 21, learning rate: 0.0001, train loss: 0.4431
2025-10-01 06:47:26,271 - root - INFO - train average_precision, 0.8562
2025-10-01 06:47:26,271 - root - INFO - train roc_auc, 0.8719
2025-10-01 06:47:26,271 - root - INFO - validate loss: 0.5280
2025-10-01 06:47:26,271 - root - INFO - validate average_precision, 0.8311
2025-10-01 06:47:26,271 - root - INFO - validate roc_auc, 0.8498
2025-10-01 06:47:26,271 - root - INFO - new node validate loss: 0.6569
2025-10-01 06:47:26,271 - root - INFO - new node validate average_precision, 0.7247
2025-10-01 06:47:26,271 - root - INFO - new node validate roc_auc, 0.7133
2025-10-01 06:47:27,129 - root - INFO - test loss: 0.7336
2025-10-01 06:47:27,129 - root - INFO - test average_precision, 0.8935
2025-10-01 06:47:27,130 - root - INFO - best test average_precision: 0.8951
2025-10-01 06:47:27,130 - root - INFO - test roc_auc, 0.9023
2025-10-01 06:47:27,130 - root - INFO - new node test loss: 0.9020
2025-10-01 06:47:27,130 - root - INFO - new node test average_precision, 0.7802
2025-10-01 06:47:27,130 - root - INFO - new node test roc_auc, 0.7732
2025-10-01 06:47:30,928 - root - INFO - Epoch: 22, learning rate: 0.0001, train loss: 0.4462
2025-10-01 06:47:30,928 - root - INFO - train average_precision, 0.8520
2025-10-01 06:47:30,928 - root - INFO - train roc_auc, 0.8697
2025-10-01 06:47:30,928 - root - INFO - validate loss: 0.5184
2025-10-01 06:47:30,928 - root - INFO - validate average_precision, 0.8358
2025-10-01 06:47:30,928 - root - INFO - validate roc_auc, 0.8533
2025-10-01 06:47:30,928 - root - INFO - new node validate loss: 0.6475
2025-10-01 06:47:30,929 - root - INFO - new node validate average_precision, 0.7273
2025-10-01 06:47:30,929 - root - INFO - new node validate roc_auc, 0.7145
2025-10-01 06:47:31,787 - root - INFO - test loss: 0.6800
2025-10-01 06:47:31,787 - root - INFO - test average_precision, 0.8902
2025-10-01 06:47:31,787 - root - INFO - best test average_precision: 0.8951
2025-10-01 06:47:31,787 - root - INFO - test roc_auc, 0.9029
2025-10-01 06:47:31,787 - root - INFO - new node test loss: 0.8353
2025-10-01 06:47:31,788 - root - INFO - new node test average_precision, 0.7859
2025-10-01 06:47:31,788 - root - INFO - new node test roc_auc, 0.7818
2025-10-01 06:47:31,788 - root - INFO - save model ./saved_models/JODIE/uci/JODIE_seed2/JODIE_seed2.pkl
2025-10-01 06:47:35,869 - root - INFO - Epoch: 23, learning rate: 0.0001, train loss: 0.4430
2025-10-01 06:47:35,869 - root - INFO - train average_precision, 0.8545
2025-10-01 06:47:35,869 - root - INFO - train roc_auc, 0.8710
2025-10-01 06:47:35,869 - root - INFO - validate loss: 0.5311
2025-10-01 06:47:35,869 - root - INFO - validate average_precision, 0.8356
2025-10-01 06:47:35,869 - root - INFO - validate roc_auc, 0.8526
2025-10-01 06:47:35,870 - root - INFO - new node validate loss: 0.6629
2025-10-01 06:47:35,870 - root - INFO - new node validate average_precision, 0.7261
2025-10-01 06:47:35,870 - root - INFO - new node validate roc_auc, 0.7143
2025-10-01 06:47:36,743 - root - INFO - test loss: 0.7315
2025-10-01 06:47:36,743 - root - INFO - test average_precision, 0.8878
2025-10-01 06:47:36,743 - root - INFO - best test average_precision: 0.8951
2025-10-01 06:47:36,743 - root - INFO - test roc_auc, 0.9025
2025-10-01 06:47:36,743 - root - INFO - new node test loss: 0.8834
2025-10-01 06:47:36,743 - root - INFO - new node test average_precision, 0.7819
2025-10-01 06:47:36,743 - root - INFO - new node test roc_auc, 0.7816
2025-10-01 06:47:40,493 - root - INFO - Epoch: 24, learning rate: 0.0001, train loss: 0.4431
2025-10-01 06:47:40,494 - root - INFO - train average_precision, 0.8561
2025-10-01 06:47:40,494 - root - INFO - train roc_auc, 0.8713
2025-10-01 06:47:40,494 - root - INFO - validate loss: 0.5204
2025-10-01 06:47:40,494 - root - INFO - validate average_precision, 0.8355
2025-10-01 06:47:40,494 - root - INFO - validate roc_auc, 0.8522
2025-10-01 06:47:40,494 - root - INFO - new node validate loss: 0.6552
2025-10-01 06:47:40,494 - root - INFO - new node validate average_precision, 0.7262
2025-10-01 06:47:40,494 - root - INFO - new node validate roc_auc, 0.7115
2025-10-01 06:47:41,359 - root - INFO - test loss: 0.6962
2025-10-01 06:47:41,359 - root - INFO - test average_precision, 0.8869
2025-10-01 06:47:41,359 - root - INFO - best test average_precision: 0.8951
2025-10-01 06:47:41,360 - root - INFO - test roc_auc, 0.9010
2025-10-01 06:47:41,360 - root - INFO - new node test loss: 0.8507
2025-10-01 06:47:41,360 - root - INFO - new node test average_precision, 0.7803
2025-10-01 06:47:41,360 - root - INFO - new node test roc_auc, 0.7788
2025-10-01 06:47:45,248 - root - INFO - Epoch: 25, learning rate: 0.0001, train loss: 0.4405
2025-10-01 06:47:45,248 - root - INFO - train average_precision, 0.8561
2025-10-01 06:47:45,248 - root - INFO - train roc_auc, 0.8724
2025-10-01 06:47:45,248 - root - INFO - validate loss: 0.5355
2025-10-01 06:47:45,248 - root - INFO - validate average_precision, 0.8324
2025-10-01 06:47:45,248 - root - INFO - validate roc_auc, 0.8498
2025-10-01 06:47:45,248 - root - INFO - new node validate loss: 0.6657
2025-10-01 06:47:45,248 - root - INFO - new node validate average_precision, 0.7227
2025-10-01 06:47:45,248 - root - INFO - new node validate roc_auc, 0.7101
2025-10-01 06:47:46,113 - root - INFO - test loss: 0.7353
2025-10-01 06:47:46,113 - root - INFO - test average_precision, 0.8714
2025-10-01 06:47:46,113 - root - INFO - best test average_precision: 0.8951
2025-10-01 06:47:46,113 - root - INFO - test roc_auc, 0.8954
2025-10-01 06:47:46,113 - root - INFO - new node test loss: 0.8791
2025-10-01 06:47:46,114 - root - INFO - new node test average_precision, 0.7649
2025-10-01 06:47:46,114 - root - INFO - new node test roc_auc, 0.7719
2025-10-01 06:47:50,045 - root - INFO - Epoch: 26, learning rate: 0.0001, train loss: 0.4401
2025-10-01 06:47:50,045 - root - INFO - train average_precision, 0.8578
2025-10-01 06:47:50,045 - root - INFO - train roc_auc, 0.8732
2025-10-01 06:47:50,045 - root - INFO - validate loss: 0.5378
2025-10-01 06:47:50,045 - root - INFO - validate average_precision, 0.8321
2025-10-01 06:47:50,045 - root - INFO - validate roc_auc, 0.8494
2025-10-01 06:47:50,045 - root - INFO - new node validate loss: 0.6670
2025-10-01 06:47:50,045 - root - INFO - new node validate average_precision, 0.7253
2025-10-01 06:47:50,046 - root - INFO - new node validate roc_auc, 0.7117
2025-10-01 06:47:50,911 - root - INFO - test loss: 0.7217
2025-10-01 06:47:50,911 - root - INFO - test average_precision, 0.8719
2025-10-01 06:47:50,911 - root - INFO - best test average_precision: 0.8951
2025-10-01 06:47:50,911 - root - INFO - test roc_auc, 0.8941
2025-10-01 06:47:50,911 - root - INFO - new node test loss: 0.8660
2025-10-01 06:47:50,912 - root - INFO - new node test average_precision, 0.7641
2025-10-01 06:47:50,912 - root - INFO - new node test roc_auc, 0.7685
2025-10-01 06:47:54,626 - root - INFO - Epoch: 27, learning rate: 0.0001, train loss: 0.4404
2025-10-01 06:47:54,627 - root - INFO - train average_precision, 0.8570
2025-10-01 06:47:54,627 - root - INFO - train roc_auc, 0.8730
2025-10-01 06:47:54,627 - root - INFO - validate loss: 0.5426
2025-10-01 06:47:54,627 - root - INFO - validate average_precision, 0.8349
2025-10-01 06:47:54,627 - root - INFO - validate roc_auc, 0.8514
2025-10-01 06:47:54,627 - root - INFO - new node validate loss: 0.6744
2025-10-01 06:47:54,627 - root - INFO - new node validate average_precision, 0.7259
2025-10-01 06:47:54,627 - root - INFO - new node validate roc_auc, 0.7112
2025-10-01 06:47:55,486 - root - INFO - test loss: 0.7351
2025-10-01 06:47:55,486 - root - INFO - test average_precision, 0.8863
2025-10-01 06:47:55,486 - root - INFO - best test average_precision: 0.8951
2025-10-01 06:47:55,486 - root - INFO - test roc_auc, 0.9027
2025-10-01 06:47:55,486 - root - INFO - new node test loss: 0.8846
2025-10-01 06:47:55,486 - root - INFO - new node test average_precision, 0.7798
2025-10-01 06:47:55,486 - root - INFO - new node test roc_auc, 0.7838
2025-10-01 06:47:59,366 - root - INFO - Epoch: 28, learning rate: 0.0001, train loss: 0.4362
2025-10-01 06:47:59,367 - root - INFO - train average_precision, 0.8597
2025-10-01 06:47:59,367 - root - INFO - train roc_auc, 0.8752
2025-10-01 06:47:59,367 - root - INFO - validate loss: 0.5366
2025-10-01 06:47:59,367 - root - INFO - validate average_precision, 0.8339
2025-10-01 06:47:59,367 - root - INFO - validate roc_auc, 0.8506
2025-10-01 06:47:59,367 - root - INFO - new node validate loss: 0.6689
2025-10-01 06:47:59,367 - root - INFO - new node validate average_precision, 0.7285
2025-10-01 06:47:59,367 - root - INFO - new node validate roc_auc, 0.7129
2025-10-01 06:48:00,225 - root - INFO - test loss: 0.7147
2025-10-01 06:48:00,225 - root - INFO - test average_precision, 0.8767
2025-10-01 06:48:00,225 - root - INFO - best test average_precision: 0.8951
2025-10-01 06:48:00,225 - root - INFO - test roc_auc, 0.8968
2025-10-01 06:48:00,225 - root - INFO - new node test loss: 0.8657
2025-10-01 06:48:00,225 - root - INFO - new node test average_precision, 0.7672
2025-10-01 06:48:00,225 - root - INFO - new node test roc_auc, 0.7730
2025-10-01 06:48:03,958 - root - INFO - Epoch: 29, learning rate: 0.0001, train loss: 0.4396
2025-10-01 06:48:03,959 - root - INFO - train average_precision, 0.8578
2025-10-01 06:48:03,959 - root - INFO - train roc_auc, 0.8730
2025-10-01 06:48:03,959 - root - INFO - validate loss: 0.5326
2025-10-01 06:48:03,959 - root - INFO - validate average_precision, 0.8350
2025-10-01 06:48:03,959 - root - INFO - validate roc_auc, 0.8515
2025-10-01 06:48:03,959 - root - INFO - new node validate loss: 0.6642
2025-10-01 06:48:03,959 - root - INFO - new node validate average_precision, 0.7294
2025-10-01 06:48:03,959 - root - INFO - new node validate roc_auc, 0.7143
2025-10-01 06:48:04,964 - root - INFO - test loss: 0.7014
2025-10-01 06:48:04,964 - root - INFO - test average_precision, 0.8803
2025-10-01 06:48:04,964 - root - INFO - best test average_precision: 0.8951
2025-10-01 06:48:04,964 - root - INFO - test roc_auc, 0.8999
2025-10-01 06:48:04,964 - root - INFO - new node test loss: 0.8505
2025-10-01 06:48:04,964 - root - INFO - new node test average_precision, 0.7747
2025-10-01 06:48:04,965 - root - INFO - new node test roc_auc, 0.7810
2025-10-01 06:48:08,761 - root - INFO - Epoch: 30, learning rate: 0.0001, train loss: 0.4382
2025-10-01 06:48:08,761 - root - INFO - train average_precision, 0.8587
2025-10-01 06:48:08,761 - root - INFO - train roc_auc, 0.8740
2025-10-01 06:48:08,761 - root - INFO - validate loss: 0.5359
2025-10-01 06:48:08,762 - root - INFO - validate average_precision, 0.8354
2025-10-01 06:48:08,762 - root - INFO - validate roc_auc, 0.8514
2025-10-01 06:48:08,762 - root - INFO - new node validate loss: 0.6666
2025-10-01 06:48:08,762 - root - INFO - new node validate average_precision, 0.7294
2025-10-01 06:48:08,762 - root - INFO - new node validate roc_auc, 0.7156
2025-10-01 06:48:09,630 - root - INFO - test loss: 0.7024
2025-10-01 06:48:09,630 - root - INFO - test average_precision, 0.8733
2025-10-01 06:48:09,630 - root - INFO - best test average_precision: 0.8951
2025-10-01 06:48:09,630 - root - INFO - test roc_auc, 0.8984
2025-10-01 06:48:09,630 - root - INFO - new node test loss: 0.8427
2025-10-01 06:48:09,630 - root - INFO - new node test average_precision, 0.7718
2025-10-01 06:48:09,630 - root - INFO - new node test roc_auc, 0.7839
2025-10-01 06:48:13,495 - root - INFO - Epoch: 31, learning rate: 0.0001, train loss: 0.4364
2025-10-01 06:48:13,495 - root - INFO - train average_precision, 0.8584
2025-10-01 06:48:13,495 - root - INFO - train roc_auc, 0.8746
2025-10-01 06:48:13,496 - root - INFO - validate loss: 0.5434
2025-10-01 06:48:13,496 - root - INFO - validate average_precision, 0.8370
2025-10-01 06:48:13,496 - root - INFO - validate roc_auc, 0.8527
2025-10-01 06:48:13,496 - root - INFO - new node validate loss: 0.6753
2025-10-01 06:48:13,496 - root - INFO - new node validate average_precision, 0.7333
2025-10-01 06:48:13,496 - root - INFO - new node validate roc_auc, 0.7175
2025-10-01 06:48:14,359 - root - INFO - test loss: 0.7334
2025-10-01 06:48:14,359 - root - INFO - test average_precision, 0.8854
2025-10-01 06:48:14,359 - root - INFO - best test average_precision: 0.8951
2025-10-01 06:48:14,359 - root - INFO - test roc_auc, 0.9038
2025-10-01 06:48:14,359 - root - INFO - new node test loss: 0.8775
2025-10-01 06:48:14,359 - root - INFO - new node test average_precision, 0.7795
2025-10-01 06:48:14,359 - root - INFO - new node test roc_auc, 0.7890
2025-10-01 06:48:18,071 - root - INFO - Epoch: 32, learning rate: 0.0001, train loss: 0.4338
2025-10-01 06:48:18,071 - root - INFO - train average_precision, 0.8632
2025-10-01 06:48:18,071 - root - INFO - train roc_auc, 0.8770
2025-10-01 06:48:18,071 - root - INFO - validate loss: 0.5420
2025-10-01 06:48:18,071 - root - INFO - validate average_precision, 0.8379
2025-10-01 06:48:18,072 - root - INFO - validate roc_auc, 0.8535
2025-10-01 06:48:18,072 - root - INFO - new node validate loss: 0.6789
2025-10-01 06:48:18,072 - root - INFO - new node validate average_precision, 0.7336
2025-10-01 06:48:18,072 - root - INFO - new node validate roc_auc, 0.7158
2025-10-01 06:48:19,055 - root - INFO - test loss: 0.7137
2025-10-01 06:48:19,055 - root - INFO - test average_precision, 0.8887
2025-10-01 06:48:19,055 - root - INFO - best test average_precision: 0.8951
2025-10-01 06:48:19,055 - root - INFO - test roc_auc, 0.9050
2025-10-01 06:48:19,055 - root - INFO - new node test loss: 0.8608
2025-10-01 06:48:19,055 - root - INFO - new node test average_precision, 0.7840
2025-10-01 06:48:19,055 - root - INFO - new node test roc_auc, 0.7900
2025-10-01 06:48:19,055 - root - INFO - save model ./saved_models/JODIE/uci/JODIE_seed2/JODIE_seed2.pkl
2025-10-01 06:48:23,080 - root - INFO - Epoch: 33, learning rate: 0.0001, train loss: 0.4328
2025-10-01 06:48:23,080 - root - INFO - train average_precision, 0.8635
2025-10-01 06:48:23,080 - root - INFO - train roc_auc, 0.8774
2025-10-01 06:48:23,080 - root - INFO - validate loss: 0.5254
2025-10-01 06:48:23,080 - root - INFO - validate average_precision, 0.8384
2025-10-01 06:48:23,080 - root - INFO - validate roc_auc, 0.8532
2025-10-01 06:48:23,080 - root - INFO - new node validate loss: 0.6624
2025-10-01 06:48:23,080 - root - INFO - new node validate average_precision, 0.7353
2025-10-01 06:48:23,080 - root - INFO - new node validate roc_auc, 0.7171
2025-10-01 06:48:23,945 - root - INFO - test loss: 0.6900
2025-10-01 06:48:23,945 - root - INFO - test average_precision, 0.8885
2025-10-01 06:48:23,945 - root - INFO - best test average_precision: 0.8951
2025-10-01 06:48:23,945 - root - INFO - test roc_auc, 0.9039
2025-10-01 06:48:23,945 - root - INFO - new node test loss: 0.8402
2025-10-01 06:48:23,945 - root - INFO - new node test average_precision, 0.7821
2025-10-01 06:48:23,945 - root - INFO - new node test roc_auc, 0.7872
2025-10-01 06:48:27,787 - root - INFO - Epoch: 34, learning rate: 0.0001, train loss: 0.4368
2025-10-01 06:48:27,787 - root - INFO - train average_precision, 0.8617
2025-10-01 06:48:27,787 - root - INFO - train roc_auc, 0.8756
2025-10-01 06:48:27,787 - root - INFO - validate loss: 0.5365
2025-10-01 06:48:27,787 - root - INFO - validate average_precision, 0.8368
2025-10-01 06:48:27,787 - root - INFO - validate roc_auc, 0.8519
2025-10-01 06:48:27,787 - root - INFO - new node validate loss: 0.6713
2025-10-01 06:48:27,787 - root - INFO - new node validate average_precision, 0.7370
2025-10-01 06:48:27,787 - root - INFO - new node validate roc_auc, 0.7194
2025-10-01 06:48:28,646 - root - INFO - test loss: 0.7177
2025-10-01 06:48:28,646 - root - INFO - test average_precision, 0.8897
2025-10-01 06:48:28,646 - root - INFO - best test average_precision: 0.8951
2025-10-01 06:48:28,646 - root - INFO - test roc_auc, 0.9040
2025-10-01 06:48:28,646 - root - INFO - new node test loss: 0.8710
2025-10-01 06:48:28,647 - root - INFO - new node test average_precision, 0.7820
2025-10-01 06:48:28,647 - root - INFO - new node test roc_auc, 0.7869
2025-10-01 06:48:32,343 - root - INFO - Epoch: 35, learning rate: 0.0001, train loss: 0.4363
2025-10-01 06:48:32,343 - root - INFO - train average_precision, 0.8615
2025-10-01 06:48:32,344 - root - INFO - train roc_auc, 0.8752
2025-10-01 06:48:32,344 - root - INFO - validate loss: 0.5377
2025-10-01 06:48:32,344 - root - INFO - validate average_precision, 0.8389
2025-10-01 06:48:32,344 - root - INFO - validate roc_auc, 0.8538
2025-10-01 06:48:32,344 - root - INFO - new node validate loss: 0.6801
2025-10-01 06:48:32,344 - root - INFO - new node validate average_precision, 0.7372
2025-10-01 06:48:32,344 - root - INFO - new node validate roc_auc, 0.7186
2025-10-01 06:48:33,316 - root - INFO - test loss: 0.7269
2025-10-01 06:48:33,316 - root - INFO - test average_precision, 0.8927
2025-10-01 06:48:33,316 - root - INFO - best test average_precision: 0.8951
2025-10-01 06:48:33,316 - root - INFO - test roc_auc, 0.9055
2025-10-01 06:48:33,316 - root - INFO - new node test loss: 0.8864
2025-10-01 06:48:33,316 - root - INFO - new node test average_precision, 0.7830
2025-10-01 06:48:33,316 - root - INFO - new node test roc_auc, 0.7864
2025-10-01 06:48:33,316 - root - INFO - save model ./saved_models/JODIE/uci/JODIE_seed2/JODIE_seed2.pkl
2025-10-01 06:48:37,303 - root - INFO - Epoch: 36, learning rate: 0.0001, train loss: 0.4362
2025-10-01 06:48:37,303 - root - INFO - train average_precision, 0.8602
2025-10-01 06:48:37,303 - root - INFO - train roc_auc, 0.8754
2025-10-01 06:48:37,304 - root - INFO - validate loss: 0.5327
2025-10-01 06:48:37,304 - root - INFO - validate average_precision, 0.8386
2025-10-01 06:48:37,304 - root - INFO - validate roc_auc, 0.8529
2025-10-01 06:48:37,304 - root - INFO - new node validate loss: 0.6727
2025-10-01 06:48:37,304 - root - INFO - new node validate average_precision, 0.7354
2025-10-01 06:48:37,304 - root - INFO - new node validate roc_auc, 0.7161
2025-10-01 06:48:38,163 - root - INFO - test loss: 0.6982
2025-10-01 06:48:38,164 - root - INFO - test average_precision, 0.8861
2025-10-01 06:48:38,164 - root - INFO - best test average_precision: 0.8951
2025-10-01 06:48:38,164 - root - INFO - test roc_auc, 0.9028
2025-10-01 06:48:38,164 - root - INFO - new node test loss: 0.8548
2025-10-01 06:48:38,164 - root - INFO - new node test average_precision, 0.7801
2025-10-01 06:48:38,164 - root - INFO - new node test roc_auc, 0.7857
2025-10-01 06:48:41,996 - root - INFO - Epoch: 37, learning rate: 0.0001, train loss: 0.4310
2025-10-01 06:48:41,996 - root - INFO - train average_precision, 0.8668
2025-10-01 06:48:41,996 - root - INFO - train roc_auc, 0.8788
2025-10-01 06:48:41,996 - root - INFO - validate loss: 0.5215
2025-10-01 06:48:41,996 - root - INFO - validate average_precision, 0.8384
2025-10-01 06:48:41,996 - root - INFO - validate roc_auc, 0.8521
2025-10-01 06:48:41,996 - root - INFO - new node validate loss: 0.6636
2025-10-01 06:48:41,996 - root - INFO - new node validate average_precision, 0.7378
2025-10-01 06:48:41,996 - root - INFO - new node validate roc_auc, 0.7201
2025-10-01 06:48:42,851 - root - INFO - test loss: 0.6605
2025-10-01 06:48:42,852 - root - INFO - test average_precision, 0.8851
2025-10-01 06:48:42,852 - root - INFO - best test average_precision: 0.8951
2025-10-01 06:48:42,852 - root - INFO - test roc_auc, 0.9024
2025-10-01 06:48:42,852 - root - INFO - new node test loss: 0.8186
2025-10-01 06:48:42,852 - root - INFO - new node test average_precision, 0.7863
2025-10-01 06:48:42,852 - root - INFO - new node test roc_auc, 0.7899
2025-10-01 06:48:46,560 - root - INFO - Epoch: 38, learning rate: 0.0001, train loss: 0.4324
2025-10-01 06:48:46,560 - root - INFO - train average_precision, 0.8623
2025-10-01 06:48:46,560 - root - INFO - train roc_auc, 0.8776
2025-10-01 06:48:46,560 - root - INFO - validate loss: 0.5254
2025-10-01 06:48:46,561 - root - INFO - validate average_precision, 0.8387
2025-10-01 06:48:46,561 - root - INFO - validate roc_auc, 0.8518
2025-10-01 06:48:46,561 - root - INFO - new node validate loss: 0.6681
2025-10-01 06:48:46,561 - root - INFO - new node validate average_precision, 0.7365
2025-10-01 06:48:46,561 - root - INFO - new node validate roc_auc, 0.7192
2025-10-01 06:48:47,523 - root - INFO - test loss: 0.6760
2025-10-01 06:48:47,523 - root - INFO - test average_precision, 0.8866
2025-10-01 06:48:47,523 - root - INFO - best test average_precision: 0.8951
2025-10-01 06:48:47,523 - root - INFO - test roc_auc, 0.9036
2025-10-01 06:48:47,523 - root - INFO - new node test loss: 0.8309
2025-10-01 06:48:47,524 - root - INFO - new node test average_precision, 0.7874
2025-10-01 06:48:47,524 - root - INFO - new node test roc_auc, 0.7925
2025-10-01 06:48:51,280 - root - INFO - Epoch: 39, learning rate: 0.0001, train loss: 0.4310
2025-10-01 06:48:51,281 - root - INFO - train average_precision, 0.8655
2025-10-01 06:48:51,281 - root - INFO - train roc_auc, 0.8786
2025-10-01 06:48:51,281 - root - INFO - validate loss: 0.5287
2025-10-01 06:48:51,281 - root - INFO - validate average_precision, 0.8400
2025-10-01 06:48:51,281 - root - INFO - validate roc_auc, 0.8519
2025-10-01 06:48:51,281 - root - INFO - new node validate loss: 0.6696
2025-10-01 06:48:51,281 - root - INFO - new node validate average_precision, 0.7384
2025-10-01 06:48:51,281 - root - INFO - new node validate roc_auc, 0.7202
2025-10-01 06:48:52,142 - root - INFO - test loss: 0.7007
2025-10-01 06:48:52,143 - root - INFO - test average_precision, 0.8887
2025-10-01 06:48:52,143 - root - INFO - best test average_precision: 0.8951
2025-10-01 06:48:52,143 - root - INFO - test roc_auc, 0.9033
2025-10-01 06:48:52,143 - root - INFO - new node test loss: 0.8616
2025-10-01 06:48:52,143 - root - INFO - new node test average_precision, 0.7840
2025-10-01 06:48:52,143 - root - INFO - new node test roc_auc, 0.7873
2025-10-01 06:48:55,974 - root - INFO - Epoch: 40, learning rate: 0.0001, train loss: 0.4343
2025-10-01 06:48:55,974 - root - INFO - train average_precision, 0.8630
2025-10-01 06:48:55,974 - root - INFO - train roc_auc, 0.8766
2025-10-01 06:48:55,974 - root - INFO - validate loss: 0.5199
2025-10-01 06:48:55,974 - root - INFO - validate average_precision, 0.8397
2025-10-01 06:48:55,974 - root - INFO - validate roc_auc, 0.8524
2025-10-01 06:48:55,974 - root - INFO - new node validate loss: 0.6594
2025-10-01 06:48:55,974 - root - INFO - new node validate average_precision, 0.7379
2025-10-01 06:48:55,974 - root - INFO - new node validate roc_auc, 0.7194
2025-10-01 06:48:56,835 - root - INFO - test loss: 0.6782
2025-10-01 06:48:56,835 - root - INFO - test average_precision, 0.8827
2025-10-01 06:48:56,836 - root - INFO - best test average_precision: 0.8951
2025-10-01 06:48:56,836 - root - INFO - test roc_auc, 0.9018
2025-10-01 06:48:56,836 - root - INFO - new node test loss: 0.8328
2025-10-01 06:48:56,836 - root - INFO - new node test average_precision, 0.7814
2025-10-01 06:48:56,836 - root - INFO - new node test roc_auc, 0.7898
2025-10-01 06:49:00,578 - root - INFO - Epoch: 41, learning rate: 0.0001, train loss: 0.4317
2025-10-01 06:49:00,578 - root - INFO - train average_precision, 0.8647
2025-10-01 06:49:00,578 - root - INFO - train roc_auc, 0.8785
2025-10-01 06:49:00,578 - root - INFO - validate loss: 0.5225
2025-10-01 06:49:00,578 - root - INFO - validate average_precision, 0.8415
2025-10-01 06:49:00,578 - root - INFO - validate roc_auc, 0.8548
2025-10-01 06:49:00,578 - root - INFO - new node validate loss: 0.6637
2025-10-01 06:49:00,578 - root - INFO - new node validate average_precision, 0.7405
2025-10-01 06:49:00,578 - root - INFO - new node validate roc_auc, 0.7216
2025-10-01 06:49:01,554 - root - INFO - test loss: 0.6965
2025-10-01 06:49:01,554 - root - INFO - test average_precision, 0.8927
2025-10-01 06:49:01,554 - root - INFO - best test average_precision: 0.8951
2025-10-01 06:49:01,555 - root - INFO - test roc_auc, 0.9071
2025-10-01 06:49:01,555 - root - INFO - new node test loss: 0.8530
2025-10-01 06:49:01,555 - root - INFO - new node test average_precision, 0.7890
2025-10-01 06:49:01,555 - root - INFO - new node test roc_auc, 0.7938
2025-10-01 06:49:01,555 - root - INFO - save model ./saved_models/JODIE/uci/JODIE_seed2/JODIE_seed2.pkl
2025-10-01 06:49:05,557 - root - INFO - Epoch: 42, learning rate: 0.0001, train loss: 0.4269
2025-10-01 06:49:05,557 - root - INFO - train average_precision, 0.8671
2025-10-01 06:49:05,557 - root - INFO - train roc_auc, 0.8814
2025-10-01 06:49:05,557 - root - INFO - validate loss: 0.5204
2025-10-01 06:49:05,557 - root - INFO - validate average_precision, 0.8409
2025-10-01 06:49:05,557 - root - INFO - validate roc_auc, 0.8529
2025-10-01 06:49:05,557 - root - INFO - new node validate loss: 0.6622
2025-10-01 06:49:05,557 - root - INFO - new node validate average_precision, 0.7388
2025-10-01 06:49:05,557 - root - INFO - new node validate roc_auc, 0.7198
2025-10-01 06:49:06,419 - root - INFO - test loss: 0.6767
2025-10-01 06:49:06,419 - root - INFO - test average_precision, 0.8843
2025-10-01 06:49:06,419 - root - INFO - best test average_precision: 0.8951
2025-10-01 06:49:06,419 - root - INFO - test roc_auc, 0.9018
2025-10-01 06:49:06,420 - root - INFO - new node test loss: 0.8263
2025-10-01 06:49:06,420 - root - INFO - new node test average_precision, 0.7839
2025-10-01 06:49:06,420 - root - INFO - new node test roc_auc, 0.7887
2025-10-01 06:49:10,235 - root - INFO - Epoch: 43, learning rate: 0.0001, train loss: 0.4311
2025-10-01 06:49:10,236 - root - INFO - train average_precision, 0.8635
2025-10-01 06:49:10,236 - root - INFO - train roc_auc, 0.8779
2025-10-01 06:49:10,236 - root - INFO - validate loss: 0.5381
2025-10-01 06:49:10,236 - root - INFO - validate average_precision, 0.8386
2025-10-01 06:49:10,236 - root - INFO - validate roc_auc, 0.8514
2025-10-01 06:49:10,236 - root - INFO - new node validate loss: 0.6789
2025-10-01 06:49:10,236 - root - INFO - new node validate average_precision, 0.7400
2025-10-01 06:49:10,236 - root - INFO - new node validate roc_auc, 0.7217
2025-10-01 06:49:11,094 - root - INFO - test loss: 0.7261
2025-10-01 06:49:11,095 - root - INFO - test average_precision, 0.8837
2025-10-01 06:49:11,095 - root - INFO - best test average_precision: 0.8951
2025-10-01 06:49:11,095 - root - INFO - test roc_auc, 0.9014
2025-10-01 06:49:11,095 - root - INFO - new node test loss: 0.8735
2025-10-01 06:49:11,095 - root - INFO - new node test average_precision, 0.7806
2025-10-01 06:49:11,095 - root - INFO - new node test roc_auc, 0.7883
2025-10-01 06:49:14,891 - root - INFO - Epoch: 44, learning rate: 0.0001, train loss: 0.4275
2025-10-01 06:49:14,891 - root - INFO - train average_precision, 0.8672
2025-10-01 06:49:14,891 - root - INFO - train roc_auc, 0.8811
2025-10-01 06:49:14,891 - root - INFO - validate loss: 0.5301
2025-10-01 06:49:14,891 - root - INFO - validate average_precision, 0.8405
2025-10-01 06:49:14,891 - root - INFO - validate roc_auc, 0.8516
2025-10-01 06:49:14,891 - root - INFO - new node validate loss: 0.6710
2025-10-01 06:49:14,891 - root - INFO - new node validate average_precision, 0.7379
2025-10-01 06:49:14,891 - root - INFO - new node validate roc_auc, 0.7206
2025-10-01 06:49:15,747 - root - INFO - test loss: 0.7355
2025-10-01 06:49:15,748 - root - INFO - test average_precision, 0.8853
2025-10-01 06:49:15,748 - root - INFO - best test average_precision: 0.8951
2025-10-01 06:49:15,748 - root - INFO - test roc_auc, 0.9014
2025-10-01 06:49:15,748 - root - INFO - new node test loss: 0.8832
2025-10-01 06:49:15,748 - root - INFO - new node test average_precision, 0.7774
2025-10-01 06:49:15,748 - root - INFO - new node test roc_auc, 0.7846
2025-10-01 06:49:19,464 - root - INFO - Epoch: 45, learning rate: 0.0001, train loss: 0.4285
2025-10-01 06:49:19,464 - root - INFO - train average_precision, 0.8675
2025-10-01 06:49:19,464 - root - INFO - train roc_auc, 0.8806
2025-10-01 06:49:19,464 - root - INFO - validate loss: 0.5322
2025-10-01 06:49:19,464 - root - INFO - validate average_precision, 0.8373
2025-10-01 06:49:19,464 - root - INFO - validate roc_auc, 0.8500
2025-10-01 06:49:19,464 - root - INFO - new node validate loss: 0.6717
2025-10-01 06:49:19,464 - root - INFO - new node validate average_precision, 0.7374
2025-10-01 06:49:19,465 - root - INFO - new node validate roc_auc, 0.7168
2025-10-01 06:49:20,326 - root - INFO - test loss: 0.6945
2025-10-01 06:49:20,326 - root - INFO - test average_precision, 0.8744
2025-10-01 06:49:20,326 - root - INFO - best test average_precision: 0.8951
2025-10-01 06:49:20,326 - root - INFO - test roc_auc, 0.8969
2025-10-01 06:49:20,326 - root - INFO - new node test loss: 0.8404
2025-10-01 06:49:20,326 - root - INFO - new node test average_precision, 0.7687
2025-10-01 06:49:20,326 - root - INFO - new node test roc_auc, 0.7805
2025-10-01 06:49:24,165 - root - INFO - Epoch: 46, learning rate: 0.0001, train loss: 0.4265
2025-10-01 06:49:24,165 - root - INFO - train average_precision, 0.8680
2025-10-01 06:49:24,165 - root - INFO - train roc_auc, 0.8812
2025-10-01 06:49:24,165 - root - INFO - validate loss: 0.5216
2025-10-01 06:49:24,166 - root - INFO - validate average_precision, 0.8392
2025-10-01 06:49:24,166 - root - INFO - validate roc_auc, 0.8505
2025-10-01 06:49:24,166 - root - INFO - new node validate loss: 0.6663
2025-10-01 06:49:24,166 - root - INFO - new node validate average_precision, 0.7376
2025-10-01 06:49:24,166 - root - INFO - new node validate roc_auc, 0.7171
2025-10-01 06:49:25,024 - root - INFO - test loss: 0.6832
2025-10-01 06:49:25,024 - root - INFO - test average_precision, 0.8746
2025-10-01 06:49:25,024 - root - INFO - best test average_precision: 0.8951
2025-10-01 06:49:25,024 - root - INFO - test roc_auc, 0.8951
2025-10-01 06:49:25,024 - root - INFO - new node test loss: 0.8358
2025-10-01 06:49:25,024 - root - INFO - new node test average_precision, 0.7644
2025-10-01 06:49:25,024 - root - INFO - new node test roc_auc, 0.7758
2025-10-01 06:49:28,845 - root - INFO - Epoch: 47, learning rate: 0.0001, train loss: 0.4311
2025-10-01 06:49:28,845 - root - INFO - train average_precision, 0.8635
2025-10-01 06:49:28,845 - root - INFO - train roc_auc, 0.8780
2025-10-01 06:49:28,845 - root - INFO - validate loss: 0.5321
2025-10-01 06:49:28,845 - root - INFO - validate average_precision, 0.8380
2025-10-01 06:49:28,845 - root - INFO - validate roc_auc, 0.8495
2025-10-01 06:49:28,845 - root - INFO - new node validate loss: 0.6749
2025-10-01 06:49:28,845 - root - INFO - new node validate average_precision, 0.7390
2025-10-01 06:49:28,845 - root - INFO - new node validate roc_auc, 0.7192
2025-10-01 06:49:29,711 - root - INFO - test loss: 0.7092
2025-10-01 06:49:29,711 - root - INFO - test average_precision, 0.8685
2025-10-01 06:49:29,711 - root - INFO - best test average_precision: 0.8951
2025-10-01 06:49:29,711 - root - INFO - test roc_auc, 0.8922
2025-10-01 06:49:29,712 - root - INFO - new node test loss: 0.8503
2025-10-01 06:49:29,712 - root - INFO - new node test average_precision, 0.7563
2025-10-01 06:49:29,712 - root - INFO - new node test roc_auc, 0.7723
2025-10-01 06:49:33,466 - root - INFO - Epoch: 48, learning rate: 0.0001, train loss: 0.4242
2025-10-01 06:49:33,466 - root - INFO - train average_precision, 0.8696
2025-10-01 06:49:33,466 - root - INFO - train roc_auc, 0.8824
2025-10-01 06:49:33,466 - root - INFO - validate loss: 0.5282
2025-10-01 06:49:33,467 - root - INFO - validate average_precision, 0.8381
2025-10-01 06:49:33,467 - root - INFO - validate roc_auc, 0.8491
2025-10-01 06:49:33,467 - root - INFO - new node validate loss: 0.6709
2025-10-01 06:49:33,467 - root - INFO - new node validate average_precision, 0.7380
2025-10-01 06:49:33,467 - root - INFO - new node validate roc_auc, 0.7172
2025-10-01 06:49:34,326 - root - INFO - test loss: 0.7137
2025-10-01 06:49:34,326 - root - INFO - test average_precision, 0.8660
2025-10-01 06:49:34,327 - root - INFO - best test average_precision: 0.8951
2025-10-01 06:49:34,327 - root - INFO - test roc_auc, 0.8900
2025-10-01 06:49:34,327 - root - INFO - new node test loss: 0.8559
2025-10-01 06:49:34,327 - root - INFO - new node test average_precision, 0.7496
2025-10-01 06:49:34,327 - root - INFO - new node test roc_auc, 0.7664
2025-10-01 06:49:38,259 - root - INFO - Epoch: 49, learning rate: 0.0001, train loss: 0.4248
2025-10-01 06:49:38,259 - root - INFO - train average_precision, 0.8703
2025-10-01 06:49:38,259 - root - INFO - train roc_auc, 0.8821
2025-10-01 06:49:38,259 - root - INFO - validate loss: 0.5431
2025-10-01 06:49:38,259 - root - INFO - validate average_precision, 0.8382
2025-10-01 06:49:38,259 - root - INFO - validate roc_auc, 0.8495
2025-10-01 06:49:38,259 - root - INFO - new node validate loss: 0.6887
2025-10-01 06:49:38,259 - root - INFO - new node validate average_precision, 0.7368
2025-10-01 06:49:38,259 - root - INFO - new node validate roc_auc, 0.7159
2025-10-01 06:49:39,123 - root - INFO - test loss: 0.7637
2025-10-01 06:49:39,123 - root - INFO - test average_precision, 0.8697
2025-10-01 06:49:39,123 - root - INFO - best test average_precision: 0.8951
2025-10-01 06:49:39,123 - root - INFO - test roc_auc, 0.8912
2025-10-01 06:49:39,123 - root - INFO - new node test loss: 0.9097
2025-10-01 06:49:39,123 - root - INFO - new node test average_precision, 0.7494
2025-10-01 06:49:39,123 - root - INFO - new node test roc_auc, 0.7635
2025-10-01 06:49:42,982 - root - INFO - Epoch: 50, learning rate: 0.0001, train loss: 0.4231
2025-10-01 06:49:42,982 - root - INFO - train average_precision, 0.8704
2025-10-01 06:49:42,982 - root - INFO - train roc_auc, 0.8829
2025-10-01 06:49:42,982 - root - INFO - validate loss: 0.5362
2025-10-01 06:49:42,982 - root - INFO - validate average_precision, 0.8381
2025-10-01 06:49:42,982 - root - INFO - validate roc_auc, 0.8487
2025-10-01 06:49:42,982 - root - INFO - new node validate loss: 0.6747
2025-10-01 06:49:42,983 - root - INFO - new node validate average_precision, 0.7387
2025-10-01 06:49:42,983 - root - INFO - new node validate roc_auc, 0.7180
2025-10-01 06:49:43,845 - root - INFO - test loss: 0.7225
2025-10-01 06:49:43,845 - root - INFO - test average_precision, 0.8637
2025-10-01 06:49:43,845 - root - INFO - best test average_precision: 0.8951
2025-10-01 06:49:43,845 - root - INFO - test roc_auc, 0.8888
2025-10-01 06:49:43,845 - root - INFO - new node test loss: 0.8668
2025-10-01 06:49:43,845 - root - INFO - new node test average_precision, 0.7503
2025-10-01 06:49:43,845 - root - INFO - new node test roc_auc, 0.7663
2025-10-01 06:49:47,568 - root - INFO - Epoch: 51, learning rate: 0.0001, train loss: 0.4254
2025-10-01 06:49:47,568 - root - INFO - train average_precision, 0.8667
2025-10-01 06:49:47,568 - root - INFO - train roc_auc, 0.8807
2025-10-01 06:49:47,568 - root - INFO - validate loss: 0.5308
2025-10-01 06:49:47,568 - root - INFO - validate average_precision, 0.8398
2025-10-01 06:49:47,568 - root - INFO - validate roc_auc, 0.8487
2025-10-01 06:49:47,568 - root - INFO - new node validate loss: 0.6729
2025-10-01 06:49:47,568 - root - INFO - new node validate average_precision, 0.7325
2025-10-01 06:49:47,569 - root - INFO - new node validate roc_auc, 0.7108
2025-10-01 06:49:48,428 - root - INFO - test loss: 0.7332
2025-10-01 06:49:48,428 - root - INFO - test average_precision, 0.8688
2025-10-01 06:49:48,428 - root - INFO - best test average_precision: 0.8951
2025-10-01 06:49:48,428 - root - INFO - test roc_auc, 0.8922
2025-10-01 06:49:48,429 - root - INFO - new node test loss: 0.8759
2025-10-01 06:49:48,429 - root - INFO - new node test average_precision, 0.7533
2025-10-01 06:49:48,429 - root - INFO - new node test roc_auc, 0.7699
2025-10-01 06:49:52,291 - root - INFO - Epoch: 52, learning rate: 0.0001, train loss: 0.4241
2025-10-01 06:49:52,292 - root - INFO - train average_precision, 0.8697
2025-10-01 06:49:52,292 - root - INFO - train roc_auc, 0.8824
2025-10-01 06:49:52,292 - root - INFO - validate loss: 0.5279
2025-10-01 06:49:52,292 - root - INFO - validate average_precision, 0.8390
2025-10-01 06:49:52,292 - root - INFO - validate roc_auc, 0.8504
2025-10-01 06:49:52,292 - root - INFO - new node validate loss: 0.6755
2025-10-01 06:49:52,292 - root - INFO - new node validate average_precision, 0.7381
2025-10-01 06:49:52,292 - root - INFO - new node validate roc_auc, 0.7168
2025-10-01 06:49:53,154 - root - INFO - test loss: 0.6910
2025-10-01 06:49:53,154 - root - INFO - test average_precision, 0.8671
2025-10-01 06:49:53,154 - root - INFO - best test average_precision: 0.8951
2025-10-01 06:49:53,154 - root - INFO - test roc_auc, 0.8932
2025-10-01 06:49:53,154 - root - INFO - new node test loss: 0.8371
2025-10-01 06:49:53,154 - root - INFO - new node test average_precision, 0.7575
2025-10-01 06:49:53,154 - root - INFO - new node test roc_auc, 0.7763
2025-10-01 06:49:56,866 - root - INFO - Epoch: 53, learning rate: 0.0001, train loss: 0.4242
2025-10-01 06:49:56,866 - root - INFO - train average_precision, 0.8691
2025-10-01 06:49:56,866 - root - INFO - train roc_auc, 0.8822
2025-10-01 06:49:56,866 - root - INFO - validate loss: 0.5221
2025-10-01 06:49:56,866 - root - INFO - validate average_precision, 0.8405
2025-10-01 06:49:56,867 - root - INFO - validate roc_auc, 0.8507
2025-10-01 06:49:56,867 - root - INFO - new node validate loss: 0.6659
2025-10-01 06:49:56,867 - root - INFO - new node validate average_precision, 0.7413
2025-10-01 06:49:56,867 - root - INFO - new node validate roc_auc, 0.7205
2025-10-01 06:49:57,824 - root - INFO - test loss: 0.6821
2025-10-01 06:49:57,825 - root - INFO - test average_precision, 0.8639
2025-10-01 06:49:57,825 - root - INFO - best test average_precision: 0.8951
2025-10-01 06:49:57,825 - root - INFO - test roc_auc, 0.8906
2025-10-01 06:49:57,825 - root - INFO - new node test loss: 0.8272
2025-10-01 06:49:57,825 - root - INFO - new node test average_precision, 0.7513
2025-10-01 06:49:57,825 - root - INFO - new node test roc_auc, 0.7703
2025-10-01 06:50:01,552 - root - INFO - Epoch: 54, learning rate: 0.0001, train loss: 0.4221
2025-10-01 06:50:01,552 - root - INFO - train average_precision, 0.8714
2025-10-01 06:50:01,552 - root - INFO - train roc_auc, 0.8832
2025-10-01 06:50:01,552 - root - INFO - validate loss: 0.5269
2025-10-01 06:50:01,552 - root - INFO - validate average_precision, 0.8391
2025-10-01 06:50:01,552 - root - INFO - validate roc_auc, 0.8498
2025-10-01 06:50:01,552 - root - INFO - new node validate loss: 0.6752
2025-10-01 06:50:01,553 - root - INFO - new node validate average_precision, 0.7398
2025-10-01 06:50:01,553 - root - INFO - new node validate roc_auc, 0.7177
2025-10-01 06:50:02,415 - root - INFO - test loss: 0.6930
2025-10-01 06:50:02,415 - root - INFO - test average_precision, 0.8650
2025-10-01 06:50:02,415 - root - INFO - best test average_precision: 0.8951
2025-10-01 06:50:02,415 - root - INFO - test roc_auc, 0.8913
2025-10-01 06:50:02,415 - root - INFO - new node test loss: 0.8408
2025-10-01 06:50:02,415 - root - INFO - new node test average_precision, 0.7466
2025-10-01 06:50:02,415 - root - INFO - new node test roc_auc, 0.7667
2025-10-01 06:50:06,341 - root - INFO - Epoch: 55, learning rate: 0.0001, train loss: 0.4207
2025-10-01 06:50:06,342 - root - INFO - train average_precision, 0.8720
2025-10-01 06:50:06,342 - root - INFO - train roc_auc, 0.8842
2025-10-01 06:50:06,342 - root - INFO - validate loss: 0.5329
2025-10-01 06:50:06,342 - root - INFO - validate average_precision, 0.8407
2025-10-01 06:50:06,342 - root - INFO - validate roc_auc, 0.8496
2025-10-01 06:50:06,342 - root - INFO - new node validate loss: 0.6753
2025-10-01 06:50:06,342 - root - INFO - new node validate average_precision, 0.7391
2025-10-01 06:50:06,342 - root - INFO - new node validate roc_auc, 0.7183
2025-10-01 06:50:07,200 - root - INFO - test loss: 0.7140
2025-10-01 06:50:07,200 - root - INFO - test average_precision, 0.8674
2025-10-01 06:50:07,200 - root - INFO - best test average_precision: 0.8951
2025-10-01 06:50:07,200 - root - INFO - test roc_auc, 0.8913
2025-10-01 06:50:07,200 - root - INFO - new node test loss: 0.8593
2025-10-01 06:50:07,200 - root - INFO - new node test average_precision, 0.7483
2025-10-01 06:50:07,200 - root - INFO - new node test roc_auc, 0.7667
2025-10-01 06:50:10,950 - root - INFO - Epoch: 56, learning rate: 0.0001, train loss: 0.4177
2025-10-01 06:50:10,950 - root - INFO - train average_precision, 0.8741
2025-10-01 06:50:10,950 - root - INFO - train roc_auc, 0.8862
2025-10-01 06:50:10,951 - root - INFO - validate loss: 0.5228
2025-10-01 06:50:10,951 - root - INFO - validate average_precision, 0.8395
2025-10-01 06:50:10,951 - root - INFO - validate roc_auc, 0.8490
2025-10-01 06:50:10,951 - root - INFO - new node validate loss: 0.6673
2025-10-01 06:50:10,951 - root - INFO - new node validate average_precision, 0.7403
2025-10-01 06:50:10,951 - root - INFO - new node validate roc_auc, 0.7162
2025-10-01 06:50:11,929 - root - INFO - test loss: 0.6822
2025-10-01 06:50:11,929 - root - INFO - test average_precision, 0.8621
2025-10-01 06:50:11,929 - root - INFO - best test average_precision: 0.8951
2025-10-01 06:50:11,929 - root - INFO - test roc_auc, 0.8891
2025-10-01 06:50:11,929 - root - INFO - new node test loss: 0.8295
2025-10-01 06:50:11,929 - root - INFO - new node test average_precision, 0.7442
2025-10-01 06:50:11,929 - root - INFO - new node test roc_auc, 0.7644
2025-10-01 06:50:15,670 - root - INFO - Epoch: 57, learning rate: 0.0001, train loss: 0.4195
2025-10-01 06:50:15,670 - root - INFO - train average_precision, 0.8730
2025-10-01 06:50:15,670 - root - INFO - train roc_auc, 0.8844
2025-10-01 06:50:15,670 - root - INFO - validate loss: 0.5327
2025-10-01 06:50:15,670 - root - INFO - validate average_precision, 0.8398
2025-10-01 06:50:15,670 - root - INFO - validate roc_auc, 0.8488
2025-10-01 06:50:15,670 - root - INFO - new node validate loss: 0.6744
2025-10-01 06:50:15,670 - root - INFO - new node validate average_precision, 0.7423
2025-10-01 06:50:15,670 - root - INFO - new node validate roc_auc, 0.7198
2025-10-01 06:50:16,528 - root - INFO - test loss: 0.7099
2025-10-01 06:50:16,529 - root - INFO - test average_precision, 0.8537
2025-10-01 06:50:16,529 - root - INFO - best test average_precision: 0.8951
2025-10-01 06:50:16,529 - root - INFO - test roc_auc, 0.8856
2025-10-01 06:50:16,529 - root - INFO - new node test loss: 0.8505
2025-10-01 06:50:16,529 - root - INFO - new node test average_precision, 0.7321
2025-10-01 06:50:16,529 - root - INFO - new node test roc_auc, 0.7592
2025-10-01 06:50:20,363 - root - INFO - Epoch: 58, learning rate: 0.0001, train loss: 0.4152
2025-10-01 06:50:20,363 - root - INFO - train average_precision, 0.8764
2025-10-01 06:50:20,363 - root - INFO - train roc_auc, 0.8876
2025-10-01 06:50:20,363 - root - INFO - validate loss: 0.5201
2025-10-01 06:50:20,363 - root - INFO - validate average_precision, 0.8425
2025-10-01 06:50:20,363 - root - INFO - validate roc_auc, 0.8513
2025-10-01 06:50:20,363 - root - INFO - new node validate loss: 0.6765
2025-10-01 06:50:20,363 - root - INFO - new node validate average_precision, 0.7407
2025-10-01 06:50:20,363 - root - INFO - new node validate roc_auc, 0.7148
2025-10-01 06:50:21,219 - root - INFO - test loss: 0.6791
2025-10-01 06:50:21,219 - root - INFO - test average_precision, 0.8767
2025-10-01 06:50:21,219 - root - INFO - best test average_precision: 0.8951
2025-10-01 06:50:21,219 - root - INFO - test roc_auc, 0.8964
2025-10-01 06:50:21,219 - root - INFO - new node test loss: 0.8367
2025-10-01 06:50:21,219 - root - INFO - new node test average_precision, 0.7643
2025-10-01 06:50:21,219 - root - INFO - new node test roc_auc, 0.7775
2025-10-01 06:50:24,915 - root - INFO - Epoch: 59, learning rate: 0.0001, train loss: 0.4169
2025-10-01 06:50:24,915 - root - INFO - train average_precision, 0.8744
2025-10-01 06:50:24,915 - root - INFO - train roc_auc, 0.8864
2025-10-01 06:50:24,915 - root - INFO - validate loss: 0.5171
2025-10-01 06:50:24,915 - root - INFO - validate average_precision, 0.8512
2025-10-01 06:50:24,915 - root - INFO - validate roc_auc, 0.8565
2025-10-01 06:50:24,915 - root - INFO - new node validate loss: 0.6683
2025-10-01 06:50:24,915 - root - INFO - new node validate average_precision, 0.7485
2025-10-01 06:50:24,915 - root - INFO - new node validate roc_auc, 0.7254
2025-10-01 06:50:25,870 - root - INFO - test loss: 0.6872
2025-10-01 06:50:25,870 - root - INFO - test average_precision, 0.8767
2025-10-01 06:50:25,870 - root - INFO - best test average_precision: 0.8951
2025-10-01 06:50:25,870 - root - INFO - test roc_auc, 0.8971
2025-10-01 06:50:25,870 - root - INFO - new node test loss: 0.8327
2025-10-01 06:50:25,870 - root - INFO - new node test average_precision, 0.7705
2025-10-01 06:50:25,871 - root - INFO - new node test roc_auc, 0.7825
2025-10-01 06:50:25,871 - root - INFO - save model ./saved_models/JODIE/uci/JODIE_seed2/JODIE_seed2.pkl
2025-10-01 06:50:29,862 - root - INFO - Epoch: 60, learning rate: 0.0001, train loss: 0.4180
2025-10-01 06:50:29,862 - root - INFO - train average_precision, 0.8754
2025-10-01 06:50:29,862 - root - INFO - train roc_auc, 0.8864
2025-10-01 06:50:29,862 - root - INFO - validate loss: 0.5161
2025-10-01 06:50:29,862 - root - INFO - validate average_precision, 0.8567
2025-10-01 06:50:29,862 - root - INFO - validate roc_auc, 0.8602
2025-10-01 06:50:29,862 - root - INFO - new node validate loss: 0.6730
2025-10-01 06:50:29,862 - root - INFO - new node validate average_precision, 0.7504
2025-10-01 06:50:29,862 - root - INFO - new node validate roc_auc, 0.7285
2025-10-01 06:50:30,717 - root - INFO - test loss: 0.6776
2025-10-01 06:50:30,717 - root - INFO - test average_precision, 0.8833
2025-10-01 06:50:30,718 - root - INFO - best test average_precision: 0.8951
2025-10-01 06:50:30,718 - root - INFO - test roc_auc, 0.9008
2025-10-01 06:50:30,718 - root - INFO - new node test loss: 0.8241
2025-10-01 06:50:30,718 - root - INFO - new node test average_precision, 0.7762
2025-10-01 06:50:30,718 - root - INFO - new node test roc_auc, 0.7873
2025-10-01 06:50:30,718 - root - INFO - save model ./saved_models/JODIE/uci/JODIE_seed2/JODIE_seed2.pkl
2025-10-01 06:50:34,807 - root - INFO - Epoch: 61, learning rate: 0.0001, train loss: 0.4168
2025-10-01 06:50:34,808 - root - INFO - train average_precision, 0.8767
2025-10-01 06:50:34,808 - root - INFO - train roc_auc, 0.8872
2025-10-01 06:50:34,808 - root - INFO - validate loss: 0.5079
2025-10-01 06:50:34,808 - root - INFO - validate average_precision, 0.8613
2025-10-01 06:50:34,808 - root - INFO - validate roc_auc, 0.8650
2025-10-01 06:50:34,808 - root - INFO - new node validate loss: 0.6658
2025-10-01 06:50:34,808 - root - INFO - new node validate average_precision, 0.7548
2025-10-01 06:50:34,808 - root - INFO - new node validate roc_auc, 0.7335
2025-10-01 06:50:35,664 - root - INFO - test loss: 0.6781
2025-10-01 06:50:35,664 - root - INFO - test average_precision, 0.8863
2025-10-01 06:50:35,664 - root - INFO - best test average_precision: 0.8951
2025-10-01 06:50:35,664 - root - INFO - test roc_auc, 0.9020
2025-10-01 06:50:35,664 - root - INFO - new node test loss: 0.8306
2025-10-01 06:50:35,664 - root - INFO - new node test average_precision, 0.7806
2025-10-01 06:50:35,664 - root - INFO - new node test roc_auc, 0.7881
2025-10-01 06:50:35,665 - root - INFO - save model ./saved_models/JODIE/uci/JODIE_seed2/JODIE_seed2.pkl
2025-10-01 06:50:39,750 - root - INFO - Epoch: 62, learning rate: 0.0001, train loss: 0.4193
2025-10-01 06:50:39,750 - root - INFO - train average_precision, 0.8724
2025-10-01 06:50:39,750 - root - INFO - train roc_auc, 0.8855
2025-10-01 06:50:39,750 - root - INFO - validate loss: 0.5088
2025-10-01 06:50:39,750 - root - INFO - validate average_precision, 0.8603
2025-10-01 06:50:39,750 - root - INFO - validate roc_auc, 0.8643
2025-10-01 06:50:39,750 - root - INFO - new node validate loss: 0.6627
2025-10-01 06:50:39,750 - root - INFO - new node validate average_precision, 0.7546
2025-10-01 06:50:39,750 - root - INFO - new node validate roc_auc, 0.7337
2025-10-01 06:50:40,615 - root - INFO - test loss: 0.6756
2025-10-01 06:50:40,615 - root - INFO - test average_precision, 0.8932
2025-10-01 06:50:40,615 - root - INFO - best test average_precision: 0.8951
2025-10-01 06:50:40,615 - root - INFO - test roc_auc, 0.9048
2025-10-01 06:50:40,615 - root - INFO - new node test loss: 0.8314
2025-10-01 06:50:40,615 - root - INFO - new node test average_precision, 0.7846
2025-10-01 06:50:40,616 - root - INFO - new node test roc_auc, 0.7893
2025-10-01 06:50:44,408 - root - INFO - Epoch: 63, learning rate: 0.0001, train loss: 0.4139
2025-10-01 06:50:44,409 - root - INFO - train average_precision, 0.8783
2025-10-01 06:50:44,409 - root - INFO - train roc_auc, 0.8889
2025-10-01 06:50:44,409 - root - INFO - validate loss: 0.4946
2025-10-01 06:50:44,409 - root - INFO - validate average_precision, 0.8618
2025-10-01 06:50:44,409 - root - INFO - validate roc_auc, 0.8663
2025-10-01 06:50:44,409 - root - INFO - new node validate loss: 0.6529
2025-10-01 06:50:44,409 - root - INFO - new node validate average_precision, 0.7529
2025-10-01 06:50:44,409 - root - INFO - new node validate roc_auc, 0.7328
2025-10-01 06:50:45,373 - root - INFO - test loss: 0.6524
2025-10-01 06:50:45,373 - root - INFO - test average_precision, 0.8844
2025-10-01 06:50:45,373 - root - INFO - best test average_precision: 0.8951
2025-10-01 06:50:45,373 - root - INFO - test roc_auc, 0.9015
2025-10-01 06:50:45,373 - root - INFO - new node test loss: 0.7995
2025-10-01 06:50:45,373 - root - INFO - new node test average_precision, 0.7821
2025-10-01 06:50:45,373 - root - INFO - new node test roc_auc, 0.7895
2025-10-01 06:50:45,373 - root - INFO - save model ./saved_models/JODIE/uci/JODIE_seed2/JODIE_seed2.pkl
2025-10-01 06:50:49,367 - root - INFO - Epoch: 64, learning rate: 0.0001, train loss: 0.4120
2025-10-01 06:50:49,367 - root - INFO - train average_precision, 0.8806
2025-10-01 06:50:49,368 - root - INFO - train roc_auc, 0.8898
2025-10-01 06:50:49,368 - root - INFO - validate loss: 0.5093
2025-10-01 06:50:49,368 - root - INFO - validate average_precision, 0.8613
2025-10-01 06:50:49,368 - root - INFO - validate roc_auc, 0.8655
2025-10-01 06:50:49,368 - root - INFO - new node validate loss: 0.6638
2025-10-01 06:50:49,368 - root - INFO - new node validate average_precision, 0.7568
2025-10-01 06:50:49,368 - root - INFO - new node validate roc_auc, 0.7345
2025-10-01 06:50:50,221 - root - INFO - test loss: 0.6881
2025-10-01 06:50:50,221 - root - INFO - test average_precision, 0.8826
2025-10-01 06:50:50,221 - root - INFO - best test average_precision: 0.8951
2025-10-01 06:50:50,221 - root - INFO - test roc_auc, 0.8978
2025-10-01 06:50:50,221 - root - INFO - new node test loss: 0.8379
2025-10-01 06:50:50,221 - root - INFO - new node test average_precision, 0.7733
2025-10-01 06:50:50,221 - root - INFO - new node test roc_auc, 0.7793
2025-10-01 06:50:54,059 - root - INFO - Epoch: 65, learning rate: 0.0001, train loss: 0.4117
2025-10-01 06:50:54,059 - root - INFO - train average_precision, 0.8810
2025-10-01 06:50:54,059 - root - INFO - train roc_auc, 0.8901
2025-10-01 06:50:54,059 - root - INFO - validate loss: 0.5091
2025-10-01 06:50:54,059 - root - INFO - validate average_precision, 0.8606
2025-10-01 06:50:54,059 - root - INFO - validate roc_auc, 0.8645
2025-10-01 06:50:54,059 - root - INFO - new node validate loss: 0.6616
2025-10-01 06:50:54,059 - root - INFO - new node validate average_precision, 0.7560
2025-10-01 06:50:54,060 - root - INFO - new node validate roc_auc, 0.7351
2025-10-01 06:50:54,915 - root - INFO - test loss: 0.6911
2025-10-01 06:50:54,915 - root - INFO - test average_precision, 0.8920
2025-10-01 06:50:54,915 - root - INFO - best test average_precision: 0.8951
2025-10-01 06:50:54,915 - root - INFO - test roc_auc, 0.9038
2025-10-01 06:50:54,915 - root - INFO - new node test loss: 0.8476
2025-10-01 06:50:54,915 - root - INFO - new node test average_precision, 0.7862
2025-10-01 06:50:54,915 - root - INFO - new node test roc_auc, 0.7890
2025-10-01 06:50:58,660 - root - INFO - Epoch: 66, learning rate: 0.0001, train loss: 0.4095
2025-10-01 06:50:58,661 - root - INFO - train average_precision, 0.8826
2025-10-01 06:50:58,661 - root - INFO - train roc_auc, 0.8913
2025-10-01 06:50:58,661 - root - INFO - validate loss: 0.5063
2025-10-01 06:50:58,661 - root - INFO - validate average_precision, 0.8616
2025-10-01 06:50:58,661 - root - INFO - validate roc_auc, 0.8665
2025-10-01 06:50:58,661 - root - INFO - new node validate loss: 0.6732
2025-10-01 06:50:58,661 - root - INFO - new node validate average_precision, 0.7530
2025-10-01 06:50:58,661 - root - INFO - new node validate roc_auc, 0.7273
2025-10-01 06:50:59,617 - root - INFO - test loss: 0.7274
2025-10-01 06:50:59,618 - root - INFO - test average_precision, 0.8976
2025-10-01 06:50:59,618 - root - INFO - best test average_precision: 0.8976
2025-10-01 06:50:59,618 - root - INFO - test roc_auc, 0.9073
2025-10-01 06:50:59,618 - root - INFO - new node test loss: 0.8998
2025-10-01 06:50:59,618 - root - INFO - new node test average_precision, 0.7899
2025-10-01 06:50:59,618 - root - INFO - new node test roc_auc, 0.7890
2025-10-01 06:51:03,394 - root - INFO - Epoch: 67, learning rate: 0.0001, train loss: 0.4071
2025-10-01 06:51:03,394 - root - INFO - train average_precision, 0.8820
2025-10-01 06:51:03,395 - root - INFO - train roc_auc, 0.8919
2025-10-01 06:51:03,395 - root - INFO - validate loss: 0.5006
2025-10-01 06:51:03,395 - root - INFO - validate average_precision, 0.8637
2025-10-01 06:51:03,395 - root - INFO - validate roc_auc, 0.8678
2025-10-01 06:51:03,395 - root - INFO - new node validate loss: 0.6662
2025-10-01 06:51:03,395 - root - INFO - new node validate average_precision, 0.7547
2025-10-01 06:51:03,395 - root - INFO - new node validate roc_auc, 0.7321
2025-10-01 06:51:04,252 - root - INFO - test loss: 0.7168
2025-10-01 06:51:04,252 - root - INFO - test average_precision, 0.8905
2025-10-01 06:51:04,252 - root - INFO - best test average_precision: 0.8976
2025-10-01 06:51:04,252 - root - INFO - test roc_auc, 0.9024
2025-10-01 06:51:04,252 - root - INFO - new node test loss: 0.8809
2025-10-01 06:51:04,252 - root - INFO - new node test average_precision, 0.7777
2025-10-01 06:51:04,252 - root - INFO - new node test roc_auc, 0.7810
2025-10-01 06:51:04,252 - root - INFO - save model ./saved_models/JODIE/uci/JODIE_seed2/JODIE_seed2.pkl
2025-10-01 06:51:08,373 - root - INFO - Epoch: 68, learning rate: 0.0001, train loss: 0.4043
2025-10-01 06:51:08,373 - root - INFO - train average_precision, 0.8876
2025-10-01 06:51:08,373 - root - INFO - train roc_auc, 0.8943
2025-10-01 06:51:08,373 - root - INFO - validate loss: 0.5069
2025-10-01 06:51:08,373 - root - INFO - validate average_precision, 0.8628
2025-10-01 06:51:08,374 - root - INFO - validate roc_auc, 0.8670
2025-10-01 06:51:08,374 - root - INFO - new node validate loss: 0.6650
2025-10-01 06:51:08,374 - root - INFO - new node validate average_precision, 0.7570
2025-10-01 06:51:08,374 - root - INFO - new node validate roc_auc, 0.7355
2025-10-01 06:51:09,229 - root - INFO - test loss: 0.7206
2025-10-01 06:51:09,229 - root - INFO - test average_precision, 0.8919
2025-10-01 06:51:09,229 - root - INFO - best test average_precision: 0.8976
2025-10-01 06:51:09,229 - root - INFO - test roc_auc, 0.9030
2025-10-01 06:51:09,229 - root - INFO - new node test loss: 0.8923
2025-10-01 06:51:09,229 - root - INFO - new node test average_precision, 0.7788
2025-10-01 06:51:09,229 - root - INFO - new node test roc_auc, 0.7828
2025-10-01 06:51:13,078 - root - INFO - Epoch: 69, learning rate: 0.0001, train loss: 0.4074
2025-10-01 06:51:13,078 - root - INFO - train average_precision, 0.8826
2025-10-01 06:51:13,078 - root - INFO - train roc_auc, 0.8918
2025-10-01 06:51:13,078 - root - INFO - validate loss: 0.5049
2025-10-01 06:51:13,078 - root - INFO - validate average_precision, 0.8639
2025-10-01 06:51:13,078 - root - INFO - validate roc_auc, 0.8678
2025-10-01 06:51:13,078 - root - INFO - new node validate loss: 0.6600
2025-10-01 06:51:13,078 - root - INFO - new node validate average_precision, 0.7618
2025-10-01 06:51:13,078 - root - INFO - new node validate roc_auc, 0.7395
2025-10-01 06:51:13,934 - root - INFO - test loss: 0.7134
2025-10-01 06:51:13,934 - root - INFO - test average_precision, 0.8950
2025-10-01 06:51:13,934 - root - INFO - best test average_precision: 0.8976
2025-10-01 06:51:13,934 - root - INFO - test roc_auc, 0.9046
2025-10-01 06:51:13,934 - root - INFO - new node test loss: 0.8885
2025-10-01 06:51:13,934 - root - INFO - new node test average_precision, 0.7848
2025-10-01 06:51:13,934 - root - INFO - new node test roc_auc, 0.7882
2025-10-01 06:51:13,934 - root - INFO - save model ./saved_models/JODIE/uci/JODIE_seed2/JODIE_seed2.pkl
2025-10-01 06:51:17,891 - root - INFO - Epoch: 70, learning rate: 0.0001, train loss: 0.4044
2025-10-01 06:51:17,891 - root - INFO - train average_precision, 0.8846
2025-10-01 06:51:17,891 - root - INFO - train roc_auc, 0.8937
2025-10-01 06:51:17,891 - root - INFO - validate loss: 0.5089
2025-10-01 06:51:17,891 - root - INFO - validate average_precision, 0.8623
2025-10-01 06:51:17,892 - root - INFO - validate roc_auc, 0.8667
2025-10-01 06:51:17,892 - root - INFO - new node validate loss: 0.6617
2025-10-01 06:51:17,892 - root - INFO - new node validate average_precision, 0.7611
2025-10-01 06:51:17,892 - root - INFO - new node validate roc_auc, 0.7394
2025-10-01 06:51:18,747 - root - INFO - test loss: 0.7210
2025-10-01 06:51:18,747 - root - INFO - test average_precision, 0.8860
2025-10-01 06:51:18,747 - root - INFO - best test average_precision: 0.8976
2025-10-01 06:51:18,747 - root - INFO - test roc_auc, 0.8975
2025-10-01 06:51:18,747 - root - INFO - new node test loss: 0.8713
2025-10-01 06:51:18,747 - root - INFO - new node test average_precision, 0.7720
2025-10-01 06:51:18,747 - root - INFO - new node test roc_auc, 0.7768
2025-10-01 06:51:22,595 - root - INFO - Epoch: 71, learning rate: 0.0001, train loss: 0.4044
2025-10-01 06:51:22,595 - root - INFO - train average_precision, 0.8846
2025-10-01 06:51:22,595 - root - INFO - train roc_auc, 0.8936
2025-10-01 06:51:22,595 - root - INFO - validate loss: 0.5019
2025-10-01 06:51:22,595 - root - INFO - validate average_precision, 0.8631
2025-10-01 06:51:22,595 - root - INFO - validate roc_auc, 0.8672
2025-10-01 06:51:22,595 - root - INFO - new node validate loss: 0.6562
2025-10-01 06:51:22,595 - root - INFO - new node validate average_precision, 0.7616
2025-10-01 06:51:22,595 - root - INFO - new node validate roc_auc, 0.7378
2025-10-01 06:51:23,454 - root - INFO - test loss: 0.7053
2025-10-01 06:51:23,454 - root - INFO - test average_precision, 0.8921
2025-10-01 06:51:23,454 - root - INFO - best test average_precision: 0.8976
2025-10-01 06:51:23,454 - root - INFO - test roc_auc, 0.9034
2025-10-01 06:51:23,454 - root - INFO - new node test loss: 0.8652
2025-10-01 06:51:23,454 - root - INFO - new node test average_precision, 0.7851
2025-10-01 06:51:23,454 - root - INFO - new node test roc_auc, 0.7869
2025-10-01 06:51:27,265 - root - INFO - Epoch: 72, learning rate: 0.0001, train loss: 0.4104
2025-10-01 06:51:27,265 - root - INFO - train average_precision, 0.8816
2025-10-01 06:51:27,265 - root - INFO - train roc_auc, 0.8902
2025-10-01 06:51:27,265 - root - INFO - validate loss: 0.5122
2025-10-01 06:51:27,265 - root - INFO - validate average_precision, 0.8599
2025-10-01 06:51:27,265 - root - INFO - validate roc_auc, 0.8640
2025-10-01 06:51:27,265 - root - INFO - new node validate loss: 0.6631
2025-10-01 06:51:27,265 - root - INFO - new node validate average_precision, 0.7551
2025-10-01 06:51:27,265 - root - INFO - new node validate roc_auc, 0.7328
2025-10-01 06:51:28,121 - root - INFO - test loss: 0.7215
2025-10-01 06:51:28,122 - root - INFO - test average_precision, 0.8901
2025-10-01 06:51:28,122 - root - INFO - best test average_precision: 0.8976
2025-10-01 06:51:28,122 - root - INFO - test roc_auc, 0.9015
2025-10-01 06:51:28,122 - root - INFO - new node test loss: 0.8968
2025-10-01 06:51:28,122 - root - INFO - new node test average_precision, 0.7744
2025-10-01 06:51:28,122 - root - INFO - new node test roc_auc, 0.7807
2025-10-01 06:51:31,863 - root - INFO - Epoch: 73, learning rate: 0.0001, train loss: 0.4077
2025-10-01 06:51:31,863 - root - INFO - train average_precision, 0.8824
2025-10-01 06:51:31,863 - root - INFO - train roc_auc, 0.8915
2025-10-01 06:51:31,863 - root - INFO - validate loss: 0.5182
2025-10-01 06:51:31,863 - root - INFO - validate average_precision, 0.8573
2025-10-01 06:51:31,864 - root - INFO - validate roc_auc, 0.8600
2025-10-01 06:51:31,864 - root - INFO - new node validate loss: 0.6677
2025-10-01 06:51:31,864 - root - INFO - new node validate average_precision, 0.7537
2025-10-01 06:51:31,864 - root - INFO - new node validate roc_auc, 0.7281
2025-10-01 06:51:32,822 - root - INFO - test loss: 0.7284
2025-10-01 06:51:32,822 - root - INFO - test average_precision, 0.8882
2025-10-01 06:51:32,822 - root - INFO - best test average_precision: 0.8976
2025-10-01 06:51:32,822 - root - INFO - test roc_auc, 0.9010
2025-10-01 06:51:32,822 - root - INFO - new node test loss: 0.9001
2025-10-01 06:51:32,823 - root - INFO - new node test average_precision, 0.7719
2025-10-01 06:51:32,823 - root - INFO - new node test roc_auc, 0.7779
2025-10-01 06:51:36,535 - root - INFO - Epoch: 74, learning rate: 0.0001, train loss: 0.4067
2025-10-01 06:51:36,536 - root - INFO - train average_precision, 0.8842
2025-10-01 06:51:36,536 - root - INFO - train roc_auc, 0.8922
2025-10-01 06:51:36,536 - root - INFO - validate loss: 0.5055
2025-10-01 06:51:36,536 - root - INFO - validate average_precision, 0.8609
2025-10-01 06:51:36,536 - root - INFO - validate roc_auc, 0.8644
2025-10-01 06:51:36,536 - root - INFO - new node validate loss: 0.6577
2025-10-01 06:51:36,536 - root - INFO - new node validate average_precision, 0.7594
2025-10-01 06:51:36,536 - root - INFO - new node validate roc_auc, 0.7346
2025-10-01 06:51:37,397 - root - INFO - test loss: 0.6882
2025-10-01 06:51:37,397 - root - INFO - test average_precision, 0.8949
2025-10-01 06:51:37,397 - root - INFO - best test average_precision: 0.8976
2025-10-01 06:51:37,397 - root - INFO - test roc_auc, 0.9046
2025-10-01 06:51:37,397 - root - INFO - new node test loss: 0.8695
2025-10-01 06:51:37,397 - root - INFO - new node test average_precision, 0.7836
2025-10-01 06:51:37,397 - root - INFO - new node test roc_auc, 0.7849
2025-10-01 06:51:41,205 - root - INFO - Epoch: 75, learning rate: 0.0001, train loss: 0.4029
2025-10-01 06:51:41,205 - root - INFO - train average_precision, 0.8867
2025-10-01 06:51:41,205 - root - INFO - train roc_auc, 0.8944
2025-10-01 06:51:41,205 - root - INFO - validate loss: 0.5019
2025-10-01 06:51:41,205 - root - INFO - validate average_precision, 0.8625
2025-10-01 06:51:41,205 - root - INFO - validate roc_auc, 0.8655
2025-10-01 06:51:41,205 - root - INFO - new node validate loss: 0.6632
2025-10-01 06:51:41,205 - root - INFO - new node validate average_precision, 0.7567
2025-10-01 06:51:41,206 - root - INFO - new node validate roc_auc, 0.7316
2025-10-01 06:51:42,063 - root - INFO - test loss: 0.6877
2025-10-01 06:51:42,063 - root - INFO - test average_precision, 0.8858
2025-10-01 06:51:42,063 - root - INFO - best test average_precision: 0.8976
2025-10-01 06:51:42,063 - root - INFO - test roc_auc, 0.9007
2025-10-01 06:51:42,063 - root - INFO - new node test loss: 0.8586
2025-10-01 06:51:42,063 - root - INFO - new node test average_precision, 0.7720
2025-10-01 06:51:42,063 - root - INFO - new node test roc_auc, 0.7805
2025-10-01 06:51:45,794 - root - INFO - Epoch: 76, learning rate: 0.0001, train loss: 0.4035
2025-10-01 06:51:45,794 - root - INFO - train average_precision, 0.8860
2025-10-01 06:51:45,795 - root - INFO - train roc_auc, 0.8946
2025-10-01 06:51:45,795 - root - INFO - validate loss: 0.5044
2025-10-01 06:51:45,795 - root - INFO - validate average_precision, 0.8639
2025-10-01 06:51:45,795 - root - INFO - validate roc_auc, 0.8674
2025-10-01 06:51:45,795 - root - INFO - new node validate loss: 0.6656
2025-10-01 06:51:45,795 - root - INFO - new node validate average_precision, 0.7598
2025-10-01 06:51:45,795 - root - INFO - new node validate roc_auc, 0.7352
2025-10-01 06:51:46,775 - root - INFO - test loss: 0.7053
2025-10-01 06:51:46,775 - root - INFO - test average_precision, 0.8934
2025-10-01 06:51:46,775 - root - INFO - best test average_precision: 0.8976
2025-10-01 06:51:46,776 - root - INFO - test roc_auc, 0.9028
2025-10-01 06:51:46,776 - root - INFO - new node test loss: 0.8795
2025-10-01 06:51:46,776 - root - INFO - new node test average_precision, 0.7861
2025-10-01 06:51:46,776 - root - INFO - new node test roc_auc, 0.7864
2025-10-01 06:51:50,506 - root - INFO - Epoch: 77, learning rate: 0.0001, train loss: 0.4017
2025-10-01 06:51:50,506 - root - INFO - train average_precision, 0.8863
2025-10-01 06:51:50,506 - root - INFO - train roc_auc, 0.8949
2025-10-01 06:51:50,506 - root - INFO - validate loss: 0.5055
2025-10-01 06:51:50,506 - root - INFO - validate average_precision, 0.8631
2025-10-01 06:51:50,506 - root - INFO - validate roc_auc, 0.8665
2025-10-01 06:51:50,507 - root - INFO - new node validate loss: 0.6632
2025-10-01 06:51:50,507 - root - INFO - new node validate average_precision, 0.7586
2025-10-01 06:51:50,507 - root - INFO - new node validate roc_auc, 0.7340
2025-10-01 06:51:51,367 - root - INFO - test loss: 0.6999
2025-10-01 06:51:51,367 - root - INFO - test average_precision, 0.8936
2025-10-01 06:51:51,367 - root - INFO - best test average_precision: 0.8976
2025-10-01 06:51:51,367 - root - INFO - test roc_auc, 0.9032
2025-10-01 06:51:51,367 - root - INFO - new node test loss: 0.8732
2025-10-01 06:51:51,367 - root - INFO - new node test average_precision, 0.7843
2025-10-01 06:51:51,367 - root - INFO - new node test roc_auc, 0.7853
2025-10-01 06:51:55,248 - root - INFO - Epoch: 78, learning rate: 0.0001, train loss: 0.3994
2025-10-01 06:51:55,248 - root - INFO - train average_precision, 0.8877
2025-10-01 06:51:55,248 - root - INFO - train roc_auc, 0.8960
2025-10-01 06:51:55,248 - root - INFO - validate loss: 0.5015
2025-10-01 06:51:55,249 - root - INFO - validate average_precision, 0.8615
2025-10-01 06:51:55,249 - root - INFO - validate roc_auc, 0.8646
2025-10-01 06:51:55,249 - root - INFO - new node validate loss: 0.6593
2025-10-01 06:51:55,249 - root - INFO - new node validate average_precision, 0.7565
2025-10-01 06:51:55,249 - root - INFO - new node validate roc_auc, 0.7336
2025-10-01 06:51:56,112 - root - INFO - test loss: 0.7045
2025-10-01 06:51:56,112 - root - INFO - test average_precision, 0.8814
2025-10-01 06:51:56,112 - root - INFO - best test average_precision: 0.8976
2025-10-01 06:51:56,112 - root - INFO - test roc_auc, 0.8953
2025-10-01 06:51:56,112 - root - INFO - new node test loss: 0.8717
2025-10-01 06:51:56,112 - root - INFO - new node test average_precision, 0.7712
2025-10-01 06:51:56,112 - root - INFO - new node test roc_auc, 0.7757
2025-10-01 06:51:59,831 - root - INFO - Epoch: 79, learning rate: 0.0001, train loss: 0.3980
2025-10-01 06:51:59,831 - root - INFO - train average_precision, 0.8882
2025-10-01 06:51:59,831 - root - INFO - train roc_auc, 0.8969
2025-10-01 06:51:59,831 - root - INFO - validate loss: 0.5115
2025-10-01 06:51:59,832 - root - INFO - validate average_precision, 0.8606
2025-10-01 06:51:59,832 - root - INFO - validate roc_auc, 0.8638
2025-10-01 06:51:59,832 - root - INFO - new node validate loss: 0.6691
2025-10-01 06:51:59,832 - root - INFO - new node validate average_precision, 0.7564
2025-10-01 06:51:59,832 - root - INFO - new node validate roc_auc, 0.7343
2025-10-01 06:52:00,793 - root - INFO - test loss: 0.7726
2025-10-01 06:52:00,793 - root - INFO - test average_precision, 0.8747
2025-10-01 06:52:00,793 - root - INFO - best test average_precision: 0.8976
2025-10-01 06:52:00,793 - root - INFO - test roc_auc, 0.8932
2025-10-01 06:52:00,793 - root - INFO - new node test loss: 0.9632
2025-10-01 06:52:00,793 - root - INFO - new node test average_precision, 0.7653
2025-10-01 06:52:00,794 - root - INFO - new node test roc_auc, 0.7757
2025-10-01 06:52:04,512 - root - INFO - Epoch: 80, learning rate: 0.0001, train loss: 0.4009
2025-10-01 06:52:04,512 - root - INFO - train average_precision, 0.8882
2025-10-01 06:52:04,512 - root - INFO - train roc_auc, 0.8959
2025-10-01 06:52:04,512 - root - INFO - validate loss: 0.5177
2025-10-01 06:52:04,512 - root - INFO - validate average_precision, 0.8578
2025-10-01 06:52:04,512 - root - INFO - validate roc_auc, 0.8591
2025-10-01 06:52:04,512 - root - INFO - new node validate loss: 0.6710
2025-10-01 06:52:04,512 - root - INFO - new node validate average_precision, 0.7465
2025-10-01 06:52:04,513 - root - INFO - new node validate roc_auc, 0.7237
2025-10-01 06:52:05,367 - root - INFO - test loss: 0.7445
2025-10-01 06:52:05,367 - root - INFO - test average_precision, 0.8707
2025-10-01 06:52:05,367 - root - INFO - best test average_precision: 0.8976
2025-10-01 06:52:05,367 - root - INFO - test roc_auc, 0.8880
2025-10-01 06:52:05,367 - root - INFO - new node test loss: 0.8956
2025-10-01 06:52:05,367 - root - INFO - new node test average_precision, 0.7619
2025-10-01 06:52:05,367 - root - INFO - new node test roc_auc, 0.7674
2025-10-01 06:52:09,169 - root - INFO - Epoch: 81, learning rate: 0.0001, train loss: 0.3994
2025-10-01 06:52:09,169 - root - INFO - train average_precision, 0.8887
2025-10-01 06:52:09,169 - root - INFO - train roc_auc, 0.8966
2025-10-01 06:52:09,169 - root - INFO - validate loss: 0.5151
2025-10-01 06:52:09,169 - root - INFO - validate average_precision, 0.8581
2025-10-01 06:52:09,169 - root - INFO - validate roc_auc, 0.8609
2025-10-01 06:52:09,169 - root - INFO - new node validate loss: 0.6692
2025-10-01 06:52:09,169 - root - INFO - new node validate average_precision, 0.7547
2025-10-01 06:52:09,169 - root - INFO - new node validate roc_auc, 0.7315
2025-10-01 06:52:10,025 - root - INFO - test loss: 0.7901
2025-10-01 06:52:10,025 - root - INFO - test average_precision, 0.8703
2025-10-01 06:52:10,025 - root - INFO - best test average_precision: 0.8976
2025-10-01 06:52:10,026 - root - INFO - test roc_auc, 0.8909
2025-10-01 06:52:10,026 - root - INFO - new node test loss: 1.0616
2025-10-01 06:52:10,026 - root - INFO - new node test average_precision, 0.7563
2025-10-01 06:52:10,026 - root - INFO - new node test roc_auc, 0.7690
2025-10-01 06:52:13,765 - root - INFO - Epoch: 82, learning rate: 0.0001, train loss: 0.3979
2025-10-01 06:52:13,765 - root - INFO - train average_precision, 0.8889
2025-10-01 06:52:13,765 - root - INFO - train roc_auc, 0.8969
2025-10-01 06:52:13,765 - root - INFO - validate loss: 0.5055
2025-10-01 06:52:13,765 - root - INFO - validate average_precision, 0.8603
2025-10-01 06:52:13,765 - root - INFO - validate roc_auc, 0.8622
2025-10-01 06:52:13,765 - root - INFO - new node validate loss: 0.6701
2025-10-01 06:52:13,765 - root - INFO - new node validate average_precision, 0.7531
2025-10-01 06:52:13,765 - root - INFO - new node validate roc_auc, 0.7290
2025-10-01 06:52:14,623 - root - INFO - test loss: 0.7020
2025-10-01 06:52:14,623 - root - INFO - test average_precision, 0.8776
2025-10-01 06:52:14,623 - root - INFO - best test average_precision: 0.8976
2025-10-01 06:52:14,623 - root - INFO - test roc_auc, 0.8944
2025-10-01 06:52:14,623 - root - INFO - new node test loss: 0.8971
2025-10-01 06:52:14,623 - root - INFO - new node test average_precision, 0.7621
2025-10-01 06:52:14,623 - root - INFO - new node test roc_auc, 0.7730
2025-10-01 06:52:18,531 - root - INFO - Epoch: 83, learning rate: 0.0001, train loss: 0.3974
2025-10-01 06:52:18,531 - root - INFO - train average_precision, 0.8906
2025-10-01 06:52:18,531 - root - INFO - train roc_auc, 0.8975
2025-10-01 06:52:18,531 - root - INFO - validate loss: 0.5125
2025-10-01 06:52:18,531 - root - INFO - validate average_precision, 0.8581
2025-10-01 06:52:18,531 - root - INFO - validate roc_auc, 0.8603
2025-10-01 06:52:18,531 - root - INFO - new node validate loss: 0.6719
2025-10-01 06:52:18,531 - root - INFO - new node validate average_precision, 0.7466
2025-10-01 06:52:18,531 - root - INFO - new node validate roc_auc, 0.7213
2025-10-01 06:52:19,393 - root - INFO - test loss: 0.7932
2025-10-01 06:52:19,393 - root - INFO - test average_precision, 0.8610
2025-10-01 06:52:19,393 - root - INFO - best test average_precision: 0.8976
2025-10-01 06:52:19,393 - root - INFO - test roc_auc, 0.8840
2025-10-01 06:52:19,393 - root - INFO - new node test loss: 1.0378
2025-10-01 06:52:19,393 - root - INFO - new node test average_precision, 0.7513
2025-10-01 06:52:19,393 - root - INFO - new node test roc_auc, 0.7632
2025-10-01 06:52:23,270 - root - INFO - Epoch: 84, learning rate: 0.0001, train loss: 0.3974
2025-10-01 06:52:23,270 - root - INFO - train average_precision, 0.8885
2025-10-01 06:52:23,271 - root - INFO - train roc_auc, 0.8972
2025-10-01 06:52:23,271 - root - INFO - validate loss: 0.5202
2025-10-01 06:52:23,271 - root - INFO - validate average_precision, 0.8585
2025-10-01 06:52:23,271 - root - INFO - validate roc_auc, 0.8613
2025-10-01 06:52:23,271 - root - INFO - new node validate loss: 0.6845
2025-10-01 06:52:23,271 - root - INFO - new node validate average_precision, 0.7536
2025-10-01 06:52:23,271 - root - INFO - new node validate roc_auc, 0.7285
2025-10-01 06:52:24,130 - root - INFO - test loss: 0.8156
2025-10-01 06:52:24,130 - root - INFO - test average_precision, 0.8782
2025-10-01 06:52:24,130 - root - INFO - best test average_precision: 0.8976
2025-10-01 06:52:24,130 - root - INFO - test roc_auc, 0.8954
2025-10-01 06:52:24,130 - root - INFO - new node test loss: 1.0799
2025-10-01 06:52:24,130 - root - INFO - new node test average_precision, 0.7612
2025-10-01 06:52:24,130 - root - INFO - new node test roc_auc, 0.7705
2025-10-01 06:52:27,911 - root - INFO - Epoch: 85, learning rate: 0.0001, train loss: 0.3965
2025-10-01 06:52:27,912 - root - INFO - train average_precision, 0.8892
2025-10-01 06:52:27,912 - root - INFO - train roc_auc, 0.8977
2025-10-01 06:52:27,912 - root - INFO - validate loss: 0.5179
2025-10-01 06:52:27,912 - root - INFO - validate average_precision, 0.8590
2025-10-01 06:52:27,912 - root - INFO - validate roc_auc, 0.8613
2025-10-01 06:52:27,912 - root - INFO - new node validate loss: 0.6793
2025-10-01 06:52:27,912 - root - INFO - new node validate average_precision, 0.7551
2025-10-01 06:52:27,912 - root - INFO - new node validate roc_auc, 0.7321
2025-10-01 06:52:28,765 - root - INFO - test loss: 0.8562
2025-10-01 06:52:28,766 - root - INFO - test average_precision, 0.8617
2025-10-01 06:52:28,766 - root - INFO - best test average_precision: 0.8976
2025-10-01 06:52:28,766 - root - INFO - test roc_auc, 0.8856
2025-10-01 06:52:28,766 - root - INFO - new node test loss: 1.1666
2025-10-01 06:52:28,766 - root - INFO - new node test average_precision, 0.7465
2025-10-01 06:52:28,766 - root - INFO - new node test roc_auc, 0.7617
2025-10-01 06:52:32,625 - root - INFO - Epoch: 86, learning rate: 0.0001, train loss: 0.3974
2025-10-01 06:52:32,625 - root - INFO - train average_precision, 0.8896
2025-10-01 06:52:32,625 - root - INFO - train roc_auc, 0.8973
2025-10-01 06:52:32,625 - root - INFO - validate loss: 0.5159
2025-10-01 06:52:32,625 - root - INFO - validate average_precision, 0.8600
2025-10-01 06:52:32,625 - root - INFO - validate roc_auc, 0.8625
2025-10-01 06:52:32,625 - root - INFO - new node validate loss: 0.6819
2025-10-01 06:52:32,625 - root - INFO - new node validate average_precision, 0.7492
2025-10-01 06:52:32,625 - root - INFO - new node validate roc_auc, 0.7246
2025-10-01 06:52:33,488 - root - INFO - test loss: 0.8861
2025-10-01 06:52:33,489 - root - INFO - test average_precision, 0.8597
2025-10-01 06:52:33,489 - root - INFO - best test average_precision: 0.8976
2025-10-01 06:52:33,489 - root - INFO - test roc_auc, 0.8850
2025-10-01 06:52:33,489 - root - INFO - new node test loss: 1.2706
2025-10-01 06:52:33,489 - root - INFO - new node test average_precision, 0.7304
2025-10-01 06:52:33,489 - root - INFO - new node test roc_auc, 0.7545
2025-10-01 06:52:37,197 - root - INFO - Epoch: 87, learning rate: 0.0001, train loss: 0.3965
2025-10-01 06:52:37,197 - root - INFO - train average_precision, 0.8904
2025-10-01 06:52:37,197 - root - INFO - train roc_auc, 0.8982
2025-10-01 06:52:37,197 - root - INFO - validate loss: 0.5222
2025-10-01 06:52:37,197 - root - INFO - validate average_precision, 0.8578
2025-10-01 06:52:37,198 - root - INFO - validate roc_auc, 0.8603
2025-10-01 06:52:37,198 - root - INFO - new node validate loss: 0.6825
2025-10-01 06:52:37,198 - root - INFO - new node validate average_precision, 0.7470
2025-10-01 06:52:37,198 - root - INFO - new node validate roc_auc, 0.7214
2025-10-01 06:52:38,177 - root - INFO - test loss: 0.8376
2025-10-01 06:52:38,177 - root - INFO - test average_precision, 0.8622
2025-10-01 06:52:38,177 - root - INFO - best test average_precision: 0.8976
2025-10-01 06:52:38,177 - root - INFO - test roc_auc, 0.8867
2025-10-01 06:52:38,177 - root - INFO - new node test loss: 1.2175
2025-10-01 06:52:38,177 - root - INFO - new node test average_precision, 0.7346
2025-10-01 06:52:38,177 - root - INFO - new node test roc_auc, 0.7606
2025-10-01 06:52:41,901 - root - INFO - Epoch: 88, learning rate: 0.0001, train loss: 0.3933
2025-10-01 06:52:41,901 - root - INFO - train average_precision, 0.8930
2025-10-01 06:52:41,901 - root - INFO - train roc_auc, 0.9000
2025-10-01 06:52:41,901 - root - INFO - validate loss: 0.5197
2025-10-01 06:52:41,901 - root - INFO - validate average_precision, 0.8591
2025-10-01 06:52:41,901 - root - INFO - validate roc_auc, 0.8625
2025-10-01 06:52:41,901 - root - INFO - new node validate loss: 0.6834
2025-10-01 06:52:41,901 - root - INFO - new node validate average_precision, 0.7525
2025-10-01 06:52:41,901 - root - INFO - new node validate roc_auc, 0.7308
2025-10-01 06:52:42,761 - root - INFO - test loss: 0.9658
2025-10-01 06:52:42,761 - root - INFO - test average_precision, 0.8550
2025-10-01 06:52:42,761 - root - INFO - best test average_precision: 0.8976
2025-10-01 06:52:42,762 - root - INFO - test roc_auc, 0.8864
2025-10-01 06:52:42,762 - root - INFO - new node test loss: 1.6531
2025-10-01 06:52:42,762 - root - INFO - new node test average_precision, 0.7173
2025-10-01 06:52:42,762 - root - INFO - new node test roc_auc, 0.7518
2025-10-01 06:52:46,635 - root - INFO - Epoch: 89, learning rate: 0.0001, train loss: 0.3925
2025-10-01 06:52:46,635 - root - INFO - train average_precision, 0.8926
2025-10-01 06:52:46,635 - root - INFO - train roc_auc, 0.8998
2025-10-01 06:52:46,635 - root - INFO - validate loss: 0.5258
2025-10-01 06:52:46,635 - root - INFO - validate average_precision, 0.8560
2025-10-01 06:52:46,635 - root - INFO - validate roc_auc, 0.8600
2025-10-01 06:52:46,635 - root - INFO - new node validate loss: 0.6887
2025-10-01 06:52:46,635 - root - INFO - new node validate average_precision, 0.7477
2025-10-01 06:52:46,635 - root - INFO - new node validate roc_auc, 0.7282
2025-10-01 06:52:47,495 - root - INFO - test loss: 1.0534
2025-10-01 06:52:47,495 - root - INFO - test average_precision, 0.8366
2025-10-01 06:52:47,495 - root - INFO - best test average_precision: 0.8976
2025-10-01 06:52:47,495 - root - INFO - test roc_auc, 0.8736
2025-10-01 06:52:47,495 - root - INFO - new node test loss: 1.8907
2025-10-01 06:52:47,495 - root - INFO - new node test average_precision, 0.7065
2025-10-01 06:52:47,495 - root - INFO - new node test roc_auc, 0.7433
2025-10-01 06:52:47,495 - root - INFO - load model ./saved_models/JODIE/uci/JODIE_seed2/JODIE_seed2.pkl
2025-10-01 06:52:47,779 - root - INFO - get final performance on dataset uci...
2025-10-01 06:52:48,647 - root - INFO - test loss: 0.7134
2025-10-01 06:52:48,647 - root - INFO - test average_precision, 0.8950
2025-10-01 06:52:48,647 - root - INFO - test roc_auc, 0.9046
2025-10-01 06:52:48,647 - root - INFO - new node test loss: 0.8885
2025-10-01 06:52:48,647 - root - INFO - new node test average_precision, 0.7848
2025-10-01 06:52:48,647 - root - INFO - new node test roc_auc, 0.7882
2025-10-01 06:52:48,648 - root - INFO - Run 3 cost 420.82 seconds.
