2025-09-30 18:37:08,144 - root - INFO - ********** Run 1 starts. **********
2025-09-30 18:37:08,144 - root - INFO - configuration is Namespace(dataset_name='SocialEvo', batch_size=200, model_name='JODIE', gpu=0, num_neighbors=10, sample_neighbor_strategy='uniform', time_scaling_factor=1e-06, num_walk_heads=8, num_heads=2, num_layers=1, walk_length=1, time_gap=2000, time_feat_dim=128, position_feat_dim=172, time_window_mode='fixed_proportion', time_encoder_type='lete', expert_dim=64, num_mixtures=4, patch_size=1, channel_embedding_dim=50, max_input_sequence_length=32, learning_rate=0.0001, dropout=0.1, gamma=0.5, num_epochs=100, optimizer='Adam', weight_decay=0.0, patience=20, val_ratio=0.15, test_ratio=0.15, num_runs=5, test_interval_epochs=1, negative_sample_strategy='random', max_interaction_times=10, load_best_configs=True, device='cuda:0', seed=0, save_model_name='JODIE_seed0')
2025-09-30 18:37:08,145 - root - INFO - time encoder type: lete
2025-09-30 18:37:10,016 - root - INFO - model -> Sequential(
  (0): MemoryModel(
    (time_encoder): TimeEncoder(
      (w): Linear(in_features=1, out_features=128, bias=True)
    )
    (message_aggregator): MessageAggregator()
    (memory_bank): MemoryBank(num_nodes=75, memory_dim=172)
    (memory_updater): RNNMemoryUpdater(
      (memory_bank): MemoryBank(num_nodes=75, memory_dim=172)
      (memory_updater): RNNCell(644, 172)
    )
    (embedding_module): TimeProjectionEmbedding(
      (dropout): Dropout(p=0.1, inplace=False)
      (linear_layer): Linear(in_features=1, out_features=172, bias=True)
    )
  )
  (1): MergeLayer(
    (fc1): Linear(in_features=344, out_features=172, bias=True)
    (fc2): Linear(in_features=172, out_features=1, bias=True)
    (act): ReLU()
  )
)
2025-09-30 18:37:10,016 - root - INFO - model name: JODIE, #parameters: 803236 B, 784.41015625 KB, 0.7660255432128906 MB.
2025-09-30 18:38:31,906 - root - INFO - Epoch: 1, learning rate: 0.0001, train loss: 0.5199
2025-09-30 18:38:31,907 - root - INFO - train average_precision, 0.7270
2025-09-30 18:38:31,908 - root - INFO - train roc_auc, 0.7922
2025-09-30 18:38:31,908 - root - INFO - validate loss: 0.5964
2025-09-30 18:38:31,908 - root - INFO - validate average_precision, 0.7212
2025-09-30 18:38:31,908 - root - INFO - validate roc_auc, 0.7836
2025-09-30 18:38:31,908 - root - INFO - new node validate loss: 0.4906
2025-09-30 18:38:31,909 - root - INFO - new node validate average_precision, 0.7998
2025-09-30 18:38:31,909 - root - INFO - new node validate roc_auc, 0.8468
2025-09-30 18:38:44,026 - root - INFO - test loss: 0.5586
2025-09-30 18:38:44,027 - root - INFO - test average_precision, 0.7376
2025-09-30 18:38:44,027 - root - INFO - best test average_precision: 0.7376
2025-09-30 18:38:44,028 - root - INFO - test roc_auc, 0.8001
2025-09-30 18:38:44,028 - root - INFO - new node test loss: 0.4950
2025-09-30 18:38:44,028 - root - INFO - new node test average_precision, 0.8184
2025-09-30 18:38:44,028 - root - INFO - new node test roc_auc, 0.8642
2025-09-30 18:38:44,028 - root - INFO - save model ./saved_models/JODIE/SocialEvo/JODIE_seed0/JODIE_seed0.pkl
2025-09-30 18:40:04,945 - root - INFO - Epoch: 2, learning rate: 0.0001, train loss: 0.4922
2025-09-30 18:40:04,947 - root - INFO - train average_precision, 0.7634
2025-09-30 18:40:04,947 - root - INFO - train roc_auc, 0.8202
2025-09-30 18:40:04,947 - root - INFO - validate loss: 0.5063
2025-09-30 18:40:04,948 - root - INFO - validate average_precision, 0.7689
2025-09-30 18:40:04,948 - root - INFO - validate roc_auc, 0.8244
2025-09-30 18:40:04,948 - root - INFO - new node validate loss: 0.4999
2025-09-30 18:40:04,948 - root - INFO - new node validate average_precision, 0.8131
2025-09-30 18:40:04,948 - root - INFO - new node validate roc_auc, 0.8566
2025-09-30 18:40:17,201 - root - INFO - test loss: 0.4844
2025-09-30 18:40:17,201 - root - INFO - test average_precision, 0.7756
2025-09-30 18:40:17,201 - root - INFO - best test average_precision: 0.7756
2025-09-30 18:40:17,201 - root - INFO - test roc_auc, 0.8331
2025-09-30 18:40:17,202 - root - INFO - new node test loss: 0.5048
2025-09-30 18:40:17,202 - root - INFO - new node test average_precision, 0.8384
2025-09-30 18:40:17,202 - root - INFO - new node test roc_auc, 0.8778
2025-09-30 18:40:17,202 - root - INFO - save model ./saved_models/JODIE/SocialEvo/JODIE_seed0/JODIE_seed0.pkl
2025-09-30 18:41:38,179 - root - INFO - Epoch: 3, learning rate: 0.0001, train loss: 0.4781
2025-09-30 18:41:38,181 - root - INFO - train average_precision, 0.7832
2025-09-30 18:41:38,181 - root - INFO - train roc_auc, 0.8349
2025-09-30 18:41:38,181 - root - INFO - validate loss: 0.4921
2025-09-30 18:41:38,182 - root - INFO - validate average_precision, 0.7948
2025-09-30 18:41:38,182 - root - INFO - validate roc_auc, 0.8420
2025-09-30 18:41:38,182 - root - INFO - new node validate loss: 0.4672
2025-09-30 18:41:38,182 - root - INFO - new node validate average_precision, 0.8326
2025-09-30 18:41:38,182 - root - INFO - new node validate roc_auc, 0.8695
2025-09-30 18:41:50,392 - root - INFO - test loss: 0.4622
2025-09-30 18:41:50,392 - root - INFO - test average_precision, 0.8110
2025-09-30 18:41:50,392 - root - INFO - best test average_precision: 0.8110
2025-09-30 18:41:50,392 - root - INFO - test roc_auc, 0.8577
2025-09-30 18:41:50,393 - root - INFO - new node test loss: 0.4689
2025-09-30 18:41:50,393 - root - INFO - new node test average_precision, 0.8526
2025-09-30 18:41:50,393 - root - INFO - new node test roc_auc, 0.8874
2025-09-30 18:41:50,393 - root - INFO - save model ./saved_models/JODIE/SocialEvo/JODIE_seed0/JODIE_seed0.pkl
2025-09-30 18:43:11,410 - root - INFO - Epoch: 4, learning rate: 0.0001, train loss: 0.4601
2025-09-30 18:43:11,411 - root - INFO - train average_precision, 0.8115
2025-09-30 18:43:11,412 - root - INFO - train roc_auc, 0.8539
2025-09-30 18:43:11,412 - root - INFO - validate loss: 0.4610
2025-09-30 18:43:11,412 - root - INFO - validate average_precision, 0.8122
2025-09-30 18:43:11,413 - root - INFO - validate roc_auc, 0.8522
2025-09-30 18:43:11,413 - root - INFO - new node validate loss: 0.4175
2025-09-30 18:43:11,413 - root - INFO - new node validate average_precision, 0.8659
2025-09-30 18:43:11,413 - root - INFO - new node validate roc_auc, 0.9032
2025-09-30 18:43:23,617 - root - INFO - test loss: 0.4419
2025-09-30 18:43:23,617 - root - INFO - test average_precision, 0.8266
2025-09-30 18:43:23,618 - root - INFO - best test average_precision: 0.8266
2025-09-30 18:43:23,618 - root - INFO - test roc_auc, 0.8652
2025-09-30 18:43:23,618 - root - INFO - new node test loss: 0.4170
2025-09-30 18:43:23,618 - root - INFO - new node test average_precision, 0.8860
2025-09-30 18:43:23,618 - root - INFO - new node test roc_auc, 0.9202
2025-09-30 18:43:23,619 - root - INFO - save model ./saved_models/JODIE/SocialEvo/JODIE_seed0/JODIE_seed0.pkl
2025-09-30 18:44:44,938 - root - INFO - Epoch: 5, learning rate: 0.0001, train loss: 0.4502
2025-09-30 18:44:44,939 - root - INFO - train average_precision, 0.8245
2025-09-30 18:44:44,940 - root - INFO - train roc_auc, 0.8629
2025-09-30 18:44:44,940 - root - INFO - validate loss: 0.5254
2025-09-30 18:44:44,940 - root - INFO - validate average_precision, 0.7617
2025-09-30 18:44:44,940 - root - INFO - validate roc_auc, 0.8199
2025-09-30 18:44:44,940 - root - INFO - new node validate loss: 0.4121
2025-09-30 18:44:44,940 - root - INFO - new node validate average_precision, 0.8688
2025-09-30 18:44:44,941 - root - INFO - new node validate roc_auc, 0.9053
2025-09-30 18:44:57,153 - root - INFO - test loss: 0.5021
2025-09-30 18:44:57,153 - root - INFO - test average_precision, 0.7806
2025-09-30 18:44:57,153 - root - INFO - best test average_precision: 0.8266
2025-09-30 18:44:57,153 - root - INFO - test roc_auc, 0.8366
2025-09-30 18:44:57,154 - root - INFO - new node test loss: 0.4156
2025-09-30 18:44:57,154 - root - INFO - new node test average_precision, 0.8848
2025-09-30 18:44:57,154 - root - INFO - new node test roc_auc, 0.9172
2025-09-30 18:46:18,439 - root - INFO - Epoch: 6, learning rate: 0.0001, train loss: 0.4410
2025-09-30 18:46:18,441 - root - INFO - train average_precision, 0.8289
2025-09-30 18:46:18,441 - root - INFO - train roc_auc, 0.8666
2025-09-30 18:46:18,442 - root - INFO - validate loss: 0.4562
2025-09-30 18:46:18,442 - root - INFO - validate average_precision, 0.8275
2025-09-30 18:46:18,442 - root - INFO - validate roc_auc, 0.8629
2025-09-30 18:46:18,442 - root - INFO - new node validate loss: 0.4141
2025-09-30 18:46:18,442 - root - INFO - new node validate average_precision, 0.8723
2025-09-30 18:46:18,442 - root - INFO - new node validate roc_auc, 0.8980
2025-09-30 18:46:30,561 - root - INFO - test loss: 0.4353
2025-09-30 18:46:30,561 - root - INFO - test average_precision, 0.8425
2025-09-30 18:46:30,562 - root - INFO - best test average_precision: 0.8425
2025-09-30 18:46:30,562 - root - INFO - test roc_auc, 0.8757
2025-09-30 18:46:30,562 - root - INFO - new node test loss: 0.3793
2025-09-30 18:46:30,562 - root - INFO - new node test average_precision, 0.8948
2025-09-30 18:46:30,562 - root - INFO - new node test roc_auc, 0.9225
2025-09-30 18:46:30,563 - root - INFO - save model ./saved_models/JODIE/SocialEvo/JODIE_seed0/JODIE_seed0.pkl
2025-09-30 18:47:52,268 - root - INFO - Epoch: 7, learning rate: 0.0001, train loss: 0.4340
2025-09-30 18:47:52,270 - root - INFO - train average_precision, 0.8349
2025-09-30 18:47:52,271 - root - INFO - train roc_auc, 0.8714
2025-09-30 18:47:52,271 - root - INFO - validate loss: 0.4754
2025-09-30 18:47:52,271 - root - INFO - validate average_precision, 0.8353
2025-09-30 18:47:52,272 - root - INFO - validate roc_auc, 0.8700
2025-09-30 18:47:52,272 - root - INFO - new node validate loss: 0.3958
2025-09-30 18:47:52,272 - root - INFO - new node validate average_precision, 0.8891
2025-09-30 18:47:52,272 - root - INFO - new node validate roc_auc, 0.9096
2025-09-30 18:48:04,659 - root - INFO - test loss: 0.4507
2025-09-30 18:48:04,660 - root - INFO - test average_precision, 0.8477
2025-09-30 18:48:04,660 - root - INFO - best test average_precision: 0.8477
2025-09-30 18:48:04,660 - root - INFO - test roc_auc, 0.8810
2025-09-30 18:48:04,660 - root - INFO - new node test loss: 0.4046
2025-09-30 18:48:04,660 - root - INFO - new node test average_precision, 0.8939
2025-09-30 18:48:04,660 - root - INFO - new node test roc_auc, 0.9159
2025-09-30 18:48:04,661 - root - INFO - save model ./saved_models/JODIE/SocialEvo/JODIE_seed0/JODIE_seed0.pkl
2025-09-30 18:49:26,220 - root - INFO - Epoch: 8, learning rate: 0.0001, train loss: 0.4323
2025-09-30 18:49:26,222 - root - INFO - train average_precision, 0.8383
2025-09-30 18:49:26,223 - root - INFO - train roc_auc, 0.8733
2025-09-30 18:49:26,223 - root - INFO - validate loss: 0.5132
2025-09-30 18:49:26,223 - root - INFO - validate average_precision, 0.7895
2025-09-30 18:49:26,223 - root - INFO - validate roc_auc, 0.8352
2025-09-30 18:49:26,223 - root - INFO - new node validate loss: 0.3983
2025-09-30 18:49:26,223 - root - INFO - new node validate average_precision, 0.8695
2025-09-30 18:49:26,224 - root - INFO - new node validate roc_auc, 0.9037
2025-09-30 18:49:38,479 - root - INFO - test loss: 0.4862
2025-09-30 18:49:38,480 - root - INFO - test average_precision, 0.8158
2025-09-30 18:49:38,480 - root - INFO - best test average_precision: 0.8477
2025-09-30 18:49:38,480 - root - INFO - test roc_auc, 0.8569
2025-09-30 18:49:38,480 - root - INFO - new node test loss: 0.3899
2025-09-30 18:49:38,480 - root - INFO - new node test average_precision, 0.8887
2025-09-30 18:49:38,480 - root - INFO - new node test roc_auc, 0.9196
2025-09-30 18:50:59,920 - root - INFO - Epoch: 9, learning rate: 0.0001, train loss: 0.4239
2025-09-30 18:50:59,921 - root - INFO - train average_precision, 0.8459
2025-09-30 18:50:59,922 - root - INFO - train roc_auc, 0.8787
2025-09-30 18:50:59,922 - root - INFO - validate loss: 0.5256
2025-09-30 18:50:59,922 - root - INFO - validate average_precision, 0.7993
2025-09-30 18:50:59,923 - root - INFO - validate roc_auc, 0.8421
2025-09-30 18:50:59,923 - root - INFO - new node validate loss: 0.3696
2025-09-30 18:50:59,923 - root - INFO - new node validate average_precision, 0.9014
2025-09-30 18:50:59,923 - root - INFO - new node validate roc_auc, 0.9188
2025-09-30 18:51:12,349 - root - INFO - test loss: 0.4724
2025-09-30 18:51:12,350 - root - INFO - test average_precision, 0.8281
2025-09-30 18:51:12,350 - root - INFO - best test average_precision: 0.8477
2025-09-30 18:51:12,350 - root - INFO - test roc_auc, 0.8660
2025-09-30 18:51:12,350 - root - INFO - new node test loss: 0.3770
2025-09-30 18:51:12,350 - root - INFO - new node test average_precision, 0.8945
2025-09-30 18:51:12,350 - root - INFO - new node test roc_auc, 0.9215
2025-09-30 18:52:33,821 - root - INFO - Epoch: 10, learning rate: 0.0001, train loss: 0.4156
2025-09-30 18:52:33,823 - root - INFO - train average_precision, 0.8499
2025-09-30 18:52:33,824 - root - INFO - train roc_auc, 0.8823
2025-09-30 18:52:33,824 - root - INFO - validate loss: 0.4664
2025-09-30 18:52:33,824 - root - INFO - validate average_precision, 0.8349
2025-09-30 18:52:33,824 - root - INFO - validate roc_auc, 0.8700
2025-09-30 18:52:33,824 - root - INFO - new node validate loss: 0.3865
2025-09-30 18:52:33,824 - root - INFO - new node validate average_precision, 0.8826
2025-09-30 18:52:33,824 - root - INFO - new node validate roc_auc, 0.9110
2025-09-30 18:52:46,054 - root - INFO - test loss: 0.4298
2025-09-30 18:52:46,054 - root - INFO - test average_precision, 0.8524
2025-09-30 18:52:46,055 - root - INFO - best test average_precision: 0.8524
2025-09-30 18:52:46,055 - root - INFO - test roc_auc, 0.8853
2025-09-30 18:52:46,055 - root - INFO - new node test loss: 0.3687
2025-09-30 18:52:46,055 - root - INFO - new node test average_precision, 0.8984
2025-09-30 18:52:46,055 - root - INFO - new node test roc_auc, 0.9248
2025-09-30 18:54:07,844 - root - INFO - Epoch: 11, learning rate: 0.0001, train loss: 0.4139
2025-09-30 18:54:07,846 - root - INFO - train average_precision, 0.8538
2025-09-30 18:54:07,847 - root - INFO - train roc_auc, 0.8845
2025-09-30 18:54:07,847 - root - INFO - validate loss: 0.4372
2025-09-30 18:54:07,847 - root - INFO - validate average_precision, 0.8429
2025-09-30 18:54:07,847 - root - INFO - validate roc_auc, 0.8741
2025-09-30 18:54:07,847 - root - INFO - new node validate loss: 0.3694
2025-09-30 18:54:07,847 - root - INFO - new node validate average_precision, 0.8993
2025-09-30 18:54:07,848 - root - INFO - new node validate roc_auc, 0.9186
2025-09-30 18:54:20,184 - root - INFO - test loss: 0.4135
2025-09-30 18:54:20,185 - root - INFO - test average_precision, 0.8568
2025-09-30 18:54:20,185 - root - INFO - best test average_precision: 0.8568
2025-09-30 18:54:20,185 - root - INFO - test roc_auc, 0.8860
2025-09-30 18:54:20,185 - root - INFO - new node test loss: 0.3818
2025-09-30 18:54:20,185 - root - INFO - new node test average_precision, 0.9020
2025-09-30 18:54:20,185 - root - INFO - new node test roc_auc, 0.9211
2025-09-30 18:54:20,186 - root - INFO - save model ./saved_models/JODIE/SocialEvo/JODIE_seed0/JODIE_seed0.pkl
2025-09-30 18:55:41,241 - root - INFO - Epoch: 12, learning rate: 0.0001, train loss: 0.4101
2025-09-30 18:55:41,242 - root - INFO - train average_precision, 0.8572
2025-09-30 18:55:41,243 - root - INFO - train roc_auc, 0.8870
2025-09-30 18:55:41,243 - root - INFO - validate loss: 0.4559
2025-09-30 18:55:41,243 - root - INFO - validate average_precision, 0.8492
2025-09-30 18:55:41,243 - root - INFO - validate roc_auc, 0.8806
2025-09-30 18:55:41,243 - root - INFO - new node validate loss: 0.3671
2025-09-30 18:55:41,244 - root - INFO - new node validate average_precision, 0.8756
2025-09-30 18:55:41,244 - root - INFO - new node validate roc_auc, 0.9099
2025-09-30 18:55:53,481 - root - INFO - test loss: 0.4324
2025-09-30 18:55:53,482 - root - INFO - test average_precision, 0.8635
2025-09-30 18:55:53,482 - root - INFO - best test average_precision: 0.8635
2025-09-30 18:55:53,482 - root - INFO - test roc_auc, 0.8932
2025-09-30 18:55:53,482 - root - INFO - new node test loss: 0.3504
2025-09-30 18:55:53,482 - root - INFO - new node test average_precision, 0.8967
2025-09-30 18:55:53,482 - root - INFO - new node test roc_auc, 0.9266
2025-09-30 18:55:53,483 - root - INFO - save model ./saved_models/JODIE/SocialEvo/JODIE_seed0/JODIE_seed0.pkl
2025-09-30 18:57:14,698 - root - INFO - Epoch: 13, learning rate: 0.0001, train loss: 0.4075
2025-09-30 18:57:14,699 - root - INFO - train average_precision, 0.8596
2025-09-30 18:57:14,700 - root - INFO - train roc_auc, 0.8887
2025-09-30 18:57:14,700 - root - INFO - validate loss: 0.4231
2025-09-30 18:57:14,701 - root - INFO - validate average_precision, 0.8539
2025-09-30 18:57:14,701 - root - INFO - validate roc_auc, 0.8840
2025-09-30 18:57:14,701 - root - INFO - new node validate loss: 0.3813
2025-09-30 18:57:14,701 - root - INFO - new node validate average_precision, 0.8959
2025-09-30 18:57:14,701 - root - INFO - new node validate roc_auc, 0.9179
2025-09-30 18:57:26,930 - root - INFO - test loss: 0.4001
2025-09-30 18:57:26,930 - root - INFO - test average_precision, 0.8675
2025-09-30 18:57:26,931 - root - INFO - best test average_precision: 0.8675
2025-09-30 18:57:26,931 - root - INFO - test roc_auc, 0.8951
2025-09-30 18:57:26,931 - root - INFO - new node test loss: 0.3688
2025-09-30 18:57:26,931 - root - INFO - new node test average_precision, 0.9041
2025-09-30 18:57:26,931 - root - INFO - new node test roc_auc, 0.9265
2025-09-30 18:57:26,932 - root - INFO - save model ./saved_models/JODIE/SocialEvo/JODIE_seed0/JODIE_seed0.pkl
2025-09-30 18:58:48,612 - root - INFO - Epoch: 14, learning rate: 0.0001, train loss: 0.4062
2025-09-30 18:58:48,613 - root - INFO - train average_precision, 0.8606
2025-09-30 18:58:48,614 - root - INFO - train roc_auc, 0.8892
2025-09-30 18:58:48,614 - root - INFO - validate loss: 0.4108
2025-09-30 18:58:48,614 - root - INFO - validate average_precision, 0.8620
2025-09-30 18:58:48,615 - root - INFO - validate roc_auc, 0.8895
2025-09-30 18:58:48,615 - root - INFO - new node validate loss: 0.3752
2025-09-30 18:58:48,615 - root - INFO - new node validate average_precision, 0.9009
2025-09-30 18:58:48,615 - root - INFO - new node validate roc_auc, 0.9206
2025-09-30 18:59:00,838 - root - INFO - test loss: 0.3879
2025-09-30 18:59:00,839 - root - INFO - test average_precision, 0.8769
2025-09-30 18:59:00,839 - root - INFO - best test average_precision: 0.8769
2025-09-30 18:59:00,839 - root - INFO - test roc_auc, 0.9013
2025-09-30 18:59:00,839 - root - INFO - new node test loss: 0.3517
2025-09-30 18:59:00,839 - root - INFO - new node test average_precision, 0.9139
2025-09-30 18:59:00,840 - root - INFO - new node test roc_auc, 0.9325
2025-09-30 18:59:00,840 - root - INFO - save model ./saved_models/JODIE/SocialEvo/JODIE_seed0/JODIE_seed0.pkl
2025-09-30 19:00:22,321 - root - INFO - Epoch: 15, learning rate: 0.0001, train loss: 0.4057
2025-09-30 19:00:22,322 - root - INFO - train average_precision, 0.8610
2025-09-30 19:00:22,323 - root - INFO - train roc_auc, 0.8895
2025-09-30 19:00:22,323 - root - INFO - validate loss: 0.4115
2025-09-30 19:00:22,323 - root - INFO - validate average_precision, 0.8627
2025-09-30 19:00:22,323 - root - INFO - validate roc_auc, 0.8902
2025-09-30 19:00:22,324 - root - INFO - new node validate loss: 0.3752
2025-09-30 19:00:22,324 - root - INFO - new node validate average_precision, 0.9018
2025-09-30 19:00:22,324 - root - INFO - new node validate roc_auc, 0.9189
2025-09-30 19:00:34,636 - root - INFO - test loss: 0.3852
2025-09-30 19:00:34,637 - root - INFO - test average_precision, 0.8772
2025-09-30 19:00:34,637 - root - INFO - best test average_precision: 0.8772
2025-09-30 19:00:34,637 - root - INFO - test roc_auc, 0.9026
2025-09-30 19:00:34,637 - root - INFO - new node test loss: 0.3734
2025-09-30 19:00:34,637 - root - INFO - new node test average_precision, 0.9049
2025-09-30 19:00:34,637 - root - INFO - new node test roc_auc, 0.9259
2025-09-30 19:00:34,638 - root - INFO - save model ./saved_models/JODIE/SocialEvo/JODIE_seed0/JODIE_seed0.pkl
2025-09-30 19:01:55,692 - root - INFO - Epoch: 16, learning rate: 0.0001, train loss: 0.4036
2025-09-30 19:01:55,694 - root - INFO - train average_precision, 0.8626
2025-09-30 19:01:55,694 - root - INFO - train roc_auc, 0.8907
2025-09-30 19:01:55,694 - root - INFO - validate loss: 0.4312
2025-09-30 19:01:55,695 - root - INFO - validate average_precision, 0.8485
2025-09-30 19:01:55,695 - root - INFO - validate roc_auc, 0.8794
2025-09-30 19:01:55,695 - root - INFO - new node validate loss: 0.3815
2025-09-30 19:01:55,695 - root - INFO - new node validate average_precision, 0.8995
2025-09-30 19:01:55,695 - root - INFO - new node validate roc_auc, 0.9191
2025-09-30 19:02:07,916 - root - INFO - test loss: 0.4042
2025-09-30 19:02:07,916 - root - INFO - test average_precision, 0.8628
2025-09-30 19:02:07,917 - root - INFO - best test average_precision: 0.8772
2025-09-30 19:02:07,917 - root - INFO - test roc_auc, 0.8922
2025-09-30 19:02:07,917 - root - INFO - new node test loss: 0.3675
2025-09-30 19:02:07,917 - root - INFO - new node test average_precision, 0.9109
2025-09-30 19:02:07,917 - root - INFO - new node test roc_auc, 0.9308
2025-09-30 19:03:29,538 - root - INFO - Epoch: 17, learning rate: 0.0001, train loss: 0.4021
2025-09-30 19:03:29,539 - root - INFO - train average_precision, 0.8640
2025-09-30 19:03:29,540 - root - INFO - train roc_auc, 0.8917
2025-09-30 19:03:29,540 - root - INFO - validate loss: 0.4168
2025-09-30 19:03:29,540 - root - INFO - validate average_precision, 0.8599
2025-09-30 19:03:29,541 - root - INFO - validate roc_auc, 0.8873
2025-09-30 19:03:29,541 - root - INFO - new node validate loss: 0.3704
2025-09-30 19:03:29,541 - root - INFO - new node validate average_precision, 0.8969
2025-09-30 19:03:29,541 - root - INFO - new node validate roc_auc, 0.9188
2025-09-30 19:03:41,754 - root - INFO - test loss: 0.3869
2025-09-30 19:03:41,754 - root - INFO - test average_precision, 0.8777
2025-09-30 19:03:41,755 - root - INFO - best test average_precision: 0.8777
2025-09-30 19:03:41,755 - root - INFO - test roc_auc, 0.9033
2025-09-30 19:03:41,755 - root - INFO - new node test loss: 0.3594
2025-09-30 19:03:41,755 - root - INFO - new node test average_precision, 0.9086
2025-09-30 19:03:41,755 - root - INFO - new node test roc_auc, 0.9303
2025-09-30 19:05:02,948 - root - INFO - Epoch: 18, learning rate: 0.0001, train loss: 0.4001
2025-09-30 19:05:02,950 - root - INFO - train average_precision, 0.8654
2025-09-30 19:05:02,951 - root - INFO - train roc_auc, 0.8929
2025-09-30 19:05:02,951 - root - INFO - validate loss: 0.4651
2025-09-30 19:05:02,951 - root - INFO - validate average_precision, 0.8361
2025-09-30 19:05:02,951 - root - INFO - validate roc_auc, 0.8702
2025-09-30 19:05:02,951 - root - INFO - new node validate loss: 0.3891
2025-09-30 19:05:02,951 - root - INFO - new node validate average_precision, 0.8940
2025-09-30 19:05:02,951 - root - INFO - new node validate roc_auc, 0.9106
2025-09-30 19:05:15,223 - root - INFO - test loss: 0.4292
2025-09-30 19:05:15,224 - root - INFO - test average_precision, 0.8564
2025-09-30 19:05:15,224 - root - INFO - best test average_precision: 0.8777
2025-09-30 19:05:15,224 - root - INFO - test roc_auc, 0.8875
2025-09-30 19:05:15,224 - root - INFO - new node test loss: 0.3587
2025-09-30 19:05:15,224 - root - INFO - new node test average_precision, 0.9072
2025-09-30 19:05:15,224 - root - INFO - new node test roc_auc, 0.9283
2025-09-30 19:06:36,321 - root - INFO - Epoch: 19, learning rate: 0.0001, train loss: 0.4007
2025-09-30 19:06:36,323 - root - INFO - train average_precision, 0.8664
2025-09-30 19:06:36,324 - root - INFO - train roc_auc, 0.8930
2025-09-30 19:06:36,324 - root - INFO - validate loss: 0.5233
2025-09-30 19:06:36,324 - root - INFO - validate average_precision, 0.7934
2025-09-30 19:06:36,324 - root - INFO - validate roc_auc, 0.8375
2025-09-30 19:06:36,324 - root - INFO - new node validate loss: 0.3765
2025-09-30 19:06:36,324 - root - INFO - new node validate average_precision, 0.9016
2025-09-30 19:06:36,324 - root - INFO - new node validate roc_auc, 0.9162
2025-09-30 19:06:48,518 - root - INFO - test loss: 0.4731
2025-09-30 19:06:48,518 - root - INFO - test average_precision, 0.8221
2025-09-30 19:06:48,518 - root - INFO - best test average_precision: 0.8777
2025-09-30 19:06:48,519 - root - INFO - test roc_auc, 0.8621
2025-09-30 19:06:48,519 - root - INFO - new node test loss: 0.3687
2025-09-30 19:06:48,519 - root - INFO - new node test average_precision, 0.9070
2025-09-30 19:06:48,519 - root - INFO - new node test roc_auc, 0.9250
2025-09-30 19:08:09,827 - root - INFO - Epoch: 20, learning rate: 0.0001, train loss: 0.3977
2025-09-30 19:08:09,829 - root - INFO - train average_precision, 0.8663
2025-09-30 19:08:09,830 - root - INFO - train roc_auc, 0.8938
2025-09-30 19:08:09,830 - root - INFO - validate loss: 0.4090
2025-09-30 19:08:09,830 - root - INFO - validate average_precision, 0.8684
2025-09-30 19:08:09,830 - root - INFO - validate roc_auc, 0.8939
2025-09-30 19:08:09,830 - root - INFO - new node validate loss: 0.3801
2025-09-30 19:08:09,830 - root - INFO - new node validate average_precision, 0.9002
2025-09-30 19:08:09,830 - root - INFO - new node validate roc_auc, 0.9185
2025-09-30 19:08:22,140 - root - INFO - test loss: 0.3874
2025-09-30 19:08:22,140 - root - INFO - test average_precision, 0.8815
2025-09-30 19:08:22,141 - root - INFO - best test average_precision: 0.8815
2025-09-30 19:08:22,141 - root - INFO - test roc_auc, 0.9049
2025-09-30 19:08:22,141 - root - INFO - new node test loss: 0.3620
2025-09-30 19:08:22,141 - root - INFO - new node test average_precision, 0.9104
2025-09-30 19:08:22,141 - root - INFO - new node test roc_auc, 0.9294
2025-09-30 19:08:22,142 - root - INFO - save model ./saved_models/JODIE/SocialEvo/JODIE_seed0/JODIE_seed0.pkl
2025-09-30 19:09:43,594 - root - INFO - Epoch: 21, learning rate: 0.0001, train loss: 0.3980
2025-09-30 19:09:43,595 - root - INFO - train average_precision, 0.8671
2025-09-30 19:09:43,596 - root - INFO - train roc_auc, 0.8940
2025-09-30 19:09:43,596 - root - INFO - validate loss: 0.4365
2025-09-30 19:09:43,597 - root - INFO - validate average_precision, 0.8500
2025-09-30 19:09:43,597 - root - INFO - validate roc_auc, 0.8782
2025-09-30 19:09:43,597 - root - INFO - new node validate loss: 0.3727
2025-09-30 19:09:43,597 - root - INFO - new node validate average_precision, 0.9001
2025-09-30 19:09:43,597 - root - INFO - new node validate roc_auc, 0.9184
2025-09-30 19:09:55,960 - root - INFO - test loss: 0.4100
2025-09-30 19:09:55,961 - root - INFO - test average_precision, 0.8651
2025-09-30 19:09:55,961 - root - INFO - best test average_precision: 0.8815
2025-09-30 19:09:55,961 - root - INFO - test roc_auc, 0.8908
2025-09-30 19:09:55,961 - root - INFO - new node test loss: 0.3634
2025-09-30 19:09:55,961 - root - INFO - new node test average_precision, 0.9077
2025-09-30 19:09:55,961 - root - INFO - new node test roc_auc, 0.9280
2025-09-30 19:11:17,870 - root - INFO - Epoch: 22, learning rate: 0.0001, train loss: 0.3944
2025-09-30 19:11:17,873 - root - INFO - train average_precision, 0.8698
2025-09-30 19:11:17,875 - root - INFO - train roc_auc, 0.8959
2025-09-30 19:11:17,876 - root - INFO - validate loss: 0.4298
2025-09-30 19:11:17,876 - root - INFO - validate average_precision, 0.8604
2025-09-30 19:11:17,877 - root - INFO - validate roc_auc, 0.8891
2025-09-30 19:11:17,877 - root - INFO - new node validate loss: 0.4073
2025-09-30 19:11:17,877 - root - INFO - new node validate average_precision, 0.9005
2025-09-30 19:11:17,877 - root - INFO - new node validate roc_auc, 0.9183
2025-09-30 19:11:30,124 - root - INFO - test loss: 0.3962
2025-09-30 19:11:30,125 - root - INFO - test average_precision, 0.8751
2025-09-30 19:11:30,125 - root - INFO - best test average_precision: 0.8815
2025-09-30 19:11:30,125 - root - INFO - test roc_auc, 0.9022
2025-09-30 19:11:30,125 - root - INFO - new node test loss: 0.3753
2025-09-30 19:11:30,125 - root - INFO - new node test average_precision, 0.9123
2025-09-30 19:11:30,125 - root - INFO - new node test roc_auc, 0.9308
2025-09-30 19:12:51,420 - root - INFO - Epoch: 23, learning rate: 0.0001, train loss: 0.3956
2025-09-30 19:12:51,422 - root - INFO - train average_precision, 0.8684
2025-09-30 19:12:51,423 - root - INFO - train roc_auc, 0.8949
2025-09-30 19:12:51,423 - root - INFO - validate loss: 0.4054
2025-09-30 19:12:51,423 - root - INFO - validate average_precision, 0.8688
2025-09-30 19:12:51,423 - root - INFO - validate roc_auc, 0.8955
2025-09-30 19:12:51,423 - root - INFO - new node validate loss: 0.3682
2025-09-30 19:12:51,423 - root - INFO - new node validate average_precision, 0.9013
2025-09-30 19:12:51,423 - root - INFO - new node validate roc_auc, 0.9196
2025-09-30 19:13:03,638 - root - INFO - test loss: 0.3839
2025-09-30 19:13:03,638 - root - INFO - test average_precision, 0.8845
2025-09-30 19:13:03,639 - root - INFO - best test average_precision: 0.8845
2025-09-30 19:13:03,639 - root - INFO - test roc_auc, 0.9074
2025-09-30 19:13:03,639 - root - INFO - new node test loss: 0.3517
2025-09-30 19:13:03,639 - root - INFO - new node test average_precision, 0.9067
2025-09-30 19:13:03,639 - root - INFO - new node test roc_auc, 0.9278
2025-09-30 19:13:03,640 - root - INFO - save model ./saved_models/JODIE/SocialEvo/JODIE_seed0/JODIE_seed0.pkl
2025-09-30 19:14:25,159 - root - INFO - Epoch: 24, learning rate: 0.0001, train loss: 0.3947
2025-09-30 19:14:25,161 - root - INFO - train average_precision, 0.8699
2025-09-30 19:14:25,162 - root - INFO - train roc_auc, 0.8960
2025-09-30 19:14:25,162 - root - INFO - validate loss: 0.4996
2025-09-30 19:14:25,162 - root - INFO - validate average_precision, 0.8094
2025-09-30 19:14:25,162 - root - INFO - validate roc_auc, 0.8470
2025-09-30 19:14:25,162 - root - INFO - new node validate loss: 0.3600
2025-09-30 19:14:25,162 - root - INFO - new node validate average_precision, 0.9026
2025-09-30 19:14:25,162 - root - INFO - new node validate roc_auc, 0.9190
2025-09-30 19:14:37,332 - root - INFO - test loss: 0.4554
2025-09-30 19:14:37,332 - root - INFO - test average_precision, 0.8361
2025-09-30 19:14:37,333 - root - INFO - best test average_precision: 0.8845
2025-09-30 19:14:37,333 - root - INFO - test roc_auc, 0.8688
2025-09-30 19:14:37,333 - root - INFO - new node test loss: 0.3769
2025-09-30 19:14:37,333 - root - INFO - new node test average_precision, 0.8988
2025-09-30 19:14:37,333 - root - INFO - new node test roc_auc, 0.9187
2025-09-30 19:15:58,694 - root - INFO - Epoch: 25, learning rate: 0.0001, train loss: 0.3949
2025-09-30 19:15:58,695 - root - INFO - train average_precision, 0.8691
2025-09-30 19:15:58,696 - root - INFO - train roc_auc, 0.8955
2025-09-30 19:15:58,696 - root - INFO - validate loss: 0.4132
2025-09-30 19:15:58,696 - root - INFO - validate average_precision, 0.8663
2025-09-30 19:15:58,697 - root - INFO - validate roc_auc, 0.8932
2025-09-30 19:15:58,697 - root - INFO - new node validate loss: 0.3573
2025-09-30 19:15:58,697 - root - INFO - new node validate average_precision, 0.9015
2025-09-30 19:15:58,697 - root - INFO - new node validate roc_auc, 0.9206
2025-09-30 19:16:11,004 - root - INFO - test loss: 0.3899
2025-09-30 19:16:11,005 - root - INFO - test average_precision, 0.8822
2025-09-30 19:16:11,005 - root - INFO - best test average_precision: 0.8845
2025-09-30 19:16:11,005 - root - INFO - test roc_auc, 0.9069
2025-09-30 19:16:11,005 - root - INFO - new node test loss: 0.3552
2025-09-30 19:16:11,005 - root - INFO - new node test average_precision, 0.9083
2025-09-30 19:16:11,005 - root - INFO - new node test roc_auc, 0.9269
2025-09-30 19:17:32,220 - root - INFO - Epoch: 26, learning rate: 0.0001, train loss: 0.3940
2025-09-30 19:17:32,222 - root - INFO - train average_precision, 0.8708
2025-09-30 19:17:32,222 - root - INFO - train roc_auc, 0.8966
2025-09-30 19:17:32,223 - root - INFO - validate loss: 0.3993
2025-09-30 19:17:32,223 - root - INFO - validate average_precision, 0.8726
2025-09-30 19:17:32,223 - root - INFO - validate roc_auc, 0.8973
2025-09-30 19:17:32,223 - root - INFO - new node validate loss: 0.3913
2025-09-30 19:17:32,223 - root - INFO - new node validate average_precision, 0.8780
2025-09-30 19:17:32,223 - root - INFO - new node validate roc_auc, 0.9081
2025-09-30 19:17:44,447 - root - INFO - test loss: 0.3750
2025-09-30 19:17:44,448 - root - INFO - test average_precision, 0.8860
2025-09-30 19:17:44,448 - root - INFO - best test average_precision: 0.8860
2025-09-30 19:17:44,448 - root - INFO - test roc_auc, 0.9089
2025-09-30 19:17:44,448 - root - INFO - new node test loss: 0.3531
2025-09-30 19:17:44,448 - root - INFO - new node test average_precision, 0.8993
2025-09-30 19:17:44,449 - root - INFO - new node test roc_auc, 0.9259
2025-09-30 19:17:44,449 - root - INFO - save model ./saved_models/JODIE/SocialEvo/JODIE_seed0/JODIE_seed0.pkl
2025-09-30 19:19:05,901 - root - INFO - Epoch: 27, learning rate: 0.0001, train loss: 0.3912
2025-09-30 19:19:05,902 - root - INFO - train average_precision, 0.8717
2025-09-30 19:19:05,903 - root - INFO - train roc_auc, 0.8976
2025-09-30 19:19:05,903 - root - INFO - validate loss: 0.3967
2025-09-30 19:19:05,904 - root - INFO - validate average_precision, 0.8738
2025-09-30 19:19:05,904 - root - INFO - validate roc_auc, 0.8992
2025-09-30 19:19:05,904 - root - INFO - new node validate loss: 0.3878
2025-09-30 19:19:05,904 - root - INFO - new node validate average_precision, 0.8981
2025-09-30 19:19:05,904 - root - INFO - new node validate roc_auc, 0.9173
2025-09-30 19:19:18,107 - root - INFO - test loss: 0.3756
2025-09-30 19:19:18,107 - root - INFO - test average_precision, 0.8861
2025-09-30 19:19:18,107 - root - INFO - best test average_precision: 0.8861
2025-09-30 19:19:18,108 - root - INFO - test roc_auc, 0.9090
2025-09-30 19:19:18,108 - root - INFO - new node test loss: 0.3614
2025-09-30 19:19:18,108 - root - INFO - new node test average_precision, 0.9075
2025-09-30 19:19:18,108 - root - INFO - new node test roc_auc, 0.9282
2025-09-30 19:19:18,108 - root - INFO - save model ./saved_models/JODIE/SocialEvo/JODIE_seed0/JODIE_seed0.pkl
2025-09-30 19:20:39,509 - root - INFO - Epoch: 28, learning rate: 0.0001, train loss: 0.3911
2025-09-30 19:20:39,510 - root - INFO - train average_precision, 0.8723
2025-09-30 19:20:39,511 - root - INFO - train roc_auc, 0.8977
2025-09-30 19:20:39,511 - root - INFO - validate loss: 0.3995
2025-09-30 19:20:39,511 - root - INFO - validate average_precision, 0.8714
2025-09-30 19:20:39,512 - root - INFO - validate roc_auc, 0.8960
2025-09-30 19:20:39,512 - root - INFO - new node validate loss: 0.3776
2025-09-30 19:20:39,512 - root - INFO - new node validate average_precision, 0.8999
2025-09-30 19:20:39,512 - root - INFO - new node validate roc_auc, 0.9181
2025-09-30 19:20:51,705 - root - INFO - test loss: 0.3688
2025-09-30 19:20:51,705 - root - INFO - test average_precision, 0.8897
2025-09-30 19:20:51,705 - root - INFO - best test average_precision: 0.8897
2025-09-30 19:20:51,705 - root - INFO - test roc_auc, 0.9119
2025-09-30 19:20:51,706 - root - INFO - new node test loss: 0.3609
2025-09-30 19:20:51,706 - root - INFO - new node test average_precision, 0.9047
2025-09-30 19:20:51,706 - root - INFO - new node test roc_auc, 0.9273
2025-09-30 19:22:12,974 - root - INFO - Epoch: 29, learning rate: 0.0001, train loss: 0.3888
2025-09-30 19:22:12,976 - root - INFO - train average_precision, 0.8731
2025-09-30 19:22:12,976 - root - INFO - train roc_auc, 0.8987
2025-09-30 19:22:12,977 - root - INFO - validate loss: 0.4104
2025-09-30 19:22:12,977 - root - INFO - validate average_precision, 0.8676
2025-09-30 19:22:12,977 - root - INFO - validate roc_auc, 0.8949
2025-09-30 19:22:12,977 - root - INFO - new node validate loss: 0.3344
2025-09-30 19:22:12,977 - root - INFO - new node validate average_precision, 0.9178
2025-09-30 19:22:12,977 - root - INFO - new node validate roc_auc, 0.9313
2025-09-30 19:22:25,198 - root - INFO - test loss: 0.3809
2025-09-30 19:22:25,198 - root - INFO - test average_precision, 0.8837
2025-09-30 19:22:25,199 - root - INFO - best test average_precision: 0.8897
2025-09-30 19:22:25,199 - root - INFO - test roc_auc, 0.9079
2025-09-30 19:22:25,199 - root - INFO - new node test loss: 0.3375
2025-09-30 19:22:25,199 - root - INFO - new node test average_precision, 0.9133
2025-09-30 19:22:25,199 - root - INFO - new node test roc_auc, 0.9317
2025-09-30 19:23:46,487 - root - INFO - Epoch: 30, learning rate: 0.0001, train loss: 0.3905
2025-09-30 19:23:46,489 - root - INFO - train average_precision, 0.8731
2025-09-30 19:23:46,489 - root - INFO - train roc_auc, 0.8984
2025-09-30 19:23:46,490 - root - INFO - validate loss: 0.4147
2025-09-30 19:23:46,490 - root - INFO - validate average_precision, 0.8706
2025-09-30 19:23:46,490 - root - INFO - validate roc_auc, 0.8968
2025-09-30 19:23:46,490 - root - INFO - new node validate loss: 0.3632
2025-09-30 19:23:46,490 - root - INFO - new node validate average_precision, 0.9008
2025-09-30 19:23:46,490 - root - INFO - new node validate roc_auc, 0.9218
2025-09-30 19:23:58,639 - root - INFO - test loss: 0.3730
2025-09-30 19:23:58,640 - root - INFO - test average_precision, 0.8880
2025-09-30 19:23:58,640 - root - INFO - best test average_precision: 0.8897
2025-09-30 19:23:58,640 - root - INFO - test roc_auc, 0.9118
2025-09-30 19:23:58,640 - root - INFO - new node test loss: 0.3522
2025-09-30 19:23:58,640 - root - INFO - new node test average_precision, 0.9117
2025-09-30 19:23:58,640 - root - INFO - new node test roc_auc, 0.9305
2025-09-30 19:25:19,651 - root - INFO - Epoch: 31, learning rate: 0.0001, train loss: 0.3885
2025-09-30 19:25:19,653 - root - INFO - train average_precision, 0.8731
2025-09-30 19:25:19,653 - root - INFO - train roc_auc, 0.8987
2025-09-30 19:25:19,653 - root - INFO - validate loss: 0.3999
2025-09-30 19:25:19,654 - root - INFO - validate average_precision, 0.8723
2025-09-30 19:25:19,654 - root - INFO - validate roc_auc, 0.8975
2025-09-30 19:25:19,654 - root - INFO - new node validate loss: 0.3367
2025-09-30 19:25:19,654 - root - INFO - new node validate average_precision, 0.9142
2025-09-30 19:25:19,654 - root - INFO - new node validate roc_auc, 0.9287
2025-09-30 19:25:31,865 - root - INFO - test loss: 0.3720
2025-09-30 19:25:31,866 - root - INFO - test average_precision, 0.8871
2025-09-30 19:25:31,866 - root - INFO - best test average_precision: 0.8897
2025-09-30 19:25:31,866 - root - INFO - test roc_auc, 0.9102
2025-09-30 19:25:31,866 - root - INFO - new node test loss: 0.3466
2025-09-30 19:25:31,866 - root - INFO - new node test average_precision, 0.9094
2025-09-30 19:25:31,866 - root - INFO - new node test roc_auc, 0.9292
2025-09-30 19:26:53,500 - root - INFO - Epoch: 32, learning rate: 0.0001, train loss: 0.3879
2025-09-30 19:26:53,502 - root - INFO - train average_precision, 0.8738
2025-09-30 19:26:53,502 - root - INFO - train roc_auc, 0.8993
2025-09-30 19:26:53,502 - root - INFO - validate loss: 0.4108
2025-09-30 19:26:53,503 - root - INFO - validate average_precision, 0.8645
2025-09-30 19:26:53,503 - root - INFO - validate roc_auc, 0.8916
2025-09-30 19:26:53,503 - root - INFO - new node validate loss: 0.3574
2025-09-30 19:26:53,503 - root - INFO - new node validate average_precision, 0.9054
2025-09-30 19:26:53,503 - root - INFO - new node validate roc_auc, 0.9225
2025-09-30 19:27:05,761 - root - INFO - test loss: 0.3801
2025-09-30 19:27:05,761 - root - INFO - test average_precision, 0.8835
2025-09-30 19:27:05,762 - root - INFO - best test average_precision: 0.8897
2025-09-30 19:27:05,762 - root - INFO - test roc_auc, 0.9070
2025-09-30 19:27:05,762 - root - INFO - new node test loss: 0.3405
2025-09-30 19:27:05,762 - root - INFO - new node test average_precision, 0.9150
2025-09-30 19:27:05,762 - root - INFO - new node test roc_auc, 0.9339
2025-09-30 19:28:27,038 - root - INFO - Epoch: 33, learning rate: 0.0001, train loss: 0.3841
2025-09-30 19:28:27,039 - root - INFO - train average_precision, 0.8762
2025-09-30 19:28:27,040 - root - INFO - train roc_auc, 0.9010
2025-09-30 19:28:27,040 - root - INFO - validate loss: 0.4021
2025-09-30 19:28:27,040 - root - INFO - validate average_precision, 0.8691
2025-09-30 19:28:27,040 - root - INFO - validate roc_auc, 0.8945
2025-09-30 19:28:27,040 - root - INFO - new node validate loss: 0.3825
2025-09-30 19:28:27,041 - root - INFO - new node validate average_precision, 0.9012
2025-09-30 19:28:27,041 - root - INFO - new node validate roc_auc, 0.9184
2025-09-30 19:28:39,254 - root - INFO - test loss: 0.3805
2025-09-30 19:28:39,254 - root - INFO - test average_precision, 0.8818
2025-09-30 19:28:39,255 - root - INFO - best test average_precision: 0.8897
2025-09-30 19:28:39,255 - root - INFO - test roc_auc, 0.9046
2025-09-30 19:28:39,255 - root - INFO - new node test loss: 0.3439
2025-09-30 19:28:39,255 - root - INFO - new node test average_precision, 0.9110
2025-09-30 19:28:39,255 - root - INFO - new node test roc_auc, 0.9313
2025-09-30 19:30:00,462 - root - INFO - Epoch: 34, learning rate: 0.0001, train loss: 0.3854
2025-09-30 19:30:00,464 - root - INFO - train average_precision, 0.8752
2025-09-30 19:30:00,464 - root - INFO - train roc_auc, 0.9002
2025-09-30 19:30:00,465 - root - INFO - validate loss: 0.4605
2025-09-30 19:30:00,465 - root - INFO - validate average_precision, 0.8527
2025-09-30 19:30:00,465 - root - INFO - validate roc_auc, 0.8812
2025-09-30 19:30:00,465 - root - INFO - new node validate loss: 0.3956
2025-09-30 19:30:00,465 - root - INFO - new node validate average_precision, 0.8970
2025-09-30 19:30:00,465 - root - INFO - new node validate roc_auc, 0.9178
2025-09-30 19:30:12,725 - root - INFO - test loss: 0.4319
2025-09-30 19:30:12,725 - root - INFO - test average_precision, 0.8656
2025-09-30 19:30:12,725 - root - INFO - best test average_precision: 0.8897
2025-09-30 19:30:12,726 - root - INFO - test roc_auc, 0.8916
2025-09-30 19:30:12,726 - root - INFO - new node test loss: 0.3640
2025-09-30 19:30:12,726 - root - INFO - new node test average_precision, 0.9092
2025-09-30 19:30:12,726 - root - INFO - new node test roc_auc, 0.9307
2025-09-30 19:31:33,991 - root - INFO - Epoch: 35, learning rate: 0.0001, train loss: 0.3849
2025-09-30 19:31:33,992 - root - INFO - train average_precision, 0.8760
2025-09-30 19:31:33,993 - root - INFO - train roc_auc, 0.9009
2025-09-30 19:31:33,993 - root - INFO - validate loss: 0.3908
2025-09-30 19:31:33,994 - root - INFO - validate average_precision, 0.8764
2025-09-30 19:31:33,994 - root - INFO - validate roc_auc, 0.9008
2025-09-30 19:31:33,994 - root - INFO - new node validate loss: 0.3732
2025-09-30 19:31:33,994 - root - INFO - new node validate average_precision, 0.9043
2025-09-30 19:31:33,994 - root - INFO - new node validate roc_auc, 0.9220
2025-09-30 19:31:46,208 - root - INFO - test loss: 0.3676
2025-09-30 19:31:46,208 - root - INFO - test average_precision, 0.8888
2025-09-30 19:31:46,208 - root - INFO - best test average_precision: 0.8897
2025-09-30 19:31:46,209 - root - INFO - test roc_auc, 0.9114
2025-09-30 19:31:46,209 - root - INFO - new node test loss: 0.3416
2025-09-30 19:31:46,209 - root - INFO - new node test average_precision, 0.9141
2025-09-30 19:31:46,209 - root - INFO - new node test roc_auc, 0.9327
2025-09-30 19:31:46,209 - root - INFO - save model ./saved_models/JODIE/SocialEvo/JODIE_seed0/JODIE_seed0.pkl
2025-09-30 19:33:07,496 - root - INFO - Epoch: 36, learning rate: 0.0001, train loss: 0.3838
2025-09-30 19:33:07,497 - root - INFO - train average_precision, 0.8762
2025-09-30 19:33:07,498 - root - INFO - train roc_auc, 0.9012
2025-09-30 19:33:07,498 - root - INFO - validate loss: 0.3949
2025-09-30 19:33:07,498 - root - INFO - validate average_precision, 0.8749
2025-09-30 19:33:07,498 - root - INFO - validate roc_auc, 0.8992
2025-09-30 19:33:07,498 - root - INFO - new node validate loss: 0.3656
2025-09-30 19:33:07,498 - root - INFO - new node validate average_precision, 0.8998
2025-09-30 19:33:07,498 - root - INFO - new node validate roc_auc, 0.9189
2025-09-30 19:33:19,777 - root - INFO - test loss: 0.3621
2025-09-30 19:33:19,777 - root - INFO - test average_precision, 0.8916
2025-09-30 19:33:19,777 - root - INFO - best test average_precision: 0.8916
2025-09-30 19:33:19,778 - root - INFO - test roc_auc, 0.9138
2025-09-30 19:33:19,778 - root - INFO - new node test loss: 0.3250
2025-09-30 19:33:19,778 - root - INFO - new node test average_precision, 0.9218
2025-09-30 19:33:19,778 - root - INFO - new node test roc_auc, 0.9381
2025-09-30 19:34:41,025 - root - INFO - Epoch: 37, learning rate: 0.0001, train loss: 0.3846
2025-09-30 19:34:41,027 - root - INFO - train average_precision, 0.8765
2025-09-30 19:34:41,028 - root - INFO - train roc_auc, 0.9012
2025-09-30 19:34:41,028 - root - INFO - validate loss: 0.3970
2025-09-30 19:34:41,028 - root - INFO - validate average_precision, 0.8762
2025-09-30 19:34:41,028 - root - INFO - validate roc_auc, 0.9008
2025-09-30 19:34:41,028 - root - INFO - new node validate loss: 0.3799
2025-09-30 19:34:41,028 - root - INFO - new node validate average_precision, 0.8961
2025-09-30 19:34:41,029 - root - INFO - new node validate roc_auc, 0.9144
2025-09-30 19:34:53,283 - root - INFO - test loss: 0.3710
2025-09-30 19:34:53,283 - root - INFO - test average_precision, 0.8916
2025-09-30 19:34:53,283 - root - INFO - best test average_precision: 0.8916
2025-09-30 19:34:53,284 - root - INFO - test roc_auc, 0.9136
2025-09-30 19:34:53,284 - root - INFO - new node test loss: 0.3559
2025-09-30 19:34:53,284 - root - INFO - new node test average_precision, 0.9076
2025-09-30 19:34:53,284 - root - INFO - new node test roc_auc, 0.9257
2025-09-30 19:36:14,769 - root - INFO - Epoch: 38, learning rate: 0.0001, train loss: 0.3818
2025-09-30 19:36:14,770 - root - INFO - train average_precision, 0.8781
2025-09-30 19:36:14,771 - root - INFO - train roc_auc, 0.9024
2025-09-30 19:36:14,771 - root - INFO - validate loss: 0.4054
2025-09-30 19:36:14,772 - root - INFO - validate average_precision, 0.8685
2025-09-30 19:36:14,772 - root - INFO - validate roc_auc, 0.8927
2025-09-30 19:36:14,772 - root - INFO - new node validate loss: 0.3567
2025-09-30 19:36:14,772 - root - INFO - new node validate average_precision, 0.9031
2025-09-30 19:36:14,772 - root - INFO - new node validate roc_auc, 0.9205
2025-09-30 19:36:27,058 - root - INFO - test loss: 0.3780
2025-09-30 19:36:27,058 - root - INFO - test average_precision, 0.8838
2025-09-30 19:36:27,058 - root - INFO - best test average_precision: 0.8916
2025-09-30 19:36:27,058 - root - INFO - test roc_auc, 0.9062
2025-09-30 19:36:27,059 - root - INFO - new node test loss: 0.3356
2025-09-30 19:36:27,059 - root - INFO - new node test average_precision, 0.9141
2025-09-30 19:36:27,059 - root - INFO - new node test roc_auc, 0.9335
2025-09-30 19:37:48,625 - root - INFO - Epoch: 39, learning rate: 0.0001, train loss: 0.3834
2025-09-30 19:37:48,626 - root - INFO - train average_precision, 0.8771
2025-09-30 19:37:48,627 - root - INFO - train roc_auc, 0.9017
2025-09-30 19:37:48,627 - root - INFO - validate loss: 0.4029
2025-09-30 19:37:48,627 - root - INFO - validate average_precision, 0.8787
2025-09-30 19:37:48,627 - root - INFO - validate roc_auc, 0.9033
2025-09-30 19:37:48,627 - root - INFO - new node validate loss: 0.4091
2025-09-30 19:37:48,628 - root - INFO - new node validate average_precision, 0.8901
2025-09-30 19:37:48,628 - root - INFO - new node validate roc_auc, 0.9109
2025-09-30 19:38:00,785 - root - INFO - test loss: 0.3882
2025-09-30 19:38:00,786 - root - INFO - test average_precision, 0.8837
2025-09-30 19:38:00,786 - root - INFO - best test average_precision: 0.8916
2025-09-30 19:38:00,786 - root - INFO - test roc_auc, 0.9093
2025-09-30 19:38:00,786 - root - INFO - new node test loss: 0.3471
2025-09-30 19:38:00,786 - root - INFO - new node test average_precision, 0.9164
2025-09-30 19:38:00,786 - root - INFO - new node test roc_auc, 0.9350
2025-09-30 19:38:00,787 - root - INFO - save model ./saved_models/JODIE/SocialEvo/JODIE_seed0/JODIE_seed0.pkl
2025-09-30 19:39:22,441 - root - INFO - Epoch: 40, learning rate: 0.0001, train loss: 0.3819
2025-09-30 19:39:22,443 - root - INFO - train average_precision, 0.8777
2025-09-30 19:39:22,444 - root - INFO - train roc_auc, 0.9023
2025-09-30 19:39:22,444 - root - INFO - validate loss: 0.4046
2025-09-30 19:39:22,444 - root - INFO - validate average_precision, 0.8747
2025-09-30 19:39:22,444 - root - INFO - validate roc_auc, 0.8991
2025-09-30 19:39:22,444 - root - INFO - new node validate loss: 0.3927
2025-09-30 19:39:22,444 - root - INFO - new node validate average_precision, 0.9077
2025-09-30 19:39:22,444 - root - INFO - new node validate roc_auc, 0.9215
2025-09-30 19:39:34,621 - root - INFO - test loss: 0.3793
2025-09-30 19:39:34,621 - root - INFO - test average_precision, 0.8890
2025-09-30 19:39:34,621 - root - INFO - best test average_precision: 0.8916
2025-09-30 19:39:34,622 - root - INFO - test roc_auc, 0.9110
2025-09-30 19:39:34,622 - root - INFO - new node test loss: 0.3613
2025-09-30 19:39:34,622 - root - INFO - new node test average_precision, 0.9172
2025-09-30 19:39:34,622 - root - INFO - new node test roc_auc, 0.9338
2025-09-30 19:40:55,605 - root - INFO - Epoch: 41, learning rate: 0.0001, train loss: 0.3834
2025-09-30 19:40:55,607 - root - INFO - train average_precision, 0.8771
2025-09-30 19:40:55,607 - root - INFO - train roc_auc, 0.9017
2025-09-30 19:40:55,607 - root - INFO - validate loss: 0.3924
2025-09-30 19:40:55,608 - root - INFO - validate average_precision, 0.8797
2025-09-30 19:40:55,608 - root - INFO - validate roc_auc, 0.9036
2025-09-30 19:40:55,608 - root - INFO - new node validate loss: 0.3612
2025-09-30 19:40:55,608 - root - INFO - new node validate average_precision, 0.9138
2025-09-30 19:40:55,608 - root - INFO - new node validate roc_auc, 0.9260
2025-09-30 19:41:07,913 - root - INFO - test loss: 0.3690
2025-09-30 19:41:07,914 - root - INFO - test average_precision, 0.8912
2025-09-30 19:41:07,914 - root - INFO - best test average_precision: 0.8916
2025-09-30 19:41:07,914 - root - INFO - test roc_auc, 0.9141
2025-09-30 19:41:07,914 - root - INFO - new node test loss: 0.3365
2025-09-30 19:41:07,914 - root - INFO - new node test average_precision, 0.9162
2025-09-30 19:41:07,914 - root - INFO - new node test roc_auc, 0.9347
2025-09-30 19:41:07,915 - root - INFO - save model ./saved_models/JODIE/SocialEvo/JODIE_seed0/JODIE_seed0.pkl
2025-09-30 19:42:29,506 - root - INFO - Epoch: 42, learning rate: 0.0001, train loss: 0.3825
2025-09-30 19:42:29,507 - root - INFO - train average_precision, 0.8777
2025-09-30 19:42:29,508 - root - INFO - train roc_auc, 0.9019
2025-09-30 19:42:29,508 - root - INFO - validate loss: 0.3871
2025-09-30 19:42:29,508 - root - INFO - validate average_precision, 0.8792
2025-09-30 19:42:29,509 - root - INFO - validate roc_auc, 0.9030
2025-09-30 19:42:29,509 - root - INFO - new node validate loss: 0.3660
2025-09-30 19:42:29,509 - root - INFO - new node validate average_precision, 0.8954
2025-09-30 19:42:29,509 - root - INFO - new node validate roc_auc, 0.9177
2025-09-30 19:42:41,901 - root - INFO - test loss: 0.3655
2025-09-30 19:42:41,901 - root - INFO - test average_precision, 0.8915
2025-09-30 19:42:41,902 - root - INFO - best test average_precision: 0.8916
2025-09-30 19:42:41,902 - root - INFO - test roc_auc, 0.9132
2025-09-30 19:42:41,902 - root - INFO - new node test loss: 0.3255
2025-09-30 19:42:41,902 - root - INFO - new node test average_precision, 0.9153
2025-09-30 19:42:41,902 - root - INFO - new node test roc_auc, 0.9366
2025-09-30 19:44:03,305 - root - INFO - Epoch: 43, learning rate: 0.0001, train loss: 0.3811
2025-09-30 19:44:03,306 - root - INFO - train average_precision, 0.8788
2025-09-30 19:44:03,307 - root - INFO - train roc_auc, 0.9031
2025-09-30 19:44:03,307 - root - INFO - validate loss: 0.3917
2025-09-30 19:44:03,307 - root - INFO - validate average_precision, 0.8766
2025-09-30 19:44:03,307 - root - INFO - validate roc_auc, 0.9004
2025-09-30 19:44:03,307 - root - INFO - new node validate loss: 0.3903
2025-09-30 19:44:03,308 - root - INFO - new node validate average_precision, 0.8934
2025-09-30 19:44:03,308 - root - INFO - new node validate roc_auc, 0.9142
2025-09-30 19:44:15,674 - root - INFO - test loss: 0.3650
2025-09-30 19:44:15,674 - root - INFO - test average_precision, 0.8911
2025-09-30 19:44:15,674 - root - INFO - best test average_precision: 0.8916
2025-09-30 19:44:15,675 - root - INFO - test roc_auc, 0.9127
2025-09-30 19:44:15,675 - root - INFO - new node test loss: 0.3270
2025-09-30 19:44:15,675 - root - INFO - new node test average_precision, 0.9226
2025-09-30 19:44:15,675 - root - INFO - new node test roc_auc, 0.9385
2025-09-30 19:45:37,228 - root - INFO - Epoch: 44, learning rate: 0.0001, train loss: 0.3794
2025-09-30 19:45:37,230 - root - INFO - train average_precision, 0.8798
2025-09-30 19:45:37,230 - root - INFO - train roc_auc, 0.9037
2025-09-30 19:45:37,231 - root - INFO - validate loss: 0.4130
2025-09-30 19:45:37,231 - root - INFO - validate average_precision, 0.8677
2025-09-30 19:45:37,231 - root - INFO - validate roc_auc, 0.8936
2025-09-30 19:45:37,231 - root - INFO - new node validate loss: 0.3734
2025-09-30 19:45:37,231 - root - INFO - new node validate average_precision, 0.9012
2025-09-30 19:45:37,231 - root - INFO - new node validate roc_auc, 0.9181
2025-09-30 19:45:49,476 - root - INFO - test loss: 0.3828
2025-09-30 19:45:49,476 - root - INFO - test average_precision, 0.8829
2025-09-30 19:45:49,476 - root - INFO - best test average_precision: 0.8916
2025-09-30 19:45:49,477 - root - INFO - test roc_auc, 0.9062
2025-09-30 19:45:49,477 - root - INFO - new node test loss: 0.3409
2025-09-30 19:45:49,477 - root - INFO - new node test average_precision, 0.9182
2025-09-30 19:45:49,477 - root - INFO - new node test roc_auc, 0.9347
2025-09-30 19:47:10,777 - root - INFO - Epoch: 45, learning rate: 0.0001, train loss: 0.3797
2025-09-30 19:47:10,778 - root - INFO - train average_precision, 0.8791
2025-09-30 19:47:10,779 - root - INFO - train roc_auc, 0.9032
2025-09-30 19:47:10,779 - root - INFO - validate loss: 0.3881
2025-09-30 19:47:10,780 - root - INFO - validate average_precision, 0.8800
2025-09-30 19:47:10,780 - root - INFO - validate roc_auc, 0.9034
2025-09-30 19:47:10,780 - root - INFO - new node validate loss: 0.3662
2025-09-30 19:47:10,780 - root - INFO - new node validate average_precision, 0.9057
2025-09-30 19:47:10,780 - root - INFO - new node validate roc_auc, 0.9207
2025-09-30 19:47:23,049 - root - INFO - test loss: 0.3580
2025-09-30 19:47:23,049 - root - INFO - test average_precision, 0.8951
2025-09-30 19:47:23,050 - root - INFO - best test average_precision: 0.8951
2025-09-30 19:47:23,050 - root - INFO - test roc_auc, 0.9165
2025-09-30 19:47:23,050 - root - INFO - new node test loss: 0.3311
2025-09-30 19:47:23,050 - root - INFO - new node test average_precision, 0.9146
2025-09-30 19:47:23,050 - root - INFO - new node test roc_auc, 0.9348
2025-09-30 19:48:44,805 - root - INFO - Epoch: 46, learning rate: 0.0001, train loss: 0.3805
2025-09-30 19:48:44,806 - root - INFO - train average_precision, 0.8790
2025-09-30 19:48:44,807 - root - INFO - train roc_auc, 0.9032
2025-09-30 19:48:44,807 - root - INFO - validate loss: 0.3887
2025-09-30 19:48:44,807 - root - INFO - validate average_precision, 0.8780
2025-09-30 19:48:44,807 - root - INFO - validate roc_auc, 0.9022
2025-09-30 19:48:44,807 - root - INFO - new node validate loss: 0.3721
2025-09-30 19:48:44,807 - root - INFO - new node validate average_precision, 0.9031
2025-09-30 19:48:44,807 - root - INFO - new node validate roc_auc, 0.9203
2025-09-30 19:48:57,156 - root - INFO - test loss: 0.3664
2025-09-30 19:48:57,156 - root - INFO - test average_precision, 0.8918
2025-09-30 19:48:57,156 - root - INFO - best test average_precision: 0.8951
2025-09-30 19:48:57,157 - root - INFO - test roc_auc, 0.9136
2025-09-30 19:48:57,157 - root - INFO - new node test loss: 0.3373
2025-09-30 19:48:57,157 - root - INFO - new node test average_precision, 0.9165
2025-09-30 19:48:57,157 - root - INFO - new node test roc_auc, 0.9346
2025-09-30 19:50:18,428 - root - INFO - Epoch: 47, learning rate: 0.0001, train loss: 0.3788
2025-09-30 19:50:18,430 - root - INFO - train average_precision, 0.8796
2025-09-30 19:50:18,431 - root - INFO - train roc_auc, 0.9038
2025-09-30 19:50:18,431 - root - INFO - validate loss: 0.3896
2025-09-30 19:50:18,431 - root - INFO - validate average_precision, 0.8799
2025-09-30 19:50:18,431 - root - INFO - validate roc_auc, 0.9033
2025-09-30 19:50:18,431 - root - INFO - new node validate loss: 0.3572
2025-09-30 19:50:18,431 - root - INFO - new node validate average_precision, 0.9123
2025-09-30 19:50:18,432 - root - INFO - new node validate roc_auc, 0.9278
2025-09-30 19:50:30,823 - root - INFO - test loss: 0.3626
2025-09-30 19:50:30,823 - root - INFO - test average_precision, 0.8942
2025-09-30 19:50:30,824 - root - INFO - best test average_precision: 0.8951
2025-09-30 19:50:30,824 - root - INFO - test roc_auc, 0.9155
2025-09-30 19:50:30,824 - root - INFO - new node test loss: 0.3185
2025-09-30 19:50:30,824 - root - INFO - new node test average_precision, 0.9242
2025-09-30 19:50:30,824 - root - INFO - new node test roc_auc, 0.9410
2025-09-30 19:51:53,315 - root - INFO - Epoch: 48, learning rate: 0.0001, train loss: 0.3794
2025-09-30 19:51:53,317 - root - INFO - train average_precision, 0.8800
2025-09-30 19:51:53,317 - root - INFO - train roc_auc, 0.9039
2025-09-30 19:51:53,317 - root - INFO - validate loss: 0.3916
2025-09-30 19:51:53,318 - root - INFO - validate average_precision, 0.8798
2025-09-30 19:51:53,318 - root - INFO - validate roc_auc, 0.9038
2025-09-30 19:51:53,318 - root - INFO - new node validate loss: 0.3819
2025-09-30 19:51:53,318 - root - INFO - new node validate average_precision, 0.9037
2025-09-30 19:51:53,318 - root - INFO - new node validate roc_auc, 0.9174
2025-09-30 19:52:05,738 - root - INFO - test loss: 0.3621
2025-09-30 19:52:05,739 - root - INFO - test average_precision, 0.8939
2025-09-30 19:52:05,739 - root - INFO - best test average_precision: 0.8951
2025-09-30 19:52:05,740 - root - INFO - test roc_auc, 0.9159
2025-09-30 19:52:05,740 - root - INFO - new node test loss: 0.3883
2025-09-30 19:52:05,740 - root - INFO - new node test average_precision, 0.8923
2025-09-30 19:52:05,740 - root - INFO - new node test roc_auc, 0.9194
2025-09-30 19:52:05,740 - root - INFO - save model ./saved_models/JODIE/SocialEvo/JODIE_seed0/JODIE_seed0.pkl
2025-09-30 19:53:28,693 - root - INFO - Epoch: 49, learning rate: 0.0001, train loss: 0.3777
2025-09-30 19:53:28,695 - root - INFO - train average_precision, 0.8802
2025-09-30 19:53:28,695 - root - INFO - train roc_auc, 0.9043
2025-09-30 19:53:28,696 - root - INFO - validate loss: 0.3835
2025-09-30 19:53:28,696 - root - INFO - validate average_precision, 0.8819
2025-09-30 19:53:28,696 - root - INFO - validate roc_auc, 0.9060
2025-09-30 19:53:28,696 - root - INFO - new node validate loss: 0.4012
2025-09-30 19:53:28,696 - root - INFO - new node validate average_precision, 0.8916
2025-09-30 19:53:28,696 - root - INFO - new node validate roc_auc, 0.9111
2025-09-30 19:53:41,177 - root - INFO - test loss: 0.3588
2025-09-30 19:53:41,177 - root - INFO - test average_precision, 0.8956
2025-09-30 19:53:41,177 - root - INFO - best test average_precision: 0.8956
2025-09-30 19:53:41,177 - root - INFO - test roc_auc, 0.9168
2025-09-30 19:53:41,178 - root - INFO - new node test loss: 0.3284
2025-09-30 19:53:41,178 - root - INFO - new node test average_precision, 0.9183
2025-09-30 19:53:41,178 - root - INFO - new node test roc_auc, 0.9358
2025-09-30 19:53:41,178 - root - INFO - save model ./saved_models/JODIE/SocialEvo/JODIE_seed0/JODIE_seed0.pkl
2025-09-30 19:55:04,225 - root - INFO - Epoch: 50, learning rate: 0.0001, train loss: 0.3774
2025-09-30 19:55:04,227 - root - INFO - train average_precision, 0.8810
2025-09-30 19:55:04,227 - root - INFO - train roc_auc, 0.9047
2025-09-30 19:55:04,227 - root - INFO - validate loss: 0.3813
2025-09-30 19:55:04,228 - root - INFO - validate average_precision, 0.8821
2025-09-30 19:55:04,228 - root - INFO - validate roc_auc, 0.9056
2025-09-30 19:55:04,228 - root - INFO - new node validate loss: 0.3752
2025-09-30 19:55:04,228 - root - INFO - new node validate average_precision, 0.9128
2025-09-30 19:55:04,228 - root - INFO - new node validate roc_auc, 0.9248
2025-09-30 19:55:16,770 - root - INFO - test loss: 0.3527
2025-09-30 19:55:16,770 - root - INFO - test average_precision, 0.8966
2025-09-30 19:55:16,771 - root - INFO - best test average_precision: 0.8966
2025-09-30 19:55:16,771 - root - INFO - test roc_auc, 0.9180
2025-09-30 19:55:16,771 - root - INFO - new node test loss: 0.3572
2025-09-30 19:55:16,771 - root - INFO - new node test average_precision, 0.9099
2025-09-30 19:55:16,771 - root - INFO - new node test roc_auc, 0.9296
2025-09-30 19:56:39,479 - root - INFO - Epoch: 51, learning rate: 0.0001, train loss: 0.3759
2025-09-30 19:56:39,480 - root - INFO - train average_precision, 0.8813
2025-09-30 19:56:39,481 - root - INFO - train roc_auc, 0.9052
2025-09-30 19:56:39,481 - root - INFO - validate loss: 0.3808
2025-09-30 19:56:39,481 - root - INFO - validate average_precision, 0.8818
2025-09-30 19:56:39,482 - root - INFO - validate roc_auc, 0.9058
2025-09-30 19:56:39,482 - root - INFO - new node validate loss: 0.3710
2025-09-30 19:56:39,482 - root - INFO - new node validate average_precision, 0.8948
2025-09-30 19:56:39,482 - root - INFO - new node validate roc_auc, 0.9173
2025-09-30 19:56:51,930 - root - INFO - test loss: 0.3555
2025-09-30 19:56:51,931 - root - INFO - test average_precision, 0.8945
2025-09-30 19:56:51,931 - root - INFO - best test average_precision: 0.8966
2025-09-30 19:56:51,931 - root - INFO - test roc_auc, 0.9164
2025-09-30 19:56:51,931 - root - INFO - new node test loss: 0.3452
2025-09-30 19:56:51,931 - root - INFO - new node test average_precision, 0.9183
2025-09-30 19:56:51,931 - root - INFO - new node test roc_auc, 0.9341
2025-09-30 19:58:14,412 - root - INFO - Epoch: 52, learning rate: 0.0001, train loss: 0.3782
2025-09-30 19:58:14,414 - root - INFO - train average_precision, 0.8799
2025-09-30 19:58:14,415 - root - INFO - train roc_auc, 0.9039
2025-09-30 19:58:14,415 - root - INFO - validate loss: 0.3798
2025-09-30 19:58:14,415 - root - INFO - validate average_precision, 0.8834
2025-09-30 19:58:14,415 - root - INFO - validate roc_auc, 0.9073
2025-09-30 19:58:14,415 - root - INFO - new node validate loss: 0.3674
2025-09-30 19:58:14,415 - root - INFO - new node validate average_precision, 0.9057
2025-09-30 19:58:14,416 - root - INFO - new node validate roc_auc, 0.9231
2025-09-30 19:58:26,812 - root - INFO - test loss: 0.3587
2025-09-30 19:58:26,812 - root - INFO - test average_precision, 0.8958
2025-09-30 19:58:26,812 - root - INFO - best test average_precision: 0.8966
2025-09-30 19:58:26,813 - root - INFO - test roc_auc, 0.9172
2025-09-30 19:58:26,813 - root - INFO - new node test loss: 0.3349
2025-09-30 19:58:26,813 - root - INFO - new node test average_precision, 0.9215
2025-09-30 19:58:26,813 - root - INFO - new node test roc_auc, 0.9377
2025-09-30 19:58:26,813 - root - INFO - save model ./saved_models/JODIE/SocialEvo/JODIE_seed0/JODIE_seed0.pkl
2025-09-30 19:59:49,192 - root - INFO - Epoch: 53, learning rate: 0.0001, train loss: 0.3760
2025-09-30 19:59:49,194 - root - INFO - train average_precision, 0.8813
2025-09-30 19:59:49,195 - root - INFO - train roc_auc, 0.9050
2025-09-30 19:59:49,195 - root - INFO - validate loss: 0.3873
2025-09-30 19:59:49,195 - root - INFO - validate average_precision, 0.8821
2025-09-30 19:59:49,195 - root - INFO - validate roc_auc, 0.9050
2025-09-30 19:59:49,195 - root - INFO - new node validate loss: 0.3614
2025-09-30 19:59:49,195 - root - INFO - new node validate average_precision, 0.9110
2025-09-30 19:59:49,195 - root - INFO - new node validate roc_auc, 0.9250
2025-09-30 20:00:01,666 - root - INFO - test loss: 0.3656
2025-09-30 20:00:01,666 - root - INFO - test average_precision, 0.8949
2025-09-30 20:00:01,666 - root - INFO - best test average_precision: 0.8966
2025-09-30 20:00:01,667 - root - INFO - test roc_auc, 0.9157
2025-09-30 20:00:01,667 - root - INFO - new node test loss: 0.3644
2025-09-30 20:00:01,667 - root - INFO - new node test average_precision, 0.9014
2025-09-30 20:00:01,667 - root - INFO - new node test roc_auc, 0.9265
2025-09-30 20:01:24,085 - root - INFO - Epoch: 54, learning rate: 0.0001, train loss: 0.3755
2025-09-30 20:01:24,087 - root - INFO - train average_precision, 0.8817
2025-09-30 20:01:24,087 - root - INFO - train roc_auc, 0.9053
2025-09-30 20:01:24,087 - root - INFO - validate loss: 0.4049
2025-09-30 20:01:24,088 - root - INFO - validate average_precision, 0.8754
2025-09-30 20:01:24,088 - root - INFO - validate roc_auc, 0.9004
2025-09-30 20:01:24,088 - root - INFO - new node validate loss: 0.4073
2025-09-30 20:01:24,088 - root - INFO - new node validate average_precision, 0.9148
2025-09-30 20:01:24,088 - root - INFO - new node validate roc_auc, 0.9261
2025-09-30 20:01:36,488 - root - INFO - test loss: 0.3817
2025-09-30 20:01:36,489 - root - INFO - test average_precision, 0.8873
2025-09-30 20:01:36,489 - root - INFO - best test average_precision: 0.8966
2025-09-30 20:01:36,489 - root - INFO - test roc_auc, 0.9105
2025-09-30 20:01:36,489 - root - INFO - new node test loss: 0.3794
2025-09-30 20:01:36,489 - root - INFO - new node test average_precision, 0.9157
2025-09-30 20:01:36,489 - root - INFO - new node test roc_auc, 0.9343
2025-09-30 20:02:58,835 - root - INFO - Epoch: 55, learning rate: 0.0001, train loss: 0.3768
2025-09-30 20:02:58,837 - root - INFO - train average_precision, 0.8811
2025-09-30 20:02:58,838 - root - INFO - train roc_auc, 0.9049
2025-09-30 20:02:58,838 - root - INFO - validate loss: 0.3803
2025-09-30 20:02:58,838 - root - INFO - validate average_precision, 0.8830
2025-09-30 20:02:58,838 - root - INFO - validate roc_auc, 0.9063
2025-09-30 20:02:58,838 - root - INFO - new node validate loss: 0.4055
2025-09-30 20:02:58,838 - root - INFO - new node validate average_precision, 0.9032
2025-09-30 20:02:58,838 - root - INFO - new node validate roc_auc, 0.9168
2025-09-30 20:03:11,604 - root - INFO - test loss: 0.3577
2025-09-30 20:03:11,605 - root - INFO - test average_precision, 0.8947
2025-09-30 20:03:11,605 - root - INFO - best test average_precision: 0.8966
2025-09-30 20:03:11,605 - root - INFO - test roc_auc, 0.9166
2025-09-30 20:03:11,605 - root - INFO - new node test loss: 0.3604
2025-09-30 20:03:11,605 - root - INFO - new node test average_precision, 0.9105
2025-09-30 20:03:11,605 - root - INFO - new node test roc_auc, 0.9312
2025-09-30 20:04:34,051 - root - INFO - Epoch: 56, learning rate: 0.0001, train loss: 0.3755
2025-09-30 20:04:34,053 - root - INFO - train average_precision, 0.8819
2025-09-30 20:04:34,053 - root - INFO - train roc_auc, 0.9056
2025-09-30 20:04:34,053 - root - INFO - validate loss: 0.3843
2025-09-30 20:04:34,054 - root - INFO - validate average_precision, 0.8811
2025-09-30 20:04:34,054 - root - INFO - validate roc_auc, 0.9049
2025-09-30 20:04:34,054 - root - INFO - new node validate loss: 0.3479
2025-09-30 20:04:34,054 - root - INFO - new node validate average_precision, 0.9111
2025-09-30 20:04:34,054 - root - INFO - new node validate roc_auc, 0.9257
2025-09-30 20:04:46,505 - root - INFO - test loss: 0.3688
2025-09-30 20:04:46,505 - root - INFO - test average_precision, 0.8927
2025-09-30 20:04:46,505 - root - INFO - best test average_precision: 0.8966
2025-09-30 20:04:46,506 - root - INFO - test roc_auc, 0.9141
2025-09-30 20:04:46,506 - root - INFO - new node test loss: 0.3305
2025-09-30 20:04:46,506 - root - INFO - new node test average_precision, 0.9268
2025-09-30 20:04:46,506 - root - INFO - new node test roc_auc, 0.9410
2025-09-30 20:06:09,227 - root - INFO - Epoch: 57, learning rate: 0.0001, train loss: 0.3755
2025-09-30 20:06:09,228 - root - INFO - train average_precision, 0.8815
2025-09-30 20:06:09,229 - root - INFO - train roc_auc, 0.9054
2025-09-30 20:06:09,229 - root - INFO - validate loss: 0.3823
2025-09-30 20:06:09,230 - root - INFO - validate average_precision, 0.8827
2025-09-30 20:06:09,230 - root - INFO - validate roc_auc, 0.9064
2025-09-30 20:06:09,230 - root - INFO - new node validate loss: 0.3644
2025-09-30 20:06:09,230 - root - INFO - new node validate average_precision, 0.9096
2025-09-30 20:06:09,230 - root - INFO - new node validate roc_auc, 0.9241
2025-09-30 20:06:21,702 - root - INFO - test loss: 0.3528
2025-09-30 20:06:21,702 - root - INFO - test average_precision, 0.8980
2025-09-30 20:06:21,702 - root - INFO - best test average_precision: 0.8980
2025-09-30 20:06:21,703 - root - INFO - test roc_auc, 0.9192
2025-09-30 20:06:21,703 - root - INFO - new node test loss: 0.3231
2025-09-30 20:06:21,703 - root - INFO - new node test average_precision, 0.9261
2025-09-30 20:06:21,703 - root - INFO - new node test roc_auc, 0.9401
2025-09-30 20:07:44,120 - root - INFO - Epoch: 58, learning rate: 0.0001, train loss: 0.3780
2025-09-30 20:07:44,122 - root - INFO - train average_precision, 0.8810
2025-09-30 20:07:44,122 - root - INFO - train roc_auc, 0.9047
2025-09-30 20:07:44,123 - root - INFO - validate loss: 0.3841
2025-09-30 20:07:44,123 - root - INFO - validate average_precision, 0.8811
2025-09-30 20:07:44,123 - root - INFO - validate roc_auc, 0.9046
2025-09-30 20:07:44,123 - root - INFO - new node validate loss: 0.3496
2025-09-30 20:07:44,123 - root - INFO - new node validate average_precision, 0.9150
2025-09-30 20:07:44,123 - root - INFO - new node validate roc_auc, 0.9272
2025-09-30 20:07:56,661 - root - INFO - test loss: 0.3524
2025-09-30 20:07:56,661 - root - INFO - test average_precision, 0.8975
2025-09-30 20:07:56,662 - root - INFO - best test average_precision: 0.8980
2025-09-30 20:07:56,662 - root - INFO - test roc_auc, 0.9185
2025-09-30 20:07:56,662 - root - INFO - new node test loss: 0.3470
2025-09-30 20:07:56,662 - root - INFO - new node test average_precision, 0.9185
2025-09-30 20:07:56,662 - root - INFO - new node test roc_auc, 0.9351
2025-09-30 20:09:19,025 - root - INFO - Epoch: 59, learning rate: 0.0001, train loss: 0.3741
2025-09-30 20:09:19,026 - root - INFO - train average_precision, 0.8827
2025-09-30 20:09:19,027 - root - INFO - train roc_auc, 0.9062
2025-09-30 20:09:19,027 - root - INFO - validate loss: 0.3900
2025-09-30 20:09:19,028 - root - INFO - validate average_precision, 0.8819
2025-09-30 20:09:19,028 - root - INFO - validate roc_auc, 0.9057
2025-09-30 20:09:19,028 - root - INFO - new node validate loss: 0.3859
2025-09-30 20:09:19,028 - root - INFO - new node validate average_precision, 0.9051
2025-09-30 20:09:19,028 - root - INFO - new node validate roc_auc, 0.9224
2025-09-30 20:09:31,290 - root - INFO - test loss: 0.3649
2025-09-30 20:09:31,291 - root - INFO - test average_precision, 0.8944
2025-09-30 20:09:31,291 - root - INFO - best test average_precision: 0.8980
2025-09-30 20:09:31,291 - root - INFO - test roc_auc, 0.9165
2025-09-30 20:09:31,291 - root - INFO - new node test loss: 0.3593
2025-09-30 20:09:31,291 - root - INFO - new node test average_precision, 0.9068
2025-09-30 20:09:31,291 - root - INFO - new node test roc_auc, 0.9282
2025-09-30 20:10:54,339 - root - INFO - Epoch: 60, learning rate: 0.0001, train loss: 0.3749
2025-09-30 20:10:54,341 - root - INFO - train average_precision, 0.8820
2025-09-30 20:10:54,342 - root - INFO - train roc_auc, 0.9058
2025-09-30 20:10:54,342 - root - INFO - validate loss: 0.3888
2025-09-30 20:10:54,342 - root - INFO - validate average_precision, 0.8795
2025-09-30 20:10:54,342 - root - INFO - validate roc_auc, 0.9030
2025-09-30 20:10:54,342 - root - INFO - new node validate loss: 0.3546
2025-09-30 20:10:54,342 - root - INFO - new node validate average_precision, 0.9129
2025-09-30 20:10:54,343 - root - INFO - new node validate roc_auc, 0.9272
2025-09-30 20:11:06,827 - root - INFO - test loss: 0.3613
2025-09-30 20:11:06,828 - root - INFO - test average_precision, 0.8939
2025-09-30 20:11:06,828 - root - INFO - best test average_precision: 0.8980
2025-09-30 20:11:06,828 - root - INFO - test roc_auc, 0.9151
2025-09-30 20:11:06,828 - root - INFO - new node test loss: 0.3266
2025-09-30 20:11:06,828 - root - INFO - new node test average_precision, 0.9241
2025-09-30 20:11:06,828 - root - INFO - new node test roc_auc, 0.9393
2025-09-30 20:12:29,529 - root - INFO - Epoch: 61, learning rate: 0.0001, train loss: 0.3750
2025-09-30 20:12:29,530 - root - INFO - train average_precision, 0.8824
2025-09-30 20:12:29,531 - root - INFO - train roc_auc, 0.9061
2025-09-30 20:12:29,531 - root - INFO - validate loss: 0.3776
2025-09-30 20:12:29,531 - root - INFO - validate average_precision, 0.8846
2025-09-30 20:12:29,531 - root - INFO - validate roc_auc, 0.9075
2025-09-30 20:12:29,532 - root - INFO - new node validate loss: 0.3410
2025-09-30 20:12:29,532 - root - INFO - new node validate average_precision, 0.9148
2025-09-30 20:12:29,532 - root - INFO - new node validate roc_auc, 0.9286
2025-09-30 20:12:42,001 - root - INFO - test loss: 0.3550
2025-09-30 20:12:42,001 - root - INFO - test average_precision, 0.8960
2025-09-30 20:12:42,002 - root - INFO - best test average_precision: 0.8980
2025-09-30 20:12:42,002 - root - INFO - test roc_auc, 0.9172
2025-09-30 20:12:42,002 - root - INFO - new node test loss: 0.3245
2025-09-30 20:12:42,002 - root - INFO - new node test average_precision, 0.9220
2025-09-30 20:12:42,002 - root - INFO - new node test roc_auc, 0.9385
2025-09-30 20:12:42,003 - root - INFO - save model ./saved_models/JODIE/SocialEvo/JODIE_seed0/JODIE_seed0.pkl
2025-09-30 20:14:04,602 - root - INFO - Epoch: 62, learning rate: 0.0001, train loss: 0.3723
2025-09-30 20:14:04,604 - root - INFO - train average_precision, 0.8835
2025-09-30 20:14:04,604 - root - INFO - train roc_auc, 0.9069
2025-09-30 20:14:04,604 - root - INFO - validate loss: 0.3819
2025-09-30 20:14:04,605 - root - INFO - validate average_precision, 0.8823
2025-09-30 20:14:04,605 - root - INFO - validate roc_auc, 0.9057
2025-09-30 20:14:04,605 - root - INFO - new node validate loss: 0.3673
2025-09-30 20:14:04,605 - root - INFO - new node validate average_precision, 0.9052
2025-09-30 20:14:04,605 - root - INFO - new node validate roc_auc, 0.9218
2025-09-30 20:14:17,029 - root - INFO - test loss: 0.3502
2025-09-30 20:14:17,030 - root - INFO - test average_precision, 0.8978
2025-09-30 20:14:17,030 - root - INFO - best test average_precision: 0.8980
2025-09-30 20:14:17,030 - root - INFO - test roc_auc, 0.9190
2025-09-30 20:14:17,030 - root - INFO - new node test loss: 0.3449
2025-09-30 20:14:17,030 - root - INFO - new node test average_precision, 0.9089
2025-09-30 20:14:17,030 - root - INFO - new node test roc_auc, 0.9316
2025-09-30 20:15:39,778 - root - INFO - Epoch: 63, learning rate: 0.0001, train loss: 0.3729
2025-09-30 20:15:39,780 - root - INFO - train average_precision, 0.8827
2025-09-30 20:15:39,780 - root - INFO - train roc_auc, 0.9066
2025-09-30 20:15:39,781 - root - INFO - validate loss: 0.4016
2025-09-30 20:15:39,781 - root - INFO - validate average_precision, 0.8769
2025-09-30 20:15:39,781 - root - INFO - validate roc_auc, 0.9013
2025-09-30 20:15:39,781 - root - INFO - new node validate loss: 0.3642
2025-09-30 20:15:39,781 - root - INFO - new node validate average_precision, 0.8997
2025-09-30 20:15:39,781 - root - INFO - new node validate roc_auc, 0.9186
2025-09-30 20:15:52,261 - root - INFO - test loss: 0.3826
2025-09-30 20:15:52,261 - root - INFO - test average_precision, 0.8877
2025-09-30 20:15:52,262 - root - INFO - best test average_precision: 0.8980
2025-09-30 20:15:52,262 - root - INFO - test roc_auc, 0.9104
2025-09-30 20:15:52,262 - root - INFO - new node test loss: 0.3306
2025-09-30 20:15:52,262 - root - INFO - new node test average_precision, 0.9178
2025-09-30 20:15:52,262 - root - INFO - new node test roc_auc, 0.9353
2025-09-30 20:17:14,816 - root - INFO - Epoch: 64, learning rate: 0.0001, train loss: 0.3734
2025-09-30 20:17:14,817 - root - INFO - train average_precision, 0.8835
2025-09-30 20:17:14,818 - root - INFO - train roc_auc, 0.9068
2025-09-30 20:17:14,818 - root - INFO - validate loss: 0.3861
2025-09-30 20:17:14,818 - root - INFO - validate average_precision, 0.8841
2025-09-30 20:17:14,819 - root - INFO - validate roc_auc, 0.9073
2025-09-30 20:17:14,819 - root - INFO - new node validate loss: 0.4005
2025-09-30 20:17:14,819 - root - INFO - new node validate average_precision, 0.8995
2025-09-30 20:17:14,819 - root - INFO - new node validate roc_auc, 0.9178
2025-09-30 20:17:27,281 - root - INFO - test loss: 0.3641
2025-09-30 20:17:27,282 - root - INFO - test average_precision, 0.8916
2025-09-30 20:17:27,282 - root - INFO - best test average_precision: 0.8980
2025-09-30 20:17:27,282 - root - INFO - test roc_auc, 0.9166
2025-09-30 20:17:27,282 - root - INFO - new node test loss: 0.3470
2025-09-30 20:17:27,282 - root - INFO - new node test average_precision, 0.9120
2025-09-30 20:17:27,283 - root - INFO - new node test roc_auc, 0.9313
2025-09-30 20:18:49,944 - root - INFO - Epoch: 65, learning rate: 0.0001, train loss: 0.3727
2025-09-30 20:18:49,945 - root - INFO - train average_precision, 0.8834
2025-09-30 20:18:49,946 - root - INFO - train roc_auc, 0.9070
2025-09-30 20:18:49,946 - root - INFO - validate loss: 0.3894
2025-09-30 20:18:49,947 - root - INFO - validate average_precision, 0.8807
2025-09-30 20:18:49,947 - root - INFO - validate roc_auc, 0.9046
2025-09-30 20:18:49,947 - root - INFO - new node validate loss: 0.3487
2025-09-30 20:18:49,947 - root - INFO - new node validate average_precision, 0.9123
2025-09-30 20:18:49,947 - root - INFO - new node validate roc_auc, 0.9242
2025-09-30 20:19:02,413 - root - INFO - test loss: 0.3610
2025-09-30 20:19:02,414 - root - INFO - test average_precision, 0.8978
2025-09-30 20:19:02,414 - root - INFO - best test average_precision: 0.8980
2025-09-30 20:19:02,414 - root - INFO - test roc_auc, 0.9192
2025-09-30 20:19:02,414 - root - INFO - new node test loss: 0.3327
2025-09-30 20:19:02,414 - root - INFO - new node test average_precision, 0.9180
2025-09-30 20:19:02,414 - root - INFO - new node test roc_auc, 0.9347
2025-09-30 20:20:24,818 - root - INFO - Epoch: 66, learning rate: 0.0001, train loss: 0.3719
2025-09-30 20:20:24,820 - root - INFO - train average_precision, 0.8838
2025-09-30 20:20:24,820 - root - INFO - train roc_auc, 0.9071
2025-09-30 20:20:24,821 - root - INFO - validate loss: 0.4208
2025-09-30 20:20:24,821 - root - INFO - validate average_precision, 0.8801
2025-09-30 20:20:24,821 - root - INFO - validate roc_auc, 0.9043
2025-09-30 20:20:24,821 - root - INFO - new node validate loss: 0.3660
2025-09-30 20:20:24,821 - root - INFO - new node validate average_precision, 0.9135
2025-09-30 20:20:24,821 - root - INFO - new node validate roc_auc, 0.9259
2025-09-30 20:20:37,443 - root - INFO - test loss: 0.3828
2025-09-30 20:20:37,443 - root - INFO - test average_precision, 0.8950
2025-09-30 20:20:37,443 - root - INFO - best test average_precision: 0.8980
2025-09-30 20:20:37,444 - root - INFO - test roc_auc, 0.9169
2025-09-30 20:20:37,444 - root - INFO - new node test loss: 0.3394
2025-09-30 20:20:37,444 - root - INFO - new node test average_precision, 0.9224
2025-09-30 20:20:37,444 - root - INFO - new node test roc_auc, 0.9382
2025-09-30 20:21:59,680 - root - INFO - Epoch: 67, learning rate: 0.0001, train loss: 0.3725
2025-09-30 20:21:59,682 - root - INFO - train average_precision, 0.8829
2025-09-30 20:21:59,682 - root - INFO - train roc_auc, 0.9065
2025-09-30 20:21:59,682 - root - INFO - validate loss: 0.4021
2025-09-30 20:21:59,683 - root - INFO - validate average_precision, 0.8747
2025-09-30 20:21:59,683 - root - INFO - validate roc_auc, 0.8999
2025-09-30 20:21:59,683 - root - INFO - new node validate loss: 0.3537
2025-09-30 20:21:59,683 - root - INFO - new node validate average_precision, 0.9059
2025-09-30 20:21:59,683 - root - INFO - new node validate roc_auc, 0.9219
2025-09-30 20:22:12,092 - root - INFO - test loss: 0.3736
2025-09-30 20:22:12,092 - root - INFO - test average_precision, 0.8895
2025-09-30 20:22:12,092 - root - INFO - best test average_precision: 0.8980
2025-09-30 20:22:12,093 - root - INFO - test roc_auc, 0.9127
2025-09-30 20:22:12,093 - root - INFO - new node test loss: 0.3355
2025-09-30 20:22:12,093 - root - INFO - new node test average_precision, 0.9148
2025-09-30 20:22:12,093 - root - INFO - new node test roc_auc, 0.9328
2025-09-30 20:23:34,785 - root - INFO - Epoch: 68, learning rate: 0.0001, train loss: 0.3721
2025-09-30 20:23:34,787 - root - INFO - train average_precision, 0.8837
2025-09-30 20:23:34,788 - root - INFO - train roc_auc, 0.9071
2025-09-30 20:23:34,788 - root - INFO - validate loss: 0.3868
2025-09-30 20:23:34,788 - root - INFO - validate average_precision, 0.8856
2025-09-30 20:23:34,788 - root - INFO - validate roc_auc, 0.9078
2025-09-30 20:23:34,788 - root - INFO - new node validate loss: 0.3582
2025-09-30 20:23:34,788 - root - INFO - new node validate average_precision, 0.9095
2025-09-30 20:23:34,788 - root - INFO - new node validate roc_auc, 0.9226
2025-09-30 20:23:47,275 - root - INFO - test loss: 0.4090
2025-09-30 20:23:47,275 - root - INFO - test average_precision, 0.8523
2025-09-30 20:23:47,276 - root - INFO - best test average_precision: 0.8980
2025-09-30 20:23:47,276 - root - INFO - test roc_auc, 0.8981
2025-09-30 20:23:47,276 - root - INFO - new node test loss: 0.3755
2025-09-30 20:23:47,276 - root - INFO - new node test average_precision, 0.8985
2025-09-30 20:23:47,276 - root - INFO - new node test roc_auc, 0.9260
2025-09-30 20:23:47,277 - root - INFO - save model ./saved_models/JODIE/SocialEvo/JODIE_seed0/JODIE_seed0.pkl
2025-09-30 20:25:09,665 - root - INFO - Epoch: 69, learning rate: 0.0001, train loss: 0.3724
2025-09-30 20:25:09,667 - root - INFO - train average_precision, 0.8832
2025-09-30 20:25:09,668 - root - INFO - train roc_auc, 0.9067
2025-09-30 20:25:09,668 - root - INFO - validate loss: 0.3865
2025-09-30 20:25:09,668 - root - INFO - validate average_precision, 0.8815
2025-09-30 20:25:09,668 - root - INFO - validate roc_auc, 0.9052
2025-09-30 20:25:09,668 - root - INFO - new node validate loss: 0.3923
2025-09-30 20:25:09,668 - root - INFO - new node validate average_precision, 0.9062
2025-09-30 20:25:09,668 - root - INFO - new node validate roc_auc, 0.9206
2025-09-30 20:25:22,069 - root - INFO - test loss: 0.3555
2025-09-30 20:25:22,070 - root - INFO - test average_precision, 0.8962
2025-09-30 20:25:22,070 - root - INFO - best test average_precision: 0.8980
2025-09-30 20:25:22,070 - root - INFO - test roc_auc, 0.9179
2025-09-30 20:25:22,070 - root - INFO - new node test loss: 0.3437
2025-09-30 20:25:22,070 - root - INFO - new node test average_precision, 0.9105
2025-09-30 20:25:22,070 - root - INFO - new node test roc_auc, 0.9335
2025-09-30 20:26:44,235 - root - INFO - Epoch: 70, learning rate: 0.0001, train loss: 0.3714
2025-09-30 20:26:44,237 - root - INFO - train average_precision, 0.8839
2025-09-30 20:26:44,237 - root - INFO - train roc_auc, 0.9072
2025-09-30 20:26:44,237 - root - INFO - validate loss: 0.3743
2025-09-30 20:26:44,238 - root - INFO - validate average_precision, 0.8859
2025-09-30 20:26:44,238 - root - INFO - validate roc_auc, 0.9094
2025-09-30 20:26:44,238 - root - INFO - new node validate loss: 0.3593
2025-09-30 20:26:44,238 - root - INFO - new node validate average_precision, 0.9116
2025-09-30 20:26:44,238 - root - INFO - new node validate roc_auc, 0.9257
2025-09-30 20:26:56,650 - root - INFO - test loss: 0.3450
2025-09-30 20:26:56,650 - root - INFO - test average_precision, 0.9004
2025-09-30 20:26:56,650 - root - INFO - best test average_precision: 0.9004
2025-09-30 20:26:56,651 - root - INFO - test roc_auc, 0.9214
2025-09-30 20:26:56,651 - root - INFO - new node test loss: 0.3205
2025-09-30 20:26:56,651 - root - INFO - new node test average_precision, 0.9236
2025-09-30 20:26:56,651 - root - INFO - new node test roc_auc, 0.9401
2025-09-30 20:26:56,651 - root - INFO - save model ./saved_models/JODIE/SocialEvo/JODIE_seed0/JODIE_seed0.pkl
2025-09-30 20:28:19,244 - root - INFO - Epoch: 71, learning rate: 0.0001, train loss: 0.3701
2025-09-30 20:28:19,246 - root - INFO - train average_precision, 0.8844
2025-09-30 20:28:19,246 - root - INFO - train roc_auc, 0.9078
2025-09-30 20:28:19,247 - root - INFO - validate loss: 0.3829
2025-09-30 20:28:19,247 - root - INFO - validate average_precision, 0.8837
2025-09-30 20:28:19,247 - root - INFO - validate roc_auc, 0.9068
2025-09-30 20:28:19,247 - root - INFO - new node validate loss: 0.3713
2025-09-30 20:28:19,247 - root - INFO - new node validate average_precision, 0.9108
2025-09-30 20:28:19,247 - root - INFO - new node validate roc_auc, 0.9237
2025-09-30 20:28:31,697 - root - INFO - test loss: 0.3477
2025-09-30 20:28:31,697 - root - INFO - test average_precision, 0.8994
2025-09-30 20:28:31,697 - root - INFO - best test average_precision: 0.9004
2025-09-30 20:28:31,697 - root - INFO - test roc_auc, 0.9203
2025-09-30 20:28:31,698 - root - INFO - new node test loss: 0.3296
2025-09-30 20:28:31,698 - root - INFO - new node test average_precision, 0.9230
2025-09-30 20:28:31,698 - root - INFO - new node test roc_auc, 0.9380
2025-09-30 20:29:54,228 - root - INFO - Epoch: 72, learning rate: 0.0001, train loss: 0.3695
2025-09-30 20:29:54,229 - root - INFO - train average_precision, 0.8851
2025-09-30 20:29:54,230 - root - INFO - train roc_auc, 0.9082
2025-09-30 20:29:54,230 - root - INFO - validate loss: 0.4053
2025-09-30 20:29:54,231 - root - INFO - validate average_precision, 0.8783
2025-09-30 20:29:54,231 - root - INFO - validate roc_auc, 0.9022
2025-09-30 20:29:54,231 - root - INFO - new node validate loss: 0.3563
2025-09-30 20:29:54,231 - root - INFO - new node validate average_precision, 0.9076
2025-09-30 20:29:54,231 - root - INFO - new node validate roc_auc, 0.9259
2025-09-30 20:30:06,637 - root - INFO - test loss: 0.3842
2025-09-30 20:30:06,637 - root - INFO - test average_precision, 0.8865
2025-09-30 20:30:06,638 - root - INFO - best test average_precision: 0.9004
2025-09-30 20:30:06,638 - root - INFO - test roc_auc, 0.9099
2025-09-30 20:30:06,638 - root - INFO - new node test loss: 0.3445
2025-09-30 20:30:06,638 - root - INFO - new node test average_precision, 0.9102
2025-09-30 20:30:06,638 - root - INFO - new node test roc_auc, 0.9325
2025-09-30 20:31:29,301 - root - INFO - Epoch: 73, learning rate: 0.0001, train loss: 0.3690
2025-09-30 20:31:29,302 - root - INFO - train average_precision, 0.8843
2025-09-30 20:31:29,303 - root - INFO - train roc_auc, 0.9079
2025-09-30 20:31:29,303 - root - INFO - validate loss: 0.3741
2025-09-30 20:31:29,303 - root - INFO - validate average_precision, 0.8866
2025-09-30 20:31:29,304 - root - INFO - validate roc_auc, 0.9097
2025-09-30 20:31:29,304 - root - INFO - new node validate loss: 0.3794
2025-09-30 20:31:29,304 - root - INFO - new node validate average_precision, 0.9031
2025-09-30 20:31:29,304 - root - INFO - new node validate roc_auc, 0.9167
2025-09-30 20:31:41,754 - root - INFO - test loss: 0.3532
2025-09-30 20:31:41,755 - root - INFO - test average_precision, 0.8986
2025-09-30 20:31:41,755 - root - INFO - best test average_precision: 0.9004
2025-09-30 20:31:41,755 - root - INFO - test roc_auc, 0.9194
2025-09-30 20:31:41,755 - root - INFO - new node test loss: 0.3349
2025-09-30 20:31:41,755 - root - INFO - new node test average_precision, 0.9169
2025-09-30 20:31:41,755 - root - INFO - new node test roc_auc, 0.9337
2025-09-30 20:31:41,756 - root - INFO - save model ./saved_models/JODIE/SocialEvo/JODIE_seed0/JODIE_seed0.pkl
2025-09-30 20:33:04,473 - root - INFO - Epoch: 74, learning rate: 0.0001, train loss: 0.3710
2025-09-30 20:33:04,475 - root - INFO - train average_precision, 0.8846
2025-09-30 20:33:04,476 - root - INFO - train roc_auc, 0.9076
2025-09-30 20:33:04,476 - root - INFO - validate loss: 0.3740
2025-09-30 20:33:04,476 - root - INFO - validate average_precision, 0.8871
2025-09-30 20:33:04,476 - root - INFO - validate roc_auc, 0.9098
2025-09-30 20:33:04,476 - root - INFO - new node validate loss: 0.3680
2025-09-30 20:33:04,476 - root - INFO - new node validate average_precision, 0.9023
2025-09-30 20:33:04,477 - root - INFO - new node validate roc_auc, 0.9192
2025-09-30 20:33:16,857 - root - INFO - test loss: 0.3530
2025-09-30 20:33:16,857 - root - INFO - test average_precision, 0.8990
2025-09-30 20:33:16,857 - root - INFO - best test average_precision: 0.9004
2025-09-30 20:33:16,857 - root - INFO - test roc_auc, 0.9197
2025-09-30 20:33:16,857 - root - INFO - new node test loss: 0.3274
2025-09-30 20:33:16,858 - root - INFO - new node test average_precision, 0.9215
2025-09-30 20:33:16,858 - root - INFO - new node test roc_auc, 0.9383
2025-09-30 20:33:16,858 - root - INFO - save model ./saved_models/JODIE/SocialEvo/JODIE_seed0/JODIE_seed0.pkl
2025-09-30 20:34:39,208 - root - INFO - Epoch: 75, learning rate: 0.0001, train loss: 0.3686
2025-09-30 20:34:39,209 - root - INFO - train average_precision, 0.8852
2025-09-30 20:34:39,210 - root - INFO - train roc_auc, 0.9082
2025-09-30 20:34:39,210 - root - INFO - validate loss: 0.3752
2025-09-30 20:34:39,210 - root - INFO - validate average_precision, 0.8871
2025-09-30 20:34:39,211 - root - INFO - validate roc_auc, 0.9096
2025-09-30 20:34:39,211 - root - INFO - new node validate loss: 0.3777
2025-09-30 20:34:39,211 - root - INFO - new node validate average_precision, 0.9094
2025-09-30 20:34:39,211 - root - INFO - new node validate roc_auc, 0.9228
2025-09-30 20:34:51,589 - root - INFO - test loss: 0.3526
2025-09-30 20:34:51,590 - root - INFO - test average_precision, 0.8993
2025-09-30 20:34:51,590 - root - INFO - best test average_precision: 0.9004
2025-09-30 20:34:51,590 - root - INFO - test roc_auc, 0.9195
2025-09-30 20:34:51,590 - root - INFO - new node test loss: 0.3524
2025-09-30 20:34:51,590 - root - INFO - new node test average_precision, 0.9207
2025-09-30 20:34:51,590 - root - INFO - new node test roc_auc, 0.9374
2025-09-30 20:36:13,780 - root - INFO - Epoch: 76, learning rate: 0.0001, train loss: 0.3690
2025-09-30 20:36:13,782 - root - INFO - train average_precision, 0.8853
2025-09-30 20:36:13,782 - root - INFO - train roc_auc, 0.9085
2025-09-30 20:36:13,783 - root - INFO - validate loss: 0.3737
2025-09-30 20:36:13,783 - root - INFO - validate average_precision, 0.8863
2025-09-30 20:36:13,783 - root - INFO - validate roc_auc, 0.9092
2025-09-30 20:36:13,783 - root - INFO - new node validate loss: 0.3832
2025-09-30 20:36:13,783 - root - INFO - new node validate average_precision, 0.8942
2025-09-30 20:36:13,783 - root - INFO - new node validate roc_auc, 0.9154
2025-09-30 20:36:26,187 - root - INFO - test loss: 0.3493
2025-09-30 20:36:26,188 - root - INFO - test average_precision, 0.9001
2025-09-30 20:36:26,188 - root - INFO - best test average_precision: 0.9004
2025-09-30 20:36:26,188 - root - INFO - test roc_auc, 0.9206
2025-09-30 20:36:26,188 - root - INFO - new node test loss: 0.3503
2025-09-30 20:36:26,188 - root - INFO - new node test average_precision, 0.9123
2025-09-30 20:36:26,188 - root - INFO - new node test roc_auc, 0.9324
2025-09-30 20:37:48,417 - root - INFO - Epoch: 77, learning rate: 0.0001, train loss: 0.3691
2025-09-30 20:37:48,418 - root - INFO - train average_precision, 0.8848
2025-09-30 20:37:48,419 - root - INFO - train roc_auc, 0.9082
2025-09-30 20:37:48,419 - root - INFO - validate loss: 0.3737
2025-09-30 20:37:48,420 - root - INFO - validate average_precision, 0.8867
2025-09-30 20:37:48,420 - root - INFO - validate roc_auc, 0.9093
2025-09-30 20:37:48,420 - root - INFO - new node validate loss: 0.3856
2025-09-30 20:37:48,420 - root - INFO - new node validate average_precision, 0.8946
2025-09-30 20:37:48,420 - root - INFO - new node validate roc_auc, 0.9165
2025-09-30 20:38:00,810 - root - INFO - test loss: 0.3483
2025-09-30 20:38:00,810 - root - INFO - test average_precision, 0.8995
2025-09-30 20:38:00,811 - root - INFO - best test average_precision: 0.9004
2025-09-30 20:38:00,811 - root - INFO - test roc_auc, 0.9202
2025-09-30 20:38:00,811 - root - INFO - new node test loss: 0.3498
2025-09-30 20:38:00,811 - root - INFO - new node test average_precision, 0.9065
2025-09-30 20:38:00,811 - root - INFO - new node test roc_auc, 0.9295
2025-09-30 20:39:23,721 - root - INFO - Epoch: 78, learning rate: 0.0001, train loss: 0.3707
2025-09-30 20:39:23,723 - root - INFO - train average_precision, 0.8843
2025-09-30 20:39:23,723 - root - INFO - train roc_auc, 0.9077
2025-09-30 20:39:23,724 - root - INFO - validate loss: 0.4099
2025-09-30 20:39:23,724 - root - INFO - validate average_precision, 0.8736
2025-09-30 20:39:23,724 - root - INFO - validate roc_auc, 0.8976
2025-09-30 20:39:23,724 - root - INFO - new node validate loss: 0.3499
2025-09-30 20:39:23,724 - root - INFO - new node validate average_precision, 0.9102
2025-09-30 20:39:23,724 - root - INFO - new node validate roc_auc, 0.9246
2025-09-30 20:39:36,198 - root - INFO - test loss: 0.3798
2025-09-30 20:39:36,199 - root - INFO - test average_precision, 0.8877
2025-09-30 20:39:36,199 - root - INFO - best test average_precision: 0.9004
2025-09-30 20:39:36,199 - root - INFO - test roc_auc, 0.9102
2025-09-30 20:39:36,199 - root - INFO - new node test loss: 0.3842
2025-09-30 20:39:36,199 - root - INFO - new node test average_precision, 0.9028
2025-09-30 20:39:36,199 - root - INFO - new node test roc_auc, 0.9221
2025-09-30 20:40:58,779 - root - INFO - Epoch: 79, learning rate: 0.0001, train loss: 0.3684
2025-09-30 20:40:58,780 - root - INFO - train average_precision, 0.8851
2025-09-30 20:40:58,781 - root - INFO - train roc_auc, 0.9084
2025-09-30 20:40:58,781 - root - INFO - validate loss: 0.3801
2025-09-30 20:40:58,781 - root - INFO - validate average_precision, 0.8846
2025-09-30 20:40:58,782 - root - INFO - validate roc_auc, 0.9076
2025-09-30 20:40:58,782 - root - INFO - new node validate loss: 0.3580
2025-09-30 20:40:58,782 - root - INFO - new node validate average_precision, 0.9121
2025-09-30 20:40:58,782 - root - INFO - new node validate roc_auc, 0.9279
2025-09-30 20:41:11,260 - root - INFO - test loss: 0.3640
2025-09-30 20:41:11,261 - root - INFO - test average_precision, 0.8954
2025-09-30 20:41:11,261 - root - INFO - best test average_precision: 0.9004
2025-09-30 20:41:11,261 - root - INFO - test roc_auc, 0.9165
2025-09-30 20:41:11,261 - root - INFO - new node test loss: 0.3986
2025-09-30 20:41:11,261 - root - INFO - new node test average_precision, 0.8985
2025-09-30 20:41:11,261 - root - INFO - new node test roc_auc, 0.9188
2025-09-30 20:42:34,075 - root - INFO - Epoch: 80, learning rate: 0.0001, train loss: 0.3700
2025-09-30 20:42:34,076 - root - INFO - train average_precision, 0.8845
2025-09-30 20:42:34,077 - root - INFO - train roc_auc, 0.9079
2025-09-30 20:42:34,077 - root - INFO - validate loss: 0.3846
2025-09-30 20:42:34,077 - root - INFO - validate average_precision, 0.8827
2025-09-30 20:42:34,078 - root - INFO - validate roc_auc, 0.9060
2025-09-30 20:42:34,078 - root - INFO - new node validate loss: 0.3822
2025-09-30 20:42:34,078 - root - INFO - new node validate average_precision, 0.9016
2025-09-30 20:42:34,078 - root - INFO - new node validate roc_auc, 0.9164
2025-09-30 20:42:46,490 - root - INFO - test loss: 0.3610
2025-09-30 20:42:46,491 - root - INFO - test average_precision, 0.8959
2025-09-30 20:42:46,491 - root - INFO - best test average_precision: 0.9004
2025-09-30 20:42:46,491 - root - INFO - test roc_auc, 0.9169
2025-09-30 20:42:46,491 - root - INFO - new node test loss: 0.3271
2025-09-30 20:42:46,491 - root - INFO - new node test average_precision, 0.9241
2025-09-30 20:42:46,492 - root - INFO - new node test roc_auc, 0.9402
2025-09-30 20:44:08,959 - root - INFO - Epoch: 81, learning rate: 0.0001, train loss: 0.3671
2025-09-30 20:44:08,960 - root - INFO - train average_precision, 0.8858
2025-09-30 20:44:08,961 - root - INFO - train roc_auc, 0.9092
2025-09-30 20:44:08,961 - root - INFO - validate loss: 0.3766
2025-09-30 20:44:08,961 - root - INFO - validate average_precision, 0.8859
2025-09-30 20:44:08,961 - root - INFO - validate roc_auc, 0.9085
2025-09-30 20:44:08,961 - root - INFO - new node validate loss: 0.3497
2025-09-30 20:44:08,962 - root - INFO - new node validate average_precision, 0.9069
2025-09-30 20:44:08,962 - root - INFO - new node validate roc_auc, 0.9257
2025-09-30 20:44:21,464 - root - INFO - test loss: 0.3507
2025-09-30 20:44:21,465 - root - INFO - test average_precision, 0.8985
2025-09-30 20:44:21,465 - root - INFO - best test average_precision: 0.9004
2025-09-30 20:44:21,465 - root - INFO - test roc_auc, 0.9197
2025-09-30 20:44:21,465 - root - INFO - new node test loss: 0.3217
2025-09-30 20:44:21,465 - root - INFO - new node test average_precision, 0.9222
2025-09-30 20:44:21,465 - root - INFO - new node test roc_auc, 0.9379
2025-09-30 20:45:43,970 - root - INFO - Epoch: 82, learning rate: 0.0001, train loss: 0.3691
2025-09-30 20:45:43,972 - root - INFO - train average_precision, 0.8845
2025-09-30 20:45:43,972 - root - INFO - train roc_auc, 0.9081
2025-09-30 20:45:43,973 - root - INFO - validate loss: 0.3924
2025-09-30 20:45:43,973 - root - INFO - validate average_precision, 0.8791
2025-09-30 20:45:43,973 - root - INFO - validate roc_auc, 0.9026
2025-09-30 20:45:43,973 - root - INFO - new node validate loss: 0.3730
2025-09-30 20:45:43,973 - root - INFO - new node validate average_precision, 0.9026
2025-09-30 20:45:43,973 - root - INFO - new node validate roc_auc, 0.9217
2025-09-30 20:45:56,358 - root - INFO - test loss: 0.3544
2025-09-30 20:45:56,359 - root - INFO - test average_precision, 0.8968
2025-09-30 20:45:56,359 - root - INFO - best test average_precision: 0.9004
2025-09-30 20:45:56,359 - root - INFO - test roc_auc, 0.9179
2025-09-30 20:45:56,359 - root - INFO - new node test loss: 0.3702
2025-09-30 20:45:56,359 - root - INFO - new node test average_precision, 0.8999
2025-09-30 20:45:56,359 - root - INFO - new node test roc_auc, 0.9258
2025-09-30 20:47:18,899 - root - INFO - Epoch: 83, learning rate: 0.0001, train loss: 0.3679
2025-09-30 20:47:18,900 - root - INFO - train average_precision, 0.8853
2025-09-30 20:47:18,901 - root - INFO - train roc_auc, 0.9086
2025-09-30 20:47:18,901 - root - INFO - validate loss: 0.3864
2025-09-30 20:47:18,902 - root - INFO - validate average_precision, 0.8765
2025-09-30 20:47:18,902 - root - INFO - validate roc_auc, 0.9031
2025-09-30 20:47:18,902 - root - INFO - new node validate loss: 0.3791
2025-09-30 20:47:18,902 - root - INFO - new node validate average_precision, 0.9087
2025-09-30 20:47:18,902 - root - INFO - new node validate roc_auc, 0.9236
2025-09-30 20:47:31,310 - root - INFO - test loss: 0.4267
2025-09-30 20:47:31,310 - root - INFO - test average_precision, 0.8417
2025-09-30 20:47:31,311 - root - INFO - best test average_precision: 0.9004
2025-09-30 20:47:31,311 - root - INFO - test roc_auc, 0.9003
2025-09-30 20:47:31,311 - root - INFO - new node test loss: 0.3682
2025-09-30 20:47:31,311 - root - INFO - new node test average_precision, 0.8959
2025-09-30 20:47:31,311 - root - INFO - new node test roc_auc, 0.9236
2025-09-30 20:48:53,592 - root - INFO - Epoch: 84, learning rate: 0.0001, train loss: 0.3693
2025-09-30 20:48:53,594 - root - INFO - train average_precision, 0.8849
2025-09-30 20:48:53,595 - root - INFO - train roc_auc, 0.9083
2025-09-30 20:48:53,595 - root - INFO - validate loss: 0.3795
2025-09-30 20:48:53,595 - root - INFO - validate average_precision, 0.8854
2025-09-30 20:48:53,595 - root - INFO - validate roc_auc, 0.9080
2025-09-30 20:48:53,595 - root - INFO - new node validate loss: 0.3862
2025-09-30 20:48:53,595 - root - INFO - new node validate average_precision, 0.9054
2025-09-30 20:48:53,596 - root - INFO - new node validate roc_auc, 0.9207
2025-09-30 20:49:06,000 - root - INFO - test loss: 0.3657
2025-09-30 20:49:06,000 - root - INFO - test average_precision, 0.8841
2025-09-30 20:49:06,000 - root - INFO - best test average_precision: 0.9004
2025-09-30 20:49:06,000 - root - INFO - test roc_auc, 0.9131
2025-09-30 20:49:06,001 - root - INFO - new node test loss: 0.3557
2025-09-30 20:49:06,001 - root - INFO - new node test average_precision, 0.9058
2025-09-30 20:49:06,001 - root - INFO - new node test roc_auc, 0.9310
2025-09-30 20:50:28,634 - root - INFO - Epoch: 85, learning rate: 0.0001, train loss: 0.3691
2025-09-30 20:50:28,635 - root - INFO - train average_precision, 0.8852
2025-09-30 20:50:28,636 - root - INFO - train roc_auc, 0.9085
2025-09-30 20:50:28,636 - root - INFO - validate loss: 0.3861
2025-09-30 20:50:28,636 - root - INFO - validate average_precision, 0.8825
2025-09-30 20:50:28,636 - root - INFO - validate roc_auc, 0.9058
2025-09-30 20:50:28,636 - root - INFO - new node validate loss: 0.3856
2025-09-30 20:50:28,637 - root - INFO - new node validate average_precision, 0.9079
2025-09-30 20:50:28,637 - root - INFO - new node validate roc_auc, 0.9227
2025-09-30 20:50:41,027 - root - INFO - test loss: 0.3515
2025-09-30 20:50:41,028 - root - INFO - test average_precision, 0.8975
2025-09-30 20:50:41,028 - root - INFO - best test average_precision: 0.9004
2025-09-30 20:50:41,028 - root - INFO - test roc_auc, 0.9188
2025-09-30 20:50:41,028 - root - INFO - new node test loss: 0.3449
2025-09-30 20:50:41,028 - root - INFO - new node test average_precision, 0.9189
2025-09-30 20:50:41,028 - root - INFO - new node test roc_auc, 0.9343
2025-09-30 20:52:03,366 - root - INFO - Epoch: 86, learning rate: 0.0001, train loss: 0.3687
2025-09-30 20:52:03,368 - root - INFO - train average_precision, 0.8848
2025-09-30 20:52:03,368 - root - INFO - train roc_auc, 0.9082
2025-09-30 20:52:03,369 - root - INFO - validate loss: 0.4006
2025-09-30 20:52:03,369 - root - INFO - validate average_precision, 0.8595
2025-09-30 20:52:03,369 - root - INFO - validate roc_auc, 0.8980
2025-09-30 20:52:03,369 - root - INFO - new node validate loss: 0.3608
2025-09-30 20:52:03,369 - root - INFO - new node validate average_precision, 0.9070
2025-09-30 20:52:03,369 - root - INFO - new node validate roc_auc, 0.9252
2025-09-30 20:52:15,749 - root - INFO - test loss: 0.5601
2025-09-30 20:52:15,749 - root - INFO - test average_precision, 0.8071
2025-09-30 20:52:15,750 - root - INFO - best test average_precision: 0.9004
2025-09-30 20:52:15,750 - root - INFO - test roc_auc, 0.8853
2025-09-30 20:52:15,750 - root - INFO - new node test loss: 0.3456
2025-09-30 20:52:15,750 - root - INFO - new node test average_precision, 0.8993
2025-09-30 20:52:15,750 - root - INFO - new node test roc_auc, 0.9283
2025-09-30 20:53:38,005 - root - INFO - Epoch: 87, learning rate: 0.0001, train loss: 0.3689
2025-09-30 20:53:38,007 - root - INFO - train average_precision, 0.8847
2025-09-30 20:53:38,008 - root - INFO - train roc_auc, 0.9082
2025-09-30 20:53:38,008 - root - INFO - validate loss: 0.3770
2025-09-30 20:53:38,008 - root - INFO - validate average_precision, 0.8852
2025-09-30 20:53:38,008 - root - INFO - validate roc_auc, 0.9079
2025-09-30 20:53:38,008 - root - INFO - new node validate loss: 0.3427
2025-09-30 20:53:38,009 - root - INFO - new node validate average_precision, 0.9199
2025-09-30 20:53:38,009 - root - INFO - new node validate roc_auc, 0.9317
2025-09-30 20:53:50,428 - root - INFO - test loss: 0.3502
2025-09-30 20:53:50,428 - root - INFO - test average_precision, 0.8982
2025-09-30 20:53:50,428 - root - INFO - best test average_precision: 0.9004
2025-09-30 20:53:50,428 - root - INFO - test roc_auc, 0.9192
2025-09-30 20:53:50,428 - root - INFO - new node test loss: 0.3277
2025-09-30 20:53:50,429 - root - INFO - new node test average_precision, 0.9209
2025-09-30 20:53:50,429 - root - INFO - new node test roc_auc, 0.9372
2025-09-30 20:55:12,945 - root - INFO - Epoch: 88, learning rate: 0.0001, train loss: 0.3655
2025-09-30 20:55:12,946 - root - INFO - train average_precision, 0.8862
2025-09-30 20:55:12,947 - root - INFO - train roc_auc, 0.9094
2025-09-30 20:55:12,947 - root - INFO - validate loss: 0.3831
2025-09-30 20:55:12,948 - root - INFO - validate average_precision, 0.8824
2025-09-30 20:55:12,948 - root - INFO - validate roc_auc, 0.9055
2025-09-30 20:55:12,948 - root - INFO - new node validate loss: 0.3484
2025-09-30 20:55:12,948 - root - INFO - new node validate average_precision, 0.9165
2025-09-30 20:55:12,948 - root - INFO - new node validate roc_auc, 0.9301
2025-09-30 20:55:25,368 - root - INFO - test loss: 0.3555
2025-09-30 20:55:25,368 - root - INFO - test average_precision, 0.8953
2025-09-30 20:55:25,368 - root - INFO - best test average_precision: 0.9004
2025-09-30 20:55:25,369 - root - INFO - test roc_auc, 0.9175
2025-09-30 20:55:25,369 - root - INFO - new node test loss: 0.3394
2025-09-30 20:55:25,369 - root - INFO - new node test average_precision, 0.9100
2025-09-30 20:55:25,369 - root - INFO - new node test roc_auc, 0.9315
2025-09-30 20:56:47,931 - root - INFO - Epoch: 89, learning rate: 0.0001, train loss: 0.3685
2025-09-30 20:56:47,932 - root - INFO - train average_precision, 0.8848
2025-09-30 20:56:47,933 - root - INFO - train roc_auc, 0.9084
2025-09-30 20:56:47,933 - root - INFO - validate loss: 0.4263
2025-09-30 20:56:47,933 - root - INFO - validate average_precision, 0.8725
2025-09-30 20:56:47,934 - root - INFO - validate roc_auc, 0.8977
2025-09-30 20:56:47,934 - root - INFO - new node validate loss: 0.3486
2025-09-30 20:56:47,934 - root - INFO - new node validate average_precision, 0.9098
2025-09-30 20:56:47,934 - root - INFO - new node validate roc_auc, 0.9262
2025-09-30 20:57:00,334 - root - INFO - test loss: 0.4121
2025-09-30 20:57:00,334 - root - INFO - test average_precision, 0.8820
2025-09-30 20:57:00,334 - root - INFO - best test average_precision: 0.9004
2025-09-30 20:57:00,334 - root - INFO - test roc_auc, 0.9050
2025-09-30 20:57:00,335 - root - INFO - new node test loss: 0.3251
2025-09-30 20:57:00,335 - root - INFO - new node test average_precision, 0.9189
2025-09-30 20:57:00,335 - root - INFO - new node test roc_auc, 0.9369
2025-09-30 20:58:22,408 - root - INFO - Epoch: 90, learning rate: 0.0001, train loss: 0.3659
2025-09-30 20:58:22,409 - root - INFO - train average_precision, 0.8870
2025-09-30 20:58:22,410 - root - INFO - train roc_auc, 0.9099
2025-09-30 20:58:22,410 - root - INFO - validate loss: 0.3966
2025-09-30 20:58:22,411 - root - INFO - validate average_precision, 0.8817
2025-09-30 20:58:22,411 - root - INFO - validate roc_auc, 0.9047
2025-09-30 20:58:22,411 - root - INFO - new node validate loss: 0.3595
2025-09-30 20:58:22,411 - root - INFO - new node validate average_precision, 0.9114
2025-09-30 20:58:22,411 - root - INFO - new node validate roc_auc, 0.9241
2025-09-30 20:58:34,796 - root - INFO - test loss: 0.3915
2025-09-30 20:58:34,797 - root - INFO - test average_precision, 0.8669
2025-09-30 20:58:34,797 - root - INFO - best test average_precision: 0.9004
2025-09-30 20:58:34,797 - root - INFO - test roc_auc, 0.9058
2025-09-30 20:58:34,797 - root - INFO - new node test loss: 0.3241
2025-09-30 20:58:34,797 - root - INFO - new node test average_precision, 0.9227
2025-09-30 20:58:34,797 - root - INFO - new node test roc_auc, 0.9389
2025-09-30 20:59:56,754 - root - INFO - Epoch: 91, learning rate: 0.0001, train loss: 0.3651
2025-09-30 20:59:56,756 - root - INFO - train average_precision, 0.8864
2025-09-30 20:59:56,756 - root - INFO - train roc_auc, 0.9100
2025-09-30 20:59:56,756 - root - INFO - validate loss: 0.3820
2025-09-30 20:59:56,757 - root - INFO - validate average_precision, 0.8838
2025-09-30 20:59:56,757 - root - INFO - validate roc_auc, 0.9063
2025-09-30 20:59:56,757 - root - INFO - new node validate loss: 0.3654
2025-09-30 20:59:56,757 - root - INFO - new node validate average_precision, 0.9028
2025-09-30 20:59:56,757 - root - INFO - new node validate roc_auc, 0.9218
2025-09-30 21:00:09,145 - root - INFO - test loss: 0.3540
2025-09-30 21:00:09,145 - root - INFO - test average_precision, 0.8965
2025-09-30 21:00:09,145 - root - INFO - best test average_precision: 0.9004
2025-09-30 21:00:09,146 - root - INFO - test roc_auc, 0.9181
2025-09-30 21:00:09,146 - root - INFO - new node test loss: 0.3460
2025-09-30 21:00:09,146 - root - INFO - new node test average_precision, 0.9115
2025-09-30 21:00:09,146 - root - INFO - new node test roc_auc, 0.9317
2025-09-30 21:01:31,459 - root - INFO - Epoch: 92, learning rate: 0.0001, train loss: 0.3662
2025-09-30 21:01:31,460 - root - INFO - train average_precision, 0.8862
2025-09-30 21:01:31,461 - root - INFO - train roc_auc, 0.9095
2025-09-30 21:01:31,461 - root - INFO - validate loss: 0.3764
2025-09-30 21:01:31,461 - root - INFO - validate average_precision, 0.8859
2025-09-30 21:01:31,462 - root - INFO - validate roc_auc, 0.9082
2025-09-30 21:01:31,462 - root - INFO - new node validate loss: 0.3516
2025-09-30 21:01:31,462 - root - INFO - new node validate average_precision, 0.9104
2025-09-30 21:01:31,462 - root - INFO - new node validate roc_auc, 0.9276
2025-09-30 21:01:44,003 - root - INFO - test loss: 0.3641
2025-09-30 21:01:44,004 - root - INFO - test average_precision, 0.8886
2025-09-30 21:01:44,004 - root - INFO - best test average_precision: 0.9004
2025-09-30 21:01:44,004 - root - INFO - test roc_auc, 0.9143
2025-09-30 21:01:44,004 - root - INFO - new node test loss: 0.3490
2025-09-30 21:01:44,004 - root - INFO - new node test average_precision, 0.9134
2025-09-30 21:01:44,004 - root - INFO - new node test roc_auc, 0.9320
2025-09-30 21:03:06,141 - root - INFO - Epoch: 93, learning rate: 0.0001, train loss: 0.3675
2025-09-30 21:03:06,142 - root - INFO - train average_precision, 0.8853
2025-09-30 21:03:06,143 - root - INFO - train roc_auc, 0.9088
2025-09-30 21:03:06,143 - root - INFO - validate loss: 0.4194
2025-09-30 21:03:06,144 - root - INFO - validate average_precision, 0.8713
2025-09-30 21:03:06,144 - root - INFO - validate roc_auc, 0.8955
2025-09-30 21:03:06,144 - root - INFO - new node validate loss: 0.3418
2025-09-30 21:03:06,144 - root - INFO - new node validate average_precision, 0.9097
2025-09-30 21:03:06,144 - root - INFO - new node validate roc_auc, 0.9256
2025-09-30 21:03:18,540 - root - INFO - test loss: 0.4019
2025-09-30 21:03:18,541 - root - INFO - test average_precision, 0.8778
2025-09-30 21:03:18,541 - root - INFO - best test average_precision: 0.9004
2025-09-30 21:03:18,541 - root - INFO - test roc_auc, 0.9044
2025-09-30 21:03:18,541 - root - INFO - new node test loss: 0.3200
2025-09-30 21:03:18,541 - root - INFO - new node test average_precision, 0.9187
2025-09-30 21:03:18,541 - root - INFO - new node test roc_auc, 0.9379
2025-09-30 21:04:40,634 - root - INFO - Epoch: 94, learning rate: 0.0001, train loss: 0.3669
2025-09-30 21:04:40,635 - root - INFO - train average_precision, 0.8859
2025-09-30 21:04:40,636 - root - INFO - train roc_auc, 0.9090
2025-09-30 21:04:40,636 - root - INFO - validate loss: 0.4201
2025-09-30 21:04:40,636 - root - INFO - validate average_precision, 0.8771
2025-09-30 21:04:40,636 - root - INFO - validate roc_auc, 0.9015
2025-09-30 21:04:40,636 - root - INFO - new node validate loss: 0.3704
2025-09-30 21:04:40,636 - root - INFO - new node validate average_precision, 0.9086
2025-09-30 21:04:40,636 - root - INFO - new node validate roc_auc, 0.9260
2025-09-30 21:04:53,034 - root - INFO - test loss: 0.3905
2025-09-30 21:04:53,034 - root - INFO - test average_precision, 0.8906
2025-09-30 21:04:53,034 - root - INFO - best test average_precision: 0.9004
2025-09-30 21:04:53,034 - root - INFO - test roc_auc, 0.9132
2025-09-30 21:04:53,034 - root - INFO - new node test loss: 0.3373
2025-09-30 21:04:53,035 - root - INFO - new node test average_precision, 0.9173
2025-09-30 21:04:53,035 - root - INFO - new node test roc_auc, 0.9352
2025-09-30 21:04:53,035 - root - INFO - load model ./saved_models/JODIE/SocialEvo/JODIE_seed0/JODIE_seed0.pkl
2025-09-30 21:04:53,100 - root - INFO - get final performance on dataset SocialEvo...
2025-09-30 21:05:05,508 - root - INFO - test loss: 0.3530
2025-09-30 21:05:05,508 - root - INFO - test average_precision, 0.8990
2025-09-30 21:05:05,509 - root - INFO - test roc_auc, 0.9197
2025-09-30 21:05:05,509 - root - INFO - new node test loss: 0.3274
2025-09-30 21:05:05,509 - root - INFO - new node test average_precision, 0.9215
2025-09-30 21:05:05,509 - root - INFO - new node test roc_auc, 0.9383
2025-09-30 21:05:05,509 - root - INFO - Run 1 cost 8877.37 seconds.
