2025-10-01 01:04:00,513 - root - INFO - ********** Run 1 starts. **********
2025-10-01 01:04:00,513 - root - INFO - configuration is Namespace(dataset_name='enron', batch_size=200, model_name='TGAT', gpu=0, num_neighbors=20, sample_neighbor_strategy='recent', time_scaling_factor=1e-06, num_walk_heads=8, num_heads=2, num_layers=2, walk_length=1, time_gap=2000, time_feat_dim=128, position_feat_dim=172, time_window_mode='fixed_proportion', time_encoder_type='bochner', expert_dim=64, num_mixtures=4, patch_size=1, channel_embedding_dim=50, max_input_sequence_length=32, learning_rate=0.0001, dropout=0.2, gamma=0.5, num_epochs=100, optimizer='Adam', weight_decay=0.0, patience=20, val_ratio=0.15, test_ratio=0.15, num_runs=5, test_interval_epochs=1, negative_sample_strategy='random', max_interaction_times=10, load_best_configs=True, device='cuda:0', seed=0, save_model_name='TGAT_seed0')
2025-10-01 01:04:00,513 - root - INFO - time encoder type: bochner
2025-10-01 01:04:00,702 - root - INFO - model -> Sequential(
  (0): TGAT(
    (time_encoder): TimeEncoderWrapper(
      (encoder): BochnerTimeEncoder()
    )
    (temporal_conv_layers): ModuleList(
      (0-1): 2 x MultiHeadAttention(
        (query_projection): Linear(in_features=300, out_features=300, bias=False)
        (key_projection): Linear(in_features=472, out_features=300, bias=False)
        (value_projection): Linear(in_features=472, out_features=300, bias=False)
        (layer_norm): LayerNorm((300,), eps=1e-05, elementwise_affine=True)
        (residual_fc): Linear(in_features=300, out_features=300, bias=True)
        (dropout): Dropout(p=0.2, inplace=False)
      )
    )
    (merge_layers): ModuleList(
      (0-1): 2 x MergeLayer(
        (fc1): Linear(in_features=472, out_features=172, bias=True)
        (fc2): Linear(in_features=172, out_features=172, bias=True)
        (act): ReLU()
      )
    )
  )
  (1): MergeLayer(
    (fc1): Linear(in_features=344, out_features=172, bias=True)
    (fc2): Linear(in_features=172, out_features=1, bias=True)
    (act): ReLU()
  )
)
2025-10-01 01:04:00,702 - root - INFO - model name: TGAT, #parameters: 4839752 B, 4726.3203125 KB, 4.615547180175781 MB.
2025-10-01 01:05:09,946 - root - INFO - Epoch: 1, learning rate: 0.0001, train loss: 0.6156
2025-10-01 01:05:09,947 - root - INFO - train average_precision, 0.6399
2025-10-01 01:05:09,947 - root - INFO - train roc_auc, 0.6757
2025-10-01 01:05:09,947 - root - INFO - validate loss: 0.6876
2025-10-01 01:05:09,947 - root - INFO - validate average_precision, 0.5578
2025-10-01 01:05:09,947 - root - INFO - validate roc_auc, 0.5677
2025-10-01 01:05:09,947 - root - INFO - new node validate loss: 0.6859
2025-10-01 01:05:09,947 - root - INFO - new node validate average_precision, 0.5664
2025-10-01 01:05:09,947 - root - INFO - new node validate roc_auc, 0.5765
2025-10-01 01:05:23,119 - root - INFO - test loss: 0.6880
2025-10-01 01:05:23,119 - root - INFO - test average_precision, 0.5549
2025-10-01 01:05:23,119 - root - INFO - best test average_precision: 0.5549
2025-10-01 01:05:23,119 - root - INFO - test roc_auc, 0.5496
2025-10-01 01:05:23,119 - root - INFO - new node test loss: 0.6938
2025-10-01 01:05:23,120 - root - INFO - new node test average_precision, 0.5343
2025-10-01 01:05:23,120 - root - INFO - new node test roc_auc, 0.5124
2025-10-01 01:05:23,120 - root - INFO - save model ./saved_models/TGAT/enron/TGAT_seed0/TGAT_seed0.pkl
2025-10-01 01:06:30,680 - root - INFO - Epoch: 2, learning rate: 0.0001, train loss: 0.5659
2025-10-01 01:06:30,681 - root - INFO - train average_precision, 0.7197
2025-10-01 01:06:30,681 - root - INFO - train roc_auc, 0.7440
2025-10-01 01:06:30,681 - root - INFO - validate loss: 0.6841
2025-10-01 01:06:30,681 - root - INFO - validate average_precision, 0.5749
2025-10-01 01:06:30,681 - root - INFO - validate roc_auc, 0.5842
2025-10-01 01:06:30,681 - root - INFO - new node validate loss: 0.6768
2025-10-01 01:06:30,681 - root - INFO - new node validate average_precision, 0.5899
2025-10-01 01:06:30,681 - root - INFO - new node validate roc_auc, 0.5970
2025-10-01 01:06:43,876 - root - INFO - test loss: 0.6920
2025-10-01 01:06:43,877 - root - INFO - test average_precision, 0.5758
2025-10-01 01:06:43,877 - root - INFO - best test average_precision: 0.5758
2025-10-01 01:06:43,877 - root - INFO - test roc_auc, 0.5751
2025-10-01 01:06:43,877 - root - INFO - new node test loss: 0.7128
2025-10-01 01:06:43,877 - root - INFO - new node test average_precision, 0.5396
2025-10-01 01:06:43,877 - root - INFO - new node test roc_auc, 0.5251
2025-10-01 01:06:43,877 - root - INFO - save model ./saved_models/TGAT/enron/TGAT_seed0/TGAT_seed0.pkl
2025-10-01 01:07:51,274 - root - INFO - Epoch: 3, learning rate: 0.0001, train loss: 0.5546
2025-10-01 01:07:51,274 - root - INFO - train average_precision, 0.7283
2025-10-01 01:07:51,274 - root - INFO - train roc_auc, 0.7540
2025-10-01 01:07:51,274 - root - INFO - validate loss: 0.6805
2025-10-01 01:07:51,274 - root - INFO - validate average_precision, 0.5839
2025-10-01 01:07:51,274 - root - INFO - validate roc_auc, 0.5940
2025-10-01 01:07:51,274 - root - INFO - new node validate loss: 0.6726
2025-10-01 01:07:51,274 - root - INFO - new node validate average_precision, 0.5953
2025-10-01 01:07:51,274 - root - INFO - new node validate roc_auc, 0.6025
2025-10-01 01:08:04,486 - root - INFO - test loss: 0.6892
2025-10-01 01:08:04,487 - root - INFO - test average_precision, 0.5778
2025-10-01 01:08:04,487 - root - INFO - best test average_precision: 0.5778
2025-10-01 01:08:04,487 - root - INFO - test roc_auc, 0.5733
2025-10-01 01:08:04,487 - root - INFO - new node test loss: 0.7078
2025-10-01 01:08:04,487 - root - INFO - new node test average_precision, 0.5411
2025-10-01 01:08:04,487 - root - INFO - new node test roc_auc, 0.5271
2025-10-01 01:08:04,487 - root - INFO - save model ./saved_models/TGAT/enron/TGAT_seed0/TGAT_seed0.pkl
2025-10-01 01:09:12,162 - root - INFO - Epoch: 4, learning rate: 0.0001, train loss: 0.5484
2025-10-01 01:09:12,163 - root - INFO - train average_precision, 0.7327
2025-10-01 01:09:12,163 - root - INFO - train roc_auc, 0.7571
2025-10-01 01:09:12,163 - root - INFO - validate loss: 0.6816
2025-10-01 01:09:12,163 - root - INFO - validate average_precision, 0.5888
2025-10-01 01:09:12,163 - root - INFO - validate roc_auc, 0.5958
2025-10-01 01:09:12,163 - root - INFO - new node validate loss: 0.6753
2025-10-01 01:09:12,163 - root - INFO - new node validate average_precision, 0.5853
2025-10-01 01:09:12,163 - root - INFO - new node validate roc_auc, 0.5948
2025-10-01 01:09:25,355 - root - INFO - test loss: 0.6928
2025-10-01 01:09:25,356 - root - INFO - test average_precision, 0.5821
2025-10-01 01:09:25,356 - root - INFO - best test average_precision: 0.5821
2025-10-01 01:09:25,356 - root - INFO - test roc_auc, 0.5723
2025-10-01 01:09:25,356 - root - INFO - new node test loss: 0.7117
2025-10-01 01:09:25,356 - root - INFO - new node test average_precision, 0.5423
2025-10-01 01:09:25,356 - root - INFO - new node test roc_auc, 0.5249
2025-10-01 01:09:25,356 - root - INFO - save model ./saved_models/TGAT/enron/TGAT_seed0/TGAT_seed0.pkl
2025-10-01 01:10:32,921 - root - INFO - Epoch: 5, learning rate: 0.0001, train loss: 0.5414
2025-10-01 01:10:32,921 - root - INFO - train average_precision, 0.7428
2025-10-01 01:10:32,921 - root - INFO - train roc_auc, 0.7657
2025-10-01 01:10:32,921 - root - INFO - validate loss: 0.6749
2025-10-01 01:10:32,921 - root - INFO - validate average_precision, 0.5914
2025-10-01 01:10:32,921 - root - INFO - validate roc_auc, 0.6015
2025-10-01 01:10:32,921 - root - INFO - new node validate loss: 0.6707
2025-10-01 01:10:32,921 - root - INFO - new node validate average_precision, 0.5858
2025-10-01 01:10:32,921 - root - INFO - new node validate roc_auc, 0.5978
2025-10-01 01:10:46,120 - root - INFO - test loss: 0.6866
2025-10-01 01:10:46,120 - root - INFO - test average_precision, 0.5844
2025-10-01 01:10:46,120 - root - INFO - best test average_precision: 0.5844
2025-10-01 01:10:46,120 - root - INFO - test roc_auc, 0.5749
2025-10-01 01:10:46,121 - root - INFO - new node test loss: 0.7049
2025-10-01 01:10:46,121 - root - INFO - new node test average_precision, 0.5265
2025-10-01 01:10:46,121 - root - INFO - new node test roc_auc, 0.5179
2025-10-01 01:10:46,121 - root - INFO - save model ./saved_models/TGAT/enron/TGAT_seed0/TGAT_seed0.pkl
2025-10-01 01:11:54,116 - root - INFO - Epoch: 6, learning rate: 0.0001, train loss: 0.5352
2025-10-01 01:11:54,116 - root - INFO - train average_precision, 0.7439
2025-10-01 01:11:54,116 - root - INFO - train roc_auc, 0.7707
2025-10-01 01:11:54,117 - root - INFO - validate loss: 0.6735
2025-10-01 01:11:54,117 - root - INFO - validate average_precision, 0.6033
2025-10-01 01:11:54,117 - root - INFO - validate roc_auc, 0.6093
2025-10-01 01:11:54,117 - root - INFO - new node validate loss: 0.6684
2025-10-01 01:11:54,117 - root - INFO - new node validate average_precision, 0.6027
2025-10-01 01:11:54,117 - root - INFO - new node validate roc_auc, 0.6132
2025-10-01 01:12:07,302 - root - INFO - test loss: 0.6906
2025-10-01 01:12:07,302 - root - INFO - test average_precision, 0.5887
2025-10-01 01:12:07,302 - root - INFO - best test average_precision: 0.5887
2025-10-01 01:12:07,302 - root - INFO - test roc_auc, 0.5779
2025-10-01 01:12:07,302 - root - INFO - new node test loss: 0.7133
2025-10-01 01:12:07,302 - root - INFO - new node test average_precision, 0.5285
2025-10-01 01:12:07,302 - root - INFO - new node test roc_auc, 0.5126
2025-10-01 01:12:07,302 - root - INFO - save model ./saved_models/TGAT/enron/TGAT_seed0/TGAT_seed0.pkl
2025-10-01 01:13:14,945 - root - INFO - Epoch: 7, learning rate: 0.0001, train loss: 0.5283
2025-10-01 01:13:14,945 - root - INFO - train average_precision, 0.7549
2025-10-01 01:13:14,945 - root - INFO - train roc_auc, 0.7799
2025-10-01 01:13:14,945 - root - INFO - validate loss: 0.6715
2025-10-01 01:13:14,945 - root - INFO - validate average_precision, 0.6090
2025-10-01 01:13:14,945 - root - INFO - validate roc_auc, 0.6146
2025-10-01 01:13:14,945 - root - INFO - new node validate loss: 0.6651
2025-10-01 01:13:14,945 - root - INFO - new node validate average_precision, 0.6149
2025-10-01 01:13:14,945 - root - INFO - new node validate roc_auc, 0.6242
2025-10-01 01:13:28,174 - root - INFO - test loss: 0.6862
2025-10-01 01:13:28,174 - root - INFO - test average_precision, 0.5956
2025-10-01 01:13:28,174 - root - INFO - best test average_precision: 0.5956
2025-10-01 01:13:28,174 - root - INFO - test roc_auc, 0.5856
2025-10-01 01:13:28,174 - root - INFO - new node test loss: 0.7173
2025-10-01 01:13:28,174 - root - INFO - new node test average_precision, 0.5264
2025-10-01 01:13:28,174 - root - INFO - new node test roc_auc, 0.5069
2025-10-01 01:13:28,174 - root - INFO - save model ./saved_models/TGAT/enron/TGAT_seed0/TGAT_seed0.pkl
2025-10-01 01:14:35,685 - root - INFO - Epoch: 8, learning rate: 0.0001, train loss: 0.5175
2025-10-01 01:14:35,685 - root - INFO - train average_precision, 0.7711
2025-10-01 01:14:35,685 - root - INFO - train roc_auc, 0.7949
2025-10-01 01:14:35,685 - root - INFO - validate loss: 0.6616
2025-10-01 01:14:35,685 - root - INFO - validate average_precision, 0.6470
2025-10-01 01:14:35,685 - root - INFO - validate roc_auc, 0.6505
2025-10-01 01:14:35,685 - root - INFO - new node validate loss: 0.6620
2025-10-01 01:14:35,685 - root - INFO - new node validate average_precision, 0.6314
2025-10-01 01:14:35,685 - root - INFO - new node validate roc_auc, 0.6452
2025-10-01 01:14:48,841 - root - INFO - test loss: 0.6760
2025-10-01 01:14:48,842 - root - INFO - test average_precision, 0.6324
2025-10-01 01:14:48,842 - root - INFO - best test average_precision: 0.6324
2025-10-01 01:14:48,842 - root - INFO - test roc_auc, 0.6216
2025-10-01 01:14:48,842 - root - INFO - new node test loss: 0.7131
2025-10-01 01:14:48,842 - root - INFO - new node test average_precision, 0.5566
2025-10-01 01:14:48,842 - root - INFO - new node test roc_auc, 0.5449
2025-10-01 01:14:48,842 - root - INFO - save model ./saved_models/TGAT/enron/TGAT_seed0/TGAT_seed0.pkl
2025-10-01 01:15:56,280 - root - INFO - Epoch: 9, learning rate: 0.0001, train loss: 0.5023
2025-10-01 01:15:56,280 - root - INFO - train average_precision, 0.7924
2025-10-01 01:15:56,280 - root - INFO - train roc_auc, 0.8106
2025-10-01 01:15:56,280 - root - INFO - validate loss: 0.6619
2025-10-01 01:15:56,280 - root - INFO - validate average_precision, 0.6550
2025-10-01 01:15:56,280 - root - INFO - validate roc_auc, 0.6577
2025-10-01 01:15:56,280 - root - INFO - new node validate loss: 0.6646
2025-10-01 01:15:56,280 - root - INFO - new node validate average_precision, 0.6334
2025-10-01 01:15:56,281 - root - INFO - new node validate roc_auc, 0.6495
2025-10-01 01:16:09,508 - root - INFO - test loss: 0.6759
2025-10-01 01:16:09,508 - root - INFO - test average_precision, 0.6356
2025-10-01 01:16:09,508 - root - INFO - best test average_precision: 0.6356
2025-10-01 01:16:09,508 - root - INFO - test roc_auc, 0.6250
2025-10-01 01:16:09,508 - root - INFO - new node test loss: 0.7236
2025-10-01 01:16:09,508 - root - INFO - new node test average_precision, 0.5595
2025-10-01 01:16:09,508 - root - INFO - new node test roc_auc, 0.5399
2025-10-01 01:16:09,508 - root - INFO - save model ./saved_models/TGAT/enron/TGAT_seed0/TGAT_seed0.pkl
2025-10-01 01:17:17,187 - root - INFO - Epoch: 10, learning rate: 0.0001, train loss: 0.4963
2025-10-01 01:17:17,187 - root - INFO - train average_precision, 0.8001
2025-10-01 01:17:17,187 - root - INFO - train roc_auc, 0.8177
2025-10-01 01:17:17,187 - root - INFO - validate loss: 0.6611
2025-10-01 01:17:17,187 - root - INFO - validate average_precision, 0.6552
2025-10-01 01:17:17,187 - root - INFO - validate roc_auc, 0.6607
2025-10-01 01:17:17,187 - root - INFO - new node validate loss: 0.6651
2025-10-01 01:17:17,187 - root - INFO - new node validate average_precision, 0.6339
2025-10-01 01:17:17,187 - root - INFO - new node validate roc_auc, 0.6498
2025-10-01 01:17:30,373 - root - INFO - test loss: 0.6730
2025-10-01 01:17:30,374 - root - INFO - test average_precision, 0.6369
2025-10-01 01:17:30,374 - root - INFO - best test average_precision: 0.6369
2025-10-01 01:17:30,374 - root - INFO - test roc_auc, 0.6315
2025-10-01 01:17:30,374 - root - INFO - new node test loss: 0.7238
2025-10-01 01:17:30,374 - root - INFO - new node test average_precision, 0.5723
2025-10-01 01:17:30,374 - root - INFO - new node test roc_auc, 0.5516
2025-10-01 01:17:30,374 - root - INFO - save model ./saved_models/TGAT/enron/TGAT_seed0/TGAT_seed0.pkl
2025-10-01 01:18:37,868 - root - INFO - Epoch: 11, learning rate: 0.0001, train loss: 0.4844
2025-10-01 01:18:37,868 - root - INFO - train average_precision, 0.8110
2025-10-01 01:18:37,868 - root - INFO - train roc_auc, 0.8295
2025-10-01 01:18:37,868 - root - INFO - validate loss: 0.6586
2025-10-01 01:18:37,868 - root - INFO - validate average_precision, 0.6516
2025-10-01 01:18:37,868 - root - INFO - validate roc_auc, 0.6642
2025-10-01 01:18:37,869 - root - INFO - new node validate loss: 0.6745
2025-10-01 01:18:37,869 - root - INFO - new node validate average_precision, 0.6210
2025-10-01 01:18:37,869 - root - INFO - new node validate roc_auc, 0.6394
2025-10-01 01:18:51,072 - root - INFO - test loss: 0.6760
2025-10-01 01:18:51,073 - root - INFO - test average_precision, 0.6238
2025-10-01 01:18:51,073 - root - INFO - best test average_precision: 0.6369
2025-10-01 01:18:51,073 - root - INFO - test roc_auc, 0.6278
2025-10-01 01:18:51,073 - root - INFO - new node test loss: 0.7211
2025-10-01 01:18:51,073 - root - INFO - new node test average_precision, 0.5695
2025-10-01 01:18:51,073 - root - INFO - new node test roc_auc, 0.5530
2025-10-01 01:19:58,620 - root - INFO - Epoch: 12, learning rate: 0.0001, train loss: 0.4813
2025-10-01 01:19:58,620 - root - INFO - train average_precision, 0.8145
2025-10-01 01:19:58,620 - root - INFO - train roc_auc, 0.8319
2025-10-01 01:19:58,620 - root - INFO - validate loss: 0.6531
2025-10-01 01:19:58,620 - root - INFO - validate average_precision, 0.6538
2025-10-01 01:19:58,620 - root - INFO - validate roc_auc, 0.6679
2025-10-01 01:19:58,620 - root - INFO - new node validate loss: 0.6746
2025-10-01 01:19:58,620 - root - INFO - new node validate average_precision, 0.6151
2025-10-01 01:19:58,620 - root - INFO - new node validate roc_auc, 0.6362
2025-10-01 01:20:11,794 - root - INFO - test loss: 0.6716
2025-10-01 01:20:11,795 - root - INFO - test average_precision, 0.6295
2025-10-01 01:20:11,795 - root - INFO - best test average_precision: 0.6369
2025-10-01 01:20:11,795 - root - INFO - test roc_auc, 0.6352
2025-10-01 01:20:11,795 - root - INFO - new node test loss: 0.7201
2025-10-01 01:20:11,795 - root - INFO - new node test average_precision, 0.5689
2025-10-01 01:20:11,795 - root - INFO - new node test roc_auc, 0.5529
2025-10-01 01:21:18,963 - root - INFO - Epoch: 13, learning rate: 0.0001, train loss: 0.4734
2025-10-01 01:21:18,964 - root - INFO - train average_precision, 0.8232
2025-10-01 01:21:18,964 - root - INFO - train roc_auc, 0.8395
2025-10-01 01:21:18,964 - root - INFO - validate loss: 0.6563
2025-10-01 01:21:18,964 - root - INFO - validate average_precision, 0.6630
2025-10-01 01:21:18,964 - root - INFO - validate roc_auc, 0.6713
2025-10-01 01:21:18,964 - root - INFO - new node validate loss: 0.6773
2025-10-01 01:21:18,964 - root - INFO - new node validate average_precision, 0.6270
2025-10-01 01:21:18,964 - root - INFO - new node validate roc_auc, 0.6450
2025-10-01 01:21:32,170 - root - INFO - test loss: 0.6792
2025-10-01 01:21:32,171 - root - INFO - test average_precision, 0.6395
2025-10-01 01:21:32,171 - root - INFO - best test average_precision: 0.6395
2025-10-01 01:21:32,171 - root - INFO - test roc_auc, 0.6360
2025-10-01 01:21:32,171 - root - INFO - new node test loss: 0.7329
2025-10-01 01:21:32,171 - root - INFO - new node test average_precision, 0.5814
2025-10-01 01:21:32,171 - root - INFO - new node test roc_auc, 0.5553
2025-10-01 01:21:32,171 - root - INFO - save model ./saved_models/TGAT/enron/TGAT_seed0/TGAT_seed0.pkl
2025-10-01 01:22:39,229 - root - INFO - Epoch: 14, learning rate: 0.0001, train loss: 0.4640
2025-10-01 01:22:39,230 - root - INFO - train average_precision, 0.8299
2025-10-01 01:22:39,230 - root - INFO - train roc_auc, 0.8466
2025-10-01 01:22:39,230 - root - INFO - validate loss: 0.6518
2025-10-01 01:22:39,230 - root - INFO - validate average_precision, 0.6687
2025-10-01 01:22:39,230 - root - INFO - validate roc_auc, 0.6789
2025-10-01 01:22:39,230 - root - INFO - new node validate loss: 0.6863
2025-10-01 01:22:39,230 - root - INFO - new node validate average_precision, 0.6301
2025-10-01 01:22:39,230 - root - INFO - new node validate roc_auc, 0.6436
2025-10-01 01:22:52,402 - root - INFO - test loss: 0.6723
2025-10-01 01:22:52,402 - root - INFO - test average_precision, 0.6413
2025-10-01 01:22:52,402 - root - INFO - best test average_precision: 0.6413
2025-10-01 01:22:52,402 - root - INFO - test roc_auc, 0.6423
2025-10-01 01:22:52,402 - root - INFO - new node test loss: 0.7366
2025-10-01 01:22:52,402 - root - INFO - new node test average_precision, 0.5793
2025-10-01 01:22:52,402 - root - INFO - new node test roc_auc, 0.5537
2025-10-01 01:22:52,402 - root - INFO - save model ./saved_models/TGAT/enron/TGAT_seed0/TGAT_seed0.pkl
2025-10-01 01:23:59,628 - root - INFO - Epoch: 15, learning rate: 0.0001, train loss: 0.4581
2025-10-01 01:23:59,628 - root - INFO - train average_precision, 0.8345
2025-10-01 01:23:59,628 - root - INFO - train roc_auc, 0.8514
2025-10-01 01:23:59,628 - root - INFO - validate loss: 0.6520
2025-10-01 01:23:59,628 - root - INFO - validate average_precision, 0.6693
2025-10-01 01:23:59,628 - root - INFO - validate roc_auc, 0.6786
2025-10-01 01:23:59,628 - root - INFO - new node validate loss: 0.6824
2025-10-01 01:23:59,628 - root - INFO - new node validate average_precision, 0.6316
2025-10-01 01:23:59,628 - root - INFO - new node validate roc_auc, 0.6438
2025-10-01 01:24:12,829 - root - INFO - test loss: 0.6720
2025-10-01 01:24:12,830 - root - INFO - test average_precision, 0.6462
2025-10-01 01:24:12,830 - root - INFO - best test average_precision: 0.6462
2025-10-01 01:24:12,830 - root - INFO - test roc_auc, 0.6438
2025-10-01 01:24:12,830 - root - INFO - new node test loss: 0.7394
2025-10-01 01:24:12,830 - root - INFO - new node test average_precision, 0.5773
2025-10-01 01:24:12,830 - root - INFO - new node test roc_auc, 0.5482
2025-10-01 01:25:19,962 - root - INFO - Epoch: 16, learning rate: 0.0001, train loss: 0.4530
2025-10-01 01:25:19,962 - root - INFO - train average_precision, 0.8388
2025-10-01 01:25:19,963 - root - INFO - train roc_auc, 0.8555
2025-10-01 01:25:19,963 - root - INFO - validate loss: 0.6596
2025-10-01 01:25:19,963 - root - INFO - validate average_precision, 0.6726
2025-10-01 01:25:19,963 - root - INFO - validate roc_auc, 0.6807
2025-10-01 01:25:19,963 - root - INFO - new node validate loss: 0.6950
2025-10-01 01:25:19,963 - root - INFO - new node validate average_precision, 0.6344
2025-10-01 01:25:19,963 - root - INFO - new node validate roc_auc, 0.6470
2025-10-01 01:25:33,156 - root - INFO - test loss: 0.6815
2025-10-01 01:25:33,157 - root - INFO - test average_precision, 0.6500
2025-10-01 01:25:33,157 - root - INFO - best test average_precision: 0.6500
2025-10-01 01:25:33,157 - root - INFO - test roc_auc, 0.6462
2025-10-01 01:25:33,157 - root - INFO - new node test loss: 0.7570
2025-10-01 01:25:33,157 - root - INFO - new node test average_precision, 0.5789
2025-10-01 01:25:33,157 - root - INFO - new node test roc_auc, 0.5504
2025-10-01 01:25:33,158 - root - INFO - save model ./saved_models/TGAT/enron/TGAT_seed0/TGAT_seed0.pkl
2025-10-01 01:26:40,650 - root - INFO - Epoch: 17, learning rate: 0.0001, train loss: 0.4485
2025-10-01 01:26:40,651 - root - INFO - train average_precision, 0.8415
2025-10-01 01:26:40,651 - root - INFO - train roc_auc, 0.8585
2025-10-01 01:26:40,651 - root - INFO - validate loss: 0.6581
2025-10-01 01:26:40,651 - root - INFO - validate average_precision, 0.6702
2025-10-01 01:26:40,651 - root - INFO - validate roc_auc, 0.6790
2025-10-01 01:26:40,651 - root - INFO - new node validate loss: 0.6976
2025-10-01 01:26:40,651 - root - INFO - new node validate average_precision, 0.6296
2025-10-01 01:26:40,651 - root - INFO - new node validate roc_auc, 0.6423
2025-10-01 01:26:53,855 - root - INFO - test loss: 0.6787
2025-10-01 01:26:53,856 - root - INFO - test average_precision, 0.6492
2025-10-01 01:26:53,856 - root - INFO - best test average_precision: 0.6500
2025-10-01 01:26:53,856 - root - INFO - test roc_auc, 0.6452
2025-10-01 01:26:53,856 - root - INFO - new node test loss: 0.7556
2025-10-01 01:26:53,856 - root - INFO - new node test average_precision, 0.5794
2025-10-01 01:26:53,856 - root - INFO - new node test roc_auc, 0.5533
2025-10-01 01:28:00,929 - root - INFO - Epoch: 18, learning rate: 0.0001, train loss: 0.4437
2025-10-01 01:28:00,930 - root - INFO - train average_precision, 0.8458
2025-10-01 01:28:00,930 - root - INFO - train roc_auc, 0.8630
2025-10-01 01:28:00,930 - root - INFO - validate loss: 0.6540
2025-10-01 01:28:00,930 - root - INFO - validate average_precision, 0.6692
2025-10-01 01:28:00,930 - root - INFO - validate roc_auc, 0.6791
2025-10-01 01:28:00,930 - root - INFO - new node validate loss: 0.6908
2025-10-01 01:28:00,930 - root - INFO - new node validate average_precision, 0.6246
2025-10-01 01:28:00,930 - root - INFO - new node validate roc_auc, 0.6383
2025-10-01 01:28:14,129 - root - INFO - test loss: 0.6763
2025-10-01 01:28:14,129 - root - INFO - test average_precision, 0.6504
2025-10-01 01:28:14,129 - root - INFO - best test average_precision: 0.6504
2025-10-01 01:28:14,129 - root - INFO - test roc_auc, 0.6452
2025-10-01 01:28:14,130 - root - INFO - new node test loss: 0.7559
2025-10-01 01:28:14,130 - root - INFO - new node test average_precision, 0.5734
2025-10-01 01:28:14,130 - root - INFO - new node test roc_auc, 0.5459
2025-10-01 01:29:21,306 - root - INFO - Epoch: 19, learning rate: 0.0001, train loss: 0.4364
2025-10-01 01:29:21,306 - root - INFO - train average_precision, 0.8521
2025-10-01 01:29:21,306 - root - INFO - train roc_auc, 0.8683
2025-10-01 01:29:21,306 - root - INFO - validate loss: 0.6604
2025-10-01 01:29:21,306 - root - INFO - validate average_precision, 0.6756
2025-10-01 01:29:21,306 - root - INFO - validate roc_auc, 0.6829
2025-10-01 01:29:21,306 - root - INFO - new node validate loss: 0.6998
2025-10-01 01:29:21,306 - root - INFO - new node validate average_precision, 0.6317
2025-10-01 01:29:21,307 - root - INFO - new node validate roc_auc, 0.6435
2025-10-01 01:29:34,483 - root - INFO - test loss: 0.6779
2025-10-01 01:29:34,483 - root - INFO - test average_precision, 0.6568
2025-10-01 01:29:34,483 - root - INFO - best test average_precision: 0.6568
2025-10-01 01:29:34,483 - root - INFO - test roc_auc, 0.6508
2025-10-01 01:29:34,483 - root - INFO - new node test loss: 0.7611
2025-10-01 01:29:34,483 - root - INFO - new node test average_precision, 0.5793
2025-10-01 01:29:34,483 - root - INFO - new node test roc_auc, 0.5512
2025-10-01 01:29:34,483 - root - INFO - save model ./saved_models/TGAT/enron/TGAT_seed0/TGAT_seed0.pkl
2025-10-01 01:30:41,657 - root - INFO - Epoch: 20, learning rate: 0.0001, train loss: 0.4300
2025-10-01 01:30:41,657 - root - INFO - train average_precision, 0.8554
2025-10-01 01:30:41,657 - root - INFO - train roc_auc, 0.8718
2025-10-01 01:30:41,657 - root - INFO - validate loss: 0.6560
2025-10-01 01:30:41,657 - root - INFO - validate average_precision, 0.6780
2025-10-01 01:30:41,657 - root - INFO - validate roc_auc, 0.6837
2025-10-01 01:30:41,657 - root - INFO - new node validate loss: 0.6886
2025-10-01 01:30:41,657 - root - INFO - new node validate average_precision, 0.6280
2025-10-01 01:30:41,657 - root - INFO - new node validate roc_auc, 0.6398
2025-10-01 01:30:54,902 - root - INFO - test loss: 0.6695
2025-10-01 01:30:54,903 - root - INFO - test average_precision, 0.6626
2025-10-01 01:30:54,903 - root - INFO - best test average_precision: 0.6626
2025-10-01 01:30:54,903 - root - INFO - test roc_auc, 0.6564
2025-10-01 01:30:54,903 - root - INFO - new node test loss: 0.7526
2025-10-01 01:30:54,903 - root - INFO - new node test average_precision, 0.5825
2025-10-01 01:30:54,903 - root - INFO - new node test roc_auc, 0.5589
2025-10-01 01:30:54,903 - root - INFO - save model ./saved_models/TGAT/enron/TGAT_seed0/TGAT_seed0.pkl
2025-10-01 01:32:01,979 - root - INFO - Epoch: 21, learning rate: 0.0001, train loss: 0.4232
2025-10-01 01:32:01,980 - root - INFO - train average_precision, 0.8603
2025-10-01 01:32:01,980 - root - INFO - train roc_auc, 0.8761
2025-10-01 01:32:01,980 - root - INFO - validate loss: 0.6615
2025-10-01 01:32:01,980 - root - INFO - validate average_precision, 0.6824
2025-10-01 01:32:01,980 - root - INFO - validate roc_auc, 0.6870
2025-10-01 01:32:01,980 - root - INFO - new node validate loss: 0.7005
2025-10-01 01:32:01,980 - root - INFO - new node validate average_precision, 0.6350
2025-10-01 01:32:01,980 - root - INFO - new node validate roc_auc, 0.6463
2025-10-01 01:32:15,183 - root - INFO - test loss: 0.6800
2025-10-01 01:32:15,183 - root - INFO - test average_precision, 0.6621
2025-10-01 01:32:15,183 - root - INFO - best test average_precision: 0.6626
2025-10-01 01:32:15,183 - root - INFO - test roc_auc, 0.6550
2025-10-01 01:32:15,183 - root - INFO - new node test loss: 0.7711
2025-10-01 01:32:15,183 - root - INFO - new node test average_precision, 0.5816
2025-10-01 01:32:15,183 - root - INFO - new node test roc_auc, 0.5541
2025-10-01 01:32:15,183 - root - INFO - save model ./saved_models/TGAT/enron/TGAT_seed0/TGAT_seed0.pkl
2025-10-01 01:33:22,289 - root - INFO - Epoch: 22, learning rate: 0.0001, train loss: 0.4177
2025-10-01 01:33:22,290 - root - INFO - train average_precision, 0.8651
2025-10-01 01:33:22,290 - root - INFO - train roc_auc, 0.8797
2025-10-01 01:33:22,290 - root - INFO - validate loss: 0.6586
2025-10-01 01:33:22,290 - root - INFO - validate average_precision, 0.6846
2025-10-01 01:33:22,290 - root - INFO - validate roc_auc, 0.6873
2025-10-01 01:33:22,290 - root - INFO - new node validate loss: 0.6963
2025-10-01 01:33:22,290 - root - INFO - new node validate average_precision, 0.6320
2025-10-01 01:33:22,290 - root - INFO - new node validate roc_auc, 0.6434
2025-10-01 01:33:35,501 - root - INFO - test loss: 0.6719
2025-10-01 01:33:35,501 - root - INFO - test average_precision, 0.6688
2025-10-01 01:33:35,501 - root - INFO - best test average_precision: 0.6688
2025-10-01 01:33:35,501 - root - INFO - test roc_auc, 0.6609
2025-10-01 01:33:35,501 - root - INFO - new node test loss: 0.7600
2025-10-01 01:33:35,501 - root - INFO - new node test average_precision, 0.5919
2025-10-01 01:33:35,501 - root - INFO - new node test roc_auc, 0.5673
2025-10-01 01:33:35,501 - root - INFO - save model ./saved_models/TGAT/enron/TGAT_seed0/TGAT_seed0.pkl
2025-10-01 01:34:42,670 - root - INFO - Epoch: 23, learning rate: 0.0001, train loss: 0.4110
2025-10-01 01:34:42,671 - root - INFO - train average_precision, 0.8690
2025-10-01 01:34:42,671 - root - INFO - train roc_auc, 0.8841
2025-10-01 01:34:42,671 - root - INFO - validate loss: 0.6595
2025-10-01 01:34:42,671 - root - INFO - validate average_precision, 0.6835
2025-10-01 01:34:42,671 - root - INFO - validate roc_auc, 0.6862
2025-10-01 01:34:42,671 - root - INFO - new node validate loss: 0.7008
2025-10-01 01:34:42,671 - root - INFO - new node validate average_precision, 0.6330
2025-10-01 01:34:42,671 - root - INFO - new node validate roc_auc, 0.6419
2025-10-01 01:34:55,868 - root - INFO - test loss: 0.6801
2025-10-01 01:34:55,869 - root - INFO - test average_precision, 0.6654
2025-10-01 01:34:55,869 - root - INFO - best test average_precision: 0.6688
2025-10-01 01:34:55,869 - root - INFO - test roc_auc, 0.6577
2025-10-01 01:34:55,869 - root - INFO - new node test loss: 0.7729
2025-10-01 01:34:55,869 - root - INFO - new node test average_precision, 0.5888
2025-10-01 01:34:55,869 - root - INFO - new node test roc_auc, 0.5611
2025-10-01 01:36:03,126 - root - INFO - Epoch: 24, learning rate: 0.0001, train loss: 0.4048
2025-10-01 01:36:03,127 - root - INFO - train average_precision, 0.8723
2025-10-01 01:36:03,127 - root - INFO - train roc_auc, 0.8875
2025-10-01 01:36:03,127 - root - INFO - validate loss: 0.6678
2025-10-01 01:36:03,127 - root - INFO - validate average_precision, 0.6826
2025-10-01 01:36:03,127 - root - INFO - validate roc_auc, 0.6849
2025-10-01 01:36:03,127 - root - INFO - new node validate loss: 0.7070
2025-10-01 01:36:03,127 - root - INFO - new node validate average_precision, 0.6343
2025-10-01 01:36:03,127 - root - INFO - new node validate roc_auc, 0.6436
2025-10-01 01:36:16,330 - root - INFO - test loss: 0.6934
2025-10-01 01:36:16,330 - root - INFO - test average_precision, 0.6626
2025-10-01 01:36:16,330 - root - INFO - best test average_precision: 0.6688
2025-10-01 01:36:16,330 - root - INFO - test roc_auc, 0.6542
2025-10-01 01:36:16,330 - root - INFO - new node test loss: 0.7950
2025-10-01 01:36:16,330 - root - INFO - new node test average_precision, 0.5865
2025-10-01 01:36:16,330 - root - INFO - new node test roc_auc, 0.5599
2025-10-01 01:37:23,407 - root - INFO - Epoch: 25, learning rate: 0.0001, train loss: 0.3987
2025-10-01 01:37:23,408 - root - INFO - train average_precision, 0.8761
2025-10-01 01:37:23,408 - root - INFO - train roc_auc, 0.8908
2025-10-01 01:37:23,408 - root - INFO - validate loss: 0.6682
2025-10-01 01:37:23,408 - root - INFO - validate average_precision, 0.6819
2025-10-01 01:37:23,408 - root - INFO - validate roc_auc, 0.6859
2025-10-01 01:37:23,408 - root - INFO - new node validate loss: 0.7112
2025-10-01 01:37:23,408 - root - INFO - new node validate average_precision, 0.6330
2025-10-01 01:37:23,408 - root - INFO - new node validate roc_auc, 0.6416
2025-10-01 01:37:36,658 - root - INFO - test loss: 0.6925
2025-10-01 01:37:36,658 - root - INFO - test average_precision, 0.6629
2025-10-01 01:37:36,658 - root - INFO - best test average_precision: 0.6688
2025-10-01 01:37:36,658 - root - INFO - test roc_auc, 0.6557
2025-10-01 01:37:36,658 - root - INFO - new node test loss: 0.7874
2025-10-01 01:37:36,658 - root - INFO - new node test average_precision, 0.5898
2025-10-01 01:37:36,658 - root - INFO - new node test roc_auc, 0.5614
2025-10-01 01:38:43,845 - root - INFO - Epoch: 26, learning rate: 0.0001, train loss: 0.3926
2025-10-01 01:38:43,846 - root - INFO - train average_precision, 0.8797
2025-10-01 01:38:43,846 - root - INFO - train roc_auc, 0.8948
2025-10-01 01:38:43,846 - root - INFO - validate loss: 0.6711
2025-10-01 01:38:43,846 - root - INFO - validate average_precision, 0.6849
2025-10-01 01:38:43,846 - root - INFO - validate roc_auc, 0.6898
2025-10-01 01:38:43,846 - root - INFO - new node validate loss: 0.7210
2025-10-01 01:38:43,846 - root - INFO - new node validate average_precision, 0.6347
2025-10-01 01:38:43,846 - root - INFO - new node validate roc_auc, 0.6450
2025-10-01 01:38:57,016 - root - INFO - test loss: 0.7090
2025-10-01 01:38:57,016 - root - INFO - test average_precision, 0.6630
2025-10-01 01:38:57,016 - root - INFO - best test average_precision: 0.6688
2025-10-01 01:38:57,016 - root - INFO - test roc_auc, 0.6558
2025-10-01 01:38:57,016 - root - INFO - new node test loss: 0.8079
2025-10-01 01:38:57,016 - root - INFO - new node test average_precision, 0.5884
2025-10-01 01:38:57,016 - root - INFO - new node test roc_auc, 0.5627
2025-10-01 01:38:57,016 - root - INFO - save model ./saved_models/TGAT/enron/TGAT_seed0/TGAT_seed0.pkl
2025-10-01 01:40:04,248 - root - INFO - Epoch: 27, learning rate: 0.0001, train loss: 0.3873
2025-10-01 01:40:04,248 - root - INFO - train average_precision, 0.8819
2025-10-01 01:40:04,248 - root - INFO - train roc_auc, 0.8973
2025-10-01 01:40:04,248 - root - INFO - validate loss: 0.6608
2025-10-01 01:40:04,248 - root - INFO - validate average_precision, 0.6891
2025-10-01 01:40:04,248 - root - INFO - validate roc_auc, 0.6914
2025-10-01 01:40:04,248 - root - INFO - new node validate loss: 0.7015
2025-10-01 01:40:04,248 - root - INFO - new node validate average_precision, 0.6373
2025-10-01 01:40:04,248 - root - INFO - new node validate roc_auc, 0.6455
2025-10-01 01:40:17,479 - root - INFO - test loss: 0.6872
2025-10-01 01:40:17,479 - root - INFO - test average_precision, 0.6712
2025-10-01 01:40:17,480 - root - INFO - best test average_precision: 0.6712
2025-10-01 01:40:17,480 - root - INFO - test roc_auc, 0.6616
2025-10-01 01:40:17,480 - root - INFO - new node test loss: 0.7756
2025-10-01 01:40:17,480 - root - INFO - new node test average_precision, 0.5938
2025-10-01 01:40:17,480 - root - INFO - new node test roc_auc, 0.5671
2025-10-01 01:40:17,480 - root - INFO - save model ./saved_models/TGAT/enron/TGAT_seed0/TGAT_seed0.pkl
2025-10-01 01:41:24,954 - root - INFO - Epoch: 28, learning rate: 0.0001, train loss: 0.3861
2025-10-01 01:41:24,954 - root - INFO - train average_precision, 0.8826
2025-10-01 01:41:24,954 - root - INFO - train roc_auc, 0.8983
2025-10-01 01:41:24,954 - root - INFO - validate loss: 0.6652
2025-10-01 01:41:24,954 - root - INFO - validate average_precision, 0.6894
2025-10-01 01:41:24,954 - root - INFO - validate roc_auc, 0.6920
2025-10-01 01:41:24,954 - root - INFO - new node validate loss: 0.7106
2025-10-01 01:41:24,954 - root - INFO - new node validate average_precision, 0.6443
2025-10-01 01:41:24,954 - root - INFO - new node validate roc_auc, 0.6529
2025-10-01 01:41:38,109 - root - INFO - test loss: 0.7069
2025-10-01 01:41:38,109 - root - INFO - test average_precision, 0.6686
2025-10-01 01:41:38,109 - root - INFO - best test average_precision: 0.6712
2025-10-01 01:41:38,110 - root - INFO - test roc_auc, 0.6600
2025-10-01 01:41:38,110 - root - INFO - new node test loss: 0.8036
2025-10-01 01:41:38,110 - root - INFO - new node test average_precision, 0.5904
2025-10-01 01:41:38,110 - root - INFO - new node test roc_auc, 0.5611
2025-10-01 01:41:38,110 - root - INFO - save model ./saved_models/TGAT/enron/TGAT_seed0/TGAT_seed0.pkl
2025-10-01 01:42:45,300 - root - INFO - Epoch: 29, learning rate: 0.0001, train loss: 0.3792
2025-10-01 01:42:45,300 - root - INFO - train average_precision, 0.8865
2025-10-01 01:42:45,300 - root - INFO - train roc_auc, 0.9013
2025-10-01 01:42:45,300 - root - INFO - validate loss: 0.6674
2025-10-01 01:42:45,300 - root - INFO - validate average_precision, 0.6902
2025-10-01 01:42:45,300 - root - INFO - validate roc_auc, 0.6912
2025-10-01 01:42:45,300 - root - INFO - new node validate loss: 0.7161
2025-10-01 01:42:45,300 - root - INFO - new node validate average_precision, 0.6419
2025-10-01 01:42:45,300 - root - INFO - new node validate roc_auc, 0.6471
2025-10-01 01:42:58,509 - root - INFO - test loss: 0.7081
2025-10-01 01:42:58,509 - root - INFO - test average_precision, 0.6681
2025-10-01 01:42:58,509 - root - INFO - best test average_precision: 0.6712
2025-10-01 01:42:58,509 - root - INFO - test roc_auc, 0.6597
2025-10-01 01:42:58,509 - root - INFO - new node test loss: 0.8035
2025-10-01 01:42:58,509 - root - INFO - new node test average_precision, 0.5883
2025-10-01 01:42:58,509 - root - INFO - new node test roc_auc, 0.5655
2025-10-01 01:44:05,597 - root - INFO - Epoch: 30, learning rate: 0.0001, train loss: 0.3734
2025-10-01 01:44:05,597 - root - INFO - train average_precision, 0.8889
2025-10-01 01:44:05,597 - root - INFO - train roc_auc, 0.9043
2025-10-01 01:44:05,597 - root - INFO - validate loss: 0.6648
2025-10-01 01:44:05,597 - root - INFO - validate average_precision, 0.6935
2025-10-01 01:44:05,597 - root - INFO - validate roc_auc, 0.6958
2025-10-01 01:44:05,597 - root - INFO - new node validate loss: 0.7175
2025-10-01 01:44:05,597 - root - INFO - new node validate average_precision, 0.6427
2025-10-01 01:44:05,598 - root - INFO - new node validate roc_auc, 0.6498
2025-10-01 01:44:18,779 - root - INFO - test loss: 0.7099
2025-10-01 01:44:18,779 - root - INFO - test average_precision, 0.6700
2025-10-01 01:44:18,779 - root - INFO - best test average_precision: 0.6712
2025-10-01 01:44:18,779 - root - INFO - test roc_auc, 0.6604
2025-10-01 01:44:18,779 - root - INFO - new node test loss: 0.7985
2025-10-01 01:44:18,779 - root - INFO - new node test average_precision, 0.5877
2025-10-01 01:44:18,779 - root - INFO - new node test roc_auc, 0.5636
2025-10-01 01:44:18,779 - root - INFO - save model ./saved_models/TGAT/enron/TGAT_seed0/TGAT_seed0.pkl
2025-10-01 01:45:26,282 - root - INFO - Epoch: 31, learning rate: 0.0001, train loss: 0.3683
2025-10-01 01:45:26,282 - root - INFO - train average_precision, 0.8915
2025-10-01 01:45:26,283 - root - INFO - train roc_auc, 0.9064
2025-10-01 01:45:26,283 - root - INFO - validate loss: 0.6685
2025-10-01 01:45:26,283 - root - INFO - validate average_precision, 0.6955
2025-10-01 01:45:26,283 - root - INFO - validate roc_auc, 0.6999
2025-10-01 01:45:26,283 - root - INFO - new node validate loss: 0.7311
2025-10-01 01:45:26,283 - root - INFO - new node validate average_precision, 0.6508
2025-10-01 01:45:26,283 - root - INFO - new node validate roc_auc, 0.6599
2025-10-01 01:45:39,530 - root - INFO - test loss: 0.7265
2025-10-01 01:45:39,530 - root - INFO - test average_precision, 0.6721
2025-10-01 01:45:39,530 - root - INFO - best test average_precision: 0.6721
2025-10-01 01:45:39,530 - root - INFO - test roc_auc, 0.6647
2025-10-01 01:45:39,531 - root - INFO - new node test loss: 0.8257
2025-10-01 01:45:39,531 - root - INFO - new node test average_precision, 0.5887
2025-10-01 01:45:39,531 - root - INFO - new node test roc_auc, 0.5662
2025-10-01 01:45:39,531 - root - INFO - save model ./saved_models/TGAT/enron/TGAT_seed0/TGAT_seed0.pkl
2025-10-01 01:46:47,201 - root - INFO - Epoch: 32, learning rate: 0.0001, train loss: 0.3635
2025-10-01 01:46:47,201 - root - INFO - train average_precision, 0.8944
2025-10-01 01:46:47,201 - root - INFO - train roc_auc, 0.9089
2025-10-01 01:46:47,201 - root - INFO - validate loss: 0.6712
2025-10-01 01:46:47,201 - root - INFO - validate average_precision, 0.6931
2025-10-01 01:46:47,201 - root - INFO - validate roc_auc, 0.6940
2025-10-01 01:46:47,201 - root - INFO - new node validate loss: 0.7139
2025-10-01 01:46:47,201 - root - INFO - new node validate average_precision, 0.6519
2025-10-01 01:46:47,201 - root - INFO - new node validate roc_auc, 0.6582
2025-10-01 01:47:00,393 - root - INFO - test loss: 0.7074
2025-10-01 01:47:00,393 - root - INFO - test average_precision, 0.6699
2025-10-01 01:47:00,393 - root - INFO - best test average_precision: 0.6721
2025-10-01 01:47:00,394 - root - INFO - test roc_auc, 0.6630
2025-10-01 01:47:00,394 - root - INFO - new node test loss: 0.8004
2025-10-01 01:47:00,394 - root - INFO - new node test average_precision, 0.5898
2025-10-01 01:47:00,394 - root - INFO - new node test roc_auc, 0.5660
2025-10-01 01:48:07,966 - root - INFO - Epoch: 33, learning rate: 0.0001, train loss: 0.3580
2025-10-01 01:48:07,966 - root - INFO - train average_precision, 0.8967
2025-10-01 01:48:07,966 - root - INFO - train roc_auc, 0.9120
2025-10-01 01:48:07,966 - root - INFO - validate loss: 0.6728
2025-10-01 01:48:07,967 - root - INFO - validate average_precision, 0.6988
2025-10-01 01:48:07,967 - root - INFO - validate roc_auc, 0.7014
2025-10-01 01:48:07,967 - root - INFO - new node validate loss: 0.7297
2025-10-01 01:48:07,967 - root - INFO - new node validate average_precision, 0.6554
2025-10-01 01:48:07,967 - root - INFO - new node validate roc_auc, 0.6627
2025-10-01 01:48:21,188 - root - INFO - test loss: 0.7338
2025-10-01 01:48:21,188 - root - INFO - test average_precision, 0.6731
2025-10-01 01:48:21,188 - root - INFO - best test average_precision: 0.6731
2025-10-01 01:48:21,188 - root - INFO - test roc_auc, 0.6642
2025-10-01 01:48:21,188 - root - INFO - new node test loss: 0.8251
2025-10-01 01:48:21,188 - root - INFO - new node test average_precision, 0.5937
2025-10-01 01:48:21,188 - root - INFO - new node test roc_auc, 0.5698
2025-10-01 01:48:21,188 - root - INFO - save model ./saved_models/TGAT/enron/TGAT_seed0/TGAT_seed0.pkl
2025-10-01 01:49:28,292 - root - INFO - Epoch: 34, learning rate: 0.0001, train loss: 0.3534
2025-10-01 01:49:28,293 - root - INFO - train average_precision, 0.8989
2025-10-01 01:49:28,293 - root - INFO - train roc_auc, 0.9144
2025-10-01 01:49:28,293 - root - INFO - validate loss: 0.6798
2025-10-01 01:49:28,293 - root - INFO - validate average_precision, 0.6922
2025-10-01 01:49:28,293 - root - INFO - validate roc_auc, 0.6962
2025-10-01 01:49:28,293 - root - INFO - new node validate loss: 0.7287
2025-10-01 01:49:28,293 - root - INFO - new node validate average_precision, 0.6508
2025-10-01 01:49:28,293 - root - INFO - new node validate roc_auc, 0.6590
2025-10-01 01:49:41,497 - root - INFO - test loss: 0.7322
2025-10-01 01:49:41,498 - root - INFO - test average_precision, 0.6698
2025-10-01 01:49:41,498 - root - INFO - best test average_precision: 0.6731
2025-10-01 01:49:41,498 - root - INFO - test roc_auc, 0.6630
2025-10-01 01:49:41,498 - root - INFO - new node test loss: 0.8246
2025-10-01 01:49:41,498 - root - INFO - new node test average_precision, 0.5922
2025-10-01 01:49:41,498 - root - INFO - new node test roc_auc, 0.5648
2025-10-01 01:50:48,526 - root - INFO - Epoch: 35, learning rate: 0.0001, train loss: 0.3499
2025-10-01 01:50:48,527 - root - INFO - train average_precision, 0.9003
2025-10-01 01:50:48,527 - root - INFO - train roc_auc, 0.9156
2025-10-01 01:50:48,527 - root - INFO - validate loss: 0.6741
2025-10-01 01:50:48,527 - root - INFO - validate average_precision, 0.7027
2025-10-01 01:50:48,527 - root - INFO - validate roc_auc, 0.7057
2025-10-01 01:50:48,527 - root - INFO - new node validate loss: 0.7302
2025-10-01 01:50:48,527 - root - INFO - new node validate average_precision, 0.6540
2025-10-01 01:50:48,527 - root - INFO - new node validate roc_auc, 0.6638
2025-10-01 01:51:01,729 - root - INFO - test loss: 0.7348
2025-10-01 01:51:01,729 - root - INFO - test average_precision, 0.6764
2025-10-01 01:51:01,729 - root - INFO - best test average_precision: 0.6764
2025-10-01 01:51:01,729 - root - INFO - test roc_auc, 0.6681
2025-10-01 01:51:01,729 - root - INFO - new node test loss: 0.8265
2025-10-01 01:51:01,729 - root - INFO - new node test average_precision, 0.5979
2025-10-01 01:51:01,729 - root - INFO - new node test roc_auc, 0.5676
2025-10-01 01:51:01,730 - root - INFO - save model ./saved_models/TGAT/enron/TGAT_seed0/TGAT_seed0.pkl
2025-10-01 01:52:09,670 - root - INFO - Epoch: 36, learning rate: 0.0001, train loss: 0.3451
2025-10-01 01:52:09,670 - root - INFO - train average_precision, 0.9028
2025-10-01 01:52:09,670 - root - INFO - train roc_auc, 0.9182
2025-10-01 01:52:09,670 - root - INFO - validate loss: 0.6724
2025-10-01 01:52:09,670 - root - INFO - validate average_precision, 0.7022
2025-10-01 01:52:09,670 - root - INFO - validate roc_auc, 0.7063
2025-10-01 01:52:09,670 - root - INFO - new node validate loss: 0.7263
2025-10-01 01:52:09,670 - root - INFO - new node validate average_precision, 0.6604
2025-10-01 01:52:09,670 - root - INFO - new node validate roc_auc, 0.6686
2025-10-01 01:52:22,877 - root - INFO - test loss: 0.7262
2025-10-01 01:52:22,877 - root - INFO - test average_precision, 0.6739
2025-10-01 01:52:22,877 - root - INFO - best test average_precision: 0.6764
2025-10-01 01:52:22,877 - root - INFO - test roc_auc, 0.6672
2025-10-01 01:52:22,878 - root - INFO - new node test loss: 0.8373
2025-10-01 01:52:22,878 - root - INFO - new node test average_precision, 0.5881
2025-10-01 01:52:22,878 - root - INFO - new node test roc_auc, 0.5629
2025-10-01 01:53:30,021 - root - INFO - Epoch: 37, learning rate: 0.0001, train loss: 0.3414
2025-10-01 01:53:30,022 - root - INFO - train average_precision, 0.9042
2025-10-01 01:53:30,022 - root - INFO - train roc_auc, 0.9193
2025-10-01 01:53:30,022 - root - INFO - validate loss: 0.6864
2025-10-01 01:53:30,022 - root - INFO - validate average_precision, 0.7031
2025-10-01 01:53:30,022 - root - INFO - validate roc_auc, 0.7084
2025-10-01 01:53:30,022 - root - INFO - new node validate loss: 0.7567
2025-10-01 01:53:30,022 - root - INFO - new node validate average_precision, 0.6617
2025-10-01 01:53:30,022 - root - INFO - new node validate roc_auc, 0.6682
2025-10-01 01:53:43,225 - root - INFO - test loss: 0.7613
2025-10-01 01:53:43,226 - root - INFO - test average_precision, 0.6748
2025-10-01 01:53:43,226 - root - INFO - best test average_precision: 0.6764
2025-10-01 01:53:43,226 - root - INFO - test roc_auc, 0.6660
2025-10-01 01:53:43,226 - root - INFO - new node test loss: 0.8549
2025-10-01 01:53:43,226 - root - INFO - new node test average_precision, 0.5963
2025-10-01 01:53:43,226 - root - INFO - new node test roc_auc, 0.5743
2025-10-01 01:53:43,226 - root - INFO - save model ./saved_models/TGAT/enron/TGAT_seed0/TGAT_seed0.pkl
2025-10-01 01:54:50,314 - root - INFO - Epoch: 38, learning rate: 0.0001, train loss: 0.3368
2025-10-01 01:54:50,314 - root - INFO - train average_precision, 0.9062
2025-10-01 01:54:50,314 - root - INFO - train roc_auc, 0.9218
2025-10-01 01:54:50,314 - root - INFO - validate loss: 0.7025
2025-10-01 01:54:50,314 - root - INFO - validate average_precision, 0.7009
2025-10-01 01:54:50,314 - root - INFO - validate roc_auc, 0.7037
2025-10-01 01:54:50,314 - root - INFO - new node validate loss: 0.7641
2025-10-01 01:54:50,314 - root - INFO - new node validate average_precision, 0.6557
2025-10-01 01:54:50,314 - root - INFO - new node validate roc_auc, 0.6613
2025-10-01 01:55:03,558 - root - INFO - test loss: 0.7763
2025-10-01 01:55:03,558 - root - INFO - test average_precision, 0.6718
2025-10-01 01:55:03,558 - root - INFO - best test average_precision: 0.6764
2025-10-01 01:55:03,558 - root - INFO - test roc_auc, 0.6633
2025-10-01 01:55:03,558 - root - INFO - new node test loss: 0.8607
2025-10-01 01:55:03,558 - root - INFO - new node test average_precision, 0.5906
2025-10-01 01:55:03,558 - root - INFO - new node test roc_auc, 0.5713
2025-10-01 01:56:11,178 - root - INFO - Epoch: 39, learning rate: 0.0001, train loss: 0.3337
2025-10-01 01:56:11,178 - root - INFO - train average_precision, 0.9075
2025-10-01 01:56:11,178 - root - INFO - train roc_auc, 0.9230
2025-10-01 01:56:11,178 - root - INFO - validate loss: 0.7060
2025-10-01 01:56:11,178 - root - INFO - validate average_precision, 0.7012
2025-10-01 01:56:11,178 - root - INFO - validate roc_auc, 0.7083
2025-10-01 01:56:11,178 - root - INFO - new node validate loss: 0.7673
2025-10-01 01:56:11,179 - root - INFO - new node validate average_precision, 0.6593
2025-10-01 01:56:11,179 - root - INFO - new node validate roc_auc, 0.6684
2025-10-01 01:56:24,361 - root - INFO - test loss: 0.7828
2025-10-01 01:56:24,361 - root - INFO - test average_precision, 0.6702
2025-10-01 01:56:24,361 - root - INFO - best test average_precision: 0.6764
2025-10-01 01:56:24,361 - root - INFO - test roc_auc, 0.6628
2025-10-01 01:56:24,361 - root - INFO - new node test loss: 0.8908
2025-10-01 01:56:24,362 - root - INFO - new node test average_precision, 0.5844
2025-10-01 01:56:24,362 - root - INFO - new node test roc_auc, 0.5597
2025-10-01 01:57:31,421 - root - INFO - Epoch: 40, learning rate: 0.0001, train loss: 0.3287
2025-10-01 01:57:31,421 - root - INFO - train average_precision, 0.9094
2025-10-01 01:57:31,421 - root - INFO - train roc_auc, 0.9248
2025-10-01 01:57:31,421 - root - INFO - validate loss: 0.6882
2025-10-01 01:57:31,421 - root - INFO - validate average_precision, 0.7028
2025-10-01 01:57:31,421 - root - INFO - validate roc_auc, 0.7073
2025-10-01 01:57:31,421 - root - INFO - new node validate loss: 0.7437
2025-10-01 01:57:31,421 - root - INFO - new node validate average_precision, 0.6636
2025-10-01 01:57:31,421 - root - INFO - new node validate roc_auc, 0.6694
2025-10-01 01:57:44,626 - root - INFO - test loss: 0.7732
2025-10-01 01:57:44,626 - root - INFO - test average_precision, 0.6742
2025-10-01 01:57:44,626 - root - INFO - best test average_precision: 0.6764
2025-10-01 01:57:44,626 - root - INFO - test roc_auc, 0.6652
2025-10-01 01:57:44,627 - root - INFO - new node test loss: 0.8660
2025-10-01 01:57:44,627 - root - INFO - new node test average_precision, 0.5883
2025-10-01 01:57:44,627 - root - INFO - new node test roc_auc, 0.5682
2025-10-01 01:58:51,737 - root - INFO - Epoch: 41, learning rate: 0.0001, train loss: 0.3232
2025-10-01 01:58:51,737 - root - INFO - train average_precision, 0.9117
2025-10-01 01:58:51,737 - root - INFO - train roc_auc, 0.9271
2025-10-01 01:58:51,737 - root - INFO - validate loss: 0.7035
2025-10-01 01:58:51,737 - root - INFO - validate average_precision, 0.7062
2025-10-01 01:58:51,737 - root - INFO - validate roc_auc, 0.7132
2025-10-01 01:58:51,737 - root - INFO - new node validate loss: 0.7748
2025-10-01 01:58:51,738 - root - INFO - new node validate average_precision, 0.6673
2025-10-01 01:58:51,738 - root - INFO - new node validate roc_auc, 0.6757
2025-10-01 01:59:04,930 - root - INFO - test loss: 0.7786
2025-10-01 01:59:04,931 - root - INFO - test average_precision, 0.6766
2025-10-01 01:59:04,931 - root - INFO - best test average_precision: 0.6766
2025-10-01 01:59:04,931 - root - INFO - test roc_auc, 0.6698
2025-10-01 01:59:04,931 - root - INFO - new node test loss: 0.8856
2025-10-01 01:59:04,931 - root - INFO - new node test average_precision, 0.5931
2025-10-01 01:59:04,931 - root - INFO - new node test roc_auc, 0.5717
2025-10-01 01:59:04,931 - root - INFO - save model ./saved_models/TGAT/enron/TGAT_seed0/TGAT_seed0.pkl
2025-10-01 02:00:12,324 - root - INFO - Epoch: 42, learning rate: 0.0001, train loss: 0.3199
2025-10-01 02:00:12,324 - root - INFO - train average_precision, 0.9140
2025-10-01 02:00:12,324 - root - INFO - train roc_auc, 0.9285
2025-10-01 02:00:12,324 - root - INFO - validate loss: 0.7093
2025-10-01 02:00:12,324 - root - INFO - validate average_precision, 0.7046
2025-10-01 02:00:12,324 - root - INFO - validate roc_auc, 0.7112
2025-10-01 02:00:12,325 - root - INFO - new node validate loss: 0.7809
2025-10-01 02:00:12,325 - root - INFO - new node validate average_precision, 0.6686
2025-10-01 02:00:12,325 - root - INFO - new node validate roc_auc, 0.6724
2025-10-01 02:00:25,538 - root - INFO - test loss: 0.8007
2025-10-01 02:00:25,538 - root - INFO - test average_precision, 0.6752
2025-10-01 02:00:25,538 - root - INFO - best test average_precision: 0.6766
2025-10-01 02:00:25,538 - root - INFO - test roc_auc, 0.6680
2025-10-01 02:00:25,538 - root - INFO - new node test loss: 0.8911
2025-10-01 02:00:25,538 - root - INFO - new node test average_precision, 0.5967
2025-10-01 02:00:25,538 - root - INFO - new node test roc_auc, 0.5780
2025-10-01 02:01:32,741 - root - INFO - Epoch: 43, learning rate: 0.0001, train loss: 0.3147
2025-10-01 02:01:32,741 - root - INFO - train average_precision, 0.9164
2025-10-01 02:01:32,741 - root - INFO - train roc_auc, 0.9308
2025-10-01 02:01:32,741 - root - INFO - validate loss: 0.7227
2025-10-01 02:01:32,741 - root - INFO - validate average_precision, 0.7043
2025-10-01 02:01:32,741 - root - INFO - validate roc_auc, 0.7109
2025-10-01 02:01:32,741 - root - INFO - new node validate loss: 0.7914
2025-10-01 02:01:32,741 - root - INFO - new node validate average_precision, 0.6683
2025-10-01 02:01:32,741 - root - INFO - new node validate roc_auc, 0.6701
2025-10-01 02:01:45,936 - root - INFO - test loss: 0.8114
2025-10-01 02:01:45,936 - root - INFO - test average_precision, 0.6745
2025-10-01 02:01:45,936 - root - INFO - best test average_precision: 0.6766
2025-10-01 02:01:45,936 - root - INFO - test roc_auc, 0.6680
2025-10-01 02:01:45,936 - root - INFO - new node test loss: 0.9108
2025-10-01 02:01:45,936 - root - INFO - new node test average_precision, 0.5926
2025-10-01 02:01:45,936 - root - INFO - new node test roc_auc, 0.5758
2025-10-01 02:02:53,292 - root - INFO - Epoch: 44, learning rate: 0.0001, train loss: 0.3126
2025-10-01 02:02:53,292 - root - INFO - train average_precision, 0.9168
2025-10-01 02:02:53,292 - root - INFO - train roc_auc, 0.9318
2025-10-01 02:02:53,292 - root - INFO - validate loss: 0.7290
2025-10-01 02:02:53,292 - root - INFO - validate average_precision, 0.7027
2025-10-01 02:02:53,292 - root - INFO - validate roc_auc, 0.7100
2025-10-01 02:02:53,292 - root - INFO - new node validate loss: 0.8034
2025-10-01 02:02:53,292 - root - INFO - new node validate average_precision, 0.6625
2025-10-01 02:02:53,292 - root - INFO - new node validate roc_auc, 0.6680
2025-10-01 02:03:06,510 - root - INFO - test loss: 0.8172
2025-10-01 02:03:06,511 - root - INFO - test average_precision, 0.6716
2025-10-01 02:03:06,511 - root - INFO - best test average_precision: 0.6766
2025-10-01 02:03:06,511 - root - INFO - test roc_auc, 0.6654
2025-10-01 02:03:06,511 - root - INFO - new node test loss: 0.9129
2025-10-01 02:03:06,511 - root - INFO - new node test average_precision, 0.5921
2025-10-01 02:03:06,511 - root - INFO - new node test roc_auc, 0.5710
2025-10-01 02:04:13,798 - root - INFO - Epoch: 45, learning rate: 0.0001, train loss: 0.3095
2025-10-01 02:04:13,798 - root - INFO - train average_precision, 0.9182
2025-10-01 02:04:13,798 - root - INFO - train roc_auc, 0.9328
2025-10-01 02:04:13,798 - root - INFO - validate loss: 0.7303
2025-10-01 02:04:13,798 - root - INFO - validate average_precision, 0.7056
2025-10-01 02:04:13,798 - root - INFO - validate roc_auc, 0.7122
2025-10-01 02:04:13,798 - root - INFO - new node validate loss: 0.8058
2025-10-01 02:04:13,798 - root - INFO - new node validate average_precision, 0.6646
2025-10-01 02:04:13,798 - root - INFO - new node validate roc_auc, 0.6685
2025-10-01 02:04:27,017 - root - INFO - test loss: 0.8043
2025-10-01 02:04:27,017 - root - INFO - test average_precision, 0.6778
2025-10-01 02:04:27,017 - root - INFO - best test average_precision: 0.6778
2025-10-01 02:04:27,017 - root - INFO - test roc_auc, 0.6732
2025-10-01 02:04:27,017 - root - INFO - new node test loss: 0.9097
2025-10-01 02:04:27,018 - root - INFO - new node test average_precision, 0.5975
2025-10-01 02:04:27,018 - root - INFO - new node test roc_auc, 0.5767
2025-10-01 02:05:34,197 - root - INFO - Epoch: 46, learning rate: 0.0001, train loss: 0.3035
2025-10-01 02:05:34,197 - root - INFO - train average_precision, 0.9205
2025-10-01 02:05:34,197 - root - INFO - train roc_auc, 0.9351
2025-10-01 02:05:34,197 - root - INFO - validate loss: 0.7316
2025-10-01 02:05:34,197 - root - INFO - validate average_precision, 0.7103
2025-10-01 02:05:34,197 - root - INFO - validate roc_auc, 0.7152
2025-10-01 02:05:34,197 - root - INFO - new node validate loss: 0.8025
2025-10-01 02:05:34,198 - root - INFO - new node validate average_precision, 0.6698
2025-10-01 02:05:34,198 - root - INFO - new node validate roc_auc, 0.6733
2025-10-01 02:05:47,372 - root - INFO - test loss: 0.8208
2025-10-01 02:05:47,372 - root - INFO - test average_precision, 0.6771
2025-10-01 02:05:47,373 - root - INFO - best test average_precision: 0.6778
2025-10-01 02:05:47,373 - root - INFO - test roc_auc, 0.6705
2025-10-01 02:05:47,373 - root - INFO - new node test loss: 0.9142
2025-10-01 02:05:47,373 - root - INFO - new node test average_precision, 0.6000
2025-10-01 02:05:47,373 - root - INFO - new node test roc_auc, 0.5845
2025-10-01 02:05:47,373 - root - INFO - save model ./saved_models/TGAT/enron/TGAT_seed0/TGAT_seed0.pkl
2025-10-01 02:06:54,560 - root - INFO - Epoch: 47, learning rate: 0.0001, train loss: 0.3043
2025-10-01 02:06:54,561 - root - INFO - train average_precision, 0.9210
2025-10-01 02:06:54,561 - root - INFO - train roc_auc, 0.9353
2025-10-01 02:06:54,561 - root - INFO - validate loss: 0.7473
2025-10-01 02:06:54,561 - root - INFO - validate average_precision, 0.7021
2025-10-01 02:06:54,561 - root - INFO - validate roc_auc, 0.7079
2025-10-01 02:06:54,561 - root - INFO - new node validate loss: 0.8002
2025-10-01 02:06:54,561 - root - INFO - new node validate average_precision, 0.6669
2025-10-01 02:06:54,561 - root - INFO - new node validate roc_auc, 0.6720
2025-10-01 02:07:07,737 - root - INFO - test loss: 0.8234
2025-10-01 02:07:07,737 - root - INFO - test average_precision, 0.6771
2025-10-01 02:07:07,737 - root - INFO - best test average_precision: 0.6778
2025-10-01 02:07:07,737 - root - INFO - test roc_auc, 0.6726
2025-10-01 02:07:07,737 - root - INFO - new node test loss: 0.9195
2025-10-01 02:07:07,737 - root - INFO - new node test average_precision, 0.5991
2025-10-01 02:07:07,737 - root - INFO - new node test roc_auc, 0.5799
2025-10-01 02:08:14,810 - root - INFO - Epoch: 48, learning rate: 0.0001, train loss: 0.2982
2025-10-01 02:08:14,811 - root - INFO - train average_precision, 0.9225
2025-10-01 02:08:14,811 - root - INFO - train roc_auc, 0.9372
2025-10-01 02:08:14,811 - root - INFO - validate loss: 0.7554
2025-10-01 02:08:14,811 - root - INFO - validate average_precision, 0.7050
2025-10-01 02:08:14,811 - root - INFO - validate roc_auc, 0.7107
2025-10-01 02:08:14,811 - root - INFO - new node validate loss: 0.8190
2025-10-01 02:08:14,811 - root - INFO - new node validate average_precision, 0.6631
2025-10-01 02:08:14,811 - root - INFO - new node validate roc_auc, 0.6691
2025-10-01 02:08:27,982 - root - INFO - test loss: 0.8239
2025-10-01 02:08:27,982 - root - INFO - test average_precision, 0.6797
2025-10-01 02:08:27,982 - root - INFO - best test average_precision: 0.6797
2025-10-01 02:08:27,982 - root - INFO - test roc_auc, 0.6741
2025-10-01 02:08:27,982 - root - INFO - new node test loss: 0.9339
2025-10-01 02:08:27,982 - root - INFO - new node test average_precision, 0.5949
2025-10-01 02:08:27,982 - root - INFO - new node test roc_auc, 0.5791
2025-10-01 02:09:35,114 - root - INFO - Epoch: 49, learning rate: 0.0001, train loss: 0.2980
2025-10-01 02:09:35,115 - root - INFO - train average_precision, 0.9225
2025-10-01 02:09:35,115 - root - INFO - train roc_auc, 0.9374
2025-10-01 02:09:35,115 - root - INFO - validate loss: 0.7661
2025-10-01 02:09:35,115 - root - INFO - validate average_precision, 0.7015
2025-10-01 02:09:35,115 - root - INFO - validate roc_auc, 0.7098
2025-10-01 02:09:35,115 - root - INFO - new node validate loss: 0.8190
2025-10-01 02:09:35,115 - root - INFO - new node validate average_precision, 0.6610
2025-10-01 02:09:35,115 - root - INFO - new node validate roc_auc, 0.6687
2025-10-01 02:09:48,318 - root - INFO - test loss: 0.8454
2025-10-01 02:09:48,318 - root - INFO - test average_precision, 0.6706
2025-10-01 02:09:48,318 - root - INFO - best test average_precision: 0.6797
2025-10-01 02:09:48,318 - root - INFO - test roc_auc, 0.6664
2025-10-01 02:09:48,318 - root - INFO - new node test loss: 0.9493
2025-10-01 02:09:48,318 - root - INFO - new node test average_precision, 0.5902
2025-10-01 02:09:48,318 - root - INFO - new node test roc_auc, 0.5721
2025-10-01 02:10:55,411 - root - INFO - Epoch: 50, learning rate: 0.0001, train loss: 0.2948
2025-10-01 02:10:55,412 - root - INFO - train average_precision, 0.9242
2025-10-01 02:10:55,412 - root - INFO - train roc_auc, 0.9389
2025-10-01 02:10:55,412 - root - INFO - validate loss: 0.7675
2025-10-01 02:10:55,412 - root - INFO - validate average_precision, 0.7021
2025-10-01 02:10:55,412 - root - INFO - validate roc_auc, 0.7121
2025-10-01 02:10:55,412 - root - INFO - new node validate loss: 0.8413
2025-10-01 02:10:55,412 - root - INFO - new node validate average_precision, 0.6605
2025-10-01 02:10:55,412 - root - INFO - new node validate roc_auc, 0.6668
2025-10-01 02:11:08,610 - root - INFO - test loss: 0.8535
2025-10-01 02:11:08,611 - root - INFO - test average_precision, 0.6739
2025-10-01 02:11:08,611 - root - INFO - best test average_precision: 0.6797
2025-10-01 02:11:08,611 - root - INFO - test roc_auc, 0.6707
2025-10-01 02:11:08,611 - root - INFO - new node test loss: 0.9753
2025-10-01 02:11:08,611 - root - INFO - new node test average_precision, 0.5951
2025-10-01 02:11:08,611 - root - INFO - new node test roc_auc, 0.5793
2025-10-01 02:12:15,663 - root - INFO - Epoch: 51, learning rate: 0.0001, train loss: 0.2893
2025-10-01 02:12:15,664 - root - INFO - train average_precision, 0.9253
2025-10-01 02:12:15,664 - root - INFO - train roc_auc, 0.9402
2025-10-01 02:12:15,664 - root - INFO - validate loss: 0.7607
2025-10-01 02:12:15,664 - root - INFO - validate average_precision, 0.7075
2025-10-01 02:12:15,664 - root - INFO - validate roc_auc, 0.7169
2025-10-01 02:12:15,664 - root - INFO - new node validate loss: 0.8337
2025-10-01 02:12:15,664 - root - INFO - new node validate average_precision, 0.6649
2025-10-01 02:12:15,664 - root - INFO - new node validate roc_auc, 0.6756
2025-10-01 02:12:28,872 - root - INFO - test loss: 0.8696
2025-10-01 02:12:28,872 - root - INFO - test average_precision, 0.6780
2025-10-01 02:12:28,872 - root - INFO - best test average_precision: 0.6797
2025-10-01 02:12:28,872 - root - INFO - test roc_auc, 0.6749
2025-10-01 02:12:28,872 - root - INFO - new node test loss: 1.0069
2025-10-01 02:12:28,872 - root - INFO - new node test average_precision, 0.5917
2025-10-01 02:12:28,873 - root - INFO - new node test roc_auc, 0.5749
2025-10-01 02:13:35,986 - root - INFO - Epoch: 52, learning rate: 0.0001, train loss: 0.2880
2025-10-01 02:13:35,987 - root - INFO - train average_precision, 0.9264
2025-10-01 02:13:35,987 - root - INFO - train roc_auc, 0.9412
2025-10-01 02:13:35,987 - root - INFO - validate loss: 0.7765
2025-10-01 02:13:35,987 - root - INFO - validate average_precision, 0.7025
2025-10-01 02:13:35,987 - root - INFO - validate roc_auc, 0.7099
2025-10-01 02:13:35,987 - root - INFO - new node validate loss: 0.8454
2025-10-01 02:13:35,987 - root - INFO - new node validate average_precision, 0.6598
2025-10-01 02:13:35,987 - root - INFO - new node validate roc_auc, 0.6645
2025-10-01 02:13:49,180 - root - INFO - test loss: 0.8552
2025-10-01 02:13:49,180 - root - INFO - test average_precision, 0.6774
2025-10-01 02:13:49,180 - root - INFO - best test average_precision: 0.6797
2025-10-01 02:13:49,180 - root - INFO - test roc_auc, 0.6730
2025-10-01 02:13:49,180 - root - INFO - new node test loss: 0.9853
2025-10-01 02:13:49,180 - root - INFO - new node test average_precision, 0.5930
2025-10-01 02:13:49,180 - root - INFO - new node test roc_auc, 0.5748
2025-10-01 02:14:56,271 - root - INFO - Epoch: 53, learning rate: 0.0001, train loss: 0.2828
2025-10-01 02:14:56,272 - root - INFO - train average_precision, 0.9283
2025-10-01 02:14:56,272 - root - INFO - train roc_auc, 0.9428
2025-10-01 02:14:56,272 - root - INFO - validate loss: 0.7607
2025-10-01 02:14:56,272 - root - INFO - validate average_precision, 0.7054
2025-10-01 02:14:56,272 - root - INFO - validate roc_auc, 0.7137
2025-10-01 02:14:56,272 - root - INFO - new node validate loss: 0.8224
2025-10-01 02:14:56,272 - root - INFO - new node validate average_precision, 0.6632
2025-10-01 02:14:56,272 - root - INFO - new node validate roc_auc, 0.6734
2025-10-01 02:15:09,472 - root - INFO - test loss: 0.8534
2025-10-01 02:15:09,472 - root - INFO - test average_precision, 0.6724
2025-10-01 02:15:09,472 - root - INFO - best test average_precision: 0.6797
2025-10-01 02:15:09,472 - root - INFO - test roc_auc, 0.6677
2025-10-01 02:15:09,472 - root - INFO - new node test loss: 0.9720
2025-10-01 02:15:09,472 - root - INFO - new node test average_precision, 0.5936
2025-10-01 02:15:09,472 - root - INFO - new node test roc_auc, 0.5740
2025-10-01 02:16:16,648 - root - INFO - Epoch: 54, learning rate: 0.0001, train loss: 0.2802
2025-10-01 02:16:16,648 - root - INFO - train average_precision, 0.9294
2025-10-01 02:16:16,648 - root - INFO - train roc_auc, 0.9438
2025-10-01 02:16:16,648 - root - INFO - validate loss: 0.7755
2025-10-01 02:16:16,649 - root - INFO - validate average_precision, 0.7089
2025-10-01 02:16:16,649 - root - INFO - validate roc_auc, 0.7189
2025-10-01 02:16:16,649 - root - INFO - new node validate loss: 0.8435
2025-10-01 02:16:16,649 - root - INFO - new node validate average_precision, 0.6656
2025-10-01 02:16:16,649 - root - INFO - new node validate roc_auc, 0.6753
2025-10-01 02:16:29,829 - root - INFO - test loss: 0.8643
2025-10-01 02:16:29,829 - root - INFO - test average_precision, 0.6755
2025-10-01 02:16:29,829 - root - INFO - best test average_precision: 0.6797
2025-10-01 02:16:29,829 - root - INFO - test roc_auc, 0.6717
2025-10-01 02:16:29,829 - root - INFO - new node test loss: 1.0058
2025-10-01 02:16:29,829 - root - INFO - new node test average_precision, 0.5927
2025-10-01 02:16:29,829 - root - INFO - new node test roc_auc, 0.5694
2025-10-01 02:17:37,104 - root - INFO - Epoch: 55, learning rate: 0.0001, train loss: 0.2777
2025-10-01 02:17:37,104 - root - INFO - train average_precision, 0.9303
2025-10-01 02:17:37,104 - root - INFO - train roc_auc, 0.9448
2025-10-01 02:17:37,105 - root - INFO - validate loss: 0.7779
2025-10-01 02:17:37,105 - root - INFO - validate average_precision, 0.7084
2025-10-01 02:17:37,105 - root - INFO - validate roc_auc, 0.7155
2025-10-01 02:17:37,105 - root - INFO - new node validate loss: 0.8389
2025-10-01 02:17:37,105 - root - INFO - new node validate average_precision, 0.6640
2025-10-01 02:17:37,105 - root - INFO - new node validate roc_auc, 0.6758
2025-10-01 02:17:50,292 - root - INFO - test loss: 0.8871
2025-10-01 02:17:50,293 - root - INFO - test average_precision, 0.6716
2025-10-01 02:17:50,293 - root - INFO - best test average_precision: 0.6797
2025-10-01 02:17:50,293 - root - INFO - test roc_auc, 0.6670
2025-10-01 02:17:50,293 - root - INFO - new node test loss: 1.0411
2025-10-01 02:17:50,293 - root - INFO - new node test average_precision, 0.5874
2025-10-01 02:17:50,293 - root - INFO - new node test roc_auc, 0.5664
2025-10-01 02:18:57,577 - root - INFO - Epoch: 56, learning rate: 0.0001, train loss: 0.2756
2025-10-01 02:18:57,578 - root - INFO - train average_precision, 0.9307
2025-10-01 02:18:57,578 - root - INFO - train roc_auc, 0.9452
2025-10-01 02:18:57,578 - root - INFO - validate loss: 0.7727
2025-10-01 02:18:57,578 - root - INFO - validate average_precision, 0.7090
2025-10-01 02:18:57,578 - root - INFO - validate roc_auc, 0.7184
2025-10-01 02:18:57,578 - root - INFO - new node validate loss: 0.8346
2025-10-01 02:18:57,578 - root - INFO - new node validate average_precision, 0.6644
2025-10-01 02:18:57,578 - root - INFO - new node validate roc_auc, 0.6765
2025-10-01 02:19:10,745 - root - INFO - test loss: 0.8840
2025-10-01 02:19:10,745 - root - INFO - test average_precision, 0.6723
2025-10-01 02:19:10,745 - root - INFO - best test average_precision: 0.6797
2025-10-01 02:19:10,745 - root - INFO - test roc_auc, 0.6700
2025-10-01 02:19:10,745 - root - INFO - new node test loss: 1.0439
2025-10-01 02:19:10,746 - root - INFO - new node test average_precision, 0.5885
2025-10-01 02:19:10,746 - root - INFO - new node test roc_auc, 0.5678
2025-10-01 02:20:18,126 - root - INFO - Epoch: 57, learning rate: 0.0001, train loss: 0.2741
2025-10-01 02:20:18,126 - root - INFO - train average_precision, 0.9316
2025-10-01 02:20:18,127 - root - INFO - train roc_auc, 0.9457
2025-10-01 02:20:18,127 - root - INFO - validate loss: 0.7955
2025-10-01 02:20:18,127 - root - INFO - validate average_precision, 0.7054
2025-10-01 02:20:18,127 - root - INFO - validate roc_auc, 0.7130
2025-10-01 02:20:18,127 - root - INFO - new node validate loss: 0.8497
2025-10-01 02:20:18,127 - root - INFO - new node validate average_precision, 0.6629
2025-10-01 02:20:18,127 - root - INFO - new node validate roc_auc, 0.6762
2025-10-01 02:20:31,331 - root - INFO - test loss: 0.8914
2025-10-01 02:20:31,331 - root - INFO - test average_precision, 0.6734
2025-10-01 02:20:31,332 - root - INFO - best test average_precision: 0.6797
2025-10-01 02:20:31,332 - root - INFO - test roc_auc, 0.6707
2025-10-01 02:20:31,332 - root - INFO - new node test loss: 1.0423
2025-10-01 02:20:31,332 - root - INFO - new node test average_precision, 0.5897
2025-10-01 02:20:31,332 - root - INFO - new node test roc_auc, 0.5697
2025-10-01 02:21:38,431 - root - INFO - Epoch: 58, learning rate: 0.0001, train loss: 0.2719
2025-10-01 02:21:38,431 - root - INFO - train average_precision, 0.9312
2025-10-01 02:21:38,431 - root - INFO - train roc_auc, 0.9462
2025-10-01 02:21:38,431 - root - INFO - validate loss: 0.7747
2025-10-01 02:21:38,431 - root - INFO - validate average_precision, 0.7071
2025-10-01 02:21:38,431 - root - INFO - validate roc_auc, 0.7146
2025-10-01 02:21:38,432 - root - INFO - new node validate loss: 0.8317
2025-10-01 02:21:38,432 - root - INFO - new node validate average_precision, 0.6606
2025-10-01 02:21:38,432 - root - INFO - new node validate roc_auc, 0.6708
2025-10-01 02:21:51,612 - root - INFO - test loss: 0.8885
2025-10-01 02:21:51,613 - root - INFO - test average_precision, 0.6759
2025-10-01 02:21:51,613 - root - INFO - best test average_precision: 0.6797
2025-10-01 02:21:51,613 - root - INFO - test roc_auc, 0.6715
2025-10-01 02:21:51,613 - root - INFO - new node test loss: 1.0193
2025-10-01 02:21:51,613 - root - INFO - new node test average_precision, 0.5978
2025-10-01 02:21:51,613 - root - INFO - new node test roc_auc, 0.5745
2025-10-01 02:22:59,254 - root - INFO - Epoch: 59, learning rate: 0.0001, train loss: 0.2707
2025-10-01 02:22:59,254 - root - INFO - train average_precision, 0.9326
2025-10-01 02:22:59,254 - root - INFO - train roc_auc, 0.9470
2025-10-01 02:22:59,254 - root - INFO - validate loss: 0.7624
2025-10-01 02:22:59,254 - root - INFO - validate average_precision, 0.7078
2025-10-01 02:22:59,254 - root - INFO - validate roc_auc, 0.7169
2025-10-01 02:22:59,254 - root - INFO - new node validate loss: 0.8301
2025-10-01 02:22:59,255 - root - INFO - new node validate average_precision, 0.6631
2025-10-01 02:22:59,255 - root - INFO - new node validate roc_auc, 0.6762
2025-10-01 02:23:12,436 - root - INFO - test loss: 0.8982
2025-10-01 02:23:12,436 - root - INFO - test average_precision, 0.6661
2025-10-01 02:23:12,436 - root - INFO - best test average_precision: 0.6797
2025-10-01 02:23:12,436 - root - INFO - test roc_auc, 0.6629
2025-10-01 02:23:12,436 - root - INFO - new node test loss: 1.0368
2025-10-01 02:23:12,436 - root - INFO - new node test average_precision, 0.5846
2025-10-01 02:23:12,436 - root - INFO - new node test roc_auc, 0.5647
2025-10-01 02:24:19,729 - root - INFO - Epoch: 60, learning rate: 0.0001, train loss: 0.2665
2025-10-01 02:24:19,729 - root - INFO - train average_precision, 0.9335
2025-10-01 02:24:19,729 - root - INFO - train roc_auc, 0.9480
2025-10-01 02:24:19,729 - root - INFO - validate loss: 0.7962
2025-10-01 02:24:19,729 - root - INFO - validate average_precision, 0.7092
2025-10-01 02:24:19,729 - root - INFO - validate roc_auc, 0.7143
2025-10-01 02:24:19,729 - root - INFO - new node validate loss: 0.8713
2025-10-01 02:24:19,729 - root - INFO - new node validate average_precision, 0.6589
2025-10-01 02:24:19,729 - root - INFO - new node validate roc_auc, 0.6704
2025-10-01 02:24:32,910 - root - INFO - test loss: 0.8878
2025-10-01 02:24:32,910 - root - INFO - test average_precision, 0.6741
2025-10-01 02:24:32,910 - root - INFO - best test average_precision: 0.6797
2025-10-01 02:24:32,910 - root - INFO - test roc_auc, 0.6704
2025-10-01 02:24:32,910 - root - INFO - new node test loss: 1.0424
2025-10-01 02:24:32,910 - root - INFO - new node test average_precision, 0.5898
2025-10-01 02:24:32,910 - root - INFO - new node test roc_auc, 0.5694
2025-10-01 02:25:40,514 - root - INFO - Epoch: 61, learning rate: 0.0001, train loss: 0.2639
2025-10-01 02:25:40,515 - root - INFO - train average_precision, 0.9352
2025-10-01 02:25:40,515 - root - INFO - train roc_auc, 0.9493
2025-10-01 02:25:40,515 - root - INFO - validate loss: 0.8088
2025-10-01 02:25:40,515 - root - INFO - validate average_precision, 0.7092
2025-10-01 02:25:40,515 - root - INFO - validate roc_auc, 0.7185
2025-10-01 02:25:40,515 - root - INFO - new node validate loss: 0.8784
2025-10-01 02:25:40,515 - root - INFO - new node validate average_precision, 0.6635
2025-10-01 02:25:40,515 - root - INFO - new node validate roc_auc, 0.6776
2025-10-01 02:25:53,690 - root - INFO - test loss: 0.8928
2025-10-01 02:25:53,690 - root - INFO - test average_precision, 0.6718
2025-10-01 02:25:53,691 - root - INFO - best test average_precision: 0.6797
2025-10-01 02:25:53,691 - root - INFO - test roc_auc, 0.6725
2025-10-01 02:25:53,691 - root - INFO - new node test loss: 1.0870
2025-10-01 02:25:53,691 - root - INFO - new node test average_precision, 0.5806
2025-10-01 02:25:53,691 - root - INFO - new node test roc_auc, 0.5600
2025-10-01 02:27:00,979 - root - INFO - Epoch: 62, learning rate: 0.0001, train loss: 0.2605
2025-10-01 02:27:00,979 - root - INFO - train average_precision, 0.9368
2025-10-01 02:27:00,979 - root - INFO - train roc_auc, 0.9502
2025-10-01 02:27:00,979 - root - INFO - validate loss: 0.8118
2025-10-01 02:27:00,979 - root - INFO - validate average_precision, 0.7038
2025-10-01 02:27:00,980 - root - INFO - validate roc_auc, 0.7113
2025-10-01 02:27:00,980 - root - INFO - new node validate loss: 0.8742
2025-10-01 02:27:00,980 - root - INFO - new node validate average_precision, 0.6573
2025-10-01 02:27:00,980 - root - INFO - new node validate roc_auc, 0.6687
2025-10-01 02:27:14,195 - root - INFO - test loss: 0.9384
2025-10-01 02:27:14,195 - root - INFO - test average_precision, 0.6633
2025-10-01 02:27:14,195 - root - INFO - best test average_precision: 0.6797
2025-10-01 02:27:14,195 - root - INFO - test roc_auc, 0.6606
2025-10-01 02:27:14,195 - root - INFO - new node test loss: 1.1022
2025-10-01 02:27:14,195 - root - INFO - new node test average_precision, 0.5855
2025-10-01 02:27:14,195 - root - INFO - new node test roc_auc, 0.5619
2025-10-01 02:28:21,439 - root - INFO - Epoch: 63, learning rate: 0.0001, train loss: 0.2561
2025-10-01 02:28:21,440 - root - INFO - train average_precision, 0.9374
2025-10-01 02:28:21,440 - root - INFO - train roc_auc, 0.9516
2025-10-01 02:28:21,440 - root - INFO - validate loss: 0.8049
2025-10-01 02:28:21,440 - root - INFO - validate average_precision, 0.7077
2025-10-01 02:28:21,440 - root - INFO - validate roc_auc, 0.7148
2025-10-01 02:28:21,440 - root - INFO - new node validate loss: 0.8657
2025-10-01 02:28:21,440 - root - INFO - new node validate average_precision, 0.6599
2025-10-01 02:28:21,440 - root - INFO - new node validate roc_auc, 0.6728
2025-10-01 02:28:34,685 - root - INFO - test loss: 0.9218
2025-10-01 02:28:34,685 - root - INFO - test average_precision, 0.6664
2025-10-01 02:28:34,685 - root - INFO - best test average_precision: 0.6797
2025-10-01 02:28:34,686 - root - INFO - test roc_auc, 0.6646
2025-10-01 02:28:34,686 - root - INFO - new node test loss: 1.0933
2025-10-01 02:28:34,686 - root - INFO - new node test average_precision, 0.5774
2025-10-01 02:28:34,686 - root - INFO - new node test roc_auc, 0.5581
2025-10-01 02:29:42,032 - root - INFO - Epoch: 64, learning rate: 0.0001, train loss: 0.2562
2025-10-01 02:29:42,032 - root - INFO - train average_precision, 0.9367
2025-10-01 02:29:42,032 - root - INFO - train roc_auc, 0.9512
2025-10-01 02:29:42,032 - root - INFO - validate loss: 0.8165
2025-10-01 02:29:42,032 - root - INFO - validate average_precision, 0.7062
2025-10-01 02:29:42,032 - root - INFO - validate roc_auc, 0.7132
2025-10-01 02:29:42,032 - root - INFO - new node validate loss: 0.8807
2025-10-01 02:29:42,032 - root - INFO - new node validate average_precision, 0.6582
2025-10-01 02:29:42,032 - root - INFO - new node validate roc_auc, 0.6713
2025-10-01 02:29:55,223 - root - INFO - test loss: 0.8939
2025-10-01 02:29:55,224 - root - INFO - test average_precision, 0.6708
2025-10-01 02:29:55,224 - root - INFO - best test average_precision: 0.6797
2025-10-01 02:29:55,224 - root - INFO - test roc_auc, 0.6716
2025-10-01 02:29:55,224 - root - INFO - new node test loss: 1.0575
2025-10-01 02:29:55,224 - root - INFO - new node test average_precision, 0.5828
2025-10-01 02:29:55,224 - root - INFO - new node test roc_auc, 0.5648
2025-10-01 02:31:02,383 - root - INFO - Epoch: 65, learning rate: 0.0001, train loss: 0.2516
2025-10-01 02:31:02,384 - root - INFO - train average_precision, 0.9389
2025-10-01 02:31:02,384 - root - INFO - train roc_auc, 0.9530
2025-10-01 02:31:02,384 - root - INFO - validate loss: 0.7958
2025-10-01 02:31:02,384 - root - INFO - validate average_precision, 0.7114
2025-10-01 02:31:02,384 - root - INFO - validate roc_auc, 0.7217
2025-10-01 02:31:02,384 - root - INFO - new node validate loss: 0.8631
2025-10-01 02:31:02,384 - root - INFO - new node validate average_precision, 0.6648
2025-10-01 02:31:02,384 - root - INFO - new node validate roc_auc, 0.6814
2025-10-01 02:31:15,601 - root - INFO - test loss: 0.9108
2025-10-01 02:31:15,601 - root - INFO - test average_precision, 0.6714
2025-10-01 02:31:15,602 - root - INFO - best test average_precision: 0.6797
2025-10-01 02:31:15,602 - root - INFO - test roc_auc, 0.6715
2025-10-01 02:31:15,602 - root - INFO - new node test loss: 1.0880
2025-10-01 02:31:15,602 - root - INFO - new node test average_precision, 0.5879
2025-10-01 02:31:15,602 - root - INFO - new node test roc_auc, 0.5690
2025-10-01 02:31:15,602 - root - INFO - save model ./saved_models/TGAT/enron/TGAT_seed0/TGAT_seed0.pkl
2025-10-01 02:32:22,849 - root - INFO - Epoch: 66, learning rate: 0.0001, train loss: 0.2496
2025-10-01 02:32:22,850 - root - INFO - train average_precision, 0.9401
2025-10-01 02:32:22,850 - root - INFO - train roc_auc, 0.9536
2025-10-01 02:32:22,850 - root - INFO - validate loss: 0.8390
2025-10-01 02:32:22,850 - root - INFO - validate average_precision, 0.7090
2025-10-01 02:32:22,850 - root - INFO - validate roc_auc, 0.7180
2025-10-01 02:32:22,850 - root - INFO - new node validate loss: 0.9329
2025-10-01 02:32:22,850 - root - INFO - new node validate average_precision, 0.6611
2025-10-01 02:32:22,850 - root - INFO - new node validate roc_auc, 0.6725
2025-10-01 02:32:36,050 - root - INFO - test loss: 0.9199
2025-10-01 02:32:36,050 - root - INFO - test average_precision, 0.6776
2025-10-01 02:32:36,050 - root - INFO - best test average_precision: 0.6797
2025-10-01 02:32:36,050 - root - INFO - test roc_auc, 0.6797
2025-10-01 02:32:36,050 - root - INFO - new node test loss: 1.1208
2025-10-01 02:32:36,050 - root - INFO - new node test average_precision, 0.5890
2025-10-01 02:32:36,050 - root - INFO - new node test roc_auc, 0.5723
2025-10-01 02:33:43,220 - root - INFO - Epoch: 67, learning rate: 0.0001, train loss: 0.2487
2025-10-01 02:33:43,221 - root - INFO - train average_precision, 0.9395
2025-10-01 02:33:43,221 - root - INFO - train roc_auc, 0.9538
2025-10-01 02:33:43,221 - root - INFO - validate loss: 0.8307
2025-10-01 02:33:43,221 - root - INFO - validate average_precision, 0.7095
2025-10-01 02:33:43,221 - root - INFO - validate roc_auc, 0.7181
2025-10-01 02:33:43,221 - root - INFO - new node validate loss: 0.9011
2025-10-01 02:33:43,221 - root - INFO - new node validate average_precision, 0.6586
2025-10-01 02:33:43,221 - root - INFO - new node validate roc_auc, 0.6715
2025-10-01 02:33:56,429 - root - INFO - test loss: 0.9518
2025-10-01 02:33:56,429 - root - INFO - test average_precision, 0.6711
2025-10-01 02:33:56,429 - root - INFO - best test average_precision: 0.6797
2025-10-01 02:33:56,429 - root - INFO - test roc_auc, 0.6694
2025-10-01 02:33:56,429 - root - INFO - new node test loss: 1.1387
2025-10-01 02:33:56,429 - root - INFO - new node test average_precision, 0.5810
2025-10-01 02:33:56,429 - root - INFO - new node test roc_auc, 0.5613
2025-10-01 02:35:03,516 - root - INFO - Epoch: 68, learning rate: 0.0001, train loss: 0.2458
2025-10-01 02:35:03,517 - root - INFO - train average_precision, 0.9410
2025-10-01 02:35:03,517 - root - INFO - train roc_auc, 0.9547
2025-10-01 02:35:03,517 - root - INFO - validate loss: 0.8054
2025-10-01 02:35:03,517 - root - INFO - validate average_precision, 0.7111
2025-10-01 02:35:03,517 - root - INFO - validate roc_auc, 0.7190
2025-10-01 02:35:03,517 - root - INFO - new node validate loss: 0.8868
2025-10-01 02:35:03,517 - root - INFO - new node validate average_precision, 0.6615
2025-10-01 02:35:03,517 - root - INFO - new node validate roc_auc, 0.6767
2025-10-01 02:35:16,749 - root - INFO - test loss: 0.9388
2025-10-01 02:35:16,749 - root - INFO - test average_precision, 0.6689
2025-10-01 02:35:16,749 - root - INFO - best test average_precision: 0.6797
2025-10-01 02:35:16,749 - root - INFO - test roc_auc, 0.6672
2025-10-01 02:35:16,749 - root - INFO - new node test loss: 1.1291
2025-10-01 02:35:16,749 - root - INFO - new node test average_precision, 0.5841
2025-10-01 02:35:16,749 - root - INFO - new node test roc_auc, 0.5638
2025-10-01 02:36:24,139 - root - INFO - Epoch: 69, learning rate: 0.0001, train loss: 0.2452
2025-10-01 02:36:24,139 - root - INFO - train average_precision, 0.9416
2025-10-01 02:36:24,139 - root - INFO - train roc_auc, 0.9553
2025-10-01 02:36:24,139 - root - INFO - validate loss: 0.8102
2025-10-01 02:36:24,139 - root - INFO - validate average_precision, 0.7090
2025-10-01 02:36:24,139 - root - INFO - validate roc_auc, 0.7170
2025-10-01 02:36:24,139 - root - INFO - new node validate loss: 0.8791
2025-10-01 02:36:24,140 - root - INFO - new node validate average_precision, 0.6582
2025-10-01 02:36:24,140 - root - INFO - new node validate roc_auc, 0.6735
2025-10-01 02:36:37,406 - root - INFO - test loss: 0.9530
2025-10-01 02:36:37,406 - root - INFO - test average_precision, 0.6609
2025-10-01 02:36:37,406 - root - INFO - best test average_precision: 0.6797
2025-10-01 02:36:37,406 - root - INFO - test roc_auc, 0.6603
2025-10-01 02:36:37,406 - root - INFO - new node test loss: 1.1242
2025-10-01 02:36:37,406 - root - INFO - new node test average_precision, 0.5783
2025-10-01 02:36:37,406 - root - INFO - new node test roc_auc, 0.5566
2025-10-01 02:37:44,589 - root - INFO - Epoch: 70, learning rate: 0.0001, train loss: 0.2422
2025-10-01 02:37:44,589 - root - INFO - train average_precision, 0.9424
2025-10-01 02:37:44,589 - root - INFO - train roc_auc, 0.9558
2025-10-01 02:37:44,589 - root - INFO - validate loss: 0.8400
2025-10-01 02:37:44,589 - root - INFO - validate average_precision, 0.7088
2025-10-01 02:37:44,589 - root - INFO - validate roc_auc, 0.7138
2025-10-01 02:37:44,589 - root - INFO - new node validate loss: 0.9150
2025-10-01 02:37:44,589 - root - INFO - new node validate average_precision, 0.6579
2025-10-01 02:37:44,590 - root - INFO - new node validate roc_auc, 0.6698
2025-10-01 02:37:57,822 - root - INFO - test loss: 0.9360
2025-10-01 02:37:57,822 - root - INFO - test average_precision, 0.6724
2025-10-01 02:37:57,822 - root - INFO - best test average_precision: 0.6797
2025-10-01 02:37:57,822 - root - INFO - test roc_auc, 0.6707
2025-10-01 02:37:57,822 - root - INFO - new node test loss: 1.1246
2025-10-01 02:37:57,822 - root - INFO - new node test average_precision, 0.5857
2025-10-01 02:37:57,822 - root - INFO - new node test roc_auc, 0.5653
2025-10-01 02:39:05,076 - root - INFO - Epoch: 71, learning rate: 0.0001, train loss: 0.2424
2025-10-01 02:39:05,076 - root - INFO - train average_precision, 0.9417
2025-10-01 02:39:05,076 - root - INFO - train roc_auc, 0.9556
2025-10-01 02:39:05,076 - root - INFO - validate loss: 0.8783
2025-10-01 02:39:05,076 - root - INFO - validate average_precision, 0.7051
2025-10-01 02:39:05,076 - root - INFO - validate roc_auc, 0.7146
2025-10-01 02:39:05,076 - root - INFO - new node validate loss: 0.9686
2025-10-01 02:39:05,076 - root - INFO - new node validate average_precision, 0.6507
2025-10-01 02:39:05,076 - root - INFO - new node validate roc_auc, 0.6636
2025-10-01 02:39:18,323 - root - INFO - test loss: 0.9607
2025-10-01 02:39:18,323 - root - INFO - test average_precision, 0.6662
2025-10-01 02:39:18,323 - root - INFO - best test average_precision: 0.6797
2025-10-01 02:39:18,323 - root - INFO - test roc_auc, 0.6683
2025-10-01 02:39:18,323 - root - INFO - new node test loss: 1.1621
2025-10-01 02:39:18,323 - root - INFO - new node test average_precision, 0.5761
2025-10-01 02:39:18,323 - root - INFO - new node test roc_auc, 0.5557
2025-10-01 02:40:25,572 - root - INFO - Epoch: 72, learning rate: 0.0001, train loss: 0.2399
2025-10-01 02:40:25,572 - root - INFO - train average_precision, 0.9429
2025-10-01 02:40:25,573 - root - INFO - train roc_auc, 0.9566
2025-10-01 02:40:25,573 - root - INFO - validate loss: 0.8731
2025-10-01 02:40:25,573 - root - INFO - validate average_precision, 0.7100
2025-10-01 02:40:25,573 - root - INFO - validate roc_auc, 0.7197
2025-10-01 02:40:25,573 - root - INFO - new node validate loss: 0.9549
2025-10-01 02:40:25,573 - root - INFO - new node validate average_precision, 0.6600
2025-10-01 02:40:25,573 - root - INFO - new node validate roc_auc, 0.6741
2025-10-01 02:40:38,806 - root - INFO - test loss: 0.9695
2025-10-01 02:40:38,806 - root - INFO - test average_precision, 0.6684
2025-10-01 02:40:38,806 - root - INFO - best test average_precision: 0.6797
2025-10-01 02:40:38,806 - root - INFO - test roc_auc, 0.6697
2025-10-01 02:40:38,806 - root - INFO - new node test loss: 1.1876
2025-10-01 02:40:38,806 - root - INFO - new node test average_precision, 0.5785
2025-10-01 02:40:38,806 - root - INFO - new node test roc_auc, 0.5552
2025-10-01 02:41:46,130 - root - INFO - Epoch: 73, learning rate: 0.0001, train loss: 0.2376
2025-10-01 02:41:46,131 - root - INFO - train average_precision, 0.9431
2025-10-01 02:41:46,131 - root - INFO - train roc_auc, 0.9572
2025-10-01 02:41:46,131 - root - INFO - validate loss: 0.8079
2025-10-01 02:41:46,131 - root - INFO - validate average_precision, 0.7079
2025-10-01 02:41:46,131 - root - INFO - validate roc_auc, 0.7176
2025-10-01 02:41:46,131 - root - INFO - new node validate loss: 0.8776
2025-10-01 02:41:46,131 - root - INFO - new node validate average_precision, 0.6583
2025-10-01 02:41:46,131 - root - INFO - new node validate roc_auc, 0.6735
2025-10-01 02:41:59,347 - root - INFO - test loss: 0.9070
2025-10-01 02:41:59,347 - root - INFO - test average_precision, 0.6679
2025-10-01 02:41:59,347 - root - INFO - best test average_precision: 0.6797
2025-10-01 02:41:59,347 - root - INFO - test roc_auc, 0.6667
2025-10-01 02:41:59,347 - root - INFO - new node test loss: 1.0777
2025-10-01 02:41:59,347 - root - INFO - new node test average_precision, 0.5848
2025-10-01 02:41:59,347 - root - INFO - new node test roc_auc, 0.5600
2025-10-01 02:43:06,397 - root - INFO - Epoch: 74, learning rate: 0.0001, train loss: 0.2347
2025-10-01 02:43:06,398 - root - INFO - train average_precision, 0.9445
2025-10-01 02:43:06,398 - root - INFO - train roc_auc, 0.9580
2025-10-01 02:43:06,398 - root - INFO - validate loss: 0.8201
2025-10-01 02:43:06,398 - root - INFO - validate average_precision, 0.7134
2025-10-01 02:43:06,398 - root - INFO - validate roc_auc, 0.7217
2025-10-01 02:43:06,398 - root - INFO - new node validate loss: 0.9187
2025-10-01 02:43:06,398 - root - INFO - new node validate average_precision, 0.6601
2025-10-01 02:43:06,398 - root - INFO - new node validate roc_auc, 0.6726
2025-10-01 02:43:19,598 - root - INFO - test loss: 0.9538
2025-10-01 02:43:19,598 - root - INFO - test average_precision, 0.6694
2025-10-01 02:43:19,598 - root - INFO - best test average_precision: 0.6797
2025-10-01 02:43:19,598 - root - INFO - test roc_auc, 0.6680
2025-10-01 02:43:19,598 - root - INFO - new node test loss: 1.1485
2025-10-01 02:43:19,598 - root - INFO - new node test average_precision, 0.5825
2025-10-01 02:43:19,598 - root - INFO - new node test roc_auc, 0.5577
2025-10-01 02:43:19,598 - root - INFO - save model ./saved_models/TGAT/enron/TGAT_seed0/TGAT_seed0.pkl
2025-10-01 02:44:27,226 - root - INFO - Epoch: 75, learning rate: 0.0001, train loss: 0.2315
2025-10-01 02:44:27,226 - root - INFO - train average_precision, 0.9438
2025-10-01 02:44:27,227 - root - INFO - train roc_auc, 0.9585
2025-10-01 02:44:27,227 - root - INFO - validate loss: 0.8649
2025-10-01 02:44:27,227 - root - INFO - validate average_precision, 0.7098
2025-10-01 02:44:27,227 - root - INFO - validate roc_auc, 0.7202
2025-10-01 02:44:27,227 - root - INFO - new node validate loss: 0.9562
2025-10-01 02:44:27,227 - root - INFO - new node validate average_precision, 0.6592
2025-10-01 02:44:27,227 - root - INFO - new node validate roc_auc, 0.6743
2025-10-01 02:44:40,432 - root - INFO - test loss: 0.9920
2025-10-01 02:44:40,432 - root - INFO - test average_precision, 0.6679
2025-10-01 02:44:40,432 - root - INFO - best test average_precision: 0.6797
2025-10-01 02:44:40,432 - root - INFO - test roc_auc, 0.6688
2025-10-01 02:44:40,432 - root - INFO - new node test loss: 1.2186
2025-10-01 02:44:40,432 - root - INFO - new node test average_precision, 0.5797
2025-10-01 02:44:40,432 - root - INFO - new node test roc_auc, 0.5543
2025-10-01 02:45:47,652 - root - INFO - Epoch: 76, learning rate: 0.0001, train loss: 0.2298
2025-10-01 02:45:47,653 - root - INFO - train average_precision, 0.9465
2025-10-01 02:45:47,653 - root - INFO - train roc_auc, 0.9593
2025-10-01 02:45:47,653 - root - INFO - validate loss: 0.8631
2025-10-01 02:45:47,653 - root - INFO - validate average_precision, 0.7074
2025-10-01 02:45:47,653 - root - INFO - validate roc_auc, 0.7149
2025-10-01 02:45:47,653 - root - INFO - new node validate loss: 0.9470
2025-10-01 02:45:47,653 - root - INFO - new node validate average_precision, 0.6586
2025-10-01 02:45:47,653 - root - INFO - new node validate roc_auc, 0.6689
2025-10-01 02:46:00,852 - root - INFO - test loss: 0.9994
2025-10-01 02:46:00,852 - root - INFO - test average_precision, 0.6670
2025-10-01 02:46:00,852 - root - INFO - best test average_precision: 0.6797
2025-10-01 02:46:00,852 - root - INFO - test roc_auc, 0.6633
2025-10-01 02:46:00,852 - root - INFO - new node test loss: 1.2108
2025-10-01 02:46:00,852 - root - INFO - new node test average_precision, 0.5848
2025-10-01 02:46:00,852 - root - INFO - new node test roc_auc, 0.5579
2025-10-01 02:47:08,326 - root - INFO - Epoch: 77, learning rate: 0.0001, train loss: 0.2307
2025-10-01 02:47:08,327 - root - INFO - train average_precision, 0.9447
2025-10-01 02:47:08,327 - root - INFO - train roc_auc, 0.9587
2025-10-01 02:47:08,327 - root - INFO - validate loss: 0.8542
2025-10-01 02:47:08,327 - root - INFO - validate average_precision, 0.7039
2025-10-01 02:47:08,327 - root - INFO - validate roc_auc, 0.7161
2025-10-01 02:47:08,327 - root - INFO - new node validate loss: 0.9433
2025-10-01 02:47:08,327 - root - INFO - new node validate average_precision, 0.6543
2025-10-01 02:47:08,327 - root - INFO - new node validate roc_auc, 0.6673
2025-10-01 02:47:21,522 - root - INFO - test loss: 0.9475
2025-10-01 02:47:21,522 - root - INFO - test average_precision, 0.6668
2025-10-01 02:47:21,522 - root - INFO - best test average_precision: 0.6797
2025-10-01 02:47:21,522 - root - INFO - test roc_auc, 0.6699
2025-10-01 02:47:21,522 - root - INFO - new node test loss: 1.1740
2025-10-01 02:47:21,522 - root - INFO - new node test average_precision, 0.5885
2025-10-01 02:47:21,522 - root - INFO - new node test roc_auc, 0.5623
2025-10-01 02:48:28,793 - root - INFO - Epoch: 78, learning rate: 0.0001, train loss: 0.2249
2025-10-01 02:48:28,794 - root - INFO - train average_precision, 0.9482
2025-10-01 02:48:28,794 - root - INFO - train roc_auc, 0.9610
2025-10-01 02:48:28,794 - root - INFO - validate loss: 0.8214
2025-10-01 02:48:28,794 - root - INFO - validate average_precision, 0.7088
2025-10-01 02:48:28,794 - root - INFO - validate roc_auc, 0.7210
2025-10-01 02:48:28,794 - root - INFO - new node validate loss: 0.9263
2025-10-01 02:48:28,794 - root - INFO - new node validate average_precision, 0.6558
2025-10-01 02:48:28,795 - root - INFO - new node validate roc_auc, 0.6688
2025-10-01 02:48:42,004 - root - INFO - test loss: 0.9605
2025-10-01 02:48:42,004 - root - INFO - test average_precision, 0.6724
2025-10-01 02:48:42,004 - root - INFO - best test average_precision: 0.6797
2025-10-01 02:48:42,004 - root - INFO - test roc_auc, 0.6724
2025-10-01 02:48:42,004 - root - INFO - new node test loss: 1.1750
2025-10-01 02:48:42,004 - root - INFO - new node test average_precision, 0.5864
2025-10-01 02:48:42,004 - root - INFO - new node test roc_auc, 0.5608
2025-10-01 02:49:49,352 - root - INFO - Epoch: 79, learning rate: 0.0001, train loss: 0.2250
2025-10-01 02:49:49,353 - root - INFO - train average_precision, 0.9477
2025-10-01 02:49:49,353 - root - INFO - train roc_auc, 0.9607
2025-10-01 02:49:49,353 - root - INFO - validate loss: 0.8746
2025-10-01 02:49:49,353 - root - INFO - validate average_precision, 0.7059
2025-10-01 02:49:49,353 - root - INFO - validate roc_auc, 0.7179
2025-10-01 02:49:49,353 - root - INFO - new node validate loss: 0.9561
2025-10-01 02:49:49,353 - root - INFO - new node validate average_precision, 0.6540
2025-10-01 02:49:49,353 - root - INFO - new node validate roc_auc, 0.6685
2025-10-01 02:50:02,571 - root - INFO - test loss: 0.9889
2025-10-01 02:50:02,571 - root - INFO - test average_precision, 0.6665
2025-10-01 02:50:02,571 - root - INFO - best test average_precision: 0.6797
2025-10-01 02:50:02,571 - root - INFO - test roc_auc, 0.6697
2025-10-01 02:50:02,571 - root - INFO - new node test loss: 1.2037
2025-10-01 02:50:02,571 - root - INFO - new node test average_precision, 0.5754
2025-10-01 02:50:02,571 - root - INFO - new node test roc_auc, 0.5547
2025-10-01 02:51:09,930 - root - INFO - Epoch: 80, learning rate: 0.0001, train loss: 0.2230
2025-10-01 02:51:09,930 - root - INFO - train average_precision, 0.9486
2025-10-01 02:51:09,931 - root - INFO - train roc_auc, 0.9616
2025-10-01 02:51:09,931 - root - INFO - validate loss: 0.8567
2025-10-01 02:51:09,931 - root - INFO - validate average_precision, 0.7108
2025-10-01 02:51:09,931 - root - INFO - validate roc_auc, 0.7223
2025-10-01 02:51:09,931 - root - INFO - new node validate loss: 0.9550
2025-10-01 02:51:09,931 - root - INFO - new node validate average_precision, 0.6551
2025-10-01 02:51:09,931 - root - INFO - new node validate roc_auc, 0.6708
2025-10-01 02:51:23,106 - root - INFO - test loss: 0.9721
2025-10-01 02:51:23,106 - root - INFO - test average_precision, 0.6764
2025-10-01 02:51:23,106 - root - INFO - best test average_precision: 0.6797
2025-10-01 02:51:23,106 - root - INFO - test roc_auc, 0.6772
2025-10-01 02:51:23,106 - root - INFO - new node test loss: 1.2076
2025-10-01 02:51:23,106 - root - INFO - new node test average_precision, 0.5804
2025-10-01 02:51:23,106 - root - INFO - new node test roc_auc, 0.5591
2025-10-01 02:52:30,246 - root - INFO - Epoch: 81, learning rate: 0.0001, train loss: 0.2232
2025-10-01 02:52:30,247 - root - INFO - train average_precision, 0.9480
2025-10-01 02:52:30,247 - root - INFO - train roc_auc, 0.9613
2025-10-01 02:52:30,247 - root - INFO - validate loss: 0.8771
2025-10-01 02:52:30,247 - root - INFO - validate average_precision, 0.7082
2025-10-01 02:52:30,247 - root - INFO - validate roc_auc, 0.7213
2025-10-01 02:52:30,247 - root - INFO - new node validate loss: 0.9553
2025-10-01 02:52:30,247 - root - INFO - new node validate average_precision, 0.6549
2025-10-01 02:52:30,247 - root - INFO - new node validate roc_auc, 0.6730
2025-10-01 02:52:43,430 - root - INFO - test loss: 0.9838
2025-10-01 02:52:43,430 - root - INFO - test average_precision, 0.6684
2025-10-01 02:52:43,430 - root - INFO - best test average_precision: 0.6797
2025-10-01 02:52:43,430 - root - INFO - test roc_auc, 0.6731
2025-10-01 02:52:43,430 - root - INFO - new node test loss: 1.2696
2025-10-01 02:52:43,431 - root - INFO - new node test average_precision, 0.5719
2025-10-01 02:52:43,431 - root - INFO - new node test roc_auc, 0.5470
2025-10-01 02:53:50,416 - root - INFO - Epoch: 82, learning rate: 0.0001, train loss: 0.2197
2025-10-01 02:53:50,416 - root - INFO - train average_precision, 0.9495
2025-10-01 02:53:50,416 - root - INFO - train roc_auc, 0.9624
2025-10-01 02:53:50,416 - root - INFO - validate loss: 0.8698
2025-10-01 02:53:50,417 - root - INFO - validate average_precision, 0.7092
2025-10-01 02:53:50,417 - root - INFO - validate roc_auc, 0.7205
2025-10-01 02:53:50,417 - root - INFO - new node validate loss: 0.9487
2025-10-01 02:53:50,417 - root - INFO - new node validate average_precision, 0.6584
2025-10-01 02:53:50,417 - root - INFO - new node validate roc_auc, 0.6739
2025-10-01 02:54:03,613 - root - INFO - test loss: 0.9992
2025-10-01 02:54:03,613 - root - INFO - test average_precision, 0.6662
2025-10-01 02:54:03,614 - root - INFO - best test average_precision: 0.6797
2025-10-01 02:54:03,614 - root - INFO - test roc_auc, 0.6693
2025-10-01 02:54:03,614 - root - INFO - new node test loss: 1.2795
2025-10-01 02:54:03,614 - root - INFO - new node test average_precision, 0.5713
2025-10-01 02:54:03,614 - root - INFO - new node test roc_auc, 0.5489
2025-10-01 02:55:10,986 - root - INFO - Epoch: 83, learning rate: 0.0001, train loss: 0.2197
2025-10-01 02:55:10,986 - root - INFO - train average_precision, 0.9485
2025-10-01 02:55:10,987 - root - INFO - train roc_auc, 0.9619
2025-10-01 02:55:10,987 - root - INFO - validate loss: 0.8464
2025-10-01 02:55:10,987 - root - INFO - validate average_precision, 0.7085
2025-10-01 02:55:10,987 - root - INFO - validate roc_auc, 0.7186
2025-10-01 02:55:10,987 - root - INFO - new node validate loss: 0.9298
2025-10-01 02:55:10,987 - root - INFO - new node validate average_precision, 0.6569
2025-10-01 02:55:10,987 - root - INFO - new node validate roc_auc, 0.6709
2025-10-01 02:55:24,197 - root - INFO - test loss: 0.9405
2025-10-01 02:55:24,197 - root - INFO - test average_precision, 0.6719
2025-10-01 02:55:24,198 - root - INFO - best test average_precision: 0.6797
2025-10-01 02:55:24,198 - root - INFO - test roc_auc, 0.6757
2025-10-01 02:55:24,198 - root - INFO - new node test loss: 1.1833
2025-10-01 02:55:24,198 - root - INFO - new node test average_precision, 0.5813
2025-10-01 02:55:24,198 - root - INFO - new node test roc_auc, 0.5591
2025-10-01 02:56:31,543 - root - INFO - Epoch: 84, learning rate: 0.0001, train loss: 0.2167
2025-10-01 02:56:31,544 - root - INFO - train average_precision, 0.9497
2025-10-01 02:56:31,544 - root - INFO - train roc_auc, 0.9628
2025-10-01 02:56:31,544 - root - INFO - validate loss: 0.8669
2025-10-01 02:56:31,544 - root - INFO - validate average_precision, 0.7051
2025-10-01 02:56:31,544 - root - INFO - validate roc_auc, 0.7184
2025-10-01 02:56:31,544 - root - INFO - new node validate loss: 0.9315
2025-10-01 02:56:31,544 - root - INFO - new node validate average_precision, 0.6568
2025-10-01 02:56:31,544 - root - INFO - new node validate roc_auc, 0.6727
2025-10-01 02:56:44,756 - root - INFO - test loss: 0.9934
2025-10-01 02:56:44,756 - root - INFO - test average_precision, 0.6693
2025-10-01 02:56:44,756 - root - INFO - best test average_precision: 0.6797
2025-10-01 02:56:44,756 - root - INFO - test roc_auc, 0.6733
2025-10-01 02:56:44,756 - root - INFO - new node test loss: 1.2381
2025-10-01 02:56:44,757 - root - INFO - new node test average_precision, 0.5766
2025-10-01 02:56:44,757 - root - INFO - new node test roc_auc, 0.5554
2025-10-01 02:57:52,078 - root - INFO - Epoch: 85, learning rate: 0.0001, train loss: 0.2185
2025-10-01 02:57:52,078 - root - INFO - train average_precision, 0.9494
2025-10-01 02:57:52,078 - root - INFO - train roc_auc, 0.9623
2025-10-01 02:57:52,078 - root - INFO - validate loss: 0.8751
2025-10-01 02:57:52,079 - root - INFO - validate average_precision, 0.7041
2025-10-01 02:57:52,079 - root - INFO - validate roc_auc, 0.7176
2025-10-01 02:57:52,079 - root - INFO - new node validate loss: 0.9577
2025-10-01 02:57:52,079 - root - INFO - new node validate average_precision, 0.6540
2025-10-01 02:57:52,079 - root - INFO - new node validate roc_auc, 0.6700
2025-10-01 02:58:05,265 - root - INFO - test loss: 1.0126
2025-10-01 02:58:05,265 - root - INFO - test average_precision, 0.6599
2025-10-01 02:58:05,265 - root - INFO - best test average_precision: 0.6797
2025-10-01 02:58:05,265 - root - INFO - test roc_auc, 0.6625
2025-10-01 02:58:05,265 - root - INFO - new node test loss: 1.2684
2025-10-01 02:58:05,265 - root - INFO - new node test average_precision, 0.5674
2025-10-01 02:58:05,265 - root - INFO - new node test roc_auc, 0.5455
2025-10-01 02:59:12,416 - root - INFO - Epoch: 86, learning rate: 0.0001, train loss: 0.2138
2025-10-01 02:59:12,417 - root - INFO - train average_precision, 0.9505
2025-10-01 02:59:12,417 - root - INFO - train roc_auc, 0.9636
2025-10-01 02:59:12,417 - root - INFO - validate loss: 0.8922
2025-10-01 02:59:12,417 - root - INFO - validate average_precision, 0.7016
2025-10-01 02:59:12,417 - root - INFO - validate roc_auc, 0.7146
2025-10-01 02:59:12,417 - root - INFO - new node validate loss: 0.9729
2025-10-01 02:59:12,417 - root - INFO - new node validate average_precision, 0.6524
2025-10-01 02:59:12,417 - root - INFO - new node validate roc_auc, 0.6678
2025-10-01 02:59:25,594 - root - INFO - test loss: 1.0314
2025-10-01 02:59:25,594 - root - INFO - test average_precision, 0.6611
2025-10-01 02:59:25,594 - root - INFO - best test average_precision: 0.6797
2025-10-01 02:59:25,594 - root - INFO - test roc_auc, 0.6635
2025-10-01 02:59:25,594 - root - INFO - new node test loss: 1.3272
2025-10-01 02:59:25,595 - root - INFO - new node test average_precision, 0.5742
2025-10-01 02:59:25,595 - root - INFO - new node test roc_auc, 0.5533
2025-10-01 03:00:32,710 - root - INFO - Epoch: 87, learning rate: 0.0001, train loss: 0.2133
2025-10-01 03:00:32,710 - root - INFO - train average_precision, 0.9504
2025-10-01 03:00:32,710 - root - INFO - train roc_auc, 0.9638
2025-10-01 03:00:32,710 - root - INFO - validate loss: 0.8291
2025-10-01 03:00:32,710 - root - INFO - validate average_precision, 0.6986
2025-10-01 03:00:32,710 - root - INFO - validate roc_auc, 0.7110
2025-10-01 03:00:32,710 - root - INFO - new node validate loss: 0.9076
2025-10-01 03:00:32,710 - root - INFO - new node validate average_precision, 0.6544
2025-10-01 03:00:32,710 - root - INFO - new node validate roc_auc, 0.6663
2025-10-01 03:00:45,901 - root - INFO - test loss: 0.9828
2025-10-01 03:00:45,901 - root - INFO - test average_precision, 0.6533
2025-10-01 03:00:45,901 - root - INFO - best test average_precision: 0.6797
2025-10-01 03:00:45,901 - root - INFO - test roc_auc, 0.6553
2025-10-01 03:00:45,901 - root - INFO - new node test loss: 1.2004
2025-10-01 03:00:45,901 - root - INFO - new node test average_precision, 0.5788
2025-10-01 03:00:45,901 - root - INFO - new node test roc_auc, 0.5521
2025-10-01 03:01:53,343 - root - INFO - Epoch: 88, learning rate: 0.0001, train loss: 0.2127
2025-10-01 03:01:53,343 - root - INFO - train average_precision, 0.9505
2025-10-01 03:01:53,343 - root - INFO - train roc_auc, 0.9637
2025-10-01 03:01:53,343 - root - INFO - validate loss: 0.8701
2025-10-01 03:01:53,343 - root - INFO - validate average_precision, 0.7033
2025-10-01 03:01:53,343 - root - INFO - validate roc_auc, 0.7157
2025-10-01 03:01:53,344 - root - INFO - new node validate loss: 0.9512
2025-10-01 03:01:53,344 - root - INFO - new node validate average_precision, 0.6527
2025-10-01 03:01:53,344 - root - INFO - new node validate roc_auc, 0.6674
2025-10-01 03:02:06,530 - root - INFO - test loss: 1.0060
2025-10-01 03:02:06,530 - root - INFO - test average_precision, 0.6591
2025-10-01 03:02:06,530 - root - INFO - best test average_precision: 0.6797
2025-10-01 03:02:06,530 - root - INFO - test roc_auc, 0.6614
2025-10-01 03:02:06,530 - root - INFO - new node test loss: 1.2683
2025-10-01 03:02:06,530 - root - INFO - new node test average_precision, 0.5711
2025-10-01 03:02:06,530 - root - INFO - new node test roc_auc, 0.5465
2025-10-01 03:03:13,877 - root - INFO - Epoch: 89, learning rate: 0.0001, train loss: 0.2074
2025-10-01 03:03:13,877 - root - INFO - train average_precision, 0.9534
2025-10-01 03:03:13,878 - root - INFO - train roc_auc, 0.9655
2025-10-01 03:03:13,878 - root - INFO - validate loss: 0.8959
2025-10-01 03:03:13,878 - root - INFO - validate average_precision, 0.7050
2025-10-01 03:03:13,878 - root - INFO - validate roc_auc, 0.7178
2025-10-01 03:03:13,878 - root - INFO - new node validate loss: 0.9716
2025-10-01 03:03:13,878 - root - INFO - new node validate average_precision, 0.6537
2025-10-01 03:03:13,878 - root - INFO - new node validate roc_auc, 0.6692
2025-10-01 03:03:27,091 - root - INFO - test loss: 1.0436
2025-10-01 03:03:27,091 - root - INFO - test average_precision, 0.6599
2025-10-01 03:03:27,091 - root - INFO - best test average_precision: 0.6797
2025-10-01 03:03:27,091 - root - INFO - test roc_auc, 0.6630
2025-10-01 03:03:27,091 - root - INFO - new node test loss: 1.2982
2025-10-01 03:03:27,091 - root - INFO - new node test average_precision, 0.5668
2025-10-01 03:03:27,091 - root - INFO - new node test roc_auc, 0.5482
2025-10-01 03:04:34,373 - root - INFO - Epoch: 90, learning rate: 0.0001, train loss: 0.2066
2025-10-01 03:04:34,373 - root - INFO - train average_precision, 0.9540
2025-10-01 03:04:34,374 - root - INFO - train roc_auc, 0.9659
2025-10-01 03:04:34,374 - root - INFO - validate loss: 0.9130
2025-10-01 03:04:34,374 - root - INFO - validate average_precision, 0.7059
2025-10-01 03:04:34,374 - root - INFO - validate roc_auc, 0.7199
2025-10-01 03:04:34,374 - root - INFO - new node validate loss: 1.0092
2025-10-01 03:04:34,374 - root - INFO - new node validate average_precision, 0.6545
2025-10-01 03:04:34,374 - root - INFO - new node validate roc_auc, 0.6698
2025-10-01 03:04:47,557 - root - INFO - test loss: 1.0259
2025-10-01 03:04:47,557 - root - INFO - test average_precision, 0.6618
2025-10-01 03:04:47,557 - root - INFO - best test average_precision: 0.6797
2025-10-01 03:04:47,557 - root - INFO - test roc_auc, 0.6661
2025-10-01 03:04:47,557 - root - INFO - new node test loss: 1.2537
2025-10-01 03:04:47,557 - root - INFO - new node test average_precision, 0.5768
2025-10-01 03:04:47,557 - root - INFO - new node test roc_auc, 0.5570
2025-10-01 03:05:54,645 - root - INFO - Epoch: 91, learning rate: 0.0001, train loss: 0.2068
2025-10-01 03:05:54,646 - root - INFO - train average_precision, 0.9538
2025-10-01 03:05:54,646 - root - INFO - train roc_auc, 0.9659
2025-10-01 03:05:54,646 - root - INFO - validate loss: 0.9201
2025-10-01 03:05:54,646 - root - INFO - validate average_precision, 0.7051
2025-10-01 03:05:54,646 - root - INFO - validate roc_auc, 0.7186
2025-10-01 03:05:54,646 - root - INFO - new node validate loss: 0.9961
2025-10-01 03:05:54,646 - root - INFO - new node validate average_precision, 0.6511
2025-10-01 03:05:54,646 - root - INFO - new node validate roc_auc, 0.6670
2025-10-01 03:06:07,903 - root - INFO - test loss: 1.0232
2025-10-01 03:06:07,903 - root - INFO - test average_precision, 0.6599
2025-10-01 03:06:07,903 - root - INFO - best test average_precision: 0.6797
2025-10-01 03:06:07,903 - root - INFO - test roc_auc, 0.6652
2025-10-01 03:06:07,903 - root - INFO - new node test loss: 1.2845
2025-10-01 03:06:07,903 - root - INFO - new node test average_precision, 0.5686
2025-10-01 03:06:07,903 - root - INFO - new node test roc_auc, 0.5496
2025-10-01 03:07:14,938 - root - INFO - Epoch: 92, learning rate: 0.0001, train loss: 0.2056
2025-10-01 03:07:14,939 - root - INFO - train average_precision, 0.9527
2025-10-01 03:07:14,939 - root - INFO - train roc_auc, 0.9655
2025-10-01 03:07:14,939 - root - INFO - validate loss: 0.9202
2025-10-01 03:07:14,939 - root - INFO - validate average_precision, 0.7051
2025-10-01 03:07:14,939 - root - INFO - validate roc_auc, 0.7177
2025-10-01 03:07:14,939 - root - INFO - new node validate loss: 1.0141
2025-10-01 03:07:14,939 - root - INFO - new node validate average_precision, 0.6557
2025-10-01 03:07:14,939 - root - INFO - new node validate roc_auc, 0.6678
2025-10-01 03:07:28,137 - root - INFO - test loss: 1.0351
2025-10-01 03:07:28,137 - root - INFO - test average_precision, 0.6622
2025-10-01 03:07:28,137 - root - INFO - best test average_precision: 0.6797
2025-10-01 03:07:28,137 - root - INFO - test roc_auc, 0.6648
2025-10-01 03:07:28,137 - root - INFO - new node test loss: 1.2769
2025-10-01 03:07:28,137 - root - INFO - new node test average_precision, 0.5735
2025-10-01 03:07:28,137 - root - INFO - new node test roc_auc, 0.5560
2025-10-01 03:08:35,175 - root - INFO - Epoch: 93, learning rate: 0.0001, train loss: 0.2049
2025-10-01 03:08:35,176 - root - INFO - train average_precision, 0.9534
2025-10-01 03:08:35,176 - root - INFO - train roc_auc, 0.9658
2025-10-01 03:08:35,176 - root - INFO - validate loss: 0.9388
2025-10-01 03:08:35,176 - root - INFO - validate average_precision, 0.7061
2025-10-01 03:08:35,176 - root - INFO - validate roc_auc, 0.7167
2025-10-01 03:08:35,176 - root - INFO - new node validate loss: 1.0331
2025-10-01 03:08:35,176 - root - INFO - new node validate average_precision, 0.6546
2025-10-01 03:08:35,176 - root - INFO - new node validate roc_auc, 0.6675
2025-10-01 03:08:48,383 - root - INFO - test loss: 1.0403
2025-10-01 03:08:48,383 - root - INFO - test average_precision, 0.6637
2025-10-01 03:08:48,383 - root - INFO - best test average_precision: 0.6797
2025-10-01 03:08:48,383 - root - INFO - test roc_auc, 0.6636
2025-10-01 03:08:48,383 - root - INFO - new node test loss: 1.2878
2025-10-01 03:08:48,383 - root - INFO - new node test average_precision, 0.5730
2025-10-01 03:08:48,383 - root - INFO - new node test roc_auc, 0.5523
2025-10-01 03:09:56,035 - root - INFO - Epoch: 94, learning rate: 0.0001, train loss: 0.2060
2025-10-01 03:09:56,035 - root - INFO - train average_precision, 0.9524
2025-10-01 03:09:56,036 - root - INFO - train roc_auc, 0.9656
2025-10-01 03:09:56,036 - root - INFO - validate loss: 0.9293
2025-10-01 03:09:56,036 - root - INFO - validate average_precision, 0.7054
2025-10-01 03:09:56,036 - root - INFO - validate roc_auc, 0.7174
2025-10-01 03:09:56,036 - root - INFO - new node validate loss: 1.0042
2025-10-01 03:09:56,036 - root - INFO - new node validate average_precision, 0.6507
2025-10-01 03:09:56,036 - root - INFO - new node validate roc_auc, 0.6642
2025-10-01 03:10:09,241 - root - INFO - test loss: 1.0557
2025-10-01 03:10:09,242 - root - INFO - test average_precision, 0.6693
2025-10-01 03:10:09,242 - root - INFO - best test average_precision: 0.6797
2025-10-01 03:10:09,242 - root - INFO - test roc_auc, 0.6709
2025-10-01 03:10:09,242 - root - INFO - new node test loss: 1.3185
2025-10-01 03:10:09,242 - root - INFO - new node test average_precision, 0.5756
2025-10-01 03:10:09,242 - root - INFO - new node test roc_auc, 0.5548
2025-10-01 03:10:09,242 - root - INFO - load model ./saved_models/TGAT/enron/TGAT_seed0/TGAT_seed0.pkl
