2025-09-29 16:03:38,821 - root - INFO - ********** Run 1 starts. **********
2025-09-29 16:03:38,822 - root - INFO - configuration is Namespace(dataset_name='wikipedia', batch_size=200, model_name='JODIE', gpu=0, num_neighbors=10, sample_neighbor_strategy='uniform', time_scaling_factor=1e-06, num_walk_heads=8, num_heads=2, num_layers=1, walk_length=1, time_gap=2000, time_feat_dim=128, position_feat_dim=172, time_window_mode='fixed_proportion', time_encoder_type='lete', expert_dim=64, num_mixtures=4, patch_size=1, channel_embedding_dim=50, max_input_sequence_length=32, learning_rate=0.0001, dropout=0.1, gamma=0.5, num_epochs=100, optimizer='Adam', weight_decay=0.0, patience=20, val_ratio=0.15, test_ratio=0.15, num_runs=5, test_interval_epochs=1, negative_sample_strategy='random', max_interaction_times=10, load_best_configs=True, device='cuda:0', seed=0, save_model_name='JODIE_seed0')
2025-09-29 16:03:38,834 - root - INFO - time encoder type: lete
2025-09-29 16:03:39,197 - root - INFO - model -> Sequential(
  (0): MemoryModel(
    (time_encoder): TimeEncoder(
      (w): Linear(in_features=1, out_features=128, bias=True)
    )
    (message_aggregator): MessageAggregator()
    (memory_bank): MemoryBank(num_nodes=9228, memory_dim=172)
    (memory_updater): RNNMemoryUpdater(
      (memory_bank): MemoryBank(num_nodes=9228, memory_dim=172)
      (memory_updater): RNNCell(644, 172)
    )
    (embedding_module): TimeProjectionEmbedding(
      (dropout): Dropout(p=0.1, inplace=False)
      (linear_layer): Linear(in_features=1, out_features=172, bias=True)
    )
  )
  (1): MergeLayer(
    (fc1): Linear(in_features=344, out_features=172, bias=True)
    (fc2): Linear(in_features=172, out_features=1, bias=True)
    (act): ReLU()
  )
)
2025-09-29 16:03:39,197 - root - INFO - model name: JODIE, #parameters: 803236 B, 784.41015625 KB, 0.7660255432128906 MB.
2025-09-29 16:03:59,923 - root - INFO - Epoch: 1, learning rate: 0.0001, train loss: 0.5291
2025-09-29 16:03:59,924 - root - INFO - train average_precision, 0.7854
2025-09-29 16:03:59,924 - root - INFO - train roc_auc, 0.8151
2025-09-29 16:03:59,924 - root - INFO - validate loss: 0.4453
2025-09-29 16:03:59,924 - root - INFO - validate average_precision, 0.8720
2025-09-29 16:03:59,924 - root - INFO - validate roc_auc, 0.8761
2025-09-29 16:03:59,924 - root - INFO - new node validate loss: 0.4942
2025-09-29 16:03:59,924 - root - INFO - new node validate average_precision, 0.8435
2025-09-29 16:03:59,924 - root - INFO - new node validate roc_auc, 0.8432
2025-09-29 16:04:04,578 - root - INFO - test loss: 0.4536
2025-09-29 16:04:04,578 - root - INFO - test average_precision, 0.8626
2025-09-29 16:04:04,578 - root - INFO - best test average_precision: 0.8626
2025-09-29 16:04:04,578 - root - INFO - test roc_auc, 0.8709
2025-09-29 16:04:04,579 - root - INFO - new node test loss: 0.5200
2025-09-29 16:04:04,579 - root - INFO - new node test average_precision, 0.8252
2025-09-29 16:04:04,579 - root - INFO - new node test roc_auc, 0.8260
2025-09-29 16:04:04,580 - root - INFO - save model ./saved_models/JODIE/wikipedia/JODIE_seed0/JODIE_seed0.pkl
2025-09-29 16:04:23,918 - root - INFO - Epoch: 2, learning rate: 0.0001, train loss: 0.4121
2025-09-29 16:04:23,919 - root - INFO - train average_precision, 0.8867
2025-09-29 16:04:23,919 - root - INFO - train roc_auc, 0.8947
2025-09-29 16:04:23,919 - root - INFO - validate loss: 0.3932
2025-09-29 16:04:23,919 - root - INFO - validate average_precision, 0.9008
2025-09-29 16:04:23,919 - root - INFO - validate roc_auc, 0.9066
2025-09-29 16:04:23,919 - root - INFO - new node validate loss: 0.4411
2025-09-29 16:04:23,919 - root - INFO - new node validate average_precision, 0.8757
2025-09-29 16:04:23,919 - root - INFO - new node validate roc_auc, 0.8737
2025-09-29 16:04:28,586 - root - INFO - test loss: 0.4198
2025-09-29 16:04:28,586 - root - INFO - test average_precision, 0.8839
2025-09-29 16:04:28,586 - root - INFO - best test average_precision: 0.8839
2025-09-29 16:04:28,586 - root - INFO - test roc_auc, 0.8931
2025-09-29 16:04:28,586 - root - INFO - new node test loss: 0.4529
2025-09-29 16:04:28,586 - root - INFO - new node test average_precision, 0.8726
2025-09-29 16:04:28,587 - root - INFO - new node test roc_auc, 0.8726
2025-09-29 16:04:28,587 - root - INFO - save model ./saved_models/JODIE/wikipedia/JODIE_seed0/JODIE_seed0.pkl
2025-09-29 16:04:48,130 - root - INFO - Epoch: 3, learning rate: 0.0001, train loss: 0.3819
2025-09-29 16:04:48,131 - root - INFO - train average_precision, 0.9052
2025-09-29 16:04:48,131 - root - INFO - train roc_auc, 0.9103
2025-09-29 16:04:48,131 - root - INFO - validate loss: 0.3640
2025-09-29 16:04:48,131 - root - INFO - validate average_precision, 0.9143
2025-09-29 16:04:48,131 - root - INFO - validate roc_auc, 0.9191
2025-09-29 16:04:48,131 - root - INFO - new node validate loss: 0.4227
2025-09-29 16:04:48,131 - root - INFO - new node validate average_precision, 0.8886
2025-09-29 16:04:48,131 - root - INFO - new node validate roc_auc, 0.8845
2025-09-29 16:04:52,832 - root - INFO - test loss: 0.3733
2025-09-29 16:04:52,832 - root - INFO - test average_precision, 0.9078
2025-09-29 16:04:52,832 - root - INFO - best test average_precision: 0.9078
2025-09-29 16:04:52,832 - root - INFO - test roc_auc, 0.9159
2025-09-29 16:04:52,832 - root - INFO - new node test loss: 0.4223
2025-09-29 16:04:52,832 - root - INFO - new node test average_precision, 0.8915
2025-09-29 16:04:52,832 - root - INFO - new node test roc_auc, 0.8911
2025-09-29 16:04:52,833 - root - INFO - save model ./saved_models/JODIE/wikipedia/JODIE_seed0/JODIE_seed0.pkl
2025-09-29 16:05:12,257 - root - INFO - Epoch: 4, learning rate: 0.0001, train loss: 0.3659
2025-09-29 16:05:12,257 - root - INFO - train average_precision, 0.9137
2025-09-29 16:05:12,257 - root - INFO - train roc_auc, 0.9179
2025-09-29 16:05:12,257 - root - INFO - validate loss: 0.3501
2025-09-29 16:05:12,257 - root - INFO - validate average_precision, 0.9222
2025-09-29 16:05:12,257 - root - INFO - validate roc_auc, 0.9255
2025-09-29 16:05:12,257 - root - INFO - new node validate loss: 0.4176
2025-09-29 16:05:12,258 - root - INFO - new node validate average_precision, 0.8913
2025-09-29 16:05:12,258 - root - INFO - new node validate roc_auc, 0.8858
2025-09-29 16:05:16,925 - root - INFO - test loss: 0.3592
2025-09-29 16:05:16,925 - root - INFO - test average_precision, 0.9170
2025-09-29 16:05:16,926 - root - INFO - best test average_precision: 0.9170
2025-09-29 16:05:16,926 - root - INFO - test roc_auc, 0.9227
2025-09-29 16:05:16,926 - root - INFO - new node test loss: 0.4163
2025-09-29 16:05:16,926 - root - INFO - new node test average_precision, 0.8989
2025-09-29 16:05:16,926 - root - INFO - new node test roc_auc, 0.8961
2025-09-29 16:05:16,926 - root - INFO - save model ./saved_models/JODIE/wikipedia/JODIE_seed0/JODIE_seed0.pkl
2025-09-29 16:05:36,525 - root - INFO - Epoch: 5, learning rate: 0.0001, train loss: 0.3505
2025-09-29 16:05:36,525 - root - INFO - train average_precision, 0.9227
2025-09-29 16:05:36,525 - root - INFO - train roc_auc, 0.9245
2025-09-29 16:05:36,525 - root - INFO - validate loss: 0.3363
2025-09-29 16:05:36,525 - root - INFO - validate average_precision, 0.9315
2025-09-29 16:05:36,525 - root - INFO - validate roc_auc, 0.9315
2025-09-29 16:05:36,525 - root - INFO - new node validate loss: 0.4022
2025-09-29 16:05:36,525 - root - INFO - new node validate average_precision, 0.9011
2025-09-29 16:05:36,525 - root - INFO - new node validate roc_auc, 0.8941
2025-09-29 16:05:41,195 - root - INFO - test loss: 0.3526
2025-09-29 16:05:41,195 - root - INFO - test average_precision, 0.9229
2025-09-29 16:05:41,195 - root - INFO - best test average_precision: 0.9229
2025-09-29 16:05:41,195 - root - INFO - test roc_auc, 0.9259
2025-09-29 16:05:41,195 - root - INFO - new node test loss: 0.4056
2025-09-29 16:05:41,195 - root - INFO - new node test average_precision, 0.9031
2025-09-29 16:05:41,195 - root - INFO - new node test roc_auc, 0.9004
2025-09-29 16:05:41,195 - root - INFO - save model ./saved_models/JODIE/wikipedia/JODIE_seed0/JODIE_seed0.pkl
2025-09-29 16:06:00,695 - root - INFO - Epoch: 6, learning rate: 0.0001, train loss: 0.3395
2025-09-29 16:06:00,695 - root - INFO - train average_precision, 0.9294
2025-09-29 16:06:00,696 - root - INFO - train roc_auc, 0.9295
2025-09-29 16:06:00,696 - root - INFO - validate loss: 0.3277
2025-09-29 16:06:00,696 - root - INFO - validate average_precision, 0.9383
2025-09-29 16:06:00,696 - root - INFO - validate roc_auc, 0.9353
2025-09-29 16:06:00,696 - root - INFO - new node validate loss: 0.3973
2025-09-29 16:06:00,696 - root - INFO - new node validate average_precision, 0.9066
2025-09-29 16:06:00,696 - root - INFO - new node validate roc_auc, 0.8965
2025-09-29 16:06:05,370 - root - INFO - test loss: 0.3449
2025-09-29 16:06:05,370 - root - INFO - test average_precision, 0.9296
2025-09-29 16:06:05,370 - root - INFO - best test average_precision: 0.9296
2025-09-29 16:06:05,370 - root - INFO - test roc_auc, 0.9281
2025-09-29 16:06:05,370 - root - INFO - new node test loss: 0.4120
2025-09-29 16:06:05,370 - root - INFO - new node test average_precision, 0.9043
2025-09-29 16:06:05,370 - root - INFO - new node test roc_auc, 0.8959
2025-09-29 16:06:05,370 - root - INFO - save model ./saved_models/JODIE/wikipedia/JODIE_seed0/JODIE_seed0.pkl
2025-09-29 16:06:24,920 - root - INFO - Epoch: 7, learning rate: 0.0001, train loss: 0.3278
2025-09-29 16:06:24,921 - root - INFO - train average_precision, 0.9332
2025-09-29 16:06:24,921 - root - INFO - train roc_auc, 0.9334
2025-09-29 16:06:24,921 - root - INFO - validate loss: 0.3169
2025-09-29 16:06:24,921 - root - INFO - validate average_precision, 0.9403
2025-09-29 16:06:24,921 - root - INFO - validate roc_auc, 0.9395
2025-09-29 16:06:24,921 - root - INFO - new node validate loss: 0.3885
2025-09-29 16:06:24,921 - root - INFO - new node validate average_precision, 0.9094
2025-09-29 16:06:24,921 - root - INFO - new node validate roc_auc, 0.9007
2025-09-29 16:06:29,613 - root - INFO - test loss: 0.3267
2025-09-29 16:06:29,613 - root - INFO - test average_precision, 0.9336
2025-09-29 16:06:29,613 - root - INFO - best test average_precision: 0.9336
2025-09-29 16:06:29,613 - root - INFO - test roc_auc, 0.9366
2025-09-29 16:06:29,613 - root - INFO - new node test loss: 0.3881
2025-09-29 16:06:29,613 - root - INFO - new node test average_precision, 0.9109
2025-09-29 16:06:29,613 - root - INFO - new node test roc_auc, 0.9089
2025-09-29 16:06:29,613 - root - INFO - save model ./saved_models/JODIE/wikipedia/JODIE_seed0/JODIE_seed0.pkl
2025-09-29 16:06:49,174 - root - INFO - Epoch: 8, learning rate: 0.0001, train loss: 0.3205
2025-09-29 16:06:49,175 - root - INFO - train average_precision, 0.9356
2025-09-29 16:06:49,175 - root - INFO - train roc_auc, 0.9356
2025-09-29 16:06:49,175 - root - INFO - validate loss: 0.3087
2025-09-29 16:06:49,175 - root - INFO - validate average_precision, 0.9442
2025-09-29 16:06:49,175 - root - INFO - validate roc_auc, 0.9421
2025-09-29 16:06:49,175 - root - INFO - new node validate loss: 0.3859
2025-09-29 16:06:49,175 - root - INFO - new node validate average_precision, 0.9124
2025-09-29 16:06:49,175 - root - INFO - new node validate roc_auc, 0.9027
2025-09-29 16:06:53,847 - root - INFO - test loss: 0.3157
2025-09-29 16:06:53,848 - root - INFO - test average_precision, 0.9406
2025-09-29 16:06:53,848 - root - INFO - best test average_precision: 0.9406
2025-09-29 16:06:53,848 - root - INFO - test roc_auc, 0.9405
2025-09-29 16:06:53,848 - root - INFO - new node test loss: 0.3804
2025-09-29 16:06:53,848 - root - INFO - new node test average_precision, 0.9176
2025-09-29 16:06:53,848 - root - INFO - new node test roc_auc, 0.9114
2025-09-29 16:06:53,848 - root - INFO - save model ./saved_models/JODIE/wikipedia/JODIE_seed0/JODIE_seed0.pkl
2025-09-29 16:07:13,240 - root - INFO - Epoch: 9, learning rate: 0.0001, train loss: 0.3126
2025-09-29 16:07:13,240 - root - INFO - train average_precision, 0.9394
2025-09-29 16:07:13,240 - root - INFO - train roc_auc, 0.9389
2025-09-29 16:07:13,240 - root - INFO - validate loss: 0.3070
2025-09-29 16:07:13,240 - root - INFO - validate average_precision, 0.9454
2025-09-29 16:07:13,240 - root - INFO - validate roc_auc, 0.9432
2025-09-29 16:07:13,240 - root - INFO - new node validate loss: 0.3828
2025-09-29 16:07:13,240 - root - INFO - new node validate average_precision, 0.9146
2025-09-29 16:07:13,240 - root - INFO - new node validate roc_auc, 0.9042
2025-09-29 16:07:17,907 - root - INFO - test loss: 0.3125
2025-09-29 16:07:17,907 - root - INFO - test average_precision, 0.9428
2025-09-29 16:07:17,907 - root - INFO - best test average_precision: 0.9428
2025-09-29 16:07:17,907 - root - INFO - test roc_auc, 0.9422
2025-09-29 16:07:17,907 - root - INFO - new node test loss: 0.3732
2025-09-29 16:07:17,907 - root - INFO - new node test average_precision, 0.9218
2025-09-29 16:07:17,907 - root - INFO - new node test roc_auc, 0.9156
2025-09-29 16:07:17,907 - root - INFO - save model ./saved_models/JODIE/wikipedia/JODIE_seed0/JODIE_seed0.pkl
2025-09-29 16:07:37,473 - root - INFO - Epoch: 10, learning rate: 0.0001, train loss: 0.3040
2025-09-29 16:07:37,473 - root - INFO - train average_precision, 0.9428
2025-09-29 16:07:37,473 - root - INFO - train roc_auc, 0.9422
2025-09-29 16:07:37,473 - root - INFO - validate loss: 0.3029
2025-09-29 16:07:37,473 - root - INFO - validate average_precision, 0.9475
2025-09-29 16:07:37,474 - root - INFO - validate roc_auc, 0.9448
2025-09-29 16:07:37,474 - root - INFO - new node validate loss: 0.3808
2025-09-29 16:07:37,474 - root - INFO - new node validate average_precision, 0.9151
2025-09-29 16:07:37,474 - root - INFO - new node validate roc_auc, 0.9049
2025-09-29 16:07:42,125 - root - INFO - test loss: 0.3183
2025-09-29 16:07:42,125 - root - INFO - test average_precision, 0.9398
2025-09-29 16:07:42,125 - root - INFO - best test average_precision: 0.9428
2025-09-29 16:07:42,125 - root - INFO - test roc_auc, 0.9404
2025-09-29 16:07:42,125 - root - INFO - new node test loss: 0.3787
2025-09-29 16:07:42,125 - root - INFO - new node test average_precision, 0.9182
2025-09-29 16:07:42,125 - root - INFO - new node test roc_auc, 0.9134
2025-09-29 16:07:42,125 - root - INFO - save model ./saved_models/JODIE/wikipedia/JODIE_seed0/JODIE_seed0.pkl
2025-09-29 16:08:01,610 - root - INFO - Epoch: 11, learning rate: 0.0001, train loss: 0.2994
2025-09-29 16:08:01,611 - root - INFO - train average_precision, 0.9448
2025-09-29 16:08:01,611 - root - INFO - train roc_auc, 0.9437
2025-09-29 16:08:01,611 - root - INFO - validate loss: 0.2928
2025-09-29 16:08:01,611 - root - INFO - validate average_precision, 0.9504
2025-09-29 16:08:01,611 - root - INFO - validate roc_auc, 0.9482
2025-09-29 16:08:01,611 - root - INFO - new node validate loss: 0.3742
2025-09-29 16:08:01,611 - root - INFO - new node validate average_precision, 0.9180
2025-09-29 16:08:01,611 - root - INFO - new node validate roc_auc, 0.9082
2025-09-29 16:08:06,314 - root - INFO - test loss: 0.3062
2025-09-29 16:08:06,314 - root - INFO - test average_precision, 0.9431
2025-09-29 16:08:06,314 - root - INFO - best test average_precision: 0.9431
2025-09-29 16:08:06,315 - root - INFO - test roc_auc, 0.9443
2025-09-29 16:08:06,315 - root - INFO - new node test loss: 0.3643
2025-09-29 16:08:06,315 - root - INFO - new node test average_precision, 0.9238
2025-09-29 16:08:06,315 - root - INFO - new node test roc_auc, 0.9194
2025-09-29 16:08:06,315 - root - INFO - save model ./saved_models/JODIE/wikipedia/JODIE_seed0/JODIE_seed0.pkl
2025-09-29 16:08:25,820 - root - INFO - Epoch: 12, learning rate: 0.0001, train loss: 0.2960
2025-09-29 16:08:25,820 - root - INFO - train average_precision, 0.9460
2025-09-29 16:08:25,821 - root - INFO - train roc_auc, 0.9447
2025-09-29 16:08:25,821 - root - INFO - validate loss: 0.2956
2025-09-29 16:08:25,821 - root - INFO - validate average_precision, 0.9500
2025-09-29 16:08:25,821 - root - INFO - validate roc_auc, 0.9475
2025-09-29 16:08:25,821 - root - INFO - new node validate loss: 0.3774
2025-09-29 16:08:25,821 - root - INFO - new node validate average_precision, 0.9173
2025-09-29 16:08:25,821 - root - INFO - new node validate roc_auc, 0.9070
2025-09-29 16:08:30,497 - root - INFO - test loss: 0.3175
2025-09-29 16:08:30,497 - root - INFO - test average_precision, 0.9424
2025-09-29 16:08:30,497 - root - INFO - best test average_precision: 0.9431
2025-09-29 16:08:30,497 - root - INFO - test roc_auc, 0.9412
2025-09-29 16:08:30,497 - root - INFO - new node test loss: 0.3772
2025-09-29 16:08:30,497 - root - INFO - new node test average_precision, 0.9218
2025-09-29 16:08:30,497 - root - INFO - new node test roc_auc, 0.9129
2025-09-29 16:08:48,848 - root - INFO - Epoch: 13, learning rate: 0.0001, train loss: 0.2961
2025-09-29 16:08:48,848 - root - INFO - train average_precision, 0.9458
2025-09-29 16:08:48,849 - root - INFO - train roc_auc, 0.9447
2025-09-29 16:08:48,849 - root - INFO - validate loss: 0.2906
2025-09-29 16:08:48,849 - root - INFO - validate average_precision, 0.9510
2025-09-29 16:08:48,849 - root - INFO - validate roc_auc, 0.9488
2025-09-29 16:08:48,849 - root - INFO - new node validate loss: 0.3684
2025-09-29 16:08:48,849 - root - INFO - new node validate average_precision, 0.9202
2025-09-29 16:08:48,849 - root - INFO - new node validate roc_auc, 0.9108
2025-09-29 16:08:53,524 - root - INFO - test loss: 0.3163
2025-09-29 16:08:53,524 - root - INFO - test average_precision, 0.9419
2025-09-29 16:08:53,524 - root - INFO - best test average_precision: 0.9431
2025-09-29 16:08:53,524 - root - INFO - test roc_auc, 0.9406
2025-09-29 16:08:53,524 - root - INFO - new node test loss: 0.3685
2025-09-29 16:08:53,524 - root - INFO - new node test average_precision, 0.9238
2025-09-29 16:08:53,524 - root - INFO - new node test roc_auc, 0.9169
2025-09-29 16:08:53,524 - root - INFO - save model ./saved_models/JODIE/wikipedia/JODIE_seed0/JODIE_seed0.pkl
2025-09-29 16:09:13,082 - root - INFO - Epoch: 14, learning rate: 0.0001, train loss: 0.2902
2025-09-29 16:09:13,082 - root - INFO - train average_precision, 0.9477
2025-09-29 16:09:13,082 - root - INFO - train roc_auc, 0.9468
2025-09-29 16:09:13,082 - root - INFO - validate loss: 0.2918
2025-09-29 16:09:13,082 - root - INFO - validate average_precision, 0.9515
2025-09-29 16:09:13,082 - root - INFO - validate roc_auc, 0.9490
2025-09-29 16:09:13,082 - root - INFO - new node validate loss: 0.3713
2025-09-29 16:09:13,083 - root - INFO - new node validate average_precision, 0.9212
2025-09-29 16:09:13,083 - root - INFO - new node validate roc_auc, 0.9101
2025-09-29 16:09:17,748 - root - INFO - test loss: 0.3088
2025-09-29 16:09:17,748 - root - INFO - test average_precision, 0.9436
2025-09-29 16:09:17,748 - root - INFO - best test average_precision: 0.9436
2025-09-29 16:09:17,748 - root - INFO - test roc_auc, 0.9437
2025-09-29 16:09:17,748 - root - INFO - new node test loss: 0.3678
2025-09-29 16:09:17,748 - root - INFO - new node test average_precision, 0.9228
2025-09-29 16:09:17,748 - root - INFO - new node test roc_auc, 0.9166
2025-09-29 16:09:17,749 - root - INFO - save model ./saved_models/JODIE/wikipedia/JODIE_seed0/JODIE_seed0.pkl
2025-09-29 16:09:37,296 - root - INFO - Epoch: 15, learning rate: 0.0001, train loss: 0.2860
2025-09-29 16:09:37,297 - root - INFO - train average_precision, 0.9492
2025-09-29 16:09:37,297 - root - INFO - train roc_auc, 0.9482
2025-09-29 16:09:37,297 - root - INFO - validate loss: 0.2803
2025-09-29 16:09:37,297 - root - INFO - validate average_precision, 0.9558
2025-09-29 16:09:37,297 - root - INFO - validate roc_auc, 0.9527
2025-09-29 16:09:37,297 - root - INFO - new node validate loss: 0.3652
2025-09-29 16:09:37,297 - root - INFO - new node validate average_precision, 0.9225
2025-09-29 16:09:37,297 - root - INFO - new node validate roc_auc, 0.9122
2025-09-29 16:09:41,972 - root - INFO - test loss: 0.2925
2025-09-29 16:09:41,972 - root - INFO - test average_precision, 0.9508
2025-09-29 16:09:41,972 - root - INFO - best test average_precision: 0.9508
2025-09-29 16:09:41,972 - root - INFO - test roc_auc, 0.9491
2025-09-29 16:09:41,972 - root - INFO - new node test loss: 0.3590
2025-09-29 16:09:41,972 - root - INFO - new node test average_precision, 0.9285
2025-09-29 16:09:41,972 - root - INFO - new node test roc_auc, 0.9206
2025-09-29 16:09:41,972 - root - INFO - save model ./saved_models/JODIE/wikipedia/JODIE_seed0/JODIE_seed0.pkl
2025-09-29 16:10:01,401 - root - INFO - Epoch: 16, learning rate: 0.0001, train loss: 0.2830
2025-09-29 16:10:01,401 - root - INFO - train average_precision, 0.9500
2025-09-29 16:10:01,401 - root - INFO - train roc_auc, 0.9491
2025-09-29 16:10:01,401 - root - INFO - validate loss: 0.2837
2025-09-29 16:10:01,401 - root - INFO - validate average_precision, 0.9541
2025-09-29 16:10:01,401 - root - INFO - validate roc_auc, 0.9515
2025-09-29 16:10:01,401 - root - INFO - new node validate loss: 0.3665
2025-09-29 16:10:01,401 - root - INFO - new node validate average_precision, 0.9226
2025-09-29 16:10:01,401 - root - INFO - new node validate roc_auc, 0.9115
2025-09-29 16:10:06,112 - root - INFO - test loss: 0.3022
2025-09-29 16:10:06,112 - root - INFO - test average_precision, 0.9475
2025-09-29 16:10:06,112 - root - INFO - best test average_precision: 0.9508
2025-09-29 16:10:06,112 - root - INFO - test roc_auc, 0.9461
2025-09-29 16:10:06,112 - root - INFO - new node test loss: 0.3683
2025-09-29 16:10:06,112 - root - INFO - new node test average_precision, 0.9241
2025-09-29 16:10:06,112 - root - INFO - new node test roc_auc, 0.9164
2025-09-29 16:10:24,446 - root - INFO - Epoch: 17, learning rate: 0.0001, train loss: 0.2815
2025-09-29 16:10:24,447 - root - INFO - train average_precision, 0.9509
2025-09-29 16:10:24,447 - root - INFO - train roc_auc, 0.9496
2025-09-29 16:10:24,447 - root - INFO - validate loss: 0.2802
2025-09-29 16:10:24,447 - root - INFO - validate average_precision, 0.9557
2025-09-29 16:10:24,447 - root - INFO - validate roc_auc, 0.9523
2025-09-29 16:10:24,447 - root - INFO - new node validate loss: 0.3648
2025-09-29 16:10:24,447 - root - INFO - new node validate average_precision, 0.9230
2025-09-29 16:10:24,447 - root - INFO - new node validate roc_auc, 0.9127
2025-09-29 16:10:29,185 - root - INFO - test loss: 0.2935
2025-09-29 16:10:29,185 - root - INFO - test average_precision, 0.9507
2025-09-29 16:10:29,185 - root - INFO - best test average_precision: 0.9508
2025-09-29 16:10:29,185 - root - INFO - test roc_auc, 0.9492
2025-09-29 16:10:29,186 - root - INFO - new node test loss: 0.3557
2025-09-29 16:10:29,186 - root - INFO - new node test average_precision, 0.9295
2025-09-29 16:10:29,186 - root - INFO - new node test roc_auc, 0.9221
2025-09-29 16:10:47,501 - root - INFO - Epoch: 18, learning rate: 0.0001, train loss: 0.2779
2025-09-29 16:10:47,501 - root - INFO - train average_precision, 0.9522
2025-09-29 16:10:47,501 - root - INFO - train roc_auc, 0.9508
2025-09-29 16:10:47,501 - root - INFO - validate loss: 0.2850
2025-09-29 16:10:47,501 - root - INFO - validate average_precision, 0.9537
2025-09-29 16:10:47,501 - root - INFO - validate roc_auc, 0.9509
2025-09-29 16:10:47,501 - root - INFO - new node validate loss: 0.3644
2025-09-29 16:10:47,501 - root - INFO - new node validate average_precision, 0.9224
2025-09-29 16:10:47,501 - root - INFO - new node validate roc_auc, 0.9118
2025-09-29 16:10:52,175 - root - INFO - test loss: 0.3066
2025-09-29 16:10:52,175 - root - INFO - test average_precision, 0.9472
2025-09-29 16:10:52,176 - root - INFO - best test average_precision: 0.9508
2025-09-29 16:10:52,176 - root - INFO - test roc_auc, 0.9455
2025-09-29 16:10:52,176 - root - INFO - new node test loss: 0.3696
2025-09-29 16:10:52,176 - root - INFO - new node test average_precision, 0.9250
2025-09-29 16:10:52,176 - root - INFO - new node test roc_auc, 0.9158
2025-09-29 16:11:10,555 - root - INFO - Epoch: 19, learning rate: 0.0001, train loss: 0.2766
2025-09-29 16:11:10,555 - root - INFO - train average_precision, 0.9528
2025-09-29 16:11:10,555 - root - INFO - train roc_auc, 0.9513
2025-09-29 16:11:10,555 - root - INFO - validate loss: 0.2951
2025-09-29 16:11:10,555 - root - INFO - validate average_precision, 0.9518
2025-09-29 16:11:10,555 - root - INFO - validate roc_auc, 0.9482
2025-09-29 16:11:10,556 - root - INFO - new node validate loss: 0.3698
2025-09-29 16:11:10,556 - root - INFO - new node validate average_precision, 0.9226
2025-09-29 16:11:10,556 - root - INFO - new node validate roc_auc, 0.9110
2025-09-29 16:11:15,263 - root - INFO - test loss: 0.3351
2025-09-29 16:11:15,263 - root - INFO - test average_precision, 0.9389
2025-09-29 16:11:15,263 - root - INFO - best test average_precision: 0.9508
2025-09-29 16:11:15,263 - root - INFO - test roc_auc, 0.9366
2025-09-29 16:11:15,263 - root - INFO - new node test loss: 0.3847
2025-09-29 16:11:15,263 - root - INFO - new node test average_precision, 0.9201
2025-09-29 16:11:15,263 - root - INFO - new node test roc_auc, 0.9103
2025-09-29 16:11:33,669 - root - INFO - Epoch: 20, learning rate: 0.0001, train loss: 0.2742
2025-09-29 16:11:33,669 - root - INFO - train average_precision, 0.9532
2025-09-29 16:11:33,669 - root - INFO - train roc_auc, 0.9517
2025-09-29 16:11:33,670 - root - INFO - validate loss: 0.2804
2025-09-29 16:11:33,670 - root - INFO - validate average_precision, 0.9565
2025-09-29 16:11:33,670 - root - INFO - validate roc_auc, 0.9523
2025-09-29 16:11:33,670 - root - INFO - new node validate loss: 0.3651
2025-09-29 16:11:33,670 - root - INFO - new node validate average_precision, 0.9242
2025-09-29 16:11:33,670 - root - INFO - new node validate roc_auc, 0.9128
2025-09-29 16:11:38,387 - root - INFO - test loss: 0.2966
2025-09-29 16:11:38,387 - root - INFO - test average_precision, 0.9519
2025-09-29 16:11:38,387 - root - INFO - best test average_precision: 0.9519
2025-09-29 16:11:38,387 - root - INFO - test roc_auc, 0.9484
2025-09-29 16:11:38,387 - root - INFO - new node test loss: 0.3593
2025-09-29 16:11:38,387 - root - INFO - new node test average_precision, 0.9304
2025-09-29 16:11:38,387 - root - INFO - new node test roc_auc, 0.9219
2025-09-29 16:11:56,915 - root - INFO - Epoch: 21, learning rate: 0.0001, train loss: 0.2703
2025-09-29 16:11:56,915 - root - INFO - train average_precision, 0.9541
2025-09-29 16:11:56,915 - root - INFO - train roc_auc, 0.9530
2025-09-29 16:11:56,915 - root - INFO - validate loss: 0.2817
2025-09-29 16:11:56,915 - root - INFO - validate average_precision, 0.9567
2025-09-29 16:11:56,916 - root - INFO - validate roc_auc, 0.9524
2025-09-29 16:11:56,916 - root - INFO - new node validate loss: 0.3733
2025-09-29 16:11:56,916 - root - INFO - new node validate average_precision, 0.9243
2025-09-29 16:11:56,916 - root - INFO - new node validate roc_auc, 0.9116
2025-09-29 16:12:01,639 - root - INFO - test loss: 0.2965
2025-09-29 16:12:01,640 - root - INFO - test average_precision, 0.9531
2025-09-29 16:12:01,640 - root - INFO - best test average_precision: 0.9531
2025-09-29 16:12:01,640 - root - INFO - test roc_auc, 0.9496
2025-09-29 16:12:01,640 - root - INFO - new node test loss: 0.3742
2025-09-29 16:12:01,640 - root - INFO - new node test average_precision, 0.9263
2025-09-29 16:12:01,640 - root - INFO - new node test roc_auc, 0.9161
2025-09-29 16:12:20,029 - root - INFO - Epoch: 22, learning rate: 0.0001, train loss: 0.2643
2025-09-29 16:12:20,030 - root - INFO - train average_precision, 0.9564
2025-09-29 16:12:20,030 - root - INFO - train roc_auc, 0.9549
2025-09-29 16:12:20,030 - root - INFO - validate loss: 0.2855
2025-09-29 16:12:20,030 - root - INFO - validate average_precision, 0.9566
2025-09-29 16:12:20,030 - root - INFO - validate roc_auc, 0.9518
2025-09-29 16:12:20,030 - root - INFO - new node validate loss: 0.3701
2025-09-29 16:12:20,030 - root - INFO - new node validate average_precision, 0.9248
2025-09-29 16:12:20,030 - root - INFO - new node validate roc_auc, 0.9133
2025-09-29 16:12:24,736 - root - INFO - test loss: 0.2925
2025-09-29 16:12:24,736 - root - INFO - test average_precision, 0.9527
2025-09-29 16:12:24,736 - root - INFO - best test average_precision: 0.9531
2025-09-29 16:12:24,736 - root - INFO - test roc_auc, 0.9504
2025-09-29 16:12:24,736 - root - INFO - new node test loss: 0.3593
2025-09-29 16:12:24,736 - root - INFO - new node test average_precision, 0.9313
2025-09-29 16:12:24,736 - root - INFO - new node test roc_auc, 0.9227
2025-09-29 16:12:43,166 - root - INFO - Epoch: 23, learning rate: 0.0001, train loss: 0.2658
2025-09-29 16:12:43,167 - root - INFO - train average_precision, 0.9563
2025-09-29 16:12:43,167 - root - INFO - train roc_auc, 0.9546
2025-09-29 16:12:43,167 - root - INFO - validate loss: 0.2851
2025-09-29 16:12:43,167 - root - INFO - validate average_precision, 0.9564
2025-09-29 16:12:43,167 - root - INFO - validate roc_auc, 0.9516
2025-09-29 16:12:43,167 - root - INFO - new node validate loss: 0.3632
2025-09-29 16:12:43,167 - root - INFO - new node validate average_precision, 0.9260
2025-09-29 16:12:43,167 - root - INFO - new node validate roc_auc, 0.9145
2025-09-29 16:12:47,888 - root - INFO - test loss: 0.3002
2025-09-29 16:12:47,888 - root - INFO - test average_precision, 0.9499
2025-09-29 16:12:47,889 - root - INFO - best test average_precision: 0.9531
2025-09-29 16:12:47,889 - root - INFO - test roc_auc, 0.9468
2025-09-29 16:12:47,889 - root - INFO - new node test loss: 0.3617
2025-09-29 16:12:47,889 - root - INFO - new node test average_precision, 0.9275
2025-09-29 16:12:47,889 - root - INFO - new node test roc_auc, 0.9192
2025-09-29 16:13:06,207 - root - INFO - Epoch: 24, learning rate: 0.0001, train loss: 0.2619
2025-09-29 16:13:06,207 - root - INFO - train average_precision, 0.9571
2025-09-29 16:13:06,207 - root - INFO - train roc_auc, 0.9558
2025-09-29 16:13:06,207 - root - INFO - validate loss: 0.2823
2025-09-29 16:13:06,207 - root - INFO - validate average_precision, 0.9570
2025-09-29 16:13:06,207 - root - INFO - validate roc_auc, 0.9528
2025-09-29 16:13:06,207 - root - INFO - new node validate loss: 0.3726
2025-09-29 16:13:06,207 - root - INFO - new node validate average_precision, 0.9249
2025-09-29 16:13:06,208 - root - INFO - new node validate roc_auc, 0.9126
2025-09-29 16:13:10,914 - root - INFO - test loss: 0.3038
2025-09-29 16:13:10,914 - root - INFO - test average_precision, 0.9524
2025-09-29 16:13:10,914 - root - INFO - best test average_precision: 0.9531
2025-09-29 16:13:10,914 - root - INFO - test roc_auc, 0.9481
2025-09-29 16:13:10,914 - root - INFO - new node test loss: 0.3687
2025-09-29 16:13:10,914 - root - INFO - new node test average_precision, 0.9297
2025-09-29 16:13:10,914 - root - INFO - new node test roc_auc, 0.9191
2025-09-29 16:13:10,914 - root - INFO - save model ./saved_models/JODIE/wikipedia/JODIE_seed0/JODIE_seed0.pkl
2025-09-29 16:13:30,337 - root - INFO - Epoch: 25, learning rate: 0.0001, train loss: 0.2586
2025-09-29 16:13:30,337 - root - INFO - train average_precision, 0.9583
2025-09-29 16:13:30,338 - root - INFO - train roc_auc, 0.9568
2025-09-29 16:13:30,338 - root - INFO - validate loss: 0.2835
2025-09-29 16:13:30,338 - root - INFO - validate average_precision, 0.9576
2025-09-29 16:13:30,338 - root - INFO - validate roc_auc, 0.9530
2025-09-29 16:13:30,338 - root - INFO - new node validate loss: 0.3680
2025-09-29 16:13:30,338 - root - INFO - new node validate average_precision, 0.9263
2025-09-29 16:13:30,338 - root - INFO - new node validate roc_auc, 0.9152
2025-09-29 16:13:35,051 - root - INFO - test loss: 0.2903
2025-09-29 16:13:35,051 - root - INFO - test average_precision, 0.9550
2025-09-29 16:13:35,051 - root - INFO - best test average_precision: 0.9550
2025-09-29 16:13:35,051 - root - INFO - test roc_auc, 0.9518
2025-09-29 16:13:35,051 - root - INFO - new node test loss: 0.3542
2025-09-29 16:13:35,051 - root - INFO - new node test average_precision, 0.9337
2025-09-29 16:13:35,052 - root - INFO - new node test roc_auc, 0.9259
2025-09-29 16:13:35,052 - root - INFO - save model ./saved_models/JODIE/wikipedia/JODIE_seed0/JODIE_seed0.pkl
2025-09-29 16:13:54,625 - root - INFO - Epoch: 26, learning rate: 0.0001, train loss: 0.2557
2025-09-29 16:13:54,625 - root - INFO - train average_precision, 0.9588
2025-09-29 16:13:54,625 - root - INFO - train roc_auc, 0.9576
2025-09-29 16:13:54,625 - root - INFO - validate loss: 0.2788
2025-09-29 16:13:54,625 - root - INFO - validate average_precision, 0.9593
2025-09-29 16:13:54,625 - root - INFO - validate roc_auc, 0.9553
2025-09-29 16:13:54,625 - root - INFO - new node validate loss: 0.3704
2025-09-29 16:13:54,625 - root - INFO - new node validate average_precision, 0.9270
2025-09-29 16:13:54,625 - root - INFO - new node validate roc_auc, 0.9148
2025-09-29 16:13:59,360 - root - INFO - test loss: 0.2851
2025-09-29 16:13:59,360 - root - INFO - test average_precision, 0.9563
2025-09-29 16:13:59,360 - root - INFO - best test average_precision: 0.9563
2025-09-29 16:13:59,360 - root - INFO - test roc_auc, 0.9538
2025-09-29 16:13:59,360 - root - INFO - new node test loss: 0.3570
2025-09-29 16:13:59,360 - root - INFO - new node test average_precision, 0.9335
2025-09-29 16:13:59,360 - root - INFO - new node test roc_auc, 0.9242
2025-09-29 16:13:59,360 - root - INFO - save model ./saved_models/JODIE/wikipedia/JODIE_seed0/JODIE_seed0.pkl
2025-09-29 16:14:18,871 - root - INFO - Epoch: 27, learning rate: 0.0001, train loss: 0.2494
2025-09-29 16:14:18,871 - root - INFO - train average_precision, 0.9605
2025-09-29 16:14:18,871 - root - INFO - train roc_auc, 0.9595
2025-09-29 16:14:18,871 - root - INFO - validate loss: 0.2741
2025-09-29 16:14:18,872 - root - INFO - validate average_precision, 0.9598
2025-09-29 16:14:18,872 - root - INFO - validate roc_auc, 0.9556
2025-09-29 16:14:18,872 - root - INFO - new node validate loss: 0.3681
2025-09-29 16:14:18,872 - root - INFO - new node validate average_precision, 0.9261
2025-09-29 16:14:18,872 - root - INFO - new node validate roc_auc, 0.9148
2025-09-29 16:14:23,549 - root - INFO - test loss: 0.2752
2025-09-29 16:14:23,549 - root - INFO - test average_precision, 0.9588
2025-09-29 16:14:23,549 - root - INFO - best test average_precision: 0.9588
2025-09-29 16:14:23,549 - root - INFO - test roc_auc, 0.9560
2025-09-29 16:14:23,549 - root - INFO - new node test loss: 0.3588
2025-09-29 16:14:23,549 - root - INFO - new node test average_precision, 0.9310
2025-09-29 16:14:23,549 - root - INFO - new node test roc_auc, 0.9228
2025-09-29 16:14:23,549 - root - INFO - save model ./saved_models/JODIE/wikipedia/JODIE_seed0/JODIE_seed0.pkl
2025-09-29 16:14:43,090 - root - INFO - Epoch: 28, learning rate: 0.0001, train loss: 0.2481
2025-09-29 16:14:43,090 - root - INFO - train average_precision, 0.9612
2025-09-29 16:14:43,090 - root - INFO - train roc_auc, 0.9600
2025-09-29 16:14:43,090 - root - INFO - validate loss: 0.2753
2025-09-29 16:14:43,090 - root - INFO - validate average_precision, 0.9593
2025-09-29 16:14:43,091 - root - INFO - validate roc_auc, 0.9553
2025-09-29 16:14:43,091 - root - INFO - new node validate loss: 0.3649
2025-09-29 16:14:43,091 - root - INFO - new node validate average_precision, 0.9278
2025-09-29 16:14:43,091 - root - INFO - new node validate roc_auc, 0.9162
2025-09-29 16:14:47,839 - root - INFO - test loss: 0.2819
2025-09-29 16:14:47,839 - root - INFO - test average_precision, 0.9582
2025-09-29 16:14:47,839 - root - INFO - best test average_precision: 0.9588
2025-09-29 16:14:47,839 - root - INFO - test roc_auc, 0.9541
2025-09-29 16:14:47,839 - root - INFO - new node test loss: 0.3545
2025-09-29 16:14:47,839 - root - INFO - new node test average_precision, 0.9336
2025-09-29 16:14:47,840 - root - INFO - new node test roc_auc, 0.9253
2025-09-29 16:15:06,179 - root - INFO - Epoch: 29, learning rate: 0.0001, train loss: 0.2459
2025-09-29 16:15:06,179 - root - INFO - train average_precision, 0.9611
2025-09-29 16:15:06,179 - root - INFO - train roc_auc, 0.9605
2025-09-29 16:15:06,179 - root - INFO - validate loss: 0.2716
2025-09-29 16:15:06,179 - root - INFO - validate average_precision, 0.9603
2025-09-29 16:15:06,179 - root - INFO - validate roc_auc, 0.9562
2025-09-29 16:15:06,179 - root - INFO - new node validate loss: 0.3619
2025-09-29 16:15:06,179 - root - INFO - new node validate average_precision, 0.9283
2025-09-29 16:15:06,179 - root - INFO - new node validate roc_auc, 0.9169
2025-09-29 16:15:10,918 - root - INFO - test loss: 0.2728
2025-09-29 16:15:10,918 - root - INFO - test average_precision, 0.9593
2025-09-29 16:15:10,918 - root - INFO - best test average_precision: 0.9593
2025-09-29 16:15:10,918 - root - INFO - test roc_auc, 0.9564
2025-09-29 16:15:10,918 - root - INFO - new node test loss: 0.3490
2025-09-29 16:15:10,919 - root - INFO - new node test average_precision, 0.9340
2025-09-29 16:15:10,919 - root - INFO - new node test roc_auc, 0.9267
2025-09-29 16:15:10,919 - root - INFO - save model ./saved_models/JODIE/wikipedia/JODIE_seed0/JODIE_seed0.pkl
2025-09-29 16:15:30,628 - root - INFO - Epoch: 30, learning rate: 0.0001, train loss: 0.2426
2025-09-29 16:15:30,628 - root - INFO - train average_precision, 0.9624
2025-09-29 16:15:30,628 - root - INFO - train roc_auc, 0.9615
2025-09-29 16:15:30,628 - root - INFO - validate loss: 0.2652
2025-09-29 16:15:30,628 - root - INFO - validate average_precision, 0.9614
2025-09-29 16:15:30,628 - root - INFO - validate roc_auc, 0.9580
2025-09-29 16:15:30,628 - root - INFO - new node validate loss: 0.3547
2025-09-29 16:15:30,629 - root - INFO - new node validate average_precision, 0.9295
2025-09-29 16:15:30,629 - root - INFO - new node validate roc_auc, 0.9191
2025-09-29 16:15:35,417 - root - INFO - test loss: 0.2683
2025-09-29 16:15:35,417 - root - INFO - test average_precision, 0.9605
2025-09-29 16:15:35,417 - root - INFO - best test average_precision: 0.9605
2025-09-29 16:15:35,417 - root - INFO - test roc_auc, 0.9579
2025-09-29 16:15:35,417 - root - INFO - new node test loss: 0.3406
2025-09-29 16:15:35,417 - root - INFO - new node test average_precision, 0.9365
2025-09-29 16:15:35,417 - root - INFO - new node test roc_auc, 0.9301
2025-09-29 16:15:35,418 - root - INFO - save model ./saved_models/JODIE/wikipedia/JODIE_seed0/JODIE_seed0.pkl
2025-09-29 16:15:55,109 - root - INFO - Epoch: 31, learning rate: 0.0001, train loss: 0.2423
2025-09-29 16:15:55,110 - root - INFO - train average_precision, 0.9620
2025-09-29 16:15:55,110 - root - INFO - train roc_auc, 0.9615
2025-09-29 16:15:55,110 - root - INFO - validate loss: 0.2667
2025-09-29 16:15:55,110 - root - INFO - validate average_precision, 0.9618
2025-09-29 16:15:55,110 - root - INFO - validate roc_auc, 0.9579
2025-09-29 16:15:55,110 - root - INFO - new node validate loss: 0.3605
2025-09-29 16:15:55,110 - root - INFO - new node validate average_precision, 0.9285
2025-09-29 16:15:55,110 - root - INFO - new node validate roc_auc, 0.9182
2025-09-29 16:15:59,973 - root - INFO - test loss: 0.2644
2025-09-29 16:15:59,973 - root - INFO - test average_precision, 0.9614
2025-09-29 16:15:59,973 - root - INFO - best test average_precision: 0.9614
2025-09-29 16:15:59,973 - root - INFO - test roc_auc, 0.9588
2025-09-29 16:15:59,973 - root - INFO - new node test loss: 0.3440
2025-09-29 16:15:59,973 - root - INFO - new node test average_precision, 0.9365
2025-09-29 16:15:59,973 - root - INFO - new node test roc_auc, 0.9289
2025-09-29 16:16:18,548 - root - INFO - Epoch: 32, learning rate: 0.0001, train loss: 0.2396
2025-09-29 16:16:18,549 - root - INFO - train average_precision, 0.9632
2025-09-29 16:16:18,549 - root - INFO - train roc_auc, 0.9622
2025-09-29 16:16:18,549 - root - INFO - validate loss: 0.2689
2025-09-29 16:16:18,549 - root - INFO - validate average_precision, 0.9617
2025-09-29 16:16:18,549 - root - INFO - validate roc_auc, 0.9576
2025-09-29 16:16:18,549 - root - INFO - new node validate loss: 0.3634
2025-09-29 16:16:18,549 - root - INFO - new node validate average_precision, 0.9267
2025-09-29 16:16:18,549 - root - INFO - new node validate roc_auc, 0.9160
2025-09-29 16:16:23,449 - root - INFO - test loss: 0.2714
2025-09-29 16:16:23,449 - root - INFO - test average_precision, 0.9595
2025-09-29 16:16:23,449 - root - INFO - best test average_precision: 0.9614
2025-09-29 16:16:23,449 - root - INFO - test roc_auc, 0.9569
2025-09-29 16:16:23,449 - root - INFO - new node test loss: 0.3465
2025-09-29 16:16:23,449 - root - INFO - new node test average_precision, 0.9355
2025-09-29 16:16:23,450 - root - INFO - new node test roc_auc, 0.9280
2025-09-29 16:16:42,135 - root - INFO - Epoch: 33, learning rate: 0.0001, train loss: 0.2372
2025-09-29 16:16:42,135 - root - INFO - train average_precision, 0.9636
2025-09-29 16:16:42,135 - root - INFO - train roc_auc, 0.9628
2025-09-29 16:16:42,135 - root - INFO - validate loss: 0.2676
2025-09-29 16:16:42,135 - root - INFO - validate average_precision, 0.9622
2025-09-29 16:16:42,135 - root - INFO - validate roc_auc, 0.9582
2025-09-29 16:16:42,135 - root - INFO - new node validate loss: 0.3673
2025-09-29 16:16:42,135 - root - INFO - new node validate average_precision, 0.9275
2025-09-29 16:16:42,135 - root - INFO - new node validate roc_auc, 0.9165
2025-09-29 16:16:47,655 - root - INFO - test loss: 0.2678
2025-09-29 16:16:47,656 - root - INFO - test average_precision, 0.9609
2025-09-29 16:16:47,656 - root - INFO - best test average_precision: 0.9614
2025-09-29 16:16:47,656 - root - INFO - test roc_auc, 0.9586
2025-09-29 16:16:47,656 - root - INFO - new node test loss: 0.3506
2025-09-29 16:16:47,656 - root - INFO - new node test average_precision, 0.9353
2025-09-29 16:16:47,656 - root - INFO - new node test roc_auc, 0.9273
2025-09-29 16:16:47,656 - root - INFO - save model ./saved_models/JODIE/wikipedia/JODIE_seed0/JODIE_seed0.pkl
2025-09-29 16:17:07,403 - root - INFO - Epoch: 34, learning rate: 0.0001, train loss: 0.2343
2025-09-29 16:17:07,403 - root - INFO - train average_precision, 0.9641
2025-09-29 16:17:07,404 - root - INFO - train roc_auc, 0.9636
2025-09-29 16:17:07,404 - root - INFO - validate loss: 0.2637
2025-09-29 16:17:07,404 - root - INFO - validate average_precision, 0.9623
2025-09-29 16:17:07,404 - root - INFO - validate roc_auc, 0.9591
2025-09-29 16:17:07,404 - root - INFO - new node validate loss: 0.3593
2025-09-29 16:17:07,404 - root - INFO - new node validate average_precision, 0.9295
2025-09-29 16:17:07,404 - root - INFO - new node validate roc_auc, 0.9194
2025-09-29 16:17:12,081 - root - INFO - test loss: 0.2635
2025-09-29 16:17:12,081 - root - INFO - test average_precision, 0.9615
2025-09-29 16:17:12,081 - root - INFO - best test average_precision: 0.9615
2025-09-29 16:17:12,081 - root - INFO - test roc_auc, 0.9594
2025-09-29 16:17:12,081 - root - INFO - new node test loss: 0.3404
2025-09-29 16:17:12,081 - root - INFO - new node test average_precision, 0.9366
2025-09-29 16:17:12,081 - root - INFO - new node test roc_auc, 0.9311
2025-09-29 16:17:12,081 - root - INFO - save model ./saved_models/JODIE/wikipedia/JODIE_seed0/JODIE_seed0.pkl
2025-09-29 16:17:31,617 - root - INFO - Epoch: 35, learning rate: 0.0001, train loss: 0.2330
2025-09-29 16:17:31,617 - root - INFO - train average_precision, 0.9646
2025-09-29 16:17:31,617 - root - INFO - train roc_auc, 0.9640
2025-09-29 16:17:31,617 - root - INFO - validate loss: 0.2624
2025-09-29 16:17:31,617 - root - INFO - validate average_precision, 0.9635
2025-09-29 16:17:31,617 - root - INFO - validate roc_auc, 0.9597
2025-09-29 16:17:31,617 - root - INFO - new node validate loss: 0.3553
2025-09-29 16:17:31,617 - root - INFO - new node validate average_precision, 0.9303
2025-09-29 16:17:31,617 - root - INFO - new node validate roc_auc, 0.9207
2025-09-29 16:17:36,297 - root - INFO - test loss: 0.2596
2025-09-29 16:17:36,298 - root - INFO - test average_precision, 0.9632
2025-09-29 16:17:36,298 - root - INFO - best test average_precision: 0.9632
2025-09-29 16:17:36,298 - root - INFO - test roc_auc, 0.9606
2025-09-29 16:17:36,298 - root - INFO - new node test loss: 0.3374
2025-09-29 16:17:36,298 - root - INFO - new node test average_precision, 0.9389
2025-09-29 16:17:36,298 - root - INFO - new node test roc_auc, 0.9323
2025-09-29 16:17:36,298 - root - INFO - save model ./saved_models/JODIE/wikipedia/JODIE_seed0/JODIE_seed0.pkl
2025-09-29 16:17:55,764 - root - INFO - Epoch: 36, learning rate: 0.0001, train loss: 0.2314
2025-09-29 16:17:55,764 - root - INFO - train average_precision, 0.9645
2025-09-29 16:17:55,764 - root - INFO - train roc_auc, 0.9643
2025-09-29 16:17:55,764 - root - INFO - validate loss: 0.2601
2025-09-29 16:17:55,764 - root - INFO - validate average_precision, 0.9632
2025-09-29 16:17:55,764 - root - INFO - validate roc_auc, 0.9599
2025-09-29 16:17:55,764 - root - INFO - new node validate loss: 0.3521
2025-09-29 16:17:55,764 - root - INFO - new node validate average_precision, 0.9307
2025-09-29 16:17:55,764 - root - INFO - new node validate roc_auc, 0.9208
2025-09-29 16:18:00,442 - root - INFO - test loss: 0.2595
2025-09-29 16:18:00,442 - root - INFO - test average_precision, 0.9628
2025-09-29 16:18:00,443 - root - INFO - best test average_precision: 0.9632
2025-09-29 16:18:00,443 - root - INFO - test roc_auc, 0.9605
2025-09-29 16:18:00,443 - root - INFO - new node test loss: 0.3335
2025-09-29 16:18:00,443 - root - INFO - new node test average_precision, 0.9396
2025-09-29 16:18:00,443 - root - INFO - new node test roc_auc, 0.9337
2025-09-29 16:18:18,748 - root - INFO - Epoch: 37, learning rate: 0.0001, train loss: 0.2312
2025-09-29 16:18:18,749 - root - INFO - train average_precision, 0.9650
2025-09-29 16:18:18,749 - root - INFO - train roc_auc, 0.9646
2025-09-29 16:18:18,749 - root - INFO - validate loss: 0.2656
2025-09-29 16:18:18,749 - root - INFO - validate average_precision, 0.9626
2025-09-29 16:18:18,749 - root - INFO - validate roc_auc, 0.9587
2025-09-29 16:18:18,749 - root - INFO - new node validate loss: 0.3587
2025-09-29 16:18:18,749 - root - INFO - new node validate average_precision, 0.9297
2025-09-29 16:18:18,749 - root - INFO - new node validate roc_auc, 0.9191
2025-09-29 16:18:23,465 - root - INFO - test loss: 0.2702
2025-09-29 16:18:23,465 - root - INFO - test average_precision, 0.9613
2025-09-29 16:18:23,465 - root - INFO - best test average_precision: 0.9632
2025-09-29 16:18:23,465 - root - INFO - test roc_auc, 0.9582
2025-09-29 16:18:23,465 - root - INFO - new node test loss: 0.3448
2025-09-29 16:18:23,465 - root - INFO - new node test average_precision, 0.9379
2025-09-29 16:18:23,466 - root - INFO - new node test roc_auc, 0.9306
2025-09-29 16:18:41,821 - root - INFO - Epoch: 38, learning rate: 0.0001, train loss: 0.2323
2025-09-29 16:18:41,821 - root - INFO - train average_precision, 0.9644
2025-09-29 16:18:41,821 - root - INFO - train roc_auc, 0.9642
2025-09-29 16:18:41,821 - root - INFO - validate loss: 0.2642
2025-09-29 16:18:41,822 - root - INFO - validate average_precision, 0.9624
2025-09-29 16:18:41,822 - root - INFO - validate roc_auc, 0.9586
2025-09-29 16:18:41,822 - root - INFO - new node validate loss: 0.3534
2025-09-29 16:18:41,822 - root - INFO - new node validate average_precision, 0.9308
2025-09-29 16:18:41,822 - root - INFO - new node validate roc_auc, 0.9208
2025-09-29 16:18:46,539 - root - INFO - test loss: 0.2731
2025-09-29 16:18:46,539 - root - INFO - test average_precision, 0.9605
2025-09-29 16:18:46,539 - root - INFO - best test average_precision: 0.9632
2025-09-29 16:18:46,539 - root - INFO - test roc_auc, 0.9570
2025-09-29 16:18:46,539 - root - INFO - new node test loss: 0.3362
2025-09-29 16:18:46,539 - root - INFO - new node test average_precision, 0.9406
2025-09-29 16:18:46,539 - root - INFO - new node test roc_auc, 0.9336
2025-09-29 16:19:04,885 - root - INFO - Epoch: 39, learning rate: 0.0001, train loss: 0.2271
2025-09-29 16:19:04,885 - root - INFO - train average_precision, 0.9658
2025-09-29 16:19:04,885 - root - INFO - train roc_auc, 0.9657
2025-09-29 16:19:04,885 - root - INFO - validate loss: 0.2677
2025-09-29 16:19:04,885 - root - INFO - validate average_precision, 0.9619
2025-09-29 16:19:04,885 - root - INFO - validate roc_auc, 0.9586
2025-09-29 16:19:04,885 - root - INFO - new node validate loss: 0.3585
2025-09-29 16:19:04,885 - root - INFO - new node validate average_precision, 0.9312
2025-09-29 16:19:04,885 - root - INFO - new node validate roc_auc, 0.9210
2025-09-29 16:19:09,590 - root - INFO - test loss: 0.2801
2025-09-29 16:19:09,590 - root - INFO - test average_precision, 0.9582
2025-09-29 16:19:09,590 - root - INFO - best test average_precision: 0.9632
2025-09-29 16:19:09,590 - root - INFO - test roc_auc, 0.9560
2025-09-29 16:19:09,590 - root - INFO - new node test loss: 0.3547
2025-09-29 16:19:09,590 - root - INFO - new node test average_precision, 0.9357
2025-09-29 16:19:09,590 - root - INFO - new node test roc_auc, 0.9287
2025-09-29 16:19:27,948 - root - INFO - Epoch: 40, learning rate: 0.0001, train loss: 0.2254
2025-09-29 16:19:27,948 - root - INFO - train average_precision, 0.9664
2025-09-29 16:19:27,949 - root - INFO - train roc_auc, 0.9661
2025-09-29 16:19:27,949 - root - INFO - validate loss: 0.2626
2025-09-29 16:19:27,949 - root - INFO - validate average_precision, 0.9629
2025-09-29 16:19:27,949 - root - INFO - validate roc_auc, 0.9591
2025-09-29 16:19:27,949 - root - INFO - new node validate loss: 0.3551
2025-09-29 16:19:27,949 - root - INFO - new node validate average_precision, 0.9304
2025-09-29 16:19:27,949 - root - INFO - new node validate roc_auc, 0.9197
2025-09-29 16:19:32,641 - root - INFO - test loss: 0.2751
2025-09-29 16:19:32,642 - root - INFO - test average_precision, 0.9590
2025-09-29 16:19:32,642 - root - INFO - best test average_precision: 0.9632
2025-09-29 16:19:32,642 - root - INFO - test roc_auc, 0.9558
2025-09-29 16:19:32,642 - root - INFO - new node test loss: 0.3470
2025-09-29 16:19:32,642 - root - INFO - new node test average_precision, 0.9364
2025-09-29 16:19:32,642 - root - INFO - new node test roc_auc, 0.9296
2025-09-29 16:19:51,074 - root - INFO - Epoch: 41, learning rate: 0.0001, train loss: 0.2237
2025-09-29 16:19:51,074 - root - INFO - train average_precision, 0.9667
2025-09-29 16:19:51,074 - root - INFO - train roc_auc, 0.9665
2025-09-29 16:19:51,074 - root - INFO - validate loss: 0.2598
2025-09-29 16:19:51,074 - root - INFO - validate average_precision, 0.9639
2025-09-29 16:19:51,075 - root - INFO - validate roc_auc, 0.9604
2025-09-29 16:19:51,075 - root - INFO - new node validate loss: 0.3542
2025-09-29 16:19:51,075 - root - INFO - new node validate average_precision, 0.9322
2025-09-29 16:19:51,075 - root - INFO - new node validate roc_auc, 0.9218
2025-09-29 16:19:55,804 - root - INFO - test loss: 0.2616
2025-09-29 16:19:55,804 - root - INFO - test average_precision, 0.9639
2025-09-29 16:19:55,804 - root - INFO - best test average_precision: 0.9639
2025-09-29 16:19:55,804 - root - INFO - test roc_auc, 0.9606
2025-09-29 16:19:55,804 - root - INFO - new node test loss: 0.3296
2025-09-29 16:19:55,804 - root - INFO - new node test average_precision, 0.9426
2025-09-29 16:19:55,804 - root - INFO - new node test roc_auc, 0.9365
2025-09-29 16:19:55,805 - root - INFO - save model ./saved_models/JODIE/wikipedia/JODIE_seed0/JODIE_seed0.pkl
2025-09-29 16:20:15,362 - root - INFO - Epoch: 42, learning rate: 0.0001, train loss: 0.2251
2025-09-29 16:20:15,362 - root - INFO - train average_precision, 0.9664
2025-09-29 16:20:15,362 - root - INFO - train roc_auc, 0.9661
2025-09-29 16:20:15,362 - root - INFO - validate loss: 0.2601
2025-09-29 16:20:15,362 - root - INFO - validate average_precision, 0.9645
2025-09-29 16:20:15,362 - root - INFO - validate roc_auc, 0.9608
2025-09-29 16:20:15,362 - root - INFO - new node validate loss: 0.3547
2025-09-29 16:20:15,362 - root - INFO - new node validate average_precision, 0.9320
2025-09-29 16:20:15,362 - root - INFO - new node validate roc_auc, 0.9215
2025-09-29 16:20:20,041 - root - INFO - test loss: 0.2612
2025-09-29 16:20:20,041 - root - INFO - test average_precision, 0.9636
2025-09-29 16:20:20,041 - root - INFO - best test average_precision: 0.9639
2025-09-29 16:20:20,041 - root - INFO - test roc_auc, 0.9607
2025-09-29 16:20:20,041 - root - INFO - new node test loss: 0.3379
2025-09-29 16:20:20,041 - root - INFO - new node test average_precision, 0.9396
2025-09-29 16:20:20,041 - root - INFO - new node test roc_auc, 0.9335
2025-09-29 16:20:20,042 - root - INFO - save model ./saved_models/JODIE/wikipedia/JODIE_seed0/JODIE_seed0.pkl
2025-09-29 16:20:39,590 - root - INFO - Epoch: 43, learning rate: 0.0001, train loss: 0.2207
2025-09-29 16:20:39,590 - root - INFO - train average_precision, 0.9678
2025-09-29 16:20:39,590 - root - INFO - train roc_auc, 0.9674
2025-09-29 16:20:39,590 - root - INFO - validate loss: 0.2651
2025-09-29 16:20:39,590 - root - INFO - validate average_precision, 0.9635
2025-09-29 16:20:39,590 - root - INFO - validate roc_auc, 0.9598
2025-09-29 16:20:39,590 - root - INFO - new node validate loss: 0.3564
2025-09-29 16:20:39,590 - root - INFO - new node validate average_precision, 0.9328
2025-09-29 16:20:39,590 - root - INFO - new node validate roc_auc, 0.9227
2025-09-29 16:20:44,279 - root - INFO - test loss: 0.2801
2025-09-29 16:20:44,279 - root - INFO - test average_precision, 0.9594
2025-09-29 16:20:44,279 - root - INFO - best test average_precision: 0.9639
2025-09-29 16:20:44,279 - root - INFO - test roc_auc, 0.9565
2025-09-29 16:20:44,279 - root - INFO - new node test loss: 0.3492
2025-09-29 16:20:44,279 - root - INFO - new node test average_precision, 0.9372
2025-09-29 16:20:44,280 - root - INFO - new node test roc_auc, 0.9307
2025-09-29 16:21:02,620 - root - INFO - Epoch: 44, learning rate: 0.0001, train loss: 0.2198
2025-09-29 16:21:02,621 - root - INFO - train average_precision, 0.9680
2025-09-29 16:21:02,621 - root - INFO - train roc_auc, 0.9676
2025-09-29 16:21:02,621 - root - INFO - validate loss: 0.2641
2025-09-29 16:21:02,621 - root - INFO - validate average_precision, 0.9637
2025-09-29 16:21:02,621 - root - INFO - validate roc_auc, 0.9602
2025-09-29 16:21:02,621 - root - INFO - new node validate loss: 0.3489
2025-09-29 16:21:02,621 - root - INFO - new node validate average_precision, 0.9340
2025-09-29 16:21:02,621 - root - INFO - new node validate roc_auc, 0.9244
2025-09-29 16:21:07,343 - root - INFO - test loss: 0.2787
2025-09-29 16:21:07,343 - root - INFO - test average_precision, 0.9597
2025-09-29 16:21:07,343 - root - INFO - best test average_precision: 0.9639
2025-09-29 16:21:07,343 - root - INFO - test roc_auc, 0.9564
2025-09-29 16:21:07,343 - root - INFO - new node test loss: 0.3372
2025-09-29 16:21:07,343 - root - INFO - new node test average_precision, 0.9409
2025-09-29 16:21:07,343 - root - INFO - new node test roc_auc, 0.9343
2025-09-29 16:21:25,656 - root - INFO - Epoch: 45, learning rate: 0.0001, train loss: 0.2224
2025-09-29 16:21:25,656 - root - INFO - train average_precision, 0.9674
2025-09-29 16:21:25,656 - root - INFO - train roc_auc, 0.9670
2025-09-29 16:21:25,657 - root - INFO - validate loss: 0.2623
2025-09-29 16:21:25,657 - root - INFO - validate average_precision, 0.9645
2025-09-29 16:21:25,657 - root - INFO - validate roc_auc, 0.9606
2025-09-29 16:21:25,657 - root - INFO - new node validate loss: 0.3569
2025-09-29 16:21:25,657 - root - INFO - new node validate average_precision, 0.9322
2025-09-29 16:21:25,657 - root - INFO - new node validate roc_auc, 0.9222
2025-09-29 16:21:30,356 - root - INFO - test loss: 0.2660
2025-09-29 16:21:30,356 - root - INFO - test average_precision, 0.9621
2025-09-29 16:21:30,356 - root - INFO - best test average_precision: 0.9639
2025-09-29 16:21:30,356 - root - INFO - test roc_auc, 0.9596
2025-09-29 16:21:30,356 - root - INFO - new node test loss: 0.3404
2025-09-29 16:21:30,356 - root - INFO - new node test average_precision, 0.9400
2025-09-29 16:21:30,356 - root - INFO - new node test roc_auc, 0.9323
2025-09-29 16:21:48,733 - root - INFO - Epoch: 46, learning rate: 0.0001, train loss: 0.2181
2025-09-29 16:21:48,733 - root - INFO - train average_precision, 0.9683
2025-09-29 16:21:48,734 - root - INFO - train roc_auc, 0.9680
2025-09-29 16:21:48,734 - root - INFO - validate loss: 0.2595
2025-09-29 16:21:48,734 - root - INFO - validate average_precision, 0.9653
2025-09-29 16:21:48,734 - root - INFO - validate roc_auc, 0.9615
2025-09-29 16:21:48,734 - root - INFO - new node validate loss: 0.3552
2025-09-29 16:21:48,734 - root - INFO - new node validate average_precision, 0.9330
2025-09-29 16:21:48,734 - root - INFO - new node validate roc_auc, 0.9227
2025-09-29 16:21:53,440 - root - INFO - test loss: 0.2744
2025-09-29 16:21:53,440 - root - INFO - test average_precision, 0.9602
2025-09-29 16:21:53,440 - root - INFO - best test average_precision: 0.9639
2025-09-29 16:21:53,440 - root - INFO - test roc_auc, 0.9577
2025-09-29 16:21:53,440 - root - INFO - new node test loss: 0.3444
2025-09-29 16:21:53,440 - root - INFO - new node test average_precision, 0.9383
2025-09-29 16:21:53,440 - root - INFO - new node test roc_auc, 0.9309
2025-09-29 16:21:53,440 - root - INFO - save model ./saved_models/JODIE/wikipedia/JODIE_seed0/JODIE_seed0.pkl
2025-09-29 16:22:12,953 - root - INFO - Epoch: 47, learning rate: 0.0001, train loss: 0.2158
2025-09-29 16:22:12,953 - root - INFO - train average_precision, 0.9685
2025-09-29 16:22:12,953 - root - INFO - train roc_auc, 0.9686
2025-09-29 16:22:12,953 - root - INFO - validate loss: 0.2637
2025-09-29 16:22:12,953 - root - INFO - validate average_precision, 0.9656
2025-09-29 16:22:12,954 - root - INFO - validate roc_auc, 0.9615
2025-09-29 16:22:12,954 - root - INFO - new node validate loss: 0.3634
2025-09-29 16:22:12,954 - root - INFO - new node validate average_precision, 0.9326
2025-09-29 16:22:12,954 - root - INFO - new node validate roc_auc, 0.9227
2025-09-29 16:22:17,648 - root - INFO - test loss: 0.2635
2025-09-29 16:22:17,649 - root - INFO - test average_precision, 0.9640
2025-09-29 16:22:17,649 - root - INFO - best test average_precision: 0.9640
2025-09-29 16:22:17,649 - root - INFO - test roc_auc, 0.9615
2025-09-29 16:22:17,649 - root - INFO - new node test loss: 0.3378
2025-09-29 16:22:17,649 - root - INFO - new node test average_precision, 0.9428
2025-09-29 16:22:17,649 - root - INFO - new node test roc_auc, 0.9360
2025-09-29 16:22:17,649 - root - INFO - save model ./saved_models/JODIE/wikipedia/JODIE_seed0/JODIE_seed0.pkl
2025-09-29 16:22:37,183 - root - INFO - Epoch: 48, learning rate: 0.0001, train loss: 0.2190
2025-09-29 16:22:37,183 - root - INFO - train average_precision, 0.9679
2025-09-29 16:22:37,183 - root - INFO - train roc_auc, 0.9677
2025-09-29 16:22:37,183 - root - INFO - validate loss: 0.2559
2025-09-29 16:22:37,183 - root - INFO - validate average_precision, 0.9653
2025-09-29 16:22:37,183 - root - INFO - validate roc_auc, 0.9616
2025-09-29 16:22:37,183 - root - INFO - new node validate loss: 0.3478
2025-09-29 16:22:37,183 - root - INFO - new node validate average_precision, 0.9329
2025-09-29 16:22:37,183 - root - INFO - new node validate roc_auc, 0.9231
2025-09-29 16:22:41,863 - root - INFO - test loss: 0.2620
2025-09-29 16:22:41,863 - root - INFO - test average_precision, 0.9627
2025-09-29 16:22:41,863 - root - INFO - best test average_precision: 0.9640
2025-09-29 16:22:41,863 - root - INFO - test roc_auc, 0.9603
2025-09-29 16:22:41,863 - root - INFO - new node test loss: 0.3349
2025-09-29 16:22:41,863 - root - INFO - new node test average_precision, 0.9413
2025-09-29 16:22:41,864 - root - INFO - new node test roc_auc, 0.9348
2025-09-29 16:23:00,251 - root - INFO - Epoch: 49, learning rate: 0.0001, train loss: 0.2129
2025-09-29 16:23:00,251 - root - INFO - train average_precision, 0.9696
2025-09-29 16:23:00,251 - root - INFO - train roc_auc, 0.9695
2025-09-29 16:23:00,251 - root - INFO - validate loss: 0.2588
2025-09-29 16:23:00,251 - root - INFO - validate average_precision, 0.9658
2025-09-29 16:23:00,251 - root - INFO - validate roc_auc, 0.9623
2025-09-29 16:23:00,251 - root - INFO - new node validate loss: 0.3450
2025-09-29 16:23:00,251 - root - INFO - new node validate average_precision, 0.9356
2025-09-29 16:23:00,251 - root - INFO - new node validate roc_auc, 0.9264
2025-09-29 16:23:04,995 - root - INFO - test loss: 0.2629
2025-09-29 16:23:04,995 - root - INFO - test average_precision, 0.9631
2025-09-29 16:23:04,995 - root - INFO - best test average_precision: 0.9640
2025-09-29 16:23:04,995 - root - INFO - test roc_auc, 0.9610
2025-09-29 16:23:04,995 - root - INFO - new node test loss: 0.3335
2025-09-29 16:23:04,995 - root - INFO - new node test average_precision, 0.9423
2025-09-29 16:23:04,995 - root - INFO - new node test roc_auc, 0.9367
2025-09-29 16:23:04,995 - root - INFO - save model ./saved_models/JODIE/wikipedia/JODIE_seed0/JODIE_seed0.pkl
2025-09-29 16:23:24,621 - root - INFO - Epoch: 50, learning rate: 0.0001, train loss: 0.2169
2025-09-29 16:23:24,621 - root - INFO - train average_precision, 0.9683
2025-09-29 16:23:24,621 - root - INFO - train roc_auc, 0.9683
2025-09-29 16:23:24,621 - root - INFO - validate loss: 0.2564
2025-09-29 16:23:24,621 - root - INFO - validate average_precision, 0.9655
2025-09-29 16:23:24,621 - root - INFO - validate roc_auc, 0.9621
2025-09-29 16:23:24,621 - root - INFO - new node validate loss: 0.3491
2025-09-29 16:23:24,622 - root - INFO - new node validate average_precision, 0.9335
2025-09-29 16:23:24,622 - root - INFO - new node validate roc_auc, 0.9246
2025-09-29 16:23:29,321 - root - INFO - test loss: 0.2588
2025-09-29 16:23:29,321 - root - INFO - test average_precision, 0.9639
2025-09-29 16:23:29,321 - root - INFO - best test average_precision: 0.9640
2025-09-29 16:23:29,321 - root - INFO - test roc_auc, 0.9613
2025-09-29 16:23:29,321 - root - INFO - new node test loss: 0.3264
2025-09-29 16:23:29,322 - root - INFO - new node test average_precision, 0.9437
2025-09-29 16:23:29,322 - root - INFO - new node test roc_auc, 0.9370
2025-09-29 16:23:47,702 - root - INFO - Epoch: 51, learning rate: 0.0001, train loss: 0.2098
2025-09-29 16:23:47,702 - root - INFO - train average_precision, 0.9701
2025-09-29 16:23:47,702 - root - INFO - train roc_auc, 0.9700
2025-09-29 16:23:47,702 - root - INFO - validate loss: 0.2624
2025-09-29 16:23:47,702 - root - INFO - validate average_precision, 0.9658
2025-09-29 16:23:47,702 - root - INFO - validate roc_auc, 0.9623
2025-09-29 16:23:47,702 - root - INFO - new node validate loss: 0.3561
2025-09-29 16:23:47,702 - root - INFO - new node validate average_precision, 0.9346
2025-09-29 16:23:47,702 - root - INFO - new node validate roc_auc, 0.9249
2025-09-29 16:23:52,427 - root - INFO - test loss: 0.2641
2025-09-29 16:23:52,427 - root - INFO - test average_precision, 0.9648
2025-09-29 16:23:52,427 - root - INFO - best test average_precision: 0.9648
2025-09-29 16:23:52,427 - root - INFO - test roc_auc, 0.9623
2025-09-29 16:23:52,427 - root - INFO - new node test loss: 0.3387
2025-09-29 16:23:52,427 - root - INFO - new node test average_precision, 0.9426
2025-09-29 16:23:52,427 - root - INFO - new node test roc_auc, 0.9362
2025-09-29 16:24:10,861 - root - INFO - Epoch: 52, learning rate: 0.0001, train loss: 0.2126
2025-09-29 16:24:10,861 - root - INFO - train average_precision, 0.9694
2025-09-29 16:24:10,861 - root - INFO - train roc_auc, 0.9692
2025-09-29 16:24:10,861 - root - INFO - validate loss: 0.2601
2025-09-29 16:24:10,861 - root - INFO - validate average_precision, 0.9657
2025-09-29 16:24:10,861 - root - INFO - validate roc_auc, 0.9620
2025-09-29 16:24:10,862 - root - INFO - new node validate loss: 0.3564
2025-09-29 16:24:10,862 - root - INFO - new node validate average_precision, 0.9337
2025-09-29 16:24:10,862 - root - INFO - new node validate roc_auc, 0.9239
2025-09-29 16:24:15,607 - root - INFO - test loss: 0.2658
2025-09-29 16:24:15,608 - root - INFO - test average_precision, 0.9635
2025-09-29 16:24:15,608 - root - INFO - best test average_precision: 0.9648
2025-09-29 16:24:15,608 - root - INFO - test roc_auc, 0.9606
2025-09-29 16:24:15,608 - root - INFO - new node test loss: 0.3378
2025-09-29 16:24:15,608 - root - INFO - new node test average_precision, 0.9433
2025-09-29 16:24:15,608 - root - INFO - new node test roc_auc, 0.9359
2025-09-29 16:24:34,031 - root - INFO - Epoch: 53, learning rate: 0.0001, train loss: 0.2091
2025-09-29 16:24:34,031 - root - INFO - train average_precision, 0.9700
2025-09-29 16:24:34,032 - root - INFO - train roc_auc, 0.9702
2025-09-29 16:24:34,032 - root - INFO - validate loss: 0.2596
2025-09-29 16:24:34,032 - root - INFO - validate average_precision, 0.9652
2025-09-29 16:24:34,032 - root - INFO - validate roc_auc, 0.9619
2025-09-29 16:24:34,032 - root - INFO - new node validate loss: 0.3521
2025-09-29 16:24:34,032 - root - INFO - new node validate average_precision, 0.9336
2025-09-29 16:24:34,032 - root - INFO - new node validate roc_auc, 0.9245
2025-09-29 16:24:38,750 - root - INFO - test loss: 0.2630
2025-09-29 16:24:38,751 - root - INFO - test average_precision, 0.9626
2025-09-29 16:24:38,751 - root - INFO - best test average_precision: 0.9648
2025-09-29 16:24:38,751 - root - INFO - test roc_auc, 0.9605
2025-09-29 16:24:38,751 - root - INFO - new node test loss: 0.3360
2025-09-29 16:24:38,751 - root - INFO - new node test average_precision, 0.9414
2025-09-29 16:24:38,751 - root - INFO - new node test roc_auc, 0.9352
2025-09-29 16:24:57,141 - root - INFO - Epoch: 54, learning rate: 0.0001, train loss: 0.2066
2025-09-29 16:24:57,142 - root - INFO - train average_precision, 0.9704
2025-09-29 16:24:57,142 - root - INFO - train roc_auc, 0.9707
2025-09-29 16:24:57,142 - root - INFO - validate loss: 0.2628
2025-09-29 16:24:57,142 - root - INFO - validate average_precision, 0.9653
2025-09-29 16:24:57,142 - root - INFO - validate roc_auc, 0.9618
2025-09-29 16:24:57,142 - root - INFO - new node validate loss: 0.3584
2025-09-29 16:24:57,142 - root - INFO - new node validate average_precision, 0.9330
2025-09-29 16:24:57,142 - root - INFO - new node validate roc_auc, 0.9235
2025-09-29 16:25:01,873 - root - INFO - test loss: 0.2667
2025-09-29 16:25:01,873 - root - INFO - test average_precision, 0.9626
2025-09-29 16:25:01,873 - root - INFO - best test average_precision: 0.9648
2025-09-29 16:25:01,873 - root - INFO - test roc_auc, 0.9604
2025-09-29 16:25:01,873 - root - INFO - new node test loss: 0.3426
2025-09-29 16:25:01,873 - root - INFO - new node test average_precision, 0.9409
2025-09-29 16:25:01,873 - root - INFO - new node test roc_auc, 0.9343
2025-09-29 16:25:20,235 - root - INFO - Epoch: 55, learning rate: 0.0001, train loss: 0.2079
2025-09-29 16:25:20,235 - root - INFO - train average_precision, 0.9700
2025-09-29 16:25:20,235 - root - INFO - train roc_auc, 0.9704
2025-09-29 16:25:20,235 - root - INFO - validate loss: 0.2564
2025-09-29 16:25:20,235 - root - INFO - validate average_precision, 0.9659
2025-09-29 16:25:20,236 - root - INFO - validate roc_auc, 0.9625
2025-09-29 16:25:20,236 - root - INFO - new node validate loss: 0.3450
2025-09-29 16:25:20,236 - root - INFO - new node validate average_precision, 0.9355
2025-09-29 16:25:20,236 - root - INFO - new node validate roc_auc, 0.9262
2025-09-29 16:25:24,976 - root - INFO - test loss: 0.2578
2025-09-29 16:25:24,976 - root - INFO - test average_precision, 0.9642
2025-09-29 16:25:24,976 - root - INFO - best test average_precision: 0.9648
2025-09-29 16:25:24,976 - root - INFO - test roc_auc, 0.9616
2025-09-29 16:25:24,976 - root - INFO - new node test loss: 0.3261
2025-09-29 16:25:24,976 - root - INFO - new node test average_precision, 0.9447
2025-09-29 16:25:24,976 - root - INFO - new node test roc_auc, 0.9384
2025-09-29 16:25:24,977 - root - INFO - save model ./saved_models/JODIE/wikipedia/JODIE_seed0/JODIE_seed0.pkl
2025-09-29 16:25:44,593 - root - INFO - Epoch: 56, learning rate: 0.0001, train loss: 0.2043
2025-09-29 16:25:44,593 - root - INFO - train average_precision, 0.9711
2025-09-29 16:25:44,593 - root - INFO - train roc_auc, 0.9713
2025-09-29 16:25:44,593 - root - INFO - validate loss: 0.2594
2025-09-29 16:25:44,593 - root - INFO - validate average_precision, 0.9656
2025-09-29 16:25:44,593 - root - INFO - validate roc_auc, 0.9622
2025-09-29 16:25:44,593 - root - INFO - new node validate loss: 0.3513
2025-09-29 16:25:44,593 - root - INFO - new node validate average_precision, 0.9347
2025-09-29 16:25:44,593 - root - INFO - new node validate roc_auc, 0.9256
2025-09-29 16:25:49,327 - root - INFO - test loss: 0.2612
2025-09-29 16:25:49,327 - root - INFO - test average_precision, 0.9641
2025-09-29 16:25:49,327 - root - INFO - best test average_precision: 0.9648
2025-09-29 16:25:49,327 - root - INFO - test roc_auc, 0.9614
2025-09-29 16:25:49,327 - root - INFO - new node test loss: 0.3238
2025-09-29 16:25:49,327 - root - INFO - new node test average_precision, 0.9469
2025-09-29 16:25:49,327 - root - INFO - new node test roc_auc, 0.9400
2025-09-29 16:26:07,826 - root - INFO - Epoch: 57, learning rate: 0.0001, train loss: 0.2062
2025-09-29 16:26:07,826 - root - INFO - train average_precision, 0.9706
2025-09-29 16:26:07,826 - root - INFO - train roc_auc, 0.9709
2025-09-29 16:26:07,826 - root - INFO - validate loss: 0.2619
2025-09-29 16:26:07,826 - root - INFO - validate average_precision, 0.9650
2025-09-29 16:26:07,826 - root - INFO - validate roc_auc, 0.9613
2025-09-29 16:26:07,826 - root - INFO - new node validate loss: 0.3578
2025-09-29 16:26:07,826 - root - INFO - new node validate average_precision, 0.9337
2025-09-29 16:26:07,826 - root - INFO - new node validate roc_auc, 0.9234
2025-09-29 16:26:12,545 - root - INFO - test loss: 0.2702
2025-09-29 16:26:12,545 - root - INFO - test average_precision, 0.9626
2025-09-29 16:26:12,545 - root - INFO - best test average_precision: 0.9648
2025-09-29 16:26:12,545 - root - INFO - test roc_auc, 0.9593
2025-09-29 16:26:12,545 - root - INFO - new node test loss: 0.3316
2025-09-29 16:26:12,545 - root - INFO - new node test average_precision, 0.9449
2025-09-29 16:26:12,545 - root - INFO - new node test roc_auc, 0.9371
2025-09-29 16:26:30,839 - root - INFO - Epoch: 58, learning rate: 0.0001, train loss: 0.2044
2025-09-29 16:26:30,839 - root - INFO - train average_precision, 0.9706
2025-09-29 16:26:30,840 - root - INFO - train roc_auc, 0.9711
2025-09-29 16:26:30,840 - root - INFO - validate loss: 0.2631
2025-09-29 16:26:30,840 - root - INFO - validate average_precision, 0.9647
2025-09-29 16:26:30,840 - root - INFO - validate roc_auc, 0.9611
2025-09-29 16:26:30,840 - root - INFO - new node validate loss: 0.3539
2025-09-29 16:26:30,840 - root - INFO - new node validate average_precision, 0.9346
2025-09-29 16:26:30,840 - root - INFO - new node validate roc_auc, 0.9244
2025-09-29 16:26:35,586 - root - INFO - test loss: 0.2627
2025-09-29 16:26:35,587 - root - INFO - test average_precision, 0.9635
2025-09-29 16:26:35,587 - root - INFO - best test average_precision: 0.9648
2025-09-29 16:26:35,587 - root - INFO - test roc_auc, 0.9611
2025-09-29 16:26:35,587 - root - INFO - new node test loss: 0.3292
2025-09-29 16:26:35,587 - root - INFO - new node test average_precision, 0.9444
2025-09-29 16:26:35,587 - root - INFO - new node test roc_auc, 0.9373
2025-09-29 16:26:54,049 - root - INFO - Epoch: 59, learning rate: 0.0001, train loss: 0.2027
2025-09-29 16:26:54,049 - root - INFO - train average_precision, 0.9713
2025-09-29 16:26:54,049 - root - INFO - train roc_auc, 0.9717
2025-09-29 16:26:54,049 - root - INFO - validate loss: 0.2609
2025-09-29 16:26:54,049 - root - INFO - validate average_precision, 0.9667
2025-09-29 16:26:54,049 - root - INFO - validate roc_auc, 0.9628
2025-09-29 16:26:54,049 - root - INFO - new node validate loss: 0.3577
2025-09-29 16:26:54,049 - root - INFO - new node validate average_precision, 0.9345
2025-09-29 16:26:54,049 - root - INFO - new node validate roc_auc, 0.9249
2025-09-29 16:26:58,743 - root - INFO - test loss: 0.2649
2025-09-29 16:26:58,744 - root - INFO - test average_precision, 0.9636
2025-09-29 16:26:58,744 - root - INFO - best test average_precision: 0.9648
2025-09-29 16:26:58,744 - root - INFO - test roc_auc, 0.9612
2025-09-29 16:26:58,744 - root - INFO - new node test loss: 0.3344
2025-09-29 16:26:58,744 - root - INFO - new node test average_precision, 0.9453
2025-09-29 16:26:58,744 - root - INFO - new node test roc_auc, 0.9378
2025-09-29 16:26:58,744 - root - INFO - save model ./saved_models/JODIE/wikipedia/JODIE_seed0/JODIE_seed0.pkl
2025-09-29 16:27:18,289 - root - INFO - Epoch: 60, learning rate: 0.0001, train loss: 0.2025
2025-09-29 16:27:18,289 - root - INFO - train average_precision, 0.9717
2025-09-29 16:27:18,289 - root - INFO - train roc_auc, 0.9718
2025-09-29 16:27:18,289 - root - INFO - validate loss: 0.2572
2025-09-29 16:27:18,289 - root - INFO - validate average_precision, 0.9667
2025-09-29 16:27:18,289 - root - INFO - validate roc_auc, 0.9631
2025-09-29 16:27:18,289 - root - INFO - new node validate loss: 0.3548
2025-09-29 16:27:18,289 - root - INFO - new node validate average_precision, 0.9344
2025-09-29 16:27:18,289 - root - INFO - new node validate roc_auc, 0.9244
2025-09-29 16:27:23,018 - root - INFO - test loss: 0.2616
2025-09-29 16:27:23,018 - root - INFO - test average_precision, 0.9644
2025-09-29 16:27:23,019 - root - INFO - best test average_precision: 0.9648
2025-09-29 16:27:23,019 - root - INFO - test roc_auc, 0.9619
2025-09-29 16:27:23,019 - root - INFO - new node test loss: 0.3275
2025-09-29 16:27:23,019 - root - INFO - new node test average_precision, 0.9459
2025-09-29 16:27:23,019 - root - INFO - new node test roc_auc, 0.9391
2025-09-29 16:27:23,019 - root - INFO - save model ./saved_models/JODIE/wikipedia/JODIE_seed0/JODIE_seed0.pkl
2025-09-29 16:27:42,643 - root - INFO - Epoch: 61, learning rate: 0.0001, train loss: 0.2009
2025-09-29 16:27:42,644 - root - INFO - train average_precision, 0.9718
2025-09-29 16:27:42,644 - root - INFO - train roc_auc, 0.9722
2025-09-29 16:27:42,644 - root - INFO - validate loss: 0.2563
2025-09-29 16:27:42,644 - root - INFO - validate average_precision, 0.9665
2025-09-29 16:27:42,644 - root - INFO - validate roc_auc, 0.9631
2025-09-29 16:27:42,644 - root - INFO - new node validate loss: 0.3523
2025-09-29 16:27:42,644 - root - INFO - new node validate average_precision, 0.9349
2025-09-29 16:27:42,644 - root - INFO - new node validate roc_auc, 0.9256
2025-09-29 16:27:47,348 - root - INFO - test loss: 0.2645
2025-09-29 16:27:47,349 - root - INFO - test average_precision, 0.9613
2025-09-29 16:27:47,349 - root - INFO - best test average_precision: 0.9648
2025-09-29 16:27:47,349 - root - INFO - test roc_auc, 0.9606
2025-09-29 16:27:47,349 - root - INFO - new node test loss: 0.3331
2025-09-29 16:27:47,349 - root - INFO - new node test average_precision, 0.9440
2025-09-29 16:27:47,349 - root - INFO - new node test roc_auc, 0.9372
2025-09-29 16:28:05,749 - root - INFO - Epoch: 62, learning rate: 0.0001, train loss: 0.1980
2025-09-29 16:28:05,749 - root - INFO - train average_precision, 0.9725
2025-09-29 16:28:05,749 - root - INFO - train roc_auc, 0.9729
2025-09-29 16:28:05,749 - root - INFO - validate loss: 0.2582
2025-09-29 16:28:05,749 - root - INFO - validate average_precision, 0.9667
2025-09-29 16:28:05,749 - root - INFO - validate roc_auc, 0.9629
2025-09-29 16:28:05,749 - root - INFO - new node validate loss: 0.3543
2025-09-29 16:28:05,749 - root - INFO - new node validate average_precision, 0.9348
2025-09-29 16:28:05,749 - root - INFO - new node validate roc_auc, 0.9250
2025-09-29 16:28:10,446 - root - INFO - test loss: 0.2600
2025-09-29 16:28:10,446 - root - INFO - test average_precision, 0.9635
2025-09-29 16:28:10,446 - root - INFO - best test average_precision: 0.9648
2025-09-29 16:28:10,446 - root - INFO - test roc_auc, 0.9617
2025-09-29 16:28:10,446 - root - INFO - new node test loss: 0.3234
2025-09-29 16:28:10,446 - root - INFO - new node test average_precision, 0.9463
2025-09-29 16:28:10,446 - root - INFO - new node test roc_auc, 0.9400
2025-09-29 16:28:28,937 - root - INFO - Epoch: 63, learning rate: 0.0001, train loss: 0.1971
2025-09-29 16:28:28,937 - root - INFO - train average_precision, 0.9724
2025-09-29 16:28:28,937 - root - INFO - train roc_auc, 0.9731
2025-09-29 16:28:28,937 - root - INFO - validate loss: 0.2652
2025-09-29 16:28:28,937 - root - INFO - validate average_precision, 0.9656
2025-09-29 16:28:28,937 - root - INFO - validate roc_auc, 0.9620
2025-09-29 16:28:28,937 - root - INFO - new node validate loss: 0.3587
2025-09-29 16:28:28,937 - root - INFO - new node validate average_precision, 0.9340
2025-09-29 16:28:28,937 - root - INFO - new node validate roc_auc, 0.9245
2025-09-29 16:28:33,661 - root - INFO - test loss: 0.2676
2025-09-29 16:28:33,661 - root - INFO - test average_precision, 0.9626
2025-09-29 16:28:33,661 - root - INFO - best test average_precision: 0.9648
2025-09-29 16:28:33,661 - root - INFO - test roc_auc, 0.9606
2025-09-29 16:28:33,661 - root - INFO - new node test loss: 0.3368
2025-09-29 16:28:33,661 - root - INFO - new node test average_precision, 0.9435
2025-09-29 16:28:33,661 - root - INFO - new node test roc_auc, 0.9367
2025-09-29 16:28:52,659 - root - INFO - Epoch: 64, learning rate: 0.0001, train loss: 0.1993
2025-09-29 16:28:52,659 - root - INFO - train average_precision, 0.9721
2025-09-29 16:28:52,659 - root - INFO - train roc_auc, 0.9726
2025-09-29 16:28:52,659 - root - INFO - validate loss: 0.2654
2025-09-29 16:28:52,659 - root - INFO - validate average_precision, 0.9665
2025-09-29 16:28:52,659 - root - INFO - validate roc_auc, 0.9626
2025-09-29 16:28:52,659 - root - INFO - new node validate loss: 0.3587
2025-09-29 16:28:52,659 - root - INFO - new node validate average_precision, 0.9341
2025-09-29 16:28:52,659 - root - INFO - new node validate roc_auc, 0.9244
2025-09-29 16:28:57,405 - root - INFO - test loss: 0.2679
2025-09-29 16:28:57,405 - root - INFO - test average_precision, 0.9630
2025-09-29 16:28:57,405 - root - INFO - best test average_precision: 0.9648
2025-09-29 16:28:57,405 - root - INFO - test roc_auc, 0.9611
2025-09-29 16:28:57,405 - root - INFO - new node test loss: 0.3389
2025-09-29 16:28:57,405 - root - INFO - new node test average_precision, 0.9437
2025-09-29 16:28:57,405 - root - INFO - new node test roc_auc, 0.9370
2025-09-29 16:29:16,158 - root - INFO - Epoch: 65, learning rate: 0.0001, train loss: 0.1946
2025-09-29 16:29:16,158 - root - INFO - train average_precision, 0.9733
2025-09-29 16:29:16,158 - root - INFO - train roc_auc, 0.9737
2025-09-29 16:29:16,158 - root - INFO - validate loss: 0.2653
2025-09-29 16:29:16,158 - root - INFO - validate average_precision, 0.9654
2025-09-29 16:29:16,158 - root - INFO - validate roc_auc, 0.9616
2025-09-29 16:29:16,158 - root - INFO - new node validate loss: 0.3583
2025-09-29 16:29:16,158 - root - INFO - new node validate average_precision, 0.9343
2025-09-29 16:29:16,159 - root - INFO - new node validate roc_auc, 0.9248
2025-09-29 16:29:21,029 - root - INFO - test loss: 0.2808
2025-09-29 16:29:21,029 - root - INFO - test average_precision, 0.9609
2025-09-29 16:29:21,029 - root - INFO - best test average_precision: 0.9648
2025-09-29 16:29:21,029 - root - INFO - test roc_auc, 0.9579
2025-09-29 16:29:21,030 - root - INFO - new node test loss: 0.3478
2025-09-29 16:29:21,030 - root - INFO - new node test average_precision, 0.9417
2025-09-29 16:29:21,030 - root - INFO - new node test roc_auc, 0.9337
2025-09-29 16:29:39,723 - root - INFO - Epoch: 66, learning rate: 0.0001, train loss: 0.1987
2025-09-29 16:29:39,724 - root - INFO - train average_precision, 0.9722
2025-09-29 16:29:39,724 - root - INFO - train roc_auc, 0.9726
2025-09-29 16:29:39,724 - root - INFO - validate loss: 0.2574
2025-09-29 16:29:39,724 - root - INFO - validate average_precision, 0.9674
2025-09-29 16:29:39,724 - root - INFO - validate roc_auc, 0.9638
2025-09-29 16:29:39,724 - root - INFO - new node validate loss: 0.3523
2025-09-29 16:29:39,724 - root - INFO - new node validate average_precision, 0.9353
2025-09-29 16:29:39,724 - root - INFO - new node validate roc_auc, 0.9259
2025-09-29 16:29:44,444 - root - INFO - test loss: 0.2596
2025-09-29 16:29:44,444 - root - INFO - test average_precision, 0.9645
2025-09-29 16:29:44,445 - root - INFO - best test average_precision: 0.9648
2025-09-29 16:29:44,445 - root - INFO - test roc_auc, 0.9624
2025-09-29 16:29:44,445 - root - INFO - new node test loss: 0.3269
2025-09-29 16:29:44,445 - root - INFO - new node test average_precision, 0.9463
2025-09-29 16:29:44,445 - root - INFO - new node test roc_auc, 0.9397
2025-09-29 16:29:44,445 - root - INFO - save model ./saved_models/JODIE/wikipedia/JODIE_seed0/JODIE_seed0.pkl
2025-09-29 16:30:04,143 - root - INFO - Epoch: 67, learning rate: 0.0001, train loss: 0.1946
2025-09-29 16:30:04,143 - root - INFO - train average_precision, 0.9733
2025-09-29 16:30:04,143 - root - INFO - train roc_auc, 0.9736
2025-09-29 16:30:04,143 - root - INFO - validate loss: 0.2614
2025-09-29 16:30:04,143 - root - INFO - validate average_precision, 0.9664
2025-09-29 16:30:04,143 - root - INFO - validate roc_auc, 0.9626
2025-09-29 16:30:04,143 - root - INFO - new node validate loss: 0.3547
2025-09-29 16:30:04,143 - root - INFO - new node validate average_precision, 0.9353
2025-09-29 16:30:04,143 - root - INFO - new node validate roc_auc, 0.9258
2025-09-29 16:30:09,031 - root - INFO - test loss: 0.2584
2025-09-29 16:30:09,031 - root - INFO - test average_precision, 0.9650
2025-09-29 16:30:09,032 - root - INFO - best test average_precision: 0.9650
2025-09-29 16:30:09,032 - root - INFO - test roc_auc, 0.9628
2025-09-29 16:30:09,032 - root - INFO - new node test loss: 0.3242
2025-09-29 16:30:09,032 - root - INFO - new node test average_precision, 0.9472
2025-09-29 16:30:09,032 - root - INFO - new node test roc_auc, 0.9403
2025-09-29 16:30:27,547 - root - INFO - Epoch: 68, learning rate: 0.0001, train loss: 0.1951
2025-09-29 16:30:27,547 - root - INFO - train average_precision, 0.9727
2025-09-29 16:30:27,548 - root - INFO - train roc_auc, 0.9735
2025-09-29 16:30:27,548 - root - INFO - validate loss: 0.2598
2025-09-29 16:30:27,548 - root - INFO - validate average_precision, 0.9677
2025-09-29 16:30:27,548 - root - INFO - validate roc_auc, 0.9642
2025-09-29 16:30:27,548 - root - INFO - new node validate loss: 0.3580
2025-09-29 16:30:27,548 - root - INFO - new node validate average_precision, 0.9348
2025-09-29 16:30:27,548 - root - INFO - new node validate roc_auc, 0.9258
2025-09-29 16:30:32,258 - root - INFO - test loss: 0.2610
2025-09-29 16:30:32,258 - root - INFO - test average_precision, 0.9649
2025-09-29 16:30:32,259 - root - INFO - best test average_precision: 0.9650
2025-09-29 16:30:32,259 - root - INFO - test roc_auc, 0.9626
2025-09-29 16:30:32,259 - root - INFO - new node test loss: 0.3310
2025-09-29 16:30:32,259 - root - INFO - new node test average_precision, 0.9462
2025-09-29 16:30:32,259 - root - INFO - new node test roc_auc, 0.9396
2025-09-29 16:30:32,259 - root - INFO - save model ./saved_models/JODIE/wikipedia/JODIE_seed0/JODIE_seed0.pkl
2025-09-29 16:30:51,836 - root - INFO - Epoch: 69, learning rate: 0.0001, train loss: 0.1910
2025-09-29 16:30:51,836 - root - INFO - train average_precision, 0.9740
2025-09-29 16:30:51,836 - root - INFO - train roc_auc, 0.9745
2025-09-29 16:30:51,836 - root - INFO - validate loss: 0.2556
2025-09-29 16:30:51,836 - root - INFO - validate average_precision, 0.9678
2025-09-29 16:30:51,837 - root - INFO - validate roc_auc, 0.9642
2025-09-29 16:30:51,837 - root - INFO - new node validate loss: 0.3571
2025-09-29 16:30:51,837 - root - INFO - new node validate average_precision, 0.9352
2025-09-29 16:30:51,837 - root - INFO - new node validate roc_auc, 0.9254
2025-09-29 16:30:56,543 - root - INFO - test loss: 0.2584
2025-09-29 16:30:56,544 - root - INFO - test average_precision, 0.9663
2025-09-29 16:30:56,544 - root - INFO - best test average_precision: 0.9663
2025-09-29 16:30:56,544 - root - INFO - test roc_auc, 0.9634
2025-09-29 16:30:56,544 - root - INFO - new node test loss: 0.3334
2025-09-29 16:30:56,544 - root - INFO - new node test average_precision, 0.9463
2025-09-29 16:30:56,544 - root - INFO - new node test roc_auc, 0.9392
2025-09-29 16:30:56,544 - root - INFO - save model ./saved_models/JODIE/wikipedia/JODIE_seed0/JODIE_seed0.pkl
2025-09-29 16:31:16,151 - root - INFO - Epoch: 70, learning rate: 0.0001, train loss: 0.1899
2025-09-29 16:31:16,151 - root - INFO - train average_precision, 0.9743
2025-09-29 16:31:16,152 - root - INFO - train roc_auc, 0.9749
2025-09-29 16:31:16,152 - root - INFO - validate loss: 0.2597
2025-09-29 16:31:16,152 - root - INFO - validate average_precision, 0.9675
2025-09-29 16:31:16,152 - root - INFO - validate roc_auc, 0.9641
2025-09-29 16:31:16,152 - root - INFO - new node validate loss: 0.3591
2025-09-29 16:31:16,152 - root - INFO - new node validate average_precision, 0.9344
2025-09-29 16:31:16,152 - root - INFO - new node validate roc_auc, 0.9252
2025-09-29 16:31:20,845 - root - INFO - test loss: 0.2591
2025-09-29 16:31:20,845 - root - INFO - test average_precision, 0.9657
2025-09-29 16:31:20,845 - root - INFO - best test average_precision: 0.9663
2025-09-29 16:31:20,845 - root - INFO - test roc_auc, 0.9634
2025-09-29 16:31:20,845 - root - INFO - new node test loss: 0.3326
2025-09-29 16:31:20,845 - root - INFO - new node test average_precision, 0.9461
2025-09-29 16:31:20,845 - root - INFO - new node test roc_auc, 0.9397
2025-09-29 16:31:39,195 - root - INFO - Epoch: 71, learning rate: 0.0001, train loss: 0.1916
2025-09-29 16:31:39,195 - root - INFO - train average_precision, 0.9737
2025-09-29 16:31:39,195 - root - INFO - train roc_auc, 0.9742
2025-09-29 16:31:39,195 - root - INFO - validate loss: 0.2677
2025-09-29 16:31:39,195 - root - INFO - validate average_precision, 0.9657
2025-09-29 16:31:39,195 - root - INFO - validate roc_auc, 0.9619
2025-09-29 16:31:39,195 - root - INFO - new node validate loss: 0.3621
2025-09-29 16:31:39,196 - root - INFO - new node validate average_precision, 0.9336
2025-09-29 16:31:39,196 - root - INFO - new node validate roc_auc, 0.9241
2025-09-29 16:31:43,894 - root - INFO - test loss: 0.2732
2025-09-29 16:31:43,894 - root - INFO - test average_precision, 0.9620
2025-09-29 16:31:43,894 - root - INFO - best test average_precision: 0.9663
2025-09-29 16:31:43,894 - root - INFO - test roc_auc, 0.9597
2025-09-29 16:31:43,894 - root - INFO - new node test loss: 0.3421
2025-09-29 16:31:43,894 - root - INFO - new node test average_precision, 0.9424
2025-09-29 16:31:43,894 - root - INFO - new node test roc_auc, 0.9355
2025-09-29 16:32:02,321 - root - INFO - Epoch: 72, learning rate: 0.0001, train loss: 0.1893
2025-09-29 16:32:02,321 - root - INFO - train average_precision, 0.9741
2025-09-29 16:32:02,321 - root - INFO - train roc_auc, 0.9749
2025-09-29 16:32:02,322 - root - INFO - validate loss: 0.2625
2025-09-29 16:32:02,322 - root - INFO - validate average_precision, 0.9677
2025-09-29 16:32:02,322 - root - INFO - validate roc_auc, 0.9638
2025-09-29 16:32:02,322 - root - INFO - new node validate loss: 0.3631
2025-09-29 16:32:02,322 - root - INFO - new node validate average_precision, 0.9347
2025-09-29 16:32:02,322 - root - INFO - new node validate roc_auc, 0.9254
2025-09-29 16:32:07,030 - root - INFO - test loss: 0.2666
2025-09-29 16:32:07,030 - root - INFO - test average_precision, 0.9638
2025-09-29 16:32:07,030 - root - INFO - best test average_precision: 0.9663
2025-09-29 16:32:07,030 - root - INFO - test roc_auc, 0.9620
2025-09-29 16:32:07,030 - root - INFO - new node test loss: 0.3352
2025-09-29 16:32:07,030 - root - INFO - new node test average_precision, 0.9456
2025-09-29 16:32:07,030 - root - INFO - new node test roc_auc, 0.9391
2025-09-29 16:32:25,397 - root - INFO - Epoch: 73, learning rate: 0.0001, train loss: 0.1880
2025-09-29 16:32:25,397 - root - INFO - train average_precision, 0.9745
2025-09-29 16:32:25,397 - root - INFO - train roc_auc, 0.9751
2025-09-29 16:32:25,397 - root - INFO - validate loss: 0.2607
2025-09-29 16:32:25,398 - root - INFO - validate average_precision, 0.9672
2025-09-29 16:32:25,398 - root - INFO - validate roc_auc, 0.9636
2025-09-29 16:32:25,398 - root - INFO - new node validate loss: 0.3558
2025-09-29 16:32:25,398 - root - INFO - new node validate average_precision, 0.9349
2025-09-29 16:32:25,398 - root - INFO - new node validate roc_auc, 0.9261
2025-09-29 16:32:30,142 - root - INFO - test loss: 0.2632
2025-09-29 16:32:30,143 - root - INFO - test average_precision, 0.9642
2025-09-29 16:32:30,143 - root - INFO - best test average_precision: 0.9663
2025-09-29 16:32:30,143 - root - INFO - test roc_auc, 0.9622
2025-09-29 16:32:30,143 - root - INFO - new node test loss: 0.3331
2025-09-29 16:32:30,143 - root - INFO - new node test average_precision, 0.9452
2025-09-29 16:32:30,143 - root - INFO - new node test roc_auc, 0.9386
2025-09-29 16:32:48,436 - root - INFO - Epoch: 74, learning rate: 0.0001, train loss: 0.1872
2025-09-29 16:32:48,436 - root - INFO - train average_precision, 0.9748
2025-09-29 16:32:48,436 - root - INFO - train roc_auc, 0.9754
2025-09-29 16:32:48,436 - root - INFO - validate loss: 0.2646
2025-09-29 16:32:48,437 - root - INFO - validate average_precision, 0.9672
2025-09-29 16:32:48,437 - root - INFO - validate roc_auc, 0.9635
2025-09-29 16:32:48,437 - root - INFO - new node validate loss: 0.3619
2025-09-29 16:32:48,437 - root - INFO - new node validate average_precision, 0.9341
2025-09-29 16:32:48,437 - root - INFO - new node validate roc_auc, 0.9255
2025-09-29 16:32:53,129 - root - INFO - test loss: 0.2633
2025-09-29 16:32:53,129 - root - INFO - test average_precision, 0.9652
2025-09-29 16:32:53,129 - root - INFO - best test average_precision: 0.9663
2025-09-29 16:32:53,129 - root - INFO - test roc_auc, 0.9628
2025-09-29 16:32:53,129 - root - INFO - new node test loss: 0.3362
2025-09-29 16:32:53,129 - root - INFO - new node test average_precision, 0.9456
2025-09-29 16:32:53,129 - root - INFO - new node test roc_auc, 0.9392
2025-09-29 16:33:11,478 - root - INFO - Epoch: 75, learning rate: 0.0001, train loss: 0.1865
2025-09-29 16:33:11,479 - root - INFO - train average_precision, 0.9748
2025-09-29 16:33:11,479 - root - INFO - train roc_auc, 0.9755
2025-09-29 16:33:11,479 - root - INFO - validate loss: 0.2628
2025-09-29 16:33:11,479 - root - INFO - validate average_precision, 0.9668
2025-09-29 16:33:11,479 - root - INFO - validate roc_auc, 0.9633
2025-09-29 16:33:11,479 - root - INFO - new node validate loss: 0.3604
2025-09-29 16:33:11,479 - root - INFO - new node validate average_precision, 0.9323
2025-09-29 16:33:11,479 - root - INFO - new node validate roc_auc, 0.9243
2025-09-29 16:33:16,210 - root - INFO - test loss: 0.2734
2025-09-29 16:33:16,210 - root - INFO - test average_precision, 0.9620
2025-09-29 16:33:16,210 - root - INFO - best test average_precision: 0.9663
2025-09-29 16:33:16,210 - root - INFO - test roc_auc, 0.9604
2025-09-29 16:33:16,210 - root - INFO - new node test loss: 0.3396
2025-09-29 16:33:16,210 - root - INFO - new node test average_precision, 0.9428
2025-09-29 16:33:16,210 - root - INFO - new node test roc_auc, 0.9373
2025-09-29 16:33:34,592 - root - INFO - Epoch: 76, learning rate: 0.0001, train loss: 0.1880
2025-09-29 16:33:34,592 - root - INFO - train average_precision, 0.9740
2025-09-29 16:33:34,593 - root - INFO - train roc_auc, 0.9750
2025-09-29 16:33:34,593 - root - INFO - validate loss: 0.2653
2025-09-29 16:33:34,593 - root - INFO - validate average_precision, 0.9668
2025-09-29 16:33:34,593 - root - INFO - validate roc_auc, 0.9630
2025-09-29 16:33:34,593 - root - INFO - new node validate loss: 0.3616
2025-09-29 16:33:34,593 - root - INFO - new node validate average_precision, 0.9331
2025-09-29 16:33:34,593 - root - INFO - new node validate roc_auc, 0.9243
2025-09-29 16:33:39,286 - root - INFO - test loss: 0.2656
2025-09-29 16:33:39,286 - root - INFO - test average_precision, 0.9638
2025-09-29 16:33:39,286 - root - INFO - best test average_precision: 0.9663
2025-09-29 16:33:39,286 - root - INFO - test roc_auc, 0.9624
2025-09-29 16:33:39,286 - root - INFO - new node test loss: 0.3347
2025-09-29 16:33:39,286 - root - INFO - new node test average_precision, 0.9452
2025-09-29 16:33:39,286 - root - INFO - new node test roc_auc, 0.9395
2025-09-29 16:33:57,816 - root - INFO - Epoch: 77, learning rate: 0.0001, train loss: 0.1877
2025-09-29 16:33:57,816 - root - INFO - train average_precision, 0.9743
2025-09-29 16:33:57,816 - root - INFO - train roc_auc, 0.9751
2025-09-29 16:33:57,816 - root - INFO - validate loss: 0.2642
2025-09-29 16:33:57,816 - root - INFO - validate average_precision, 0.9673
2025-09-29 16:33:57,816 - root - INFO - validate roc_auc, 0.9638
2025-09-29 16:33:57,816 - root - INFO - new node validate loss: 0.3612
2025-09-29 16:33:57,816 - root - INFO - new node validate average_precision, 0.9340
2025-09-29 16:33:57,816 - root - INFO - new node validate roc_auc, 0.9254
2025-09-29 16:34:02,522 - root - INFO - test loss: 0.2700
2025-09-29 16:34:02,522 - root - INFO - test average_precision, 0.9635
2025-09-29 16:34:02,522 - root - INFO - best test average_precision: 0.9663
2025-09-29 16:34:02,522 - root - INFO - test roc_auc, 0.9615
2025-09-29 16:34:02,522 - root - INFO - new node test loss: 0.3412
2025-09-29 16:34:02,522 - root - INFO - new node test average_precision, 0.9437
2025-09-29 16:34:02,522 - root - INFO - new node test roc_auc, 0.9370
2025-09-29 16:34:20,901 - root - INFO - Epoch: 78, learning rate: 0.0001, train loss: 0.1855
2025-09-29 16:34:20,901 - root - INFO - train average_precision, 0.9754
2025-09-29 16:34:20,902 - root - INFO - train roc_auc, 0.9758
2025-09-29 16:34:20,902 - root - INFO - validate loss: 0.2663
2025-09-29 16:34:20,902 - root - INFO - validate average_precision, 0.9675
2025-09-29 16:34:20,902 - root - INFO - validate roc_auc, 0.9640
2025-09-29 16:34:20,902 - root - INFO - new node validate loss: 0.3589
2025-09-29 16:34:20,902 - root - INFO - new node validate average_precision, 0.9351
2025-09-29 16:34:20,902 - root - INFO - new node validate roc_auc, 0.9271
2025-09-29 16:34:25,638 - root - INFO - test loss: 0.2697
2025-09-29 16:34:25,638 - root - INFO - test average_precision, 0.9647
2025-09-29 16:34:25,638 - root - INFO - best test average_precision: 0.9663
2025-09-29 16:34:25,638 - root - INFO - test roc_auc, 0.9628
2025-09-29 16:34:25,638 - root - INFO - new node test loss: 0.3353
2025-09-29 16:34:25,639 - root - INFO - new node test average_precision, 0.9459
2025-09-29 16:34:25,639 - root - INFO - new node test roc_auc, 0.9408
2025-09-29 16:34:43,970 - root - INFO - Epoch: 79, learning rate: 0.0001, train loss: 0.1838
2025-09-29 16:34:43,970 - root - INFO - train average_precision, 0.9751
2025-09-29 16:34:43,970 - root - INFO - train roc_auc, 0.9759
2025-09-29 16:34:43,970 - root - INFO - validate loss: 0.2602
2025-09-29 16:34:43,971 - root - INFO - validate average_precision, 0.9677
2025-09-29 16:34:43,971 - root - INFO - validate roc_auc, 0.9641
2025-09-29 16:34:43,971 - root - INFO - new node validate loss: 0.3586
2025-09-29 16:34:43,971 - root - INFO - new node validate average_precision, 0.9343
2025-09-29 16:34:43,971 - root - INFO - new node validate roc_auc, 0.9259
2025-09-29 16:34:48,659 - root - INFO - test loss: 0.2690
2025-09-29 16:34:48,660 - root - INFO - test average_precision, 0.9624
2025-09-29 16:34:48,660 - root - INFO - best test average_precision: 0.9663
2025-09-29 16:34:48,660 - root - INFO - test roc_auc, 0.9614
2025-09-29 16:34:48,660 - root - INFO - new node test loss: 0.3347
2025-09-29 16:34:48,660 - root - INFO - new node test average_precision, 0.9442
2025-09-29 16:34:48,660 - root - INFO - new node test roc_auc, 0.9385
2025-09-29 16:35:07,043 - root - INFO - Epoch: 80, learning rate: 0.0001, train loss: 0.1847
2025-09-29 16:35:07,044 - root - INFO - train average_precision, 0.9750
2025-09-29 16:35:07,044 - root - INFO - train roc_auc, 0.9758
2025-09-29 16:35:07,044 - root - INFO - validate loss: 0.2702
2025-09-29 16:35:07,044 - root - INFO - validate average_precision, 0.9666
2025-09-29 16:35:07,044 - root - INFO - validate roc_auc, 0.9630
2025-09-29 16:35:07,044 - root - INFO - new node validate loss: 0.3581
2025-09-29 16:35:07,044 - root - INFO - new node validate average_precision, 0.9357
2025-09-29 16:35:07,044 - root - INFO - new node validate roc_auc, 0.9276
2025-09-29 16:35:11,741 - root - INFO - test loss: 0.2711
2025-09-29 16:35:11,741 - root - INFO - test average_precision, 0.9631
2025-09-29 16:35:11,741 - root - INFO - best test average_precision: 0.9663
2025-09-29 16:35:11,741 - root - INFO - test roc_auc, 0.9618
2025-09-29 16:35:11,741 - root - INFO - new node test loss: 0.3447
2025-09-29 16:35:11,741 - root - INFO - new node test average_precision, 0.9419
2025-09-29 16:35:11,741 - root - INFO - new node test roc_auc, 0.9357
2025-09-29 16:35:30,075 - root - INFO - Epoch: 81, learning rate: 0.0001, train loss: 0.1846
2025-09-29 16:35:30,076 - root - INFO - train average_precision, 0.9752
2025-09-29 16:35:30,076 - root - INFO - train roc_auc, 0.9759
2025-09-29 16:35:30,076 - root - INFO - validate loss: 0.2634
2025-09-29 16:35:30,076 - root - INFO - validate average_precision, 0.9672
2025-09-29 16:35:30,076 - root - INFO - validate roc_auc, 0.9634
2025-09-29 16:35:30,076 - root - INFO - new node validate loss: 0.3599
2025-09-29 16:35:30,076 - root - INFO - new node validate average_precision, 0.9342
2025-09-29 16:35:30,076 - root - INFO - new node validate roc_auc, 0.9258
2025-09-29 16:35:34,771 - root - INFO - test loss: 0.2665
2025-09-29 16:35:34,771 - root - INFO - test average_precision, 0.9641
2025-09-29 16:35:34,771 - root - INFO - best test average_precision: 0.9663
2025-09-29 16:35:34,771 - root - INFO - test roc_auc, 0.9626
2025-09-29 16:35:34,771 - root - INFO - new node test loss: 0.3313
2025-09-29 16:35:34,771 - root - INFO - new node test average_precision, 0.9456
2025-09-29 16:35:34,771 - root - INFO - new node test roc_auc, 0.9406
2025-09-29 16:35:53,164 - root - INFO - Epoch: 82, learning rate: 0.0001, train loss: 0.1811
2025-09-29 16:35:53,164 - root - INFO - train average_precision, 0.9760
2025-09-29 16:35:53,164 - root - INFO - train roc_auc, 0.9767
2025-09-29 16:35:53,165 - root - INFO - validate loss: 0.2605
2025-09-29 16:35:53,165 - root - INFO - validate average_precision, 0.9687
2025-09-29 16:35:53,165 - root - INFO - validate roc_auc, 0.9652
2025-09-29 16:35:53,165 - root - INFO - new node validate loss: 0.3600
2025-09-29 16:35:53,165 - root - INFO - new node validate average_precision, 0.9354
2025-09-29 16:35:53,165 - root - INFO - new node validate roc_auc, 0.9269
2025-09-29 16:35:57,865 - root - INFO - test loss: 0.2670
2025-09-29 16:35:57,865 - root - INFO - test average_precision, 0.9650
2025-09-29 16:35:57,865 - root - INFO - best test average_precision: 0.9663
2025-09-29 16:35:57,865 - root - INFO - test roc_auc, 0.9635
2025-09-29 16:35:57,865 - root - INFO - new node test loss: 0.3394
2025-09-29 16:35:57,865 - root - INFO - new node test average_precision, 0.9442
2025-09-29 16:35:57,865 - root - INFO - new node test roc_auc, 0.9393
2025-09-29 16:35:57,866 - root - INFO - save model ./saved_models/JODIE/wikipedia/JODIE_seed0/JODIE_seed0.pkl
2025-09-29 16:36:17,319 - root - INFO - Epoch: 83, learning rate: 0.0001, train loss: 0.1796
2025-09-29 16:36:17,319 - root - INFO - train average_precision, 0.9764
2025-09-29 16:36:17,319 - root - INFO - train roc_auc, 0.9771
2025-09-29 16:36:17,319 - root - INFO - validate loss: 0.2646
2025-09-29 16:36:17,319 - root - INFO - validate average_precision, 0.9682
2025-09-29 16:36:17,319 - root - INFO - validate roc_auc, 0.9645
2025-09-29 16:36:17,319 - root - INFO - new node validate loss: 0.3592
2025-09-29 16:36:17,319 - root - INFO - new node validate average_precision, 0.9354
2025-09-29 16:36:17,319 - root - INFO - new node validate roc_auc, 0.9275
2025-09-29 16:36:22,010 - root - INFO - test loss: 0.2717
2025-09-29 16:36:22,011 - root - INFO - test average_precision, 0.9626
2025-09-29 16:36:22,011 - root - INFO - best test average_precision: 0.9663
2025-09-29 16:36:22,011 - root - INFO - test roc_auc, 0.9613
2025-09-29 16:36:22,011 - root - INFO - new node test loss: 0.3387
2025-09-29 16:36:22,011 - root - INFO - new node test average_precision, 0.9432
2025-09-29 16:36:22,011 - root - INFO - new node test roc_auc, 0.9381
2025-09-29 16:36:40,298 - root - INFO - Epoch: 84, learning rate: 0.0001, train loss: 0.1816
2025-09-29 16:36:40,298 - root - INFO - train average_precision, 0.9756
2025-09-29 16:36:40,299 - root - INFO - train roc_auc, 0.9765
2025-09-29 16:36:40,299 - root - INFO - validate loss: 0.2662
2025-09-29 16:36:40,299 - root - INFO - validate average_precision, 0.9671
2025-09-29 16:36:40,299 - root - INFO - validate roc_auc, 0.9636
2025-09-29 16:36:40,299 - root - INFO - new node validate loss: 0.3593
2025-09-29 16:36:40,299 - root - INFO - new node validate average_precision, 0.9347
2025-09-29 16:36:40,299 - root - INFO - new node validate roc_auc, 0.9265
2025-09-29 16:36:44,987 - root - INFO - test loss: 0.2695
2025-09-29 16:36:44,987 - root - INFO - test average_precision, 0.9634
2025-09-29 16:36:44,987 - root - INFO - best test average_precision: 0.9663
2025-09-29 16:36:44,987 - root - INFO - test roc_auc, 0.9624
2025-09-29 16:36:44,987 - root - INFO - new node test loss: 0.3602
2025-09-29 16:36:44,987 - root - INFO - new node test average_precision, 0.9378
2025-09-29 16:36:44,987 - root - INFO - new node test roc_auc, 0.9371
2025-09-29 16:37:03,359 - root - INFO - Epoch: 85, learning rate: 0.0001, train loss: 0.1798
2025-09-29 16:37:03,360 - root - INFO - train average_precision, 0.9760
2025-09-29 16:37:03,360 - root - INFO - train roc_auc, 0.9769
2025-09-29 16:37:03,360 - root - INFO - validate loss: 0.2643
2025-09-29 16:37:03,360 - root - INFO - validate average_precision, 0.9677
2025-09-29 16:37:03,360 - root - INFO - validate roc_auc, 0.9639
2025-09-29 16:37:03,360 - root - INFO - new node validate loss: 0.3563
2025-09-29 16:37:03,360 - root - INFO - new node validate average_precision, 0.9349
2025-09-29 16:37:03,360 - root - INFO - new node validate roc_auc, 0.9270
2025-09-29 16:37:08,071 - root - INFO - test loss: 0.2694
2025-09-29 16:37:08,071 - root - INFO - test average_precision, 0.9630
2025-09-29 16:37:08,071 - root - INFO - best test average_precision: 0.9663
2025-09-29 16:37:08,071 - root - INFO - test roc_auc, 0.9617
2025-09-29 16:37:08,072 - root - INFO - new node test loss: 0.3383
2025-09-29 16:37:08,072 - root - INFO - new node test average_precision, 0.9436
2025-09-29 16:37:08,072 - root - INFO - new node test roc_auc, 0.9379
2025-09-29 16:37:26,552 - root - INFO - Epoch: 86, learning rate: 0.0001, train loss: 0.1799
2025-09-29 16:37:26,553 - root - INFO - train average_precision, 0.9760
2025-09-29 16:37:26,553 - root - INFO - train roc_auc, 0.9768
2025-09-29 16:37:26,553 - root - INFO - validate loss: 0.2638
2025-09-29 16:37:26,553 - root - INFO - validate average_precision, 0.9676
2025-09-29 16:37:26,553 - root - INFO - validate roc_auc, 0.9640
2025-09-29 16:37:26,553 - root - INFO - new node validate loss: 0.3571
2025-09-29 16:37:26,553 - root - INFO - new node validate average_precision, 0.9359
2025-09-29 16:37:26,553 - root - INFO - new node validate roc_auc, 0.9273
2025-09-29 16:37:31,246 - root - INFO - test loss: 0.2666
2025-09-29 16:37:31,246 - root - INFO - test average_precision, 0.9635
2025-09-29 16:37:31,246 - root - INFO - best test average_precision: 0.9663
2025-09-29 16:37:31,246 - root - INFO - test roc_auc, 0.9631
2025-09-29 16:37:31,246 - root - INFO - new node test loss: 0.3322
2025-09-29 16:37:31,246 - root - INFO - new node test average_precision, 0.9446
2025-09-29 16:37:31,247 - root - INFO - new node test roc_auc, 0.9408
2025-09-29 16:37:49,646 - root - INFO - Epoch: 87, learning rate: 0.0001, train loss: 0.1780
2025-09-29 16:37:49,646 - root - INFO - train average_precision, 0.9764
2025-09-29 16:37:49,646 - root - INFO - train roc_auc, 0.9773
2025-09-29 16:37:49,646 - root - INFO - validate loss: 0.2653
2025-09-29 16:37:49,646 - root - INFO - validate average_precision, 0.9661
2025-09-29 16:37:49,646 - root - INFO - validate roc_auc, 0.9621
2025-09-29 16:37:49,646 - root - INFO - new node validate loss: 0.3565
2025-09-29 16:37:49,647 - root - INFO - new node validate average_precision, 0.9335
2025-09-29 16:37:49,647 - root - INFO - new node validate roc_auc, 0.9251
2025-09-29 16:37:54,329 - root - INFO - test loss: 0.2847
2025-09-29 16:37:54,329 - root - INFO - test average_precision, 0.9591
2025-09-29 16:37:54,329 - root - INFO - best test average_precision: 0.9663
2025-09-29 16:37:54,329 - root - INFO - test roc_auc, 0.9572
2025-09-29 16:37:54,329 - root - INFO - new node test loss: 0.3321
2025-09-29 16:37:54,329 - root - INFO - new node test average_precision, 0.9446
2025-09-29 16:37:54,329 - root - INFO - new node test roc_auc, 0.9386
2025-09-29 16:38:12,641 - root - INFO - Epoch: 88, learning rate: 0.0001, train loss: 0.1785
2025-09-29 16:38:12,642 - root - INFO - train average_precision, 0.9764
2025-09-29 16:38:12,642 - root - INFO - train roc_auc, 0.9771
2025-09-29 16:38:12,642 - root - INFO - validate loss: 0.2634
2025-09-29 16:38:12,642 - root - INFO - validate average_precision, 0.9672
2025-09-29 16:38:12,642 - root - INFO - validate roc_auc, 0.9635
2025-09-29 16:38:12,642 - root - INFO - new node validate loss: 0.3561
2025-09-29 16:38:12,642 - root - INFO - new node validate average_precision, 0.9353
2025-09-29 16:38:12,642 - root - INFO - new node validate roc_auc, 0.9267
2025-09-29 16:38:17,349 - root - INFO - test loss: 0.2759
2025-09-29 16:38:17,349 - root - INFO - test average_precision, 0.9623
2025-09-29 16:38:17,349 - root - INFO - best test average_precision: 0.9663
2025-09-29 16:38:17,350 - root - INFO - test roc_auc, 0.9605
2025-09-29 16:38:17,350 - root - INFO - new node test loss: 0.3439
2025-09-29 16:38:17,350 - root - INFO - new node test average_precision, 0.9433
2025-09-29 16:38:17,350 - root - INFO - new node test roc_auc, 0.9371
2025-09-29 16:38:35,735 - root - INFO - Epoch: 89, learning rate: 0.0001, train loss: 0.1777
2025-09-29 16:38:35,736 - root - INFO - train average_precision, 0.9763
2025-09-29 16:38:35,736 - root - INFO - train roc_auc, 0.9773
2025-09-29 16:38:35,736 - root - INFO - validate loss: 0.2702
2025-09-29 16:38:35,736 - root - INFO - validate average_precision, 0.9672
2025-09-29 16:38:35,736 - root - INFO - validate roc_auc, 0.9630
2025-09-29 16:38:35,736 - root - INFO - new node validate loss: 0.3702
2025-09-29 16:38:35,736 - root - INFO - new node validate average_precision, 0.9342
2025-09-29 16:38:35,736 - root - INFO - new node validate roc_auc, 0.9255
2025-09-29 16:38:40,472 - root - INFO - test loss: 0.2724
2025-09-29 16:38:40,473 - root - INFO - test average_precision, 0.9639
2025-09-29 16:38:40,473 - root - INFO - best test average_precision: 0.9663
2025-09-29 16:38:40,473 - root - INFO - test roc_auc, 0.9620
2025-09-29 16:38:40,473 - root - INFO - new node test loss: 0.3477
2025-09-29 16:38:40,473 - root - INFO - new node test average_precision, 0.9446
2025-09-29 16:38:40,473 - root - INFO - new node test roc_auc, 0.9375
2025-09-29 16:38:58,882 - root - INFO - Epoch: 90, learning rate: 0.0001, train loss: 0.1740
2025-09-29 16:38:58,882 - root - INFO - train average_precision, 0.9773
2025-09-29 16:38:58,882 - root - INFO - train roc_auc, 0.9781
2025-09-29 16:38:58,882 - root - INFO - validate loss: 0.2706
2025-09-29 16:38:58,882 - root - INFO - validate average_precision, 0.9671
2025-09-29 16:38:58,882 - root - INFO - validate roc_auc, 0.9635
2025-09-29 16:38:58,882 - root - INFO - new node validate loss: 0.3678
2025-09-29 16:38:58,882 - root - INFO - new node validate average_precision, 0.9337
2025-09-29 16:38:58,882 - root - INFO - new node validate roc_auc, 0.9251
2025-09-29 16:39:03,594 - root - INFO - test loss: 0.2745
2025-09-29 16:39:03,594 - root - INFO - test average_precision, 0.9642
2025-09-29 16:39:03,594 - root - INFO - best test average_precision: 0.9663
2025-09-29 16:39:03,594 - root - INFO - test roc_auc, 0.9621
2025-09-29 16:39:03,594 - root - INFO - new node test loss: 0.3479
2025-09-29 16:39:03,594 - root - INFO - new node test average_precision, 0.9441
2025-09-29 16:39:03,594 - root - INFO - new node test roc_auc, 0.9376
2025-09-29 16:39:21,995 - root - INFO - Epoch: 91, learning rate: 0.0001, train loss: 0.1742
2025-09-29 16:39:21,995 - root - INFO - train average_precision, 0.9769
2025-09-29 16:39:21,995 - root - INFO - train roc_auc, 0.9781
2025-09-29 16:39:21,995 - root - INFO - validate loss: 0.2715
2025-09-29 16:39:21,995 - root - INFO - validate average_precision, 0.9669
2025-09-29 16:39:21,995 - root - INFO - validate roc_auc, 0.9631
2025-09-29 16:39:21,995 - root - INFO - new node validate loss: 0.3609
2025-09-29 16:39:21,995 - root - INFO - new node validate average_precision, 0.9351
2025-09-29 16:39:21,995 - root - INFO - new node validate roc_auc, 0.9270
2025-09-29 16:39:26,723 - root - INFO - test loss: 0.2760
2025-09-29 16:39:26,723 - root - INFO - test average_precision, 0.9634
2025-09-29 16:39:26,723 - root - INFO - best test average_precision: 0.9663
2025-09-29 16:39:26,723 - root - INFO - test roc_auc, 0.9611
2025-09-29 16:39:26,723 - root - INFO - new node test loss: 0.3402
2025-09-29 16:39:26,723 - root - INFO - new node test average_precision, 0.9445
2025-09-29 16:39:26,723 - root - INFO - new node test roc_auc, 0.9381
2025-09-29 16:39:45,061 - root - INFO - Epoch: 92, learning rate: 0.0001, train loss: 0.1748
2025-09-29 16:39:45,061 - root - INFO - train average_precision, 0.9769
2025-09-29 16:39:45,061 - root - INFO - train roc_auc, 0.9779
2025-09-29 16:39:45,061 - root - INFO - validate loss: 0.2704
2025-09-29 16:39:45,061 - root - INFO - validate average_precision, 0.9677
2025-09-29 16:39:45,062 - root - INFO - validate roc_auc, 0.9642
2025-09-29 16:39:45,062 - root - INFO - new node validate loss: 0.3731
2025-09-29 16:39:45,062 - root - INFO - new node validate average_precision, 0.9332
2025-09-29 16:39:45,062 - root - INFO - new node validate roc_auc, 0.9253
2025-09-29 16:39:49,752 - root - INFO - test loss: 0.2764
2025-09-29 16:39:49,752 - root - INFO - test average_precision, 0.9640
2025-09-29 16:39:49,752 - root - INFO - best test average_precision: 0.9663
2025-09-29 16:39:49,753 - root - INFO - test roc_auc, 0.9620
2025-09-29 16:39:49,753 - root - INFO - new node test loss: 0.3457
2025-09-29 16:39:49,753 - root - INFO - new node test average_precision, 0.9441
2025-09-29 16:39:49,753 - root - INFO - new node test roc_auc, 0.9399
2025-09-29 16:40:08,163 - root - INFO - Epoch: 93, learning rate: 0.0001, train loss: 0.1740
2025-09-29 16:40:08,163 - root - INFO - train average_precision, 0.9768
2025-09-29 16:40:08,163 - root - INFO - train roc_auc, 0.9781
2025-09-29 16:40:08,163 - root - INFO - validate loss: 0.2695
2025-09-29 16:40:08,163 - root - INFO - validate average_precision, 0.9678
2025-09-29 16:40:08,163 - root - INFO - validate roc_auc, 0.9640
2025-09-29 16:40:08,163 - root - INFO - new node validate loss: 0.3678
2025-09-29 16:40:08,163 - root - INFO - new node validate average_precision, 0.9343
2025-09-29 16:40:08,163 - root - INFO - new node validate roc_auc, 0.9262
2025-09-29 16:40:12,850 - root - INFO - test loss: 0.2713
2025-09-29 16:40:12,850 - root - INFO - test average_precision, 0.9646
2025-09-29 16:40:12,850 - root - INFO - best test average_precision: 0.9663
2025-09-29 16:40:12,850 - root - INFO - test roc_auc, 0.9627
2025-09-29 16:40:12,850 - root - INFO - new node test loss: 0.3363
2025-09-29 16:40:12,850 - root - INFO - new node test average_precision, 0.9458
2025-09-29 16:40:12,850 - root - INFO - new node test roc_auc, 0.9401
2025-09-29 16:40:31,194 - root - INFO - Epoch: 94, learning rate: 0.0001, train loss: 0.1730
2025-09-29 16:40:31,194 - root - INFO - train average_precision, 0.9772
2025-09-29 16:40:31,194 - root - INFO - train roc_auc, 0.9782
2025-09-29 16:40:31,194 - root - INFO - validate loss: 0.2688
2025-09-29 16:40:31,194 - root - INFO - validate average_precision, 0.9679
2025-09-29 16:40:31,195 - root - INFO - validate roc_auc, 0.9640
2025-09-29 16:40:31,195 - root - INFO - new node validate loss: 0.3669
2025-09-29 16:40:31,195 - root - INFO - new node validate average_precision, 0.9345
2025-09-29 16:40:31,195 - root - INFO - new node validate roc_auc, 0.9265
2025-09-29 16:40:35,896 - root - INFO - test loss: 0.2770
2025-09-29 16:40:35,896 - root - INFO - test average_precision, 0.9634
2025-09-29 16:40:35,896 - root - INFO - best test average_precision: 0.9663
2025-09-29 16:40:35,896 - root - INFO - test roc_auc, 0.9616
2025-09-29 16:40:35,897 - root - INFO - new node test loss: 0.3426
2025-09-29 16:40:35,897 - root - INFO - new node test average_precision, 0.9450
2025-09-29 16:40:35,897 - root - INFO - new node test roc_auc, 0.9389
2025-09-29 16:40:54,304 - root - INFO - Epoch: 95, learning rate: 0.0001, train loss: 0.1719
2025-09-29 16:40:54,304 - root - INFO - train average_precision, 0.9778
2025-09-29 16:40:54,305 - root - INFO - train roc_auc, 0.9786
2025-09-29 16:40:54,305 - root - INFO - validate loss: 0.2781
2025-09-29 16:40:54,305 - root - INFO - validate average_precision, 0.9661
2025-09-29 16:40:54,305 - root - INFO - validate roc_auc, 0.9624
2025-09-29 16:40:54,305 - root - INFO - new node validate loss: 0.3661
2025-09-29 16:40:54,305 - root - INFO - new node validate average_precision, 0.9335
2025-09-29 16:40:54,305 - root - INFO - new node validate roc_auc, 0.9257
2025-09-29 16:40:59,020 - root - INFO - test loss: 0.2852
2025-09-29 16:40:59,020 - root - INFO - test average_precision, 0.9622
2025-09-29 16:40:59,020 - root - INFO - best test average_precision: 0.9663
2025-09-29 16:40:59,021 - root - INFO - test roc_auc, 0.9606
2025-09-29 16:40:59,021 - root - INFO - new node test loss: 0.3536
2025-09-29 16:40:59,021 - root - INFO - new node test average_precision, 0.9426
2025-09-29 16:40:59,021 - root - INFO - new node test roc_auc, 0.9370
2025-09-29 16:41:17,398 - root - INFO - Epoch: 96, learning rate: 0.0001, train loss: 0.1719
2025-09-29 16:41:17,399 - root - INFO - train average_precision, 0.9774
2025-09-29 16:41:17,399 - root - INFO - train roc_auc, 0.9786
2025-09-29 16:41:17,399 - root - INFO - validate loss: 0.2700
2025-09-29 16:41:17,399 - root - INFO - validate average_precision, 0.9668
2025-09-29 16:41:17,399 - root - INFO - validate roc_auc, 0.9628
2025-09-29 16:41:17,399 - root - INFO - new node validate loss: 0.3600
2025-09-29 16:41:17,399 - root - INFO - new node validate average_precision, 0.9338
2025-09-29 16:41:17,399 - root - INFO - new node validate roc_auc, 0.9259
2025-09-29 16:41:22,111 - root - INFO - test loss: 0.2788
2025-09-29 16:41:22,111 - root - INFO - test average_precision, 0.9630
2025-09-29 16:41:22,111 - root - INFO - best test average_precision: 0.9663
2025-09-29 16:41:22,111 - root - INFO - test roc_auc, 0.9609
2025-09-29 16:41:22,111 - root - INFO - new node test loss: 0.3494
2025-09-29 16:41:22,111 - root - INFO - new node test average_precision, 0.9424
2025-09-29 16:41:22,111 - root - INFO - new node test roc_auc, 0.9382
2025-09-29 16:41:40,521 - root - INFO - Epoch: 97, learning rate: 0.0001, train loss: 0.1737
2025-09-29 16:41:40,521 - root - INFO - train average_precision, 0.9768
2025-09-29 16:41:40,521 - root - INFO - train roc_auc, 0.9781
2025-09-29 16:41:40,521 - root - INFO - validate loss: 0.2746
2025-09-29 16:41:40,521 - root - INFO - validate average_precision, 0.9667
2025-09-29 16:41:40,521 - root - INFO - validate roc_auc, 0.9631
2025-09-29 16:41:40,521 - root - INFO - new node validate loss: 0.3643
2025-09-29 16:41:40,521 - root - INFO - new node validate average_precision, 0.9341
2025-09-29 16:41:40,521 - root - INFO - new node validate roc_auc, 0.9270
2025-09-29 16:41:45,235 - root - INFO - test loss: 0.2754
2025-09-29 16:41:45,235 - root - INFO - test average_precision, 0.9621
2025-09-29 16:41:45,235 - root - INFO - best test average_precision: 0.9663
2025-09-29 16:41:45,236 - root - INFO - test roc_auc, 0.9611
2025-09-29 16:41:45,236 - root - INFO - new node test loss: 0.3389
2025-09-29 16:41:45,236 - root - INFO - new node test average_precision, 0.9438
2025-09-29 16:41:45,236 - root - INFO - new node test roc_auc, 0.9389
2025-09-29 16:42:03,512 - root - INFO - Epoch: 98, learning rate: 0.0001, train loss: 0.1726
2025-09-29 16:42:03,512 - root - INFO - train average_precision, 0.9774
2025-09-29 16:42:03,513 - root - INFO - train roc_auc, 0.9784
2025-09-29 16:42:03,513 - root - INFO - validate loss: 0.2727
2025-09-29 16:42:03,513 - root - INFO - validate average_precision, 0.9671
2025-09-29 16:42:03,513 - root - INFO - validate roc_auc, 0.9631
2025-09-29 16:42:03,513 - root - INFO - new node validate loss: 0.3639
2025-09-29 16:42:03,513 - root - INFO - new node validate average_precision, 0.9347
2025-09-29 16:42:03,513 - root - INFO - new node validate roc_auc, 0.9270
2025-09-29 16:42:08,181 - root - INFO - test loss: 0.2715
2025-09-29 16:42:08,181 - root - INFO - test average_precision, 0.9636
2025-09-29 16:42:08,181 - root - INFO - best test average_precision: 0.9663
2025-09-29 16:42:08,181 - root - INFO - test roc_auc, 0.9618
2025-09-29 16:42:08,181 - root - INFO - new node test loss: 0.3382
2025-09-29 16:42:08,181 - root - INFO - new node test average_precision, 0.9451
2025-09-29 16:42:08,181 - root - INFO - new node test roc_auc, 0.9390
2025-09-29 16:42:26,666 - root - INFO - Epoch: 99, learning rate: 0.0001, train loss: 0.1687
2025-09-29 16:42:26,666 - root - INFO - train average_precision, 0.9781
2025-09-29 16:42:26,666 - root - INFO - train roc_auc, 0.9793
2025-09-29 16:42:26,666 - root - INFO - validate loss: 0.2798
2025-09-29 16:42:26,666 - root - INFO - validate average_precision, 0.9666
2025-09-29 16:42:26,666 - root - INFO - validate roc_auc, 0.9628
2025-09-29 16:42:26,666 - root - INFO - new node validate loss: 0.3710
2025-09-29 16:42:26,666 - root - INFO - new node validate average_precision, 0.9342
2025-09-29 16:42:26,666 - root - INFO - new node validate roc_auc, 0.9265
2025-09-29 16:42:31,412 - root - INFO - test loss: 0.2838
2025-09-29 16:42:31,412 - root - INFO - test average_precision, 0.9625
2025-09-29 16:42:31,412 - root - INFO - best test average_precision: 0.9663
2025-09-29 16:42:31,413 - root - INFO - test roc_auc, 0.9608
2025-09-29 16:42:31,413 - root - INFO - new node test loss: 0.3521
2025-09-29 16:42:31,413 - root - INFO - new node test average_precision, 0.9434
2025-09-29 16:42:31,413 - root - INFO - new node test roc_auc, 0.9373
2025-09-29 16:42:49,819 - root - INFO - Epoch: 100, learning rate: 0.0001, train loss: 0.1696
2025-09-29 16:42:49,820 - root - INFO - train average_precision, 0.9778
2025-09-29 16:42:49,820 - root - INFO - train roc_auc, 0.9790
2025-09-29 16:42:49,820 - root - INFO - validate loss: 0.2746
2025-09-29 16:42:49,820 - root - INFO - validate average_precision, 0.9666
2025-09-29 16:42:49,820 - root - INFO - validate roc_auc, 0.9629
2025-09-29 16:42:49,820 - root - INFO - new node validate loss: 0.3596
2025-09-29 16:42:49,820 - root - INFO - new node validate average_precision, 0.9356
2025-09-29 16:42:49,820 - root - INFO - new node validate roc_auc, 0.9283
2025-09-29 16:42:54,522 - root - INFO - test loss: 0.2787
2025-09-29 16:42:54,522 - root - INFO - test average_precision, 0.9625
2025-09-29 16:42:54,522 - root - INFO - best test average_precision: 0.9663
2025-09-29 16:42:54,522 - root - INFO - test roc_auc, 0.9610
2025-09-29 16:42:54,522 - root - INFO - new node test loss: 0.3366
2025-09-29 16:42:54,522 - root - INFO - new node test average_precision, 0.9464
2025-09-29 16:42:54,523 - root - INFO - new node test roc_auc, 0.9408
2025-09-29 16:42:54,523 - root - INFO - load model ./saved_models/JODIE/wikipedia/JODIE_seed0/JODIE_seed0.pkl
2025-09-29 16:42:55,812 - root - INFO - get final performance on dataset wikipedia...
2025-09-29 16:43:00,823 - root - INFO - test loss: 0.2670
2025-09-29 16:43:00,823 - root - INFO - test average_precision, 0.9650
2025-09-29 16:43:00,823 - root - INFO - test roc_auc, 0.9635
2025-09-29 16:43:00,824 - root - INFO - new node test loss: 0.3394
2025-09-29 16:43:00,824 - root - INFO - new node test average_precision, 0.9442
2025-09-29 16:43:00,824 - root - INFO - new node test roc_auc, 0.9393
2025-09-29 16:43:00,824 - root - INFO - Run 1 cost 2362.00 seconds.
