2025-10-01 19:44:27,096 - root - INFO - ********** Run 5 starts. **********
2025-10-01 19:44:27,097 - root - INFO - configuration is Namespace(dataset_name='wikipedia', batch_size=200, model_name='JODIE', gpu=0, num_neighbors=10, sample_neighbor_strategy='uniform', time_scaling_factor=1e-06, num_walk_heads=8, num_heads=2, num_layers=1, walk_length=1, time_gap=2000, time_feat_dim=128, position_feat_dim=172, time_window_mode='fixed_proportion', time_encoder_type='mercer', expert_dim=64, num_mixtures=4, patch_size=1, channel_embedding_dim=50, max_input_sequence_length=32, learning_rate=0.0001, dropout=0.1, gamma=0.5, num_epochs=100, optimizer='Adam', weight_decay=0.0, patience=20, val_ratio=0.15, test_ratio=0.15, num_runs=5, test_interval_epochs=1, negative_sample_strategy='random', max_interaction_times=10, load_best_configs=True, device='cuda:0', seed=4, save_model_name='JODIE_seed4')
2025-10-01 19:44:27,097 - root - INFO - time encoder type: mercer
2025-10-01 19:44:27,259 - root - INFO - model -> Sequential(
  (0): MemoryModel(
    (time_encoder): TimeEncoder(
      (w): Linear(in_features=1, out_features=128, bias=True)
    )
    (message_aggregator): MessageAggregator()
    (memory_bank): MemoryBank(num_nodes=9228, memory_dim=172)
    (memory_updater): RNNMemoryUpdater(
      (memory_bank): MemoryBank(num_nodes=9228, memory_dim=172)
      (memory_updater): RNNCell(644, 172)
    )
    (embedding_module): TimeProjectionEmbedding(
      (dropout): Dropout(p=0.1, inplace=False)
      (linear_layer): Linear(in_features=1, out_features=172, bias=True)
    )
  )
  (1): MergeLayer(
    (fc1): Linear(in_features=344, out_features=172, bias=True)
    (fc2): Linear(in_features=172, out_features=1, bias=True)
    (act): ReLU()
  )
)
2025-10-01 19:44:27,260 - root - INFO - model name: JODIE, #parameters: 803236 B, 784.41015625 KB, 0.7660255432128906 MB.
2025-10-01 19:44:45,888 - root - INFO - Epoch: 1, learning rate: 0.0001, train loss: 0.5300
2025-10-01 19:44:45,889 - root - INFO - train average_precision, 0.7807
2025-10-01 19:44:45,889 - root - INFO - train roc_auc, 0.8100
2025-10-01 19:44:45,889 - root - INFO - validate loss: 0.4346
2025-10-01 19:44:45,889 - root - INFO - validate average_precision, 0.8763
2025-10-01 19:44:45,889 - root - INFO - validate roc_auc, 0.8824
2025-10-01 19:44:45,889 - root - INFO - new node validate loss: 0.4868
2025-10-01 19:44:45,889 - root - INFO - new node validate average_precision, 0.8500
2025-10-01 19:44:45,889 - root - INFO - new node validate roc_auc, 0.8484
2025-10-01 19:44:50,634 - root - INFO - test loss: 0.4407
2025-10-01 19:44:50,635 - root - INFO - test average_precision, 0.8707
2025-10-01 19:44:50,635 - root - INFO - best test average_precision: 0.8707
2025-10-01 19:44:50,635 - root - INFO - test roc_auc, 0.8792
2025-10-01 19:44:50,635 - root - INFO - new node test loss: 0.5134
2025-10-01 19:44:50,635 - root - INFO - new node test average_precision, 0.8287
2025-10-01 19:44:50,635 - root - INFO - new node test roc_auc, 0.8303
2025-10-01 19:44:50,635 - root - INFO - save model ./saved_models/JODIE/wikipedia/JODIE_seed4/JODIE_seed4.pkl
2025-10-01 19:45:10,237 - root - INFO - Epoch: 2, learning rate: 0.0001, train loss: 0.4104
2025-10-01 19:45:10,237 - root - INFO - train average_precision, 0.8875
2025-10-01 19:45:10,238 - root - INFO - train roc_auc, 0.8958
2025-10-01 19:45:10,238 - root - INFO - validate loss: 0.4163
2025-10-01 19:45:10,238 - root - INFO - validate average_precision, 0.8915
2025-10-01 19:45:10,238 - root - INFO - validate roc_auc, 0.8991
2025-10-01 19:45:10,238 - root - INFO - new node validate loss: 0.4475
2025-10-01 19:45:10,238 - root - INFO - new node validate average_precision, 0.8743
2025-10-01 19:45:10,238 - root - INFO - new node validate roc_auc, 0.8716
2025-10-01 19:45:15,011 - root - INFO - test loss: 0.4782
2025-10-01 19:45:15,011 - root - INFO - test average_precision, 0.8626
2025-10-01 19:45:15,011 - root - INFO - best test average_precision: 0.8707
2025-10-01 19:45:15,012 - root - INFO - test roc_auc, 0.8741
2025-10-01 19:45:15,012 - root - INFO - new node test loss: 0.5035
2025-10-01 19:45:15,012 - root - INFO - new node test average_precision, 0.8484
2025-10-01 19:45:15,012 - root - INFO - new node test roc_auc, 0.8504
2025-10-01 19:45:15,012 - root - INFO - save model ./saved_models/JODIE/wikipedia/JODIE_seed4/JODIE_seed4.pkl
2025-10-01 19:45:34,737 - root - INFO - Epoch: 3, learning rate: 0.0001, train loss: 0.3756
2025-10-01 19:45:34,737 - root - INFO - train average_precision, 0.9081
2025-10-01 19:45:34,737 - root - INFO - train roc_auc, 0.9134
2025-10-01 19:45:34,737 - root - INFO - validate loss: 0.3603
2025-10-01 19:45:34,737 - root - INFO - validate average_precision, 0.9168
2025-10-01 19:45:34,737 - root - INFO - validate roc_auc, 0.9212
2025-10-01 19:45:34,737 - root - INFO - new node validate loss: 0.4212
2025-10-01 19:45:34,738 - root - INFO - new node validate average_precision, 0.8897
2025-10-01 19:45:34,738 - root - INFO - new node validate roc_auc, 0.8839
2025-10-01 19:45:39,455 - root - INFO - test loss: 0.3900
2025-10-01 19:45:39,455 - root - INFO - test average_precision, 0.8978
2025-10-01 19:45:39,455 - root - INFO - best test average_precision: 0.8978
2025-10-01 19:45:39,455 - root - INFO - test roc_auc, 0.9074
2025-10-01 19:45:39,455 - root - INFO - new node test loss: 0.4327
2025-10-01 19:45:39,455 - root - INFO - new node test average_precision, 0.8843
2025-10-01 19:45:39,455 - root - INFO - new node test roc_auc, 0.8845
2025-10-01 19:45:39,455 - root - INFO - save model ./saved_models/JODIE/wikipedia/JODIE_seed4/JODIE_seed4.pkl
2025-10-01 19:45:59,097 - root - INFO - Epoch: 4, learning rate: 0.0001, train loss: 0.3610
2025-10-01 19:45:59,097 - root - INFO - train average_precision, 0.9158
2025-10-01 19:45:59,097 - root - INFO - train roc_auc, 0.9195
2025-10-01 19:45:59,097 - root - INFO - validate loss: 0.3518
2025-10-01 19:45:59,097 - root - INFO - validate average_precision, 0.9217
2025-10-01 19:45:59,098 - root - INFO - validate roc_auc, 0.9258
2025-10-01 19:45:59,098 - root - INFO - new node validate loss: 0.4190
2025-10-01 19:45:59,098 - root - INFO - new node validate average_precision, 0.8933
2025-10-01 19:45:59,098 - root - INFO - new node validate roc_auc, 0.8863
2025-10-01 19:46:03,885 - root - INFO - test loss: 0.3734
2025-10-01 19:46:03,885 - root - INFO - test average_precision, 0.9097
2025-10-01 19:46:03,885 - root - INFO - best test average_precision: 0.9097
2025-10-01 19:46:03,885 - root - INFO - test roc_auc, 0.9178
2025-10-01 19:46:03,885 - root - INFO - new node test loss: 0.4251
2025-10-01 19:46:03,885 - root - INFO - new node test average_precision, 0.8903
2025-10-01 19:46:03,885 - root - INFO - new node test roc_auc, 0.8910
2025-10-01 19:46:03,885 - root - INFO - save model ./saved_models/JODIE/wikipedia/JODIE_seed4/JODIE_seed4.pkl
2025-10-01 19:46:23,497 - root - INFO - Epoch: 5, learning rate: 0.0001, train loss: 0.3479
2025-10-01 19:46:23,497 - root - INFO - train average_precision, 0.9231
2025-10-01 19:46:23,498 - root - INFO - train roc_auc, 0.9256
2025-10-01 19:46:23,498 - root - INFO - validate loss: 0.3319
2025-10-01 19:46:23,498 - root - INFO - validate average_precision, 0.9321
2025-10-01 19:46:23,498 - root - INFO - validate roc_auc, 0.9335
2025-10-01 19:46:23,498 - root - INFO - new node validate loss: 0.4096
2025-10-01 19:46:23,498 - root - INFO - new node validate average_precision, 0.8991
2025-10-01 19:46:23,498 - root - INFO - new node validate roc_auc, 0.8920
2025-10-01 19:46:28,213 - root - INFO - test loss: 0.3454
2025-10-01 19:46:28,214 - root - INFO - test average_precision, 0.9223
2025-10-01 19:46:28,214 - root - INFO - best test average_precision: 0.9223
2025-10-01 19:46:28,214 - root - INFO - test roc_auc, 0.9277
2025-10-01 19:46:28,214 - root - INFO - new node test loss: 0.4112
2025-10-01 19:46:28,214 - root - INFO - new node test average_precision, 0.8974
2025-10-01 19:46:28,214 - root - INFO - new node test roc_auc, 0.8970
2025-10-01 19:46:28,214 - root - INFO - save model ./saved_models/JODIE/wikipedia/JODIE_seed4/JODIE_seed4.pkl
2025-10-01 19:46:47,800 - root - INFO - Epoch: 6, learning rate: 0.0001, train loss: 0.3378
2025-10-01 19:46:47,801 - root - INFO - train average_precision, 0.9293
2025-10-01 19:46:47,801 - root - INFO - train roc_auc, 0.9298
2025-10-01 19:46:47,801 - root - INFO - validate loss: 0.3292
2025-10-01 19:46:47,801 - root - INFO - validate average_precision, 0.9334
2025-10-01 19:46:47,801 - root - INFO - validate roc_auc, 0.9344
2025-10-01 19:46:47,801 - root - INFO - new node validate loss: 0.3971
2025-10-01 19:46:47,801 - root - INFO - new node validate average_precision, 0.9033
2025-10-01 19:46:47,801 - root - INFO - new node validate roc_auc, 0.8957
2025-10-01 19:46:52,522 - root - INFO - test loss: 0.3526
2025-10-01 19:46:52,522 - root - INFO - test average_precision, 0.9190
2025-10-01 19:46:52,522 - root - INFO - best test average_precision: 0.9223
2025-10-01 19:46:52,523 - root - INFO - test roc_auc, 0.9255
2025-10-01 19:46:52,523 - root - INFO - new node test loss: 0.4075
2025-10-01 19:46:52,523 - root - INFO - new node test average_precision, 0.8997
2025-10-01 19:46:52,523 - root - INFO - new node test roc_auc, 0.8993
2025-10-01 19:46:52,523 - root - INFO - save model ./saved_models/JODIE/wikipedia/JODIE_seed4/JODIE_seed4.pkl
2025-10-01 19:47:12,102 - root - INFO - Epoch: 7, learning rate: 0.0001, train loss: 0.3345
2025-10-01 19:47:12,102 - root - INFO - train average_precision, 0.9309
2025-10-01 19:47:12,103 - root - INFO - train roc_auc, 0.9309
2025-10-01 19:47:12,103 - root - INFO - validate loss: 0.3229
2025-10-01 19:47:12,103 - root - INFO - validate average_precision, 0.9385
2025-10-01 19:47:12,103 - root - INFO - validate roc_auc, 0.9374
2025-10-01 19:47:12,103 - root - INFO - new node validate loss: 0.3955
2025-10-01 19:47:12,103 - root - INFO - new node validate average_precision, 0.9082
2025-10-01 19:47:12,103 - root - INFO - new node validate roc_auc, 0.8976
2025-10-01 19:47:16,856 - root - INFO - test loss: 0.3290
2025-10-01 19:47:16,856 - root - INFO - test average_precision, 0.9338
2025-10-01 19:47:16,856 - root - INFO - best test average_precision: 0.9338
2025-10-01 19:47:16,856 - root - INFO - test roc_auc, 0.9354
2025-10-01 19:47:16,856 - root - INFO - new node test loss: 0.3951
2025-10-01 19:47:16,856 - root - INFO - new node test average_precision, 0.9086
2025-10-01 19:47:16,856 - root - INFO - new node test roc_auc, 0.9040
2025-10-01 19:47:16,857 - root - INFO - save model ./saved_models/JODIE/wikipedia/JODIE_seed4/JODIE_seed4.pkl
2025-10-01 19:47:36,490 - root - INFO - Epoch: 8, learning rate: 0.0001, train loss: 0.3227
2025-10-01 19:47:36,490 - root - INFO - train average_precision, 0.9363
2025-10-01 19:47:36,491 - root - INFO - train roc_auc, 0.9354
2025-10-01 19:47:36,491 - root - INFO - validate loss: 0.3149
2025-10-01 19:47:36,491 - root - INFO - validate average_precision, 0.9442
2025-10-01 19:47:36,491 - root - INFO - validate roc_auc, 0.9410
2025-10-01 19:47:36,491 - root - INFO - new node validate loss: 0.4001
2025-10-01 19:47:36,491 - root - INFO - new node validate average_precision, 0.9073
2025-10-01 19:47:36,491 - root - INFO - new node validate roc_auc, 0.8960
2025-10-01 19:47:41,195 - root - INFO - test loss: 0.3478
2025-10-01 19:47:41,195 - root - INFO - test average_precision, 0.9311
2025-10-01 19:47:41,195 - root - INFO - best test average_precision: 0.9338
2025-10-01 19:47:41,195 - root - INFO - test roc_auc, 0.9311
2025-10-01 19:47:41,195 - root - INFO - new node test loss: 0.4180
2025-10-01 19:47:41,195 - root - INFO - new node test average_precision, 0.9044
2025-10-01 19:47:41,195 - root - INFO - new node test roc_auc, 0.8961
2025-10-01 19:47:41,196 - root - INFO - save model ./saved_models/JODIE/wikipedia/JODIE_seed4/JODIE_seed4.pkl
2025-10-01 19:48:00,839 - root - INFO - Epoch: 9, learning rate: 0.0001, train loss: 0.3171
2025-10-01 19:48:00,840 - root - INFO - train average_precision, 0.9387
2025-10-01 19:48:00,840 - root - INFO - train roc_auc, 0.9377
2025-10-01 19:48:00,840 - root - INFO - validate loss: 0.3122
2025-10-01 19:48:00,840 - root - INFO - validate average_precision, 0.9439
2025-10-01 19:48:00,840 - root - INFO - validate roc_auc, 0.9410
2025-10-01 19:48:00,840 - root - INFO - new node validate loss: 0.3779
2025-10-01 19:48:00,840 - root - INFO - new node validate average_precision, 0.9133
2025-10-01 19:48:00,840 - root - INFO - new node validate roc_auc, 0.9043
2025-10-01 19:48:05,560 - root - INFO - test loss: 0.3613
2025-10-01 19:48:05,560 - root - INFO - test average_precision, 0.9226
2025-10-01 19:48:05,560 - root - INFO - best test average_precision: 0.9338
2025-10-01 19:48:05,560 - root - INFO - test roc_auc, 0.9246
2025-10-01 19:48:05,560 - root - INFO - new node test loss: 0.3945
2025-10-01 19:48:05,560 - root - INFO - new node test average_precision, 0.9109
2025-10-01 19:48:05,560 - root - INFO - new node test roc_auc, 0.9039
2025-10-01 19:48:23,957 - root - INFO - Epoch: 10, learning rate: 0.0001, train loss: 0.3106
2025-10-01 19:48:23,957 - root - INFO - train average_precision, 0.9411
2025-10-01 19:48:23,957 - root - INFO - train roc_auc, 0.9398
2025-10-01 19:48:23,957 - root - INFO - validate loss: 0.3094
2025-10-01 19:48:23,957 - root - INFO - validate average_precision, 0.9438
2025-10-01 19:48:23,957 - root - INFO - validate roc_auc, 0.9425
2025-10-01 19:48:23,957 - root - INFO - new node validate loss: 0.3847
2025-10-01 19:48:23,957 - root - INFO - new node validate average_precision, 0.9107
2025-10-01 19:48:23,957 - root - INFO - new node validate roc_auc, 0.9022
2025-10-01 19:48:28,661 - root - INFO - test loss: 0.3467
2025-10-01 19:48:28,661 - root - INFO - test average_precision, 0.9264
2025-10-01 19:48:28,661 - root - INFO - best test average_precision: 0.9338
2025-10-01 19:48:28,661 - root - INFO - test roc_auc, 0.9303
2025-10-01 19:48:28,661 - root - INFO - new node test loss: 0.3942
2025-10-01 19:48:28,661 - root - INFO - new node test average_precision, 0.9107
2025-10-01 19:48:28,661 - root - INFO - new node test roc_auc, 0.9056
2025-10-01 19:48:47,122 - root - INFO - Epoch: 11, learning rate: 0.0001, train loss: 0.3054
2025-10-01 19:48:47,122 - root - INFO - train average_precision, 0.9426
2025-10-01 19:48:47,122 - root - INFO - train roc_auc, 0.9416
2025-10-01 19:48:47,122 - root - INFO - validate loss: 0.2957
2025-10-01 19:48:47,122 - root - INFO - validate average_precision, 0.9497
2025-10-01 19:48:47,123 - root - INFO - validate roc_auc, 0.9471
2025-10-01 19:48:47,123 - root - INFO - new node validate loss: 0.3755
2025-10-01 19:48:47,123 - root - INFO - new node validate average_precision, 0.9166
2025-10-01 19:48:47,123 - root - INFO - new node validate roc_auc, 0.9060
2025-10-01 19:48:51,861 - root - INFO - test loss: 0.3028
2025-10-01 19:48:51,861 - root - INFO - test average_precision, 0.9467
2025-10-01 19:48:51,861 - root - INFO - best test average_precision: 0.9467
2025-10-01 19:48:51,861 - root - INFO - test roc_auc, 0.9459
2025-10-01 19:48:51,861 - root - INFO - new node test loss: 0.3649
2025-10-01 19:48:51,861 - root - INFO - new node test average_precision, 0.9257
2025-10-01 19:48:51,861 - root - INFO - new node test roc_auc, 0.9185
2025-10-01 19:48:51,862 - root - INFO - save model ./saved_models/JODIE/wikipedia/JODIE_seed4/JODIE_seed4.pkl
2025-10-01 19:49:11,487 - root - INFO - Epoch: 12, learning rate: 0.0001, train loss: 0.2981
2025-10-01 19:49:11,487 - root - INFO - train average_precision, 0.9451
2025-10-01 19:49:11,487 - root - INFO - train roc_auc, 0.9442
2025-10-01 19:49:11,487 - root - INFO - validate loss: 0.2949
2025-10-01 19:49:11,488 - root - INFO - validate average_precision, 0.9509
2025-10-01 19:49:11,488 - root - INFO - validate roc_auc, 0.9475
2025-10-01 19:49:11,488 - root - INFO - new node validate loss: 0.3746
2025-10-01 19:49:11,488 - root - INFO - new node validate average_precision, 0.9180
2025-10-01 19:49:11,488 - root - INFO - new node validate roc_auc, 0.9074
2025-10-01 19:49:16,184 - root - INFO - test loss: 0.3119
2025-10-01 19:49:16,184 - root - INFO - test average_precision, 0.9439
2025-10-01 19:49:16,184 - root - INFO - best test average_precision: 0.9467
2025-10-01 19:49:16,185 - root - INFO - test roc_auc, 0.9436
2025-10-01 19:49:16,185 - root - INFO - new node test loss: 0.3603
2025-10-01 19:49:16,185 - root - INFO - new node test average_precision, 0.9297
2025-10-01 19:49:16,185 - root - INFO - new node test roc_auc, 0.9221
2025-10-01 19:49:16,185 - root - INFO - save model ./saved_models/JODIE/wikipedia/JODIE_seed4/JODIE_seed4.pkl
2025-10-01 19:49:35,822 - root - INFO - Epoch: 13, learning rate: 0.0001, train loss: 0.2965
2025-10-01 19:49:35,822 - root - INFO - train average_precision, 0.9467
2025-10-01 19:49:35,822 - root - INFO - train roc_auc, 0.9449
2025-10-01 19:49:35,822 - root - INFO - validate loss: 0.2969
2025-10-01 19:49:35,822 - root - INFO - validate average_precision, 0.9512
2025-10-01 19:49:35,822 - root - INFO - validate roc_auc, 0.9472
2025-10-01 19:49:35,822 - root - INFO - new node validate loss: 0.3825
2025-10-01 19:49:35,822 - root - INFO - new node validate average_precision, 0.9167
2025-10-01 19:49:35,822 - root - INFO - new node validate roc_auc, 0.9048
2025-10-01 19:49:40,516 - root - INFO - test loss: 0.3121
2025-10-01 19:49:40,517 - root - INFO - test average_precision, 0.9448
2025-10-01 19:49:40,517 - root - INFO - best test average_precision: 0.9467
2025-10-01 19:49:40,517 - root - INFO - test roc_auc, 0.9435
2025-10-01 19:49:40,517 - root - INFO - new node test loss: 0.3810
2025-10-01 19:49:40,517 - root - INFO - new node test average_precision, 0.9217
2025-10-01 19:49:40,517 - root - INFO - new node test roc_auc, 0.9130
2025-10-01 19:49:58,953 - root - INFO - Epoch: 14, learning rate: 0.0001, train loss: 0.2890
2025-10-01 19:49:58,953 - root - INFO - train average_precision, 0.9493
2025-10-01 19:49:58,953 - root - INFO - train roc_auc, 0.9477
2025-10-01 19:49:58,953 - root - INFO - validate loss: 0.2848
2025-10-01 19:49:58,953 - root - INFO - validate average_precision, 0.9538
2025-10-01 19:49:58,953 - root - INFO - validate roc_auc, 0.9513
2025-10-01 19:49:58,953 - root - INFO - new node validate loss: 0.3753
2025-10-01 19:49:58,953 - root - INFO - new node validate average_precision, 0.9186
2025-10-01 19:49:58,953 - root - INFO - new node validate roc_auc, 0.9086
2025-10-01 19:50:03,685 - root - INFO - test loss: 0.3026
2025-10-01 19:50:03,685 - root - INFO - test average_precision, 0.9469
2025-10-01 19:50:03,685 - root - INFO - best test average_precision: 0.9469
2025-10-01 19:50:03,685 - root - INFO - test roc_auc, 0.9467
2025-10-01 19:50:03,685 - root - INFO - new node test loss: 0.3644
2025-10-01 19:50:03,685 - root - INFO - new node test average_precision, 0.9261
2025-10-01 19:50:03,685 - root - INFO - new node test roc_auc, 0.9211
2025-10-01 19:50:03,685 - root - INFO - save model ./saved_models/JODIE/wikipedia/JODIE_seed4/JODIE_seed4.pkl
2025-10-01 19:50:23,308 - root - INFO - Epoch: 15, learning rate: 0.0001, train loss: 0.2819
2025-10-01 19:50:23,308 - root - INFO - train average_precision, 0.9514
2025-10-01 19:50:23,308 - root - INFO - train roc_auc, 0.9498
2025-10-01 19:50:23,308 - root - INFO - validate loss: 0.2745
2025-10-01 19:50:23,308 - root - INFO - validate average_precision, 0.9579
2025-10-01 19:50:23,308 - root - INFO - validate roc_auc, 0.9546
2025-10-01 19:50:23,308 - root - INFO - new node validate loss: 0.3660
2025-10-01 19:50:23,308 - root - INFO - new node validate average_precision, 0.9226
2025-10-01 19:50:23,309 - root - INFO - new node validate roc_auc, 0.9129
2025-10-01 19:50:28,048 - root - INFO - test loss: 0.2825
2025-10-01 19:50:28,048 - root - INFO - test average_precision, 0.9532
2025-10-01 19:50:28,048 - root - INFO - best test average_precision: 0.9532
2025-10-01 19:50:28,048 - root - INFO - test roc_auc, 0.9526
2025-10-01 19:50:28,049 - root - INFO - new node test loss: 0.3457
2025-10-01 19:50:28,049 - root - INFO - new node test average_precision, 0.9333
2025-10-01 19:50:28,049 - root - INFO - new node test roc_auc, 0.9273
2025-10-01 19:50:28,049 - root - INFO - save model ./saved_models/JODIE/wikipedia/JODIE_seed4/JODIE_seed4.pkl
2025-10-01 19:50:47,635 - root - INFO - Epoch: 16, learning rate: 0.0001, train loss: 0.2751
2025-10-01 19:50:47,636 - root - INFO - train average_precision, 0.9535
2025-10-01 19:50:47,636 - root - INFO - train roc_auc, 0.9519
2025-10-01 19:50:47,636 - root - INFO - validate loss: 0.2768
2025-10-01 19:50:47,636 - root - INFO - validate average_precision, 0.9577
2025-10-01 19:50:47,636 - root - INFO - validate roc_auc, 0.9540
2025-10-01 19:50:47,636 - root - INFO - new node validate loss: 0.3739
2025-10-01 19:50:47,636 - root - INFO - new node validate average_precision, 0.9216
2025-10-01 19:50:47,636 - root - INFO - new node validate roc_auc, 0.9106
2025-10-01 19:50:52,370 - root - INFO - test loss: 0.2949
2025-10-01 19:50:52,370 - root - INFO - test average_precision, 0.9526
2025-10-01 19:50:52,370 - root - INFO - best test average_precision: 0.9532
2025-10-01 19:50:52,370 - root - INFO - test roc_auc, 0.9500
2025-10-01 19:50:52,370 - root - INFO - new node test loss: 0.3633
2025-10-01 19:50:52,370 - root - INFO - new node test average_precision, 0.9294
2025-10-01 19:50:52,370 - root - INFO - new node test roc_auc, 0.9214
2025-10-01 19:51:10,786 - root - INFO - Epoch: 17, learning rate: 0.0001, train loss: 0.2740
2025-10-01 19:51:10,786 - root - INFO - train average_precision, 0.9539
2025-10-01 19:51:10,786 - root - INFO - train roc_auc, 0.9523
2025-10-01 19:51:10,786 - root - INFO - validate loss: 0.2710
2025-10-01 19:51:10,786 - root - INFO - validate average_precision, 0.9589
2025-10-01 19:51:10,787 - root - INFO - validate roc_auc, 0.9560
2025-10-01 19:51:10,787 - root - INFO - new node validate loss: 0.3674
2025-10-01 19:51:10,787 - root - INFO - new node validate average_precision, 0.9241
2025-10-01 19:51:10,787 - root - INFO - new node validate roc_auc, 0.9128
2025-10-01 19:51:15,511 - root - INFO - test loss: 0.2771
2025-10-01 19:51:15,512 - root - INFO - test average_precision, 0.9568
2025-10-01 19:51:15,512 - root - INFO - best test average_precision: 0.9568
2025-10-01 19:51:15,512 - root - INFO - test roc_auc, 0.9550
2025-10-01 19:51:15,512 - root - INFO - new node test loss: 0.3434
2025-10-01 19:51:15,512 - root - INFO - new node test average_precision, 0.9356
2025-10-01 19:51:15,512 - root - INFO - new node test roc_auc, 0.9290
2025-10-01 19:51:15,512 - root - INFO - save model ./saved_models/JODIE/wikipedia/JODIE_seed4/JODIE_seed4.pkl
2025-10-01 19:51:35,071 - root - INFO - Epoch: 18, learning rate: 0.0001, train loss: 0.2674
2025-10-01 19:51:35,071 - root - INFO - train average_precision, 0.9555
2025-10-01 19:51:35,071 - root - INFO - train roc_auc, 0.9543
2025-10-01 19:51:35,071 - root - INFO - validate loss: 0.2682
2025-10-01 19:51:35,071 - root - INFO - validate average_precision, 0.9606
2025-10-01 19:51:35,071 - root - INFO - validate roc_auc, 0.9566
2025-10-01 19:51:35,071 - root - INFO - new node validate loss: 0.3701
2025-10-01 19:51:35,071 - root - INFO - new node validate average_precision, 0.9235
2025-10-01 19:51:35,072 - root - INFO - new node validate roc_auc, 0.9120
2025-10-01 19:51:39,821 - root - INFO - test loss: 0.2783
2025-10-01 19:51:39,821 - root - INFO - test average_precision, 0.9572
2025-10-01 19:51:39,821 - root - INFO - best test average_precision: 0.9572
2025-10-01 19:51:39,821 - root - INFO - test roc_auc, 0.9547
2025-10-01 19:51:39,821 - root - INFO - new node test loss: 0.3509
2025-10-01 19:51:39,821 - root - INFO - new node test average_precision, 0.9344
2025-10-01 19:51:39,821 - root - INFO - new node test roc_auc, 0.9260
2025-10-01 19:51:39,821 - root - INFO - save model ./saved_models/JODIE/wikipedia/JODIE_seed4/JODIE_seed4.pkl
2025-10-01 19:51:59,369 - root - INFO - Epoch: 19, learning rate: 0.0001, train loss: 0.2669
2025-10-01 19:51:59,370 - root - INFO - train average_precision, 0.9558
2025-10-01 19:51:59,370 - root - INFO - train roc_auc, 0.9543
2025-10-01 19:51:59,370 - root - INFO - validate loss: 0.2692
2025-10-01 19:51:59,370 - root - INFO - validate average_precision, 0.9603
2025-10-01 19:51:59,370 - root - INFO - validate roc_auc, 0.9568
2025-10-01 19:51:59,370 - root - INFO - new node validate loss: 0.3700
2025-10-01 19:51:59,370 - root - INFO - new node validate average_precision, 0.9238
2025-10-01 19:51:59,370 - root - INFO - new node validate roc_auc, 0.9127
2025-10-01 19:52:04,074 - root - INFO - test loss: 0.2805
2025-10-01 19:52:04,074 - root - INFO - test average_precision, 0.9568
2025-10-01 19:52:04,074 - root - INFO - best test average_precision: 0.9572
2025-10-01 19:52:04,074 - root - INFO - test roc_auc, 0.9544
2025-10-01 19:52:04,074 - root - INFO - new node test loss: 0.3484
2025-10-01 19:52:04,075 - root - INFO - new node test average_precision, 0.9356
2025-10-01 19:52:04,075 - root - INFO - new node test roc_auc, 0.9274
2025-10-01 19:52:22,523 - root - INFO - Epoch: 20, learning rate: 0.0001, train loss: 0.2599
2025-10-01 19:52:22,523 - root - INFO - train average_precision, 0.9579
2025-10-01 19:52:22,523 - root - INFO - train roc_auc, 0.9566
2025-10-01 19:52:22,523 - root - INFO - validate loss: 0.2651
2025-10-01 19:52:22,523 - root - INFO - validate average_precision, 0.9619
2025-10-01 19:52:22,524 - root - INFO - validate roc_auc, 0.9579
2025-10-01 19:52:22,524 - root - INFO - new node validate loss: 0.3585
2025-10-01 19:52:22,524 - root - INFO - new node validate average_precision, 0.9271
2025-10-01 19:52:22,524 - root - INFO - new node validate roc_auc, 0.9173
2025-10-01 19:52:27,246 - root - INFO - test loss: 0.2751
2025-10-01 19:52:27,246 - root - INFO - test average_precision, 0.9592
2025-10-01 19:52:27,246 - root - INFO - best test average_precision: 0.9592
2025-10-01 19:52:27,246 - root - INFO - test roc_auc, 0.9559
2025-10-01 19:52:27,246 - root - INFO - new node test loss: 0.3373
2025-10-01 19:52:27,246 - root - INFO - new node test average_precision, 0.9388
2025-10-01 19:52:27,246 - root - INFO - new node test roc_auc, 0.9315
2025-10-01 19:52:27,247 - root - INFO - save model ./saved_models/JODIE/wikipedia/JODIE_seed4/JODIE_seed4.pkl
2025-10-01 19:52:46,868 - root - INFO - Epoch: 21, learning rate: 0.0001, train loss: 0.2581
2025-10-01 19:52:46,868 - root - INFO - train average_precision, 0.9588
2025-10-01 19:52:46,868 - root - INFO - train roc_auc, 0.9571
2025-10-01 19:52:46,868 - root - INFO - validate loss: 0.2700
2025-10-01 19:52:46,868 - root - INFO - validate average_precision, 0.9593
2025-10-01 19:52:46,868 - root - INFO - validate roc_auc, 0.9558
2025-10-01 19:52:46,868 - root - INFO - new node validate loss: 0.3595
2025-10-01 19:52:46,868 - root - INFO - new node validate average_precision, 0.9252
2025-10-01 19:52:46,868 - root - INFO - new node validate roc_auc, 0.9147
2025-10-01 19:52:51,556 - root - INFO - test loss: 0.2819
2025-10-01 19:52:51,556 - root - INFO - test average_precision, 0.9561
2025-10-01 19:52:51,556 - root - INFO - best test average_precision: 0.9592
2025-10-01 19:52:51,556 - root - INFO - test roc_auc, 0.9533
2025-10-01 19:52:51,556 - root - INFO - new node test loss: 0.3441
2025-10-01 19:52:51,556 - root - INFO - new node test average_precision, 0.9348
2025-10-01 19:52:51,556 - root - INFO - new node test roc_auc, 0.9274
2025-10-01 19:53:09,980 - root - INFO - Epoch: 22, learning rate: 0.0001, train loss: 0.2515
2025-10-01 19:53:09,980 - root - INFO - train average_precision, 0.9601
2025-10-01 19:53:09,980 - root - INFO - train roc_auc, 0.9589
2025-10-01 19:53:09,980 - root - INFO - validate loss: 0.2715
2025-10-01 19:53:09,980 - root - INFO - validate average_precision, 0.9592
2025-10-01 19:53:09,980 - root - INFO - validate roc_auc, 0.9557
2025-10-01 19:53:09,980 - root - INFO - new node validate loss: 0.3668
2025-10-01 19:53:09,980 - root - INFO - new node validate average_precision, 0.9234
2025-10-01 19:53:09,980 - root - INFO - new node validate roc_auc, 0.9134
2025-10-01 19:53:14,672 - root - INFO - test loss: 0.2947
2025-10-01 19:53:14,672 - root - INFO - test average_precision, 0.9524
2025-10-01 19:53:14,672 - root - INFO - best test average_precision: 0.9592
2025-10-01 19:53:14,672 - root - INFO - test roc_auc, 0.9501
2025-10-01 19:53:14,672 - root - INFO - new node test loss: 0.3559
2025-10-01 19:53:14,673 - root - INFO - new node test average_precision, 0.9318
2025-10-01 19:53:14,673 - root - INFO - new node test roc_auc, 0.9248
2025-10-01 19:53:33,138 - root - INFO - Epoch: 23, learning rate: 0.0001, train loss: 0.2544
2025-10-01 19:53:33,138 - root - INFO - train average_precision, 0.9595
2025-10-01 19:53:33,138 - root - INFO - train roc_auc, 0.9581
2025-10-01 19:53:33,138 - root - INFO - validate loss: 0.2697
2025-10-01 19:53:33,138 - root - INFO - validate average_precision, 0.9608
2025-10-01 19:53:33,138 - root - INFO - validate roc_auc, 0.9568
2025-10-01 19:53:33,138 - root - INFO - new node validate loss: 0.3627
2025-10-01 19:53:33,138 - root - INFO - new node validate average_precision, 0.9263
2025-10-01 19:53:33,138 - root - INFO - new node validate roc_auc, 0.9154
2025-10-01 19:53:37,875 - root - INFO - test loss: 0.2762
2025-10-01 19:53:37,875 - root - INFO - test average_precision, 0.9586
2025-10-01 19:53:37,875 - root - INFO - best test average_precision: 0.9592
2025-10-01 19:53:37,875 - root - INFO - test roc_auc, 0.9556
2025-10-01 19:53:37,875 - root - INFO - new node test loss: 0.3388
2025-10-01 19:53:37,875 - root - INFO - new node test average_precision, 0.9395
2025-10-01 19:53:37,875 - root - INFO - new node test roc_auc, 0.9315
2025-10-01 19:53:56,267 - root - INFO - Epoch: 24, learning rate: 0.0001, train loss: 0.2506
2025-10-01 19:53:56,268 - root - INFO - train average_precision, 0.9605
2025-10-01 19:53:56,268 - root - INFO - train roc_auc, 0.9593
2025-10-01 19:53:56,268 - root - INFO - validate loss: 0.2795
2025-10-01 19:53:56,268 - root - INFO - validate average_precision, 0.9582
2025-10-01 19:53:56,268 - root - INFO - validate roc_auc, 0.9541
2025-10-01 19:53:56,268 - root - INFO - new node validate loss: 0.3699
2025-10-01 19:53:56,268 - root - INFO - new node validate average_precision, 0.9250
2025-10-01 19:53:56,268 - root - INFO - new node validate roc_auc, 0.9136
2025-10-01 19:54:01,020 - root - INFO - test loss: 0.3031
2025-10-01 19:54:01,020 - root - INFO - test average_precision, 0.9520
2025-10-01 19:54:01,021 - root - INFO - best test average_precision: 0.9592
2025-10-01 19:54:01,021 - root - INFO - test roc_auc, 0.9488
2025-10-01 19:54:01,021 - root - INFO - new node test loss: 0.3575
2025-10-01 19:54:01,021 - root - INFO - new node test average_precision, 0.9336
2025-10-01 19:54:01,021 - root - INFO - new node test roc_auc, 0.9249
2025-10-01 19:54:19,427 - root - INFO - Epoch: 25, learning rate: 0.0001, train loss: 0.2474
2025-10-01 19:54:19,427 - root - INFO - train average_precision, 0.9609
2025-10-01 19:54:19,428 - root - INFO - train roc_auc, 0.9600
2025-10-01 19:54:19,428 - root - INFO - validate loss: 0.2645
2025-10-01 19:54:19,428 - root - INFO - validate average_precision, 0.9619
2025-10-01 19:54:19,428 - root - INFO - validate roc_auc, 0.9580
2025-10-01 19:54:19,428 - root - INFO - new node validate loss: 0.3595
2025-10-01 19:54:19,428 - root - INFO - new node validate average_precision, 0.9267
2025-10-01 19:54:19,428 - root - INFO - new node validate roc_auc, 0.9154
2025-10-01 19:54:24,121 - root - INFO - test loss: 0.2751
2025-10-01 19:54:24,122 - root - INFO - test average_precision, 0.9588
2025-10-01 19:54:24,122 - root - INFO - best test average_precision: 0.9592
2025-10-01 19:54:24,122 - root - INFO - test roc_auc, 0.9556
2025-10-01 19:54:24,122 - root - INFO - new node test loss: 0.3311
2025-10-01 19:54:24,122 - root - INFO - new node test average_precision, 0.9408
2025-10-01 19:54:24,122 - root - INFO - new node test roc_auc, 0.9337
2025-10-01 19:54:24,122 - root - INFO - save model ./saved_models/JODIE/wikipedia/JODIE_seed4/JODIE_seed4.pkl
2025-10-01 19:54:43,689 - root - INFO - Epoch: 26, learning rate: 0.0001, train loss: 0.2466
2025-10-01 19:54:43,689 - root - INFO - train average_precision, 0.9616
2025-10-01 19:54:43,690 - root - INFO - train roc_auc, 0.9602
2025-10-01 19:54:43,690 - root - INFO - validate loss: 0.2650
2025-10-01 19:54:43,690 - root - INFO - validate average_precision, 0.9618
2025-10-01 19:54:43,690 - root - INFO - validate roc_auc, 0.9580
2025-10-01 19:54:43,690 - root - INFO - new node validate loss: 0.3627
2025-10-01 19:54:43,690 - root - INFO - new node validate average_precision, 0.9262
2025-10-01 19:54:43,690 - root - INFO - new node validate roc_auc, 0.9152
2025-10-01 19:54:48,394 - root - INFO - test loss: 0.2705
2025-10-01 19:54:48,394 - root - INFO - test average_precision, 0.9614
2025-10-01 19:54:48,394 - root - INFO - best test average_precision: 0.9614
2025-10-01 19:54:48,394 - root - INFO - test roc_auc, 0.9574
2025-10-01 19:54:48,394 - root - INFO - new node test loss: 0.3327
2025-10-01 19:54:48,394 - root - INFO - new node test average_precision, 0.9408
2025-10-01 19:54:48,394 - root - INFO - new node test roc_auc, 0.9335
2025-10-01 19:55:06,777 - root - INFO - Epoch: 27, learning rate: 0.0001, train loss: 0.2455
2025-10-01 19:55:06,777 - root - INFO - train average_precision, 0.9620
2025-10-01 19:55:06,777 - root - INFO - train roc_auc, 0.9607
2025-10-01 19:55:06,777 - root - INFO - validate loss: 0.2676
2025-10-01 19:55:06,777 - root - INFO - validate average_precision, 0.9610
2025-10-01 19:55:06,777 - root - INFO - validate roc_auc, 0.9566
2025-10-01 19:55:06,777 - root - INFO - new node validate loss: 0.3581
2025-10-01 19:55:06,778 - root - INFO - new node validate average_precision, 0.9262
2025-10-01 19:55:06,778 - root - INFO - new node validate roc_auc, 0.9159
2025-10-01 19:55:11,498 - root - INFO - test loss: 0.2840
2025-10-01 19:55:11,498 - root - INFO - test average_precision, 0.9572
2025-10-01 19:55:11,498 - root - INFO - best test average_precision: 0.9614
2025-10-01 19:55:11,498 - root - INFO - test roc_auc, 0.9535
2025-10-01 19:55:11,498 - root - INFO - new node test loss: 0.3386
2025-10-01 19:55:11,498 - root - INFO - new node test average_precision, 0.9378
2025-10-01 19:55:11,498 - root - INFO - new node test roc_auc, 0.9311
2025-10-01 19:55:29,890 - root - INFO - Epoch: 28, learning rate: 0.0001, train loss: 0.2406
2025-10-01 19:55:29,890 - root - INFO - train average_precision, 0.9630
2025-10-01 19:55:29,891 - root - INFO - train roc_auc, 0.9620
2025-10-01 19:55:29,891 - root - INFO - validate loss: 0.2671
2025-10-01 19:55:29,891 - root - INFO - validate average_precision, 0.9614
2025-10-01 19:55:29,891 - root - INFO - validate roc_auc, 0.9573
2025-10-01 19:55:29,891 - root - INFO - new node validate loss: 0.3590
2025-10-01 19:55:29,891 - root - INFO - new node validate average_precision, 0.9273
2025-10-01 19:55:29,891 - root - INFO - new node validate roc_auc, 0.9166
2025-10-01 19:55:34,613 - root - INFO - test loss: 0.2640
2025-10-01 19:55:34,614 - root - INFO - test average_precision, 0.9620
2025-10-01 19:55:34,614 - root - INFO - best test average_precision: 0.9620
2025-10-01 19:55:34,614 - root - INFO - test roc_auc, 0.9592
2025-10-01 19:55:34,614 - root - INFO - new node test loss: 0.3250
2025-10-01 19:55:34,614 - root - INFO - new node test average_precision, 0.9426
2025-10-01 19:55:34,614 - root - INFO - new node test roc_auc, 0.9362
2025-10-01 19:55:53,035 - root - INFO - Epoch: 29, learning rate: 0.0001, train loss: 0.2363
2025-10-01 19:55:53,036 - root - INFO - train average_precision, 0.9639
2025-10-01 19:55:53,036 - root - INFO - train roc_auc, 0.9632
2025-10-01 19:55:53,036 - root - INFO - validate loss: 0.2679
2025-10-01 19:55:53,036 - root - INFO - validate average_precision, 0.9621
2025-10-01 19:55:53,036 - root - INFO - validate roc_auc, 0.9581
2025-10-01 19:55:53,036 - root - INFO - new node validate loss: 0.3670
2025-10-01 19:55:53,036 - root - INFO - new node validate average_precision, 0.9263
2025-10-01 19:55:53,036 - root - INFO - new node validate roc_auc, 0.9149
2025-10-01 19:55:57,734 - root - INFO - test loss: 0.2811
2025-10-01 19:55:57,734 - root - INFO - test average_precision, 0.9590
2025-10-01 19:55:57,734 - root - INFO - best test average_precision: 0.9620
2025-10-01 19:55:57,735 - root - INFO - test roc_auc, 0.9559
2025-10-01 19:55:57,735 - root - INFO - new node test loss: 0.3463
2025-10-01 19:55:57,735 - root - INFO - new node test average_precision, 0.9370
2025-10-01 19:55:57,735 - root - INFO - new node test roc_auc, 0.9297
2025-10-01 19:55:57,735 - root - INFO - save model ./saved_models/JODIE/wikipedia/JODIE_seed4/JODIE_seed4.pkl
2025-10-01 19:56:17,412 - root - INFO - Epoch: 30, learning rate: 0.0001, train loss: 0.2371
2025-10-01 19:56:17,412 - root - INFO - train average_precision, 0.9639
2025-10-01 19:56:17,412 - root - INFO - train roc_auc, 0.9628
2025-10-01 19:56:17,412 - root - INFO - validate loss: 0.2766
2025-10-01 19:56:17,412 - root - INFO - validate average_precision, 0.9606
2025-10-01 19:56:17,412 - root - INFO - validate roc_auc, 0.9563
2025-10-01 19:56:17,412 - root - INFO - new node validate loss: 0.3668
2025-10-01 19:56:17,412 - root - INFO - new node validate average_precision, 0.9264
2025-10-01 19:56:17,412 - root - INFO - new node validate roc_auc, 0.9155
2025-10-01 19:56:22,133 - root - INFO - test loss: 0.2972
2025-10-01 19:56:22,133 - root - INFO - test average_precision, 0.9560
2025-10-01 19:56:22,133 - root - INFO - best test average_precision: 0.9620
2025-10-01 19:56:22,133 - root - INFO - test roc_auc, 0.9526
2025-10-01 19:56:22,133 - root - INFO - new node test loss: 0.3544
2025-10-01 19:56:22,133 - root - INFO - new node test average_precision, 0.9347
2025-10-01 19:56:22,134 - root - INFO - new node test roc_auc, 0.9272
2025-10-01 19:56:40,521 - root - INFO - Epoch: 31, learning rate: 0.0001, train loss: 0.2342
2025-10-01 19:56:40,521 - root - INFO - train average_precision, 0.9645
2025-10-01 19:56:40,521 - root - INFO - train roc_auc, 0.9637
2025-10-01 19:56:40,521 - root - INFO - validate loss: 0.2651
2025-10-01 19:56:40,521 - root - INFO - validate average_precision, 0.9619
2025-10-01 19:56:40,521 - root - INFO - validate roc_auc, 0.9583
2025-10-01 19:56:40,522 - root - INFO - new node validate loss: 0.3552
2025-10-01 19:56:40,522 - root - INFO - new node validate average_precision, 0.9270
2025-10-01 19:56:40,522 - root - INFO - new node validate roc_auc, 0.9174
2025-10-01 19:56:45,234 - root - INFO - test loss: 0.2797
2025-10-01 19:56:45,234 - root - INFO - test average_precision, 0.9587
2025-10-01 19:56:45,234 - root - INFO - best test average_precision: 0.9620
2025-10-01 19:56:45,234 - root - INFO - test roc_auc, 0.9560
2025-10-01 19:56:45,235 - root - INFO - new node test loss: 0.3392
2025-10-01 19:56:45,235 - root - INFO - new node test average_precision, 0.9394
2025-10-01 19:56:45,235 - root - INFO - new node test roc_auc, 0.9327
2025-10-01 19:57:03,641 - root - INFO - Epoch: 32, learning rate: 0.0001, train loss: 0.2337
2025-10-01 19:57:03,641 - root - INFO - train average_precision, 0.9645
2025-10-01 19:57:03,641 - root - INFO - train roc_auc, 0.9639
2025-10-01 19:57:03,641 - root - INFO - validate loss: 0.2726
2025-10-01 19:57:03,642 - root - INFO - validate average_precision, 0.9610
2025-10-01 19:57:03,642 - root - INFO - validate roc_auc, 0.9572
2025-10-01 19:57:03,642 - root - INFO - new node validate loss: 0.3609
2025-10-01 19:57:03,642 - root - INFO - new node validate average_precision, 0.9275
2025-10-01 19:57:03,642 - root - INFO - new node validate roc_auc, 0.9170
2025-10-01 19:57:08,335 - root - INFO - test loss: 0.2840
2025-10-01 19:57:08,336 - root - INFO - test average_precision, 0.9576
2025-10-01 19:57:08,336 - root - INFO - best test average_precision: 0.9620
2025-10-01 19:57:08,336 - root - INFO - test roc_auc, 0.9555
2025-10-01 19:57:08,336 - root - INFO - new node test loss: 0.3450
2025-10-01 19:57:08,336 - root - INFO - new node test average_precision, 0.9384
2025-10-01 19:57:08,336 - root - INFO - new node test roc_auc, 0.9313
2025-10-01 19:57:26,739 - root - INFO - Epoch: 33, learning rate: 0.0001, train loss: 0.2298
2025-10-01 19:57:26,739 - root - INFO - train average_precision, 0.9655
2025-10-01 19:57:26,739 - root - INFO - train roc_auc, 0.9649
2025-10-01 19:57:26,739 - root - INFO - validate loss: 0.2683
2025-10-01 19:57:26,740 - root - INFO - validate average_precision, 0.9626
2025-10-01 19:57:26,740 - root - INFO - validate roc_auc, 0.9586
2025-10-01 19:57:26,740 - root - INFO - new node validate loss: 0.3617
2025-10-01 19:57:26,740 - root - INFO - new node validate average_precision, 0.9291
2025-10-01 19:57:26,740 - root - INFO - new node validate roc_auc, 0.9185
2025-10-01 19:57:31,477 - root - INFO - test loss: 0.2768
2025-10-01 19:57:31,478 - root - INFO - test average_precision, 0.9609
2025-10-01 19:57:31,478 - root - INFO - best test average_precision: 0.9620
2025-10-01 19:57:31,478 - root - INFO - test roc_auc, 0.9580
2025-10-01 19:57:31,478 - root - INFO - new node test loss: 0.3374
2025-10-01 19:57:31,478 - root - INFO - new node test average_precision, 0.9404
2025-10-01 19:57:31,478 - root - INFO - new node test roc_auc, 0.9339
2025-10-01 19:57:31,478 - root - INFO - save model ./saved_models/JODIE/wikipedia/JODIE_seed4/JODIE_seed4.pkl
2025-10-01 19:57:51,177 - root - INFO - Epoch: 34, learning rate: 0.0001, train loss: 0.2279
2025-10-01 19:57:51,177 - root - INFO - train average_precision, 0.9664
2025-10-01 19:57:51,177 - root - INFO - train roc_auc, 0.9655
2025-10-01 19:57:51,178 - root - INFO - validate loss: 0.2595
2025-10-01 19:57:51,178 - root - INFO - validate average_precision, 0.9639
2025-10-01 19:57:51,178 - root - INFO - validate roc_auc, 0.9603
2025-10-01 19:57:51,178 - root - INFO - new node validate loss: 0.3538
2025-10-01 19:57:51,178 - root - INFO - new node validate average_precision, 0.9295
2025-10-01 19:57:51,178 - root - INFO - new node validate roc_auc, 0.9199
2025-10-01 19:57:55,922 - root - INFO - test loss: 0.2682
2025-10-01 19:57:55,922 - root - INFO - test average_precision, 0.9618
2025-10-01 19:57:55,922 - root - INFO - best test average_precision: 0.9620
2025-10-01 19:57:55,922 - root - INFO - test roc_auc, 0.9592
2025-10-01 19:57:55,922 - root - INFO - new node test loss: 0.3313
2025-10-01 19:57:55,923 - root - INFO - new node test average_precision, 0.9426
2025-10-01 19:57:55,923 - root - INFO - new node test roc_auc, 0.9356
2025-10-01 19:57:55,923 - root - INFO - save model ./saved_models/JODIE/wikipedia/JODIE_seed4/JODIE_seed4.pkl
2025-10-01 19:58:15,547 - root - INFO - Epoch: 35, learning rate: 0.0001, train loss: 0.2282
2025-10-01 19:58:15,548 - root - INFO - train average_precision, 0.9659
2025-10-01 19:58:15,548 - root - INFO - train roc_auc, 0.9653
2025-10-01 19:58:15,548 - root - INFO - validate loss: 0.2621
2025-10-01 19:58:15,548 - root - INFO - validate average_precision, 0.9635
2025-10-01 19:58:15,548 - root - INFO - validate roc_auc, 0.9596
2025-10-01 19:58:15,548 - root - INFO - new node validate loss: 0.3484
2025-10-01 19:58:15,548 - root - INFO - new node validate average_precision, 0.9298
2025-10-01 19:58:15,548 - root - INFO - new node validate roc_auc, 0.9201
2025-10-01 19:58:20,243 - root - INFO - test loss: 0.2696
2025-10-01 19:58:20,243 - root - INFO - test average_precision, 0.9618
2025-10-01 19:58:20,243 - root - INFO - best test average_precision: 0.9620
2025-10-01 19:58:20,244 - root - INFO - test roc_auc, 0.9589
2025-10-01 19:58:20,244 - root - INFO - new node test loss: 0.3319
2025-10-01 19:58:20,244 - root - INFO - new node test average_precision, 0.9414
2025-10-01 19:58:20,244 - root - INFO - new node test roc_auc, 0.9352
2025-10-01 19:58:38,730 - root - INFO - Epoch: 36, learning rate: 0.0001, train loss: 0.2256
2025-10-01 19:58:38,731 - root - INFO - train average_precision, 0.9665
2025-10-01 19:58:38,731 - root - INFO - train roc_auc, 0.9659
2025-10-01 19:58:38,731 - root - INFO - validate loss: 0.2609
2025-10-01 19:58:38,731 - root - INFO - validate average_precision, 0.9634
2025-10-01 19:58:38,731 - root - INFO - validate roc_auc, 0.9594
2025-10-01 19:58:38,731 - root - INFO - new node validate loss: 0.3512
2025-10-01 19:58:38,731 - root - INFO - new node validate average_precision, 0.9294
2025-10-01 19:58:38,731 - root - INFO - new node validate roc_auc, 0.9191
2025-10-01 19:58:43,438 - root - INFO - test loss: 0.2665
2025-10-01 19:58:43,438 - root - INFO - test average_precision, 0.9624
2025-10-01 19:58:43,438 - root - INFO - best test average_precision: 0.9624
2025-10-01 19:58:43,438 - root - INFO - test roc_auc, 0.9591
2025-10-01 19:58:43,438 - root - INFO - new node test loss: 0.3323
2025-10-01 19:58:43,438 - root - INFO - new node test average_precision, 0.9406
2025-10-01 19:58:43,438 - root - INFO - new node test roc_auc, 0.9344
2025-10-01 19:59:01,893 - root - INFO - Epoch: 37, learning rate: 0.0001, train loss: 0.2238
2025-10-01 19:59:01,893 - root - INFO - train average_precision, 0.9671
2025-10-01 19:59:01,893 - root - INFO - train roc_auc, 0.9666
2025-10-01 19:59:01,894 - root - INFO - validate loss: 0.2664
2025-10-01 19:59:01,894 - root - INFO - validate average_precision, 0.9631
2025-10-01 19:59:01,894 - root - INFO - validate roc_auc, 0.9594
2025-10-01 19:59:01,894 - root - INFO - new node validate loss: 0.3540
2025-10-01 19:59:01,894 - root - INFO - new node validate average_precision, 0.9291
2025-10-01 19:59:01,894 - root - INFO - new node validate roc_auc, 0.9198
2025-10-01 19:59:06,616 - root - INFO - test loss: 0.2736
2025-10-01 19:59:06,616 - root - INFO - test average_precision, 0.9613
2025-10-01 19:59:06,616 - root - INFO - best test average_precision: 0.9624
2025-10-01 19:59:06,616 - root - INFO - test roc_auc, 0.9591
2025-10-01 19:59:06,616 - root - INFO - new node test loss: 0.3360
2025-10-01 19:59:06,616 - root - INFO - new node test average_precision, 0.9412
2025-10-01 19:59:06,616 - root - INFO - new node test roc_auc, 0.9357
2025-10-01 19:59:25,051 - root - INFO - Epoch: 38, learning rate: 0.0001, train loss: 0.2238
2025-10-01 19:59:25,052 - root - INFO - train average_precision, 0.9666
2025-10-01 19:59:25,052 - root - INFO - train roc_auc, 0.9664
2025-10-01 19:59:25,052 - root - INFO - validate loss: 0.2710
2025-10-01 19:59:25,052 - root - INFO - validate average_precision, 0.9613
2025-10-01 19:59:25,052 - root - INFO - validate roc_auc, 0.9570
2025-10-01 19:59:25,052 - root - INFO - new node validate loss: 0.3565
2025-10-01 19:59:25,052 - root - INFO - new node validate average_precision, 0.9279
2025-10-01 19:59:25,052 - root - INFO - new node validate roc_auc, 0.9175
2025-10-01 19:59:29,787 - root - INFO - test loss: 0.2820
2025-10-01 19:59:29,787 - root - INFO - test average_precision, 0.9574
2025-10-01 19:59:29,787 - root - INFO - best test average_precision: 0.9624
2025-10-01 19:59:29,787 - root - INFO - test roc_auc, 0.9546
2025-10-01 19:59:29,787 - root - INFO - new node test loss: 0.3398
2025-10-01 19:59:29,787 - root - INFO - new node test average_precision, 0.9375
2025-10-01 19:59:29,787 - root - INFO - new node test roc_auc, 0.9315
2025-10-01 19:59:48,354 - root - INFO - Epoch: 39, learning rate: 0.0001, train loss: 0.2226
2025-10-01 19:59:48,355 - root - INFO - train average_precision, 0.9672
2025-10-01 19:59:48,355 - root - INFO - train roc_auc, 0.9668
2025-10-01 19:59:48,355 - root - INFO - validate loss: 0.2580
2025-10-01 19:59:48,355 - root - INFO - validate average_precision, 0.9649
2025-10-01 19:59:48,355 - root - INFO - validate roc_auc, 0.9615
2025-10-01 19:59:48,355 - root - INFO - new node validate loss: 0.3531
2025-10-01 19:59:48,355 - root - INFO - new node validate average_precision, 0.9309
2025-10-01 19:59:48,355 - root - INFO - new node validate roc_auc, 0.9205
2025-10-01 19:59:53,081 - root - INFO - test loss: 0.2664
2025-10-01 19:59:53,081 - root - INFO - test average_precision, 0.9624
2025-10-01 19:59:53,081 - root - INFO - best test average_precision: 0.9624
2025-10-01 19:59:53,081 - root - INFO - test roc_auc, 0.9600
2025-10-01 19:59:53,081 - root - INFO - new node test loss: 0.3330
2025-10-01 19:59:53,081 - root - INFO - new node test average_precision, 0.9404
2025-10-01 19:59:53,081 - root - INFO - new node test roc_auc, 0.9354
2025-10-01 19:59:53,081 - root - INFO - save model ./saved_models/JODIE/wikipedia/JODIE_seed4/JODIE_seed4.pkl
2025-10-01 20:00:12,513 - root - INFO - Epoch: 40, learning rate: 0.0001, train loss: 0.2190
2025-10-01 20:00:12,513 - root - INFO - train average_precision, 0.9679
2025-10-01 20:00:12,513 - root - INFO - train roc_auc, 0.9676
2025-10-01 20:00:12,513 - root - INFO - validate loss: 0.2563
2025-10-01 20:00:12,513 - root - INFO - validate average_precision, 0.9655
2025-10-01 20:00:12,513 - root - INFO - validate roc_auc, 0.9618
2025-10-01 20:00:12,513 - root - INFO - new node validate loss: 0.3524
2025-10-01 20:00:12,514 - root - INFO - new node validate average_precision, 0.9315
2025-10-01 20:00:12,514 - root - INFO - new node validate roc_auc, 0.9212
2025-10-01 20:00:17,205 - root - INFO - test loss: 0.2642
2025-10-01 20:00:17,205 - root - INFO - test average_precision, 0.9639
2025-10-01 20:00:17,205 - root - INFO - best test average_precision: 0.9639
2025-10-01 20:00:17,205 - root - INFO - test roc_auc, 0.9609
2025-10-01 20:00:17,205 - root - INFO - new node test loss: 0.3299
2025-10-01 20:00:17,205 - root - INFO - new node test average_precision, 0.9426
2025-10-01 20:00:17,205 - root - INFO - new node test roc_auc, 0.9368
2025-10-01 20:00:17,205 - root - INFO - save model ./saved_models/JODIE/wikipedia/JODIE_seed4/JODIE_seed4.pkl
2025-10-01 20:00:36,794 - root - INFO - Epoch: 41, learning rate: 0.0001, train loss: 0.2158
2025-10-01 20:00:36,794 - root - INFO - train average_precision, 0.9688
2025-10-01 20:00:36,794 - root - INFO - train roc_auc, 0.9686
2025-10-01 20:00:36,794 - root - INFO - validate loss: 0.2579
2025-10-01 20:00:36,794 - root - INFO - validate average_precision, 0.9651
2025-10-01 20:00:36,794 - root - INFO - validate roc_auc, 0.9614
2025-10-01 20:00:36,794 - root - INFO - new node validate loss: 0.3526
2025-10-01 20:00:36,794 - root - INFO - new node validate average_precision, 0.9307
2025-10-01 20:00:36,795 - root - INFO - new node validate roc_auc, 0.9206
2025-10-01 20:00:41,495 - root - INFO - test loss: 0.2652
2025-10-01 20:00:41,495 - root - INFO - test average_precision, 0.9636
2025-10-01 20:00:41,495 - root - INFO - best test average_precision: 0.9639
2025-10-01 20:00:41,495 - root - INFO - test roc_auc, 0.9606
2025-10-01 20:00:41,495 - root - INFO - new node test loss: 0.3295
2025-10-01 20:00:41,495 - root - INFO - new node test average_precision, 0.9433
2025-10-01 20:00:41,495 - root - INFO - new node test roc_auc, 0.9374
2025-10-01 20:00:59,974 - root - INFO - Epoch: 42, learning rate: 0.0001, train loss: 0.2147
2025-10-01 20:00:59,975 - root - INFO - train average_precision, 0.9690
2025-10-01 20:00:59,975 - root - INFO - train roc_auc, 0.9688
2025-10-01 20:00:59,975 - root - INFO - validate loss: 0.2589
2025-10-01 20:00:59,975 - root - INFO - validate average_precision, 0.9646
2025-10-01 20:00:59,975 - root - INFO - validate roc_auc, 0.9612
2025-10-01 20:00:59,975 - root - INFO - new node validate loss: 0.3560
2025-10-01 20:00:59,975 - root - INFO - new node validate average_precision, 0.9301
2025-10-01 20:00:59,975 - root - INFO - new node validate roc_auc, 0.9202
2025-10-01 20:01:04,676 - root - INFO - test loss: 0.2659
2025-10-01 20:01:04,676 - root - INFO - test average_precision, 0.9622
2025-10-01 20:01:04,676 - root - INFO - best test average_precision: 0.9639
2025-10-01 20:01:04,676 - root - INFO - test roc_auc, 0.9599
2025-10-01 20:01:04,676 - root - INFO - new node test loss: 0.3287
2025-10-01 20:01:04,676 - root - INFO - new node test average_precision, 0.9421
2025-10-01 20:01:04,676 - root - INFO - new node test roc_auc, 0.9368
2025-10-01 20:01:23,202 - root - INFO - Epoch: 43, learning rate: 0.0001, train loss: 0.2148
2025-10-01 20:01:23,202 - root - INFO - train average_precision, 0.9687
2025-10-01 20:01:23,203 - root - INFO - train roc_auc, 0.9686
2025-10-01 20:01:23,203 - root - INFO - validate loss: 0.2630
2025-10-01 20:01:23,203 - root - INFO - validate average_precision, 0.9638
2025-10-01 20:01:23,203 - root - INFO - validate roc_auc, 0.9597
2025-10-01 20:01:23,203 - root - INFO - new node validate loss: 0.3517
2025-10-01 20:01:23,203 - root - INFO - new node validate average_precision, 0.9311
2025-10-01 20:01:23,203 - root - INFO - new node validate roc_auc, 0.9213
2025-10-01 20:01:27,905 - root - INFO - test loss: 0.2701
2025-10-01 20:01:27,905 - root - INFO - test average_precision, 0.9615
2025-10-01 20:01:27,905 - root - INFO - best test average_precision: 0.9639
2025-10-01 20:01:27,905 - root - INFO - test roc_auc, 0.9584
2025-10-01 20:01:27,905 - root - INFO - new node test loss: 0.3346
2025-10-01 20:01:27,905 - root - INFO - new node test average_precision, 0.9398
2025-10-01 20:01:27,905 - root - INFO - new node test roc_auc, 0.9342
2025-10-01 20:01:46,241 - root - INFO - Epoch: 44, learning rate: 0.0001, train loss: 0.2126
2025-10-01 20:01:46,241 - root - INFO - train average_precision, 0.9693
2025-10-01 20:01:46,241 - root - INFO - train roc_auc, 0.9693
2025-10-01 20:01:46,241 - root - INFO - validate loss: 0.2596
2025-10-01 20:01:46,241 - root - INFO - validate average_precision, 0.9655
2025-10-01 20:01:46,241 - root - INFO - validate roc_auc, 0.9614
2025-10-01 20:01:46,241 - root - INFO - new node validate loss: 0.3570
2025-10-01 20:01:46,242 - root - INFO - new node validate average_precision, 0.9312
2025-10-01 20:01:46,242 - root - INFO - new node validate roc_auc, 0.9213
2025-10-01 20:01:50,954 - root - INFO - test loss: 0.2668
2025-10-01 20:01:50,954 - root - INFO - test average_precision, 0.9633
2025-10-01 20:01:50,954 - root - INFO - best test average_precision: 0.9639
2025-10-01 20:01:50,955 - root - INFO - test roc_auc, 0.9599
2025-10-01 20:01:50,955 - root - INFO - new node test loss: 0.3323
2025-10-01 20:01:50,955 - root - INFO - new node test average_precision, 0.9426
2025-10-01 20:01:50,955 - root - INFO - new node test roc_auc, 0.9358
2025-10-01 20:02:09,309 - root - INFO - Epoch: 45, learning rate: 0.0001, train loss: 0.2122
2025-10-01 20:02:09,310 - root - INFO - train average_precision, 0.9695
2025-10-01 20:02:09,310 - root - INFO - train roc_auc, 0.9693
2025-10-01 20:02:09,310 - root - INFO - validate loss: 0.2723
2025-10-01 20:02:09,310 - root - INFO - validate average_precision, 0.9633
2025-10-01 20:02:09,310 - root - INFO - validate roc_auc, 0.9591
2025-10-01 20:02:09,310 - root - INFO - new node validate loss: 0.3584
2025-10-01 20:02:09,310 - root - INFO - new node validate average_precision, 0.9310
2025-10-01 20:02:09,310 - root - INFO - new node validate roc_auc, 0.9219
2025-10-01 20:02:14,024 - root - INFO - test loss: 0.2798
2025-10-01 20:02:14,025 - root - INFO - test average_precision, 0.9605
2025-10-01 20:02:14,025 - root - INFO - best test average_precision: 0.9639
2025-10-01 20:02:14,025 - root - INFO - test roc_auc, 0.9582
2025-10-01 20:02:14,025 - root - INFO - new node test loss: 0.3418
2025-10-01 20:02:14,025 - root - INFO - new node test average_precision, 0.9402
2025-10-01 20:02:14,025 - root - INFO - new node test roc_auc, 0.9354
2025-10-01 20:02:32,385 - root - INFO - Epoch: 46, learning rate: 0.0001, train loss: 0.2143
2025-10-01 20:02:32,385 - root - INFO - train average_precision, 0.9690
2025-10-01 20:02:32,385 - root - INFO - train roc_auc, 0.9688
2025-10-01 20:02:32,385 - root - INFO - validate loss: 0.2651
2025-10-01 20:02:32,385 - root - INFO - validate average_precision, 0.9641
2025-10-01 20:02:32,385 - root - INFO - validate roc_auc, 0.9604
2025-10-01 20:02:32,385 - root - INFO - new node validate loss: 0.3546
2025-10-01 20:02:32,385 - root - INFO - new node validate average_precision, 0.9315
2025-10-01 20:02:32,386 - root - INFO - new node validate roc_auc, 0.9222
2025-10-01 20:02:37,086 - root - INFO - test loss: 0.2738
2025-10-01 20:02:37,086 - root - INFO - test average_precision, 0.9613
2025-10-01 20:02:37,086 - root - INFO - best test average_precision: 0.9639
2025-10-01 20:02:37,086 - root - INFO - test roc_auc, 0.9587
2025-10-01 20:02:37,086 - root - INFO - new node test loss: 0.3374
2025-10-01 20:02:37,086 - root - INFO - new node test average_precision, 0.9403
2025-10-01 20:02:37,086 - root - INFO - new node test roc_auc, 0.9354
2025-10-01 20:02:55,475 - root - INFO - Epoch: 47, learning rate: 0.0001, train loss: 0.2122
2025-10-01 20:02:55,476 - root - INFO - train average_precision, 0.9697
2025-10-01 20:02:55,476 - root - INFO - train roc_auc, 0.9695
2025-10-01 20:02:55,476 - root - INFO - validate loss: 0.2620
2025-10-01 20:02:55,476 - root - INFO - validate average_precision, 0.9646
2025-10-01 20:02:55,476 - root - INFO - validate roc_auc, 0.9611
2025-10-01 20:02:55,476 - root - INFO - new node validate loss: 0.3513
2025-10-01 20:02:55,476 - root - INFO - new node validate average_precision, 0.9318
2025-10-01 20:02:55,476 - root - INFO - new node validate roc_auc, 0.9230
2025-10-01 20:03:00,162 - root - INFO - test loss: 0.2679
2025-10-01 20:03:00,163 - root - INFO - test average_precision, 0.9624
2025-10-01 20:03:00,163 - root - INFO - best test average_precision: 0.9639
2025-10-01 20:03:00,163 - root - INFO - test roc_auc, 0.9597
2025-10-01 20:03:00,163 - root - INFO - new node test loss: 0.3341
2025-10-01 20:03:00,163 - root - INFO - new node test average_precision, 0.9413
2025-10-01 20:03:00,163 - root - INFO - new node test roc_auc, 0.9360
2025-10-01 20:03:18,638 - root - INFO - Epoch: 48, learning rate: 0.0001, train loss: 0.2078
2025-10-01 20:03:18,638 - root - INFO - train average_precision, 0.9705
2025-10-01 20:03:18,638 - root - INFO - train roc_auc, 0.9705
2025-10-01 20:03:18,638 - root - INFO - validate loss: 0.2648
2025-10-01 20:03:18,638 - root - INFO - validate average_precision, 0.9641
2025-10-01 20:03:18,638 - root - INFO - validate roc_auc, 0.9605
2025-10-01 20:03:18,638 - root - INFO - new node validate loss: 0.3486
2025-10-01 20:03:18,639 - root - INFO - new node validate average_precision, 0.9322
2025-10-01 20:03:18,639 - root - INFO - new node validate roc_auc, 0.9234
2025-10-01 20:03:23,362 - root - INFO - test loss: 0.2742
2025-10-01 20:03:23,362 - root - INFO - test average_precision, 0.9613
2025-10-01 20:03:23,362 - root - INFO - best test average_precision: 0.9639
2025-10-01 20:03:23,362 - root - INFO - test roc_auc, 0.9585
2025-10-01 20:03:23,362 - root - INFO - new node test loss: 0.3335
2025-10-01 20:03:23,362 - root - INFO - new node test average_precision, 0.9420
2025-10-01 20:03:23,362 - root - INFO - new node test roc_auc, 0.9372
2025-10-01 20:03:41,777 - root - INFO - Epoch: 49, learning rate: 0.0001, train loss: 0.2068
2025-10-01 20:03:41,778 - root - INFO - train average_precision, 0.9709
2025-10-01 20:03:41,778 - root - INFO - train roc_auc, 0.9709
2025-10-01 20:03:41,778 - root - INFO - validate loss: 0.2660
2025-10-01 20:03:41,778 - root - INFO - validate average_precision, 0.9649
2025-10-01 20:03:41,778 - root - INFO - validate roc_auc, 0.9610
2025-10-01 20:03:41,778 - root - INFO - new node validate loss: 0.3628
2025-10-01 20:03:41,778 - root - INFO - new node validate average_precision, 0.9314
2025-10-01 20:03:41,778 - root - INFO - new node validate roc_auc, 0.9212
2025-10-01 20:03:46,482 - root - INFO - test loss: 0.2749
2025-10-01 20:03:46,483 - root - INFO - test average_precision, 0.9619
2025-10-01 20:03:46,483 - root - INFO - best test average_precision: 0.9639
2025-10-01 20:03:46,483 - root - INFO - test roc_auc, 0.9594
2025-10-01 20:03:46,483 - root - INFO - new node test loss: 0.3387
2025-10-01 20:03:46,483 - root - INFO - new node test average_precision, 0.9424
2025-10-01 20:03:46,483 - root - INFO - new node test roc_auc, 0.9364
2025-10-01 20:04:04,904 - root - INFO - Epoch: 50, learning rate: 0.0001, train loss: 0.2063
2025-10-01 20:04:04,904 - root - INFO - train average_precision, 0.9709
2025-10-01 20:04:04,905 - root - INFO - train roc_auc, 0.9709
2025-10-01 20:04:04,905 - root - INFO - validate loss: 0.2670
2025-10-01 20:04:04,905 - root - INFO - validate average_precision, 0.9658
2025-10-01 20:04:04,905 - root - INFO - validate roc_auc, 0.9618
2025-10-01 20:04:04,905 - root - INFO - new node validate loss: 0.3584
2025-10-01 20:04:04,905 - root - INFO - new node validate average_precision, 0.9326
2025-10-01 20:04:04,905 - root - INFO - new node validate roc_auc, 0.9237
2025-10-01 20:04:09,595 - root - INFO - test loss: 0.2796
2025-10-01 20:04:09,595 - root - INFO - test average_precision, 0.9622
2025-10-01 20:04:09,595 - root - INFO - best test average_precision: 0.9639
2025-10-01 20:04:09,595 - root - INFO - test roc_auc, 0.9590
2025-10-01 20:04:09,595 - root - INFO - new node test loss: 0.3481
2025-10-01 20:04:09,595 - root - INFO - new node test average_precision, 0.9411
2025-10-01 20:04:09,595 - root - INFO - new node test roc_auc, 0.9346
2025-10-01 20:04:09,595 - root - INFO - save model ./saved_models/JODIE/wikipedia/JODIE_seed4/JODIE_seed4.pkl
2025-10-01 20:04:29,188 - root - INFO - Epoch: 51, learning rate: 0.0001, train loss: 0.2032
2025-10-01 20:04:29,188 - root - INFO - train average_precision, 0.9714
2025-10-01 20:04:29,188 - root - INFO - train roc_auc, 0.9718
2025-10-01 20:04:29,188 - root - INFO - validate loss: 0.2599
2025-10-01 20:04:29,189 - root - INFO - validate average_precision, 0.9657
2025-10-01 20:04:29,189 - root - INFO - validate roc_auc, 0.9621
2025-10-01 20:04:29,189 - root - INFO - new node validate loss: 0.3590
2025-10-01 20:04:29,189 - root - INFO - new node validate average_precision, 0.9318
2025-10-01 20:04:29,189 - root - INFO - new node validate roc_auc, 0.9218
2025-10-01 20:04:33,940 - root - INFO - test loss: 0.2632
2025-10-01 20:04:33,941 - root - INFO - test average_precision, 0.9644
2025-10-01 20:04:33,941 - root - INFO - best test average_precision: 0.9644
2025-10-01 20:04:33,941 - root - INFO - test roc_auc, 0.9616
2025-10-01 20:04:33,941 - root - INFO - new node test loss: 0.3370
2025-10-01 20:04:33,941 - root - INFO - new node test average_precision, 0.9421
2025-10-01 20:04:33,941 - root - INFO - new node test roc_auc, 0.9362
2025-10-01 20:04:52,382 - root - INFO - Epoch: 52, learning rate: 0.0001, train loss: 0.2054
2025-10-01 20:04:52,382 - root - INFO - train average_precision, 0.9709
2025-10-01 20:04:52,382 - root - INFO - train roc_auc, 0.9711
2025-10-01 20:04:52,383 - root - INFO - validate loss: 0.2603
2025-10-01 20:04:52,383 - root - INFO - validate average_precision, 0.9654
2025-10-01 20:04:52,383 - root - INFO - validate roc_auc, 0.9616
2025-10-01 20:04:52,383 - root - INFO - new node validate loss: 0.3566
2025-10-01 20:04:52,383 - root - INFO - new node validate average_precision, 0.9322
2025-10-01 20:04:52,383 - root - INFO - new node validate roc_auc, 0.9232
2025-10-01 20:04:57,119 - root - INFO - test loss: 0.2752
2025-10-01 20:04:57,119 - root - INFO - test average_precision, 0.9633
2025-10-01 20:04:57,120 - root - INFO - best test average_precision: 0.9644
2025-10-01 20:04:57,120 - root - INFO - test roc_auc, 0.9594
2025-10-01 20:04:57,120 - root - INFO - new node test loss: 0.3357
2025-10-01 20:04:57,120 - root - INFO - new node test average_precision, 0.9418
2025-10-01 20:04:57,120 - root - INFO - new node test roc_auc, 0.9360
2025-10-01 20:05:15,532 - root - INFO - Epoch: 53, learning rate: 0.0001, train loss: 0.2023
2025-10-01 20:05:15,532 - root - INFO - train average_precision, 0.9718
2025-10-01 20:05:15,532 - root - INFO - train roc_auc, 0.9719
2025-10-01 20:05:15,532 - root - INFO - validate loss: 0.2696
2025-10-01 20:05:15,532 - root - INFO - validate average_precision, 0.9641
2025-10-01 20:05:15,532 - root - INFO - validate roc_auc, 0.9604
2025-10-01 20:05:15,532 - root - INFO - new node validate loss: 0.3621
2025-10-01 20:05:15,532 - root - INFO - new node validate average_precision, 0.9309
2025-10-01 20:05:15,532 - root - INFO - new node validate roc_auc, 0.9219
2025-10-01 20:05:20,244 - root - INFO - test loss: 0.2882
2025-10-01 20:05:20,244 - root - INFO - test average_precision, 0.9598
2025-10-01 20:05:20,244 - root - INFO - best test average_precision: 0.9644
2025-10-01 20:05:20,244 - root - INFO - test roc_auc, 0.9568
2025-10-01 20:05:20,244 - root - INFO - new node test loss: 0.3591
2025-10-01 20:05:20,244 - root - INFO - new node test average_precision, 0.9377
2025-10-01 20:05:20,244 - root - INFO - new node test roc_auc, 0.9311
2025-10-01 20:05:38,779 - root - INFO - Epoch: 54, learning rate: 0.0001, train loss: 0.2049
2025-10-01 20:05:38,780 - root - INFO - train average_precision, 0.9709
2025-10-01 20:05:38,780 - root - INFO - train roc_auc, 0.9711
2025-10-01 20:05:38,780 - root - INFO - validate loss: 0.2688
2025-10-01 20:05:38,780 - root - INFO - validate average_precision, 0.9644
2025-10-01 20:05:38,780 - root - INFO - validate roc_auc, 0.9604
2025-10-01 20:05:38,780 - root - INFO - new node validate loss: 0.3577
2025-10-01 20:05:38,780 - root - INFO - new node validate average_precision, 0.9317
2025-10-01 20:05:38,780 - root - INFO - new node validate roc_auc, 0.9226
2025-10-01 20:05:43,468 - root - INFO - test loss: 0.2729
2025-10-01 20:05:43,468 - root - INFO - test average_precision, 0.9628
2025-10-01 20:05:43,468 - root - INFO - best test average_precision: 0.9644
2025-10-01 20:05:43,468 - root - INFO - test roc_auc, 0.9599
2025-10-01 20:05:43,468 - root - INFO - new node test loss: 0.3315
2025-10-01 20:05:43,468 - root - INFO - new node test average_precision, 0.9443
2025-10-01 20:05:43,468 - root - INFO - new node test roc_auc, 0.9385
2025-10-01 20:06:01,839 - root - INFO - Epoch: 55, learning rate: 0.0001, train loss: 0.2010
2025-10-01 20:06:01,839 - root - INFO - train average_precision, 0.9719
2025-10-01 20:06:01,839 - root - INFO - train roc_auc, 0.9722
2025-10-01 20:06:01,840 - root - INFO - validate loss: 0.2677
2025-10-01 20:06:01,840 - root - INFO - validate average_precision, 0.9655
2025-10-01 20:06:01,840 - root - INFO - validate roc_auc, 0.9614
2025-10-01 20:06:01,840 - root - INFO - new node validate loss: 0.3593
2025-10-01 20:06:01,840 - root - INFO - new node validate average_precision, 0.9322
2025-10-01 20:06:01,840 - root - INFO - new node validate roc_auc, 0.9233
2025-10-01 20:06:06,525 - root - INFO - test loss: 0.2700
2025-10-01 20:06:06,525 - root - INFO - test average_precision, 0.9647
2025-10-01 20:06:06,525 - root - INFO - best test average_precision: 0.9647
2025-10-01 20:06:06,525 - root - INFO - test roc_auc, 0.9614
2025-10-01 20:06:06,525 - root - INFO - new node test loss: 0.3330
2025-10-01 20:06:06,525 - root - INFO - new node test average_precision, 0.9455
2025-10-01 20:06:06,525 - root - INFO - new node test roc_auc, 0.9395
2025-10-01 20:06:24,977 - root - INFO - Epoch: 56, learning rate: 0.0001, train loss: 0.1982
2025-10-01 20:06:24,978 - root - INFO - train average_precision, 0.9725
2025-10-01 20:06:24,978 - root - INFO - train roc_auc, 0.9727
2025-10-01 20:06:24,978 - root - INFO - validate loss: 0.2713
2025-10-01 20:06:24,978 - root - INFO - validate average_precision, 0.9638
2025-10-01 20:06:24,978 - root - INFO - validate roc_auc, 0.9601
2025-10-01 20:06:24,978 - root - INFO - new node validate loss: 0.3655
2025-10-01 20:06:24,978 - root - INFO - new node validate average_precision, 0.9309
2025-10-01 20:06:24,978 - root - INFO - new node validate roc_auc, 0.9213
2025-10-01 20:06:29,669 - root - INFO - test loss: 0.2788
2025-10-01 20:06:29,669 - root - INFO - test average_precision, 0.9613
2025-10-01 20:06:29,669 - root - INFO - best test average_precision: 0.9647
2025-10-01 20:06:29,669 - root - INFO - test roc_auc, 0.9584
2025-10-01 20:06:29,669 - root - INFO - new node test loss: 0.3483
2025-10-01 20:06:29,669 - root - INFO - new node test average_precision, 0.9410
2025-10-01 20:06:29,669 - root - INFO - new node test roc_auc, 0.9349
2025-10-01 20:06:48,031 - root - INFO - Epoch: 57, learning rate: 0.0001, train loss: 0.1984
2025-10-01 20:06:48,031 - root - INFO - train average_precision, 0.9724
2025-10-01 20:06:48,031 - root - INFO - train roc_auc, 0.9729
2025-10-01 20:06:48,031 - root - INFO - validate loss: 0.2730
2025-10-01 20:06:48,031 - root - INFO - validate average_precision, 0.9642
2025-10-01 20:06:48,032 - root - INFO - validate roc_auc, 0.9605
2025-10-01 20:06:48,032 - root - INFO - new node validate loss: 0.3686
2025-10-01 20:06:48,032 - root - INFO - new node validate average_precision, 0.9310
2025-10-01 20:06:48,032 - root - INFO - new node validate roc_auc, 0.9216
2025-10-01 20:06:52,738 - root - INFO - test loss: 0.2849
2025-10-01 20:06:52,738 - root - INFO - test average_precision, 0.9600
2025-10-01 20:06:52,738 - root - INFO - best test average_precision: 0.9647
2025-10-01 20:06:52,739 - root - INFO - test roc_auc, 0.9572
2025-10-01 20:06:52,739 - root - INFO - new node test loss: 0.3624
2025-10-01 20:06:52,739 - root - INFO - new node test average_precision, 0.9379
2025-10-01 20:06:52,739 - root - INFO - new node test roc_auc, 0.9308
2025-10-01 20:07:11,247 - root - INFO - Epoch: 58, learning rate: 0.0001, train loss: 0.1969
2025-10-01 20:07:11,247 - root - INFO - train average_precision, 0.9730
2025-10-01 20:07:11,247 - root - INFO - train roc_auc, 0.9731
2025-10-01 20:07:11,247 - root - INFO - validate loss: 0.2616
2025-10-01 20:07:11,247 - root - INFO - validate average_precision, 0.9651
2025-10-01 20:07:11,247 - root - INFO - validate roc_auc, 0.9615
2025-10-01 20:07:11,247 - root - INFO - new node validate loss: 0.3540
2025-10-01 20:07:11,247 - root - INFO - new node validate average_precision, 0.9326
2025-10-01 20:07:11,247 - root - INFO - new node validate roc_auc, 0.9240
2025-10-01 20:07:15,971 - root - INFO - test loss: 0.2707
2025-10-01 20:07:15,972 - root - INFO - test average_precision, 0.9617
2025-10-01 20:07:15,972 - root - INFO - best test average_precision: 0.9647
2025-10-01 20:07:15,972 - root - INFO - test roc_auc, 0.9592
2025-10-01 20:07:15,972 - root - INFO - new node test loss: 0.3355
2025-10-01 20:07:15,972 - root - INFO - new node test average_precision, 0.9432
2025-10-01 20:07:15,972 - root - INFO - new node test roc_auc, 0.9368
2025-10-01 20:07:34,333 - root - INFO - Epoch: 59, learning rate: 0.0001, train loss: 0.1975
2025-10-01 20:07:34,334 - root - INFO - train average_precision, 0.9729
2025-10-01 20:07:34,334 - root - INFO - train roc_auc, 0.9731
2025-10-01 20:07:34,334 - root - INFO - validate loss: 0.2733
2025-10-01 20:07:34,334 - root - INFO - validate average_precision, 0.9652
2025-10-01 20:07:34,334 - root - INFO - validate roc_auc, 0.9607
2025-10-01 20:07:34,334 - root - INFO - new node validate loss: 0.3666
2025-10-01 20:07:34,334 - root - INFO - new node validate average_precision, 0.9318
2025-10-01 20:07:34,334 - root - INFO - new node validate roc_auc, 0.9225
2025-10-01 20:07:39,032 - root - INFO - test loss: 0.2717
2025-10-01 20:07:39,032 - root - INFO - test average_precision, 0.9629
2025-10-01 20:07:39,032 - root - INFO - best test average_precision: 0.9647
2025-10-01 20:07:39,032 - root - INFO - test roc_auc, 0.9606
2025-10-01 20:07:39,032 - root - INFO - new node test loss: 0.3351
2025-10-01 20:07:39,033 - root - INFO - new node test average_precision, 0.9442
2025-10-01 20:07:39,033 - root - INFO - new node test roc_auc, 0.9379
2025-10-01 20:07:57,432 - root - INFO - Epoch: 60, learning rate: 0.0001, train loss: 0.1966
2025-10-01 20:07:57,432 - root - INFO - train average_precision, 0.9729
2025-10-01 20:07:57,432 - root - INFO - train roc_auc, 0.9733
2025-10-01 20:07:57,432 - root - INFO - validate loss: 0.2678
2025-10-01 20:07:57,432 - root - INFO - validate average_precision, 0.9649
2025-10-01 20:07:57,432 - root - INFO - validate roc_auc, 0.9609
2025-10-01 20:07:57,432 - root - INFO - new node validate loss: 0.3577
2025-10-01 20:07:57,432 - root - INFO - new node validate average_precision, 0.9331
2025-10-01 20:07:57,432 - root - INFO - new node validate roc_auc, 0.9242
2025-10-01 20:08:02,129 - root - INFO - test loss: 0.2770
2025-10-01 20:08:02,129 - root - INFO - test average_precision, 0.9606
2025-10-01 20:08:02,129 - root - INFO - best test average_precision: 0.9647
2025-10-01 20:08:02,129 - root - INFO - test roc_auc, 0.9577
2025-10-01 20:08:02,129 - root - INFO - new node test loss: 0.3396
2025-10-01 20:08:02,129 - root - INFO - new node test average_precision, 0.9418
2025-10-01 20:08:02,129 - root - INFO - new node test roc_auc, 0.9349
2025-10-01 20:08:20,563 - root - INFO - Epoch: 61, learning rate: 0.0001, train loss: 0.1963
2025-10-01 20:08:20,563 - root - INFO - train average_precision, 0.9727
2025-10-01 20:08:20,563 - root - INFO - train roc_auc, 0.9733
2025-10-01 20:08:20,563 - root - INFO - validate loss: 0.2697
2025-10-01 20:08:20,563 - root - INFO - validate average_precision, 0.9657
2025-10-01 20:08:20,563 - root - INFO - validate roc_auc, 0.9617
2025-10-01 20:08:20,563 - root - INFO - new node validate loss: 0.3713
2025-10-01 20:08:20,563 - root - INFO - new node validate average_precision, 0.9317
2025-10-01 20:08:20,563 - root - INFO - new node validate roc_auc, 0.9224
2025-10-01 20:08:25,291 - root - INFO - test loss: 0.2829
2025-10-01 20:08:25,291 - root - INFO - test average_precision, 0.9610
2025-10-01 20:08:25,291 - root - INFO - best test average_precision: 0.9647
2025-10-01 20:08:25,291 - root - INFO - test roc_auc, 0.9582
2025-10-01 20:08:25,291 - root - INFO - new node test loss: 0.3550
2025-10-01 20:08:25,291 - root - INFO - new node test average_precision, 0.9410
2025-10-01 20:08:25,291 - root - INFO - new node test roc_auc, 0.9332
2025-10-01 20:08:43,631 - root - INFO - Epoch: 62, learning rate: 0.0001, train loss: 0.1943
2025-10-01 20:08:43,631 - root - INFO - train average_precision, 0.9729
2025-10-01 20:08:43,631 - root - INFO - train roc_auc, 0.9736
2025-10-01 20:08:43,631 - root - INFO - validate loss: 0.2696
2025-10-01 20:08:43,631 - root - INFO - validate average_precision, 0.9652
2025-10-01 20:08:43,631 - root - INFO - validate roc_auc, 0.9614
2025-10-01 20:08:43,631 - root - INFO - new node validate loss: 0.3662
2025-10-01 20:08:43,631 - root - INFO - new node validate average_precision, 0.9314
2025-10-01 20:08:43,631 - root - INFO - new node validate roc_auc, 0.9224
2025-10-01 20:08:48,325 - root - INFO - test loss: 0.2717
2025-10-01 20:08:48,325 - root - INFO - test average_precision, 0.9630
2025-10-01 20:08:48,326 - root - INFO - best test average_precision: 0.9647
2025-10-01 20:08:48,326 - root - INFO - test roc_auc, 0.9603
2025-10-01 20:08:48,326 - root - INFO - new node test loss: 0.3436
2025-10-01 20:08:48,326 - root - INFO - new node test average_precision, 0.9429
2025-10-01 20:08:48,326 - root - INFO - new node test roc_auc, 0.9363
2025-10-01 20:09:06,776 - root - INFO - Epoch: 63, learning rate: 0.0001, train loss: 0.1916
2025-10-01 20:09:06,776 - root - INFO - train average_precision, 0.9736
2025-10-01 20:09:06,777 - root - INFO - train roc_auc, 0.9743
2025-10-01 20:09:06,777 - root - INFO - validate loss: 0.2654
2025-10-01 20:09:06,777 - root - INFO - validate average_precision, 0.9661
2025-10-01 20:09:06,777 - root - INFO - validate roc_auc, 0.9624
2025-10-01 20:09:06,777 - root - INFO - new node validate loss: 0.3668
2025-10-01 20:09:06,777 - root - INFO - new node validate average_precision, 0.9321
2025-10-01 20:09:06,777 - root - INFO - new node validate roc_auc, 0.9235
2025-10-01 20:09:11,489 - root - INFO - test loss: 0.2656
2025-10-01 20:09:11,489 - root - INFO - test average_precision, 0.9651
2025-10-01 20:09:11,489 - root - INFO - best test average_precision: 0.9651
2025-10-01 20:09:11,489 - root - INFO - test roc_auc, 0.9625
2025-10-01 20:09:11,489 - root - INFO - new node test loss: 0.3342
2025-10-01 20:09:11,489 - root - INFO - new node test average_precision, 0.9460
2025-10-01 20:09:11,489 - root - INFO - new node test roc_auc, 0.9397
2025-10-01 20:09:11,489 - root - INFO - save model ./saved_models/JODIE/wikipedia/JODIE_seed4/JODIE_seed4.pkl
2025-10-01 20:09:31,085 - root - INFO - Epoch: 64, learning rate: 0.0001, train loss: 0.1961
2025-10-01 20:09:31,085 - root - INFO - train average_precision, 0.9724
2025-10-01 20:09:31,085 - root - INFO - train roc_auc, 0.9732
2025-10-01 20:09:31,085 - root - INFO - validate loss: 0.2775
2025-10-01 20:09:31,085 - root - INFO - validate average_precision, 0.9633
2025-10-01 20:09:31,085 - root - INFO - validate roc_auc, 0.9591
2025-10-01 20:09:31,085 - root - INFO - new node validate loss: 0.3632
2025-10-01 20:09:31,085 - root - INFO - new node validate average_precision, 0.9318
2025-10-01 20:09:31,085 - root - INFO - new node validate roc_auc, 0.9225
2025-10-01 20:09:35,779 - root - INFO - test loss: 0.2831
2025-10-01 20:09:35,779 - root - INFO - test average_precision, 0.9603
2025-10-01 20:09:35,779 - root - INFO - best test average_precision: 0.9651
2025-10-01 20:09:35,779 - root - INFO - test roc_auc, 0.9576
2025-10-01 20:09:35,780 - root - INFO - new node test loss: 0.3544
2025-10-01 20:09:35,780 - root - INFO - new node test average_precision, 0.9416
2025-10-01 20:09:35,780 - root - INFO - new node test roc_auc, 0.9338
2025-10-01 20:09:54,121 - root - INFO - Epoch: 65, learning rate: 0.0001, train loss: 0.1920
2025-10-01 20:09:54,121 - root - INFO - train average_precision, 0.9736
2025-10-01 20:09:54,122 - root - INFO - train roc_auc, 0.9743
2025-10-01 20:09:54,122 - root - INFO - validate loss: 0.2638
2025-10-01 20:09:54,122 - root - INFO - validate average_precision, 0.9659
2025-10-01 20:09:54,122 - root - INFO - validate roc_auc, 0.9623
2025-10-01 20:09:54,122 - root - INFO - new node validate loss: 0.3619
2025-10-01 20:09:54,122 - root - INFO - new node validate average_precision, 0.9324
2025-10-01 20:09:54,122 - root - INFO - new node validate roc_auc, 0.9236
2025-10-01 20:09:58,852 - root - INFO - test loss: 0.2735
2025-10-01 20:09:58,852 - root - INFO - test average_precision, 0.9626
2025-10-01 20:09:58,853 - root - INFO - best test average_precision: 0.9651
2025-10-01 20:09:58,853 - root - INFO - test roc_auc, 0.9605
2025-10-01 20:09:58,853 - root - INFO - new node test loss: 0.3451
2025-10-01 20:09:58,853 - root - INFO - new node test average_precision, 0.9432
2025-10-01 20:09:58,853 - root - INFO - new node test roc_auc, 0.9359
2025-10-01 20:10:17,284 - root - INFO - Epoch: 66, learning rate: 0.0001, train loss: 0.1887
2025-10-01 20:10:17,284 - root - INFO - train average_precision, 0.9746
2025-10-01 20:10:17,285 - root - INFO - train roc_auc, 0.9751
2025-10-01 20:10:17,285 - root - INFO - validate loss: 0.2637
2025-10-01 20:10:17,285 - root - INFO - validate average_precision, 0.9669
2025-10-01 20:10:17,285 - root - INFO - validate roc_auc, 0.9634
2025-10-01 20:10:17,285 - root - INFO - new node validate loss: 0.3644
2025-10-01 20:10:17,285 - root - INFO - new node validate average_precision, 0.9329
2025-10-01 20:10:17,285 - root - INFO - new node validate roc_auc, 0.9245
2025-10-01 20:10:22,002 - root - INFO - test loss: 0.2647
2025-10-01 20:10:22,003 - root - INFO - test average_precision, 0.9648
2025-10-01 20:10:22,003 - root - INFO - best test average_precision: 0.9651
2025-10-01 20:10:22,003 - root - INFO - test roc_auc, 0.9624
2025-10-01 20:10:22,003 - root - INFO - new node test loss: 0.3326
2025-10-01 20:10:22,003 - root - INFO - new node test average_precision, 0.9463
2025-10-01 20:10:22,003 - root - INFO - new node test roc_auc, 0.9403
2025-10-01 20:10:22,003 - root - INFO - save model ./saved_models/JODIE/wikipedia/JODIE_seed4/JODIE_seed4.pkl
2025-10-01 20:10:41,572 - root - INFO - Epoch: 67, learning rate: 0.0001, train loss: 0.1892
2025-10-01 20:10:41,573 - root - INFO - train average_precision, 0.9740
2025-10-01 20:10:41,573 - root - INFO - train roc_auc, 0.9749
2025-10-01 20:10:41,573 - root - INFO - validate loss: 0.2729
2025-10-01 20:10:41,573 - root - INFO - validate average_precision, 0.9644
2025-10-01 20:10:41,573 - root - INFO - validate roc_auc, 0.9605
2025-10-01 20:10:41,573 - root - INFO - new node validate loss: 0.3631
2025-10-01 20:10:41,573 - root - INFO - new node validate average_precision, 0.9315
2025-10-01 20:10:41,573 - root - INFO - new node validate roc_auc, 0.9238
2025-10-01 20:10:46,243 - root - INFO - test loss: 0.2788
2025-10-01 20:10:46,244 - root - INFO - test average_precision, 0.9608
2025-10-01 20:10:46,244 - root - INFO - best test average_precision: 0.9651
2025-10-01 20:10:46,244 - root - INFO - test roc_auc, 0.9585
2025-10-01 20:10:46,244 - root - INFO - new node test loss: 0.3459
2025-10-01 20:10:46,244 - root - INFO - new node test average_precision, 0.9420
2025-10-01 20:10:46,244 - root - INFO - new node test roc_auc, 0.9358
2025-10-01 20:11:04,652 - root - INFO - Epoch: 68, learning rate: 0.0001, train loss: 0.1891
2025-10-01 20:11:04,652 - root - INFO - train average_precision, 0.9742
2025-10-01 20:11:04,652 - root - INFO - train roc_auc, 0.9749
2025-10-01 20:11:04,652 - root - INFO - validate loss: 0.2742
2025-10-01 20:11:04,652 - root - INFO - validate average_precision, 0.9644
2025-10-01 20:11:04,652 - root - INFO - validate roc_auc, 0.9610
2025-10-01 20:11:04,652 - root - INFO - new node validate loss: 0.3667
2025-10-01 20:11:04,653 - root - INFO - new node validate average_precision, 0.9336
2025-10-01 20:11:04,653 - root - INFO - new node validate roc_auc, 0.9248
2025-10-01 20:11:09,349 - root - INFO - test loss: 0.2817
2025-10-01 20:11:09,349 - root - INFO - test average_precision, 0.9613
2025-10-01 20:11:09,349 - root - INFO - best test average_precision: 0.9651
2025-10-01 20:11:09,349 - root - INFO - test roc_auc, 0.9590
2025-10-01 20:11:09,349 - root - INFO - new node test loss: 0.3476
2025-10-01 20:11:09,349 - root - INFO - new node test average_precision, 0.9437
2025-10-01 20:11:09,349 - root - INFO - new node test roc_auc, 0.9373
2025-10-01 20:11:27,857 - root - INFO - Epoch: 69, learning rate: 0.0001, train loss: 0.1881
2025-10-01 20:11:27,858 - root - INFO - train average_precision, 0.9749
2025-10-01 20:11:27,858 - root - INFO - train roc_auc, 0.9753
2025-10-01 20:11:27,858 - root - INFO - validate loss: 0.2737
2025-10-01 20:11:27,858 - root - INFO - validate average_precision, 0.9649
2025-10-01 20:11:27,858 - root - INFO - validate roc_auc, 0.9612
2025-10-01 20:11:27,858 - root - INFO - new node validate loss: 0.3635
2025-10-01 20:11:27,858 - root - INFO - new node validate average_precision, 0.9328
2025-10-01 20:11:27,858 - root - INFO - new node validate roc_auc, 0.9249
2025-10-01 20:11:32,563 - root - INFO - test loss: 0.2888
2025-10-01 20:11:32,563 - root - INFO - test average_precision, 0.9601
2025-10-01 20:11:32,563 - root - INFO - best test average_precision: 0.9651
2025-10-01 20:11:32,564 - root - INFO - test roc_auc, 0.9574
2025-10-01 20:11:32,564 - root - INFO - new node test loss: 0.3649
2025-10-01 20:11:32,564 - root - INFO - new node test average_precision, 0.9387
2025-10-01 20:11:32,564 - root - INFO - new node test roc_auc, 0.9307
2025-10-01 20:11:50,931 - root - INFO - Epoch: 70, learning rate: 0.0001, train loss: 0.1886
2025-10-01 20:11:50,932 - root - INFO - train average_precision, 0.9745
2025-10-01 20:11:50,932 - root - INFO - train roc_auc, 0.9749
2025-10-01 20:11:50,932 - root - INFO - validate loss: 0.2725
2025-10-01 20:11:50,932 - root - INFO - validate average_precision, 0.9651
2025-10-01 20:11:50,932 - root - INFO - validate roc_auc, 0.9613
2025-10-01 20:11:50,932 - root - INFO - new node validate loss: 0.3675
2025-10-01 20:11:50,932 - root - INFO - new node validate average_precision, 0.9322
2025-10-01 20:11:50,932 - root - INFO - new node validate roc_auc, 0.9231
2025-10-01 20:11:55,634 - root - INFO - test loss: 0.2832
2025-10-01 20:11:55,634 - root - INFO - test average_precision, 0.9620
2025-10-01 20:11:55,634 - root - INFO - best test average_precision: 0.9651
2025-10-01 20:11:55,634 - root - INFO - test roc_auc, 0.9587
2025-10-01 20:11:55,634 - root - INFO - new node test loss: 0.3610
2025-10-01 20:11:55,634 - root - INFO - new node test average_precision, 0.9396
2025-10-01 20:11:55,634 - root - INFO - new node test roc_auc, 0.9324
2025-10-01 20:12:13,984 - root - INFO - Epoch: 71, learning rate: 0.0001, train loss: 0.1857
2025-10-01 20:12:13,984 - root - INFO - train average_precision, 0.9749
2025-10-01 20:12:13,984 - root - INFO - train roc_auc, 0.9756
2025-10-01 20:12:13,984 - root - INFO - validate loss: 0.2778
2025-10-01 20:12:13,985 - root - INFO - validate average_precision, 0.9650
2025-10-01 20:12:13,985 - root - INFO - validate roc_auc, 0.9610
2025-10-01 20:12:13,985 - root - INFO - new node validate loss: 0.3728
2025-10-01 20:12:13,985 - root - INFO - new node validate average_precision, 0.9330
2025-10-01 20:12:13,985 - root - INFO - new node validate roc_auc, 0.9244
2025-10-01 20:12:18,685 - root - INFO - test loss: 0.2900
2025-10-01 20:12:18,686 - root - INFO - test average_precision, 0.9613
2025-10-01 20:12:18,686 - root - INFO - best test average_precision: 0.9651
2025-10-01 20:12:18,686 - root - INFO - test roc_auc, 0.9588
2025-10-01 20:12:18,686 - root - INFO - new node test loss: 0.3710
2025-10-01 20:12:18,686 - root - INFO - new node test average_precision, 0.9391
2025-10-01 20:12:18,686 - root - INFO - new node test roc_auc, 0.9321
2025-10-01 20:12:37,068 - root - INFO - Epoch: 72, learning rate: 0.0001, train loss: 0.1868
2025-10-01 20:12:37,068 - root - INFO - train average_precision, 0.9746
2025-10-01 20:12:37,069 - root - INFO - train roc_auc, 0.9755
2025-10-01 20:12:37,069 - root - INFO - validate loss: 0.2744
2025-10-01 20:12:37,069 - root - INFO - validate average_precision, 0.9654
2025-10-01 20:12:37,069 - root - INFO - validate roc_auc, 0.9618
2025-10-01 20:12:37,069 - root - INFO - new node validate loss: 0.3695
2025-10-01 20:12:37,069 - root - INFO - new node validate average_precision, 0.9329
2025-10-01 20:12:37,069 - root - INFO - new node validate roc_auc, 0.9245
2025-10-01 20:12:41,732 - root - INFO - test loss: 0.2839
2025-10-01 20:12:41,732 - root - INFO - test average_precision, 0.9624
2025-10-01 20:12:41,732 - root - INFO - best test average_precision: 0.9651
2025-10-01 20:12:41,732 - root - INFO - test roc_auc, 0.9597
2025-10-01 20:12:41,732 - root - INFO - new node test loss: 0.3597
2025-10-01 20:12:41,732 - root - INFO - new node test average_precision, 0.9411
2025-10-01 20:12:41,732 - root - INFO - new node test roc_auc, 0.9343
2025-10-01 20:13:00,145 - root - INFO - Epoch: 73, learning rate: 0.0001, train loss: 0.1841
2025-10-01 20:13:00,145 - root - INFO - train average_precision, 0.9749
2025-10-01 20:13:00,145 - root - INFO - train roc_auc, 0.9758
2025-10-01 20:13:00,145 - root - INFO - validate loss: 0.2707
2025-10-01 20:13:00,146 - root - INFO - validate average_precision, 0.9657
2025-10-01 20:13:00,146 - root - INFO - validate roc_auc, 0.9619
2025-10-01 20:13:00,146 - root - INFO - new node validate loss: 0.3692
2025-10-01 20:13:00,146 - root - INFO - new node validate average_precision, 0.9331
2025-10-01 20:13:00,146 - root - INFO - new node validate roc_auc, 0.9245
2025-10-01 20:13:04,849 - root - INFO - test loss: 0.2762
2025-10-01 20:13:04,849 - root - INFO - test average_precision, 0.9629
2025-10-01 20:13:04,849 - root - INFO - best test average_precision: 0.9651
2025-10-01 20:13:04,849 - root - INFO - test roc_auc, 0.9600
2025-10-01 20:13:04,849 - root - INFO - new node test loss: 0.3475
2025-10-01 20:13:04,849 - root - INFO - new node test average_precision, 0.9433
2025-10-01 20:13:04,849 - root - INFO - new node test roc_auc, 0.9365
2025-10-01 20:13:23,268 - root - INFO - Epoch: 74, learning rate: 0.0001, train loss: 0.1816
2025-10-01 20:13:23,268 - root - INFO - train average_precision, 0.9760
2025-10-01 20:13:23,268 - root - INFO - train roc_auc, 0.9765
2025-10-01 20:13:23,268 - root - INFO - validate loss: 0.2836
2025-10-01 20:13:23,268 - root - INFO - validate average_precision, 0.9648
2025-10-01 20:13:23,268 - root - INFO - validate roc_auc, 0.9612
2025-10-01 20:13:23,268 - root - INFO - new node validate loss: 0.3791
2025-10-01 20:13:23,269 - root - INFO - new node validate average_precision, 0.9327
2025-10-01 20:13:23,269 - root - INFO - new node validate roc_auc, 0.9241
2025-10-01 20:13:27,989 - root - INFO - test loss: 0.3050
2025-10-01 20:13:27,989 - root - INFO - test average_precision, 0.9596
2025-10-01 20:13:27,989 - root - INFO - best test average_precision: 0.9651
2025-10-01 20:13:27,989 - root - INFO - test roc_auc, 0.9566
2025-10-01 20:13:27,989 - root - INFO - new node test loss: 0.3792
2025-10-01 20:13:27,989 - root - INFO - new node test average_precision, 0.9397
2025-10-01 20:13:27,989 - root - INFO - new node test roc_auc, 0.9322
2025-10-01 20:13:46,352 - root - INFO - Epoch: 75, learning rate: 0.0001, train loss: 0.1845
2025-10-01 20:13:46,352 - root - INFO - train average_precision, 0.9753
2025-10-01 20:13:46,352 - root - INFO - train roc_auc, 0.9759
2025-10-01 20:13:46,353 - root - INFO - validate loss: 0.2743
2025-10-01 20:13:46,353 - root - INFO - validate average_precision, 0.9653
2025-10-01 20:13:46,353 - root - INFO - validate roc_auc, 0.9617
2025-10-01 20:13:46,353 - root - INFO - new node validate loss: 0.3620
2025-10-01 20:13:46,353 - root - INFO - new node validate average_precision, 0.9338
2025-10-01 20:13:46,353 - root - INFO - new node validate roc_auc, 0.9262
2025-10-01 20:13:51,053 - root - INFO - test loss: 0.2901
2025-10-01 20:13:51,054 - root - INFO - test average_precision, 0.9597
2025-10-01 20:13:51,054 - root - INFO - best test average_precision: 0.9651
2025-10-01 20:13:51,054 - root - INFO - test roc_auc, 0.9570
2025-10-01 20:13:51,054 - root - INFO - new node test loss: 0.3529
2025-10-01 20:13:51,054 - root - INFO - new node test average_precision, 0.9416
2025-10-01 20:13:51,054 - root - INFO - new node test roc_auc, 0.9354
2025-10-01 20:14:09,469 - root - INFO - Epoch: 76, learning rate: 0.0001, train loss: 0.1825
2025-10-01 20:14:09,469 - root - INFO - train average_precision, 0.9757
2025-10-01 20:14:09,469 - root - INFO - train roc_auc, 0.9764
2025-10-01 20:14:09,469 - root - INFO - validate loss: 0.2674
2025-10-01 20:14:09,470 - root - INFO - validate average_precision, 0.9661
2025-10-01 20:14:09,470 - root - INFO - validate roc_auc, 0.9627
2025-10-01 20:14:09,470 - root - INFO - new node validate loss: 0.3623
2025-10-01 20:14:09,470 - root - INFO - new node validate average_precision, 0.9342
2025-10-01 20:14:09,470 - root - INFO - new node validate roc_auc, 0.9260
2025-10-01 20:14:14,190 - root - INFO - test loss: 0.2834
2025-10-01 20:14:14,190 - root - INFO - test average_precision, 0.9612
2025-10-01 20:14:14,190 - root - INFO - best test average_precision: 0.9651
2025-10-01 20:14:14,190 - root - INFO - test roc_auc, 0.9582
2025-10-01 20:14:14,190 - root - INFO - new node test loss: 0.3481
2025-10-01 20:14:14,190 - root - INFO - new node test average_precision, 0.9428
2025-10-01 20:14:14,190 - root - INFO - new node test roc_auc, 0.9359
2025-10-01 20:14:32,660 - root - INFO - Epoch: 77, learning rate: 0.0001, train loss: 0.1809
2025-10-01 20:14:32,660 - root - INFO - train average_precision, 0.9759
2025-10-01 20:14:32,660 - root - INFO - train roc_auc, 0.9767
2025-10-01 20:14:32,660 - root - INFO - validate loss: 0.2666
2025-10-01 20:14:32,660 - root - INFO - validate average_precision, 0.9666
2025-10-01 20:14:32,660 - root - INFO - validate roc_auc, 0.9630
2025-10-01 20:14:32,660 - root - INFO - new node validate loss: 0.3643
2025-10-01 20:14:32,660 - root - INFO - new node validate average_precision, 0.9346
2025-10-01 20:14:32,660 - root - INFO - new node validate roc_auc, 0.9266
2025-10-01 20:14:37,340 - root - INFO - test loss: 0.2770
2025-10-01 20:14:37,340 - root - INFO - test average_precision, 0.9627
2025-10-01 20:14:37,340 - root - INFO - best test average_precision: 0.9651
2025-10-01 20:14:37,340 - root - INFO - test roc_auc, 0.9597
2025-10-01 20:14:37,340 - root - INFO - new node test loss: 0.3487
2025-10-01 20:14:37,340 - root - INFO - new node test average_precision, 0.9432
2025-10-01 20:14:37,340 - root - INFO - new node test roc_auc, 0.9362
2025-10-01 20:14:55,719 - root - INFO - Epoch: 78, learning rate: 0.0001, train loss: 0.1815
2025-10-01 20:14:55,719 - root - INFO - train average_precision, 0.9759
2025-10-01 20:14:55,719 - root - INFO - train roc_auc, 0.9765
2025-10-01 20:14:55,719 - root - INFO - validate loss: 0.2724
2025-10-01 20:14:55,719 - root - INFO - validate average_precision, 0.9656
2025-10-01 20:14:55,720 - root - INFO - validate roc_auc, 0.9618
2025-10-01 20:14:55,720 - root - INFO - new node validate loss: 0.3726
2025-10-01 20:14:55,720 - root - INFO - new node validate average_precision, 0.9328
2025-10-01 20:14:55,720 - root - INFO - new node validate roc_auc, 0.9244
2025-10-01 20:15:00,420 - root - INFO - test loss: 0.2813
2025-10-01 20:15:00,421 - root - INFO - test average_precision, 0.9614
2025-10-01 20:15:00,421 - root - INFO - best test average_precision: 0.9651
2025-10-01 20:15:00,421 - root - INFO - test roc_auc, 0.9593
2025-10-01 20:15:00,421 - root - INFO - new node test loss: 0.3532
2025-10-01 20:15:00,421 - root - INFO - new node test average_precision, 0.9434
2025-10-01 20:15:00,421 - root - INFO - new node test roc_auc, 0.9361
2025-10-01 20:15:18,816 - root - INFO - Epoch: 79, learning rate: 0.0001, train loss: 0.1786
2025-10-01 20:15:18,816 - root - INFO - train average_precision, 0.9763
2025-10-01 20:15:18,816 - root - INFO - train roc_auc, 0.9773
2025-10-01 20:15:18,816 - root - INFO - validate loss: 0.2743
2025-10-01 20:15:18,816 - root - INFO - validate average_precision, 0.9657
2025-10-01 20:15:18,816 - root - INFO - validate roc_auc, 0.9622
2025-10-01 20:15:18,816 - root - INFO - new node validate loss: 0.3774
2025-10-01 20:15:18,817 - root - INFO - new node validate average_precision, 0.9328
2025-10-01 20:15:18,817 - root - INFO - new node validate roc_auc, 0.9239
2025-10-01 20:15:23,509 - root - INFO - test loss: 0.2805
2025-10-01 20:15:23,510 - root - INFO - test average_precision, 0.9626
2025-10-01 20:15:23,510 - root - INFO - best test average_precision: 0.9651
2025-10-01 20:15:23,510 - root - INFO - test roc_auc, 0.9603
2025-10-01 20:15:23,510 - root - INFO - new node test loss: 0.3543
2025-10-01 20:15:23,510 - root - INFO - new node test average_precision, 0.9424
2025-10-01 20:15:23,510 - root - INFO - new node test roc_auc, 0.9356
2025-10-01 20:15:41,913 - root - INFO - Epoch: 80, learning rate: 0.0001, train loss: 0.1791
2025-10-01 20:15:41,913 - root - INFO - train average_precision, 0.9762
2025-10-01 20:15:41,913 - root - INFO - train roc_auc, 0.9771
2025-10-01 20:15:41,913 - root - INFO - validate loss: 0.2823
2025-10-01 20:15:41,913 - root - INFO - validate average_precision, 0.9650
2025-10-01 20:15:41,913 - root - INFO - validate roc_auc, 0.9609
2025-10-01 20:15:41,913 - root - INFO - new node validate loss: 0.3810
2025-10-01 20:15:41,913 - root - INFO - new node validate average_precision, 0.9325
2025-10-01 20:15:41,913 - root - INFO - new node validate roc_auc, 0.9234
2025-10-01 20:15:46,624 - root - INFO - test loss: 0.2946
2025-10-01 20:15:46,625 - root - INFO - test average_precision, 0.9598
2025-10-01 20:15:46,625 - root - INFO - best test average_precision: 0.9651
2025-10-01 20:15:46,625 - root - INFO - test roc_auc, 0.9575
2025-10-01 20:15:46,625 - root - INFO - new node test loss: 0.3734
2025-10-01 20:15:46,625 - root - INFO - new node test average_precision, 0.9389
2025-10-01 20:15:46,625 - root - INFO - new node test roc_auc, 0.9304
2025-10-01 20:16:05,070 - root - INFO - Epoch: 81, learning rate: 0.0001, train loss: 0.1798
2025-10-01 20:16:05,070 - root - INFO - train average_precision, 0.9763
2025-10-01 20:16:05,070 - root - INFO - train roc_auc, 0.9771
2025-10-01 20:16:05,070 - root - INFO - validate loss: 0.2790
2025-10-01 20:16:05,070 - root - INFO - validate average_precision, 0.9655
2025-10-01 20:16:05,070 - root - INFO - validate roc_auc, 0.9614
2025-10-01 20:16:05,070 - root - INFO - new node validate loss: 0.3731
2025-10-01 20:16:05,071 - root - INFO - new node validate average_precision, 0.9344
2025-10-01 20:16:05,071 - root - INFO - new node validate roc_auc, 0.9253
2025-10-01 20:16:09,777 - root - INFO - test loss: 0.2884
2025-10-01 20:16:09,777 - root - INFO - test average_precision, 0.9618
2025-10-01 20:16:09,777 - root - INFO - best test average_precision: 0.9651
2025-10-01 20:16:09,777 - root - INFO - test roc_auc, 0.9588
2025-10-01 20:16:09,777 - root - INFO - new node test loss: 0.3586
2025-10-01 20:16:09,778 - root - INFO - new node test average_precision, 0.9424
2025-10-01 20:16:09,778 - root - INFO - new node test roc_auc, 0.9347
2025-10-01 20:16:28,229 - root - INFO - Epoch: 82, learning rate: 0.0001, train loss: 0.1805
2025-10-01 20:16:28,229 - root - INFO - train average_precision, 0.9757
2025-10-01 20:16:28,229 - root - INFO - train roc_auc, 0.9768
2025-10-01 20:16:28,229 - root - INFO - validate loss: 0.2702
2025-10-01 20:16:28,229 - root - INFO - validate average_precision, 0.9657
2025-10-01 20:16:28,229 - root - INFO - validate roc_auc, 0.9618
2025-10-01 20:16:28,229 - root - INFO - new node validate loss: 0.3682
2025-10-01 20:16:28,229 - root - INFO - new node validate average_precision, 0.9332
2025-10-01 20:16:28,229 - root - INFO - new node validate roc_auc, 0.9244
2025-10-01 20:16:32,903 - root - INFO - test loss: 0.2836
2025-10-01 20:16:32,904 - root - INFO - test average_precision, 0.9611
2025-10-01 20:16:32,904 - root - INFO - best test average_precision: 0.9651
2025-10-01 20:16:32,904 - root - INFO - test roc_auc, 0.9581
2025-10-01 20:16:32,904 - root - INFO - new node test loss: 0.3506
2025-10-01 20:16:32,904 - root - INFO - new node test average_precision, 0.9419
2025-10-01 20:16:32,904 - root - INFO - new node test roc_auc, 0.9349
2025-10-01 20:16:51,292 - root - INFO - Epoch: 83, learning rate: 0.0001, train loss: 0.1766
2025-10-01 20:16:51,292 - root - INFO - train average_precision, 0.9766
2025-10-01 20:16:51,292 - root - INFO - train roc_auc, 0.9775
2025-10-01 20:16:51,292 - root - INFO - validate loss: 0.2789
2025-10-01 20:16:51,292 - root - INFO - validate average_precision, 0.9666
2025-10-01 20:16:51,293 - root - INFO - validate roc_auc, 0.9630
2025-10-01 20:16:51,293 - root - INFO - new node validate loss: 0.3774
2025-10-01 20:16:51,293 - root - INFO - new node validate average_precision, 0.9347
2025-10-01 20:16:51,293 - root - INFO - new node validate roc_auc, 0.9264
2025-10-01 20:16:56,015 - root - INFO - test loss: 0.2897
2025-10-01 20:16:56,016 - root - INFO - test average_precision, 0.9635
2025-10-01 20:16:56,016 - root - INFO - best test average_precision: 0.9651
2025-10-01 20:16:56,016 - root - INFO - test roc_auc, 0.9607
2025-10-01 20:16:56,016 - root - INFO - new node test loss: 0.3627
2025-10-01 20:16:56,016 - root - INFO - new node test average_precision, 0.9432
2025-10-01 20:16:56,016 - root - INFO - new node test roc_auc, 0.9368
2025-10-01 20:17:14,407 - root - INFO - Epoch: 84, learning rate: 0.0001, train loss: 0.1765
2025-10-01 20:17:14,407 - root - INFO - train average_precision, 0.9768
2025-10-01 20:17:14,407 - root - INFO - train roc_auc, 0.9777
2025-10-01 20:17:14,407 - root - INFO - validate loss: 0.2827
2025-10-01 20:17:14,407 - root - INFO - validate average_precision, 0.9659
2025-10-01 20:17:14,407 - root - INFO - validate roc_auc, 0.9620
2025-10-01 20:17:14,407 - root - INFO - new node validate loss: 0.3779
2025-10-01 20:17:14,407 - root - INFO - new node validate average_precision, 0.9344
2025-10-01 20:17:14,408 - root - INFO - new node validate roc_auc, 0.9260
2025-10-01 20:17:19,088 - root - INFO - test loss: 0.2897
2025-10-01 20:17:19,088 - root - INFO - test average_precision, 0.9621
2025-10-01 20:17:19,088 - root - INFO - best test average_precision: 0.9651
2025-10-01 20:17:19,088 - root - INFO - test roc_auc, 0.9592
2025-10-01 20:17:19,088 - root - INFO - new node test loss: 0.3617
2025-10-01 20:17:19,088 - root - INFO - new node test average_precision, 0.9412
2025-10-01 20:17:19,088 - root - INFO - new node test roc_auc, 0.9347
2025-10-01 20:17:37,488 - root - INFO - Epoch: 85, learning rate: 0.0001, train loss: 0.1760
2025-10-01 20:17:37,488 - root - INFO - train average_precision, 0.9770
2025-10-01 20:17:37,488 - root - INFO - train roc_auc, 0.9778
2025-10-01 20:17:37,488 - root - INFO - validate loss: 0.2774
2025-10-01 20:17:37,488 - root - INFO - validate average_precision, 0.9660
2025-10-01 20:17:37,488 - root - INFO - validate roc_auc, 0.9623
2025-10-01 20:17:37,488 - root - INFO - new node validate loss: 0.3705
2025-10-01 20:17:37,488 - root - INFO - new node validate average_precision, 0.9345
2025-10-01 20:17:37,488 - root - INFO - new node validate roc_auc, 0.9263
2025-10-01 20:17:42,204 - root - INFO - test loss: 0.2792
2025-10-01 20:17:42,204 - root - INFO - test average_precision, 0.9632
2025-10-01 20:17:42,204 - root - INFO - best test average_precision: 0.9651
2025-10-01 20:17:42,204 - root - INFO - test roc_auc, 0.9607
2025-10-01 20:17:42,205 - root - INFO - new node test loss: 0.3424
2025-10-01 20:17:42,205 - root - INFO - new node test average_precision, 0.9458
2025-10-01 20:17:42,205 - root - INFO - new node test roc_auc, 0.9401
2025-10-01 20:18:00,558 - root - INFO - Epoch: 86, learning rate: 0.0001, train loss: 0.1792
2025-10-01 20:18:00,559 - root - INFO - train average_precision, 0.9760
2025-10-01 20:18:00,559 - root - INFO - train roc_auc, 0.9770
2025-10-01 20:18:00,559 - root - INFO - validate loss: 0.2787
2025-10-01 20:18:00,559 - root - INFO - validate average_precision, 0.9652
2025-10-01 20:18:00,559 - root - INFO - validate roc_auc, 0.9613
2025-10-01 20:18:00,559 - root - INFO - new node validate loss: 0.3722
2025-10-01 20:18:00,559 - root - INFO - new node validate average_precision, 0.9342
2025-10-01 20:18:00,559 - root - INFO - new node validate roc_auc, 0.9263
2025-10-01 20:18:05,290 - root - INFO - test loss: 0.2926
2025-10-01 20:18:05,290 - root - INFO - test average_precision, 0.9600
2025-10-01 20:18:05,290 - root - INFO - best test average_precision: 0.9651
2025-10-01 20:18:05,290 - root - INFO - test roc_auc, 0.9568
2025-10-01 20:18:05,290 - root - INFO - new node test loss: 0.3643
2025-10-01 20:18:05,290 - root - INFO - new node test average_precision, 0.9418
2025-10-01 20:18:05,290 - root - INFO - new node test roc_auc, 0.9338
2025-10-01 20:18:05,290 - root - INFO - load model ./saved_models/JODIE/wikipedia/JODIE_seed4/JODIE_seed4.pkl
2025-10-01 20:18:06,690 - root - INFO - get final performance on dataset wikipedia...
2025-10-01 20:18:11,607 - root - INFO - test loss: 0.2647
2025-10-01 20:18:11,607 - root - INFO - test average_precision, 0.9648
2025-10-01 20:18:11,607 - root - INFO - test roc_auc, 0.9624
2025-10-01 20:18:11,607 - root - INFO - new node test loss: 0.3326
2025-10-01 20:18:11,608 - root - INFO - new node test average_precision, 0.9463
2025-10-01 20:18:11,608 - root - INFO - new node test roc_auc, 0.9403
2025-10-01 20:18:11,608 - root - INFO - Run 5 cost 2024.51 seconds.
2025-10-01 20:18:11,613 - root - INFO - metrics over 5 runs:
2025-10-01 20:18:11,613 - root - INFO - test average_precision, [np.float64(0.9668514789656926), np.float64(0.9643966944414646), np.float64(0.9615573833774663), np.float64(0.9611309709425554), np.float64(0.9647809473263759)]
2025-10-01 20:18:11,613 - root - INFO - average test average_precision, 0.9637 ± 0.0024
2025-10-01 20:18:11,613 - root - INFO - test roc_auc, [np.float64(0.964381995179024), np.float64(0.9632386554621848), np.float64(0.9598911733741116), np.float64(0.9579542455077269), np.float64(0.9624191176470587)]
2025-10-01 20:18:11,613 - root - INFO - average test roc_auc, 0.9616 ± 0.0026
2025-10-01 20:18:11,613 - root - INFO - new node test average_precision, [np.float64(0.9466277309152797), np.float64(0.9445388851584425), np.float64(0.946709740442003), np.float64(0.9399101807384584), np.float64(0.946258330005305)]
2025-10-01 20:18:11,613 - root - INFO - average new node test average_precision, 0.9448 ± 0.0029
2025-10-01 20:18:11,613 - root - INFO - new node test roc_auc, [np.float64(0.940413388709109), np.float64(0.9407129986222807), np.float64(0.9414932155329852), np.float64(0.9324907708820608), np.float64(0.9402561364583)]
2025-10-01 20:18:11,613 - root - INFO - average new node test roc_auc, 0.9391 ± 0.0037
