2025-09-29 18:27:38,629 - root - INFO - ********** Run 5 starts. **********
2025-09-29 18:27:38,629 - root - INFO - configuration is Namespace(dataset_name='wikipedia', batch_size=200, model_name='JODIE', gpu=0, num_neighbors=10, sample_neighbor_strategy='uniform', time_scaling_factor=1e-06, num_walk_heads=8, num_heads=2, num_layers=1, walk_length=1, time_gap=2000, time_feat_dim=128, position_feat_dim=172, time_window_mode='fixed_proportion', time_encoder_type='lete', expert_dim=64, num_mixtures=4, patch_size=1, channel_embedding_dim=50, max_input_sequence_length=32, learning_rate=0.0001, dropout=0.1, gamma=0.5, num_epochs=100, optimizer='Adam', weight_decay=0.0, patience=20, val_ratio=0.15, test_ratio=0.15, num_runs=5, test_interval_epochs=1, negative_sample_strategy='random', max_interaction_times=10, load_best_configs=True, device='cuda:0', seed=4, save_model_name='JODIE_seed4')
2025-09-29 18:27:38,630 - root - INFO - time encoder type: lete
2025-09-29 18:27:38,780 - root - INFO - model -> Sequential(
  (0): MemoryModel(
    (time_encoder): TimeEncoder(
      (w): Linear(in_features=1, out_features=128, bias=True)
    )
    (message_aggregator): MessageAggregator()
    (memory_bank): MemoryBank(num_nodes=9228, memory_dim=172)
    (memory_updater): RNNMemoryUpdater(
      (memory_bank): MemoryBank(num_nodes=9228, memory_dim=172)
      (memory_updater): RNNCell(644, 172)
    )
    (embedding_module): TimeProjectionEmbedding(
      (dropout): Dropout(p=0.1, inplace=False)
      (linear_layer): Linear(in_features=1, out_features=172, bias=True)
    )
  )
  (1): MergeLayer(
    (fc1): Linear(in_features=344, out_features=172, bias=True)
    (fc2): Linear(in_features=172, out_features=1, bias=True)
    (act): ReLU()
  )
)
2025-09-29 18:27:38,780 - root - INFO - model name: JODIE, #parameters: 803236 B, 784.41015625 KB, 0.7660255432128906 MB.
2025-09-29 18:27:57,347 - root - INFO - Epoch: 1, learning rate: 0.0001, train loss: 0.5302
2025-09-29 18:27:57,348 - root - INFO - train average_precision, 0.7840
2025-09-29 18:27:57,348 - root - INFO - train roc_auc, 0.8164
2025-09-29 18:27:57,348 - root - INFO - validate loss: 0.4617
2025-09-29 18:27:57,348 - root - INFO - validate average_precision, 0.8519
2025-09-29 18:27:57,348 - root - INFO - validate roc_auc, 0.8625
2025-09-29 18:27:57,348 - root - INFO - new node validate loss: 0.4994
2025-09-29 18:27:57,348 - root - INFO - new node validate average_precision, 0.8326
2025-09-29 18:27:57,348 - root - INFO - new node validate roc_auc, 0.8375
2025-09-29 18:28:02,153 - root - INFO - test loss: 0.4725
2025-09-29 18:28:02,153 - root - INFO - test average_precision, 0.8402
2025-09-29 18:28:02,153 - root - INFO - best test average_precision: 0.8402
2025-09-29 18:28:02,153 - root - INFO - test roc_auc, 0.8549
2025-09-29 18:28:02,153 - root - INFO - new node test loss: 0.5328
2025-09-29 18:28:02,153 - root - INFO - new node test average_precision, 0.8057
2025-09-29 18:28:02,153 - root - INFO - new node test roc_auc, 0.8155
2025-09-29 18:28:02,153 - root - INFO - save model ./saved_models/JODIE/wikipedia/JODIE_seed4/JODIE_seed4.pkl
2025-09-29 18:28:21,991 - root - INFO - Epoch: 2, learning rate: 0.0001, train loss: 0.4250
2025-09-29 18:28:21,992 - root - INFO - train average_precision, 0.8777
2025-09-29 18:28:21,992 - root - INFO - train roc_auc, 0.8872
2025-09-29 18:28:21,992 - root - INFO - validate loss: 0.3887
2025-09-29 18:28:21,993 - root - INFO - validate average_precision, 0.8994
2025-09-29 18:28:21,993 - root - INFO - validate roc_auc, 0.9070
2025-09-29 18:28:21,993 - root - INFO - new node validate loss: 0.4393
2025-09-29 18:28:21,993 - root - INFO - new node validate average_precision, 0.8755
2025-09-29 18:28:21,993 - root - INFO - new node validate roc_auc, 0.8731
2025-09-29 18:28:26,820 - root - INFO - test loss: 0.4006
2025-09-29 18:28:26,820 - root - INFO - test average_precision, 0.8930
2025-09-29 18:28:26,821 - root - INFO - best test average_precision: 0.8930
2025-09-29 18:28:26,821 - root - INFO - test roc_auc, 0.9019
2025-09-29 18:28:26,821 - root - INFO - new node test loss: 0.4393
2025-09-29 18:28:26,821 - root - INFO - new node test average_precision, 0.8792
2025-09-29 18:28:26,821 - root - INFO - new node test roc_auc, 0.8804
2025-09-29 18:28:26,821 - root - INFO - save model ./saved_models/JODIE/wikipedia/JODIE_seed4/JODIE_seed4.pkl
2025-09-29 18:28:46,606 - root - INFO - Epoch: 3, learning rate: 0.0001, train loss: 0.3823
2025-09-29 18:28:46,606 - root - INFO - train average_precision, 0.9037
2025-09-29 18:28:46,606 - root - INFO - train roc_auc, 0.9099
2025-09-29 18:28:46,606 - root - INFO - validate loss: 0.3601
2025-09-29 18:28:46,607 - root - INFO - validate average_precision, 0.9162
2025-09-29 18:28:46,607 - root - INFO - validate roc_auc, 0.9202
2025-09-29 18:28:46,607 - root - INFO - new node validate loss: 0.4254
2025-09-29 18:28:46,607 - root - INFO - new node validate average_precision, 0.8856
2025-09-29 18:28:46,607 - root - INFO - new node validate roc_auc, 0.8820
2025-09-29 18:28:51,351 - root - INFO - test loss: 0.3664
2025-09-29 18:28:51,351 - root - INFO - test average_precision, 0.9113
2025-09-29 18:28:51,351 - root - INFO - best test average_precision: 0.9113
2025-09-29 18:28:51,351 - root - INFO - test roc_auc, 0.9175
2025-09-29 18:28:51,351 - root - INFO - new node test loss: 0.4221
2025-09-29 18:28:51,351 - root - INFO - new node test average_precision, 0.8935
2025-09-29 18:28:51,351 - root - INFO - new node test roc_auc, 0.8920
2025-09-29 18:28:51,352 - root - INFO - save model ./saved_models/JODIE/wikipedia/JODIE_seed4/JODIE_seed4.pkl
2025-09-29 18:29:11,068 - root - INFO - Epoch: 4, learning rate: 0.0001, train loss: 0.3682
2025-09-29 18:29:11,068 - root - INFO - train average_precision, 0.9129
2025-09-29 18:29:11,069 - root - INFO - train roc_auc, 0.9163
2025-09-29 18:29:11,069 - root - INFO - validate loss: 0.3500
2025-09-29 18:29:11,069 - root - INFO - validate average_precision, 0.9231
2025-09-29 18:29:11,069 - root - INFO - validate roc_auc, 0.9256
2025-09-29 18:29:11,069 - root - INFO - new node validate loss: 0.4148
2025-09-29 18:29:11,069 - root - INFO - new node validate average_precision, 0.8918
2025-09-29 18:29:11,069 - root - INFO - new node validate roc_auc, 0.8869
2025-09-29 18:29:15,884 - root - INFO - test loss: 0.3631
2025-09-29 18:29:15,885 - root - INFO - test average_precision, 0.9136
2025-09-29 18:29:15,885 - root - INFO - best test average_precision: 0.9136
2025-09-29 18:29:15,885 - root - INFO - test roc_auc, 0.9200
2025-09-29 18:29:15,885 - root - INFO - new node test loss: 0.4113
2025-09-29 18:29:15,885 - root - INFO - new node test average_precision, 0.8997
2025-09-29 18:29:15,885 - root - INFO - new node test roc_auc, 0.8973
2025-09-29 18:29:15,885 - root - INFO - save model ./saved_models/JODIE/wikipedia/JODIE_seed4/JODIE_seed4.pkl
2025-09-29 18:29:35,606 - root - INFO - Epoch: 5, learning rate: 0.0001, train loss: 0.3569
2025-09-29 18:29:35,606 - root - INFO - train average_precision, 0.9189
2025-09-29 18:29:35,606 - root - INFO - train roc_auc, 0.9217
2025-09-29 18:29:35,606 - root - INFO - validate loss: 0.3444
2025-09-29 18:29:35,606 - root - INFO - validate average_precision, 0.9262
2025-09-29 18:29:35,606 - root - INFO - validate roc_auc, 0.9284
2025-09-29 18:29:35,606 - root - INFO - new node validate loss: 0.4166
2025-09-29 18:29:35,606 - root - INFO - new node validate average_precision, 0.8927
2025-09-29 18:29:35,606 - root - INFO - new node validate roc_auc, 0.8873
2025-09-29 18:29:40,347 - root - INFO - test loss: 0.3610
2025-09-29 18:29:40,347 - root - INFO - test average_precision, 0.9180
2025-09-29 18:29:40,347 - root - INFO - best test average_precision: 0.9180
2025-09-29 18:29:40,347 - root - INFO - test roc_auc, 0.9217
2025-09-29 18:29:40,347 - root - INFO - new node test loss: 0.4177
2025-09-29 18:29:40,347 - root - INFO - new node test average_precision, 0.8982
2025-09-29 18:29:40,347 - root - INFO - new node test roc_auc, 0.8948
2025-09-29 18:29:40,347 - root - INFO - save model ./saved_models/JODIE/wikipedia/JODIE_seed4/JODIE_seed4.pkl
2025-09-29 18:29:59,941 - root - INFO - Epoch: 6, learning rate: 0.0001, train loss: 0.3443
2025-09-29 18:29:59,941 - root - INFO - train average_precision, 0.9250
2025-09-29 18:29:59,941 - root - INFO - train roc_auc, 0.9267
2025-09-29 18:29:59,941 - root - INFO - validate loss: 0.3290
2025-09-29 18:29:59,941 - root - INFO - validate average_precision, 0.9337
2025-09-29 18:29:59,942 - root - INFO - validate roc_auc, 0.9342
2025-09-29 18:29:59,942 - root - INFO - new node validate loss: 0.4049
2025-09-29 18:29:59,942 - root - INFO - new node validate average_precision, 0.8999
2025-09-29 18:29:59,942 - root - INFO - new node validate roc_auc, 0.8918
2025-09-29 18:30:04,712 - root - INFO - test loss: 0.3368
2025-09-29 18:30:04,712 - root - INFO - test average_precision, 0.9295
2025-09-29 18:30:04,712 - root - INFO - best test average_precision: 0.9295
2025-09-29 18:30:04,712 - root - INFO - test roc_auc, 0.9316
2025-09-29 18:30:04,712 - root - INFO - new node test loss: 0.3980
2025-09-29 18:30:04,713 - root - INFO - new node test average_precision, 0.9079
2025-09-29 18:30:04,713 - root - INFO - new node test roc_auc, 0.9034
2025-09-29 18:30:04,713 - root - INFO - save model ./saved_models/JODIE/wikipedia/JODIE_seed4/JODIE_seed4.pkl
2025-09-29 18:30:24,257 - root - INFO - Epoch: 7, learning rate: 0.0001, train loss: 0.3386
2025-09-29 18:30:24,257 - root - INFO - train average_precision, 0.9295
2025-09-29 18:30:24,258 - root - INFO - train roc_auc, 0.9295
2025-09-29 18:30:24,258 - root - INFO - validate loss: 0.3189
2025-09-29 18:30:24,258 - root - INFO - validate average_precision, 0.9396
2025-09-29 18:30:24,258 - root - INFO - validate roc_auc, 0.9385
2025-09-29 18:30:24,258 - root - INFO - new node validate loss: 0.3959
2025-09-29 18:30:24,258 - root - INFO - new node validate average_precision, 0.9066
2025-09-29 18:30:24,258 - root - INFO - new node validate roc_auc, 0.8969
2025-09-29 18:30:29,028 - root - INFO - test loss: 0.3316
2025-09-29 18:30:29,028 - root - INFO - test average_precision, 0.9326
2025-09-29 18:30:29,028 - root - INFO - best test average_precision: 0.9326
2025-09-29 18:30:29,028 - root - INFO - test roc_auc, 0.9343
2025-09-29 18:30:29,028 - root - INFO - new node test loss: 0.3935
2025-09-29 18:30:29,028 - root - INFO - new node test average_precision, 0.9100
2025-09-29 18:30:29,028 - root - INFO - new node test roc_auc, 0.9059
2025-09-29 18:30:29,028 - root - INFO - save model ./saved_models/JODIE/wikipedia/JODIE_seed4/JODIE_seed4.pkl
2025-09-29 18:30:48,731 - root - INFO - Epoch: 8, learning rate: 0.0001, train loss: 0.3255
2025-09-29 18:30:48,731 - root - INFO - train average_precision, 0.9354
2025-09-29 18:30:48,731 - root - INFO - train roc_auc, 0.9343
2025-09-29 18:30:48,732 - root - INFO - validate loss: 0.3112
2025-09-29 18:30:48,732 - root - INFO - validate average_precision, 0.9432
2025-09-29 18:30:48,732 - root - INFO - validate roc_auc, 0.9412
2025-09-29 18:30:48,732 - root - INFO - new node validate loss: 0.3890
2025-09-29 18:30:48,732 - root - INFO - new node validate average_precision, 0.9089
2025-09-29 18:30:48,732 - root - INFO - new node validate roc_auc, 0.8999
2025-09-29 18:30:53,544 - root - INFO - test loss: 0.3171
2025-09-29 18:30:53,544 - root - INFO - test average_precision, 0.9388
2025-09-29 18:30:53,544 - root - INFO - best test average_precision: 0.9388
2025-09-29 18:30:53,544 - root - INFO - test roc_auc, 0.9395
2025-09-29 18:30:53,544 - root - INFO - new node test loss: 0.3759
2025-09-29 18:30:53,544 - root - INFO - new node test average_precision, 0.9169
2025-09-29 18:30:53,544 - root - INFO - new node test roc_auc, 0.9126
2025-09-29 18:30:53,544 - root - INFO - save model ./saved_models/JODIE/wikipedia/JODIE_seed4/JODIE_seed4.pkl
2025-09-29 18:31:13,232 - root - INFO - Epoch: 9, learning rate: 0.0001, train loss: 0.3159
2025-09-29 18:31:13,232 - root - INFO - train average_precision, 0.9396
2025-09-29 18:31:13,232 - root - INFO - train roc_auc, 0.9380
2025-09-29 18:31:13,232 - root - INFO - validate loss: 0.3069
2025-09-29 18:31:13,232 - root - INFO - validate average_precision, 0.9453
2025-09-29 18:31:13,232 - root - INFO - validate roc_auc, 0.9423
2025-09-29 18:31:13,233 - root - INFO - new node validate loss: 0.3833
2025-09-29 18:31:13,233 - root - INFO - new node validate average_precision, 0.9110
2025-09-29 18:31:13,233 - root - INFO - new node validate roc_auc, 0.9021
2025-09-29 18:31:17,968 - root - INFO - test loss: 0.3145
2025-09-29 18:31:17,968 - root - INFO - test average_precision, 0.9417
2025-09-29 18:31:17,968 - root - INFO - best test average_precision: 0.9417
2025-09-29 18:31:17,969 - root - INFO - test roc_auc, 0.9407
2025-09-29 18:31:17,969 - root - INFO - new node test loss: 0.3707
2025-09-29 18:31:17,969 - root - INFO - new node test average_precision, 0.9214
2025-09-29 18:31:17,969 - root - INFO - new node test roc_auc, 0.9145
2025-09-29 18:31:17,969 - root - INFO - save model ./saved_models/JODIE/wikipedia/JODIE_seed4/JODIE_seed4.pkl
2025-09-29 18:31:37,657 - root - INFO - Epoch: 10, learning rate: 0.0001, train loss: 0.3102
2025-09-29 18:31:37,657 - root - INFO - train average_precision, 0.9416
2025-09-29 18:31:37,658 - root - INFO - train roc_auc, 0.9401
2025-09-29 18:31:37,658 - root - INFO - validate loss: 0.3119
2025-09-29 18:31:37,658 - root - INFO - validate average_precision, 0.9440
2025-09-29 18:31:37,658 - root - INFO - validate roc_auc, 0.9407
2025-09-29 18:31:37,658 - root - INFO - new node validate loss: 0.3883
2025-09-29 18:31:37,658 - root - INFO - new node validate average_precision, 0.9095
2025-09-29 18:31:37,658 - root - INFO - new node validate roc_auc, 0.9004
2025-09-29 18:31:42,456 - root - INFO - test loss: 0.3359
2025-09-29 18:31:42,456 - root - INFO - test average_precision, 0.9331
2025-09-29 18:31:42,456 - root - INFO - best test average_precision: 0.9417
2025-09-29 18:31:42,456 - root - INFO - test roc_auc, 0.9320
2025-09-29 18:31:42,456 - root - INFO - new node test loss: 0.3923
2025-09-29 18:31:42,456 - root - INFO - new node test average_precision, 0.9110
2025-09-29 18:31:42,456 - root - INFO - new node test roc_auc, 0.9051
2025-09-29 18:32:00,913 - root - INFO - Epoch: 11, learning rate: 0.0001, train loss: 0.3056
2025-09-29 18:32:00,913 - root - INFO - train average_precision, 0.9437
2025-09-29 18:32:00,914 - root - INFO - train roc_auc, 0.9415
2025-09-29 18:32:00,914 - root - INFO - validate loss: 0.2990
2025-09-29 18:32:00,914 - root - INFO - validate average_precision, 0.9499
2025-09-29 18:32:00,914 - root - INFO - validate roc_auc, 0.9450
2025-09-29 18:32:00,914 - root - INFO - new node validate loss: 0.3715
2025-09-29 18:32:00,914 - root - INFO - new node validate average_precision, 0.9172
2025-09-29 18:32:00,914 - root - INFO - new node validate roc_auc, 0.9072
2025-09-29 18:32:05,667 - root - INFO - test loss: 0.3056
2025-09-29 18:32:05,667 - root - INFO - test average_precision, 0.9461
2025-09-29 18:32:05,668 - root - INFO - best test average_precision: 0.9461
2025-09-29 18:32:05,668 - root - INFO - test roc_auc, 0.9440
2025-09-29 18:32:05,668 - root - INFO - new node test loss: 0.3666
2025-09-29 18:32:05,668 - root - INFO - new node test average_precision, 0.9245
2025-09-29 18:32:05,668 - root - INFO - new node test roc_auc, 0.9167
2025-09-29 18:32:05,668 - root - INFO - save model ./saved_models/JODIE/wikipedia/JODIE_seed4/JODIE_seed4.pkl
2025-09-29 18:32:25,174 - root - INFO - Epoch: 12, learning rate: 0.0001, train loss: 0.2960
2025-09-29 18:32:25,174 - root - INFO - train average_precision, 0.9475
2025-09-29 18:32:25,174 - root - INFO - train roc_auc, 0.9448
2025-09-29 18:32:25,174 - root - INFO - validate loss: 0.3017
2025-09-29 18:32:25,174 - root - INFO - validate average_precision, 0.9492
2025-09-29 18:32:25,175 - root - INFO - validate roc_auc, 0.9451
2025-09-29 18:32:25,175 - root - INFO - new node validate loss: 0.3845
2025-09-29 18:32:25,175 - root - INFO - new node validate average_precision, 0.9131
2025-09-29 18:32:25,175 - root - INFO - new node validate roc_auc, 0.9019
2025-09-29 18:32:29,964 - root - INFO - test loss: 0.3239
2025-09-29 18:32:29,964 - root - INFO - test average_precision, 0.9406
2025-09-29 18:32:29,964 - root - INFO - best test average_precision: 0.9461
2025-09-29 18:32:29,965 - root - INFO - test roc_auc, 0.9387
2025-09-29 18:32:29,965 - root - INFO - new node test loss: 0.3827
2025-09-29 18:32:29,965 - root - INFO - new node test average_precision, 0.9172
2025-09-29 18:32:29,965 - root - INFO - new node test roc_auc, 0.9107
2025-09-29 18:32:48,417 - root - INFO - Epoch: 13, learning rate: 0.0001, train loss: 0.2941
2025-09-29 18:32:48,418 - root - INFO - train average_precision, 0.9481
2025-09-29 18:32:48,418 - root - INFO - train roc_auc, 0.9454
2025-09-29 18:32:48,418 - root - INFO - validate loss: 0.2982
2025-09-29 18:32:48,418 - root - INFO - validate average_precision, 0.9512
2025-09-29 18:32:48,418 - root - INFO - validate roc_auc, 0.9456
2025-09-29 18:32:48,418 - root - INFO - new node validate loss: 0.3687
2025-09-29 18:32:48,418 - root - INFO - new node validate average_precision, 0.9202
2025-09-29 18:32:48,418 - root - INFO - new node validate roc_auc, 0.9089
2025-09-29 18:32:53,157 - root - INFO - test loss: 0.3258
2025-09-29 18:32:53,157 - root - INFO - test average_precision, 0.9415
2025-09-29 18:32:53,157 - root - INFO - best test average_precision: 0.9461
2025-09-29 18:32:53,157 - root - INFO - test roc_auc, 0.9374
2025-09-29 18:32:53,157 - root - INFO - new node test loss: 0.3766
2025-09-29 18:32:53,158 - root - INFO - new node test average_precision, 0.9227
2025-09-29 18:32:53,158 - root - INFO - new node test roc_auc, 0.9127
2025-09-29 18:32:53,158 - root - INFO - save model ./saved_models/JODIE/wikipedia/JODIE_seed4/JODIE_seed4.pkl
2025-09-29 18:33:12,872 - root - INFO - Epoch: 14, learning rate: 0.0001, train loss: 0.2853
2025-09-29 18:33:12,873 - root - INFO - train average_precision, 0.9513
2025-09-29 18:33:12,873 - root - INFO - train roc_auc, 0.9484
2025-09-29 18:33:12,873 - root - INFO - validate loss: 0.2895
2025-09-29 18:33:12,873 - root - INFO - validate average_precision, 0.9536
2025-09-29 18:33:12,873 - root - INFO - validate roc_auc, 0.9490
2025-09-29 18:33:12,873 - root - INFO - new node validate loss: 0.3732
2025-09-29 18:33:12,873 - root - INFO - new node validate average_precision, 0.9206
2025-09-29 18:33:12,873 - root - INFO - new node validate roc_auc, 0.9088
2025-09-29 18:33:17,638 - root - INFO - test loss: 0.3004
2025-09-29 18:33:17,638 - root - INFO - test average_precision, 0.9497
2025-09-29 18:33:17,638 - root - INFO - best test average_precision: 0.9497
2025-09-29 18:33:17,639 - root - INFO - test roc_auc, 0.9466
2025-09-29 18:33:17,639 - root - INFO - new node test loss: 0.3632
2025-09-29 18:33:17,639 - root - INFO - new node test average_precision, 0.9262
2025-09-29 18:33:17,639 - root - INFO - new node test roc_auc, 0.9178
2025-09-29 18:33:17,639 - root - INFO - save model ./saved_models/JODIE/wikipedia/JODIE_seed4/JODIE_seed4.pkl
2025-09-29 18:33:37,321 - root - INFO - Epoch: 15, learning rate: 0.0001, train loss: 0.2829
2025-09-29 18:33:37,321 - root - INFO - train average_precision, 0.9515
2025-09-29 18:33:37,322 - root - INFO - train roc_auc, 0.9492
2025-09-29 18:33:37,322 - root - INFO - validate loss: 0.2881
2025-09-29 18:33:37,322 - root - INFO - validate average_precision, 0.9537
2025-09-29 18:33:37,322 - root - INFO - validate roc_auc, 0.9492
2025-09-29 18:33:37,322 - root - INFO - new node validate loss: 0.3742
2025-09-29 18:33:37,322 - root - INFO - new node validate average_precision, 0.9190
2025-09-29 18:33:37,322 - root - INFO - new node validate roc_auc, 0.9072
2025-09-29 18:33:42,078 - root - INFO - test loss: 0.2869
2025-09-29 18:33:42,078 - root - INFO - test average_precision, 0.9541
2025-09-29 18:33:42,079 - root - INFO - best test average_precision: 0.9541
2025-09-29 18:33:42,079 - root - INFO - test roc_auc, 0.9510
2025-09-29 18:33:42,079 - root - INFO - new node test loss: 0.3513
2025-09-29 18:33:42,079 - root - INFO - new node test average_precision, 0.9328
2025-09-29 18:33:42,079 - root - INFO - new node test roc_auc, 0.9243
2025-09-29 18:33:42,079 - root - INFO - save model ./saved_models/JODIE/wikipedia/JODIE_seed4/JODIE_seed4.pkl
2025-09-29 18:34:01,746 - root - INFO - Epoch: 16, learning rate: 0.0001, train loss: 0.2758
2025-09-29 18:34:01,746 - root - INFO - train average_precision, 0.9540
2025-09-29 18:34:01,746 - root - INFO - train roc_auc, 0.9516
2025-09-29 18:34:01,746 - root - INFO - validate loss: 0.2869
2025-09-29 18:34:01,746 - root - INFO - validate average_precision, 0.9551
2025-09-29 18:34:01,747 - root - INFO - validate roc_auc, 0.9503
2025-09-29 18:34:01,747 - root - INFO - new node validate loss: 0.3674
2025-09-29 18:34:01,747 - root - INFO - new node validate average_precision, 0.9222
2025-09-29 18:34:01,747 - root - INFO - new node validate roc_auc, 0.9108
2025-09-29 18:34:06,495 - root - INFO - test loss: 0.2954
2025-09-29 18:34:06,495 - root - INFO - test average_precision, 0.9525
2025-09-29 18:34:06,495 - root - INFO - best test average_precision: 0.9541
2025-09-29 18:34:06,495 - root - INFO - test roc_auc, 0.9490
2025-09-29 18:34:06,495 - root - INFO - new node test loss: 0.3530
2025-09-29 18:34:06,495 - root - INFO - new node test average_precision, 0.9327
2025-09-29 18:34:06,495 - root - INFO - new node test roc_auc, 0.9244
2025-09-29 18:34:06,496 - root - INFO - save model ./saved_models/JODIE/wikipedia/JODIE_seed4/JODIE_seed4.pkl
2025-09-29 18:34:26,219 - root - INFO - Epoch: 17, learning rate: 0.0001, train loss: 0.2749
2025-09-29 18:34:26,219 - root - INFO - train average_precision, 0.9537
2025-09-29 18:34:26,219 - root - INFO - train roc_auc, 0.9518
2025-09-29 18:34:26,220 - root - INFO - validate loss: 0.2895
2025-09-29 18:34:26,220 - root - INFO - validate average_precision, 0.9542
2025-09-29 18:34:26,220 - root - INFO - validate roc_auc, 0.9496
2025-09-29 18:34:26,220 - root - INFO - new node validate loss: 0.3744
2025-09-29 18:34:26,220 - root - INFO - new node validate average_precision, 0.9202
2025-09-29 18:34:26,220 - root - INFO - new node validate roc_auc, 0.9082
2025-09-29 18:34:30,971 - root - INFO - test loss: 0.2949
2025-09-29 18:34:30,971 - root - INFO - test average_precision, 0.9513
2025-09-29 18:34:30,971 - root - INFO - best test average_precision: 0.9541
2025-09-29 18:34:30,971 - root - INFO - test roc_auc, 0.9487
2025-09-29 18:34:30,971 - root - INFO - new node test loss: 0.3557
2025-09-29 18:34:30,971 - root - INFO - new node test average_precision, 0.9311
2025-09-29 18:34:30,972 - root - INFO - new node test roc_auc, 0.9228
2025-09-29 18:34:49,402 - root - INFO - Epoch: 18, learning rate: 0.0001, train loss: 0.2719
2025-09-29 18:34:49,402 - root - INFO - train average_precision, 0.9545
2025-09-29 18:34:49,402 - root - INFO - train roc_auc, 0.9527
2025-09-29 18:34:49,402 - root - INFO - validate loss: 0.2910
2025-09-29 18:34:49,402 - root - INFO - validate average_precision, 0.9536
2025-09-29 18:34:49,402 - root - INFO - validate roc_auc, 0.9491
2025-09-29 18:34:49,402 - root - INFO - new node validate loss: 0.3667
2025-09-29 18:34:49,402 - root - INFO - new node validate average_precision, 0.9214
2025-09-29 18:34:49,402 - root - INFO - new node validate roc_auc, 0.9108
2025-09-29 18:34:54,154 - root - INFO - test loss: 0.2972
2025-09-29 18:34:54,154 - root - INFO - test average_precision, 0.9496
2025-09-29 18:34:54,154 - root - INFO - best test average_precision: 0.9541
2025-09-29 18:34:54,154 - root - INFO - test roc_auc, 0.9473
2025-09-29 18:34:54,154 - root - INFO - new node test loss: 0.3678
2025-09-29 18:34:54,154 - root - INFO - new node test average_precision, 0.9251
2025-09-29 18:34:54,154 - root - INFO - new node test roc_auc, 0.9162
2025-09-29 18:35:12,581 - root - INFO - Epoch: 19, learning rate: 0.0001, train loss: 0.2686
2025-09-29 18:35:12,581 - root - INFO - train average_precision, 0.9558
2025-09-29 18:35:12,581 - root - INFO - train roc_auc, 0.9538
2025-09-29 18:35:12,581 - root - INFO - validate loss: 0.2810
2025-09-29 18:35:12,581 - root - INFO - validate average_precision, 0.9569
2025-09-29 18:35:12,581 - root - INFO - validate roc_auc, 0.9521
2025-09-29 18:35:12,581 - root - INFO - new node validate loss: 0.3626
2025-09-29 18:35:12,581 - root - INFO - new node validate average_precision, 0.9244
2025-09-29 18:35:12,581 - root - INFO - new node validate roc_auc, 0.9131
2025-09-29 18:35:17,335 - root - INFO - test loss: 0.2899
2025-09-29 18:35:17,336 - root - INFO - test average_precision, 0.9541
2025-09-29 18:35:17,336 - root - INFO - best test average_precision: 0.9541
2025-09-29 18:35:17,336 - root - INFO - test roc_auc, 0.9503
2025-09-29 18:35:17,336 - root - INFO - new node test loss: 0.3603
2025-09-29 18:35:17,336 - root - INFO - new node test average_precision, 0.9312
2025-09-29 18:35:17,336 - root - INFO - new node test roc_auc, 0.9214
2025-09-29 18:35:17,336 - root - INFO - save model ./saved_models/JODIE/wikipedia/JODIE_seed4/JODIE_seed4.pkl
2025-09-29 18:35:37,058 - root - INFO - Epoch: 20, learning rate: 0.0001, train loss: 0.2655
2025-09-29 18:35:37,058 - root - INFO - train average_precision, 0.9567
2025-09-29 18:35:37,058 - root - INFO - train roc_auc, 0.9546
2025-09-29 18:35:37,058 - root - INFO - validate loss: 0.2775
2025-09-29 18:35:37,058 - root - INFO - validate average_precision, 0.9578
2025-09-29 18:35:37,058 - root - INFO - validate roc_auc, 0.9533
2025-09-29 18:35:37,058 - root - INFO - new node validate loss: 0.3546
2025-09-29 18:35:37,058 - root - INFO - new node validate average_precision, 0.9267
2025-09-29 18:35:37,058 - root - INFO - new node validate roc_auc, 0.9161
2025-09-29 18:35:41,866 - root - INFO - test loss: 0.2850
2025-09-29 18:35:41,867 - root - INFO - test average_precision, 0.9547
2025-09-29 18:35:41,867 - root - INFO - best test average_precision: 0.9547
2025-09-29 18:35:41,867 - root - INFO - test roc_auc, 0.9519
2025-09-29 18:35:41,867 - root - INFO - new node test loss: 0.3444
2025-09-29 18:35:41,867 - root - INFO - new node test average_precision, 0.9348
2025-09-29 18:35:41,867 - root - INFO - new node test roc_auc, 0.9278
2025-09-29 18:35:41,867 - root - INFO - save model ./saved_models/JODIE/wikipedia/JODIE_seed4/JODIE_seed4.pkl
2025-09-29 18:36:01,583 - root - INFO - Epoch: 21, learning rate: 0.0001, train loss: 0.2620
2025-09-29 18:36:01,583 - root - INFO - train average_precision, 0.9576
2025-09-29 18:36:01,583 - root - INFO - train roc_auc, 0.9558
2025-09-29 18:36:01,583 - root - INFO - validate loss: 0.2819
2025-09-29 18:36:01,583 - root - INFO - validate average_precision, 0.9569
2025-09-29 18:36:01,584 - root - INFO - validate roc_auc, 0.9527
2025-09-29 18:36:01,584 - root - INFO - new node validate loss: 0.3632
2025-09-29 18:36:01,584 - root - INFO - new node validate average_precision, 0.9247
2025-09-29 18:36:01,584 - root - INFO - new node validate roc_auc, 0.9137
2025-09-29 18:36:06,310 - root - INFO - test loss: 0.2858
2025-09-29 18:36:06,311 - root - INFO - test average_precision, 0.9558
2025-09-29 18:36:06,311 - root - INFO - best test average_precision: 0.9558
2025-09-29 18:36:06,311 - root - INFO - test roc_auc, 0.9522
2025-09-29 18:36:06,311 - root - INFO - new node test loss: 0.3504
2025-09-29 18:36:06,311 - root - INFO - new node test average_precision, 0.9331
2025-09-29 18:36:06,311 - root - INFO - new node test roc_auc, 0.9249
2025-09-29 18:36:24,810 - root - INFO - Epoch: 22, learning rate: 0.0001, train loss: 0.2628
2025-09-29 18:36:24,810 - root - INFO - train average_precision, 0.9571
2025-09-29 18:36:24,810 - root - INFO - train roc_auc, 0.9555
2025-09-29 18:36:24,810 - root - INFO - validate loss: 0.2759
2025-09-29 18:36:24,810 - root - INFO - validate average_precision, 0.9590
2025-09-29 18:36:24,810 - root - INFO - validate roc_auc, 0.9547
2025-09-29 18:36:24,811 - root - INFO - new node validate loss: 0.3657
2025-09-29 18:36:24,811 - root - INFO - new node validate average_precision, 0.9244
2025-09-29 18:36:24,811 - root - INFO - new node validate roc_auc, 0.9128
2025-09-29 18:36:29,568 - root - INFO - test loss: 0.2792
2025-09-29 18:36:29,568 - root - INFO - test average_precision, 0.9569
2025-09-29 18:36:29,568 - root - INFO - best test average_precision: 0.9569
2025-09-29 18:36:29,568 - root - INFO - test roc_auc, 0.9544
2025-09-29 18:36:29,568 - root - INFO - new node test loss: 0.3476
2025-09-29 18:36:29,568 - root - INFO - new node test average_precision, 0.9353
2025-09-29 18:36:29,568 - root - INFO - new node test roc_auc, 0.9281
2025-09-29 18:36:29,568 - root - INFO - save model ./saved_models/JODIE/wikipedia/JODIE_seed4/JODIE_seed4.pkl
2025-09-29 18:36:49,147 - root - INFO - Epoch: 23, learning rate: 0.0001, train loss: 0.2562
2025-09-29 18:36:49,147 - root - INFO - train average_precision, 0.9592
2025-09-29 18:36:49,147 - root - INFO - train roc_auc, 0.9577
2025-09-29 18:36:49,148 - root - INFO - validate loss: 0.2746
2025-09-29 18:36:49,148 - root - INFO - validate average_precision, 0.9587
2025-09-29 18:36:49,148 - root - INFO - validate roc_auc, 0.9543
2025-09-29 18:36:49,148 - root - INFO - new node validate loss: 0.3589
2025-09-29 18:36:49,148 - root - INFO - new node validate average_precision, 0.9249
2025-09-29 18:36:49,148 - root - INFO - new node validate roc_auc, 0.9140
2025-09-29 18:36:53,921 - root - INFO - test loss: 0.2901
2025-09-29 18:36:53,921 - root - INFO - test average_precision, 0.9540
2025-09-29 18:36:53,922 - root - INFO - best test average_precision: 0.9569
2025-09-29 18:36:53,922 - root - INFO - test roc_auc, 0.9508
2025-09-29 18:36:53,922 - root - INFO - new node test loss: 0.3515
2025-09-29 18:36:53,922 - root - INFO - new node test average_precision, 0.9327
2025-09-29 18:36:53,922 - root - INFO - new node test roc_auc, 0.9246
2025-09-29 18:37:12,316 - root - INFO - Epoch: 24, learning rate: 0.0001, train loss: 0.2529
2025-09-29 18:37:12,317 - root - INFO - train average_precision, 0.9597
2025-09-29 18:37:12,317 - root - INFO - train roc_auc, 0.9586
2025-09-29 18:37:12,317 - root - INFO - validate loss: 0.2733
2025-09-29 18:37:12,317 - root - INFO - validate average_precision, 0.9596
2025-09-29 18:37:12,317 - root - INFO - validate roc_auc, 0.9552
2025-09-29 18:37:12,317 - root - INFO - new node validate loss: 0.3585
2025-09-29 18:37:12,317 - root - INFO - new node validate average_precision, 0.9262
2025-09-29 18:37:12,317 - root - INFO - new node validate roc_auc, 0.9153
2025-09-29 18:37:17,053 - root - INFO - test loss: 0.2752
2025-09-29 18:37:17,053 - root - INFO - test average_precision, 0.9574
2025-09-29 18:37:17,053 - root - INFO - best test average_precision: 0.9574
2025-09-29 18:37:17,053 - root - INFO - test roc_auc, 0.9552
2025-09-29 18:37:17,053 - root - INFO - new node test loss: 0.3429
2025-09-29 18:37:17,053 - root - INFO - new node test average_precision, 0.9364
2025-09-29 18:37:17,054 - root - INFO - new node test roc_auc, 0.9288
2025-09-29 18:37:17,054 - root - INFO - save model ./saved_models/JODIE/wikipedia/JODIE_seed4/JODIE_seed4.pkl
2025-09-29 18:37:36,774 - root - INFO - Epoch: 25, learning rate: 0.0001, train loss: 0.2562
2025-09-29 18:37:36,774 - root - INFO - train average_precision, 0.9589
2025-09-29 18:37:36,774 - root - INFO - train roc_auc, 0.9576
2025-09-29 18:37:36,775 - root - INFO - validate loss: 0.2681
2025-09-29 18:37:36,775 - root - INFO - validate average_precision, 0.9607
2025-09-29 18:37:36,775 - root - INFO - validate roc_auc, 0.9569
2025-09-29 18:37:36,775 - root - INFO - new node validate loss: 0.3572
2025-09-29 18:37:36,775 - root - INFO - new node validate average_precision, 0.9250
2025-09-29 18:37:36,775 - root - INFO - new node validate roc_auc, 0.9154
2025-09-29 18:37:41,527 - root - INFO - test loss: 0.2770
2025-09-29 18:37:41,527 - root - INFO - test average_precision, 0.9586
2025-09-29 18:37:41,527 - root - INFO - best test average_precision: 0.9586
2025-09-29 18:37:41,527 - root - INFO - test roc_auc, 0.9553
2025-09-29 18:37:41,527 - root - INFO - new node test loss: 0.3331
2025-09-29 18:37:41,527 - root - INFO - new node test average_precision, 0.9403
2025-09-29 18:37:41,527 - root - INFO - new node test roc_auc, 0.9329
2025-09-29 18:37:41,527 - root - INFO - save model ./saved_models/JODIE/wikipedia/JODIE_seed4/JODIE_seed4.pkl
2025-09-29 18:38:01,236 - root - INFO - Epoch: 26, learning rate: 0.0001, train loss: 0.2489
2025-09-29 18:38:01,236 - root - INFO - train average_precision, 0.9611
2025-09-29 18:38:01,236 - root - INFO - train roc_auc, 0.9597
2025-09-29 18:38:01,236 - root - INFO - validate loss: 0.2670
2025-09-29 18:38:01,236 - root - INFO - validate average_precision, 0.9618
2025-09-29 18:38:01,237 - root - INFO - validate roc_auc, 0.9580
2025-09-29 18:38:01,237 - root - INFO - new node validate loss: 0.3644
2025-09-29 18:38:01,237 - root - INFO - new node validate average_precision, 0.9260
2025-09-29 18:38:01,237 - root - INFO - new node validate roc_auc, 0.9155
2025-09-29 18:38:05,999 - root - INFO - test loss: 0.2738
2025-09-29 18:38:06,000 - root - INFO - test average_precision, 0.9603
2025-09-29 18:38:06,000 - root - INFO - best test average_precision: 0.9603
2025-09-29 18:38:06,000 - root - INFO - test roc_auc, 0.9569
2025-09-29 18:38:06,000 - root - INFO - new node test loss: 0.3426
2025-09-29 18:38:06,000 - root - INFO - new node test average_precision, 0.9385
2025-09-29 18:38:06,000 - root - INFO - new node test roc_auc, 0.9303
2025-09-29 18:38:06,000 - root - INFO - save model ./saved_models/JODIE/wikipedia/JODIE_seed4/JODIE_seed4.pkl
2025-09-29 18:38:25,640 - root - INFO - Epoch: 27, learning rate: 0.0001, train loss: 0.2495
2025-09-29 18:38:25,640 - root - INFO - train average_precision, 0.9610
2025-09-29 18:38:25,640 - root - INFO - train roc_auc, 0.9596
2025-09-29 18:38:25,640 - root - INFO - validate loss: 0.2704
2025-09-29 18:38:25,640 - root - INFO - validate average_precision, 0.9606
2025-09-29 18:38:25,640 - root - INFO - validate roc_auc, 0.9564
2025-09-29 18:38:25,640 - root - INFO - new node validate loss: 0.3556
2025-09-29 18:38:25,641 - root - INFO - new node validate average_precision, 0.9256
2025-09-29 18:38:25,641 - root - INFO - new node validate roc_auc, 0.9157
2025-09-29 18:38:30,410 - root - INFO - test loss: 0.2848
2025-09-29 18:38:30,410 - root - INFO - test average_precision, 0.9574
2025-09-29 18:38:30,410 - root - INFO - best test average_precision: 0.9603
2025-09-29 18:38:30,410 - root - INFO - test roc_auc, 0.9536
2025-09-29 18:38:30,410 - root - INFO - new node test loss: 0.3390
2025-09-29 18:38:30,410 - root - INFO - new node test average_precision, 0.9385
2025-09-29 18:38:30,410 - root - INFO - new node test roc_auc, 0.9308
2025-09-29 18:38:48,828 - root - INFO - Epoch: 28, learning rate: 0.0001, train loss: 0.2469
2025-09-29 18:38:48,828 - root - INFO - train average_precision, 0.9613
2025-09-29 18:38:48,828 - root - INFO - train roc_auc, 0.9602
2025-09-29 18:38:48,828 - root - INFO - validate loss: 0.2703
2025-09-29 18:38:48,828 - root - INFO - validate average_precision, 0.9601
2025-09-29 18:38:48,828 - root - INFO - validate roc_auc, 0.9560
2025-09-29 18:38:48,828 - root - INFO - new node validate loss: 0.3480
2025-09-29 18:38:48,828 - root - INFO - new node validate average_precision, 0.9279
2025-09-29 18:38:48,828 - root - INFO - new node validate roc_auc, 0.9186
2025-09-29 18:38:53,549 - root - INFO - test loss: 0.2753
2025-09-29 18:38:53,549 - root - INFO - test average_precision, 0.9577
2025-09-29 18:38:53,549 - root - INFO - best test average_precision: 0.9603
2025-09-29 18:38:53,549 - root - INFO - test roc_auc, 0.9547
2025-09-29 18:38:53,549 - root - INFO - new node test loss: 0.3327
2025-09-29 18:38:53,549 - root - INFO - new node test average_precision, 0.9393
2025-09-29 18:38:53,549 - root - INFO - new node test roc_auc, 0.9321
2025-09-29 18:39:12,077 - root - INFO - Epoch: 29, learning rate: 0.0001, train loss: 0.2430
2025-09-29 18:39:12,077 - root - INFO - train average_precision, 0.9621
2025-09-29 18:39:12,077 - root - INFO - train roc_auc, 0.9613
2025-09-29 18:39:12,077 - root - INFO - validate loss: 0.2689
2025-09-29 18:39:12,077 - root - INFO - validate average_precision, 0.9604
2025-09-29 18:39:12,077 - root - INFO - validate roc_auc, 0.9570
2025-09-29 18:39:12,077 - root - INFO - new node validate loss: 0.3535
2025-09-29 18:39:12,078 - root - INFO - new node validate average_precision, 0.9260
2025-09-29 18:39:12,078 - root - INFO - new node validate roc_auc, 0.9179
2025-09-29 18:39:16,876 - root - INFO - test loss: 0.2770
2025-09-29 18:39:16,877 - root - INFO - test average_precision, 0.9578
2025-09-29 18:39:16,877 - root - INFO - best test average_precision: 0.9603
2025-09-29 18:39:16,877 - root - INFO - test roc_auc, 0.9556
2025-09-29 18:39:16,877 - root - INFO - new node test loss: 0.3354
2025-09-29 18:39:16,877 - root - INFO - new node test average_precision, 0.9390
2025-09-29 18:39:16,877 - root - INFO - new node test roc_auc, 0.9327
2025-09-29 18:39:35,322 - root - INFO - Epoch: 30, learning rate: 0.0001, train loss: 0.2410
2025-09-29 18:39:35,322 - root - INFO - train average_precision, 0.9633
2025-09-29 18:39:35,322 - root - INFO - train roc_auc, 0.9619
2025-09-29 18:39:35,322 - root - INFO - validate loss: 0.2743
2025-09-29 18:39:35,322 - root - INFO - validate average_precision, 0.9601
2025-09-29 18:39:35,323 - root - INFO - validate roc_auc, 0.9560
2025-09-29 18:39:35,323 - root - INFO - new node validate loss: 0.3580
2025-09-29 18:39:35,323 - root - INFO - new node validate average_precision, 0.9259
2025-09-29 18:39:35,323 - root - INFO - new node validate roc_auc, 0.9170
2025-09-29 18:39:40,087 - root - INFO - test loss: 0.2896
2025-09-29 18:39:40,087 - root - INFO - test average_precision, 0.9561
2025-09-29 18:39:40,087 - root - INFO - best test average_precision: 0.9603
2025-09-29 18:39:40,087 - root - INFO - test roc_auc, 0.9525
2025-09-29 18:39:40,087 - root - INFO - new node test loss: 0.3547
2025-09-29 18:39:40,087 - root - INFO - new node test average_precision, 0.9343
2025-09-29 18:39:40,087 - root - INFO - new node test roc_auc, 0.9261
2025-09-29 18:39:58,515 - root - INFO - Epoch: 31, learning rate: 0.0001, train loss: 0.2382
2025-09-29 18:39:58,515 - root - INFO - train average_precision, 0.9633
2025-09-29 18:39:58,515 - root - INFO - train roc_auc, 0.9626
2025-09-29 18:39:58,515 - root - INFO - validate loss: 0.2724
2025-09-29 18:39:58,515 - root - INFO - validate average_precision, 0.9606
2025-09-29 18:39:58,515 - root - INFO - validate roc_auc, 0.9565
2025-09-29 18:39:58,515 - root - INFO - new node validate loss: 0.3536
2025-09-29 18:39:58,516 - root - INFO - new node validate average_precision, 0.9283
2025-09-29 18:39:58,516 - root - INFO - new node validate roc_auc, 0.9186
2025-09-29 18:40:03,250 - root - INFO - test loss: 0.2765
2025-09-29 18:40:03,250 - root - INFO - test average_precision, 0.9587
2025-09-29 18:40:03,250 - root - INFO - best test average_precision: 0.9603
2025-09-29 18:40:03,250 - root - INFO - test roc_auc, 0.9562
2025-09-29 18:40:03,250 - root - INFO - new node test loss: 0.3391
2025-09-29 18:40:03,250 - root - INFO - new node test average_precision, 0.9384
2025-09-29 18:40:03,250 - root - INFO - new node test roc_auc, 0.9327
2025-09-29 18:40:21,684 - root - INFO - Epoch: 32, learning rate: 0.0001, train loss: 0.2354
2025-09-29 18:40:21,684 - root - INFO - train average_precision, 0.9640
2025-09-29 18:40:21,684 - root - INFO - train roc_auc, 0.9636
2025-09-29 18:40:21,684 - root - INFO - validate loss: 0.2700
2025-09-29 18:40:21,684 - root - INFO - validate average_precision, 0.9612
2025-09-29 18:40:21,684 - root - INFO - validate roc_auc, 0.9572
2025-09-29 18:40:21,684 - root - INFO - new node validate loss: 0.3584
2025-09-29 18:40:21,684 - root - INFO - new node validate average_precision, 0.9258
2025-09-29 18:40:21,684 - root - INFO - new node validate roc_auc, 0.9175
2025-09-29 18:40:26,445 - root - INFO - test loss: 0.2837
2025-09-29 18:40:26,445 - root - INFO - test average_precision, 0.9576
2025-09-29 18:40:26,445 - root - INFO - best test average_precision: 0.9603
2025-09-29 18:40:26,445 - root - INFO - test roc_auc, 0.9545
2025-09-29 18:40:26,445 - root - INFO - new node test loss: 0.3402
2025-09-29 18:40:26,445 - root - INFO - new node test average_precision, 0.9392
2025-09-29 18:40:26,445 - root - INFO - new node test roc_auc, 0.9318
2025-09-29 18:40:45,076 - root - INFO - Epoch: 33, learning rate: 0.0001, train loss: 0.2340
2025-09-29 18:40:45,076 - root - INFO - train average_precision, 0.9647
2025-09-29 18:40:45,076 - root - INFO - train roc_auc, 0.9639
2025-09-29 18:40:45,076 - root - INFO - validate loss: 0.2655
2025-09-29 18:40:45,076 - root - INFO - validate average_precision, 0.9617
2025-09-29 18:40:45,076 - root - INFO - validate roc_auc, 0.9581
2025-09-29 18:40:45,076 - root - INFO - new node validate loss: 0.3500
2025-09-29 18:40:45,076 - root - INFO - new node validate average_precision, 0.9294
2025-09-29 18:40:45,076 - root - INFO - new node validate roc_auc, 0.9200
2025-09-29 18:40:49,819 - root - INFO - test loss: 0.2736
2025-09-29 18:40:49,819 - root - INFO - test average_precision, 0.9589
2025-09-29 18:40:49,819 - root - INFO - best test average_precision: 0.9603
2025-09-29 18:40:49,819 - root - INFO - test roc_auc, 0.9566
2025-09-29 18:40:49,819 - root - INFO - new node test loss: 0.3400
2025-09-29 18:40:49,820 - root - INFO - new node test average_precision, 0.9375
2025-09-29 18:40:49,820 - root - INFO - new node test roc_auc, 0.9308
2025-09-29 18:41:08,329 - root - INFO - Epoch: 34, learning rate: 0.0001, train loss: 0.2314
2025-09-29 18:41:08,329 - root - INFO - train average_precision, 0.9654
2025-09-29 18:41:08,329 - root - INFO - train roc_auc, 0.9647
2025-09-29 18:41:08,329 - root - INFO - validate loss: 0.2731
2025-09-29 18:41:08,330 - root - INFO - validate average_precision, 0.9607
2025-09-29 18:41:08,330 - root - INFO - validate roc_auc, 0.9567
2025-09-29 18:41:08,330 - root - INFO - new node validate loss: 0.3600
2025-09-29 18:41:08,330 - root - INFO - new node validate average_precision, 0.9269
2025-09-29 18:41:08,330 - root - INFO - new node validate roc_auc, 0.9171
2025-09-29 18:41:13,098 - root - INFO - test loss: 0.2902
2025-09-29 18:41:13,098 - root - INFO - test average_precision, 0.9561
2025-09-29 18:41:13,098 - root - INFO - best test average_precision: 0.9603
2025-09-29 18:41:13,098 - root - INFO - test roc_auc, 0.9527
2025-09-29 18:41:13,098 - root - INFO - new node test loss: 0.3626
2025-09-29 18:41:13,098 - root - INFO - new node test average_precision, 0.9328
2025-09-29 18:41:13,098 - root - INFO - new node test roc_auc, 0.9239
2025-09-29 18:41:31,575 - root - INFO - Epoch: 35, learning rate: 0.0001, train loss: 0.2321
2025-09-29 18:41:31,576 - root - INFO - train average_precision, 0.9648
2025-09-29 18:41:31,576 - root - INFO - train roc_auc, 0.9642
2025-09-29 18:41:31,576 - root - INFO - validate loss: 0.2685
2025-09-29 18:41:31,576 - root - INFO - validate average_precision, 0.9616
2025-09-29 18:41:31,576 - root - INFO - validate roc_auc, 0.9579
2025-09-29 18:41:31,576 - root - INFO - new node validate loss: 0.3540
2025-09-29 18:41:31,576 - root - INFO - new node validate average_precision, 0.9297
2025-09-29 18:41:31,576 - root - INFO - new node validate roc_auc, 0.9211
2025-09-29 18:41:36,344 - root - INFO - test loss: 0.2850
2025-09-29 18:41:36,344 - root - INFO - test average_precision, 0.9569
2025-09-29 18:41:36,344 - root - INFO - best test average_precision: 0.9603
2025-09-29 18:41:36,344 - root - INFO - test roc_auc, 0.9547
2025-09-29 18:41:36,344 - root - INFO - new node test loss: 0.3481
2025-09-29 18:41:36,345 - root - INFO - new node test average_precision, 0.9382
2025-09-29 18:41:36,345 - root - INFO - new node test roc_auc, 0.9314
2025-09-29 18:41:54,872 - root - INFO - Epoch: 36, learning rate: 0.0001, train loss: 0.2305
2025-09-29 18:41:54,872 - root - INFO - train average_precision, 0.9657
2025-09-29 18:41:54,873 - root - INFO - train roc_auc, 0.9647
2025-09-29 18:41:54,873 - root - INFO - validate loss: 0.2720
2025-09-29 18:41:54,873 - root - INFO - validate average_precision, 0.9614
2025-09-29 18:41:54,873 - root - INFO - validate roc_auc, 0.9575
2025-09-29 18:41:54,873 - root - INFO - new node validate loss: 0.3507
2025-09-29 18:41:54,873 - root - INFO - new node validate average_precision, 0.9300
2025-09-29 18:41:54,873 - root - INFO - new node validate roc_auc, 0.9210
2025-09-29 18:41:59,669 - root - INFO - test loss: 0.2829
2025-09-29 18:41:59,669 - root - INFO - test average_precision, 0.9583
2025-09-29 18:41:59,669 - root - INFO - best test average_precision: 0.9603
2025-09-29 18:41:59,669 - root - INFO - test roc_auc, 0.9552
2025-09-29 18:41:59,670 - root - INFO - new node test loss: 0.3475
2025-09-29 18:41:59,670 - root - INFO - new node test average_precision, 0.9384
2025-09-29 18:41:59,670 - root - INFO - new node test roc_auc, 0.9310
2025-09-29 18:42:18,119 - root - INFO - Epoch: 37, learning rate: 0.0001, train loss: 0.2256
2025-09-29 18:42:18,119 - root - INFO - train average_precision, 0.9666
2025-09-29 18:42:18,119 - root - INFO - train roc_auc, 0.9661
2025-09-29 18:42:18,120 - root - INFO - validate loss: 0.2652
2025-09-29 18:42:18,120 - root - INFO - validate average_precision, 0.9636
2025-09-29 18:42:18,120 - root - INFO - validate roc_auc, 0.9597
2025-09-29 18:42:18,120 - root - INFO - new node validate loss: 0.3444
2025-09-29 18:42:18,120 - root - INFO - new node validate average_precision, 0.9312
2025-09-29 18:42:18,120 - root - INFO - new node validate roc_auc, 0.9233
2025-09-29 18:42:22,876 - root - INFO - test loss: 0.2769
2025-09-29 18:42:22,876 - root - INFO - test average_precision, 0.9605
2025-09-29 18:42:22,876 - root - INFO - best test average_precision: 0.9605
2025-09-29 18:42:22,876 - root - INFO - test roc_auc, 0.9590
2025-09-29 18:42:22,876 - root - INFO - new node test loss: 0.3359
2025-09-29 18:42:22,876 - root - INFO - new node test average_precision, 0.9416
2025-09-29 18:42:22,876 - root - INFO - new node test roc_auc, 0.9358
2025-09-29 18:42:22,876 - root - INFO - save model ./saved_models/JODIE/wikipedia/JODIE_seed4/JODIE_seed4.pkl
2025-09-29 18:42:42,453 - root - INFO - Epoch: 38, learning rate: 0.0001, train loss: 0.2250
2025-09-29 18:42:42,453 - root - INFO - train average_precision, 0.9665
2025-09-29 18:42:42,453 - root - INFO - train roc_auc, 0.9663
2025-09-29 18:42:42,453 - root - INFO - validate loss: 0.2641
2025-09-29 18:42:42,453 - root - INFO - validate average_precision, 0.9634
2025-09-29 18:42:42,453 - root - INFO - validate roc_auc, 0.9598
2025-09-29 18:42:42,453 - root - INFO - new node validate loss: 0.3508
2025-09-29 18:42:42,453 - root - INFO - new node validate average_precision, 0.9292
2025-09-29 18:42:42,454 - root - INFO - new node validate roc_auc, 0.9204
2025-09-29 18:42:47,220 - root - INFO - test loss: 0.2691
2025-09-29 18:42:47,220 - root - INFO - test average_precision, 0.9619
2025-09-29 18:42:47,220 - root - INFO - best test average_precision: 0.9619
2025-09-29 18:42:47,220 - root - INFO - test roc_auc, 0.9586
2025-09-29 18:42:47,220 - root - INFO - new node test loss: 0.3375
2025-09-29 18:42:47,220 - root - INFO - new node test average_precision, 0.9411
2025-09-29 18:42:47,220 - root - INFO - new node test roc_auc, 0.9328
2025-09-29 18:43:05,776 - root - INFO - Epoch: 39, learning rate: 0.0001, train loss: 0.2227
2025-09-29 18:43:05,776 - root - INFO - train average_precision, 0.9670
2025-09-29 18:43:05,777 - root - INFO - train roc_auc, 0.9668
2025-09-29 18:43:05,777 - root - INFO - validate loss: 0.2679
2025-09-29 18:43:05,777 - root - INFO - validate average_precision, 0.9633
2025-09-29 18:43:05,777 - root - INFO - validate roc_auc, 0.9595
2025-09-29 18:43:05,777 - root - INFO - new node validate loss: 0.3516
2025-09-29 18:43:05,777 - root - INFO - new node validate average_precision, 0.9300
2025-09-29 18:43:05,777 - root - INFO - new node validate roc_auc, 0.9218
2025-09-29 18:43:10,551 - root - INFO - test loss: 0.2756
2025-09-29 18:43:10,551 - root - INFO - test average_precision, 0.9604
2025-09-29 18:43:10,551 - root - INFO - best test average_precision: 0.9619
2025-09-29 18:43:10,551 - root - INFO - test roc_auc, 0.9580
2025-09-29 18:43:10,552 - root - INFO - new node test loss: 0.3449
2025-09-29 18:43:10,552 - root - INFO - new node test average_precision, 0.9396
2025-09-29 18:43:10,552 - root - INFO - new node test roc_auc, 0.9325
2025-09-29 18:43:28,960 - root - INFO - Epoch: 40, learning rate: 0.0001, train loss: 0.2218
2025-09-29 18:43:28,960 - root - INFO - train average_precision, 0.9672
2025-09-29 18:43:28,960 - root - INFO - train roc_auc, 0.9671
2025-09-29 18:43:28,960 - root - INFO - validate loss: 0.2650
2025-09-29 18:43:28,960 - root - INFO - validate average_precision, 0.9636
2025-09-29 18:43:28,960 - root - INFO - validate roc_auc, 0.9597
2025-09-29 18:43:28,960 - root - INFO - new node validate loss: 0.3449
2025-09-29 18:43:28,961 - root - INFO - new node validate average_precision, 0.9320
2025-09-29 18:43:28,961 - root - INFO - new node validate roc_auc, 0.9240
2025-09-29 18:43:33,700 - root - INFO - test loss: 0.2756
2025-09-29 18:43:33,700 - root - INFO - test average_precision, 0.9600
2025-09-29 18:43:33,700 - root - INFO - best test average_precision: 0.9619
2025-09-29 18:43:33,700 - root - INFO - test roc_auc, 0.9570
2025-09-29 18:43:33,701 - root - INFO - new node test loss: 0.3370
2025-09-29 18:43:33,701 - root - INFO - new node test average_precision, 0.9416
2025-09-29 18:43:33,701 - root - INFO - new node test roc_auc, 0.9345
2025-09-29 18:43:52,173 - root - INFO - Epoch: 41, learning rate: 0.0001, train loss: 0.2211
2025-09-29 18:43:52,173 - root - INFO - train average_precision, 0.9675
2025-09-29 18:43:52,173 - root - INFO - train roc_auc, 0.9672
2025-09-29 18:43:52,173 - root - INFO - validate loss: 0.2722
2025-09-29 18:43:52,173 - root - INFO - validate average_precision, 0.9618
2025-09-29 18:43:52,173 - root - INFO - validate roc_auc, 0.9579
2025-09-29 18:43:52,174 - root - INFO - new node validate loss: 0.3456
2025-09-29 18:43:52,174 - root - INFO - new node validate average_precision, 0.9311
2025-09-29 18:43:52,174 - root - INFO - new node validate roc_auc, 0.9230
2025-09-29 18:43:56,958 - root - INFO - test loss: 0.2795
2025-09-29 18:43:56,959 - root - INFO - test average_precision, 0.9589
2025-09-29 18:43:56,959 - root - INFO - best test average_precision: 0.9619
2025-09-29 18:43:56,959 - root - INFO - test roc_auc, 0.9560
2025-09-29 18:43:56,959 - root - INFO - new node test loss: 0.3391
2025-09-29 18:43:56,959 - root - INFO - new node test average_precision, 0.9397
2025-09-29 18:43:56,959 - root - INFO - new node test roc_auc, 0.9329
2025-09-29 18:44:15,588 - root - INFO - Epoch: 42, learning rate: 0.0001, train loss: 0.2203
2025-09-29 18:44:15,588 - root - INFO - train average_precision, 0.9675
2025-09-29 18:44:15,588 - root - INFO - train roc_auc, 0.9674
2025-09-29 18:44:15,588 - root - INFO - validate loss: 0.2698
2025-09-29 18:44:15,588 - root - INFO - validate average_precision, 0.9634
2025-09-29 18:44:15,588 - root - INFO - validate roc_auc, 0.9598
2025-09-29 18:44:15,588 - root - INFO - new node validate loss: 0.3509
2025-09-29 18:44:15,588 - root - INFO - new node validate average_precision, 0.9311
2025-09-29 18:44:15,589 - root - INFO - new node validate roc_auc, 0.9238
2025-09-29 18:44:20,341 - root - INFO - test loss: 0.2788
2025-09-29 18:44:20,341 - root - INFO - test average_precision, 0.9616
2025-09-29 18:44:20,341 - root - INFO - best test average_precision: 0.9619
2025-09-29 18:44:20,341 - root - INFO - test roc_auc, 0.9583
2025-09-29 18:44:20,341 - root - INFO - new node test loss: 0.3427
2025-09-29 18:44:20,341 - root - INFO - new node test average_precision, 0.9427
2025-09-29 18:44:20,341 - root - INFO - new node test roc_auc, 0.9356
2025-09-29 18:44:38,804 - root - INFO - Epoch: 43, learning rate: 0.0001, train loss: 0.2152
2025-09-29 18:44:38,804 - root - INFO - train average_precision, 0.9689
2025-09-29 18:44:38,804 - root - INFO - train roc_auc, 0.9687
2025-09-29 18:44:38,804 - root - INFO - validate loss: 0.2608
2025-09-29 18:44:38,804 - root - INFO - validate average_precision, 0.9635
2025-09-29 18:44:38,804 - root - INFO - validate roc_auc, 0.9605
2025-09-29 18:44:38,804 - root - INFO - new node validate loss: 0.3390
2025-09-29 18:44:38,804 - root - INFO - new node validate average_precision, 0.9331
2025-09-29 18:44:38,804 - root - INFO - new node validate roc_auc, 0.9251
2025-09-29 18:44:43,514 - root - INFO - test loss: 0.2830
2025-09-29 18:44:43,514 - root - INFO - test average_precision, 0.9576
2025-09-29 18:44:43,515 - root - INFO - best test average_precision: 0.9619
2025-09-29 18:44:43,515 - root - INFO - test roc_auc, 0.9544
2025-09-29 18:44:43,515 - root - INFO - new node test loss: 0.3347
2025-09-29 18:44:43,515 - root - INFO - new node test average_precision, 0.9399
2025-09-29 18:44:43,515 - root - INFO - new node test roc_auc, 0.9328
2025-09-29 18:45:02,030 - root - INFO - Epoch: 44, learning rate: 0.0001, train loss: 0.2171
2025-09-29 18:45:02,030 - root - INFO - train average_precision, 0.9684
2025-09-29 18:45:02,031 - root - INFO - train roc_auc, 0.9682
2025-09-29 18:45:02,031 - root - INFO - validate loss: 0.2640
2025-09-29 18:45:02,031 - root - INFO - validate average_precision, 0.9644
2025-09-29 18:45:02,031 - root - INFO - validate roc_auc, 0.9611
2025-09-29 18:45:02,031 - root - INFO - new node validate loss: 0.3489
2025-09-29 18:45:02,031 - root - INFO - new node validate average_precision, 0.9326
2025-09-29 18:45:02,031 - root - INFO - new node validate roc_auc, 0.9241
2025-09-29 18:45:06,794 - root - INFO - test loss: 0.2751
2025-09-29 18:45:06,794 - root - INFO - test average_precision, 0.9605
2025-09-29 18:45:06,794 - root - INFO - best test average_precision: 0.9619
2025-09-29 18:45:06,794 - root - INFO - test roc_auc, 0.9581
2025-09-29 18:45:06,794 - root - INFO - new node test loss: 0.3416
2025-09-29 18:45:06,794 - root - INFO - new node test average_precision, 0.9415
2025-09-29 18:45:06,794 - root - INFO - new node test roc_auc, 0.9337
2025-09-29 18:45:06,794 - root - INFO - save model ./saved_models/JODIE/wikipedia/JODIE_seed4/JODIE_seed4.pkl
2025-09-29 18:45:26,343 - root - INFO - Epoch: 45, learning rate: 0.0001, train loss: 0.2165
2025-09-29 18:45:26,343 - root - INFO - train average_precision, 0.9688
2025-09-29 18:45:26,343 - root - INFO - train roc_auc, 0.9685
2025-09-29 18:45:26,343 - root - INFO - validate loss: 0.2624
2025-09-29 18:45:26,343 - root - INFO - validate average_precision, 0.9641
2025-09-29 18:45:26,343 - root - INFO - validate roc_auc, 0.9607
2025-09-29 18:45:26,343 - root - INFO - new node validate loss: 0.3449
2025-09-29 18:45:26,343 - root - INFO - new node validate average_precision, 0.9330
2025-09-29 18:45:26,343 - root - INFO - new node validate roc_auc, 0.9246
2025-09-29 18:45:31,083 - root - INFO - test loss: 0.2761
2025-09-29 18:45:31,083 - root - INFO - test average_precision, 0.9602
2025-09-29 18:45:31,084 - root - INFO - best test average_precision: 0.9619
2025-09-29 18:45:31,084 - root - INFO - test roc_auc, 0.9573
2025-09-29 18:45:31,084 - root - INFO - new node test loss: 0.3467
2025-09-29 18:45:31,084 - root - INFO - new node test average_precision, 0.9404
2025-09-29 18:45:31,084 - root - INFO - new node test roc_auc, 0.9324
2025-09-29 18:45:49,514 - root - INFO - Epoch: 46, learning rate: 0.0001, train loss: 0.2151
2025-09-29 18:45:49,514 - root - INFO - train average_precision, 0.9687
2025-09-29 18:45:49,514 - root - INFO - train roc_auc, 0.9686
2025-09-29 18:45:49,514 - root - INFO - validate loss: 0.2741
2025-09-29 18:45:49,514 - root - INFO - validate average_precision, 0.9612
2025-09-29 18:45:49,514 - root - INFO - validate roc_auc, 0.9575
2025-09-29 18:45:49,514 - root - INFO - new node validate loss: 0.3391
2025-09-29 18:45:49,514 - root - INFO - new node validate average_precision, 0.9342
2025-09-29 18:45:49,515 - root - INFO - new node validate roc_auc, 0.9262
2025-09-29 18:45:54,272 - root - INFO - test loss: 0.2871
2025-09-29 18:45:54,273 - root - INFO - test average_precision, 0.9572
2025-09-29 18:45:54,273 - root - INFO - best test average_precision: 0.9619
2025-09-29 18:45:54,273 - root - INFO - test roc_auc, 0.9543
2025-09-29 18:45:54,273 - root - INFO - new node test loss: 0.3446
2025-09-29 18:45:54,273 - root - INFO - new node test average_precision, 0.9400
2025-09-29 18:45:54,273 - root - INFO - new node test roc_auc, 0.9326
2025-09-29 18:46:12,754 - root - INFO - Epoch: 47, learning rate: 0.0001, train loss: 0.2114
2025-09-29 18:46:12,754 - root - INFO - train average_precision, 0.9698
2025-09-29 18:46:12,754 - root - INFO - train roc_auc, 0.9697
2025-09-29 18:46:12,754 - root - INFO - validate loss: 0.2619
2025-09-29 18:46:12,754 - root - INFO - validate average_precision, 0.9651
2025-09-29 18:46:12,754 - root - INFO - validate roc_auc, 0.9614
2025-09-29 18:46:12,755 - root - INFO - new node validate loss: 0.3448
2025-09-29 18:46:12,755 - root - INFO - new node validate average_precision, 0.9335
2025-09-29 18:46:12,755 - root - INFO - new node validate roc_auc, 0.9252
2025-09-29 18:46:17,524 - root - INFO - test loss: 0.2653
2025-09-29 18:46:17,524 - root - INFO - test average_precision, 0.9635
2025-09-29 18:46:17,524 - root - INFO - best test average_precision: 0.9635
2025-09-29 18:46:17,524 - root - INFO - test roc_auc, 0.9608
2025-09-29 18:46:17,524 - root - INFO - new node test loss: 0.3328
2025-09-29 18:46:17,524 - root - INFO - new node test average_precision, 0.9441
2025-09-29 18:46:17,525 - root - INFO - new node test roc_auc, 0.9374
2025-09-29 18:46:17,525 - root - INFO - save model ./saved_models/JODIE/wikipedia/JODIE_seed4/JODIE_seed4.pkl
2025-09-29 18:46:37,196 - root - INFO - Epoch: 48, learning rate: 0.0001, train loss: 0.2108
2025-09-29 18:46:37,197 - root - INFO - train average_precision, 0.9697
2025-09-29 18:46:37,197 - root - INFO - train roc_auc, 0.9699
2025-09-29 18:46:37,197 - root - INFO - validate loss: 0.2706
2025-09-29 18:46:37,197 - root - INFO - validate average_precision, 0.9632
2025-09-29 18:46:37,197 - root - INFO - validate roc_auc, 0.9596
2025-09-29 18:46:37,197 - root - INFO - new node validate loss: 0.3471
2025-09-29 18:46:37,197 - root - INFO - new node validate average_precision, 0.9324
2025-09-29 18:46:37,197 - root - INFO - new node validate roc_auc, 0.9240
2025-09-29 18:46:41,947 - root - INFO - test loss: 0.2927
2025-09-29 18:46:41,947 - root - INFO - test average_precision, 0.9572
2025-09-29 18:46:41,947 - root - INFO - best test average_precision: 0.9635
2025-09-29 18:46:41,947 - root - INFO - test roc_auc, 0.9540
2025-09-29 18:46:41,947 - root - INFO - new node test loss: 0.3358
2025-09-29 18:46:41,947 - root - INFO - new node test average_precision, 0.9420
2025-09-29 18:46:41,947 - root - INFO - new node test roc_auc, 0.9351
2025-09-29 18:47:00,457 - root - INFO - Epoch: 49, learning rate: 0.0001, train loss: 0.2090
2025-09-29 18:47:00,457 - root - INFO - train average_precision, 0.9705
2025-09-29 18:47:00,457 - root - INFO - train roc_auc, 0.9703
2025-09-29 18:47:00,457 - root - INFO - validate loss: 0.2681
2025-09-29 18:47:00,457 - root - INFO - validate average_precision, 0.9640
2025-09-29 18:47:00,457 - root - INFO - validate roc_auc, 0.9605
2025-09-29 18:47:00,457 - root - INFO - new node validate loss: 0.3522
2025-09-29 18:47:00,457 - root - INFO - new node validate average_precision, 0.9318
2025-09-29 18:47:00,457 - root - INFO - new node validate roc_auc, 0.9235
2025-09-29 18:47:05,212 - root - INFO - test loss: 0.2783
2025-09-29 18:47:05,213 - root - INFO - test average_precision, 0.9607
2025-09-29 18:47:05,213 - root - INFO - best test average_precision: 0.9635
2025-09-29 18:47:05,213 - root - INFO - test roc_auc, 0.9583
2025-09-29 18:47:05,213 - root - INFO - new node test loss: 0.3470
2025-09-29 18:47:05,213 - root - INFO - new node test average_precision, 0.9399
2025-09-29 18:47:05,213 - root - INFO - new node test roc_auc, 0.9330
2025-09-29 18:47:23,865 - root - INFO - Epoch: 50, learning rate: 0.0001, train loss: 0.2093
2025-09-29 18:47:23,865 - root - INFO - train average_precision, 0.9702
2025-09-29 18:47:23,865 - root - INFO - train roc_auc, 0.9702
2025-09-29 18:47:23,865 - root - INFO - validate loss: 0.2624
2025-09-29 18:47:23,865 - root - INFO - validate average_precision, 0.9651
2025-09-29 18:47:23,865 - root - INFO - validate roc_auc, 0.9614
2025-09-29 18:47:23,865 - root - INFO - new node validate loss: 0.3496
2025-09-29 18:47:23,865 - root - INFO - new node validate average_precision, 0.9334
2025-09-29 18:47:23,866 - root - INFO - new node validate roc_auc, 0.9247
2025-09-29 18:47:28,652 - root - INFO - test loss: 0.2644
2025-09-29 18:47:28,652 - root - INFO - test average_precision, 0.9630
2025-09-29 18:47:28,652 - root - INFO - best test average_precision: 0.9635
2025-09-29 18:47:28,652 - root - INFO - test roc_auc, 0.9608
2025-09-29 18:47:28,652 - root - INFO - new node test loss: 0.3308
2025-09-29 18:47:28,652 - root - INFO - new node test average_precision, 0.9450
2025-09-29 18:47:28,653 - root - INFO - new node test roc_auc, 0.9381
2025-09-29 18:47:47,104 - root - INFO - Epoch: 51, learning rate: 0.0001, train loss: 0.2060
2025-09-29 18:47:47,105 - root - INFO - train average_precision, 0.9709
2025-09-29 18:47:47,105 - root - INFO - train roc_auc, 0.9710
2025-09-29 18:47:47,105 - root - INFO - validate loss: 0.2644
2025-09-29 18:47:47,105 - root - INFO - validate average_precision, 0.9654
2025-09-29 18:47:47,105 - root - INFO - validate roc_auc, 0.9618
2025-09-29 18:47:47,105 - root - INFO - new node validate loss: 0.3487
2025-09-29 18:47:47,105 - root - INFO - new node validate average_precision, 0.9336
2025-09-29 18:47:47,105 - root - INFO - new node validate roc_auc, 0.9252
2025-09-29 18:47:51,829 - root - INFO - test loss: 0.2714
2025-09-29 18:47:51,829 - root - INFO - test average_precision, 0.9614
2025-09-29 18:47:51,829 - root - INFO - best test average_precision: 0.9635
2025-09-29 18:47:51,830 - root - INFO - test roc_auc, 0.9602
2025-09-29 18:47:51,830 - root - INFO - new node test loss: 0.3328
2025-09-29 18:47:51,830 - root - INFO - new node test average_precision, 0.9442
2025-09-29 18:47:51,830 - root - INFO - new node test roc_auc, 0.9380
2025-09-29 18:47:51,830 - root - INFO - save model ./saved_models/JODIE/wikipedia/JODIE_seed4/JODIE_seed4.pkl
2025-09-29 18:48:11,491 - root - INFO - Epoch: 52, learning rate: 0.0001, train loss: 0.2061
2025-09-29 18:48:11,492 - root - INFO - train average_precision, 0.9709
2025-09-29 18:48:11,492 - root - INFO - train roc_auc, 0.9710
2025-09-29 18:48:11,492 - root - INFO - validate loss: 0.2726
2025-09-29 18:48:11,492 - root - INFO - validate average_precision, 0.9630
2025-09-29 18:48:11,492 - root - INFO - validate roc_auc, 0.9594
2025-09-29 18:48:11,492 - root - INFO - new node validate loss: 0.3445
2025-09-29 18:48:11,492 - root - INFO - new node validate average_precision, 0.9338
2025-09-29 18:48:11,492 - root - INFO - new node validate roc_auc, 0.9260
2025-09-29 18:48:16,258 - root - INFO - test loss: 0.2840
2025-09-29 18:48:16,258 - root - INFO - test average_precision, 0.9586
2025-09-29 18:48:16,258 - root - INFO - best test average_precision: 0.9635
2025-09-29 18:48:16,258 - root - INFO - test roc_auc, 0.9566
2025-09-29 18:48:16,258 - root - INFO - new node test loss: 0.3382
2025-09-29 18:48:16,258 - root - INFO - new node test average_precision, 0.9434
2025-09-29 18:48:16,258 - root - INFO - new node test roc_auc, 0.9361
2025-09-29 18:48:34,728 - root - INFO - Epoch: 53, learning rate: 0.0001, train loss: 0.2039
2025-09-29 18:48:34,728 - root - INFO - train average_precision, 0.9714
2025-09-29 18:48:34,728 - root - INFO - train roc_auc, 0.9715
2025-09-29 18:48:34,728 - root - INFO - validate loss: 0.2687
2025-09-29 18:48:34,728 - root - INFO - validate average_precision, 0.9646
2025-09-29 18:48:34,728 - root - INFO - validate roc_auc, 0.9615
2025-09-29 18:48:34,728 - root - INFO - new node validate loss: 0.3489
2025-09-29 18:48:34,728 - root - INFO - new node validate average_precision, 0.9342
2025-09-29 18:48:34,728 - root - INFO - new node validate roc_auc, 0.9263
2025-09-29 18:48:39,469 - root - INFO - test loss: 0.2734
2025-09-29 18:48:39,469 - root - INFO - test average_precision, 0.9624
2025-09-29 18:48:39,469 - root - INFO - best test average_precision: 0.9635
2025-09-29 18:48:39,469 - root - INFO - test roc_auc, 0.9604
2025-09-29 18:48:39,469 - root - INFO - new node test loss: 0.3367
2025-09-29 18:48:39,469 - root - INFO - new node test average_precision, 0.9442
2025-09-29 18:48:39,469 - root - INFO - new node test roc_auc, 0.9387
2025-09-29 18:48:58,100 - root - INFO - Epoch: 54, learning rate: 0.0001, train loss: 0.2048
2025-09-29 18:48:58,101 - root - INFO - train average_precision, 0.9707
2025-09-29 18:48:58,101 - root - INFO - train roc_auc, 0.9712
2025-09-29 18:48:58,101 - root - INFO - validate loss: 0.2592
2025-09-29 18:48:58,101 - root - INFO - validate average_precision, 0.9663
2025-09-29 18:48:58,101 - root - INFO - validate roc_auc, 0.9627
2025-09-29 18:48:58,101 - root - INFO - new node validate loss: 0.3454
2025-09-29 18:48:58,101 - root - INFO - new node validate average_precision, 0.9344
2025-09-29 18:48:58,101 - root - INFO - new node validate roc_auc, 0.9266
2025-09-29 18:49:02,829 - root - INFO - test loss: 0.2604
2025-09-29 18:49:02,829 - root - INFO - test average_precision, 0.9648
2025-09-29 18:49:02,829 - root - INFO - best test average_precision: 0.9648
2025-09-29 18:49:02,829 - root - INFO - test roc_auc, 0.9623
2025-09-29 18:49:02,829 - root - INFO - new node test loss: 0.3387
2025-09-29 18:49:02,829 - root - INFO - new node test average_precision, 0.9436
2025-09-29 18:49:02,829 - root - INFO - new node test roc_auc, 0.9362
2025-09-29 18:49:02,829 - root - INFO - save model ./saved_models/JODIE/wikipedia/JODIE_seed4/JODIE_seed4.pkl
2025-09-29 18:49:22,361 - root - INFO - Epoch: 55, learning rate: 0.0001, train loss: 0.2008
2025-09-29 18:49:22,361 - root - INFO - train average_precision, 0.9720
2025-09-29 18:49:22,361 - root - INFO - train roc_auc, 0.9723
2025-09-29 18:49:22,361 - root - INFO - validate loss: 0.2671
2025-09-29 18:49:22,362 - root - INFO - validate average_precision, 0.9649
2025-09-29 18:49:22,362 - root - INFO - validate roc_auc, 0.9616
2025-09-29 18:49:22,362 - root - INFO - new node validate loss: 0.3464
2025-09-29 18:49:22,362 - root - INFO - new node validate average_precision, 0.9343
2025-09-29 18:49:22,362 - root - INFO - new node validate roc_auc, 0.9265
2025-09-29 18:49:27,146 - root - INFO - test loss: 0.2721
2025-09-29 18:49:27,146 - root - INFO - test average_precision, 0.9631
2025-09-29 18:49:27,146 - root - INFO - best test average_precision: 0.9648
2025-09-29 18:49:27,146 - root - INFO - test roc_auc, 0.9605
2025-09-29 18:49:27,146 - root - INFO - new node test loss: 0.3420
2025-09-29 18:49:27,146 - root - INFO - new node test average_precision, 0.9439
2025-09-29 18:49:27,146 - root - INFO - new node test roc_auc, 0.9370
2025-09-29 18:49:45,680 - root - INFO - Epoch: 56, learning rate: 0.0001, train loss: 0.2017
2025-09-29 18:49:45,680 - root - INFO - train average_precision, 0.9717
2025-09-29 18:49:45,680 - root - INFO - train roc_auc, 0.9720
2025-09-29 18:49:45,680 - root - INFO - validate loss: 0.2617
2025-09-29 18:49:45,680 - root - INFO - validate average_precision, 0.9659
2025-09-29 18:49:45,681 - root - INFO - validate roc_auc, 0.9627
2025-09-29 18:49:45,681 - root - INFO - new node validate loss: 0.3423
2025-09-29 18:49:45,681 - root - INFO - new node validate average_precision, 0.9353
2025-09-29 18:49:45,681 - root - INFO - new node validate roc_auc, 0.9274
2025-09-29 18:49:50,446 - root - INFO - test loss: 0.2610
2025-09-29 18:49:50,446 - root - INFO - test average_precision, 0.9646
2025-09-29 18:49:50,446 - root - INFO - best test average_precision: 0.9648
2025-09-29 18:49:50,446 - root - INFO - test roc_auc, 0.9625
2025-09-29 18:49:50,446 - root - INFO - new node test loss: 0.3348
2025-09-29 18:49:50,446 - root - INFO - new node test average_precision, 0.9436
2025-09-29 18:49:50,447 - root - INFO - new node test roc_auc, 0.9371
2025-09-29 18:50:08,916 - root - INFO - Epoch: 57, learning rate: 0.0001, train loss: 0.1990
2025-09-29 18:50:08,917 - root - INFO - train average_precision, 0.9722
2025-09-29 18:50:08,917 - root - INFO - train roc_auc, 0.9727
2025-09-29 18:50:08,917 - root - INFO - validate loss: 0.2681
2025-09-29 18:50:08,917 - root - INFO - validate average_precision, 0.9648
2025-09-29 18:50:08,917 - root - INFO - validate roc_auc, 0.9609
2025-09-29 18:50:08,917 - root - INFO - new node validate loss: 0.3472
2025-09-29 18:50:08,917 - root - INFO - new node validate average_precision, 0.9338
2025-09-29 18:50:08,917 - root - INFO - new node validate roc_auc, 0.9258
2025-09-29 18:50:13,666 - root - INFO - test loss: 0.2721
2025-09-29 18:50:13,666 - root - INFO - test average_precision, 0.9617
2025-09-29 18:50:13,666 - root - INFO - best test average_precision: 0.9648
2025-09-29 18:50:13,666 - root - INFO - test roc_auc, 0.9594
2025-09-29 18:50:13,666 - root - INFO - new node test loss: 0.3401
2025-09-29 18:50:13,666 - root - INFO - new node test average_precision, 0.9419
2025-09-29 18:50:13,666 - root - INFO - new node test roc_auc, 0.9353
2025-09-29 18:50:32,270 - root - INFO - Epoch: 58, learning rate: 0.0001, train loss: 0.1988
2025-09-29 18:50:32,270 - root - INFO - train average_precision, 0.9724
2025-09-29 18:50:32,270 - root - INFO - train roc_auc, 0.9728
2025-09-29 18:50:32,270 - root - INFO - validate loss: 0.2652
2025-09-29 18:50:32,270 - root - INFO - validate average_precision, 0.9652
2025-09-29 18:50:32,270 - root - INFO - validate roc_auc, 0.9617
2025-09-29 18:50:32,270 - root - INFO - new node validate loss: 0.3514
2025-09-29 18:50:32,270 - root - INFO - new node validate average_precision, 0.9336
2025-09-29 18:50:32,270 - root - INFO - new node validate roc_auc, 0.9256
2025-09-29 18:50:37,019 - root - INFO - test loss: 0.2685
2025-09-29 18:50:37,019 - root - INFO - test average_precision, 0.9630
2025-09-29 18:50:37,019 - root - INFO - best test average_precision: 0.9648
2025-09-29 18:50:37,019 - root - INFO - test roc_auc, 0.9608
2025-09-29 18:50:37,019 - root - INFO - new node test loss: 0.3349
2025-09-29 18:50:37,019 - root - INFO - new node test average_precision, 0.9434
2025-09-29 18:50:37,019 - root - INFO - new node test roc_auc, 0.9373
2025-09-29 18:50:55,468 - root - INFO - Epoch: 59, learning rate: 0.0001, train loss: 0.1962
2025-09-29 18:50:55,469 - root - INFO - train average_precision, 0.9734
2025-09-29 18:50:55,469 - root - INFO - train roc_auc, 0.9735
2025-09-29 18:50:55,469 - root - INFO - validate loss: 0.2728
2025-09-29 18:50:55,469 - root - INFO - validate average_precision, 0.9640
2025-09-29 18:50:55,469 - root - INFO - validate roc_auc, 0.9604
2025-09-29 18:50:55,469 - root - INFO - new node validate loss: 0.3545
2025-09-29 18:50:55,469 - root - INFO - new node validate average_precision, 0.9330
2025-09-29 18:50:55,469 - root - INFO - new node validate roc_auc, 0.9246
2025-09-29 18:51:00,210 - root - INFO - test loss: 0.2827
2025-09-29 18:51:00,210 - root - INFO - test average_precision, 0.9601
2025-09-29 18:51:00,210 - root - INFO - best test average_precision: 0.9648
2025-09-29 18:51:00,210 - root - INFO - test roc_auc, 0.9573
2025-09-29 18:51:00,210 - root - INFO - new node test loss: 0.3477
2025-09-29 18:51:00,210 - root - INFO - new node test average_precision, 0.9389
2025-09-29 18:51:00,210 - root - INFO - new node test roc_auc, 0.9322
2025-09-29 18:51:18,747 - root - INFO - Epoch: 60, learning rate: 0.0001, train loss: 0.1995
2025-09-29 18:51:18,748 - root - INFO - train average_precision, 0.9725
2025-09-29 18:51:18,748 - root - INFO - train roc_auc, 0.9727
2025-09-29 18:51:18,748 - root - INFO - validate loss: 0.2675
2025-09-29 18:51:18,748 - root - INFO - validate average_precision, 0.9652
2025-09-29 18:51:18,748 - root - INFO - validate roc_auc, 0.9611
2025-09-29 18:51:18,748 - root - INFO - new node validate loss: 0.3527
2025-09-29 18:51:18,748 - root - INFO - new node validate average_precision, 0.9335
2025-09-29 18:51:18,748 - root - INFO - new node validate roc_auc, 0.9249
2025-09-29 18:51:23,516 - root - INFO - test loss: 0.2671
2025-09-29 18:51:23,516 - root - INFO - test average_precision, 0.9622
2025-09-29 18:51:23,516 - root - INFO - best test average_precision: 0.9648
2025-09-29 18:51:23,516 - root - INFO - test roc_auc, 0.9595
2025-09-29 18:51:23,517 - root - INFO - new node test loss: 0.3305
2025-09-29 18:51:23,517 - root - INFO - new node test average_precision, 0.9429
2025-09-29 18:51:23,517 - root - INFO - new node test roc_auc, 0.9367
2025-09-29 18:51:41,999 - root - INFO - Epoch: 61, learning rate: 0.0001, train loss: 0.1955
2025-09-29 18:51:41,999 - root - INFO - train average_precision, 0.9729
2025-09-29 18:51:41,999 - root - INFO - train roc_auc, 0.9735
2025-09-29 18:51:42,000 - root - INFO - validate loss: 0.2638
2025-09-29 18:51:42,000 - root - INFO - validate average_precision, 0.9664
2025-09-29 18:51:42,000 - root - INFO - validate roc_auc, 0.9631
2025-09-29 18:51:42,000 - root - INFO - new node validate loss: 0.3493
2025-09-29 18:51:42,000 - root - INFO - new node validate average_precision, 0.9347
2025-09-29 18:51:42,000 - root - INFO - new node validate roc_auc, 0.9267
2025-09-29 18:51:46,742 - root - INFO - test loss: 0.2642
2025-09-29 18:51:46,743 - root - INFO - test average_precision, 0.9647
2025-09-29 18:51:46,743 - root - INFO - best test average_precision: 0.9648
2025-09-29 18:51:46,743 - root - INFO - test roc_auc, 0.9624
2025-09-29 18:51:46,743 - root - INFO - new node test loss: 0.3425
2025-09-29 18:51:46,743 - root - INFO - new node test average_precision, 0.9433
2025-09-29 18:51:46,743 - root - INFO - new node test roc_auc, 0.9366
2025-09-29 18:51:46,743 - root - INFO - save model ./saved_models/JODIE/wikipedia/JODIE_seed4/JODIE_seed4.pkl
2025-09-29 18:52:06,237 - root - INFO - Epoch: 62, learning rate: 0.0001, train loss: 0.1940
2025-09-29 18:52:06,237 - root - INFO - train average_precision, 0.9732
2025-09-29 18:52:06,237 - root - INFO - train roc_auc, 0.9739
2025-09-29 18:52:06,237 - root - INFO - validate loss: 0.2724
2025-09-29 18:52:06,237 - root - INFO - validate average_precision, 0.9656
2025-09-29 18:52:06,237 - root - INFO - validate roc_auc, 0.9621
2025-09-29 18:52:06,237 - root - INFO - new node validate loss: 0.3557
2025-09-29 18:52:06,237 - root - INFO - new node validate average_precision, 0.9351
2025-09-29 18:52:06,238 - root - INFO - new node validate roc_auc, 0.9275
2025-09-29 18:52:10,998 - root - INFO - test loss: 0.2702
2025-09-29 18:52:10,998 - root - INFO - test average_precision, 0.9646
2025-09-29 18:52:10,998 - root - INFO - best test average_precision: 0.9648
2025-09-29 18:52:10,998 - root - INFO - test roc_auc, 0.9618
2025-09-29 18:52:10,998 - root - INFO - new node test loss: 0.3429
2025-09-29 18:52:10,998 - root - INFO - new node test average_precision, 0.9443
2025-09-29 18:52:10,998 - root - INFO - new node test roc_auc, 0.9380
2025-09-29 18:52:29,582 - root - INFO - Epoch: 63, learning rate: 0.0001, train loss: 0.1932
2025-09-29 18:52:29,582 - root - INFO - train average_precision, 0.9735
2025-09-29 18:52:29,582 - root - INFO - train roc_auc, 0.9740
2025-09-29 18:52:29,582 - root - INFO - validate loss: 0.2703
2025-09-29 18:52:29,582 - root - INFO - validate average_precision, 0.9661
2025-09-29 18:52:29,583 - root - INFO - validate roc_auc, 0.9624
2025-09-29 18:52:29,583 - root - INFO - new node validate loss: 0.3558
2025-09-29 18:52:29,583 - root - INFO - new node validate average_precision, 0.9348
2025-09-29 18:52:29,583 - root - INFO - new node validate roc_auc, 0.9269
2025-09-29 18:52:34,330 - root - INFO - test loss: 0.2691
2025-09-29 18:52:34,330 - root - INFO - test average_precision, 0.9637
2025-09-29 18:52:34,330 - root - INFO - best test average_precision: 0.9648
2025-09-29 18:52:34,330 - root - INFO - test roc_auc, 0.9611
2025-09-29 18:52:34,330 - root - INFO - new node test loss: 0.3415
2025-09-29 18:52:34,330 - root - INFO - new node test average_precision, 0.9437
2025-09-29 18:52:34,331 - root - INFO - new node test roc_auc, 0.9376
2025-09-29 18:52:52,821 - root - INFO - Epoch: 64, learning rate: 0.0001, train loss: 0.1910
2025-09-29 18:52:52,821 - root - INFO - train average_precision, 0.9741
2025-09-29 18:52:52,821 - root - INFO - train roc_auc, 0.9746
2025-09-29 18:52:52,821 - root - INFO - validate loss: 0.2764
2025-09-29 18:52:52,821 - root - INFO - validate average_precision, 0.9650
2025-09-29 18:52:52,821 - root - INFO - validate roc_auc, 0.9611
2025-09-29 18:52:52,821 - root - INFO - new node validate loss: 0.3598
2025-09-29 18:52:52,821 - root - INFO - new node validate average_precision, 0.9341
2025-09-29 18:52:52,821 - root - INFO - new node validate roc_auc, 0.9262
2025-09-29 18:52:57,617 - root - INFO - test loss: 0.2829
2025-09-29 18:52:57,618 - root - INFO - test average_precision, 0.9627
2025-09-29 18:52:57,618 - root - INFO - best test average_precision: 0.9648
2025-09-29 18:52:57,618 - root - INFO - test roc_auc, 0.9593
2025-09-29 18:52:57,618 - root - INFO - new node test loss: 0.3553
2025-09-29 18:52:57,618 - root - INFO - new node test average_precision, 0.9421
2025-09-29 18:52:57,618 - root - INFO - new node test roc_auc, 0.9350
2025-09-29 18:53:16,065 - root - INFO - Epoch: 65, learning rate: 0.0001, train loss: 0.1906
2025-09-29 18:53:16,065 - root - INFO - train average_precision, 0.9740
2025-09-29 18:53:16,065 - root - INFO - train roc_auc, 0.9746
2025-09-29 18:53:16,065 - root - INFO - validate loss: 0.2718
2025-09-29 18:53:16,065 - root - INFO - validate average_precision, 0.9663
2025-09-29 18:53:16,065 - root - INFO - validate roc_auc, 0.9624
2025-09-29 18:53:16,065 - root - INFO - new node validate loss: 0.3594
2025-09-29 18:53:16,065 - root - INFO - new node validate average_precision, 0.9347
2025-09-29 18:53:16,065 - root - INFO - new node validate roc_auc, 0.9267
2025-09-29 18:53:20,809 - root - INFO - test loss: 0.2702
2025-09-29 18:53:20,809 - root - INFO - test average_precision, 0.9643
2025-09-29 18:53:20,810 - root - INFO - best test average_precision: 0.9648
2025-09-29 18:53:20,810 - root - INFO - test roc_auc, 0.9618
2025-09-29 18:53:20,810 - root - INFO - new node test loss: 0.3452
2025-09-29 18:53:20,810 - root - INFO - new node test average_precision, 0.9440
2025-09-29 18:53:20,810 - root - INFO - new node test roc_auc, 0.9371
2025-09-29 18:53:39,350 - root - INFO - Epoch: 66, learning rate: 0.0001, train loss: 0.1885
2025-09-29 18:53:39,351 - root - INFO - train average_precision, 0.9745
2025-09-29 18:53:39,351 - root - INFO - train roc_auc, 0.9750
2025-09-29 18:53:39,351 - root - INFO - validate loss: 0.2750
2025-09-29 18:53:39,351 - root - INFO - validate average_precision, 0.9658
2025-09-29 18:53:39,351 - root - INFO - validate roc_auc, 0.9621
2025-09-29 18:53:39,351 - root - INFO - new node validate loss: 0.3546
2025-09-29 18:53:39,351 - root - INFO - new node validate average_precision, 0.9350
2025-09-29 18:53:39,351 - root - INFO - new node validate roc_auc, 0.9274
2025-09-29 18:53:44,131 - root - INFO - test loss: 0.2771
2025-09-29 18:53:44,131 - root - INFO - test average_precision, 0.9635
2025-09-29 18:53:44,131 - root - INFO - best test average_precision: 0.9648
2025-09-29 18:53:44,131 - root - INFO - test roc_auc, 0.9607
2025-09-29 18:53:44,131 - root - INFO - new node test loss: 0.3466
2025-09-29 18:53:44,131 - root - INFO - new node test average_precision, 0.9431
2025-09-29 18:53:44,132 - root - INFO - new node test roc_auc, 0.9371
2025-09-29 18:54:02,611 - root - INFO - Epoch: 67, learning rate: 0.0001, train loss: 0.1896
2025-09-29 18:54:02,611 - root - INFO - train average_precision, 0.9739
2025-09-29 18:54:02,612 - root - INFO - train roc_auc, 0.9747
2025-09-29 18:54:02,612 - root - INFO - validate loss: 0.2787
2025-09-29 18:54:02,612 - root - INFO - validate average_precision, 0.9653
2025-09-29 18:54:02,612 - root - INFO - validate roc_auc, 0.9613
2025-09-29 18:54:02,612 - root - INFO - new node validate loss: 0.3535
2025-09-29 18:54:02,612 - root - INFO - new node validate average_precision, 0.9357
2025-09-29 18:54:02,612 - root - INFO - new node validate roc_auc, 0.9284
2025-09-29 18:54:07,368 - root - INFO - test loss: 0.2770
2025-09-29 18:54:07,368 - root - INFO - test average_precision, 0.9634
2025-09-29 18:54:07,368 - root - INFO - best test average_precision: 0.9648
2025-09-29 18:54:07,368 - root - INFO - test roc_auc, 0.9607
2025-09-29 18:54:07,368 - root - INFO - new node test loss: 0.3442
2025-09-29 18:54:07,369 - root - INFO - new node test average_precision, 0.9434
2025-09-29 18:54:07,369 - root - INFO - new node test roc_auc, 0.9377
2025-09-29 18:54:25,833 - root - INFO - Epoch: 68, learning rate: 0.0001, train loss: 0.1897
2025-09-29 18:54:25,834 - root - INFO - train average_precision, 0.9742
2025-09-29 18:54:25,834 - root - INFO - train roc_auc, 0.9748
2025-09-29 18:54:25,834 - root - INFO - validate loss: 0.2789
2025-09-29 18:54:25,834 - root - INFO - validate average_precision, 0.9651
2025-09-29 18:54:25,834 - root - INFO - validate roc_auc, 0.9614
2025-09-29 18:54:25,834 - root - INFO - new node validate loss: 0.3545
2025-09-29 18:54:25,834 - root - INFO - new node validate average_precision, 0.9357
2025-09-29 18:54:25,834 - root - INFO - new node validate roc_auc, 0.9287
2025-09-29 18:54:30,624 - root - INFO - test loss: 0.2809
2025-09-29 18:54:30,624 - root - INFO - test average_precision, 0.9623
2025-09-29 18:54:30,624 - root - INFO - best test average_precision: 0.9648
2025-09-29 18:54:30,624 - root - INFO - test roc_auc, 0.9598
2025-09-29 18:54:30,624 - root - INFO - new node test loss: 0.3485
2025-09-29 18:54:30,624 - root - INFO - new node test average_precision, 0.9427
2025-09-29 18:54:30,624 - root - INFO - new node test roc_auc, 0.9371
2025-09-29 18:54:49,120 - root - INFO - Epoch: 69, learning rate: 0.0001, train loss: 0.1880
2025-09-29 18:54:49,121 - root - INFO - train average_precision, 0.9745
2025-09-29 18:54:49,121 - root - INFO - train roc_auc, 0.9752
2025-09-29 18:54:49,121 - root - INFO - validate loss: 0.2746
2025-09-29 18:54:49,121 - root - INFO - validate average_precision, 0.9656
2025-09-29 18:54:49,121 - root - INFO - validate roc_auc, 0.9620
2025-09-29 18:54:49,121 - root - INFO - new node validate loss: 0.3576
2025-09-29 18:54:49,121 - root - INFO - new node validate average_precision, 0.9341
2025-09-29 18:54:49,121 - root - INFO - new node validate roc_auc, 0.9266
2025-09-29 18:54:53,881 - root - INFO - test loss: 0.2725
2025-09-29 18:54:53,881 - root - INFO - test average_precision, 0.9641
2025-09-29 18:54:53,881 - root - INFO - best test average_precision: 0.9648
2025-09-29 18:54:53,881 - root - INFO - test roc_auc, 0.9618
2025-09-29 18:54:53,881 - root - INFO - new node test loss: 0.3410
2025-09-29 18:54:53,881 - root - INFO - new node test average_precision, 0.9441
2025-09-29 18:54:53,881 - root - INFO - new node test roc_auc, 0.9385
2025-09-29 18:55:12,360 - root - INFO - Epoch: 70, learning rate: 0.0001, train loss: 0.1894
2025-09-29 18:55:12,360 - root - INFO - train average_precision, 0.9742
2025-09-29 18:55:12,360 - root - INFO - train roc_auc, 0.9748
2025-09-29 18:55:12,360 - root - INFO - validate loss: 0.2778
2025-09-29 18:55:12,360 - root - INFO - validate average_precision, 0.9654
2025-09-29 18:55:12,360 - root - INFO - validate roc_auc, 0.9619
2025-09-29 18:55:12,361 - root - INFO - new node validate loss: 0.3523
2025-09-29 18:55:12,361 - root - INFO - new node validate average_precision, 0.9356
2025-09-29 18:55:12,361 - root - INFO - new node validate roc_auc, 0.9286
2025-09-29 18:55:17,098 - root - INFO - test loss: 0.2865
2025-09-29 18:55:17,098 - root - INFO - test average_precision, 0.9619
2025-09-29 18:55:17,098 - root - INFO - best test average_precision: 0.9648
2025-09-29 18:55:17,098 - root - INFO - test roc_auc, 0.9593
2025-09-29 18:55:17,098 - root - INFO - new node test loss: 0.3518
2025-09-29 18:55:17,098 - root - INFO - new node test average_precision, 0.9428
2025-09-29 18:55:17,098 - root - INFO - new node test roc_auc, 0.9370
2025-09-29 18:55:35,597 - root - INFO - Epoch: 71, learning rate: 0.0001, train loss: 0.1886
2025-09-29 18:55:35,597 - root - INFO - train average_precision, 0.9746
2025-09-29 18:55:35,597 - root - INFO - train roc_auc, 0.9751
2025-09-29 18:55:35,597 - root - INFO - validate loss: 0.2701
2025-09-29 18:55:35,597 - root - INFO - validate average_precision, 0.9662
2025-09-29 18:55:35,597 - root - INFO - validate roc_auc, 0.9628
2025-09-29 18:55:35,597 - root - INFO - new node validate loss: 0.3621
2025-09-29 18:55:35,597 - root - INFO - new node validate average_precision, 0.9331
2025-09-29 18:55:35,597 - root - INFO - new node validate roc_auc, 0.9249
2025-09-29 18:55:40,356 - root - INFO - test loss: 0.2721
2025-09-29 18:55:40,356 - root - INFO - test average_precision, 0.9636
2025-09-29 18:55:40,356 - root - INFO - best test average_precision: 0.9648
2025-09-29 18:55:40,356 - root - INFO - test roc_auc, 0.9616
2025-09-29 18:55:40,356 - root - INFO - new node test loss: 0.3444
2025-09-29 18:55:40,356 - root - INFO - new node test average_precision, 0.9449
2025-09-29 18:55:40,356 - root - INFO - new node test roc_auc, 0.9383
2025-09-29 18:55:58,777 - root - INFO - Epoch: 72, learning rate: 0.0001, train loss: 0.1881
2025-09-29 18:55:58,777 - root - INFO - train average_precision, 0.9742
2025-09-29 18:55:58,777 - root - INFO - train roc_auc, 0.9751
2025-09-29 18:55:58,777 - root - INFO - validate loss: 0.2766
2025-09-29 18:55:58,777 - root - INFO - validate average_precision, 0.9652
2025-09-29 18:55:58,777 - root - INFO - validate roc_auc, 0.9616
2025-09-29 18:55:58,777 - root - INFO - new node validate loss: 0.3583
2025-09-29 18:55:58,777 - root - INFO - new node validate average_precision, 0.9353
2025-09-29 18:55:58,778 - root - INFO - new node validate roc_auc, 0.9275
2025-09-29 18:56:03,510 - root - INFO - test loss: 0.2755
2025-09-29 18:56:03,511 - root - INFO - test average_precision, 0.9633
2025-09-29 18:56:03,511 - root - INFO - best test average_precision: 0.9648
2025-09-29 18:56:03,511 - root - INFO - test roc_auc, 0.9606
2025-09-29 18:56:03,511 - root - INFO - new node test loss: 0.3398
2025-09-29 18:56:03,511 - root - INFO - new node test average_precision, 0.9443
2025-09-29 18:56:03,511 - root - INFO - new node test roc_auc, 0.9388
2025-09-29 18:56:21,937 - root - INFO - Epoch: 73, learning rate: 0.0001, train loss: 0.1841
2025-09-29 18:56:21,937 - root - INFO - train average_precision, 0.9750
2025-09-29 18:56:21,937 - root - INFO - train roc_auc, 0.9759
2025-09-29 18:56:21,937 - root - INFO - validate loss: 0.2753
2025-09-29 18:56:21,937 - root - INFO - validate average_precision, 0.9663
2025-09-29 18:56:21,937 - root - INFO - validate roc_auc, 0.9627
2025-09-29 18:56:21,937 - root - INFO - new node validate loss: 0.3609
2025-09-29 18:56:21,937 - root - INFO - new node validate average_precision, 0.9350
2025-09-29 18:56:21,937 - root - INFO - new node validate roc_auc, 0.9272
2025-09-29 18:56:26,720 - root - INFO - test loss: 0.2769
2025-09-29 18:56:26,720 - root - INFO - test average_precision, 0.9635
2025-09-29 18:56:26,720 - root - INFO - best test average_precision: 0.9648
2025-09-29 18:56:26,721 - root - INFO - test roc_auc, 0.9609
2025-09-29 18:56:26,721 - root - INFO - new node test loss: 0.3452
2025-09-29 18:56:26,721 - root - INFO - new node test average_precision, 0.9440
2025-09-29 18:56:26,721 - root - INFO - new node test roc_auc, 0.9382
2025-09-29 18:56:45,216 - root - INFO - Epoch: 74, learning rate: 0.0001, train loss: 0.1831
2025-09-29 18:56:45,217 - root - INFO - train average_precision, 0.9757
2025-09-29 18:56:45,217 - root - INFO - train roc_auc, 0.9762
2025-09-29 18:56:45,217 - root - INFO - validate loss: 0.2734
2025-09-29 18:56:45,217 - root - INFO - validate average_precision, 0.9666
2025-09-29 18:56:45,217 - root - INFO - validate roc_auc, 0.9631
2025-09-29 18:56:45,217 - root - INFO - new node validate loss: 0.3549
2025-09-29 18:56:45,217 - root - INFO - new node validate average_precision, 0.9354
2025-09-29 18:56:45,217 - root - INFO - new node validate roc_auc, 0.9286
2025-09-29 18:56:50,020 - root - INFO - test loss: 0.2789
2025-09-29 18:56:50,020 - root - INFO - test average_precision, 0.9633
2025-09-29 18:56:50,020 - root - INFO - best test average_precision: 0.9648
2025-09-29 18:56:50,020 - root - INFO - test roc_auc, 0.9608
2025-09-29 18:56:50,021 - root - INFO - new node test loss: 0.3455
2025-09-29 18:56:50,021 - root - INFO - new node test average_precision, 0.9437
2025-09-29 18:56:50,021 - root - INFO - new node test roc_auc, 0.9389
2025-09-29 18:57:08,477 - root - INFO - Epoch: 75, learning rate: 0.0001, train loss: 0.1840
2025-09-29 18:57:08,477 - root - INFO - train average_precision, 0.9753
2025-09-29 18:57:08,477 - root - INFO - train roc_auc, 0.9760
2025-09-29 18:57:08,477 - root - INFO - validate loss: 0.2733
2025-09-29 18:57:08,477 - root - INFO - validate average_precision, 0.9656
2025-09-29 18:57:08,477 - root - INFO - validate roc_auc, 0.9621
2025-09-29 18:57:08,477 - root - INFO - new node validate loss: 0.3578
2025-09-29 18:57:08,477 - root - INFO - new node validate average_precision, 0.9344
2025-09-29 18:57:08,477 - root - INFO - new node validate roc_auc, 0.9275
2025-09-29 18:57:13,202 - root - INFO - test loss: 0.2829
2025-09-29 18:57:13,203 - root - INFO - test average_precision, 0.9619
2025-09-29 18:57:13,203 - root - INFO - best test average_precision: 0.9648
2025-09-29 18:57:13,203 - root - INFO - test roc_auc, 0.9592
2025-09-29 18:57:13,203 - root - INFO - new node test loss: 0.3479
2025-09-29 18:57:13,203 - root - INFO - new node test average_precision, 0.9425
2025-09-29 18:57:13,203 - root - INFO - new node test roc_auc, 0.9367
2025-09-29 18:57:31,823 - root - INFO - Epoch: 76, learning rate: 0.0001, train loss: 0.1835
2025-09-29 18:57:31,823 - root - INFO - train average_precision, 0.9756
2025-09-29 18:57:31,823 - root - INFO - train roc_auc, 0.9761
2025-09-29 18:57:31,823 - root - INFO - validate loss: 0.2741
2025-09-29 18:57:31,823 - root - INFO - validate average_precision, 0.9662
2025-09-29 18:57:31,823 - root - INFO - validate roc_auc, 0.9626
2025-09-29 18:57:31,823 - root - INFO - new node validate loss: 0.3556
2025-09-29 18:57:31,823 - root - INFO - new node validate average_precision, 0.9359
2025-09-29 18:57:31,824 - root - INFO - new node validate roc_auc, 0.9290
2025-09-29 18:57:36,567 - root - INFO - test loss: 0.2735
2025-09-29 18:57:36,568 - root - INFO - test average_precision, 0.9639
2025-09-29 18:57:36,568 - root - INFO - best test average_precision: 0.9648
2025-09-29 18:57:36,568 - root - INFO - test roc_auc, 0.9615
2025-09-29 18:57:36,568 - root - INFO - new node test loss: 0.3407
2025-09-29 18:57:36,568 - root - INFO - new node test average_precision, 0.9446
2025-09-29 18:57:36,568 - root - INFO - new node test roc_auc, 0.9390
2025-09-29 18:57:55,010 - root - INFO - Epoch: 77, learning rate: 0.0001, train loss: 0.1825
2025-09-29 18:57:55,010 - root - INFO - train average_precision, 0.9756
2025-09-29 18:57:55,011 - root - INFO - train roc_auc, 0.9764
2025-09-29 18:57:55,011 - root - INFO - validate loss: 0.2781
2025-09-29 18:57:55,011 - root - INFO - validate average_precision, 0.9649
2025-09-29 18:57:55,011 - root - INFO - validate roc_auc, 0.9612
2025-09-29 18:57:55,011 - root - INFO - new node validate loss: 0.3629
2025-09-29 18:57:55,011 - root - INFO - new node validate average_precision, 0.9332
2025-09-29 18:57:55,011 - root - INFO - new node validate roc_auc, 0.9253
2025-09-29 18:57:59,758 - root - INFO - test loss: 0.2786
2025-09-29 18:57:59,759 - root - INFO - test average_precision, 0.9624
2025-09-29 18:57:59,759 - root - INFO - best test average_precision: 0.9648
2025-09-29 18:57:59,759 - root - INFO - test roc_auc, 0.9600
2025-09-29 18:57:59,759 - root - INFO - new node test loss: 0.3495
2025-09-29 18:57:59,759 - root - INFO - new node test average_precision, 0.9433
2025-09-29 18:57:59,759 - root - INFO - new node test roc_auc, 0.9370
2025-09-29 18:58:18,244 - root - INFO - Epoch: 78, learning rate: 0.0001, train loss: 0.1813
2025-09-29 18:58:18,244 - root - INFO - train average_precision, 0.9759
2025-09-29 18:58:18,244 - root - INFO - train roc_auc, 0.9766
2025-09-29 18:58:18,244 - root - INFO - validate loss: 0.2741
2025-09-29 18:58:18,244 - root - INFO - validate average_precision, 0.9668
2025-09-29 18:58:18,244 - root - INFO - validate roc_auc, 0.9633
2025-09-29 18:58:18,244 - root - INFO - new node validate loss: 0.3628
2025-09-29 18:58:18,244 - root - INFO - new node validate average_precision, 0.9347
2025-09-29 18:58:18,244 - root - INFO - new node validate roc_auc, 0.9271
2025-09-29 18:58:22,986 - root - INFO - test loss: 0.2762
2025-09-29 18:58:22,986 - root - INFO - test average_precision, 0.9641
2025-09-29 18:58:22,986 - root - INFO - best test average_precision: 0.9648
2025-09-29 18:58:22,986 - root - INFO - test roc_auc, 0.9618
2025-09-29 18:58:22,986 - root - INFO - new node test loss: 0.3423
2025-09-29 18:58:22,986 - root - INFO - new node test average_precision, 0.9458
2025-09-29 18:58:22,986 - root - INFO - new node test roc_auc, 0.9403
2025-09-29 18:58:22,986 - root - INFO - save model ./saved_models/JODIE/wikipedia/JODIE_seed4/JODIE_seed4.pkl
2025-09-29 18:58:42,598 - root - INFO - Epoch: 79, learning rate: 0.0001, train loss: 0.1799
2025-09-29 18:58:42,598 - root - INFO - train average_precision, 0.9762
2025-09-29 18:58:42,598 - root - INFO - train roc_auc, 0.9769
2025-09-29 18:58:42,598 - root - INFO - validate loss: 0.2749
2025-09-29 18:58:42,598 - root - INFO - validate average_precision, 0.9653
2025-09-29 18:58:42,598 - root - INFO - validate roc_auc, 0.9618
2025-09-29 18:58:42,599 - root - INFO - new node validate loss: 0.3582
2025-09-29 18:58:42,599 - root - INFO - new node validate average_precision, 0.9343
2025-09-29 18:58:42,599 - root - INFO - new node validate roc_auc, 0.9270
2025-09-29 18:58:47,355 - root - INFO - test loss: 0.2792
2025-09-29 18:58:47,355 - root - INFO - test average_precision, 0.9623
2025-09-29 18:58:47,355 - root - INFO - best test average_precision: 0.9648
2025-09-29 18:58:47,355 - root - INFO - test roc_auc, 0.9599
2025-09-29 18:58:47,355 - root - INFO - new node test loss: 0.3468
2025-09-29 18:58:47,355 - root - INFO - new node test average_precision, 0.9425
2025-09-29 18:58:47,355 - root - INFO - new node test roc_auc, 0.9366
2025-09-29 18:59:05,795 - root - INFO - Epoch: 80, learning rate: 0.0001, train loss: 0.1790
2025-09-29 18:59:05,795 - root - INFO - train average_precision, 0.9763
2025-09-29 18:59:05,796 - root - INFO - train roc_auc, 0.9770
2025-09-29 18:59:05,796 - root - INFO - validate loss: 0.2707
2025-09-29 18:59:05,796 - root - INFO - validate average_precision, 0.9663
2025-09-29 18:59:05,796 - root - INFO - validate roc_auc, 0.9628
2025-09-29 18:59:05,796 - root - INFO - new node validate loss: 0.3500
2025-09-29 18:59:05,796 - root - INFO - new node validate average_precision, 0.9358
2025-09-29 18:59:05,796 - root - INFO - new node validate roc_auc, 0.9285
2025-09-29 18:59:10,557 - root - INFO - test loss: 0.2778
2025-09-29 18:59:10,557 - root - INFO - test average_precision, 0.9636
2025-09-29 18:59:10,557 - root - INFO - best test average_precision: 0.9648
2025-09-29 18:59:10,557 - root - INFO - test roc_auc, 0.9607
2025-09-29 18:59:10,557 - root - INFO - new node test loss: 0.3325
2025-09-29 18:59:10,558 - root - INFO - new node test average_precision, 0.9462
2025-09-29 18:59:10,558 - root - INFO - new node test roc_auc, 0.9409
2025-09-29 18:59:29,013 - root - INFO - Epoch: 81, learning rate: 0.0001, train loss: 0.1788
2025-09-29 18:59:29,013 - root - INFO - train average_precision, 0.9764
2025-09-29 18:59:29,013 - root - INFO - train roc_auc, 0.9771
2025-09-29 18:59:29,013 - root - INFO - validate loss: 0.2808
2025-09-29 18:59:29,014 - root - INFO - validate average_precision, 0.9661
2025-09-29 18:59:29,014 - root - INFO - validate roc_auc, 0.9624
2025-09-29 18:59:29,014 - root - INFO - new node validate loss: 0.3638
2025-09-29 18:59:29,014 - root - INFO - new node validate average_precision, 0.9364
2025-09-29 18:59:29,014 - root - INFO - new node validate roc_auc, 0.9284
2025-09-29 18:59:33,772 - root - INFO - test loss: 0.2805
2025-09-29 18:59:33,772 - root - INFO - test average_precision, 0.9643
2025-09-29 18:59:33,772 - root - INFO - best test average_precision: 0.9648
2025-09-29 18:59:33,772 - root - INFO - test roc_auc, 0.9616
2025-09-29 18:59:33,772 - root - INFO - new node test loss: 0.3487
2025-09-29 18:59:33,772 - root - INFO - new node test average_precision, 0.9451
2025-09-29 18:59:33,772 - root - INFO - new node test roc_auc, 0.9394
2025-09-29 18:59:52,207 - root - INFO - Epoch: 82, learning rate: 0.0001, train loss: 0.1771
2025-09-29 18:59:52,207 - root - INFO - train average_precision, 0.9766
2025-09-29 18:59:52,208 - root - INFO - train roc_auc, 0.9776
2025-09-29 18:59:52,208 - root - INFO - validate loss: 0.2828
2025-09-29 18:59:52,208 - root - INFO - validate average_precision, 0.9666
2025-09-29 18:59:52,208 - root - INFO - validate roc_auc, 0.9630
2025-09-29 18:59:52,208 - root - INFO - new node validate loss: 0.3716
2025-09-29 18:59:52,208 - root - INFO - new node validate average_precision, 0.9346
2025-09-29 18:59:52,208 - root - INFO - new node validate roc_auc, 0.9273
2025-09-29 18:59:56,940 - root - INFO - test loss: 0.2801
2025-09-29 18:59:56,941 - root - INFO - test average_precision, 0.9648
2025-09-29 18:59:56,941 - root - INFO - best test average_precision: 0.9648
2025-09-29 18:59:56,941 - root - INFO - test roc_auc, 0.9624
2025-09-29 18:59:56,941 - root - INFO - new node test loss: 0.3439
2025-09-29 18:59:56,941 - root - INFO - new node test average_precision, 0.9455
2025-09-29 18:59:56,941 - root - INFO - new node test roc_auc, 0.9405
2025-09-29 19:00:15,455 - root - INFO - Epoch: 83, learning rate: 0.0001, train loss: 0.1766
2025-09-29 19:00:15,456 - root - INFO - train average_precision, 0.9768
2025-09-29 19:00:15,456 - root - INFO - train roc_auc, 0.9776
2025-09-29 19:00:15,456 - root - INFO - validate loss: 0.2817
2025-09-29 19:00:15,456 - root - INFO - validate average_precision, 0.9662
2025-09-29 19:00:15,456 - root - INFO - validate roc_auc, 0.9621
2025-09-29 19:00:15,456 - root - INFO - new node validate loss: 0.3689
2025-09-29 19:00:15,456 - root - INFO - new node validate average_precision, 0.9346
2025-09-29 19:00:15,456 - root - INFO - new node validate roc_auc, 0.9271
2025-09-29 19:00:20,218 - root - INFO - test loss: 0.2812
2025-09-29 19:00:20,218 - root - INFO - test average_precision, 0.9638
2025-09-29 19:00:20,218 - root - INFO - best test average_precision: 0.9648
2025-09-29 19:00:20,218 - root - INFO - test roc_auc, 0.9611
2025-09-29 19:00:20,218 - root - INFO - new node test loss: 0.3404
2025-09-29 19:00:20,219 - root - INFO - new node test average_precision, 0.9452
2025-09-29 19:00:20,219 - root - INFO - new node test roc_auc, 0.9399
2025-09-29 19:00:38,668 - root - INFO - Epoch: 84, learning rate: 0.0001, train loss: 0.1762
2025-09-29 19:00:38,669 - root - INFO - train average_precision, 0.9771
2025-09-29 19:00:38,669 - root - INFO - train roc_auc, 0.9778
2025-09-29 19:00:38,669 - root - INFO - validate loss: 0.2818
2025-09-29 19:00:38,669 - root - INFO - validate average_precision, 0.9656
2025-09-29 19:00:38,669 - root - INFO - validate roc_auc, 0.9616
2025-09-29 19:00:38,669 - root - INFO - new node validate loss: 0.3729
2025-09-29 19:00:38,669 - root - INFO - new node validate average_precision, 0.9333
2025-09-29 19:00:38,669 - root - INFO - new node validate roc_auc, 0.9252
2025-09-29 19:00:43,412 - root - INFO - test loss: 0.2892
2025-09-29 19:00:43,413 - root - INFO - test average_precision, 0.9618
2025-09-29 19:00:43,413 - root - INFO - best test average_precision: 0.9648
2025-09-29 19:00:43,413 - root - INFO - test roc_auc, 0.9587
2025-09-29 19:00:43,413 - root - INFO - new node test loss: 0.3637
2025-09-29 19:00:43,413 - root - INFO - new node test average_precision, 0.9402
2025-09-29 19:00:43,413 - root - INFO - new node test roc_auc, 0.9335
2025-09-29 19:01:02,032 - root - INFO - Epoch: 85, learning rate: 0.0001, train loss: 0.1784
2025-09-29 19:01:02,033 - root - INFO - train average_precision, 0.9765
2025-09-29 19:01:02,033 - root - INFO - train roc_auc, 0.9773
2025-09-29 19:01:02,033 - root - INFO - validate loss: 0.2783
2025-09-29 19:01:02,033 - root - INFO - validate average_precision, 0.9647
2025-09-29 19:01:02,033 - root - INFO - validate roc_auc, 0.9607
2025-09-29 19:01:02,033 - root - INFO - new node validate loss: 0.3537
2025-09-29 19:01:02,033 - root - INFO - new node validate average_precision, 0.9352
2025-09-29 19:01:02,033 - root - INFO - new node validate roc_auc, 0.9277
2025-09-29 19:01:06,803 - root - INFO - test loss: 0.2891
2025-09-29 19:01:06,803 - root - INFO - test average_precision, 0.9594
2025-09-29 19:01:06,803 - root - INFO - best test average_precision: 0.9648
2025-09-29 19:01:06,803 - root - INFO - test roc_auc, 0.9567
2025-09-29 19:01:06,803 - root - INFO - new node test loss: 0.3484
2025-09-29 19:01:06,803 - root - INFO - new node test average_precision, 0.9413
2025-09-29 19:01:06,803 - root - INFO - new node test roc_auc, 0.9350
2025-09-29 19:01:25,256 - root - INFO - Epoch: 86, learning rate: 0.0001, train loss: 0.1760
2025-09-29 19:01:25,256 - root - INFO - train average_precision, 0.9767
2025-09-29 19:01:25,256 - root - INFO - train roc_auc, 0.9776
2025-09-29 19:01:25,256 - root - INFO - validate loss: 0.2814
2025-09-29 19:01:25,256 - root - INFO - validate average_precision, 0.9658
2025-09-29 19:01:25,257 - root - INFO - validate roc_auc, 0.9622
2025-09-29 19:01:25,257 - root - INFO - new node validate loss: 0.3589
2025-09-29 19:01:25,257 - root - INFO - new node validate average_precision, 0.9364
2025-09-29 19:01:25,257 - root - INFO - new node validate roc_auc, 0.9297
2025-09-29 19:01:29,979 - root - INFO - test loss: 0.2923
2025-09-29 19:01:29,979 - root - INFO - test average_precision, 0.9610
2025-09-29 19:01:29,979 - root - INFO - best test average_precision: 0.9648
2025-09-29 19:01:29,979 - root - INFO - test roc_auc, 0.9583
2025-09-29 19:01:29,979 - root - INFO - new node test loss: 0.3526
2025-09-29 19:01:29,979 - root - INFO - new node test average_precision, 0.9421
2025-09-29 19:01:29,979 - root - INFO - new node test roc_auc, 0.9364
2025-09-29 19:01:48,408 - root - INFO - Epoch: 87, learning rate: 0.0001, train loss: 0.1771
2025-09-29 19:01:48,408 - root - INFO - train average_precision, 0.9768
2025-09-29 19:01:48,408 - root - INFO - train roc_auc, 0.9775
2025-09-29 19:01:48,409 - root - INFO - validate loss: 0.2912
2025-09-29 19:01:48,409 - root - INFO - validate average_precision, 0.9643
2025-09-29 19:01:48,409 - root - INFO - validate roc_auc, 0.9605
2025-09-29 19:01:48,409 - root - INFO - new node validate loss: 0.3731
2025-09-29 19:01:48,409 - root - INFO - new node validate average_precision, 0.9348
2025-09-29 19:01:48,409 - root - INFO - new node validate roc_auc, 0.9272
2025-09-29 19:01:53,158 - root - INFO - test loss: 0.3030
2025-09-29 19:01:53,158 - root - INFO - test average_precision, 0.9580
2025-09-29 19:01:53,158 - root - INFO - best test average_precision: 0.9648
2025-09-29 19:01:53,158 - root - INFO - test roc_auc, 0.9556
2025-09-29 19:01:53,158 - root - INFO - new node test loss: 0.3534
2025-09-29 19:01:53,158 - root - INFO - new node test average_precision, 0.9426
2025-09-29 19:01:53,158 - root - INFO - new node test roc_auc, 0.9369
2025-09-29 19:02:11,624 - root - INFO - Epoch: 88, learning rate: 0.0001, train loss: 0.1750
2025-09-29 19:02:11,625 - root - INFO - train average_precision, 0.9772
2025-09-29 19:02:11,625 - root - INFO - train roc_auc, 0.9779
2025-09-29 19:02:11,625 - root - INFO - validate loss: 0.2763
2025-09-29 19:02:11,625 - root - INFO - validate average_precision, 0.9662
2025-09-29 19:02:11,625 - root - INFO - validate roc_auc, 0.9626
2025-09-29 19:02:11,625 - root - INFO - new node validate loss: 0.3573
2025-09-29 19:02:11,625 - root - INFO - new node validate average_precision, 0.9362
2025-09-29 19:02:11,625 - root - INFO - new node validate roc_auc, 0.9289
2025-09-29 19:02:16,375 - root - INFO - test loss: 0.2827
2025-09-29 19:02:16,376 - root - INFO - test average_precision, 0.9620
2025-09-29 19:02:16,376 - root - INFO - best test average_precision: 0.9648
2025-09-29 19:02:16,376 - root - INFO - test roc_auc, 0.9597
2025-09-29 19:02:16,376 - root - INFO - new node test loss: 0.3460
2025-09-29 19:02:16,376 - root - INFO - new node test average_precision, 0.9437
2025-09-29 19:02:16,376 - root - INFO - new node test roc_auc, 0.9378
2025-09-29 19:02:34,784 - root - INFO - Epoch: 89, learning rate: 0.0001, train loss: 0.1732
2025-09-29 19:02:34,784 - root - INFO - train average_precision, 0.9774
2025-09-29 19:02:34,784 - root - INFO - train roc_auc, 0.9784
2025-09-29 19:02:34,785 - root - INFO - validate loss: 0.2809
2025-09-29 19:02:34,785 - root - INFO - validate average_precision, 0.9656
2025-09-29 19:02:34,785 - root - INFO - validate roc_auc, 0.9615
2025-09-29 19:02:34,785 - root - INFO - new node validate loss: 0.3665
2025-09-29 19:02:34,785 - root - INFO - new node validate average_precision, 0.9343
2025-09-29 19:02:34,785 - root - INFO - new node validate roc_auc, 0.9258
2025-09-29 19:02:39,513 - root - INFO - test loss: 0.2855
2025-09-29 19:02:39,514 - root - INFO - test average_precision, 0.9618
2025-09-29 19:02:39,514 - root - INFO - best test average_precision: 0.9648
2025-09-29 19:02:39,514 - root - INFO - test roc_auc, 0.9584
2025-09-29 19:02:39,514 - root - INFO - new node test loss: 0.3570
2025-09-29 19:02:39,514 - root - INFO - new node test average_precision, 0.9423
2025-09-29 19:02:39,514 - root - INFO - new node test roc_auc, 0.9348
2025-09-29 19:02:57,987 - root - INFO - Epoch: 90, learning rate: 0.0001, train loss: 0.1759
2025-09-29 19:02:57,987 - root - INFO - train average_precision, 0.9771
2025-09-29 19:02:57,987 - root - INFO - train roc_auc, 0.9779
2025-09-29 19:02:57,987 - root - INFO - validate loss: 0.2865
2025-09-29 19:02:57,987 - root - INFO - validate average_precision, 0.9652
2025-09-29 19:02:57,987 - root - INFO - validate roc_auc, 0.9615
2025-09-29 19:02:57,987 - root - INFO - new node validate loss: 0.3645
2025-09-29 19:02:57,987 - root - INFO - new node validate average_precision, 0.9349
2025-09-29 19:02:57,987 - root - INFO - new node validate roc_auc, 0.9278
2025-09-29 19:03:02,764 - root - INFO - test loss: 0.2903
2025-09-29 19:03:02,764 - root - INFO - test average_precision, 0.9607
2025-09-29 19:03:02,764 - root - INFO - best test average_precision: 0.9648
2025-09-29 19:03:02,764 - root - INFO - test roc_auc, 0.9583
2025-09-29 19:03:02,764 - root - INFO - new node test loss: 0.3479
2025-09-29 19:03:02,764 - root - INFO - new node test average_precision, 0.9437
2025-09-29 19:03:02,764 - root - INFO - new node test roc_auc, 0.9384
2025-09-29 19:03:21,182 - root - INFO - Epoch: 91, learning rate: 0.0001, train loss: 0.1742
2025-09-29 19:03:21,182 - root - INFO - train average_precision, 0.9765
2025-09-29 19:03:21,182 - root - INFO - train roc_auc, 0.9780
2025-09-29 19:03:21,182 - root - INFO - validate loss: 0.2886
2025-09-29 19:03:21,182 - root - INFO - validate average_precision, 0.9648
2025-09-29 19:03:21,182 - root - INFO - validate roc_auc, 0.9613
2025-09-29 19:03:21,183 - root - INFO - new node validate loss: 0.3724
2025-09-29 19:03:21,183 - root - INFO - new node validate average_precision, 0.9342
2025-09-29 19:03:21,183 - root - INFO - new node validate roc_auc, 0.9263
2025-09-29 19:03:25,931 - root - INFO - test loss: 0.2995
2025-09-29 19:03:25,931 - root - INFO - test average_precision, 0.9610
2025-09-29 19:03:25,931 - root - INFO - best test average_precision: 0.9648
2025-09-29 19:03:25,931 - root - INFO - test roc_auc, 0.9576
2025-09-29 19:03:25,931 - root - INFO - new node test loss: 0.3559
2025-09-29 19:03:25,931 - root - INFO - new node test average_precision, 0.9424
2025-09-29 19:03:25,931 - root - INFO - new node test roc_auc, 0.9369
2025-09-29 19:03:44,389 - root - INFO - Epoch: 92, learning rate: 0.0001, train loss: 0.1693
2025-09-29 19:03:44,389 - root - INFO - train average_precision, 0.9781
2025-09-29 19:03:44,389 - root - INFO - train roc_auc, 0.9790
2025-09-29 19:03:44,389 - root - INFO - validate loss: 0.2872
2025-09-29 19:03:44,389 - root - INFO - validate average_precision, 0.9657
2025-09-29 19:03:44,389 - root - INFO - validate roc_auc, 0.9618
2025-09-29 19:03:44,389 - root - INFO - new node validate loss: 0.3711
2025-09-29 19:03:44,389 - root - INFO - new node validate average_precision, 0.9344
2025-09-29 19:03:44,389 - root - INFO - new node validate roc_auc, 0.9268
2025-09-29 19:03:49,133 - root - INFO - test loss: 0.2890
2025-09-29 19:03:49,133 - root - INFO - test average_precision, 0.9618
2025-09-29 19:03:49,133 - root - INFO - best test average_precision: 0.9648
2025-09-29 19:03:49,133 - root - INFO - test roc_auc, 0.9589
2025-09-29 19:03:49,133 - root - INFO - new node test loss: 0.3580
2025-09-29 19:03:49,133 - root - INFO - new node test average_precision, 0.9433
2025-09-29 19:03:49,133 - root - INFO - new node test roc_auc, 0.9370
2025-09-29 19:04:07,593 - root - INFO - Epoch: 93, learning rate: 0.0001, train loss: 0.1694
2025-09-29 19:04:07,593 - root - INFO - train average_precision, 0.9783
2025-09-29 19:04:07,593 - root - INFO - train roc_auc, 0.9792
2025-09-29 19:04:07,593 - root - INFO - validate loss: 0.2823
2025-09-29 19:04:07,593 - root - INFO - validate average_precision, 0.9664
2025-09-29 19:04:07,593 - root - INFO - validate roc_auc, 0.9630
2025-09-29 19:04:07,593 - root - INFO - new node validate loss: 0.3663
2025-09-29 19:04:07,593 - root - INFO - new node validate average_precision, 0.9368
2025-09-29 19:04:07,594 - root - INFO - new node validate roc_auc, 0.9292
2025-09-29 19:04:12,334 - root - INFO - test loss: 0.2837
2025-09-29 19:04:12,334 - root - INFO - test average_precision, 0.9641
2025-09-29 19:04:12,334 - root - INFO - best test average_precision: 0.9648
2025-09-29 19:04:12,334 - root - INFO - test roc_auc, 0.9615
2025-09-29 19:04:12,334 - root - INFO - new node test loss: 0.3538
2025-09-29 19:04:12,334 - root - INFO - new node test average_precision, 0.9448
2025-09-29 19:04:12,334 - root - INFO - new node test roc_auc, 0.9388
2025-09-29 19:04:30,827 - root - INFO - Epoch: 94, learning rate: 0.0001, train loss: 0.1697
2025-09-29 19:04:30,827 - root - INFO - train average_precision, 0.9782
2025-09-29 19:04:30,827 - root - INFO - train roc_auc, 0.9791
2025-09-29 19:04:30,827 - root - INFO - validate loss: 0.2957
2025-09-29 19:04:30,827 - root - INFO - validate average_precision, 0.9656
2025-09-29 19:04:30,827 - root - INFO - validate roc_auc, 0.9617
2025-09-29 19:04:30,827 - root - INFO - new node validate loss: 0.3762
2025-09-29 19:04:30,827 - root - INFO - new node validate average_precision, 0.9362
2025-09-29 19:04:30,828 - root - INFO - new node validate roc_auc, 0.9282
2025-09-29 19:04:35,560 - root - INFO - test loss: 0.3119
2025-09-29 19:04:35,560 - root - INFO - test average_precision, 0.9598
2025-09-29 19:04:35,560 - root - INFO - best test average_precision: 0.9648
2025-09-29 19:04:35,560 - root - INFO - test roc_auc, 0.9568
2025-09-29 19:04:35,560 - root - INFO - new node test loss: 0.3666
2025-09-29 19:04:35,560 - root - INFO - new node test average_precision, 0.9423
2025-09-29 19:04:35,560 - root - INFO - new node test roc_auc, 0.9366
2025-09-29 19:04:54,072 - root - INFO - Epoch: 95, learning rate: 0.0001, train loss: 0.1716
2025-09-29 19:04:54,072 - root - INFO - train average_precision, 0.9776
2025-09-29 19:04:54,072 - root - INFO - train roc_auc, 0.9785
2025-09-29 19:04:54,072 - root - INFO - validate loss: 0.2905
2025-09-29 19:04:54,072 - root - INFO - validate average_precision, 0.9655
2025-09-29 19:04:54,072 - root - INFO - validate roc_auc, 0.9619
2025-09-29 19:04:54,072 - root - INFO - new node validate loss: 0.3759
2025-09-29 19:04:54,072 - root - INFO - new node validate average_precision, 0.9357
2025-09-29 19:04:54,073 - root - INFO - new node validate roc_auc, 0.9270
2025-09-29 19:04:58,877 - root - INFO - test loss: 0.2806
2025-09-29 19:04:58,877 - root - INFO - test average_precision, 0.9648
2025-09-29 19:04:58,877 - root - INFO - best test average_precision: 0.9648
2025-09-29 19:04:58,877 - root - INFO - test roc_auc, 0.9623
2025-09-29 19:04:58,877 - root - INFO - new node test loss: 0.3549
2025-09-29 19:04:58,878 - root - INFO - new node test average_precision, 0.9441
2025-09-29 19:04:58,878 - root - INFO - new node test roc_auc, 0.9384
2025-09-29 19:05:17,374 - root - INFO - Epoch: 96, learning rate: 0.0001, train loss: 0.1688
2025-09-29 19:05:17,374 - root - INFO - train average_precision, 0.9783
2025-09-29 19:05:17,374 - root - INFO - train roc_auc, 0.9792
2025-09-29 19:05:17,374 - root - INFO - validate loss: 0.2887
2025-09-29 19:05:17,374 - root - INFO - validate average_precision, 0.9654
2025-09-29 19:05:17,374 - root - INFO - validate roc_auc, 0.9615
2025-09-29 19:05:17,374 - root - INFO - new node validate loss: 0.3761
2025-09-29 19:05:17,374 - root - INFO - new node validate average_precision, 0.9341
2025-09-29 19:05:17,374 - root - INFO - new node validate roc_auc, 0.9259
2025-09-29 19:05:22,155 - root - INFO - test loss: 0.2920
2025-09-29 19:05:22,155 - root - INFO - test average_precision, 0.9603
2025-09-29 19:05:22,155 - root - INFO - best test average_precision: 0.9648
2025-09-29 19:05:22,156 - root - INFO - test roc_auc, 0.9581
2025-09-29 19:05:22,156 - root - INFO - new node test loss: 0.3530
2025-09-29 19:05:22,156 - root - INFO - new node test average_precision, 0.9429
2025-09-29 19:05:22,156 - root - INFO - new node test roc_auc, 0.9370
2025-09-29 19:05:40,675 - root - INFO - Epoch: 97, learning rate: 0.0001, train loss: 0.1686
2025-09-29 19:05:40,675 - root - INFO - train average_precision, 0.9783
2025-09-29 19:05:40,676 - root - INFO - train roc_auc, 0.9793
2025-09-29 19:05:40,676 - root - INFO - validate loss: 0.2845
2025-09-29 19:05:40,676 - root - INFO - validate average_precision, 0.9664
2025-09-29 19:05:40,676 - root - INFO - validate roc_auc, 0.9626
2025-09-29 19:05:40,676 - root - INFO - new node validate loss: 0.3746
2025-09-29 19:05:40,676 - root - INFO - new node validate average_precision, 0.9346
2025-09-29 19:05:40,676 - root - INFO - new node validate roc_auc, 0.9268
2025-09-29 19:05:45,452 - root - INFO - test loss: 0.2923
2025-09-29 19:05:45,452 - root - INFO - test average_precision, 0.9621
2025-09-29 19:05:45,452 - root - INFO - best test average_precision: 0.9648
2025-09-29 19:05:45,452 - root - INFO - test roc_auc, 0.9589
2025-09-29 19:05:45,452 - root - INFO - new node test loss: 0.3482
2025-09-29 19:05:45,452 - root - INFO - new node test average_precision, 0.9449
2025-09-29 19:05:45,452 - root - INFO - new node test roc_auc, 0.9390
2025-09-29 19:06:04,013 - root - INFO - Epoch: 98, learning rate: 0.0001, train loss: 0.1678
2025-09-29 19:06:04,013 - root - INFO - train average_precision, 0.9783
2025-09-29 19:06:04,013 - root - INFO - train roc_auc, 0.9795
2025-09-29 19:06:04,013 - root - INFO - validate loss: 0.2965
2025-09-29 19:06:04,013 - root - INFO - validate average_precision, 0.9659
2025-09-29 19:06:04,013 - root - INFO - validate roc_auc, 0.9619
2025-09-29 19:06:04,013 - root - INFO - new node validate loss: 0.3859
2025-09-29 19:06:04,013 - root - INFO - new node validate average_precision, 0.9346
2025-09-29 19:06:04,013 - root - INFO - new node validate roc_auc, 0.9265
2025-09-29 19:06:08,805 - root - INFO - test loss: 0.3013
2025-09-29 19:06:08,806 - root - INFO - test average_precision, 0.9619
2025-09-29 19:06:08,806 - root - INFO - best test average_precision: 0.9648
2025-09-29 19:06:08,806 - root - INFO - test roc_auc, 0.9592
2025-09-29 19:06:08,806 - root - INFO - new node test loss: 0.3650
2025-09-29 19:06:08,806 - root - INFO - new node test average_precision, 0.9434
2025-09-29 19:06:08,806 - root - INFO - new node test roc_auc, 0.9376
2025-09-29 19:06:08,806 - root - INFO - load model ./saved_models/JODIE/wikipedia/JODIE_seed4/JODIE_seed4.pkl
2025-09-29 19:06:10,078 - root - INFO - get final performance on dataset wikipedia...
2025-09-29 19:06:15,179 - root - INFO - test loss: 0.2762
2025-09-29 19:06:15,179 - root - INFO - test average_precision, 0.9641
2025-09-29 19:06:15,179 - root - INFO - test roc_auc, 0.9618
2025-09-29 19:06:15,179 - root - INFO - new node test loss: 0.3423
2025-09-29 19:06:15,179 - root - INFO - new node test average_precision, 0.9458
2025-09-29 19:06:15,179 - root - INFO - new node test roc_auc, 0.9403
2025-09-29 19:06:15,179 - root - INFO - Run 5 cost 2316.55 seconds.
2025-09-29 19:06:15,184 - root - INFO - metrics over 5 runs:
2025-09-29 19:06:15,184 - root - INFO - test average_precision, [np.float64(0.96503848400569), np.float64(0.9655948917425228), np.float64(0.9661510187395512), np.float64(0.9677054545778765), np.float64(0.9641023622649402)]
2025-09-29 19:06:15,184 - root - INFO - average test average_precision, 0.9657 ± 0.0013
2025-09-29 19:06:15,184 - root - INFO - test roc_auc, [np.float64(0.9634556722689075), np.float64(0.9623109639093735), np.float64(0.9642783613445377), np.float64(0.9650457754530384), np.float64(0.9617948269784106)]
2025-09-29 19:06:15,185 - root - INFO - average test roc_auc, 0.9634 ± 0.0013
2025-09-29 19:06:15,185 - root - INFO - new node test average_precision, [np.float64(0.9442086357298404), np.float64(0.951138852215087), np.float64(0.9464185855518663), np.float64(0.9473340047556085), np.float64(0.9458105550505342)]
2025-09-29 19:06:15,185 - root - INFO - average new node test average_precision, 0.9470 ± 0.0026
2025-09-29 19:06:15,185 - root - INFO - new node test roc_auc, [np.float64(0.9393427076992086), np.float64(0.9444751137419499), np.float64(0.9422828682195379), np.float64(0.9424252427028933), np.float64(0.9402777634487841)]
2025-09-29 19:06:15,185 - root - INFO - average new node test roc_auc, 0.9418 ± 0.0020
