2025-09-29 16:43:00,846 - root - INFO - ********** Run 2 starts. **********
2025-09-29 16:43:00,846 - root - INFO - configuration is Namespace(dataset_name='wikipedia', batch_size=200, model_name='JODIE', gpu=0, num_neighbors=10, sample_neighbor_strategy='uniform', time_scaling_factor=1e-06, num_walk_heads=8, num_heads=2, num_layers=1, walk_length=1, time_gap=2000, time_feat_dim=128, position_feat_dim=172, time_window_mode='fixed_proportion', time_encoder_type='lete', expert_dim=64, num_mixtures=4, patch_size=1, channel_embedding_dim=50, max_input_sequence_length=32, learning_rate=0.0001, dropout=0.1, gamma=0.5, num_epochs=100, optimizer='Adam', weight_decay=0.0, patience=20, val_ratio=0.15, test_ratio=0.15, num_runs=5, test_interval_epochs=1, negative_sample_strategy='random', max_interaction_times=10, load_best_configs=True, device='cuda:0', seed=1, save_model_name='JODIE_seed1')
2025-09-29 16:43:00,848 - root - INFO - time encoder type: lete
2025-09-29 16:43:00,999 - root - INFO - model -> Sequential(
  (0): MemoryModel(
    (time_encoder): TimeEncoder(
      (w): Linear(in_features=1, out_features=128, bias=True)
    )
    (message_aggregator): MessageAggregator()
    (memory_bank): MemoryBank(num_nodes=9228, memory_dim=172)
    (memory_updater): RNNMemoryUpdater(
      (memory_bank): MemoryBank(num_nodes=9228, memory_dim=172)
      (memory_updater): RNNCell(644, 172)
    )
    (embedding_module): TimeProjectionEmbedding(
      (dropout): Dropout(p=0.1, inplace=False)
      (linear_layer): Linear(in_features=1, out_features=172, bias=True)
    )
  )
  (1): MergeLayer(
    (fc1): Linear(in_features=344, out_features=172, bias=True)
    (fc2): Linear(in_features=172, out_features=1, bias=True)
    (act): ReLU()
  )
)
2025-09-29 16:43:00,999 - root - INFO - model name: JODIE, #parameters: 803236 B, 784.41015625 KB, 0.7660255432128906 MB.
2025-09-29 16:43:19,584 - root - INFO - Epoch: 1, learning rate: 0.0001, train loss: 0.5307
2025-09-29 16:43:19,584 - root - INFO - train average_precision, 0.7865
2025-09-29 16:43:19,585 - root - INFO - train roc_auc, 0.8153
2025-09-29 16:43:19,585 - root - INFO - validate loss: 0.4646
2025-09-29 16:43:19,585 - root - INFO - validate average_precision, 0.8478
2025-09-29 16:43:19,585 - root - INFO - validate roc_auc, 0.8616
2025-09-29 16:43:19,585 - root - INFO - new node validate loss: 0.5056
2025-09-29 16:43:19,585 - root - INFO - new node validate average_precision, 0.8223
2025-09-29 16:43:19,585 - root - INFO - new node validate roc_auc, 0.8327
2025-09-29 16:43:24,417 - root - INFO - test loss: 0.4765
2025-09-29 16:43:24,417 - root - INFO - test average_precision, 0.8373
2025-09-29 16:43:24,418 - root - INFO - best test average_precision: 0.8373
2025-09-29 16:43:24,418 - root - INFO - test roc_auc, 0.8543
2025-09-29 16:43:24,418 - root - INFO - new node test loss: 0.5424
2025-09-29 16:43:24,418 - root - INFO - new node test average_precision, 0.7973
2025-09-29 16:43:24,418 - root - INFO - new node test roc_auc, 0.8110
2025-09-29 16:43:24,418 - root - INFO - save model ./saved_models/JODIE/wikipedia/JODIE_seed1/JODIE_seed1.pkl
2025-09-29 16:43:44,214 - root - INFO - Epoch: 2, learning rate: 0.0001, train loss: 0.4196
2025-09-29 16:43:44,215 - root - INFO - train average_precision, 0.8804
2025-09-29 16:43:44,215 - root - INFO - train roc_auc, 0.8895
2025-09-29 16:43:44,215 - root - INFO - validate loss: 0.3892
2025-09-29 16:43:44,215 - root - INFO - validate average_precision, 0.9015
2025-09-29 16:43:44,215 - root - INFO - validate roc_auc, 0.9070
2025-09-29 16:43:44,215 - root - INFO - new node validate loss: 0.4407
2025-09-29 16:43:44,215 - root - INFO - new node validate average_precision, 0.8762
2025-09-29 16:43:44,215 - root - INFO - new node validate roc_auc, 0.8736
2025-09-29 16:43:49,001 - root - INFO - test loss: 0.3993
2025-09-29 16:43:49,001 - root - INFO - test average_precision, 0.8937
2025-09-29 16:43:49,001 - root - INFO - best test average_precision: 0.8937
2025-09-29 16:43:49,001 - root - INFO - test roc_auc, 0.9023
2025-09-29 16:43:49,001 - root - INFO - new node test loss: 0.4380
2025-09-29 16:43:49,001 - root - INFO - new node test average_precision, 0.8822
2025-09-29 16:43:49,001 - root - INFO - new node test roc_auc, 0.8820
2025-09-29 16:43:49,001 - root - INFO - save model ./saved_models/JODIE/wikipedia/JODIE_seed1/JODIE_seed1.pkl
2025-09-29 16:44:08,793 - root - INFO - Epoch: 3, learning rate: 0.0001, train loss: 0.3825
2025-09-29 16:44:08,793 - root - INFO - train average_precision, 0.9044
2025-09-29 16:44:08,794 - root - INFO - train roc_auc, 0.9096
2025-09-29 16:44:08,794 - root - INFO - validate loss: 0.3653
2025-09-29 16:44:08,794 - root - INFO - validate average_precision, 0.9129
2025-09-29 16:44:08,794 - root - INFO - validate roc_auc, 0.9185
2025-09-29 16:44:08,794 - root - INFO - new node validate loss: 0.4276
2025-09-29 16:44:08,794 - root - INFO - new node validate average_precision, 0.8845
2025-09-29 16:44:08,794 - root - INFO - new node validate roc_auc, 0.8816
2025-09-29 16:44:13,530 - root - INFO - test loss: 0.3755
2025-09-29 16:44:13,530 - root - INFO - test average_precision, 0.9048
2025-09-29 16:44:13,531 - root - INFO - best test average_precision: 0.9048
2025-09-29 16:44:13,531 - root - INFO - test roc_auc, 0.9139
2025-09-29 16:44:13,531 - root - INFO - new node test loss: 0.4243
2025-09-29 16:44:13,531 - root - INFO - new node test average_precision, 0.8896
2025-09-29 16:44:13,531 - root - INFO - new node test roc_auc, 0.8893
2025-09-29 16:44:13,531 - root - INFO - save model ./saved_models/JODIE/wikipedia/JODIE_seed1/JODIE_seed1.pkl
2025-09-29 16:44:33,224 - root - INFO - Epoch: 4, learning rate: 0.0001, train loss: 0.3655
2025-09-29 16:44:33,225 - root - INFO - train average_precision, 0.9136
2025-09-29 16:44:33,225 - root - INFO - train roc_auc, 0.9174
2025-09-29 16:44:33,225 - root - INFO - validate loss: 0.3544
2025-09-29 16:44:33,225 - root - INFO - validate average_precision, 0.9201
2025-09-29 16:44:33,225 - root - INFO - validate roc_auc, 0.9240
2025-09-29 16:44:33,225 - root - INFO - new node validate loss: 0.4204
2025-09-29 16:44:33,225 - root - INFO - new node validate average_precision, 0.8907
2025-09-29 16:44:33,225 - root - INFO - new node validate roc_auc, 0.8853
2025-09-29 16:44:37,991 - root - INFO - test loss: 0.3672
2025-09-29 16:44:37,991 - root - INFO - test average_precision, 0.9129
2025-09-29 16:44:37,991 - root - INFO - best test average_precision: 0.9129
2025-09-29 16:44:37,991 - root - INFO - test roc_auc, 0.9196
2025-09-29 16:44:37,991 - root - INFO - new node test loss: 0.4202
2025-09-29 16:44:37,992 - root - INFO - new node test average_precision, 0.8954
2025-09-29 16:44:37,992 - root - INFO - new node test roc_auc, 0.8938
2025-09-29 16:44:37,992 - root - INFO - save model ./saved_models/JODIE/wikipedia/JODIE_seed1/JODIE_seed1.pkl
2025-09-29 16:44:57,603 - root - INFO - Epoch: 5, learning rate: 0.0001, train loss: 0.3565
2025-09-29 16:44:57,604 - root - INFO - train average_precision, 0.9183
2025-09-29 16:44:57,604 - root - INFO - train roc_auc, 0.9209
2025-09-29 16:44:57,604 - root - INFO - validate loss: 0.3438
2025-09-29 16:44:57,604 - root - INFO - validate average_precision, 0.9288
2025-09-29 16:44:57,604 - root - INFO - validate roc_auc, 0.9287
2025-09-29 16:44:57,604 - root - INFO - new node validate loss: 0.4100
2025-09-29 16:44:57,604 - root - INFO - new node validate average_precision, 0.8966
2025-09-29 16:44:57,604 - root - INFO - new node validate roc_auc, 0.8909
2025-09-29 16:45:02,386 - root - INFO - test loss: 0.3571
2025-09-29 16:45:02,386 - root - INFO - test average_precision, 0.9190
2025-09-29 16:45:02,386 - root - INFO - best test average_precision: 0.9190
2025-09-29 16:45:02,386 - root - INFO - test roc_auc, 0.9225
2025-09-29 16:45:02,386 - root - INFO - new node test loss: 0.4136
2025-09-29 16:45:02,386 - root - INFO - new node test average_precision, 0.9001
2025-09-29 16:45:02,386 - root - INFO - new node test roc_auc, 0.8949
2025-09-29 16:45:02,387 - root - INFO - save model ./saved_models/JODIE/wikipedia/JODIE_seed1/JODIE_seed1.pkl
2025-09-29 16:45:22,167 - root - INFO - Epoch: 6, learning rate: 0.0001, train loss: 0.3439
2025-09-29 16:45:22,168 - root - INFO - train average_precision, 0.9275
2025-09-29 16:45:22,168 - root - INFO - train roc_auc, 0.9273
2025-09-29 16:45:22,168 - root - INFO - validate loss: 0.3269
2025-09-29 16:45:22,168 - root - INFO - validate average_precision, 0.9378
2025-09-29 16:45:22,168 - root - INFO - validate roc_auc, 0.9356
2025-09-29 16:45:22,168 - root - INFO - new node validate loss: 0.3955
2025-09-29 16:45:22,168 - root - INFO - new node validate average_precision, 0.9042
2025-09-29 16:45:22,168 - root - INFO - new node validate roc_auc, 0.8958
2025-09-29 16:45:26,933 - root - INFO - test loss: 0.3382
2025-09-29 16:45:26,934 - root - INFO - test average_precision, 0.9321
2025-09-29 16:45:26,934 - root - INFO - best test average_precision: 0.9321
2025-09-29 16:45:26,934 - root - INFO - test roc_auc, 0.9316
2025-09-29 16:45:26,934 - root - INFO - new node test loss: 0.3891
2025-09-29 16:45:26,934 - root - INFO - new node test average_precision, 0.9137
2025-09-29 16:45:26,934 - root - INFO - new node test roc_auc, 0.9081
2025-09-29 16:45:26,934 - root - INFO - save model ./saved_models/JODIE/wikipedia/JODIE_seed1/JODIE_seed1.pkl
2025-09-29 16:45:46,457 - root - INFO - Epoch: 7, learning rate: 0.0001, train loss: 0.3283
2025-09-29 16:45:46,457 - root - INFO - train average_precision, 0.9333
2025-09-29 16:45:46,457 - root - INFO - train roc_auc, 0.9334
2025-09-29 16:45:46,457 - root - INFO - validate loss: 0.3159
2025-09-29 16:45:46,457 - root - INFO - validate average_precision, 0.9414
2025-09-29 16:45:46,457 - root - INFO - validate roc_auc, 0.9397
2025-09-29 16:45:46,457 - root - INFO - new node validate loss: 0.3822
2025-09-29 16:45:46,457 - root - INFO - new node validate average_precision, 0.9114
2025-09-29 16:45:46,458 - root - INFO - new node validate roc_auc, 0.9025
2025-09-29 16:45:51,208 - root - INFO - test loss: 0.3297
2025-09-29 16:45:51,208 - root - INFO - test average_precision, 0.9344
2025-09-29 16:45:51,208 - root - INFO - best test average_precision: 0.9344
2025-09-29 16:45:51,208 - root - INFO - test roc_auc, 0.9352
2025-09-29 16:45:51,208 - root - INFO - new node test loss: 0.3837
2025-09-29 16:45:51,208 - root - INFO - new node test average_precision, 0.9168
2025-09-29 16:45:51,208 - root - INFO - new node test roc_auc, 0.9114
2025-09-29 16:45:51,208 - root - INFO - save model ./saved_models/JODIE/wikipedia/JODIE_seed1/JODIE_seed1.pkl
2025-09-29 16:46:10,838 - root - INFO - Epoch: 8, learning rate: 0.0001, train loss: 0.3206
2025-09-29 16:46:10,839 - root - INFO - train average_precision, 0.9371
2025-09-29 16:46:10,839 - root - INFO - train roc_auc, 0.9361
2025-09-29 16:46:10,839 - root - INFO - validate loss: 0.3130
2025-09-29 16:46:10,839 - root - INFO - validate average_precision, 0.9427
2025-09-29 16:46:10,839 - root - INFO - validate roc_auc, 0.9409
2025-09-29 16:46:10,839 - root - INFO - new node validate loss: 0.3850
2025-09-29 16:46:10,839 - root - INFO - new node validate average_precision, 0.9120
2025-09-29 16:46:10,839 - root - INFO - new node validate roc_auc, 0.9026
2025-09-29 16:46:15,608 - root - INFO - test loss: 0.3176
2025-09-29 16:46:15,608 - root - INFO - test average_precision, 0.9398
2025-09-29 16:46:15,608 - root - INFO - best test average_precision: 0.9398
2025-09-29 16:46:15,608 - root - INFO - test roc_auc, 0.9397
2025-09-29 16:46:15,609 - root - INFO - new node test loss: 0.3816
2025-09-29 16:46:15,609 - root - INFO - new node test average_precision, 0.9191
2025-09-29 16:46:15,609 - root - INFO - new node test roc_auc, 0.9125
2025-09-29 16:46:15,609 - root - INFO - save model ./saved_models/JODIE/wikipedia/JODIE_seed1/JODIE_seed1.pkl
2025-09-29 16:46:35,328 - root - INFO - Epoch: 9, learning rate: 0.0001, train loss: 0.3113
2025-09-29 16:46:35,328 - root - INFO - train average_precision, 0.9405
2025-09-29 16:46:35,328 - root - INFO - train roc_auc, 0.9394
2025-09-29 16:46:35,328 - root - INFO - validate loss: 0.3072
2025-09-29 16:46:35,328 - root - INFO - validate average_precision, 0.9440
2025-09-29 16:46:35,328 - root - INFO - validate roc_auc, 0.9426
2025-09-29 16:46:35,329 - root - INFO - new node validate loss: 0.3816
2025-09-29 16:46:35,329 - root - INFO - new node validate average_precision, 0.9123
2025-09-29 16:46:35,329 - root - INFO - new node validate roc_auc, 0.9023
2025-09-29 16:46:40,109 - root - INFO - test loss: 0.3223
2025-09-29 16:46:40,109 - root - INFO - test average_precision, 0.9361
2025-09-29 16:46:40,109 - root - INFO - best test average_precision: 0.9398
2025-09-29 16:46:40,109 - root - INFO - test roc_auc, 0.9371
2025-09-29 16:46:40,109 - root - INFO - new node test loss: 0.3819
2025-09-29 16:46:40,109 - root - INFO - new node test average_precision, 0.9156
2025-09-29 16:46:40,109 - root - INFO - new node test roc_auc, 0.9111
2025-09-29 16:46:40,109 - root - INFO - save model ./saved_models/JODIE/wikipedia/JODIE_seed1/JODIE_seed1.pkl
2025-09-29 16:46:59,743 - root - INFO - Epoch: 10, learning rate: 0.0001, train loss: 0.3065
2025-09-29 16:46:59,743 - root - INFO - train average_precision, 0.9428
2025-09-29 16:46:59,743 - root - INFO - train roc_auc, 0.9414
2025-09-29 16:46:59,743 - root - INFO - validate loss: 0.3011
2025-09-29 16:46:59,743 - root - INFO - validate average_precision, 0.9475
2025-09-29 16:46:59,743 - root - INFO - validate roc_auc, 0.9457
2025-09-29 16:46:59,743 - root - INFO - new node validate loss: 0.3867
2025-09-29 16:46:59,743 - root - INFO - new node validate average_precision, 0.9137
2025-09-29 16:46:59,743 - root - INFO - new node validate roc_auc, 0.9024
2025-09-29 16:47:04,467 - root - INFO - test loss: 0.3121
2025-09-29 16:47:04,467 - root - INFO - test average_precision, 0.9417
2025-09-29 16:47:04,467 - root - INFO - best test average_precision: 0.9417
2025-09-29 16:47:04,467 - root - INFO - test roc_auc, 0.9419
2025-09-29 16:47:04,467 - root - INFO - new node test loss: 0.3801
2025-09-29 16:47:04,467 - root - INFO - new node test average_precision, 0.9193
2025-09-29 16:47:04,467 - root - INFO - new node test roc_auc, 0.9134
2025-09-29 16:47:04,467 - root - INFO - save model ./saved_models/JODIE/wikipedia/JODIE_seed1/JODIE_seed1.pkl
2025-09-29 16:47:24,141 - root - INFO - Epoch: 11, learning rate: 0.0001, train loss: 0.3012
2025-09-29 16:47:24,141 - root - INFO - train average_precision, 0.9450
2025-09-29 16:47:24,141 - root - INFO - train roc_auc, 0.9432
2025-09-29 16:47:24,141 - root - INFO - validate loss: 0.2962
2025-09-29 16:47:24,141 - root - INFO - validate average_precision, 0.9493
2025-09-29 16:47:24,141 - root - INFO - validate roc_auc, 0.9459
2025-09-29 16:47:24,141 - root - INFO - new node validate loss: 0.3727
2025-09-29 16:47:24,141 - root - INFO - new node validate average_precision, 0.9166
2025-09-29 16:47:24,141 - root - INFO - new node validate roc_auc, 0.9058
2025-09-29 16:47:28,934 - root - INFO - test loss: 0.3207
2025-09-29 16:47:28,934 - root - INFO - test average_precision, 0.9396
2025-09-29 16:47:28,934 - root - INFO - best test average_precision: 0.9417
2025-09-29 16:47:28,935 - root - INFO - test roc_auc, 0.9383
2025-09-29 16:47:28,935 - root - INFO - new node test loss: 0.3684
2025-09-29 16:47:28,935 - root - INFO - new node test average_precision, 0.9233
2025-09-29 16:47:28,935 - root - INFO - new node test roc_auc, 0.9161
2025-09-29 16:47:28,935 - root - INFO - save model ./saved_models/JODIE/wikipedia/JODIE_seed1/JODIE_seed1.pkl
2025-09-29 16:47:48,436 - root - INFO - Epoch: 12, learning rate: 0.0001, train loss: 0.2950
2025-09-29 16:47:48,436 - root - INFO - train average_precision, 0.9464
2025-09-29 16:47:48,437 - root - INFO - train roc_auc, 0.9453
2025-09-29 16:47:48,437 - root - INFO - validate loss: 0.2886
2025-09-29 16:47:48,437 - root - INFO - validate average_precision, 0.9523
2025-09-29 16:47:48,437 - root - INFO - validate roc_auc, 0.9494
2025-09-29 16:47:48,437 - root - INFO - new node validate loss: 0.3709
2025-09-29 16:47:48,437 - root - INFO - new node validate average_precision, 0.9196
2025-09-29 16:47:48,437 - root - INFO - new node validate roc_auc, 0.9090
2025-09-29 16:47:53,185 - root - INFO - test loss: 0.2945
2025-09-29 16:47:53,185 - root - INFO - test average_precision, 0.9494
2025-09-29 16:47:53,185 - root - INFO - best test average_precision: 0.9494
2025-09-29 16:47:53,185 - root - INFO - test roc_auc, 0.9479
2025-09-29 16:47:53,185 - root - INFO - new node test loss: 0.3534
2025-09-29 16:47:53,185 - root - INFO - new node test average_precision, 0.9294
2025-09-29 16:47:53,186 - root - INFO - new node test roc_auc, 0.9227
2025-09-29 16:47:53,186 - root - INFO - save model ./saved_models/JODIE/wikipedia/JODIE_seed1/JODIE_seed1.pkl
2025-09-29 16:48:12,872 - root - INFO - Epoch: 13, learning rate: 0.0001, train loss: 0.2887
2025-09-29 16:48:12,873 - root - INFO - train average_precision, 0.9491
2025-09-29 16:48:12,873 - root - INFO - train roc_auc, 0.9474
2025-09-29 16:48:12,873 - root - INFO - validate loss: 0.2924
2025-09-29 16:48:12,873 - root - INFO - validate average_precision, 0.9502
2025-09-29 16:48:12,873 - root - INFO - validate roc_auc, 0.9481
2025-09-29 16:48:12,873 - root - INFO - new node validate loss: 0.3700
2025-09-29 16:48:12,873 - root - INFO - new node validate average_precision, 0.9192
2025-09-29 16:48:12,873 - root - INFO - new node validate roc_auc, 0.9086
2025-09-29 16:48:17,617 - root - INFO - test loss: 0.2981
2025-09-29 16:48:17,617 - root - INFO - test average_precision, 0.9470
2025-09-29 16:48:17,617 - root - INFO - best test average_precision: 0.9494
2025-09-29 16:48:17,618 - root - INFO - test roc_auc, 0.9467
2025-09-29 16:48:17,618 - root - INFO - new node test loss: 0.3599
2025-09-29 16:48:17,618 - root - INFO - new node test average_precision, 0.9264
2025-09-29 16:48:17,618 - root - INFO - new node test roc_auc, 0.9198
2025-09-29 16:48:36,086 - root - INFO - Epoch: 14, learning rate: 0.0001, train loss: 0.2868
2025-09-29 16:48:36,086 - root - INFO - train average_precision, 0.9492
2025-09-29 16:48:36,086 - root - INFO - train roc_auc, 0.9479
2025-09-29 16:48:36,086 - root - INFO - validate loss: 0.2886
2025-09-29 16:48:36,086 - root - INFO - validate average_precision, 0.9513
2025-09-29 16:48:36,086 - root - INFO - validate roc_auc, 0.9490
2025-09-29 16:48:36,086 - root - INFO - new node validate loss: 0.3696
2025-09-29 16:48:36,086 - root - INFO - new node validate average_precision, 0.9190
2025-09-29 16:48:36,086 - root - INFO - new node validate roc_auc, 0.9089
2025-09-29 16:48:40,876 - root - INFO - test loss: 0.2975
2025-09-29 16:48:40,876 - root - INFO - test average_precision, 0.9472
2025-09-29 16:48:40,876 - root - INFO - best test average_precision: 0.9494
2025-09-29 16:48:40,876 - root - INFO - test roc_auc, 0.9469
2025-09-29 16:48:40,877 - root - INFO - new node test loss: 0.3596
2025-09-29 16:48:40,877 - root - INFO - new node test average_precision, 0.9265
2025-09-29 16:48:40,877 - root - INFO - new node test roc_auc, 0.9200
2025-09-29 16:48:59,334 - root - INFO - Epoch: 15, learning rate: 0.0001, train loss: 0.2810
2025-09-29 16:48:59,334 - root - INFO - train average_precision, 0.9513
2025-09-29 16:48:59,334 - root - INFO - train roc_auc, 0.9499
2025-09-29 16:48:59,334 - root - INFO - validate loss: 0.2757
2025-09-29 16:48:59,335 - root - INFO - validate average_precision, 0.9562
2025-09-29 16:48:59,335 - root - INFO - validate roc_auc, 0.9531
2025-09-29 16:48:59,335 - root - INFO - new node validate loss: 0.3669
2025-09-29 16:48:59,335 - root - INFO - new node validate average_precision, 0.9215
2025-09-29 16:48:59,335 - root - INFO - new node validate roc_auc, 0.9106
2025-09-29 16:49:04,093 - root - INFO - test loss: 0.2812
2025-09-29 16:49:04,093 - root - INFO - test average_precision, 0.9543
2025-09-29 16:49:04,093 - root - INFO - best test average_precision: 0.9543
2025-09-29 16:49:04,093 - root - INFO - test roc_auc, 0.9526
2025-09-29 16:49:04,093 - root - INFO - new node test loss: 0.3444
2025-09-29 16:49:04,093 - root - INFO - new node test average_precision, 0.9330
2025-09-29 16:49:04,093 - root - INFO - new node test roc_auc, 0.9264
2025-09-29 16:49:04,093 - root - INFO - save model ./saved_models/JODIE/wikipedia/JODIE_seed1/JODIE_seed1.pkl
2025-09-29 16:49:23,751 - root - INFO - Epoch: 16, learning rate: 0.0001, train loss: 0.2799
2025-09-29 16:49:23,752 - root - INFO - train average_precision, 0.9522
2025-09-29 16:49:23,752 - root - INFO - train roc_auc, 0.9505
2025-09-29 16:49:23,752 - root - INFO - validate loss: 0.2796
2025-09-29 16:49:23,752 - root - INFO - validate average_precision, 0.9546
2025-09-29 16:49:23,752 - root - INFO - validate roc_auc, 0.9523
2025-09-29 16:49:23,752 - root - INFO - new node validate loss: 0.3672
2025-09-29 16:49:23,752 - root - INFO - new node validate average_precision, 0.9211
2025-09-29 16:49:23,752 - root - INFO - new node validate roc_auc, 0.9112
2025-09-29 16:49:28,513 - root - INFO - test loss: 0.2849
2025-09-29 16:49:28,514 - root - INFO - test average_precision, 0.9521
2025-09-29 16:49:28,514 - root - INFO - best test average_precision: 0.9543
2025-09-29 16:49:28,514 - root - INFO - test roc_auc, 0.9518
2025-09-29 16:49:28,514 - root - INFO - new node test loss: 0.3561
2025-09-29 16:49:28,514 - root - INFO - new node test average_precision, 0.9280
2025-09-29 16:49:28,514 - root - INFO - new node test roc_auc, 0.9225
2025-09-29 16:49:47,036 - root - INFO - Epoch: 17, learning rate: 0.0001, train loss: 0.2754
2025-09-29 16:49:47,036 - root - INFO - train average_precision, 0.9532
2025-09-29 16:49:47,036 - root - INFO - train roc_auc, 0.9516
2025-09-29 16:49:47,036 - root - INFO - validate loss: 0.2789
2025-09-29 16:49:47,037 - root - INFO - validate average_precision, 0.9555
2025-09-29 16:49:47,037 - root - INFO - validate roc_auc, 0.9525
2025-09-29 16:49:47,037 - root - INFO - new node validate loss: 0.3589
2025-09-29 16:49:47,037 - root - INFO - new node validate average_precision, 0.9237
2025-09-29 16:49:47,037 - root - INFO - new node validate roc_auc, 0.9144
2025-09-29 16:49:51,832 - root - INFO - test loss: 0.2840
2025-09-29 16:49:51,832 - root - INFO - test average_precision, 0.9541
2025-09-29 16:49:51,832 - root - INFO - best test average_precision: 0.9543
2025-09-29 16:49:51,833 - root - INFO - test roc_auc, 0.9521
2025-09-29 16:49:51,833 - root - INFO - new node test loss: 0.3440
2025-09-29 16:49:51,833 - root - INFO - new node test average_precision, 0.9333
2025-09-29 16:49:51,833 - root - INFO - new node test roc_auc, 0.9273
2025-09-29 16:50:10,271 - root - INFO - Epoch: 18, learning rate: 0.0001, train loss: 0.2716
2025-09-29 16:50:10,271 - root - INFO - train average_precision, 0.9541
2025-09-29 16:50:10,271 - root - INFO - train roc_auc, 0.9529
2025-09-29 16:50:10,271 - root - INFO - validate loss: 0.2904
2025-09-29 16:50:10,271 - root - INFO - validate average_precision, 0.9513
2025-09-29 16:50:10,271 - root - INFO - validate roc_auc, 0.9488
2025-09-29 16:50:10,271 - root - INFO - new node validate loss: 0.3642
2025-09-29 16:50:10,271 - root - INFO - new node validate average_precision, 0.9218
2025-09-29 16:50:10,272 - root - INFO - new node validate roc_auc, 0.9122
2025-09-29 16:50:15,007 - root - INFO - test loss: 0.3206
2025-09-29 16:50:15,008 - root - INFO - test average_precision, 0.9401
2025-09-29 16:50:15,008 - root - INFO - best test average_precision: 0.9543
2025-09-29 16:50:15,008 - root - INFO - test roc_auc, 0.9405
2025-09-29 16:50:15,008 - root - INFO - new node test loss: 0.3759
2025-09-29 16:50:15,008 - root - INFO - new node test average_precision, 0.9185
2025-09-29 16:50:15,008 - root - INFO - new node test roc_auc, 0.9153
2025-09-29 16:50:33,505 - root - INFO - Epoch: 19, learning rate: 0.0001, train loss: 0.2695
2025-09-29 16:50:33,505 - root - INFO - train average_precision, 0.9546
2025-09-29 16:50:33,505 - root - INFO - train roc_auc, 0.9534
2025-09-29 16:50:33,505 - root - INFO - validate loss: 0.2800
2025-09-29 16:50:33,505 - root - INFO - validate average_precision, 0.9557
2025-09-29 16:50:33,505 - root - INFO - validate roc_auc, 0.9523
2025-09-29 16:50:33,506 - root - INFO - new node validate loss: 0.3603
2025-09-29 16:50:33,506 - root - INFO - new node validate average_precision, 0.9249
2025-09-29 16:50:33,506 - root - INFO - new node validate roc_auc, 0.9149
2025-09-29 16:50:38,269 - root - INFO - test loss: 0.2852
2025-09-29 16:50:38,269 - root - INFO - test average_precision, 0.9539
2025-09-29 16:50:38,269 - root - INFO - best test average_precision: 0.9543
2025-09-29 16:50:38,269 - root - INFO - test roc_auc, 0.9518
2025-09-29 16:50:38,269 - root - INFO - new node test loss: 0.3431
2025-09-29 16:50:38,269 - root - INFO - new node test average_precision, 0.9348
2025-09-29 16:50:38,269 - root - INFO - new node test roc_auc, 0.9283
2025-09-29 16:50:56,709 - root - INFO - Epoch: 20, learning rate: 0.0001, train loss: 0.2638
2025-09-29 16:50:56,709 - root - INFO - train average_precision, 0.9568
2025-09-29 16:50:56,709 - root - INFO - train roc_auc, 0.9553
2025-09-29 16:50:56,709 - root - INFO - validate loss: 0.2775
2025-09-29 16:50:56,709 - root - INFO - validate average_precision, 0.9560
2025-09-29 16:50:56,709 - root - INFO - validate roc_auc, 0.9527
2025-09-29 16:50:56,710 - root - INFO - new node validate loss: 0.3545
2025-09-29 16:50:56,710 - root - INFO - new node validate average_precision, 0.9254
2025-09-29 16:50:56,710 - root - INFO - new node validate roc_auc, 0.9163
2025-09-29 16:51:01,453 - root - INFO - test loss: 0.2882
2025-09-29 16:51:01,453 - root - INFO - test average_precision, 0.9527
2025-09-29 16:51:01,454 - root - INFO - best test average_precision: 0.9543
2025-09-29 16:51:01,454 - root - INFO - test roc_auc, 0.9505
2025-09-29 16:51:01,454 - root - INFO - new node test loss: 0.3452
2025-09-29 16:51:01,454 - root - INFO - new node test average_precision, 0.9337
2025-09-29 16:51:01,454 - root - INFO - new node test roc_auc, 0.9273
2025-09-29 16:51:20,001 - root - INFO - Epoch: 21, learning rate: 0.0001, train loss: 0.2609
2025-09-29 16:51:20,001 - root - INFO - train average_precision, 0.9576
2025-09-29 16:51:20,001 - root - INFO - train roc_auc, 0.9560
2025-09-29 16:51:20,002 - root - INFO - validate loss: 0.2850
2025-09-29 16:51:20,002 - root - INFO - validate average_precision, 0.9548
2025-09-29 16:51:20,002 - root - INFO - validate roc_auc, 0.9516
2025-09-29 16:51:20,002 - root - INFO - new node validate loss: 0.3602
2025-09-29 16:51:20,002 - root - INFO - new node validate average_precision, 0.9249
2025-09-29 16:51:20,002 - root - INFO - new node validate roc_auc, 0.9152
2025-09-29 16:51:24,725 - root - INFO - test loss: 0.3041
2025-09-29 16:51:24,726 - root - INFO - test average_precision, 0.9483
2025-09-29 16:51:24,726 - root - INFO - best test average_precision: 0.9543
2025-09-29 16:51:24,726 - root - INFO - test roc_auc, 0.9471
2025-09-29 16:51:24,726 - root - INFO - new node test loss: 0.3549
2025-09-29 16:51:24,726 - root - INFO - new node test average_precision, 0.9299
2025-09-29 16:51:24,726 - root - INFO - new node test roc_auc, 0.9240
2025-09-29 16:51:43,172 - root - INFO - Epoch: 22, learning rate: 0.0001, train loss: 0.2601
2025-09-29 16:51:43,172 - root - INFO - train average_precision, 0.9580
2025-09-29 16:51:43,172 - root - INFO - train roc_auc, 0.9566
2025-09-29 16:51:43,172 - root - INFO - validate loss: 0.2755
2025-09-29 16:51:43,172 - root - INFO - validate average_precision, 0.9577
2025-09-29 16:51:43,172 - root - INFO - validate roc_auc, 0.9538
2025-09-29 16:51:43,172 - root - INFO - new node validate loss: 0.3546
2025-09-29 16:51:43,172 - root - INFO - new node validate average_precision, 0.9263
2025-09-29 16:51:43,172 - root - INFO - new node validate roc_auc, 0.9166
2025-09-29 16:51:47,908 - root - INFO - test loss: 0.2862
2025-09-29 16:51:47,908 - root - INFO - test average_precision, 0.9550
2025-09-29 16:51:47,908 - root - INFO - best test average_precision: 0.9550
2025-09-29 16:51:47,908 - root - INFO - test roc_auc, 0.9519
2025-09-29 16:51:47,908 - root - INFO - new node test loss: 0.3458
2025-09-29 16:51:47,908 - root - INFO - new node test average_precision, 0.9349
2025-09-29 16:51:47,908 - root - INFO - new node test roc_auc, 0.9277
2025-09-29 16:51:47,909 - root - INFO - save model ./saved_models/JODIE/wikipedia/JODIE_seed1/JODIE_seed1.pkl
2025-09-29 16:52:07,441 - root - INFO - Epoch: 23, learning rate: 0.0001, train loss: 0.2566
2025-09-29 16:52:07,441 - root - INFO - train average_precision, 0.9588
2025-09-29 16:52:07,441 - root - INFO - train roc_auc, 0.9574
2025-09-29 16:52:07,441 - root - INFO - validate loss: 0.2772
2025-09-29 16:52:07,441 - root - INFO - validate average_precision, 0.9574
2025-09-29 16:52:07,441 - root - INFO - validate roc_auc, 0.9537
2025-09-29 16:52:07,441 - root - INFO - new node validate loss: 0.3496
2025-09-29 16:52:07,441 - root - INFO - new node validate average_precision, 0.9285
2025-09-29 16:52:07,441 - root - INFO - new node validate roc_auc, 0.9191
2025-09-29 16:52:12,183 - root - INFO - test loss: 0.2941
2025-09-29 16:52:12,183 - root - INFO - test average_precision, 0.9520
2025-09-29 16:52:12,183 - root - INFO - best test average_precision: 0.9550
2025-09-29 16:52:12,183 - root - INFO - test roc_auc, 0.9499
2025-09-29 16:52:12,183 - root - INFO - new node test loss: 0.3477
2025-09-29 16:52:12,183 - root - INFO - new node test average_precision, 0.9340
2025-09-29 16:52:12,183 - root - INFO - new node test roc_auc, 0.9272
2025-09-29 16:52:30,659 - root - INFO - Epoch: 24, learning rate: 0.0001, train loss: 0.2557
2025-09-29 16:52:30,660 - root - INFO - train average_precision, 0.9590
2025-09-29 16:52:30,660 - root - INFO - train roc_auc, 0.9576
2025-09-29 16:52:30,660 - root - INFO - validate loss: 0.2803
2025-09-29 16:52:30,660 - root - INFO - validate average_precision, 0.9559
2025-09-29 16:52:30,660 - root - INFO - validate roc_auc, 0.9527
2025-09-29 16:52:30,660 - root - INFO - new node validate loss: 0.3489
2025-09-29 16:52:30,660 - root - INFO - new node validate average_precision, 0.9281
2025-09-29 16:52:30,660 - root - INFO - new node validate roc_auc, 0.9192
2025-09-29 16:52:35,421 - root - INFO - test loss: 0.3108
2025-09-29 16:52:35,421 - root - INFO - test average_precision, 0.9469
2025-09-29 16:52:35,421 - root - INFO - best test average_precision: 0.9550
2025-09-29 16:52:35,421 - root - INFO - test roc_auc, 0.9449
2025-09-29 16:52:35,421 - root - INFO - new node test loss: 0.3541
2025-09-29 16:52:35,421 - root - INFO - new node test average_precision, 0.9316
2025-09-29 16:52:35,421 - root - INFO - new node test roc_auc, 0.9255
2025-09-29 16:52:53,996 - root - INFO - Epoch: 25, learning rate: 0.0001, train loss: 0.2538
2025-09-29 16:52:53,996 - root - INFO - train average_precision, 0.9595
2025-09-29 16:52:53,996 - root - INFO - train roc_auc, 0.9581
2025-09-29 16:52:53,996 - root - INFO - validate loss: 0.2719
2025-09-29 16:52:53,997 - root - INFO - validate average_precision, 0.9596
2025-09-29 16:52:53,997 - root - INFO - validate roc_auc, 0.9559
2025-09-29 16:52:53,997 - root - INFO - new node validate loss: 0.3560
2025-09-29 16:52:53,997 - root - INFO - new node validate average_precision, 0.9263
2025-09-29 16:52:53,997 - root - INFO - new node validate roc_auc, 0.9171
2025-09-29 16:52:58,807 - root - INFO - test loss: 0.2808
2025-09-29 16:52:58,807 - root - INFO - test average_precision, 0.9577
2025-09-29 16:52:58,807 - root - INFO - best test average_precision: 0.9577
2025-09-29 16:52:58,808 - root - INFO - test roc_auc, 0.9547
2025-09-29 16:52:58,808 - root - INFO - new node test loss: 0.3406
2025-09-29 16:52:58,808 - root - INFO - new node test average_precision, 0.9385
2025-09-29 16:52:58,808 - root - INFO - new node test roc_auc, 0.9311
2025-09-29 16:52:58,808 - root - INFO - save model ./saved_models/JODIE/wikipedia/JODIE_seed1/JODIE_seed1.pkl
2025-09-29 16:53:18,358 - root - INFO - Epoch: 26, learning rate: 0.0001, train loss: 0.2494
2025-09-29 16:53:18,358 - root - INFO - train average_precision, 0.9602
2025-09-29 16:53:18,358 - root - INFO - train roc_auc, 0.9593
2025-09-29 16:53:18,358 - root - INFO - validate loss: 0.2732
2025-09-29 16:53:18,359 - root - INFO - validate average_precision, 0.9593
2025-09-29 16:53:18,359 - root - INFO - validate roc_auc, 0.9552
2025-09-29 16:53:18,359 - root - INFO - new node validate loss: 0.3545
2025-09-29 16:53:18,359 - root - INFO - new node validate average_precision, 0.9280
2025-09-29 16:53:18,359 - root - INFO - new node validate roc_auc, 0.9184
2025-09-29 16:53:23,116 - root - INFO - test loss: 0.2848
2025-09-29 16:53:23,116 - root - INFO - test average_precision, 0.9560
2025-09-29 16:53:23,116 - root - INFO - best test average_precision: 0.9577
2025-09-29 16:53:23,116 - root - INFO - test roc_auc, 0.9529
2025-09-29 16:53:23,116 - root - INFO - new node test loss: 0.3422
2025-09-29 16:53:23,116 - root - INFO - new node test average_precision, 0.9374
2025-09-29 16:53:23,116 - root - INFO - new node test roc_auc, 0.9303
2025-09-29 16:53:41,593 - root - INFO - Epoch: 27, learning rate: 0.0001, train loss: 0.2519
2025-09-29 16:53:41,593 - root - INFO - train average_precision, 0.9601
2025-09-29 16:53:41,593 - root - INFO - train roc_auc, 0.9587
2025-09-29 16:53:41,593 - root - INFO - validate loss: 0.2666
2025-09-29 16:53:41,593 - root - INFO - validate average_precision, 0.9616
2025-09-29 16:53:41,594 - root - INFO - validate roc_auc, 0.9576
2025-09-29 16:53:41,594 - root - INFO - new node validate loss: 0.3526
2025-09-29 16:53:41,594 - root - INFO - new node validate average_precision, 0.9294
2025-09-29 16:53:41,594 - root - INFO - new node validate roc_auc, 0.9202
2025-09-29 16:53:46,382 - root - INFO - test loss: 0.2707
2025-09-29 16:53:46,382 - root - INFO - test average_precision, 0.9609
2025-09-29 16:53:46,382 - root - INFO - best test average_precision: 0.9609
2025-09-29 16:53:46,382 - root - INFO - test roc_auc, 0.9581
2025-09-29 16:53:46,382 - root - INFO - new node test loss: 0.3261
2025-09-29 16:53:46,382 - root - INFO - new node test average_precision, 0.9430
2025-09-29 16:53:46,382 - root - INFO - new node test roc_auc, 0.9368
2025-09-29 16:53:46,383 - root - INFO - save model ./saved_models/JODIE/wikipedia/JODIE_seed1/JODIE_seed1.pkl
2025-09-29 16:54:06,024 - root - INFO - Epoch: 28, learning rate: 0.0001, train loss: 0.2486
2025-09-29 16:54:06,025 - root - INFO - train average_precision, 0.9609
2025-09-29 16:54:06,025 - root - INFO - train roc_auc, 0.9599
2025-09-29 16:54:06,025 - root - INFO - validate loss: 0.2788
2025-09-29 16:54:06,025 - root - INFO - validate average_precision, 0.9574
2025-09-29 16:54:06,025 - root - INFO - validate roc_auc, 0.9540
2025-09-29 16:54:06,025 - root - INFO - new node validate loss: 0.3539
2025-09-29 16:54:06,025 - root - INFO - new node validate average_precision, 0.9268
2025-09-29 16:54:06,025 - root - INFO - new node validate roc_auc, 0.9176
2025-09-29 16:54:10,769 - root - INFO - test loss: 0.3071
2025-09-29 16:54:10,769 - root - INFO - test average_precision, 0.9473
2025-09-29 16:54:10,769 - root - INFO - best test average_precision: 0.9609
2025-09-29 16:54:10,769 - root - INFO - test roc_auc, 0.9466
2025-09-29 16:54:10,769 - root - INFO - new node test loss: 0.3605
2025-09-29 16:54:10,769 - root - INFO - new node test average_precision, 0.9290
2025-09-29 16:54:10,769 - root - INFO - new node test roc_auc, 0.9248
2025-09-29 16:54:29,194 - root - INFO - Epoch: 29, learning rate: 0.0001, train loss: 0.2502
2025-09-29 16:54:29,194 - root - INFO - train average_precision, 0.9602
2025-09-29 16:54:29,194 - root - INFO - train roc_auc, 0.9593
2025-09-29 16:54:29,194 - root - INFO - validate loss: 0.2736
2025-09-29 16:54:29,194 - root - INFO - validate average_precision, 0.9597
2025-09-29 16:54:29,194 - root - INFO - validate roc_auc, 0.9563
2025-09-29 16:54:29,194 - root - INFO - new node validate loss: 0.3523
2025-09-29 16:54:29,194 - root - INFO - new node validate average_precision, 0.9293
2025-09-29 16:54:29,195 - root - INFO - new node validate roc_auc, 0.9201
2025-09-29 16:54:33,951 - root - INFO - test loss: 0.2881
2025-09-29 16:54:33,951 - root - INFO - test average_precision, 0.9542
2025-09-29 16:54:33,951 - root - INFO - best test average_precision: 0.9609
2025-09-29 16:54:33,951 - root - INFO - test roc_auc, 0.9534
2025-09-29 16:54:33,951 - root - INFO - new node test loss: 0.3482
2025-09-29 16:54:33,951 - root - INFO - new node test average_precision, 0.9350
2025-09-29 16:54:33,951 - root - INFO - new node test roc_auc, 0.9307
2025-09-29 16:54:52,445 - root - INFO - Epoch: 30, learning rate: 0.0001, train loss: 0.2425
2025-09-29 16:54:52,445 - root - INFO - train average_precision, 0.9622
2025-09-29 16:54:52,445 - root - INFO - train roc_auc, 0.9614
2025-09-29 16:54:52,445 - root - INFO - validate loss: 0.2737
2025-09-29 16:54:52,446 - root - INFO - validate average_precision, 0.9601
2025-09-29 16:54:52,446 - root - INFO - validate roc_auc, 0.9561
2025-09-29 16:54:52,446 - root - INFO - new node validate loss: 0.3533
2025-09-29 16:54:52,446 - root - INFO - new node validate average_precision, 0.9290
2025-09-29 16:54:52,446 - root - INFO - new node validate roc_auc, 0.9198
2025-09-29 16:54:57,227 - root - INFO - test loss: 0.2828
2025-09-29 16:54:57,228 - root - INFO - test average_precision, 0.9579
2025-09-29 16:54:57,228 - root - INFO - best test average_precision: 0.9609
2025-09-29 16:54:57,228 - root - INFO - test roc_auc, 0.9544
2025-09-29 16:54:57,228 - root - INFO - new node test loss: 0.3389
2025-09-29 16:54:57,228 - root - INFO - new node test average_precision, 0.9388
2025-09-29 16:54:57,228 - root - INFO - new node test roc_auc, 0.9321
2025-09-29 16:55:15,730 - root - INFO - Epoch: 31, learning rate: 0.0001, train loss: 0.2405
2025-09-29 16:55:15,731 - root - INFO - train average_precision, 0.9633
2025-09-29 16:55:15,731 - root - INFO - train roc_auc, 0.9621
2025-09-29 16:55:15,731 - root - INFO - validate loss: 0.2674
2025-09-29 16:55:15,731 - root - INFO - validate average_precision, 0.9622
2025-09-29 16:55:15,731 - root - INFO - validate roc_auc, 0.9583
2025-09-29 16:55:15,731 - root - INFO - new node validate loss: 0.3492
2025-09-29 16:55:15,731 - root - INFO - new node validate average_precision, 0.9307
2025-09-29 16:55:15,731 - root - INFO - new node validate roc_auc, 0.9214
2025-09-29 16:55:20,478 - root - INFO - test loss: 0.2674
2025-09-29 16:55:20,478 - root - INFO - test average_precision, 0.9620
2025-09-29 16:55:20,479 - root - INFO - best test average_precision: 0.9620
2025-09-29 16:55:20,479 - root - INFO - test roc_auc, 0.9592
2025-09-29 16:55:20,479 - root - INFO - new node test loss: 0.3271
2025-09-29 16:55:20,479 - root - INFO - new node test average_precision, 0.9433
2025-09-29 16:55:20,479 - root - INFO - new node test roc_auc, 0.9371
2025-09-29 16:55:20,479 - root - INFO - save model ./saved_models/JODIE/wikipedia/JODIE_seed1/JODIE_seed1.pkl
2025-09-29 16:55:40,177 - root - INFO - Epoch: 32, learning rate: 0.0001, train loss: 0.2378
2025-09-29 16:55:40,177 - root - INFO - train average_precision, 0.9636
2025-09-29 16:55:40,177 - root - INFO - train roc_auc, 0.9628
2025-09-29 16:55:40,177 - root - INFO - validate loss: 0.2726
2025-09-29 16:55:40,178 - root - INFO - validate average_precision, 0.9607
2025-09-29 16:55:40,178 - root - INFO - validate roc_auc, 0.9568
2025-09-29 16:55:40,178 - root - INFO - new node validate loss: 0.3495
2025-09-29 16:55:40,178 - root - INFO - new node validate average_precision, 0.9300
2025-09-29 16:55:40,178 - root - INFO - new node validate roc_auc, 0.9211
2025-09-29 16:55:44,925 - root - INFO - test loss: 0.2794
2025-09-29 16:55:44,926 - root - INFO - test average_precision, 0.9588
2025-09-29 16:55:44,926 - root - INFO - best test average_precision: 0.9620
2025-09-29 16:55:44,926 - root - INFO - test roc_auc, 0.9557
2025-09-29 16:55:44,926 - root - INFO - new node test loss: 0.3338
2025-09-29 16:55:44,926 - root - INFO - new node test average_precision, 0.9406
2025-09-29 16:55:44,926 - root - INFO - new node test roc_auc, 0.9350
2025-09-29 16:56:03,325 - root - INFO - Epoch: 33, learning rate: 0.0001, train loss: 0.2378
2025-09-29 16:56:03,325 - root - INFO - train average_precision, 0.9636
2025-09-29 16:56:03,325 - root - INFO - train roc_auc, 0.9629
2025-09-29 16:56:03,326 - root - INFO - validate loss: 0.2726
2025-09-29 16:56:03,326 - root - INFO - validate average_precision, 0.9612
2025-09-29 16:56:03,326 - root - INFO - validate roc_auc, 0.9574
2025-09-29 16:56:03,326 - root - INFO - new node validate loss: 0.3506
2025-09-29 16:56:03,326 - root - INFO - new node validate average_precision, 0.9307
2025-09-29 16:56:03,326 - root - INFO - new node validate roc_auc, 0.9217
2025-09-29 16:56:08,062 - root - INFO - test loss: 0.2812
2025-09-29 16:56:08,062 - root - INFO - test average_precision, 0.9581
2025-09-29 16:56:08,062 - root - INFO - best test average_precision: 0.9620
2025-09-29 16:56:08,062 - root - INFO - test roc_auc, 0.9563
2025-09-29 16:56:08,062 - root - INFO - new node test loss: 0.3399
2025-09-29 16:56:08,062 - root - INFO - new node test average_precision, 0.9396
2025-09-29 16:56:08,062 - root - INFO - new node test roc_auc, 0.9348
2025-09-29 16:56:26,565 - root - INFO - Epoch: 34, learning rate: 0.0001, train loss: 0.2336
2025-09-29 16:56:26,566 - root - INFO - train average_precision, 0.9645
2025-09-29 16:56:26,566 - root - INFO - train roc_auc, 0.9639
2025-09-29 16:56:26,566 - root - INFO - validate loss: 0.2630
2025-09-29 16:56:26,566 - root - INFO - validate average_precision, 0.9627
2025-09-29 16:56:26,566 - root - INFO - validate roc_auc, 0.9590
2025-09-29 16:56:26,566 - root - INFO - new node validate loss: 0.3421
2025-09-29 16:56:26,566 - root - INFO - new node validate average_precision, 0.9321
2025-09-29 16:56:26,566 - root - INFO - new node validate roc_auc, 0.9232
2025-09-29 16:56:31,376 - root - INFO - test loss: 0.2666
2025-09-29 16:56:31,376 - root - INFO - test average_precision, 0.9616
2025-09-29 16:56:31,376 - root - INFO - best test average_precision: 0.9620
2025-09-29 16:56:31,376 - root - INFO - test roc_auc, 0.9585
2025-09-29 16:56:31,376 - root - INFO - new node test loss: 0.3257
2025-09-29 16:56:31,376 - root - INFO - new node test average_precision, 0.9440
2025-09-29 16:56:31,376 - root - INFO - new node test roc_auc, 0.9373
2025-09-29 16:56:31,376 - root - INFO - save model ./saved_models/JODIE/wikipedia/JODIE_seed1/JODIE_seed1.pkl
2025-09-29 16:56:51,011 - root - INFO - Epoch: 35, learning rate: 0.0001, train loss: 0.2306
2025-09-29 16:56:51,012 - root - INFO - train average_precision, 0.9656
2025-09-29 16:56:51,012 - root - INFO - train roc_auc, 0.9649
2025-09-29 16:56:51,012 - root - INFO - validate loss: 0.2756
2025-09-29 16:56:51,012 - root - INFO - validate average_precision, 0.9600
2025-09-29 16:56:51,012 - root - INFO - validate roc_auc, 0.9567
2025-09-29 16:56:51,012 - root - INFO - new node validate loss: 0.3475
2025-09-29 16:56:51,012 - root - INFO - new node validate average_precision, 0.9308
2025-09-29 16:56:51,012 - root - INFO - new node validate roc_auc, 0.9222
2025-09-29 16:56:55,741 - root - INFO - test loss: 0.2941
2025-09-29 16:56:55,741 - root - INFO - test average_precision, 0.9555
2025-09-29 16:56:55,742 - root - INFO - best test average_precision: 0.9620
2025-09-29 16:56:55,742 - root - INFO - test roc_auc, 0.9527
2025-09-29 16:56:55,742 - root - INFO - new node test loss: 0.3416
2025-09-29 16:56:55,742 - root - INFO - new node test average_precision, 0.9382
2025-09-29 16:56:55,742 - root - INFO - new node test roc_auc, 0.9334
2025-09-29 16:57:14,207 - root - INFO - Epoch: 36, learning rate: 0.0001, train loss: 0.2312
2025-09-29 16:57:14,207 - root - INFO - train average_precision, 0.9650
2025-09-29 16:57:14,207 - root - INFO - train roc_auc, 0.9644
2025-09-29 16:57:14,207 - root - INFO - validate loss: 0.2647
2025-09-29 16:57:14,207 - root - INFO - validate average_precision, 0.9634
2025-09-29 16:57:14,207 - root - INFO - validate roc_auc, 0.9599
2025-09-29 16:57:14,207 - root - INFO - new node validate loss: 0.3463
2025-09-29 16:57:14,207 - root - INFO - new node validate average_precision, 0.9322
2025-09-29 16:57:14,207 - root - INFO - new node validate roc_auc, 0.9236
2025-09-29 16:57:18,928 - root - INFO - test loss: 0.2734
2025-09-29 16:57:18,928 - root - INFO - test average_precision, 0.9601
2025-09-29 16:57:18,928 - root - INFO - best test average_precision: 0.9620
2025-09-29 16:57:18,928 - root - INFO - test roc_auc, 0.9585
2025-09-29 16:57:18,928 - root - INFO - new node test loss: 0.3299
2025-09-29 16:57:18,928 - root - INFO - new node test average_precision, 0.9428
2025-09-29 16:57:18,928 - root - INFO - new node test roc_auc, 0.9380
2025-09-29 16:57:18,928 - root - INFO - save model ./saved_models/JODIE/wikipedia/JODIE_seed1/JODIE_seed1.pkl
2025-09-29 16:57:38,580 - root - INFO - Epoch: 37, learning rate: 0.0001, train loss: 0.2319
2025-09-29 16:57:38,581 - root - INFO - train average_precision, 0.9651
2025-09-29 16:57:38,581 - root - INFO - train roc_auc, 0.9643
2025-09-29 16:57:38,581 - root - INFO - validate loss: 0.2638
2025-09-29 16:57:38,581 - root - INFO - validate average_precision, 0.9626
2025-09-29 16:57:38,581 - root - INFO - validate roc_auc, 0.9592
2025-09-29 16:57:38,581 - root - INFO - new node validate loss: 0.3414
2025-09-29 16:57:38,581 - root - INFO - new node validate average_precision, 0.9324
2025-09-29 16:57:38,581 - root - INFO - new node validate roc_auc, 0.9238
2025-09-29 16:57:43,363 - root - INFO - test loss: 0.2702
2025-09-29 16:57:43,363 - root - INFO - test average_precision, 0.9613
2025-09-29 16:57:43,363 - root - INFO - best test average_precision: 0.9620
2025-09-29 16:57:43,363 - root - INFO - test roc_auc, 0.9584
2025-09-29 16:57:43,363 - root - INFO - new node test loss: 0.3243
2025-09-29 16:57:43,363 - root - INFO - new node test average_precision, 0.9440
2025-09-29 16:57:43,363 - root - INFO - new node test roc_auc, 0.9395
2025-09-29 16:58:01,774 - root - INFO - Epoch: 38, learning rate: 0.0001, train loss: 0.2295
2025-09-29 16:58:01,775 - root - INFO - train average_precision, 0.9654
2025-09-29 16:58:01,775 - root - INFO - train roc_auc, 0.9650
2025-09-29 16:58:01,775 - root - INFO - validate loss: 0.2666
2025-09-29 16:58:01,775 - root - INFO - validate average_precision, 0.9626
2025-09-29 16:58:01,775 - root - INFO - validate roc_auc, 0.9589
2025-09-29 16:58:01,775 - root - INFO - new node validate loss: 0.3472
2025-09-29 16:58:01,775 - root - INFO - new node validate average_precision, 0.9323
2025-09-29 16:58:01,775 - root - INFO - new node validate roc_auc, 0.9234
2025-09-29 16:58:06,530 - root - INFO - test loss: 0.2705
2025-09-29 16:58:06,530 - root - INFO - test average_precision, 0.9608
2025-09-29 16:58:06,530 - root - INFO - best test average_precision: 0.9620
2025-09-29 16:58:06,530 - root - INFO - test roc_auc, 0.9584
2025-09-29 16:58:06,530 - root - INFO - new node test loss: 0.3333
2025-09-29 16:58:06,530 - root - INFO - new node test average_precision, 0.9413
2025-09-29 16:58:06,530 - root - INFO - new node test roc_auc, 0.9360
2025-09-29 16:58:24,944 - root - INFO - Epoch: 39, learning rate: 0.0001, train loss: 0.2280
2025-09-29 16:58:24,944 - root - INFO - train average_precision, 0.9661
2025-09-29 16:58:24,944 - root - INFO - train roc_auc, 0.9655
2025-09-29 16:58:24,944 - root - INFO - validate loss: 0.2643
2025-09-29 16:58:24,944 - root - INFO - validate average_precision, 0.9621
2025-09-29 16:58:24,944 - root - INFO - validate roc_auc, 0.9590
2025-09-29 16:58:24,944 - root - INFO - new node validate loss: 0.3467
2025-09-29 16:58:24,944 - root - INFO - new node validate average_precision, 0.9312
2025-09-29 16:58:24,945 - root - INFO - new node validate roc_auc, 0.9221
2025-09-29 16:58:29,665 - root - INFO - test loss: 0.2656
2025-09-29 16:58:29,665 - root - INFO - test average_precision, 0.9622
2025-09-29 16:58:29,666 - root - INFO - best test average_precision: 0.9622
2025-09-29 16:58:29,666 - root - INFO - test roc_auc, 0.9592
2025-09-29 16:58:29,666 - root - INFO - new node test loss: 0.3273
2025-09-29 16:58:29,666 - root - INFO - new node test average_precision, 0.9428
2025-09-29 16:58:29,666 - root - INFO - new node test roc_auc, 0.9375
2025-09-29 16:58:48,133 - root - INFO - Epoch: 40, learning rate: 0.0001, train loss: 0.2264
2025-09-29 16:58:48,133 - root - INFO - train average_precision, 0.9664
2025-09-29 16:58:48,133 - root - INFO - train roc_auc, 0.9659
2025-09-29 16:58:48,133 - root - INFO - validate loss: 0.2652
2025-09-29 16:58:48,133 - root - INFO - validate average_precision, 0.9636
2025-09-29 16:58:48,133 - root - INFO - validate roc_auc, 0.9597
2025-09-29 16:58:48,134 - root - INFO - new node validate loss: 0.3468
2025-09-29 16:58:48,134 - root - INFO - new node validate average_precision, 0.9325
2025-09-29 16:58:48,134 - root - INFO - new node validate roc_auc, 0.9234
2025-09-29 16:58:52,886 - root - INFO - test loss: 0.2667
2025-09-29 16:58:52,886 - root - INFO - test average_precision, 0.9622
2025-09-29 16:58:52,886 - root - INFO - best test average_precision: 0.9622
2025-09-29 16:58:52,886 - root - INFO - test roc_auc, 0.9593
2025-09-29 16:58:52,886 - root - INFO - new node test loss: 0.3246
2025-09-29 16:58:52,886 - root - INFO - new node test average_precision, 0.9449
2025-09-29 16:58:52,886 - root - INFO - new node test roc_auc, 0.9387
2025-09-29 16:59:11,387 - root - INFO - Epoch: 41, learning rate: 0.0001, train loss: 0.2260
2025-09-29 16:59:11,388 - root - INFO - train average_precision, 0.9664
2025-09-29 16:59:11,388 - root - INFO - train roc_auc, 0.9660
2025-09-29 16:59:11,388 - root - INFO - validate loss: 0.2628
2025-09-29 16:59:11,388 - root - INFO - validate average_precision, 0.9642
2025-09-29 16:59:11,388 - root - INFO - validate roc_auc, 0.9602
2025-09-29 16:59:11,388 - root - INFO - new node validate loss: 0.3412
2025-09-29 16:59:11,388 - root - INFO - new node validate average_precision, 0.9326
2025-09-29 16:59:11,388 - root - INFO - new node validate roc_auc, 0.9243
2025-09-29 16:59:16,146 - root - INFO - test loss: 0.2625
2025-09-29 16:59:16,147 - root - INFO - test average_precision, 0.9636
2025-09-29 16:59:16,147 - root - INFO - best test average_precision: 0.9636
2025-09-29 16:59:16,147 - root - INFO - test roc_auc, 0.9605
2025-09-29 16:59:16,147 - root - INFO - new node test loss: 0.3271
2025-09-29 16:59:16,147 - root - INFO - new node test average_precision, 0.9451
2025-09-29 16:59:16,147 - root - INFO - new node test roc_auc, 0.9386
2025-09-29 16:59:16,147 - root - INFO - save model ./saved_models/JODIE/wikipedia/JODIE_seed1/JODIE_seed1.pkl
2025-09-29 16:59:35,841 - root - INFO - Epoch: 42, learning rate: 0.0001, train loss: 0.2215
2025-09-29 16:59:35,842 - root - INFO - train average_precision, 0.9672
2025-09-29 16:59:35,842 - root - INFO - train roc_auc, 0.9671
2025-09-29 16:59:35,842 - root - INFO - validate loss: 0.2659
2025-09-29 16:59:35,842 - root - INFO - validate average_precision, 0.9647
2025-09-29 16:59:35,842 - root - INFO - validate roc_auc, 0.9605
2025-09-29 16:59:35,842 - root - INFO - new node validate loss: 0.3514
2025-09-29 16:59:35,842 - root - INFO - new node validate average_precision, 0.9316
2025-09-29 16:59:35,842 - root - INFO - new node validate roc_auc, 0.9228
2025-09-29 16:59:40,612 - root - INFO - test loss: 0.2696
2025-09-29 16:59:40,612 - root - INFO - test average_precision, 0.9631
2025-09-29 16:59:40,613 - root - INFO - best test average_precision: 0.9636
2025-09-29 16:59:40,613 - root - INFO - test roc_auc, 0.9599
2025-09-29 16:59:40,613 - root - INFO - new node test loss: 0.3282
2025-09-29 16:59:40,613 - root - INFO - new node test average_precision, 0.9439
2025-09-29 16:59:40,613 - root - INFO - new node test roc_auc, 0.9389
2025-09-29 16:59:40,613 - root - INFO - save model ./saved_models/JODIE/wikipedia/JODIE_seed1/JODIE_seed1.pkl
2025-09-29 17:00:00,259 - root - INFO - Epoch: 43, learning rate: 0.0001, train loss: 0.2195
2025-09-29 17:00:00,259 - root - INFO - train average_precision, 0.9680
2025-09-29 17:00:00,259 - root - INFO - train roc_auc, 0.9677
2025-09-29 17:00:00,259 - root - INFO - validate loss: 0.2608
2025-09-29 17:00:00,259 - root - INFO - validate average_precision, 0.9651
2025-09-29 17:00:00,259 - root - INFO - validate roc_auc, 0.9612
2025-09-29 17:00:00,259 - root - INFO - new node validate loss: 0.3445
2025-09-29 17:00:00,259 - root - INFO - new node validate average_precision, 0.9325
2025-09-29 17:00:00,260 - root - INFO - new node validate roc_auc, 0.9245
2025-09-29 17:00:04,994 - root - INFO - test loss: 0.2721
2025-09-29 17:00:04,994 - root - INFO - test average_precision, 0.9621
2025-09-29 17:00:04,994 - root - INFO - best test average_precision: 0.9636
2025-09-29 17:00:04,994 - root - INFO - test roc_auc, 0.9586
2025-09-29 17:00:04,994 - root - INFO - new node test loss: 0.3266
2025-09-29 17:00:04,994 - root - INFO - new node test average_precision, 0.9448
2025-09-29 17:00:04,994 - root - INFO - new node test roc_auc, 0.9386
2025-09-29 17:00:04,994 - root - INFO - save model ./saved_models/JODIE/wikipedia/JODIE_seed1/JODIE_seed1.pkl
2025-09-29 17:00:24,677 - root - INFO - Epoch: 44, learning rate: 0.0001, train loss: 0.2203
2025-09-29 17:00:24,678 - root - INFO - train average_precision, 0.9670
2025-09-29 17:00:24,678 - root - INFO - train roc_auc, 0.9672
2025-09-29 17:00:24,678 - root - INFO - validate loss: 0.2632
2025-09-29 17:00:24,678 - root - INFO - validate average_precision, 0.9648
2025-09-29 17:00:24,678 - root - INFO - validate roc_auc, 0.9610
2025-09-29 17:00:24,678 - root - INFO - new node validate loss: 0.3551
2025-09-29 17:00:24,678 - root - INFO - new node validate average_precision, 0.9311
2025-09-29 17:00:24,678 - root - INFO - new node validate roc_auc, 0.9220
2025-09-29 17:00:29,442 - root - INFO - test loss: 0.2687
2025-09-29 17:00:29,442 - root - INFO - test average_precision, 0.9628
2025-09-29 17:00:29,442 - root - INFO - best test average_precision: 0.9636
2025-09-29 17:00:29,442 - root - INFO - test roc_auc, 0.9599
2025-09-29 17:00:29,442 - root - INFO - new node test loss: 0.3364
2025-09-29 17:00:29,442 - root - INFO - new node test average_precision, 0.9420
2025-09-29 17:00:29,442 - root - INFO - new node test roc_auc, 0.9357
2025-09-29 17:00:47,847 - root - INFO - Epoch: 45, learning rate: 0.0001, train loss: 0.2184
2025-09-29 17:00:47,847 - root - INFO - train average_precision, 0.9681
2025-09-29 17:00:47,848 - root - INFO - train roc_auc, 0.9679
2025-09-29 17:00:47,848 - root - INFO - validate loss: 0.2570
2025-09-29 17:00:47,848 - root - INFO - validate average_precision, 0.9652
2025-09-29 17:00:47,848 - root - INFO - validate roc_auc, 0.9614
2025-09-29 17:00:47,848 - root - INFO - new node validate loss: 0.3461
2025-09-29 17:00:47,848 - root - INFO - new node validate average_precision, 0.9313
2025-09-29 17:00:47,848 - root - INFO - new node validate roc_auc, 0.9231
2025-09-29 17:00:52,596 - root - INFO - test loss: 0.2591
2025-09-29 17:00:52,596 - root - INFO - test average_precision, 0.9644
2025-09-29 17:00:52,596 - root - INFO - best test average_precision: 0.9644
2025-09-29 17:00:52,596 - root - INFO - test roc_auc, 0.9614
2025-09-29 17:00:52,596 - root - INFO - new node test loss: 0.3242
2025-09-29 17:00:52,596 - root - INFO - new node test average_precision, 0.9457
2025-09-29 17:00:52,596 - root - INFO - new node test roc_auc, 0.9390
2025-09-29 17:00:52,596 - root - INFO - save model ./saved_models/JODIE/wikipedia/JODIE_seed1/JODIE_seed1.pkl
2025-09-29 17:01:12,231 - root - INFO - Epoch: 46, learning rate: 0.0001, train loss: 0.2143
2025-09-29 17:01:12,231 - root - INFO - train average_precision, 0.9690
2025-09-29 17:01:12,231 - root - INFO - train roc_auc, 0.9690
2025-09-29 17:01:12,231 - root - INFO - validate loss: 0.2615
2025-09-29 17:01:12,232 - root - INFO - validate average_precision, 0.9651
2025-09-29 17:01:12,232 - root - INFO - validate roc_auc, 0.9615
2025-09-29 17:01:12,232 - root - INFO - new node validate loss: 0.3479
2025-09-29 17:01:12,232 - root - INFO - new node validate average_precision, 0.9331
2025-09-29 17:01:12,232 - root - INFO - new node validate roc_auc, 0.9251
2025-09-29 17:01:17,013 - root - INFO - test loss: 0.2647
2025-09-29 17:01:17,013 - root - INFO - test average_precision, 0.9633
2025-09-29 17:01:17,013 - root - INFO - best test average_precision: 0.9644
2025-09-29 17:01:17,013 - root - INFO - test roc_auc, 0.9608
2025-09-29 17:01:17,014 - root - INFO - new node test loss: 0.3294
2025-09-29 17:01:17,014 - root - INFO - new node test average_precision, 0.9440
2025-09-29 17:01:17,014 - root - INFO - new node test roc_auc, 0.9388
2025-09-29 17:01:35,486 - root - INFO - Epoch: 47, learning rate: 0.0001, train loss: 0.2143
2025-09-29 17:01:35,486 - root - INFO - train average_precision, 0.9691
2025-09-29 17:01:35,487 - root - INFO - train roc_auc, 0.9690
2025-09-29 17:01:35,487 - root - INFO - validate loss: 0.2601
2025-09-29 17:01:35,487 - root - INFO - validate average_precision, 0.9649
2025-09-29 17:01:35,487 - root - INFO - validate roc_auc, 0.9610
2025-09-29 17:01:35,487 - root - INFO - new node validate loss: 0.3493
2025-09-29 17:01:35,487 - root - INFO - new node validate average_precision, 0.9306
2025-09-29 17:01:35,487 - root - INFO - new node validate roc_auc, 0.9223
2025-09-29 17:01:40,244 - root - INFO - test loss: 0.2702
2025-09-29 17:01:40,244 - root - INFO - test average_precision, 0.9629
2025-09-29 17:01:40,244 - root - INFO - best test average_precision: 0.9644
2025-09-29 17:01:40,244 - root - INFO - test roc_auc, 0.9595
2025-09-29 17:01:40,244 - root - INFO - new node test loss: 0.3286
2025-09-29 17:01:40,244 - root - INFO - new node test average_precision, 0.9442
2025-09-29 17:01:40,244 - root - INFO - new node test roc_auc, 0.9373
2025-09-29 17:01:58,683 - root - INFO - Epoch: 48, learning rate: 0.0001, train loss: 0.2104
2025-09-29 17:01:58,683 - root - INFO - train average_precision, 0.9699
2025-09-29 17:01:58,683 - root - INFO - train roc_auc, 0.9699
2025-09-29 17:01:58,684 - root - INFO - validate loss: 0.2624
2025-09-29 17:01:58,684 - root - INFO - validate average_precision, 0.9653
2025-09-29 17:01:58,684 - root - INFO - validate roc_auc, 0.9616
2025-09-29 17:01:58,684 - root - INFO - new node validate loss: 0.3515
2025-09-29 17:01:58,684 - root - INFO - new node validate average_precision, 0.9321
2025-09-29 17:01:58,684 - root - INFO - new node validate roc_auc, 0.9240
2025-09-29 17:02:03,393 - root - INFO - test loss: 0.2679
2025-09-29 17:02:03,393 - root - INFO - test average_precision, 0.9647
2025-09-29 17:02:03,393 - root - INFO - best test average_precision: 0.9647
2025-09-29 17:02:03,393 - root - INFO - test roc_auc, 0.9612
2025-09-29 17:02:03,394 - root - INFO - new node test loss: 0.3256
2025-09-29 17:02:03,394 - root - INFO - new node test average_precision, 0.9468
2025-09-29 17:02:03,394 - root - INFO - new node test roc_auc, 0.9404
2025-09-29 17:02:03,394 - root - INFO - save model ./saved_models/JODIE/wikipedia/JODIE_seed1/JODIE_seed1.pkl
2025-09-29 17:02:23,029 - root - INFO - Epoch: 49, learning rate: 0.0001, train loss: 0.2099
2025-09-29 17:02:23,029 - root - INFO - train average_precision, 0.9699
2025-09-29 17:02:23,029 - root - INFO - train roc_auc, 0.9700
2025-09-29 17:02:23,029 - root - INFO - validate loss: 0.2595
2025-09-29 17:02:23,029 - root - INFO - validate average_precision, 0.9652
2025-09-29 17:02:23,029 - root - INFO - validate roc_auc, 0.9616
2025-09-29 17:02:23,029 - root - INFO - new node validate loss: 0.3487
2025-09-29 17:02:23,029 - root - INFO - new node validate average_precision, 0.9320
2025-09-29 17:02:23,029 - root - INFO - new node validate roc_auc, 0.9233
2025-09-29 17:02:27,763 - root - INFO - test loss: 0.2658
2025-09-29 17:02:27,764 - root - INFO - test average_precision, 0.9645
2025-09-29 17:02:27,764 - root - INFO - best test average_precision: 0.9647
2025-09-29 17:02:27,764 - root - INFO - test roc_auc, 0.9612
2025-09-29 17:02:27,764 - root - INFO - new node test loss: 0.3242
2025-09-29 17:02:27,764 - root - INFO - new node test average_precision, 0.9459
2025-09-29 17:02:27,764 - root - INFO - new node test roc_auc, 0.9391
2025-09-29 17:02:46,263 - root - INFO - Epoch: 50, learning rate: 0.0001, train loss: 0.2098
2025-09-29 17:02:46,263 - root - INFO - train average_precision, 0.9698
2025-09-29 17:02:46,263 - root - INFO - train roc_auc, 0.9699
2025-09-29 17:02:46,263 - root - INFO - validate loss: 0.2646
2025-09-29 17:02:46,263 - root - INFO - validate average_precision, 0.9651
2025-09-29 17:02:46,263 - root - INFO - validate roc_auc, 0.9612
2025-09-29 17:02:46,263 - root - INFO - new node validate loss: 0.3531
2025-09-29 17:02:46,263 - root - INFO - new node validate average_precision, 0.9320
2025-09-29 17:02:46,263 - root - INFO - new node validate roc_auc, 0.9233
2025-09-29 17:02:50,999 - root - INFO - test loss: 0.2709
2025-09-29 17:02:51,000 - root - INFO - test average_precision, 0.9625
2025-09-29 17:02:51,000 - root - INFO - best test average_precision: 0.9647
2025-09-29 17:02:51,000 - root - INFO - test roc_auc, 0.9595
2025-09-29 17:02:51,000 - root - INFO - new node test loss: 0.3269
2025-09-29 17:02:51,000 - root - INFO - new node test average_precision, 0.9443
2025-09-29 17:02:51,000 - root - INFO - new node test roc_auc, 0.9381
2025-09-29 17:03:09,432 - root - INFO - Epoch: 51, learning rate: 0.0001, train loss: 0.2084
2025-09-29 17:03:09,432 - root - INFO - train average_precision, 0.9707
2025-09-29 17:03:09,432 - root - INFO - train roc_auc, 0.9705
2025-09-29 17:03:09,432 - root - INFO - validate loss: 0.2629
2025-09-29 17:03:09,432 - root - INFO - validate average_precision, 0.9655
2025-09-29 17:03:09,432 - root - INFO - validate roc_auc, 0.9616
2025-09-29 17:03:09,433 - root - INFO - new node validate loss: 0.3518
2025-09-29 17:03:09,433 - root - INFO - new node validate average_precision, 0.9324
2025-09-29 17:03:09,433 - root - INFO - new node validate roc_auc, 0.9239
2025-09-29 17:03:14,182 - root - INFO - test loss: 0.2702
2025-09-29 17:03:14,182 - root - INFO - test average_precision, 0.9640
2025-09-29 17:03:14,182 - root - INFO - best test average_precision: 0.9647
2025-09-29 17:03:14,182 - root - INFO - test roc_auc, 0.9608
2025-09-29 17:03:14,182 - root - INFO - new node test loss: 0.3316
2025-09-29 17:03:14,182 - root - INFO - new node test average_precision, 0.9452
2025-09-29 17:03:14,182 - root - INFO - new node test roc_auc, 0.9385
2025-09-29 17:03:32,616 - root - INFO - Epoch: 52, learning rate: 0.0001, train loss: 0.2073
2025-09-29 17:03:32,617 - root - INFO - train average_precision, 0.9704
2025-09-29 17:03:32,617 - root - INFO - train roc_auc, 0.9706
2025-09-29 17:03:32,617 - root - INFO - validate loss: 0.2615
2025-09-29 17:03:32,617 - root - INFO - validate average_precision, 0.9661
2025-09-29 17:03:32,617 - root - INFO - validate roc_auc, 0.9622
2025-09-29 17:03:32,617 - root - INFO - new node validate loss: 0.3480
2025-09-29 17:03:32,617 - root - INFO - new node validate average_precision, 0.9328
2025-09-29 17:03:32,617 - root - INFO - new node validate roc_auc, 0.9250
2025-09-29 17:03:37,345 - root - INFO - test loss: 0.2666
2025-09-29 17:03:37,345 - root - INFO - test average_precision, 0.9642
2025-09-29 17:03:37,345 - root - INFO - best test average_precision: 0.9647
2025-09-29 17:03:37,345 - root - INFO - test roc_auc, 0.9611
2025-09-29 17:03:37,345 - root - INFO - new node test loss: 0.3268
2025-09-29 17:03:37,345 - root - INFO - new node test average_precision, 0.9454
2025-09-29 17:03:37,345 - root - INFO - new node test roc_auc, 0.9395
2025-09-29 17:03:37,345 - root - INFO - save model ./saved_models/JODIE/wikipedia/JODIE_seed1/JODIE_seed1.pkl
2025-09-29 17:03:56,960 - root - INFO - Epoch: 53, learning rate: 0.0001, train loss: 0.2068
2025-09-29 17:03:56,961 - root - INFO - train average_precision, 0.9705
2025-09-29 17:03:56,961 - root - INFO - train roc_auc, 0.9708
2025-09-29 17:03:56,961 - root - INFO - validate loss: 0.2607
2025-09-29 17:03:56,961 - root - INFO - validate average_precision, 0.9663
2025-09-29 17:03:56,961 - root - INFO - validate roc_auc, 0.9624
2025-09-29 17:03:56,961 - root - INFO - new node validate loss: 0.3454
2025-09-29 17:03:56,961 - root - INFO - new node validate average_precision, 0.9341
2025-09-29 17:03:56,961 - root - INFO - new node validate roc_auc, 0.9261
2025-09-29 17:04:01,682 - root - INFO - test loss: 0.2630
2025-09-29 17:04:01,682 - root - INFO - test average_precision, 0.9651
2025-09-29 17:04:01,682 - root - INFO - best test average_precision: 0.9651
2025-09-29 17:04:01,682 - root - INFO - test roc_auc, 0.9621
2025-09-29 17:04:01,682 - root - INFO - new node test loss: 0.3127
2025-09-29 17:04:01,682 - root - INFO - new node test average_precision, 0.9491
2025-09-29 17:04:01,682 - root - INFO - new node test roc_auc, 0.9434
2025-09-29 17:04:01,682 - root - INFO - save model ./saved_models/JODIE/wikipedia/JODIE_seed1/JODIE_seed1.pkl
2025-09-29 17:04:21,242 - root - INFO - Epoch: 54, learning rate: 0.0001, train loss: 0.2042
2025-09-29 17:04:21,242 - root - INFO - train average_precision, 0.9711
2025-09-29 17:04:21,242 - root - INFO - train roc_auc, 0.9714
2025-09-29 17:04:21,242 - root - INFO - validate loss: 0.2547
2025-09-29 17:04:21,242 - root - INFO - validate average_precision, 0.9668
2025-09-29 17:04:21,242 - root - INFO - validate roc_auc, 0.9629
2025-09-29 17:04:21,243 - root - INFO - new node validate loss: 0.3439
2025-09-29 17:04:21,243 - root - INFO - new node validate average_precision, 0.9333
2025-09-29 17:04:21,243 - root - INFO - new node validate roc_auc, 0.9250
2025-09-29 17:04:25,985 - root - INFO - test loss: 0.2584
2025-09-29 17:04:25,985 - root - INFO - test average_precision, 0.9664
2025-09-29 17:04:25,985 - root - INFO - best test average_precision: 0.9664
2025-09-29 17:04:25,985 - root - INFO - test roc_auc, 0.9631
2025-09-29 17:04:25,985 - root - INFO - new node test loss: 0.3170
2025-09-29 17:04:25,985 - root - INFO - new node test average_precision, 0.9480
2025-09-29 17:04:25,985 - root - INFO - new node test roc_auc, 0.9418
2025-09-29 17:04:25,985 - root - INFO - save model ./saved_models/JODIE/wikipedia/JODIE_seed1/JODIE_seed1.pkl
2025-09-29 17:04:45,524 - root - INFO - Epoch: 55, learning rate: 0.0001, train loss: 0.2017
2025-09-29 17:04:45,525 - root - INFO - train average_precision, 0.9717
2025-09-29 17:04:45,525 - root - INFO - train roc_auc, 0.9720
2025-09-29 17:04:45,525 - root - INFO - validate loss: 0.2615
2025-09-29 17:04:45,525 - root - INFO - validate average_precision, 0.9661
2025-09-29 17:04:45,525 - root - INFO - validate roc_auc, 0.9624
2025-09-29 17:04:45,525 - root - INFO - new node validate loss: 0.3514
2025-09-29 17:04:45,525 - root - INFO - new node validate average_precision, 0.9325
2025-09-29 17:04:45,525 - root - INFO - new node validate roc_auc, 0.9240
2025-09-29 17:04:50,271 - root - INFO - test loss: 0.2677
2025-09-29 17:04:50,271 - root - INFO - test average_precision, 0.9641
2025-09-29 17:04:50,272 - root - INFO - best test average_precision: 0.9664
2025-09-29 17:04:50,272 - root - INFO - test roc_auc, 0.9612
2025-09-29 17:04:50,272 - root - INFO - new node test loss: 0.3255
2025-09-29 17:04:50,272 - root - INFO - new node test average_precision, 0.9464
2025-09-29 17:04:50,272 - root - INFO - new node test roc_auc, 0.9398
2025-09-29 17:05:08,799 - root - INFO - Epoch: 56, learning rate: 0.0001, train loss: 0.2027
2025-09-29 17:05:08,799 - root - INFO - train average_precision, 0.9717
2025-09-29 17:05:08,799 - root - INFO - train roc_auc, 0.9718
2025-09-29 17:05:08,799 - root - INFO - validate loss: 0.2599
2025-09-29 17:05:08,799 - root - INFO - validate average_precision, 0.9663
2025-09-29 17:05:08,799 - root - INFO - validate roc_auc, 0.9622
2025-09-29 17:05:08,799 - root - INFO - new node validate loss: 0.3465
2025-09-29 17:05:08,799 - root - INFO - new node validate average_precision, 0.9335
2025-09-29 17:05:08,799 - root - INFO - new node validate roc_auc, 0.9254
2025-09-29 17:05:13,501 - root - INFO - test loss: 0.2674
2025-09-29 17:05:13,502 - root - INFO - test average_precision, 0.9650
2025-09-29 17:05:13,502 - root - INFO - best test average_precision: 0.9664
2025-09-29 17:05:13,502 - root - INFO - test roc_auc, 0.9615
2025-09-29 17:05:13,502 - root - INFO - new node test loss: 0.3187
2025-09-29 17:05:13,502 - root - INFO - new node test average_precision, 0.9483
2025-09-29 17:05:13,502 - root - INFO - new node test roc_auc, 0.9412
2025-09-29 17:05:31,971 - root - INFO - Epoch: 57, learning rate: 0.0001, train loss: 0.2034
2025-09-29 17:05:31,971 - root - INFO - train average_precision, 0.9712
2025-09-29 17:05:31,971 - root - INFO - train roc_auc, 0.9717
2025-09-29 17:05:31,971 - root - INFO - validate loss: 0.2626
2025-09-29 17:05:31,971 - root - INFO - validate average_precision, 0.9661
2025-09-29 17:05:31,971 - root - INFO - validate roc_auc, 0.9623
2025-09-29 17:05:31,971 - root - INFO - new node validate loss: 0.3506
2025-09-29 17:05:31,971 - root - INFO - new node validate average_precision, 0.9327
2025-09-29 17:05:31,971 - root - INFO - new node validate roc_auc, 0.9246
2025-09-29 17:05:36,675 - root - INFO - test loss: 0.2700
2025-09-29 17:05:36,675 - root - INFO - test average_precision, 0.9638
2025-09-29 17:05:36,675 - root - INFO - best test average_precision: 0.9664
2025-09-29 17:05:36,676 - root - INFO - test roc_auc, 0.9610
2025-09-29 17:05:36,676 - root - INFO - new node test loss: 0.3222
2025-09-29 17:05:36,676 - root - INFO - new node test average_precision, 0.9469
2025-09-29 17:05:36,676 - root - INFO - new node test roc_auc, 0.9409
2025-09-29 17:05:55,129 - root - INFO - Epoch: 58, learning rate: 0.0001, train loss: 0.2006
2025-09-29 17:05:55,129 - root - INFO - train average_precision, 0.9723
2025-09-29 17:05:55,129 - root - INFO - train roc_auc, 0.9723
2025-09-29 17:05:55,129 - root - INFO - validate loss: 0.2629
2025-09-29 17:05:55,130 - root - INFO - validate average_precision, 0.9663
2025-09-29 17:05:55,130 - root - INFO - validate roc_auc, 0.9622
2025-09-29 17:05:55,130 - root - INFO - new node validate loss: 0.3480
2025-09-29 17:05:55,130 - root - INFO - new node validate average_precision, 0.9339
2025-09-29 17:05:55,130 - root - INFO - new node validate roc_auc, 0.9254
2025-09-29 17:05:59,897 - root - INFO - test loss: 0.2734
2025-09-29 17:05:59,897 - root - INFO - test average_precision, 0.9637
2025-09-29 17:05:59,897 - root - INFO - best test average_precision: 0.9664
2025-09-29 17:05:59,897 - root - INFO - test roc_auc, 0.9604
2025-09-29 17:05:59,897 - root - INFO - new node test loss: 0.3256
2025-09-29 17:05:59,898 - root - INFO - new node test average_precision, 0.9464
2025-09-29 17:05:59,898 - root - INFO - new node test roc_auc, 0.9399
2025-09-29 17:06:18,307 - root - INFO - Epoch: 59, learning rate: 0.0001, train loss: 0.2013
2025-09-29 17:06:18,307 - root - INFO - train average_precision, 0.9718
2025-09-29 17:06:18,307 - root - INFO - train roc_auc, 0.9720
2025-09-29 17:06:18,307 - root - INFO - validate loss: 0.2689
2025-09-29 17:06:18,307 - root - INFO - validate average_precision, 0.9654
2025-09-29 17:06:18,307 - root - INFO - validate roc_auc, 0.9609
2025-09-29 17:06:18,307 - root - INFO - new node validate loss: 0.3548
2025-09-29 17:06:18,307 - root - INFO - new node validate average_precision, 0.9329
2025-09-29 17:06:18,307 - root - INFO - new node validate roc_auc, 0.9243
2025-09-29 17:06:23,045 - root - INFO - test loss: 0.2854
2025-09-29 17:06:23,045 - root - INFO - test average_precision, 0.9614
2025-09-29 17:06:23,045 - root - INFO - best test average_precision: 0.9664
2025-09-29 17:06:23,046 - root - INFO - test roc_auc, 0.9575
2025-09-29 17:06:23,046 - root - INFO - new node test loss: 0.3332
2025-09-29 17:06:23,046 - root - INFO - new node test average_precision, 0.9452
2025-09-29 17:06:23,046 - root - INFO - new node test roc_auc, 0.9380
2025-09-29 17:06:41,500 - root - INFO - Epoch: 60, learning rate: 0.0001, train loss: 0.2026
2025-09-29 17:06:41,500 - root - INFO - train average_precision, 0.9714
2025-09-29 17:06:41,500 - root - INFO - train roc_auc, 0.9718
2025-09-29 17:06:41,500 - root - INFO - validate loss: 0.2619
2025-09-29 17:06:41,500 - root - INFO - validate average_precision, 0.9663
2025-09-29 17:06:41,500 - root - INFO - validate roc_auc, 0.9624
2025-09-29 17:06:41,500 - root - INFO - new node validate loss: 0.3494
2025-09-29 17:06:41,501 - root - INFO - new node validate average_precision, 0.9334
2025-09-29 17:06:41,501 - root - INFO - new node validate roc_auc, 0.9254
2025-09-29 17:06:46,229 - root - INFO - test loss: 0.2682
2025-09-29 17:06:46,229 - root - INFO - test average_precision, 0.9643
2025-09-29 17:06:46,229 - root - INFO - best test average_precision: 0.9664
2025-09-29 17:06:46,229 - root - INFO - test roc_auc, 0.9616
2025-09-29 17:06:46,229 - root - INFO - new node test loss: 0.3147
2025-09-29 17:06:46,229 - root - INFO - new node test average_precision, 0.9486
2025-09-29 17:06:46,229 - root - INFO - new node test roc_auc, 0.9432
2025-09-29 17:07:04,701 - root - INFO - Epoch: 61, learning rate: 0.0001, train loss: 0.2024
2025-09-29 17:07:04,701 - root - INFO - train average_precision, 0.9714
2025-09-29 17:07:04,702 - root - INFO - train roc_auc, 0.9719
2025-09-29 17:07:04,702 - root - INFO - validate loss: 0.2591
2025-09-29 17:07:04,702 - root - INFO - validate average_precision, 0.9668
2025-09-29 17:07:04,702 - root - INFO - validate roc_auc, 0.9628
2025-09-29 17:07:04,702 - root - INFO - new node validate loss: 0.3492
2025-09-29 17:07:04,702 - root - INFO - new node validate average_precision, 0.9338
2025-09-29 17:07:04,702 - root - INFO - new node validate roc_auc, 0.9254
2025-09-29 17:07:09,449 - root - INFO - test loss: 0.2636
2025-09-29 17:07:09,449 - root - INFO - test average_precision, 0.9659
2025-09-29 17:07:09,449 - root - INFO - best test average_precision: 0.9664
2025-09-29 17:07:09,450 - root - INFO - test roc_auc, 0.9631
2025-09-29 17:07:09,450 - root - INFO - new node test loss: 0.3176
2025-09-29 17:07:09,450 - root - INFO - new node test average_precision, 0.9493
2025-09-29 17:07:09,450 - root - INFO - new node test roc_auc, 0.9434
2025-09-29 17:07:27,917 - root - INFO - Epoch: 62, learning rate: 0.0001, train loss: 0.1980
2025-09-29 17:07:27,917 - root - INFO - train average_precision, 0.9723
2025-09-29 17:07:27,918 - root - INFO - train roc_auc, 0.9729
2025-09-29 17:07:27,918 - root - INFO - validate loss: 0.2592
2025-09-29 17:07:27,918 - root - INFO - validate average_precision, 0.9671
2025-09-29 17:07:27,918 - root - INFO - validate roc_auc, 0.9629
2025-09-29 17:07:27,918 - root - INFO - new node validate loss: 0.3478
2025-09-29 17:07:27,918 - root - INFO - new node validate average_precision, 0.9330
2025-09-29 17:07:27,918 - root - INFO - new node validate roc_auc, 0.9249
2025-09-29 17:07:32,681 - root - INFO - test loss: 0.2689
2025-09-29 17:07:32,681 - root - INFO - test average_precision, 0.9648
2025-09-29 17:07:32,681 - root - INFO - best test average_precision: 0.9664
2025-09-29 17:07:32,681 - root - INFO - test roc_auc, 0.9614
2025-09-29 17:07:32,681 - root - INFO - new node test loss: 0.3164
2025-09-29 17:07:32,681 - root - INFO - new node test average_precision, 0.9489
2025-09-29 17:07:32,681 - root - INFO - new node test roc_auc, 0.9430
2025-09-29 17:07:32,681 - root - INFO - save model ./saved_models/JODIE/wikipedia/JODIE_seed1/JODIE_seed1.pkl
2025-09-29 17:07:52,246 - root - INFO - Epoch: 63, learning rate: 0.0001, train loss: 0.1965
2025-09-29 17:07:52,246 - root - INFO - train average_precision, 0.9727
2025-09-29 17:07:52,246 - root - INFO - train roc_auc, 0.9733
2025-09-29 17:07:52,246 - root - INFO - validate loss: 0.2623
2025-09-29 17:07:52,246 - root - INFO - validate average_precision, 0.9661
2025-09-29 17:07:52,246 - root - INFO - validate roc_auc, 0.9617
2025-09-29 17:07:52,247 - root - INFO - new node validate loss: 0.3523
2025-09-29 17:07:52,247 - root - INFO - new node validate average_precision, 0.9323
2025-09-29 17:07:52,247 - root - INFO - new node validate roc_auc, 0.9237
2025-09-29 17:07:56,996 - root - INFO - test loss: 0.2714
2025-09-29 17:07:56,996 - root - INFO - test average_precision, 0.9637
2025-09-29 17:07:56,996 - root - INFO - best test average_precision: 0.9664
2025-09-29 17:07:56,997 - root - INFO - test roc_auc, 0.9603
2025-09-29 17:07:56,997 - root - INFO - new node test loss: 0.3212
2025-09-29 17:07:56,997 - root - INFO - new node test average_precision, 0.9475
2025-09-29 17:07:56,997 - root - INFO - new node test roc_auc, 0.9410
2025-09-29 17:08:15,420 - root - INFO - Epoch: 64, learning rate: 0.0001, train loss: 0.1983
2025-09-29 17:08:15,420 - root - INFO - train average_precision, 0.9722
2025-09-29 17:08:15,420 - root - INFO - train roc_auc, 0.9727
2025-09-29 17:08:15,420 - root - INFO - validate loss: 0.2619
2025-09-29 17:08:15,420 - root - INFO - validate average_precision, 0.9670
2025-09-29 17:08:15,420 - root - INFO - validate roc_auc, 0.9628
2025-09-29 17:08:15,420 - root - INFO - new node validate loss: 0.3522
2025-09-29 17:08:15,421 - root - INFO - new node validate average_precision, 0.9340
2025-09-29 17:08:15,421 - root - INFO - new node validate roc_auc, 0.9253
2025-09-29 17:08:20,170 - root - INFO - test loss: 0.2686
2025-09-29 17:08:20,170 - root - INFO - test average_precision, 0.9657
2025-09-29 17:08:20,170 - root - INFO - best test average_precision: 0.9664
2025-09-29 17:08:20,170 - root - INFO - test roc_auc, 0.9624
2025-09-29 17:08:20,170 - root - INFO - new node test loss: 0.3253
2025-09-29 17:08:20,170 - root - INFO - new node test average_precision, 0.9479
2025-09-29 17:08:20,170 - root - INFO - new node test roc_auc, 0.9422
2025-09-29 17:08:38,628 - root - INFO - Epoch: 65, learning rate: 0.0001, train loss: 0.1950
2025-09-29 17:08:38,628 - root - INFO - train average_precision, 0.9730
2025-09-29 17:08:38,628 - root - INFO - train roc_auc, 0.9735
2025-09-29 17:08:38,629 - root - INFO - validate loss: 0.2579
2025-09-29 17:08:38,629 - root - INFO - validate average_precision, 0.9672
2025-09-29 17:08:38,629 - root - INFO - validate roc_auc, 0.9634
2025-09-29 17:08:38,629 - root - INFO - new node validate loss: 0.3488
2025-09-29 17:08:38,629 - root - INFO - new node validate average_precision, 0.9339
2025-09-29 17:08:38,629 - root - INFO - new node validate roc_auc, 0.9255
2025-09-29 17:08:43,395 - root - INFO - test loss: 0.2638
2025-09-29 17:08:43,395 - root - INFO - test average_precision, 0.9651
2025-09-29 17:08:43,395 - root - INFO - best test average_precision: 0.9664
2025-09-29 17:08:43,395 - root - INFO - test roc_auc, 0.9627
2025-09-29 17:08:43,395 - root - INFO - new node test loss: 0.3241
2025-09-29 17:08:43,395 - root - INFO - new node test average_precision, 0.9470
2025-09-29 17:08:43,395 - root - INFO - new node test roc_auc, 0.9416
2025-09-29 17:08:43,396 - root - INFO - save model ./saved_models/JODIE/wikipedia/JODIE_seed1/JODIE_seed1.pkl
2025-09-29 17:09:03,088 - root - INFO - Epoch: 66, learning rate: 0.0001, train loss: 0.1949
2025-09-29 17:09:03,089 - root - INFO - train average_precision, 0.9731
2025-09-29 17:09:03,089 - root - INFO - train roc_auc, 0.9735
2025-09-29 17:09:03,089 - root - INFO - validate loss: 0.2605
2025-09-29 17:09:03,089 - root - INFO - validate average_precision, 0.9671
2025-09-29 17:09:03,089 - root - INFO - validate roc_auc, 0.9630
2025-09-29 17:09:03,089 - root - INFO - new node validate loss: 0.3483
2025-09-29 17:09:03,089 - root - INFO - new node validate average_precision, 0.9340
2025-09-29 17:09:03,089 - root - INFO - new node validate roc_auc, 0.9257
2025-09-29 17:09:07,805 - root - INFO - test loss: 0.2692
2025-09-29 17:09:07,806 - root - INFO - test average_precision, 0.9652
2025-09-29 17:09:07,806 - root - INFO - best test average_precision: 0.9664
2025-09-29 17:09:07,806 - root - INFO - test roc_auc, 0.9617
2025-09-29 17:09:07,806 - root - INFO - new node test loss: 0.3242
2025-09-29 17:09:07,806 - root - INFO - new node test average_precision, 0.9468
2025-09-29 17:09:07,806 - root - INFO - new node test roc_auc, 0.9413
2025-09-29 17:09:26,258 - root - INFO - Epoch: 67, learning rate: 0.0001, train loss: 0.1934
2025-09-29 17:09:26,259 - root - INFO - train average_precision, 0.9734
2025-09-29 17:09:26,259 - root - INFO - train roc_auc, 0.9740
2025-09-29 17:09:26,259 - root - INFO - validate loss: 0.2667
2025-09-29 17:09:26,259 - root - INFO - validate average_precision, 0.9671
2025-09-29 17:09:26,259 - root - INFO - validate roc_auc, 0.9628
2025-09-29 17:09:26,259 - root - INFO - new node validate loss: 0.3533
2025-09-29 17:09:26,259 - root - INFO - new node validate average_precision, 0.9340
2025-09-29 17:09:26,259 - root - INFO - new node validate roc_auc, 0.9254
2025-09-29 17:09:30,998 - root - INFO - test loss: 0.2780
2025-09-29 17:09:30,998 - root - INFO - test average_precision, 0.9648
2025-09-29 17:09:30,998 - root - INFO - best test average_precision: 0.9664
2025-09-29 17:09:30,998 - root - INFO - test roc_auc, 0.9612
2025-09-29 17:09:30,999 - root - INFO - new node test loss: 0.3283
2025-09-29 17:09:30,999 - root - INFO - new node test average_precision, 0.9483
2025-09-29 17:09:30,999 - root - INFO - new node test roc_auc, 0.9419
2025-09-29 17:09:49,375 - root - INFO - Epoch: 68, learning rate: 0.0001, train loss: 0.1940
2025-09-29 17:09:49,375 - root - INFO - train average_precision, 0.9734
2025-09-29 17:09:49,375 - root - INFO - train roc_auc, 0.9739
2025-09-29 17:09:49,375 - root - INFO - validate loss: 0.2674
2025-09-29 17:09:49,375 - root - INFO - validate average_precision, 0.9665
2025-09-29 17:09:49,375 - root - INFO - validate roc_auc, 0.9621
2025-09-29 17:09:49,375 - root - INFO - new node validate loss: 0.3575
2025-09-29 17:09:49,375 - root - INFO - new node validate average_precision, 0.9331
2025-09-29 17:09:49,375 - root - INFO - new node validate roc_auc, 0.9239
2025-09-29 17:09:54,120 - root - INFO - test loss: 0.2833
2025-09-29 17:09:54,120 - root - INFO - test average_precision, 0.9627
2025-09-29 17:09:54,120 - root - INFO - best test average_precision: 0.9664
2025-09-29 17:09:54,120 - root - INFO - test roc_auc, 0.9591
2025-09-29 17:09:54,120 - root - INFO - new node test loss: 0.3322
2025-09-29 17:09:54,120 - root - INFO - new node test average_precision, 0.9457
2025-09-29 17:09:54,120 - root - INFO - new node test roc_auc, 0.9390
2025-09-29 17:10:12,653 - root - INFO - Epoch: 69, learning rate: 0.0001, train loss: 0.1927
2025-09-29 17:10:12,653 - root - INFO - train average_precision, 0.9734
2025-09-29 17:10:12,653 - root - INFO - train roc_auc, 0.9740
2025-09-29 17:10:12,653 - root - INFO - validate loss: 0.2628
2025-09-29 17:10:12,653 - root - INFO - validate average_precision, 0.9671
2025-09-29 17:10:12,653 - root - INFO - validate roc_auc, 0.9632
2025-09-29 17:10:12,654 - root - INFO - new node validate loss: 0.3523
2025-09-29 17:10:12,654 - root - INFO - new node validate average_precision, 0.9339
2025-09-29 17:10:12,654 - root - INFO - new node validate roc_auc, 0.9256
2025-09-29 17:10:17,442 - root - INFO - test loss: 0.2715
2025-09-29 17:10:17,442 - root - INFO - test average_precision, 0.9642
2025-09-29 17:10:17,443 - root - INFO - best test average_precision: 0.9664
2025-09-29 17:10:17,443 - root - INFO - test roc_auc, 0.9613
2025-09-29 17:10:17,443 - root - INFO - new node test loss: 0.3256
2025-09-29 17:10:17,443 - root - INFO - new node test average_precision, 0.9491
2025-09-29 17:10:17,443 - root - INFO - new node test roc_auc, 0.9431
2025-09-29 17:10:35,892 - root - INFO - Epoch: 70, learning rate: 0.0001, train loss: 0.1890
2025-09-29 17:10:35,892 - root - INFO - train average_precision, 0.9739
2025-09-29 17:10:35,892 - root - INFO - train roc_auc, 0.9747
2025-09-29 17:10:35,892 - root - INFO - validate loss: 0.2695
2025-09-29 17:10:35,892 - root - INFO - validate average_precision, 0.9671
2025-09-29 17:10:35,892 - root - INFO - validate roc_auc, 0.9633
2025-09-29 17:10:35,892 - root - INFO - new node validate loss: 0.3578
2025-09-29 17:10:35,892 - root - INFO - new node validate average_precision, 0.9335
2025-09-29 17:10:35,892 - root - INFO - new node validate roc_auc, 0.9255
2025-09-29 17:10:40,619 - root - INFO - test loss: 0.2776
2025-09-29 17:10:40,619 - root - INFO - test average_precision, 0.9647
2025-09-29 17:10:40,619 - root - INFO - best test average_precision: 0.9664
2025-09-29 17:10:40,619 - root - INFO - test roc_auc, 0.9617
2025-09-29 17:10:40,619 - root - INFO - new node test loss: 0.3269
2025-09-29 17:10:40,619 - root - INFO - new node test average_precision, 0.9495
2025-09-29 17:10:40,619 - root - INFO - new node test roc_auc, 0.9432
2025-09-29 17:10:59,149 - root - INFO - Epoch: 71, learning rate: 0.0001, train loss: 0.1903
2025-09-29 17:10:59,149 - root - INFO - train average_precision, 0.9737
2025-09-29 17:10:59,149 - root - INFO - train roc_auc, 0.9745
2025-09-29 17:10:59,149 - root - INFO - validate loss: 0.2642
2025-09-29 17:10:59,149 - root - INFO - validate average_precision, 0.9674
2025-09-29 17:10:59,149 - root - INFO - validate roc_auc, 0.9633
2025-09-29 17:10:59,149 - root - INFO - new node validate loss: 0.3547
2025-09-29 17:10:59,149 - root - INFO - new node validate average_precision, 0.9338
2025-09-29 17:10:59,149 - root - INFO - new node validate roc_auc, 0.9253
2025-09-29 17:11:03,871 - root - INFO - test loss: 0.2788
2025-09-29 17:11:03,871 - root - INFO - test average_precision, 0.9636
2025-09-29 17:11:03,871 - root - INFO - best test average_precision: 0.9664
2025-09-29 17:11:03,871 - root - INFO - test roc_auc, 0.9607
2025-09-29 17:11:03,871 - root - INFO - new node test loss: 0.3209
2025-09-29 17:11:03,871 - root - INFO - new node test average_precision, 0.9494
2025-09-29 17:11:03,872 - root - INFO - new node test roc_auc, 0.9432
2025-09-29 17:11:22,307 - root - INFO - Epoch: 72, learning rate: 0.0001, train loss: 0.1884
2025-09-29 17:11:22,307 - root - INFO - train average_precision, 0.9747
2025-09-29 17:11:22,308 - root - INFO - train roc_auc, 0.9752
2025-09-29 17:11:22,308 - root - INFO - validate loss: 0.2688
2025-09-29 17:11:22,308 - root - INFO - validate average_precision, 0.9666
2025-09-29 17:11:22,308 - root - INFO - validate roc_auc, 0.9621
2025-09-29 17:11:22,308 - root - INFO - new node validate loss: 0.3547
2025-09-29 17:11:22,308 - root - INFO - new node validate average_precision, 0.9341
2025-09-29 17:11:22,308 - root - INFO - new node validate roc_auc, 0.9253
2025-09-29 17:11:27,070 - root - INFO - test loss: 0.2773
2025-09-29 17:11:27,070 - root - INFO - test average_precision, 0.9637
2025-09-29 17:11:27,070 - root - INFO - best test average_precision: 0.9664
2025-09-29 17:11:27,070 - root - INFO - test roc_auc, 0.9604
2025-09-29 17:11:27,070 - root - INFO - new node test loss: 0.3148
2025-09-29 17:11:27,070 - root - INFO - new node test average_precision, 0.9506
2025-09-29 17:11:27,070 - root - INFO - new node test roc_auc, 0.9445
2025-09-29 17:11:45,492 - root - INFO - Epoch: 73, learning rate: 0.0001, train loss: 0.1902
2025-09-29 17:11:45,493 - root - INFO - train average_precision, 0.9740
2025-09-29 17:11:45,493 - root - INFO - train roc_auc, 0.9746
2025-09-29 17:11:45,493 - root - INFO - validate loss: 0.2643
2025-09-29 17:11:45,493 - root - INFO - validate average_precision, 0.9678
2025-09-29 17:11:45,493 - root - INFO - validate roc_auc, 0.9634
2025-09-29 17:11:45,493 - root - INFO - new node validate loss: 0.3554
2025-09-29 17:11:45,493 - root - INFO - new node validate average_precision, 0.9337
2025-09-29 17:11:45,493 - root - INFO - new node validate roc_auc, 0.9256
2025-09-29 17:11:50,263 - root - INFO - test loss: 0.2766
2025-09-29 17:11:50,264 - root - INFO - test average_precision, 0.9656
2025-09-29 17:11:50,264 - root - INFO - best test average_precision: 0.9664
2025-09-29 17:11:50,264 - root - INFO - test roc_auc, 0.9623
2025-09-29 17:11:50,264 - root - INFO - new node test loss: 0.3216
2025-09-29 17:11:50,264 - root - INFO - new node test average_precision, 0.9511
2025-09-29 17:11:50,264 - root - INFO - new node test roc_auc, 0.9445
2025-09-29 17:11:50,264 - root - INFO - save model ./saved_models/JODIE/wikipedia/JODIE_seed1/JODIE_seed1.pkl
2025-09-29 17:12:09,851 - root - INFO - Epoch: 74, learning rate: 0.0001, train loss: 0.1874
2025-09-29 17:12:09,851 - root - INFO - train average_precision, 0.9746
2025-09-29 17:12:09,851 - root - INFO - train roc_auc, 0.9754
2025-09-29 17:12:09,851 - root - INFO - validate loss: 0.2665
2025-09-29 17:12:09,851 - root - INFO - validate average_precision, 0.9673
2025-09-29 17:12:09,851 - root - INFO - validate roc_auc, 0.9632
2025-09-29 17:12:09,851 - root - INFO - new node validate loss: 0.3664
2025-09-29 17:12:09,851 - root - INFO - new node validate average_precision, 0.9330
2025-09-29 17:12:09,851 - root - INFO - new node validate roc_auc, 0.9241
2025-09-29 17:12:14,629 - root - INFO - test loss: 0.2786
2025-09-29 17:12:14,629 - root - INFO - test average_precision, 0.9642
2025-09-29 17:12:14,629 - root - INFO - best test average_precision: 0.9664
2025-09-29 17:12:14,629 - root - INFO - test roc_auc, 0.9612
2025-09-29 17:12:14,629 - root - INFO - new node test loss: 0.3265
2025-09-29 17:12:14,629 - root - INFO - new node test average_precision, 0.9486
2025-09-29 17:12:14,630 - root - INFO - new node test roc_auc, 0.9433
2025-09-29 17:12:33,076 - root - INFO - Epoch: 75, learning rate: 0.0001, train loss: 0.1861
2025-09-29 17:12:33,076 - root - INFO - train average_precision, 0.9748
2025-09-29 17:12:33,076 - root - INFO - train roc_auc, 0.9756
2025-09-29 17:12:33,076 - root - INFO - validate loss: 0.2724
2025-09-29 17:12:33,076 - root - INFO - validate average_precision, 0.9673
2025-09-29 17:12:33,076 - root - INFO - validate roc_auc, 0.9634
2025-09-29 17:12:33,076 - root - INFO - new node validate loss: 0.3634
2025-09-29 17:12:33,076 - root - INFO - new node validate average_precision, 0.9334
2025-09-29 17:12:33,076 - root - INFO - new node validate roc_auc, 0.9255
2025-09-29 17:12:37,792 - root - INFO - test loss: 0.2837
2025-09-29 17:12:37,792 - root - INFO - test average_precision, 0.9642
2025-09-29 17:12:37,792 - root - INFO - best test average_precision: 0.9664
2025-09-29 17:12:37,793 - root - INFO - test roc_auc, 0.9613
2025-09-29 17:12:37,793 - root - INFO - new node test loss: 0.3302
2025-09-29 17:12:37,793 - root - INFO - new node test average_precision, 0.9479
2025-09-29 17:12:37,793 - root - INFO - new node test roc_auc, 0.9425
2025-09-29 17:12:56,284 - root - INFO - Epoch: 76, learning rate: 0.0001, train loss: 0.1853
2025-09-29 17:12:56,284 - root - INFO - train average_precision, 0.9748
2025-09-29 17:12:56,284 - root - INFO - train roc_auc, 0.9758
2025-09-29 17:12:56,284 - root - INFO - validate loss: 0.2715
2025-09-29 17:12:56,285 - root - INFO - validate average_precision, 0.9670
2025-09-29 17:12:56,285 - root - INFO - validate roc_auc, 0.9628
2025-09-29 17:12:56,285 - root - INFO - new node validate loss: 0.3622
2025-09-29 17:12:56,285 - root - INFO - new node validate average_precision, 0.9340
2025-09-29 17:12:56,285 - root - INFO - new node validate roc_auc, 0.9252
2025-09-29 17:13:01,068 - root - INFO - test loss: 0.2880
2025-09-29 17:13:01,069 - root - INFO - test average_precision, 0.9627
2025-09-29 17:13:01,069 - root - INFO - best test average_precision: 0.9664
2025-09-29 17:13:01,069 - root - INFO - test roc_auc, 0.9596
2025-09-29 17:13:01,069 - root - INFO - new node test loss: 0.3320
2025-09-29 17:13:01,069 - root - INFO - new node test average_precision, 0.9476
2025-09-29 17:13:01,069 - root - INFO - new node test roc_auc, 0.9413
2025-09-29 17:13:19,573 - root - INFO - Epoch: 77, learning rate: 0.0001, train loss: 0.1828
2025-09-29 17:13:19,573 - root - INFO - train average_precision, 0.9754
2025-09-29 17:13:19,573 - root - INFO - train roc_auc, 0.9762
2025-09-29 17:13:19,573 - root - INFO - validate loss: 0.2685
2025-09-29 17:13:19,573 - root - INFO - validate average_precision, 0.9668
2025-09-29 17:13:19,573 - root - INFO - validate roc_auc, 0.9627
2025-09-29 17:13:19,573 - root - INFO - new node validate loss: 0.3611
2025-09-29 17:13:19,573 - root - INFO - new node validate average_precision, 0.9327
2025-09-29 17:13:19,573 - root - INFO - new node validate roc_auc, 0.9238
2025-09-29 17:13:24,311 - root - INFO - test loss: 0.2811
2025-09-29 17:13:24,311 - root - INFO - test average_precision, 0.9633
2025-09-29 17:13:24,311 - root - INFO - best test average_precision: 0.9664
2025-09-29 17:13:24,311 - root - INFO - test roc_auc, 0.9604
2025-09-29 17:13:24,311 - root - INFO - new node test loss: 0.3301
2025-09-29 17:13:24,311 - root - INFO - new node test average_precision, 0.9476
2025-09-29 17:13:24,311 - root - INFO - new node test roc_auc, 0.9415
2025-09-29 17:13:42,834 - root - INFO - Epoch: 78, learning rate: 0.0001, train loss: 0.1883
2025-09-29 17:13:42,834 - root - INFO - train average_precision, 0.9746
2025-09-29 17:13:42,834 - root - INFO - train roc_auc, 0.9751
2025-09-29 17:13:42,834 - root - INFO - validate loss: 0.2716
2025-09-29 17:13:42,834 - root - INFO - validate average_precision, 0.9659
2025-09-29 17:13:42,835 - root - INFO - validate roc_auc, 0.9613
2025-09-29 17:13:42,835 - root - INFO - new node validate loss: 0.3634
2025-09-29 17:13:42,835 - root - INFO - new node validate average_precision, 0.9326
2025-09-29 17:13:42,835 - root - INFO - new node validate roc_auc, 0.9232
2025-09-29 17:13:47,610 - root - INFO - test loss: 0.2856
2025-09-29 17:13:47,610 - root - INFO - test average_precision, 0.9619
2025-09-29 17:13:47,610 - root - INFO - best test average_precision: 0.9664
2025-09-29 17:13:47,610 - root - INFO - test roc_auc, 0.9586
2025-09-29 17:13:47,610 - root - INFO - new node test loss: 0.3337
2025-09-29 17:13:47,610 - root - INFO - new node test average_precision, 0.9454
2025-09-29 17:13:47,610 - root - INFO - new node test roc_auc, 0.9387
2025-09-29 17:14:06,060 - root - INFO - Epoch: 79, learning rate: 0.0001, train loss: 0.1827
2025-09-29 17:14:06,060 - root - INFO - train average_precision, 0.9756
2025-09-29 17:14:06,060 - root - INFO - train roc_auc, 0.9763
2025-09-29 17:14:06,060 - root - INFO - validate loss: 0.2684
2025-09-29 17:14:06,060 - root - INFO - validate average_precision, 0.9659
2025-09-29 17:14:06,060 - root - INFO - validate roc_auc, 0.9619
2025-09-29 17:14:06,060 - root - INFO - new node validate loss: 0.3627
2025-09-29 17:14:06,060 - root - INFO - new node validate average_precision, 0.9328
2025-09-29 17:14:06,060 - root - INFO - new node validate roc_auc, 0.9239
2025-09-29 17:14:10,815 - root - INFO - test loss: 0.2839
2025-09-29 17:14:10,815 - root - INFO - test average_precision, 0.9620
2025-09-29 17:14:10,815 - root - INFO - best test average_precision: 0.9664
2025-09-29 17:14:10,815 - root - INFO - test roc_auc, 0.9594
2025-09-29 17:14:10,815 - root - INFO - new node test loss: 0.3271
2025-09-29 17:14:10,815 - root - INFO - new node test average_precision, 0.9467
2025-09-29 17:14:10,815 - root - INFO - new node test roc_auc, 0.9407
2025-09-29 17:14:29,401 - root - INFO - Epoch: 80, learning rate: 0.0001, train loss: 0.1863
2025-09-29 17:14:29,401 - root - INFO - train average_precision, 0.9748
2025-09-29 17:14:29,401 - root - INFO - train roc_auc, 0.9756
2025-09-29 17:14:29,401 - root - INFO - validate loss: 0.2703
2025-09-29 17:14:29,401 - root - INFO - validate average_precision, 0.9659
2025-09-29 17:14:29,401 - root - INFO - validate roc_auc, 0.9615
2025-09-29 17:14:29,401 - root - INFO - new node validate loss: 0.3615
2025-09-29 17:14:29,401 - root - INFO - new node validate average_precision, 0.9329
2025-09-29 17:14:29,402 - root - INFO - new node validate roc_auc, 0.9243
2025-09-29 17:14:34,131 - root - INFO - test loss: 0.2916
2025-09-29 17:14:34,131 - root - INFO - test average_precision, 0.9594
2025-09-29 17:14:34,131 - root - INFO - best test average_precision: 0.9664
2025-09-29 17:14:34,131 - root - INFO - test roc_auc, 0.9568
2025-09-29 17:14:34,131 - root - INFO - new node test loss: 0.3254
2025-09-29 17:14:34,131 - root - INFO - new node test average_precision, 0.9468
2025-09-29 17:14:34,131 - root - INFO - new node test roc_auc, 0.9411
2025-09-29 17:14:52,551 - root - INFO - Epoch: 81, learning rate: 0.0001, train loss: 0.1807
2025-09-29 17:14:52,552 - root - INFO - train average_precision, 0.9761
2025-09-29 17:14:52,552 - root - INFO - train roc_auc, 0.9767
2025-09-29 17:14:52,552 - root - INFO - validate loss: 0.2702
2025-09-29 17:14:52,552 - root - INFO - validate average_precision, 0.9673
2025-09-29 17:14:52,552 - root - INFO - validate roc_auc, 0.9630
2025-09-29 17:14:52,552 - root - INFO - new node validate loss: 0.3670
2025-09-29 17:14:52,552 - root - INFO - new node validate average_precision, 0.9342
2025-09-29 17:14:52,552 - root - INFO - new node validate roc_auc, 0.9256
2025-09-29 17:14:57,293 - root - INFO - test loss: 0.2814
2025-09-29 17:14:57,294 - root - INFO - test average_precision, 0.9625
2025-09-29 17:14:57,294 - root - INFO - best test average_precision: 0.9664
2025-09-29 17:14:57,294 - root - INFO - test roc_auc, 0.9603
2025-09-29 17:14:57,294 - root - INFO - new node test loss: 0.3275
2025-09-29 17:14:57,294 - root - INFO - new node test average_precision, 0.9485
2025-09-29 17:14:57,294 - root - INFO - new node test roc_auc, 0.9418
2025-09-29 17:15:15,758 - root - INFO - Epoch: 82, learning rate: 0.0001, train loss: 0.1841
2025-09-29 17:15:15,758 - root - INFO - train average_precision, 0.9751
2025-09-29 17:15:15,758 - root - INFO - train roc_auc, 0.9760
2025-09-29 17:15:15,758 - root - INFO - validate loss: 0.2708
2025-09-29 17:15:15,759 - root - INFO - validate average_precision, 0.9663
2025-09-29 17:15:15,759 - root - INFO - validate roc_auc, 0.9619
2025-09-29 17:15:15,759 - root - INFO - new node validate loss: 0.3649
2025-09-29 17:15:15,759 - root - INFO - new node validate average_precision, 0.9325
2025-09-29 17:15:15,759 - root - INFO - new node validate roc_auc, 0.9233
2025-09-29 17:15:20,546 - root - INFO - test loss: 0.2867
2025-09-29 17:15:20,546 - root - INFO - test average_precision, 0.9619
2025-09-29 17:15:20,546 - root - INFO - best test average_precision: 0.9664
2025-09-29 17:15:20,546 - root - INFO - test roc_auc, 0.9587
2025-09-29 17:15:20,547 - root - INFO - new node test loss: 0.3277
2025-09-29 17:15:20,547 - root - INFO - new node test average_precision, 0.9467
2025-09-29 17:15:20,547 - root - INFO - new node test roc_auc, 0.9407
2025-09-29 17:15:38,909 - root - INFO - Epoch: 83, learning rate: 0.0001, train loss: 0.1813
2025-09-29 17:15:38,909 - root - INFO - train average_precision, 0.9756
2025-09-29 17:15:38,909 - root - INFO - train roc_auc, 0.9765
2025-09-29 17:15:38,909 - root - INFO - validate loss: 0.2680
2025-09-29 17:15:38,909 - root - INFO - validate average_precision, 0.9669
2025-09-29 17:15:38,910 - root - INFO - validate roc_auc, 0.9627
2025-09-29 17:15:38,910 - root - INFO - new node validate loss: 0.3629
2025-09-29 17:15:38,910 - root - INFO - new node validate average_precision, 0.9332
2025-09-29 17:15:38,910 - root - INFO - new node validate roc_auc, 0.9248
2025-09-29 17:15:43,630 - root - INFO - test loss: 0.2877
2025-09-29 17:15:43,630 - root - INFO - test average_precision, 0.9622
2025-09-29 17:15:43,630 - root - INFO - best test average_precision: 0.9664
2025-09-29 17:15:43,630 - root - INFO - test roc_auc, 0.9589
2025-09-29 17:15:43,630 - root - INFO - new node test loss: 0.3267
2025-09-29 17:15:43,631 - root - INFO - new node test average_precision, 0.9478
2025-09-29 17:15:43,631 - root - INFO - new node test roc_auc, 0.9421
2025-09-29 17:16:02,121 - root - INFO - Epoch: 84, learning rate: 0.0001, train loss: 0.1806
2025-09-29 17:16:02,121 - root - INFO - train average_precision, 0.9757
2025-09-29 17:16:02,121 - root - INFO - train roc_auc, 0.9766
2025-09-29 17:16:02,121 - root - INFO - validate loss: 0.2722
2025-09-29 17:16:02,121 - root - INFO - validate average_precision, 0.9667
2025-09-29 17:16:02,121 - root - INFO - validate roc_auc, 0.9627
2025-09-29 17:16:02,121 - root - INFO - new node validate loss: 0.3674
2025-09-29 17:16:02,121 - root - INFO - new node validate average_precision, 0.9345
2025-09-29 17:16:02,121 - root - INFO - new node validate roc_auc, 0.9257
2025-09-29 17:16:06,852 - root - INFO - test loss: 0.2853
2025-09-29 17:16:06,852 - root - INFO - test average_precision, 0.9626
2025-09-29 17:16:06,852 - root - INFO - best test average_precision: 0.9664
2025-09-29 17:16:06,852 - root - INFO - test roc_auc, 0.9599
2025-09-29 17:16:06,852 - root - INFO - new node test loss: 0.3224
2025-09-29 17:16:06,852 - root - INFO - new node test average_precision, 0.9491
2025-09-29 17:16:06,852 - root - INFO - new node test roc_auc, 0.9437
2025-09-29 17:16:25,282 - root - INFO - Epoch: 85, learning rate: 0.0001, train loss: 0.1779
2025-09-29 17:16:25,282 - root - INFO - train average_precision, 0.9765
2025-09-29 17:16:25,282 - root - INFO - train roc_auc, 0.9773
2025-09-29 17:16:25,282 - root - INFO - validate loss: 0.2678
2025-09-29 17:16:25,282 - root - INFO - validate average_precision, 0.9673
2025-09-29 17:16:25,282 - root - INFO - validate roc_auc, 0.9636
2025-09-29 17:16:25,282 - root - INFO - new node validate loss: 0.3657
2025-09-29 17:16:25,282 - root - INFO - new node validate average_precision, 0.9342
2025-09-29 17:16:25,282 - root - INFO - new node validate roc_auc, 0.9256
2025-09-29 17:16:30,001 - root - INFO - test loss: 0.2777
2025-09-29 17:16:30,001 - root - INFO - test average_precision, 0.9645
2025-09-29 17:16:30,001 - root - INFO - best test average_precision: 0.9664
2025-09-29 17:16:30,001 - root - INFO - test roc_auc, 0.9615
2025-09-29 17:16:30,001 - root - INFO - new node test loss: 0.3289
2025-09-29 17:16:30,001 - root - INFO - new node test average_precision, 0.9485
2025-09-29 17:16:30,001 - root - INFO - new node test roc_auc, 0.9428
2025-09-29 17:16:48,426 - root - INFO - Epoch: 86, learning rate: 0.0001, train loss: 0.1783
2025-09-29 17:16:48,426 - root - INFO - train average_precision, 0.9763
2025-09-29 17:16:48,426 - root - INFO - train roc_auc, 0.9772
2025-09-29 17:16:48,426 - root - INFO - validate loss: 0.2720
2025-09-29 17:16:48,426 - root - INFO - validate average_precision, 0.9665
2025-09-29 17:16:48,426 - root - INFO - validate roc_auc, 0.9625
2025-09-29 17:16:48,426 - root - INFO - new node validate loss: 0.3668
2025-09-29 17:16:48,426 - root - INFO - new node validate average_precision, 0.9340
2025-09-29 17:16:48,426 - root - INFO - new node validate roc_auc, 0.9253
2025-09-29 17:16:53,141 - root - INFO - test loss: 0.2929
2025-09-29 17:16:53,141 - root - INFO - test average_precision, 0.9604
2025-09-29 17:16:53,141 - root - INFO - best test average_precision: 0.9664
2025-09-29 17:16:53,141 - root - INFO - test roc_auc, 0.9576
2025-09-29 17:16:53,141 - root - INFO - new node test loss: 0.3373
2025-09-29 17:16:53,141 - root - INFO - new node test average_precision, 0.9454
2025-09-29 17:16:53,141 - root - INFO - new node test roc_auc, 0.9402
2025-09-29 17:17:11,637 - root - INFO - Epoch: 87, learning rate: 0.0001, train loss: 0.1764
2025-09-29 17:17:11,637 - root - INFO - train average_precision, 0.9763
2025-09-29 17:17:11,637 - root - INFO - train roc_auc, 0.9774
2025-09-29 17:17:11,637 - root - INFO - validate loss: 0.2706
2025-09-29 17:17:11,637 - root - INFO - validate average_precision, 0.9673
2025-09-29 17:17:11,637 - root - INFO - validate roc_auc, 0.9634
2025-09-29 17:17:11,637 - root - INFO - new node validate loss: 0.3726
2025-09-29 17:17:11,637 - root - INFO - new node validate average_precision, 0.9335
2025-09-29 17:17:11,637 - root - INFO - new node validate roc_auc, 0.9247
2025-09-29 17:17:16,380 - root - INFO - test loss: 0.2843
2025-09-29 17:17:16,380 - root - INFO - test average_precision, 0.9631
2025-09-29 17:17:16,380 - root - INFO - best test average_precision: 0.9664
2025-09-29 17:17:16,380 - root - INFO - test roc_auc, 0.9605
2025-09-29 17:17:16,380 - root - INFO - new node test loss: 0.3371
2025-09-29 17:17:16,380 - root - INFO - new node test average_precision, 0.9465
2025-09-29 17:17:16,380 - root - INFO - new node test roc_auc, 0.9409
2025-09-29 17:17:34,831 - root - INFO - Epoch: 88, learning rate: 0.0001, train loss: 0.1757
2025-09-29 17:17:34,831 - root - INFO - train average_precision, 0.9769
2025-09-29 17:17:34,831 - root - INFO - train roc_auc, 0.9778
2025-09-29 17:17:34,831 - root - INFO - validate loss: 0.2762
2025-09-29 17:17:34,831 - root - INFO - validate average_precision, 0.9668
2025-09-29 17:17:34,831 - root - INFO - validate roc_auc, 0.9628
2025-09-29 17:17:34,831 - root - INFO - new node validate loss: 0.3744
2025-09-29 17:17:34,831 - root - INFO - new node validate average_precision, 0.9330
2025-09-29 17:17:34,831 - root - INFO - new node validate roc_auc, 0.9251
2025-09-29 17:17:39,621 - root - INFO - test loss: 0.2870
2025-09-29 17:17:39,621 - root - INFO - test average_precision, 0.9616
2025-09-29 17:17:39,621 - root - INFO - best test average_precision: 0.9664
2025-09-29 17:17:39,622 - root - INFO - test roc_auc, 0.9594
2025-09-29 17:17:39,622 - root - INFO - new node test loss: 0.3389
2025-09-29 17:17:39,622 - root - INFO - new node test average_precision, 0.9451
2025-09-29 17:17:39,622 - root - INFO - new node test roc_auc, 0.9398
2025-09-29 17:17:58,061 - root - INFO - Epoch: 89, learning rate: 0.0001, train loss: 0.1742
2025-09-29 17:17:58,061 - root - INFO - train average_precision, 0.9769
2025-09-29 17:17:58,061 - root - INFO - train roc_auc, 0.9780
2025-09-29 17:17:58,061 - root - INFO - validate loss: 0.2762
2025-09-29 17:17:58,061 - root - INFO - validate average_precision, 0.9665
2025-09-29 17:17:58,061 - root - INFO - validate roc_auc, 0.9623
2025-09-29 17:17:58,061 - root - INFO - new node validate loss: 0.3731
2025-09-29 17:17:58,061 - root - INFO - new node validate average_precision, 0.9342
2025-09-29 17:17:58,062 - root - INFO - new node validate roc_auc, 0.9253
2025-09-29 17:18:02,820 - root - INFO - test loss: 0.2886
2025-09-29 17:18:02,820 - root - INFO - test average_precision, 0.9619
2025-09-29 17:18:02,820 - root - INFO - best test average_precision: 0.9664
2025-09-29 17:18:02,821 - root - INFO - test roc_auc, 0.9593
2025-09-29 17:18:02,821 - root - INFO - new node test loss: 0.3364
2025-09-29 17:18:02,821 - root - INFO - new node test average_precision, 0.9469
2025-09-29 17:18:02,821 - root - INFO - new node test roc_auc, 0.9411
2025-09-29 17:18:21,280 - root - INFO - Epoch: 90, learning rate: 0.0001, train loss: 0.1755
2025-09-29 17:18:21,281 - root - INFO - train average_precision, 0.9768
2025-09-29 17:18:21,281 - root - INFO - train roc_auc, 0.9777
2025-09-29 17:18:21,281 - root - INFO - validate loss: 0.2737
2025-09-29 17:18:21,281 - root - INFO - validate average_precision, 0.9662
2025-09-29 17:18:21,281 - root - INFO - validate roc_auc, 0.9624
2025-09-29 17:18:21,281 - root - INFO - new node validate loss: 0.3750
2025-09-29 17:18:21,281 - root - INFO - new node validate average_precision, 0.9328
2025-09-29 17:18:21,281 - root - INFO - new node validate roc_auc, 0.9237
2025-09-29 17:18:26,022 - root - INFO - test loss: 0.2918
2025-09-29 17:18:26,022 - root - INFO - test average_precision, 0.9618
2025-09-29 17:18:26,022 - root - INFO - best test average_precision: 0.9664
2025-09-29 17:18:26,022 - root - INFO - test roc_auc, 0.9587
2025-09-29 17:18:26,022 - root - INFO - new node test loss: 0.3373
2025-09-29 17:18:26,022 - root - INFO - new node test average_precision, 0.9468
2025-09-29 17:18:26,022 - root - INFO - new node test roc_auc, 0.9404
2025-09-29 17:18:44,475 - root - INFO - Epoch: 91, learning rate: 0.0001, train loss: 0.1737
2025-09-29 17:18:44,475 - root - INFO - train average_precision, 0.9771
2025-09-29 17:18:44,475 - root - INFO - train roc_auc, 0.9782
2025-09-29 17:18:44,475 - root - INFO - validate loss: 0.2720
2025-09-29 17:18:44,475 - root - INFO - validate average_precision, 0.9667
2025-09-29 17:18:44,475 - root - INFO - validate roc_auc, 0.9623
2025-09-29 17:18:44,475 - root - INFO - new node validate loss: 0.3684
2025-09-29 17:18:44,475 - root - INFO - new node validate average_precision, 0.9350
2025-09-29 17:18:44,475 - root - INFO - new node validate roc_auc, 0.9262
2025-09-29 17:18:49,213 - root - INFO - test loss: 0.2910
2025-09-29 17:18:49,213 - root - INFO - test average_precision, 0.9618
2025-09-29 17:18:49,213 - root - INFO - best test average_precision: 0.9664
2025-09-29 17:18:49,213 - root - INFO - test roc_auc, 0.9592
2025-09-29 17:18:49,213 - root - INFO - new node test loss: 0.3379
2025-09-29 17:18:49,213 - root - INFO - new node test average_precision, 0.9468
2025-09-29 17:18:49,213 - root - INFO - new node test roc_auc, 0.9407
2025-09-29 17:19:07,716 - root - INFO - Epoch: 92, learning rate: 0.0001, train loss: 0.1741
2025-09-29 17:19:07,717 - root - INFO - train average_precision, 0.9771
2025-09-29 17:19:07,717 - root - INFO - train roc_auc, 0.9781
2025-09-29 17:19:07,717 - root - INFO - validate loss: 0.2733
2025-09-29 17:19:07,717 - root - INFO - validate average_precision, 0.9676
2025-09-29 17:19:07,717 - root - INFO - validate roc_auc, 0.9637
2025-09-29 17:19:07,717 - root - INFO - new node validate loss: 0.3724
2025-09-29 17:19:07,717 - root - INFO - new node validate average_precision, 0.9336
2025-09-29 17:19:07,717 - root - INFO - new node validate roc_auc, 0.9258
2025-09-29 17:19:12,459 - root - INFO - test loss: 0.2810
2025-09-29 17:19:12,459 - root - INFO - test average_precision, 0.9635
2025-09-29 17:19:12,459 - root - INFO - best test average_precision: 0.9664
2025-09-29 17:19:12,459 - root - INFO - test roc_auc, 0.9615
2025-09-29 17:19:12,459 - root - INFO - new node test loss: 0.3339
2025-09-29 17:19:12,459 - root - INFO - new node test average_precision, 0.9476
2025-09-29 17:19:12,459 - root - INFO - new node test roc_auc, 0.9428
2025-09-29 17:19:31,027 - root - INFO - Epoch: 93, learning rate: 0.0001, train loss: 0.1704
2025-09-29 17:19:31,027 - root - INFO - train average_precision, 0.9776
2025-09-29 17:19:31,027 - root - INFO - train roc_auc, 0.9788
2025-09-29 17:19:31,028 - root - INFO - validate loss: 0.2749
2025-09-29 17:19:31,028 - root - INFO - validate average_precision, 0.9661
2025-09-29 17:19:31,028 - root - INFO - validate roc_auc, 0.9623
2025-09-29 17:19:31,028 - root - INFO - new node validate loss: 0.3711
2025-09-29 17:19:31,028 - root - INFO - new node validate average_precision, 0.9332
2025-09-29 17:19:31,028 - root - INFO - new node validate roc_auc, 0.9258
2025-09-29 17:19:35,769 - root - INFO - test loss: 0.2938
2025-09-29 17:19:35,769 - root - INFO - test average_precision, 0.9592
2025-09-29 17:19:35,770 - root - INFO - best test average_precision: 0.9664
2025-09-29 17:19:35,770 - root - INFO - test roc_auc, 0.9577
2025-09-29 17:19:35,770 - root - INFO - new node test loss: 0.3385
2025-09-29 17:19:35,770 - root - INFO - new node test average_precision, 0.9451
2025-09-29 17:19:35,770 - root - INFO - new node test roc_auc, 0.9401
2025-09-29 17:19:35,770 - root - INFO - load model ./saved_models/JODIE/wikipedia/JODIE_seed1/JODIE_seed1.pkl
2025-09-29 17:19:37,039 - root - INFO - get final performance on dataset wikipedia...
2025-09-29 17:19:42,113 - root - INFO - test loss: 0.2766
2025-09-29 17:19:42,113 - root - INFO - test average_precision, 0.9656
2025-09-29 17:19:42,113 - root - INFO - test roc_auc, 0.9623
2025-09-29 17:19:42,113 - root - INFO - new node test loss: 0.3216
2025-09-29 17:19:42,113 - root - INFO - new node test average_precision, 0.9511
2025-09-29 17:19:42,113 - root - INFO - new node test roc_auc, 0.9445
2025-09-29 17:19:42,113 - root - INFO - Run 2 cost 2201.27 seconds.
