{
  "model_name": "Enhanced KAN-MAMMOTE",
  "final_test_accuracy": 77.31,
  "best_test_accuracy": 77.31,
  "avg_epoch_time": 53.7209898630778,
  "parameter_count": 255698,
  "training_completed": true,
  "improvement_over_baseline": 3.240000000000009,
  "improvement_over_lete": -1.6099999999999994,
  "improvement_over_original": -4.030000000000001,
  "regularization_effectiveness": {
    "tv_final": 74.06489281562854,
    "diversity_final": 0.0008921458649991164,
    "sobolev_final": 34.30235563819088,
    "temporal_final": 0
  }
}