{
  "model_name": "Enhanced KAN-MAMMOTE",
  "final_test_accuracy": 77.81,
  "best_test_accuracy": 77.81,
  "avg_epoch_time": 60.652796824773155,
  "parameter_count": 255698,
  "training_completed": true,
  "improvement_over_baseline": 3.740000000000009,
  "improvement_over_lete": -1.1099999999999994,
  "improvement_over_original": -3.530000000000001,
  "regularization_effectiveness": {
    "tv_final": 72.26172583443778,
    "diversity_final": 0.0014500304707077774,
    "sobolev_final": 33.73763220650809,
    "temporal_final": 0
  }
}