{
  "True_Baseline": {
    "train_loss": [
      2.3049562938690187,
      2.141469077173869,
      1.9559997254689534,
      1.9113032528559366,
      1.5987244977315267,
      0.8586265191396077,
      0.6722326574166616,
      0.575152717701594,
      0.5172729179779688,
      0.47232002131541573
    ],
    "train_acc": [
      11.045,
      19.53,
      26.35,
      27.94,
      41.385,
      70.64166666666667,
      77.19833333333334,
      80.44,
      82.50666666666666,
      83.86833333333334
    ],
    "test_loss": [
      2.3013664861075793,
      1.9333532066010057,
      1.9045106545804789,
      1.8217451899958115,
      1.0735125490270865,
      0.9353035595089483,
      0.5920058342452628,
      0.5084561684284918,
      0.45911285307365485,
      0.4604065724955009
    ],
    "test_acc": [
      11.35,
      26.21,
      27.07,
      29.99,
      63.28,
      66.31,
      80.14,
      82.77,
      84.46,
      84.17
    ],
    "epochs": [
      1,
      2,
      3,
      4,
      5,
      6,
      7,
      8,
      9,
      10
    ],
    "training_time": [
      54.29985594749451,
      52.8610200881958,
      53.191065073013306,
      53.37295913696289,
      53.33924603462219,
      52.90589952468872,
      53.019787073135376,
      53.129881858825684,
      53.03250598907471,
      53.164138317108154
    ]
  },
  "Learnable_Position": {
    "train_loss": [
      0.7807561798890432,
      0.3211011396676302,
      0.20515177192563813,
      0.14837717504203318,
      0.11785557259606819,
      0.09776457732561976,
      0.08354833912899097,
      0.07107522500194609,
      0.06014790962714081,
      0.05211541244778782
    ],
    "train_acc": [
      72.385,
      90.24333333333334,
      94.00166666666667,
      95.62166666666667,
      96.51,
      97.09666666666666,
      97.48666666666666,
      97.82833333333333,
      98.21166666666667,
      98.44833333333334
    ],
    "test_loss": [
      0.3952446285718546,
      0.2198955852095002,
      0.16603811811759903,
      0.14745006548499648,
      0.12211344015714638,
      0.11354150532070881,
      0.11791035063180198,
      0.09858147941526775,
      0.10805529676907408,
      0.1076322868686748
    ],
    "test_acc": [
      87.73,
      93.58,
      95.25,
      95.82,
      96.3,
      96.65,
      96.7,
      97.2,
      96.89,
      97.08
    ],
    "epochs": [
      1,
      2,
      3,
      4,
      5,
      6,
      7,
      8,
      9,
      10
    ],
    "training_time": [
      60.551002502441406,
      59.72768592834473,
      59.880600690841675,
      59.72389268875122,
      59.92403531074524,
      60.030436754226685,
      59.94577956199646,
      60.128546953201294,
      60.152260303497314,
      59.87891459465027
    ]
  },
  "SinCos_LSTM": {
    "train_loss": [
      1.3528434821287791,
      0.7527501902580261,
      0.5704087451934814,
      0.43543769987424213,
      0.3580447958469391,
      0.3086511917253335,
      0.274105184490482,
      0.24609366967032353,
      0.22318390406767527,
      0.20802929200828074
    ],
    "train_acc": [
      50.361666666666665,
      74.71166666666667,
      80.88166666666666,
      85.35166666666667,
      87.74333333333334,
      89.57833333333333,
      90.68333333333334,
      91.64333333333333,
      92.44666666666667,
      92.94833333333334
    ],
    "test_loss": [
      0.8673446658320321,
      0.6405353259307127,
      0.4575872882224691,
      0.3896446568897357,
      0.31369795451482263,
      0.29802947997237544,
      0.3273439277618076,
      0.23912236252769875,
      0.23313304812486726,
      0.21834876993596672
    ],
    "test_acc": [
      70.29,
      78.67,
      84.42,
      86.96,
      89.35,
      89.9,
      89.12,
      91.91,
      92.11,
      92.75
    ],
    "epochs": [
      1,
      2,
      3,
      4,
      5,
      6,
      7,
      8,
      9,
      10
    ],
    "training_time": [
      60.012959718704224,
      59.884395122528076,
      60.124207973480225,
      60.02755856513977,
      59.898574352264404,
      60.1568124294281,
      60.20815920829773,
      59.52735447883606,
      59.96201205253601,
      59.85383057594299
    ]
  },
  "LETE_LSTM": {
    "train_loss": [
      1.4837668362140655,
      0.8297073242902756,
      0.6299841312805812,
      0.5263096974929173,
      0.469425472621123,
      0.424623160837094,
      0.3828864441394806,
      0.35573280458847684,
      0.33182317298650743,
      0.30287355698943136
    ],
    "train_acc": [
      45.485,
      71.77666666666667,
      78.87333333333333,
      82.41166666666666,
      84.195,
      85.67,
      87.055,
      87.99833333333333,
      88.93,
      89.83
    ],
    "test_loss": [
      0.8926299154377593,
      0.780150312251938,
      0.5701827813689702,
      0.49212159721043924,
      0.4416150942968484,
      0.3906887176806649,
      0.39209959925577853,
      0.39987648726580816,
      0.3560700122201547,
      0.34499707245848144
    ],
    "test_acc": [
      69.64,
      73.58,
      81.1,
      83.57,
      85.46,
      87.08,
      86.9,
      86.85,
      88.25,
      88.66
    ],
    "epochs": [
      1,
      2,
      3,
      4,
      5,
      6,
      7,
      8,
      9,
      10
    ],
    "training_time": [
      71.11954402923584,
      69.18812537193298,
      68.19058036804199,
      68.78140997886658,
      70.26943564414978,
      70.19571805000305,
      68.2662045955658,
      69.50128626823425,
      69.15881824493408,
      69.61252737045288
    ]
  },
  "KAN_MAMMOTE_LSTM": {
    "train_loss": [
      1.437190407292048,
      0.8300257012367248,
      0.6572070997079213,
      0.5494698741277059,
      0.4831239286382993,
      0.43136296294927595,
      0.38751325440804163,
      0.3568894180794557,
      0.32716057493487993,
      0.3022256072839101
    ],
    "train_acc": [
      47.016666666666666,
      72.03333333333333,
      78.22333333333333,
      81.67166666666667,
      83.71166666666667,
      85.65,
      87.03166666666667,
      88.10833333333333,
      89.10166666666667,
      89.84
    ],
    "test_loss": [
      0.919773212160927,
      0.6572407804215297,
      0.5578758880829278,
      0.49485772745773055,
      0.4589323960720731,
      0.4552776172233466,
      0.403139680332412,
      0.3709711050346922,
      0.36036841525211216,
      0.3749107109864775
    ],
    "test_acc": [
      69.35,
      78.26,
      81.7,
      83.77,
      84.82,
      84.71,
      87.0,
      87.67,
      87.99,
      87.9
    ],
    "epochs": [
      1,
      2,
      3,
      4,
      5,
      6,
      7,
      8,
      9,
      10
    ],
    "training_time": [
      204.4017722606659,
      202.81718969345093,
      201.62656378746033,
      202.26569271087646,
      201.93087553977966,
      202.86987113952637,
      203.80326557159424,
      201.3562569618225,
      203.79414558410645,
      203.23812198638916
    ]
  }
}