{
  "'True_Baseline': TrueBaselineLSTM(\n            input_size=784,\n            hidden_dim=LSTM_HIDDEN_DIM,\n            num_classes=10,\n            dropout=DROPOUT_RATE\n        ),\n       'Learnable_Position': LearnablePositionLSTM(\n            input_size=784,\n            hidden_dim=LSTM_HIDDEN_DIM,\n            num_classes=10,\n            dropout=DROPOUT_RATE\n        ),\n        'SinCos_LSTM': SinCosLSTM(\n            input_size=784,\n            hidden_dim=LSTM_HIDDEN_DIM,\n            num_classes=10,\n            dropout=DROPOUT_RATE\n        ),'LETE_LSTM': LETE_LSTM_Fixed(\n            input_size=784,\n            hidden_dim=LSTM_HIDDEN_DIM,\n            num_classes=10,\n            dropout=DROPOUT_RATE\n        ),KAN_MAMMOTE_LSTM": {
    "train_loss": [
      0.0,
      0.0,
      0.0,
      0.0,
      0.0,
      0.0,
      0.0,
      0.0,
      0.0,
      0.0
    ],
    "train_acc": [
      0.0,
      0.0,
      0.0,
      0.0,
      0.0,
      0.0,
      0.0,
      0.0,
      0.0,
      0.0
    ],
    "test_loss": [
      2.3025848880743447,
      2.3025848880743447,
      2.3025848880743447,
      2.3025848880743447,
      2.3025848880743447,
      2.3025848880743447,
      2.3025848880743447,
      2.3025848880743447,
      2.3025848880743447,
      2.3025848880743447
    ],
    "test_acc": [
      9.8,
      9.8,
      9.8,
      9.8,
      9.8,
      9.8,
      9.8,
      9.8,
      9.8,
      9.8
    ],
    "epochs": [
      1,
      2,
      3,
      4,
      5,
      6,
      7,
      8,
      9,
      10
    ],
    "training_time": [
      27.122233867645264,
      27.02557945251465,
      27.186250925064087,
      27.101548433303833,
      26.961862325668335,
      27.213144779205322,
      27.26523518562317,
      27.107756853103638,
      26.95932149887085,
      27.12507724761963
    ]
  }
}